Task ID,Job ID,Arrival min,Arrival max,Cost min,Cost max,Deadline,Priority
0,0,0,100,28225,70564,100000,100000
0,1,100000,100100,28225,70564,200000,200000
0,2,200000,200100,28225,70564,300000,300000
0,3,300000,300100,28225,70564,400000,400000
0,4,400000,400100,28225,70564,500000,500000
0,5,500000,500100,28225,70564,600000,600000
0,6,600000,600100,28225,70564,700000,700000
0,7,700000,700100,28225,70564,800000,800000
0,8,800000,800100,28225,70564,900000,900000
0,9,900000,900100,28225,70564,1000000,1000000
0,10,1000000,1000100,28225,70564,1100000,1100000
0,11,1100000,1100100,28225,70564,1200000,1200000
0,12,1200000,1200100,28225,70564,1300000,1300000
0,13,1300000,1300100,28225,70564,1400000,1400000
0,14,1400000,1400100,28225,70564,1500000,1500000
0,15,1500000,1500100,28225,70564,1600000,1600000
0,16,1600000,1600100,28225,70564,1700000,1700000
0,17,1700000,1700100,28225,70564,1800000,1800000
0,18,1800000,1800100,28225,70564,1900000,1900000
0,19,1900000,1900100,28225,70564,2000000,2000000
0,20,2000000,2000100,28225,70564,2100000,2100000
0,21,2100000,2100100,28225,70564,2200000,2200000
0,22,2200000,2200100,28225,70564,2300000,2300000
0,23,2300000,2300100,28225,70564,2400000,2400000
0,24,2400000,2400100,28225,70564,2500000,2500000
0,25,2500000,2500100,28225,70564,2600000,2600000
0,26,2600000,2600100,28225,70564,2700000,2700000
0,27,2700000,2700100,28225,70564,2800000,2800000
0,28,2800000,2800100,28225,70564,2900000,2900000
0,29,2900000,2900100,28225,70564,3000000,3000000
0,30,3000000,3000100,28225,70564,3100000,3100000
0,31,3100000,3100100,28225,70564,3200000,3200000
0,32,3200000,3200100,28225,70564,3300000,3300000
0,33,3300000,3300100,28225,70564,3400000,3400000
0,34,3400000,3400100,28225,70564,3500000,3500000
0,35,3500000,3500100,28225,70564,3600000,3600000
0,36,3600000,3600100,28225,70564,3700000,3700000
0,37,3700000,3700100,28225,70564,3800000,3800000
0,38,3800000,3800100,28225,70564,3900000,3900000
0,39,3900000,3900100,28225,70564,4000000,4000000
0,40,4000000,4000100,28225,70564,4100000,4100000
0,41,4100000,4100100,28225,70564,4200000,4200000
0,42,4200000,4200100,28225,70564,4300000,4300000
0,43,4300000,4300100,28225,70564,4400000,4400000
0,44,4400000,4400100,28225,70564,4500000,4500000
0,45,4500000,4500100,28225,70564,4600000,4600000
0,46,4600000,4600100,28225,70564,4700000,4700000
0,47,4700000,4700100,28225,70564,4800000,4800000
0,48,4800000,4800100,28225,70564,4900000,4900000
0,49,4900000,4900100,28225,70564,5000000,5000000
0,50,5000000,5000100,28225,70564,5100000,5100000
0,51,5100000,5100100,28225,70564,5200000,5200000
0,52,5200000,5200100,28225,70564,5300000,5300000
0,53,5300000,5300100,28225,70564,5400000,5400000
0,54,5400000,5400100,28225,70564,5500000,5500000
0,55,5500000,5500100,28225,70564,5600000,5600000
0,56,5600000,5600100,28225,70564,5700000,5700000
0,57,5700000,5700100,28225,70564,5800000,5800000
0,58,5800000,5800100,28225,70564,5900000,5900000
0,59,5900000,5900100,28225,70564,6000000,6000000
0,60,6000000,6000100,28225,70564,6100000,6100000
0,61,6100000,6100100,28225,70564,6200000,6200000
0,62,6200000,6200100,28225,70564,6300000,6300000
0,63,6300000,6300100,28225,70564,6400000,6400000
0,64,6400000,6400100,28225,70564,6500000,6500000
0,65,6500000,6500100,28225,70564,6600000,6600000
0,66,6600000,6600100,28225,70564,6700000,6700000
0,67,6700000,6700100,28225,70564,6800000,6800000
0,68,6800000,6800100,28225,70564,6900000,6900000
0,69,6900000,6900100,28225,70564,7000000,7000000
0,70,7000000,7000100,28225,70564,7100000,7100000
0,71,7100000,7100100,28225,70564,7200000,7200000
0,72,7200000,7200100,28225,70564,7300000,7300000
0,73,7300000,7300100,28225,70564,7400000,7400000
0,74,7400000,7400100,28225,70564,7500000,7500000
0,75,7500000,7500100,28225,70564,7600000,7600000
0,76,7600000,7600100,28225,70564,7700000,7700000
0,77,7700000,7700100,28225,70564,7800000,7800000
0,78,7800000,7800100,28225,70564,7900000,7900000
0,79,7900000,7900100,28225,70564,8000000,8000000
0,80,8000000,8000100,28225,70564,8100000,8100000
0,81,8100000,8100100,28225,70564,8200000,8200000
0,82,8200000,8200100,28225,70564,8300000,8300000
0,83,8300000,8300100,28225,70564,8400000,8400000
0,84,8400000,8400100,28225,70564,8500000,8500000
0,85,8500000,8500100,28225,70564,8600000,8600000
0,86,8600000,8600100,28225,70564,8700000,8700000
0,87,8700000,8700100,28225,70564,8800000,8800000
0,88,8800000,8800100,28225,70564,8900000,8900000
0,89,8900000,8900100,28225,70564,9000000,9000000
0,90,9000000,9000100,28225,70564,9100000,9100000
0,91,9100000,9100100,28225,70564,9200000,9200000
0,92,9200000,9200100,28225,70564,9300000,9300000
0,93,9300000,9300100,28225,70564,9400000,9400000
0,94,9400000,9400100,28225,70564,9500000,9500000
0,95,9500000,9500100,28225,70564,9600000,9600000
0,96,9600000,9600100,28225,70564,9700000,9700000
0,97,9700000,9700100,28225,70564,9800000,9800000
0,98,9800000,9800100,28225,70564,9900000,9900000
0,99,9900000,9900100,28225,70564,10000000,10000000
0,100,10000000,10000100,28225,70564,10100000,10100000
0,101,10100000,10100100,28225,70564,10200000,10200000
0,102,10200000,10200100,28225,70564,10300000,10300000
0,103,10300000,10300100,28225,70564,10400000,10400000
0,104,10400000,10400100,28225,70564,10500000,10500000
0,105,10500000,10500100,28225,70564,10600000,10600000
0,106,10600000,10600100,28225,70564,10700000,10700000
0,107,10700000,10700100,28225,70564,10800000,10800000
0,108,10800000,10800100,28225,70564,10900000,10900000
0,109,10900000,10900100,28225,70564,11000000,11000000
0,110,11000000,11000100,28225,70564,11100000,11100000
0,111,11100000,11100100,28225,70564,11200000,11200000
0,112,11200000,11200100,28225,70564,11300000,11300000
0,113,11300000,11300100,28225,70564,11400000,11400000
0,114,11400000,11400100,28225,70564,11500000,11500000
0,115,11500000,11500100,28225,70564,11600000,11600000
0,116,11600000,11600100,28225,70564,11700000,11700000
0,117,11700000,11700100,28225,70564,11800000,11800000
0,118,11800000,11800100,28225,70564,11900000,11900000
0,119,11900000,11900100,28225,70564,12000000,12000000
0,120,12000000,12000100,28225,70564,12100000,12100000
0,121,12100000,12100100,28225,70564,12200000,12200000
0,122,12200000,12200100,28225,70564,12300000,12300000
0,123,12300000,12300100,28225,70564,12400000,12400000
0,124,12400000,12400100,28225,70564,12500000,12500000
0,125,12500000,12500100,28225,70564,12600000,12600000
0,126,12600000,12600100,28225,70564,12700000,12700000
0,127,12700000,12700100,28225,70564,12800000,12800000
0,128,12800000,12800100,28225,70564,12900000,12900000
0,129,12900000,12900100,28225,70564,13000000,13000000
0,130,13000000,13000100,28225,70564,13100000,13100000
0,131,13100000,13100100,28225,70564,13200000,13200000
0,132,13200000,13200100,28225,70564,13300000,13300000
0,133,13300000,13300100,28225,70564,13400000,13400000
0,134,13400000,13400100,28225,70564,13500000,13500000
0,135,13500000,13500100,28225,70564,13600000,13600000
0,136,13600000,13600100,28225,70564,13700000,13700000
0,137,13700000,13700100,28225,70564,13800000,13800000
0,138,13800000,13800100,28225,70564,13900000,13900000
0,139,13900000,13900100,28225,70564,14000000,14000000
0,140,14000000,14000100,28225,70564,14100000,14100000
0,141,14100000,14100100,28225,70564,14200000,14200000
0,142,14200000,14200100,28225,70564,14300000,14300000
0,143,14300000,14300100,28225,70564,14400000,14400000
0,144,14400000,14400100,28225,70564,14500000,14500000
0,145,14500000,14500100,28225,70564,14600000,14600000
0,146,14600000,14600100,28225,70564,14700000,14700000
0,147,14700000,14700100,28225,70564,14800000,14800000
0,148,14800000,14800100,28225,70564,14900000,14900000
0,149,14900000,14900100,28225,70564,15000000,15000000
0,150,15000000,15000100,28225,70564,15100000,15100000
0,151,15100000,15100100,28225,70564,15200000,15200000
0,152,15200000,15200100,28225,70564,15300000,15300000
0,153,15300000,15300100,28225,70564,15400000,15400000
0,154,15400000,15400100,28225,70564,15500000,15500000
0,155,15500000,15500100,28225,70564,15600000,15600000
0,156,15600000,15600100,28225,70564,15700000,15700000
0,157,15700000,15700100,28225,70564,15800000,15800000
0,158,15800000,15800100,28225,70564,15900000,15900000
0,159,15900000,15900100,28225,70564,16000000,16000000
0,160,16000000,16000100,28225,70564,16100000,16100000
0,161,16100000,16100100,28225,70564,16200000,16200000
0,162,16200000,16200100,28225,70564,16300000,16300000
0,163,16300000,16300100,28225,70564,16400000,16400000
0,164,16400000,16400100,28225,70564,16500000,16500000
0,165,16500000,16500100,28225,70564,16600000,16600000
0,166,16600000,16600100,28225,70564,16700000,16700000
0,167,16700000,16700100,28225,70564,16800000,16800000
0,168,16800000,16800100,28225,70564,16900000,16900000
0,169,16900000,16900100,28225,70564,17000000,17000000
0,170,17000000,17000100,28225,70564,17100000,17100000
0,171,17100000,17100100,28225,70564,17200000,17200000
0,172,17200000,17200100,28225,70564,17300000,17300000
0,173,17300000,17300100,28225,70564,17400000,17400000
0,174,17400000,17400100,28225,70564,17500000,17500000
0,175,17500000,17500100,28225,70564,17600000,17600000
0,176,17600000,17600100,28225,70564,17700000,17700000
0,177,17700000,17700100,28225,70564,17800000,17800000
0,178,17800000,17800100,28225,70564,17900000,17900000
0,179,17900000,17900100,28225,70564,18000000,18000000
0,180,18000000,18000100,28225,70564,18100000,18100000
0,181,18100000,18100100,28225,70564,18200000,18200000
0,182,18200000,18200100,28225,70564,18300000,18300000
0,183,18300000,18300100,28225,70564,18400000,18400000
0,184,18400000,18400100,28225,70564,18500000,18500000
0,185,18500000,18500100,28225,70564,18600000,18600000
0,186,18600000,18600100,28225,70564,18700000,18700000
0,187,18700000,18700100,28225,70564,18800000,18800000
0,188,18800000,18800100,28225,70564,18900000,18900000
0,189,18900000,18900100,28225,70564,19000000,19000000
0,190,19000000,19000100,28225,70564,19100000,19100000
0,191,19100000,19100100,28225,70564,19200000,19200000
0,192,19200000,19200100,28225,70564,19300000,19300000
0,193,19300000,19300100,28225,70564,19400000,19400000
0,194,19400000,19400100,28225,70564,19500000,19500000
0,195,19500000,19500100,28225,70564,19600000,19600000
0,196,19600000,19600100,28225,70564,19700000,19700000
0,197,19700000,19700100,28225,70564,19800000,19800000
0,198,19800000,19800100,28225,70564,19900000,19900000
0,199,19900000,19900100,28225,70564,20000000,20000000
0,200,20000000,20000100,28225,70564,20100000,20100000
0,201,20100000,20100100,28225,70564,20200000,20200000
0,202,20200000,20200100,28225,70564,20300000,20300000
0,203,20300000,20300100,28225,70564,20400000,20400000
0,204,20400000,20400100,28225,70564,20500000,20500000
0,205,20500000,20500100,28225,70564,20600000,20600000
0,206,20600000,20600100,28225,70564,20700000,20700000
0,207,20700000,20700100,28225,70564,20800000,20800000
0,208,20800000,20800100,28225,70564,20900000,20900000
0,209,20900000,20900100,28225,70564,21000000,21000000
0,210,21000000,21000100,28225,70564,21100000,21100000
0,211,21100000,21100100,28225,70564,21200000,21200000
0,212,21200000,21200100,28225,70564,21300000,21300000
0,213,21300000,21300100,28225,70564,21400000,21400000
0,214,21400000,21400100,28225,70564,21500000,21500000
0,215,21500000,21500100,28225,70564,21600000,21600000
0,216,21600000,21600100,28225,70564,21700000,21700000
0,217,21700000,21700100,28225,70564,21800000,21800000
0,218,21800000,21800100,28225,70564,21900000,21900000
0,219,21900000,21900100,28225,70564,22000000,22000000
0,220,22000000,22000100,28225,70564,22100000,22100000
0,221,22100000,22100100,28225,70564,22200000,22200000
0,222,22200000,22200100,28225,70564,22300000,22300000
0,223,22300000,22300100,28225,70564,22400000,22400000
0,224,22400000,22400100,28225,70564,22500000,22500000
0,225,22500000,22500100,28225,70564,22600000,22600000
0,226,22600000,22600100,28225,70564,22700000,22700000
0,227,22700000,22700100,28225,70564,22800000,22800000
0,228,22800000,22800100,28225,70564,22900000,22900000
0,229,22900000,22900100,28225,70564,23000000,23000000
0,230,23000000,23000100,28225,70564,23100000,23100000
0,231,23100000,23100100,28225,70564,23200000,23200000
0,232,23200000,23200100,28225,70564,23300000,23300000
0,233,23300000,23300100,28225,70564,23400000,23400000
0,234,23400000,23400100,28225,70564,23500000,23500000
0,235,23500000,23500100,28225,70564,23600000,23600000
0,236,23600000,23600100,28225,70564,23700000,23700000
0,237,23700000,23700100,28225,70564,23800000,23800000
0,238,23800000,23800100,28225,70564,23900000,23900000
0,239,23900000,23900100,28225,70564,24000000,24000000
0,240,24000000,24000100,28225,70564,24100000,24100000
0,241,24100000,24100100,28225,70564,24200000,24200000
0,242,24200000,24200100,28225,70564,24300000,24300000
0,243,24300000,24300100,28225,70564,24400000,24400000
0,244,24400000,24400100,28225,70564,24500000,24500000
0,245,24500000,24500100,28225,70564,24600000,24600000
0,246,24600000,24600100,28225,70564,24700000,24700000
0,247,24700000,24700100,28225,70564,24800000,24800000
0,248,24800000,24800100,28225,70564,24900000,24900000
0,249,24900000,24900100,28225,70564,25000000,25000000
0,250,25000000,25000100,28225,70564,25100000,25100000
0,251,25100000,25100100,28225,70564,25200000,25200000
0,252,25200000,25200100,28225,70564,25300000,25300000
0,253,25300000,25300100,28225,70564,25400000,25400000
0,254,25400000,25400100,28225,70564,25500000,25500000
0,255,25500000,25500100,28225,70564,25600000,25600000
0,256,25600000,25600100,28225,70564,25700000,25700000
0,257,25700000,25700100,28225,70564,25800000,25800000
0,258,25800000,25800100,28225,70564,25900000,25900000
0,259,25900000,25900100,28225,70564,26000000,26000000
0,260,26000000,26000100,28225,70564,26100000,26100000
0,261,26100000,26100100,28225,70564,26200000,26200000
0,262,26200000,26200100,28225,70564,26300000,26300000
0,263,26300000,26300100,28225,70564,26400000,26400000
0,264,26400000,26400100,28225,70564,26500000,26500000
0,265,26500000,26500100,28225,70564,26600000,26600000
0,266,26600000,26600100,28225,70564,26700000,26700000
0,267,26700000,26700100,28225,70564,26800000,26800000
0,268,26800000,26800100,28225,70564,26900000,26900000
0,269,26900000,26900100,28225,70564,27000000,27000000
0,270,27000000,27000100,28225,70564,27100000,27100000
0,271,27100000,27100100,28225,70564,27200000,27200000
0,272,27200000,27200100,28225,70564,27300000,27300000
0,273,27300000,27300100,28225,70564,27400000,27400000
0,274,27400000,27400100,28225,70564,27500000,27500000
0,275,27500000,27500100,28225,70564,27600000,27600000
0,276,27600000,27600100,28225,70564,27700000,27700000
0,277,27700000,27700100,28225,70564,27800000,27800000
0,278,27800000,27800100,28225,70564,27900000,27900000
0,279,27900000,27900100,28225,70564,28000000,28000000
0,280,28000000,28000100,28225,70564,28100000,28100000
0,281,28100000,28100100,28225,70564,28200000,28200000
0,282,28200000,28200100,28225,70564,28300000,28300000
0,283,28300000,28300100,28225,70564,28400000,28400000
0,284,28400000,28400100,28225,70564,28500000,28500000
0,285,28500000,28500100,28225,70564,28600000,28600000
0,286,28600000,28600100,28225,70564,28700000,28700000
0,287,28700000,28700100,28225,70564,28800000,28800000
0,288,28800000,28800100,28225,70564,28900000,28900000
0,289,28900000,28900100,28225,70564,29000000,29000000
0,290,29000000,29000100,28225,70564,29100000,29100000
0,291,29100000,29100100,28225,70564,29200000,29200000
0,292,29200000,29200100,28225,70564,29300000,29300000
0,293,29300000,29300100,28225,70564,29400000,29400000
0,294,29400000,29400100,28225,70564,29500000,29500000
0,295,29500000,29500100,28225,70564,29600000,29600000
0,296,29600000,29600100,28225,70564,29700000,29700000
0,297,29700000,29700100,28225,70564,29800000,29800000
0,298,29800000,29800100,28225,70564,29900000,29900000
0,299,29900000,29900100,28225,70564,30000000,30000000
0,300,30000000,30000100,28225,70564,30100000,30100000
0,301,30100000,30100100,28225,70564,30200000,30200000
0,302,30200000,30200100,28225,70564,30300000,30300000
0,303,30300000,30300100,28225,70564,30400000,30400000
0,304,30400000,30400100,28225,70564,30500000,30500000
0,305,30500000,30500100,28225,70564,30600000,30600000
0,306,30600000,30600100,28225,70564,30700000,30700000
0,307,30700000,30700100,28225,70564,30800000,30800000
0,308,30800000,30800100,28225,70564,30900000,30900000
0,309,30900000,30900100,28225,70564,31000000,31000000
0,310,31000000,31000100,28225,70564,31100000,31100000
0,311,31100000,31100100,28225,70564,31200000,31200000
0,312,31200000,31200100,28225,70564,31300000,31300000
0,313,31300000,31300100,28225,70564,31400000,31400000
0,314,31400000,31400100,28225,70564,31500000,31500000
0,315,31500000,31500100,28225,70564,31600000,31600000
0,316,31600000,31600100,28225,70564,31700000,31700000
0,317,31700000,31700100,28225,70564,31800000,31800000
0,318,31800000,31800100,28225,70564,31900000,31900000
0,319,31900000,31900100,28225,70564,32000000,32000000
0,320,32000000,32000100,28225,70564,32100000,32100000
0,321,32100000,32100100,28225,70564,32200000,32200000
0,322,32200000,32200100,28225,70564,32300000,32300000
0,323,32300000,32300100,28225,70564,32400000,32400000
0,324,32400000,32400100,28225,70564,32500000,32500000
0,325,32500000,32500100,28225,70564,32600000,32600000
0,326,32600000,32600100,28225,70564,32700000,32700000
0,327,32700000,32700100,28225,70564,32800000,32800000
0,328,32800000,32800100,28225,70564,32900000,32900000
0,329,32900000,32900100,28225,70564,33000000,33000000
0,330,33000000,33000100,28225,70564,33100000,33100000
0,331,33100000,33100100,28225,70564,33200000,33200000
0,332,33200000,33200100,28225,70564,33300000,33300000
0,333,33300000,33300100,28225,70564,33400000,33400000
0,334,33400000,33400100,28225,70564,33500000,33500000
0,335,33500000,33500100,28225,70564,33600000,33600000
0,336,33600000,33600100,28225,70564,33700000,33700000
0,337,33700000,33700100,28225,70564,33800000,33800000
0,338,33800000,33800100,28225,70564,33900000,33900000
0,339,33900000,33900100,28225,70564,34000000,34000000
0,340,34000000,34000100,28225,70564,34100000,34100000
0,341,34100000,34100100,28225,70564,34200000,34200000
0,342,34200000,34200100,28225,70564,34300000,34300000
0,343,34300000,34300100,28225,70564,34400000,34400000
0,344,34400000,34400100,28225,70564,34500000,34500000
0,345,34500000,34500100,28225,70564,34600000,34600000
0,346,34600000,34600100,28225,70564,34700000,34700000
0,347,34700000,34700100,28225,70564,34800000,34800000
0,348,34800000,34800100,28225,70564,34900000,34900000
0,349,34900000,34900100,28225,70564,35000000,35000000
0,350,35000000,35000100,28225,70564,35100000,35100000
0,351,35100000,35100100,28225,70564,35200000,35200000
0,352,35200000,35200100,28225,70564,35300000,35300000
0,353,35300000,35300100,28225,70564,35400000,35400000
0,354,35400000,35400100,28225,70564,35500000,35500000
0,355,35500000,35500100,28225,70564,35600000,35600000
0,356,35600000,35600100,28225,70564,35700000,35700000
0,357,35700000,35700100,28225,70564,35800000,35800000
0,358,35800000,35800100,28225,70564,35900000,35900000
0,359,35900000,35900100,28225,70564,36000000,36000000
0,360,36000000,36000100,28225,70564,36100000,36100000
0,361,36100000,36100100,28225,70564,36200000,36200000
0,362,36200000,36200100,28225,70564,36300000,36300000
0,363,36300000,36300100,28225,70564,36400000,36400000
0,364,36400000,36400100,28225,70564,36500000,36500000
0,365,36500000,36500100,28225,70564,36600000,36600000
0,366,36600000,36600100,28225,70564,36700000,36700000
0,367,36700000,36700100,28225,70564,36800000,36800000
0,368,36800000,36800100,28225,70564,36900000,36900000
0,369,36900000,36900100,28225,70564,37000000,37000000
0,370,37000000,37000100,28225,70564,37100000,37100000
0,371,37100000,37100100,28225,70564,37200000,37200000
0,372,37200000,37200100,28225,70564,37300000,37300000
0,373,37300000,37300100,28225,70564,37400000,37400000
0,374,37400000,37400100,28225,70564,37500000,37500000
0,375,37500000,37500100,28225,70564,37600000,37600000
0,376,37600000,37600100,28225,70564,37700000,37700000
0,377,37700000,37700100,28225,70564,37800000,37800000
0,378,37800000,37800100,28225,70564,37900000,37900000
0,379,37900000,37900100,28225,70564,38000000,38000000
0,380,38000000,38000100,28225,70564,38100000,38100000
0,381,38100000,38100100,28225,70564,38200000,38200000
0,382,38200000,38200100,28225,70564,38300000,38300000
0,383,38300000,38300100,28225,70564,38400000,38400000
0,384,38400000,38400100,28225,70564,38500000,38500000
0,385,38500000,38500100,28225,70564,38600000,38600000
0,386,38600000,38600100,28225,70564,38700000,38700000
0,387,38700000,38700100,28225,70564,38800000,38800000
0,388,38800000,38800100,28225,70564,38900000,38900000
0,389,38900000,38900100,28225,70564,39000000,39000000
0,390,39000000,39000100,28225,70564,39100000,39100000
0,391,39100000,39100100,28225,70564,39200000,39200000
0,392,39200000,39200100,28225,70564,39300000,39300000
0,393,39300000,39300100,28225,70564,39400000,39400000
0,394,39400000,39400100,28225,70564,39500000,39500000
0,395,39500000,39500100,28225,70564,39600000,39600000
0,396,39600000,39600100,28225,70564,39700000,39700000
0,397,39700000,39700100,28225,70564,39800000,39800000
0,398,39800000,39800100,28225,70564,39900000,39900000
0,399,39900000,39900100,28225,70564,40000000,40000000
0,400,40000000,40000100,28225,70564,40100000,40100000
0,401,40100000,40100100,28225,70564,40200000,40200000
0,402,40200000,40200100,28225,70564,40300000,40300000
0,403,40300000,40300100,28225,70564,40400000,40400000
0,404,40400000,40400100,28225,70564,40500000,40500000
0,405,40500000,40500100,28225,70564,40600000,40600000
0,406,40600000,40600100,28225,70564,40700000,40700000
0,407,40700000,40700100,28225,70564,40800000,40800000
0,408,40800000,40800100,28225,70564,40900000,40900000
0,409,40900000,40900100,28225,70564,41000000,41000000
0,410,41000000,41000100,28225,70564,41100000,41100000
0,411,41100000,41100100,28225,70564,41200000,41200000
0,412,41200000,41200100,28225,70564,41300000,41300000
0,413,41300000,41300100,28225,70564,41400000,41400000
0,414,41400000,41400100,28225,70564,41500000,41500000
0,415,41500000,41500100,28225,70564,41600000,41600000
0,416,41600000,41600100,28225,70564,41700000,41700000
0,417,41700000,41700100,28225,70564,41800000,41800000
0,418,41800000,41800100,28225,70564,41900000,41900000
0,419,41900000,41900100,28225,70564,42000000,42000000
0,420,42000000,42000100,28225,70564,42100000,42100000
0,421,42100000,42100100,28225,70564,42200000,42200000
0,422,42200000,42200100,28225,70564,42300000,42300000
0,423,42300000,42300100,28225,70564,42400000,42400000
0,424,42400000,42400100,28225,70564,42500000,42500000
0,425,42500000,42500100,28225,70564,42600000,42600000
0,426,42600000,42600100,28225,70564,42700000,42700000
0,427,42700000,42700100,28225,70564,42800000,42800000
0,428,42800000,42800100,28225,70564,42900000,42900000
0,429,42900000,42900100,28225,70564,43000000,43000000
0,430,43000000,43000100,28225,70564,43100000,43100000
0,431,43100000,43100100,28225,70564,43200000,43200000
0,432,43200000,43200100,28225,70564,43300000,43300000
0,433,43300000,43300100,28225,70564,43400000,43400000
0,434,43400000,43400100,28225,70564,43500000,43500000
0,435,43500000,43500100,28225,70564,43600000,43600000
0,436,43600000,43600100,28225,70564,43700000,43700000
0,437,43700000,43700100,28225,70564,43800000,43800000
0,438,43800000,43800100,28225,70564,43900000,43900000
0,439,43900000,43900100,28225,70564,44000000,44000000
0,440,44000000,44000100,28225,70564,44100000,44100000
0,441,44100000,44100100,28225,70564,44200000,44200000
0,442,44200000,44200100,28225,70564,44300000,44300000
0,443,44300000,44300100,28225,70564,44400000,44400000
0,444,44400000,44400100,28225,70564,44500000,44500000
0,445,44500000,44500100,28225,70564,44600000,44600000
0,446,44600000,44600100,28225,70564,44700000,44700000
0,447,44700000,44700100,28225,70564,44800000,44800000
0,448,44800000,44800100,28225,70564,44900000,44900000
0,449,44900000,44900100,28225,70564,45000000,45000000
0,450,45000000,45000100,28225,70564,45100000,45100000
0,451,45100000,45100100,28225,70564,45200000,45200000
0,452,45200000,45200100,28225,70564,45300000,45300000
0,453,45300000,45300100,28225,70564,45400000,45400000
0,454,45400000,45400100,28225,70564,45500000,45500000
0,455,45500000,45500100,28225,70564,45600000,45600000
0,456,45600000,45600100,28225,70564,45700000,45700000
0,457,45700000,45700100,28225,70564,45800000,45800000
0,458,45800000,45800100,28225,70564,45900000,45900000
0,459,45900000,45900100,28225,70564,46000000,46000000
0,460,46000000,46000100,28225,70564,46100000,46100000
0,461,46100000,46100100,28225,70564,46200000,46200000
0,462,46200000,46200100,28225,70564,46300000,46300000
0,463,46300000,46300100,28225,70564,46400000,46400000
0,464,46400000,46400100,28225,70564,46500000,46500000
0,465,46500000,46500100,28225,70564,46600000,46600000
0,466,46600000,46600100,28225,70564,46700000,46700000
0,467,46700000,46700100,28225,70564,46800000,46800000
0,468,46800000,46800100,28225,70564,46900000,46900000
0,469,46900000,46900100,28225,70564,47000000,47000000
0,470,47000000,47000100,28225,70564,47100000,47100000
0,471,47100000,47100100,28225,70564,47200000,47200000
0,472,47200000,47200100,28225,70564,47300000,47300000
0,473,47300000,47300100,28225,70564,47400000,47400000
0,474,47400000,47400100,28225,70564,47500000,47500000
0,475,47500000,47500100,28225,70564,47600000,47600000
0,476,47600000,47600100,28225,70564,47700000,47700000
0,477,47700000,47700100,28225,70564,47800000,47800000
0,478,47800000,47800100,28225,70564,47900000,47900000
0,479,47900000,47900100,28225,70564,48000000,48000000
0,480,48000000,48000100,28225,70564,48100000,48100000
0,481,48100000,48100100,28225,70564,48200000,48200000
0,482,48200000,48200100,28225,70564,48300000,48300000
0,483,48300000,48300100,28225,70564,48400000,48400000
0,484,48400000,48400100,28225,70564,48500000,48500000
0,485,48500000,48500100,28225,70564,48600000,48600000
0,486,48600000,48600100,28225,70564,48700000,48700000
0,487,48700000,48700100,28225,70564,48800000,48800000
0,488,48800000,48800100,28225,70564,48900000,48900000
0,489,48900000,48900100,28225,70564,49000000,49000000
0,490,49000000,49000100,28225,70564,49100000,49100000
0,491,49100000,49100100,28225,70564,49200000,49200000
0,492,49200000,49200100,28225,70564,49300000,49300000
0,493,49300000,49300100,28225,70564,49400000,49400000
0,494,49400000,49400100,28225,70564,49500000,49500000
0,495,49500000,49500100,28225,70564,49600000,49600000
0,496,49600000,49600100,28225,70564,49700000,49700000
0,497,49700000,49700100,28225,70564,49800000,49800000
0,498,49800000,49800100,28225,70564,49900000,49900000
0,499,49900000,49900100,28225,70564,50000000,50000000
0,500,50000000,50000100,28225,70564,50100000,50100000
0,501,50100000,50100100,28225,70564,50200000,50200000
0,502,50200000,50200100,28225,70564,50300000,50300000
0,503,50300000,50300100,28225,70564,50400000,50400000
0,504,50400000,50400100,28225,70564,50500000,50500000
0,505,50500000,50500100,28225,70564,50600000,50600000
0,506,50600000,50600100,28225,70564,50700000,50700000
0,507,50700000,50700100,28225,70564,50800000,50800000
0,508,50800000,50800100,28225,70564,50900000,50900000
0,509,50900000,50900100,28225,70564,51000000,51000000
0,510,51000000,51000100,28225,70564,51100000,51100000
0,511,51100000,51100100,28225,70564,51200000,51200000
0,512,51200000,51200100,28225,70564,51300000,51300000
0,513,51300000,51300100,28225,70564,51400000,51400000
0,514,51400000,51400100,28225,70564,51500000,51500000
0,515,51500000,51500100,28225,70564,51600000,51600000
0,516,51600000,51600100,28225,70564,51700000,51700000
0,517,51700000,51700100,28225,70564,51800000,51800000
0,518,51800000,51800100,28225,70564,51900000,51900000
0,519,51900000,51900100,28225,70564,52000000,52000000
0,520,52000000,52000100,28225,70564,52100000,52100000
0,521,52100000,52100100,28225,70564,52200000,52200000
0,522,52200000,52200100,28225,70564,52300000,52300000
0,523,52300000,52300100,28225,70564,52400000,52400000
0,524,52400000,52400100,28225,70564,52500000,52500000
0,525,52500000,52500100,28225,70564,52600000,52600000
0,526,52600000,52600100,28225,70564,52700000,52700000
0,527,52700000,52700100,28225,70564,52800000,52800000
0,528,52800000,52800100,28225,70564,52900000,52900000
0,529,52900000,52900100,28225,70564,53000000,53000000
0,530,53000000,53000100,28225,70564,53100000,53100000
0,531,53100000,53100100,28225,70564,53200000,53200000
0,532,53200000,53200100,28225,70564,53300000,53300000
0,533,53300000,53300100,28225,70564,53400000,53400000
0,534,53400000,53400100,28225,70564,53500000,53500000
0,535,53500000,53500100,28225,70564,53600000,53600000
0,536,53600000,53600100,28225,70564,53700000,53700000
0,537,53700000,53700100,28225,70564,53800000,53800000
0,538,53800000,53800100,28225,70564,53900000,53900000
0,539,53900000,53900100,28225,70564,54000000,54000000
0,540,54000000,54000100,28225,70564,54100000,54100000
0,541,54100000,54100100,28225,70564,54200000,54200000
0,542,54200000,54200100,28225,70564,54300000,54300000
0,543,54300000,54300100,28225,70564,54400000,54400000
0,544,54400000,54400100,28225,70564,54500000,54500000
0,545,54500000,54500100,28225,70564,54600000,54600000
0,546,54600000,54600100,28225,70564,54700000,54700000
0,547,54700000,54700100,28225,70564,54800000,54800000
0,548,54800000,54800100,28225,70564,54900000,54900000
0,549,54900000,54900100,28225,70564,55000000,55000000
0,550,55000000,55000100,28225,70564,55100000,55100000
0,551,55100000,55100100,28225,70564,55200000,55200000
0,552,55200000,55200100,28225,70564,55300000,55300000
0,553,55300000,55300100,28225,70564,55400000,55400000
0,554,55400000,55400100,28225,70564,55500000,55500000
0,555,55500000,55500100,28225,70564,55600000,55600000
0,556,55600000,55600100,28225,70564,55700000,55700000
0,557,55700000,55700100,28225,70564,55800000,55800000
0,558,55800000,55800100,28225,70564,55900000,55900000
0,559,55900000,55900100,28225,70564,56000000,56000000
0,560,56000000,56000100,28225,70564,56100000,56100000
0,561,56100000,56100100,28225,70564,56200000,56200000
0,562,56200000,56200100,28225,70564,56300000,56300000
0,563,56300000,56300100,28225,70564,56400000,56400000
0,564,56400000,56400100,28225,70564,56500000,56500000
0,565,56500000,56500100,28225,70564,56600000,56600000
0,566,56600000,56600100,28225,70564,56700000,56700000
0,567,56700000,56700100,28225,70564,56800000,56800000
0,568,56800000,56800100,28225,70564,56900000,56900000
0,569,56900000,56900100,28225,70564,57000000,57000000
0,570,57000000,57000100,28225,70564,57100000,57100000
0,571,57100000,57100100,28225,70564,57200000,57200000
0,572,57200000,57200100,28225,70564,57300000,57300000
0,573,57300000,57300100,28225,70564,57400000,57400000
0,574,57400000,57400100,28225,70564,57500000,57500000
0,575,57500000,57500100,28225,70564,57600000,57600000
0,576,57600000,57600100,28225,70564,57700000,57700000
0,577,57700000,57700100,28225,70564,57800000,57800000
0,578,57800000,57800100,28225,70564,57900000,57900000
0,579,57900000,57900100,28225,70564,58000000,58000000
0,580,58000000,58000100,28225,70564,58100000,58100000
0,581,58100000,58100100,28225,70564,58200000,58200000
0,582,58200000,58200100,28225,70564,58300000,58300000
0,583,58300000,58300100,28225,70564,58400000,58400000
0,584,58400000,58400100,28225,70564,58500000,58500000
0,585,58500000,58500100,28225,70564,58600000,58600000
0,586,58600000,58600100,28225,70564,58700000,58700000
0,587,58700000,58700100,28225,70564,58800000,58800000
0,588,58800000,58800100,28225,70564,58900000,58900000
0,589,58900000,58900100,28225,70564,59000000,59000000
0,590,59000000,59000100,28225,70564,59100000,59100000
0,591,59100000,59100100,28225,70564,59200000,59200000
0,592,59200000,59200100,28225,70564,59300000,59300000
0,593,59300000,59300100,28225,70564,59400000,59400000
0,594,59400000,59400100,28225,70564,59500000,59500000
0,595,59500000,59500100,28225,70564,59600000,59600000
0,596,59600000,59600100,28225,70564,59700000,59700000
0,597,59700000,59700100,28225,70564,59800000,59800000
0,598,59800000,59800100,28225,70564,59900000,59900000
0,599,59900000,59900100,28225,70564,60000000,60000000
0,600,60000000,60000100,28225,70564,60100000,60100000
0,601,60100000,60100100,28225,70564,60200000,60200000
0,602,60200000,60200100,28225,70564,60300000,60300000
0,603,60300000,60300100,28225,70564,60400000,60400000
0,604,60400000,60400100,28225,70564,60500000,60500000
0,605,60500000,60500100,28225,70564,60600000,60600000
0,606,60600000,60600100,28225,70564,60700000,60700000
0,607,60700000,60700100,28225,70564,60800000,60800000
0,608,60800000,60800100,28225,70564,60900000,60900000
0,609,60900000,60900100,28225,70564,61000000,61000000
0,610,61000000,61000100,28225,70564,61100000,61100000
0,611,61100000,61100100,28225,70564,61200000,61200000
0,612,61200000,61200100,28225,70564,61300000,61300000
0,613,61300000,61300100,28225,70564,61400000,61400000
0,614,61400000,61400100,28225,70564,61500000,61500000
0,615,61500000,61500100,28225,70564,61600000,61600000
0,616,61600000,61600100,28225,70564,61700000,61700000
0,617,61700000,61700100,28225,70564,61800000,61800000
0,618,61800000,61800100,28225,70564,61900000,61900000
0,619,61900000,61900100,28225,70564,62000000,62000000
0,620,62000000,62000100,28225,70564,62100000,62100000
0,621,62100000,62100100,28225,70564,62200000,62200000
0,622,62200000,62200100,28225,70564,62300000,62300000
0,623,62300000,62300100,28225,70564,62400000,62400000
0,624,62400000,62400100,28225,70564,62500000,62500000
0,625,62500000,62500100,28225,70564,62600000,62600000
0,626,62600000,62600100,28225,70564,62700000,62700000
0,627,62700000,62700100,28225,70564,62800000,62800000
0,628,62800000,62800100,28225,70564,62900000,62900000
0,629,62900000,62900100,28225,70564,63000000,63000000
0,630,63000000,63000100,28225,70564,63100000,63100000
0,631,63100000,63100100,28225,70564,63200000,63200000
0,632,63200000,63200100,28225,70564,63300000,63300000
0,633,63300000,63300100,28225,70564,63400000,63400000
0,634,63400000,63400100,28225,70564,63500000,63500000
0,635,63500000,63500100,28225,70564,63600000,63600000
0,636,63600000,63600100,28225,70564,63700000,63700000
0,637,63700000,63700100,28225,70564,63800000,63800000
0,638,63800000,63800100,28225,70564,63900000,63900000
0,639,63900000,63900100,28225,70564,64000000,64000000
0,640,64000000,64000100,28225,70564,64100000,64100000
0,641,64100000,64100100,28225,70564,64200000,64200000
0,642,64200000,64200100,28225,70564,64300000,64300000
0,643,64300000,64300100,28225,70564,64400000,64400000
0,644,64400000,64400100,28225,70564,64500000,64500000
0,645,64500000,64500100,28225,70564,64600000,64600000
0,646,64600000,64600100,28225,70564,64700000,64700000
0,647,64700000,64700100,28225,70564,64800000,64800000
0,648,64800000,64800100,28225,70564,64900000,64900000
0,649,64900000,64900100,28225,70564,65000000,65000000
0,650,65000000,65000100,28225,70564,65100000,65100000
0,651,65100000,65100100,28225,70564,65200000,65200000
0,652,65200000,65200100,28225,70564,65300000,65300000
0,653,65300000,65300100,28225,70564,65400000,65400000
0,654,65400000,65400100,28225,70564,65500000,65500000
0,655,65500000,65500100,28225,70564,65600000,65600000
0,656,65600000,65600100,28225,70564,65700000,65700000
0,657,65700000,65700100,28225,70564,65800000,65800000
0,658,65800000,65800100,28225,70564,65900000,65900000
0,659,65900000,65900100,28225,70564,66000000,66000000
0,660,66000000,66000100,28225,70564,66100000,66100000
0,661,66100000,66100100,28225,70564,66200000,66200000
0,662,66200000,66200100,28225,70564,66300000,66300000
0,663,66300000,66300100,28225,70564,66400000,66400000
0,664,66400000,66400100,28225,70564,66500000,66500000
0,665,66500000,66500100,28225,70564,66600000,66600000
0,666,66600000,66600100,28225,70564,66700000,66700000
0,667,66700000,66700100,28225,70564,66800000,66800000
0,668,66800000,66800100,28225,70564,66900000,66900000
0,669,66900000,66900100,28225,70564,67000000,67000000
0,670,67000000,67000100,28225,70564,67100000,67100000
0,671,67100000,67100100,28225,70564,67200000,67200000
0,672,67200000,67200100,28225,70564,67300000,67300000
0,673,67300000,67300100,28225,70564,67400000,67400000
0,674,67400000,67400100,28225,70564,67500000,67500000
0,675,67500000,67500100,28225,70564,67600000,67600000
0,676,67600000,67600100,28225,70564,67700000,67700000
0,677,67700000,67700100,28225,70564,67800000,67800000
0,678,67800000,67800100,28225,70564,67900000,67900000
0,679,67900000,67900100,28225,70564,68000000,68000000
0,680,68000000,68000100,28225,70564,68100000,68100000
0,681,68100000,68100100,28225,70564,68200000,68200000
0,682,68200000,68200100,28225,70564,68300000,68300000
0,683,68300000,68300100,28225,70564,68400000,68400000
0,684,68400000,68400100,28225,70564,68500000,68500000
0,685,68500000,68500100,28225,70564,68600000,68600000
0,686,68600000,68600100,28225,70564,68700000,68700000
0,687,68700000,68700100,28225,70564,68800000,68800000
0,688,68800000,68800100,28225,70564,68900000,68900000
0,689,68900000,68900100,28225,70564,69000000,69000000
0,690,69000000,69000100,28225,70564,69100000,69100000
0,691,69100000,69100100,28225,70564,69200000,69200000
0,692,69200000,69200100,28225,70564,69300000,69300000
0,693,69300000,69300100,28225,70564,69400000,69400000
0,694,69400000,69400100,28225,70564,69500000,69500000
0,695,69500000,69500100,28225,70564,69600000,69600000
0,696,69600000,69600100,28225,70564,69700000,69700000
0,697,69700000,69700100,28225,70564,69800000,69800000
0,698,69800000,69800100,28225,70564,69900000,69900000
0,699,69900000,69900100,28225,70564,70000000,70000000
0,700,70000000,70000100,28225,70564,70100000,70100000
0,701,70100000,70100100,28225,70564,70200000,70200000
0,702,70200000,70200100,28225,70564,70300000,70300000
0,703,70300000,70300100,28225,70564,70400000,70400000
0,704,70400000,70400100,28225,70564,70500000,70500000
0,705,70500000,70500100,28225,70564,70600000,70600000
0,706,70600000,70600100,28225,70564,70700000,70700000
0,707,70700000,70700100,28225,70564,70800000,70800000
0,708,70800000,70800100,28225,70564,70900000,70900000
0,709,70900000,70900100,28225,70564,71000000,71000000
0,710,71000000,71000100,28225,70564,71100000,71100000
0,711,71100000,71100100,28225,70564,71200000,71200000
0,712,71200000,71200100,28225,70564,71300000,71300000
0,713,71300000,71300100,28225,70564,71400000,71400000
0,714,71400000,71400100,28225,70564,71500000,71500000
0,715,71500000,71500100,28225,70564,71600000,71600000
0,716,71600000,71600100,28225,70564,71700000,71700000
0,717,71700000,71700100,28225,70564,71800000,71800000
0,718,71800000,71800100,28225,70564,71900000,71900000
0,719,71900000,71900100,28225,70564,72000000,72000000
0,720,72000000,72000100,28225,70564,72100000,72100000
0,721,72100000,72100100,28225,70564,72200000,72200000
0,722,72200000,72200100,28225,70564,72300000,72300000
0,723,72300000,72300100,28225,70564,72400000,72400000
0,724,72400000,72400100,28225,70564,72500000,72500000
0,725,72500000,72500100,28225,70564,72600000,72600000
0,726,72600000,72600100,28225,70564,72700000,72700000
0,727,72700000,72700100,28225,70564,72800000,72800000
0,728,72800000,72800100,28225,70564,72900000,72900000
0,729,72900000,72900100,28225,70564,73000000,73000000
0,730,73000000,73000100,28225,70564,73100000,73100000
0,731,73100000,73100100,28225,70564,73200000,73200000
0,732,73200000,73200100,28225,70564,73300000,73300000
0,733,73300000,73300100,28225,70564,73400000,73400000
0,734,73400000,73400100,28225,70564,73500000,73500000
0,735,73500000,73500100,28225,70564,73600000,73600000
0,736,73600000,73600100,28225,70564,73700000,73700000
0,737,73700000,73700100,28225,70564,73800000,73800000
0,738,73800000,73800100,28225,70564,73900000,73900000
0,739,73900000,73900100,28225,70564,74000000,74000000
0,740,74000000,74000100,28225,70564,74100000,74100000
0,741,74100000,74100100,28225,70564,74200000,74200000
0,742,74200000,74200100,28225,70564,74300000,74300000
0,743,74300000,74300100,28225,70564,74400000,74400000
0,744,74400000,74400100,28225,70564,74500000,74500000
0,745,74500000,74500100,28225,70564,74600000,74600000
0,746,74600000,74600100,28225,70564,74700000,74700000
0,747,74700000,74700100,28225,70564,74800000,74800000
0,748,74800000,74800100,28225,70564,74900000,74900000
0,749,74900000,74900100,28225,70564,75000000,75000000
0,750,75000000,75000100,28225,70564,75100000,75100000
0,751,75100000,75100100,28225,70564,75200000,75200000
0,752,75200000,75200100,28225,70564,75300000,75300000
0,753,75300000,75300100,28225,70564,75400000,75400000
0,754,75400000,75400100,28225,70564,75500000,75500000
0,755,75500000,75500100,28225,70564,75600000,75600000
0,756,75600000,75600100,28225,70564,75700000,75700000
0,757,75700000,75700100,28225,70564,75800000,75800000
0,758,75800000,75800100,28225,70564,75900000,75900000
0,759,75900000,75900100,28225,70564,76000000,76000000
0,760,76000000,76000100,28225,70564,76100000,76100000
0,761,76100000,76100100,28225,70564,76200000,76200000
0,762,76200000,76200100,28225,70564,76300000,76300000
0,763,76300000,76300100,28225,70564,76400000,76400000
0,764,76400000,76400100,28225,70564,76500000,76500000
0,765,76500000,76500100,28225,70564,76600000,76600000
0,766,76600000,76600100,28225,70564,76700000,76700000
0,767,76700000,76700100,28225,70564,76800000,76800000
0,768,76800000,76800100,28225,70564,76900000,76900000
0,769,76900000,76900100,28225,70564,77000000,77000000
0,770,77000000,77000100,28225,70564,77100000,77100000
0,771,77100000,77100100,28225,70564,77200000,77200000
0,772,77200000,77200100,28225,70564,77300000,77300000
0,773,77300000,77300100,28225,70564,77400000,77400000
0,774,77400000,77400100,28225,70564,77500000,77500000
0,775,77500000,77500100,28225,70564,77600000,77600000
0,776,77600000,77600100,28225,70564,77700000,77700000
0,777,77700000,77700100,28225,70564,77800000,77800000
0,778,77800000,77800100,28225,70564,77900000,77900000
0,779,77900000,77900100,28225,70564,78000000,78000000
0,780,78000000,78000100,28225,70564,78100000,78100000
0,781,78100000,78100100,28225,70564,78200000,78200000
0,782,78200000,78200100,28225,70564,78300000,78300000
0,783,78300000,78300100,28225,70564,78400000,78400000
0,784,78400000,78400100,28225,70564,78500000,78500000
0,785,78500000,78500100,28225,70564,78600000,78600000
0,786,78600000,78600100,28225,70564,78700000,78700000
0,787,78700000,78700100,28225,70564,78800000,78800000
0,788,78800000,78800100,28225,70564,78900000,78900000
0,789,78900000,78900100,28225,70564,79000000,79000000
0,790,79000000,79000100,28225,70564,79100000,79100000
0,791,79100000,79100100,28225,70564,79200000,79200000
0,792,79200000,79200100,28225,70564,79300000,79300000
0,793,79300000,79300100,28225,70564,79400000,79400000
0,794,79400000,79400100,28225,70564,79500000,79500000
0,795,79500000,79500100,28225,70564,79600000,79600000
0,796,79600000,79600100,28225,70564,79700000,79700000
0,797,79700000,79700100,28225,70564,79800000,79800000
0,798,79800000,79800100,28225,70564,79900000,79900000
0,799,79900000,79900100,28225,70564,80000000,80000000
0,800,80000000,80000100,28225,70564,80100000,80100000
0,801,80100000,80100100,28225,70564,80200000,80200000
0,802,80200000,80200100,28225,70564,80300000,80300000
0,803,80300000,80300100,28225,70564,80400000,80400000
0,804,80400000,80400100,28225,70564,80500000,80500000
0,805,80500000,80500100,28225,70564,80600000,80600000
0,806,80600000,80600100,28225,70564,80700000,80700000
0,807,80700000,80700100,28225,70564,80800000,80800000
0,808,80800000,80800100,28225,70564,80900000,80900000
0,809,80900000,80900100,28225,70564,81000000,81000000
0,810,81000000,81000100,28225,70564,81100000,81100000
0,811,81100000,81100100,28225,70564,81200000,81200000
0,812,81200000,81200100,28225,70564,81300000,81300000
0,813,81300000,81300100,28225,70564,81400000,81400000
0,814,81400000,81400100,28225,70564,81500000,81500000
0,815,81500000,81500100,28225,70564,81600000,81600000
0,816,81600000,81600100,28225,70564,81700000,81700000
0,817,81700000,81700100,28225,70564,81800000,81800000
0,818,81800000,81800100,28225,70564,81900000,81900000
0,819,81900000,81900100,28225,70564,82000000,82000000
0,820,82000000,82000100,28225,70564,82100000,82100000
0,821,82100000,82100100,28225,70564,82200000,82200000
0,822,82200000,82200100,28225,70564,82300000,82300000
0,823,82300000,82300100,28225,70564,82400000,82400000
0,824,82400000,82400100,28225,70564,82500000,82500000
0,825,82500000,82500100,28225,70564,82600000,82600000
0,826,82600000,82600100,28225,70564,82700000,82700000
0,827,82700000,82700100,28225,70564,82800000,82800000
0,828,82800000,82800100,28225,70564,82900000,82900000
0,829,82900000,82900100,28225,70564,83000000,83000000
0,830,83000000,83000100,28225,70564,83100000,83100000
0,831,83100000,83100100,28225,70564,83200000,83200000
0,832,83200000,83200100,28225,70564,83300000,83300000
0,833,83300000,83300100,28225,70564,83400000,83400000
0,834,83400000,83400100,28225,70564,83500000,83500000
0,835,83500000,83500100,28225,70564,83600000,83600000
0,836,83600000,83600100,28225,70564,83700000,83700000
0,837,83700000,83700100,28225,70564,83800000,83800000
0,838,83800000,83800100,28225,70564,83900000,83900000
0,839,83900000,83900100,28225,70564,84000000,84000000
0,840,84000000,84000100,28225,70564,84100000,84100000
0,841,84100000,84100100,28225,70564,84200000,84200000
0,842,84200000,84200100,28225,70564,84300000,84300000
0,843,84300000,84300100,28225,70564,84400000,84400000
0,844,84400000,84400100,28225,70564,84500000,84500000
0,845,84500000,84500100,28225,70564,84600000,84600000
0,846,84600000,84600100,28225,70564,84700000,84700000
0,847,84700000,84700100,28225,70564,84800000,84800000
0,848,84800000,84800100,28225,70564,84900000,84900000
0,849,84900000,84900100,28225,70564,85000000,85000000
0,850,85000000,85000100,28225,70564,85100000,85100000
0,851,85100000,85100100,28225,70564,85200000,85200000
0,852,85200000,85200100,28225,70564,85300000,85300000
0,853,85300000,85300100,28225,70564,85400000,85400000
0,854,85400000,85400100,28225,70564,85500000,85500000
0,855,85500000,85500100,28225,70564,85600000,85600000
0,856,85600000,85600100,28225,70564,85700000,85700000
0,857,85700000,85700100,28225,70564,85800000,85800000
0,858,85800000,85800100,28225,70564,85900000,85900000
0,859,85900000,85900100,28225,70564,86000000,86000000
0,860,86000000,86000100,28225,70564,86100000,86100000
0,861,86100000,86100100,28225,70564,86200000,86200000
0,862,86200000,86200100,28225,70564,86300000,86300000
0,863,86300000,86300100,28225,70564,86400000,86400000
0,864,86400000,86400100,28225,70564,86500000,86500000
0,865,86500000,86500100,28225,70564,86600000,86600000
0,866,86600000,86600100,28225,70564,86700000,86700000
0,867,86700000,86700100,28225,70564,86800000,86800000
0,868,86800000,86800100,28225,70564,86900000,86900000
0,869,86900000,86900100,28225,70564,87000000,87000000
0,870,87000000,87000100,28225,70564,87100000,87100000
0,871,87100000,87100100,28225,70564,87200000,87200000
0,872,87200000,87200100,28225,70564,87300000,87300000
0,873,87300000,87300100,28225,70564,87400000,87400000
0,874,87400000,87400100,28225,70564,87500000,87500000
0,875,87500000,87500100,28225,70564,87600000,87600000
0,876,87600000,87600100,28225,70564,87700000,87700000
0,877,87700000,87700100,28225,70564,87800000,87800000
0,878,87800000,87800100,28225,70564,87900000,87900000
0,879,87900000,87900100,28225,70564,88000000,88000000
0,880,88000000,88000100,28225,70564,88100000,88100000
0,881,88100000,88100100,28225,70564,88200000,88200000
0,882,88200000,88200100,28225,70564,88300000,88300000
0,883,88300000,88300100,28225,70564,88400000,88400000
0,884,88400000,88400100,28225,70564,88500000,88500000
0,885,88500000,88500100,28225,70564,88600000,88600000
0,886,88600000,88600100,28225,70564,88700000,88700000
0,887,88700000,88700100,28225,70564,88800000,88800000
0,888,88800000,88800100,28225,70564,88900000,88900000
0,889,88900000,88900100,28225,70564,89000000,89000000
0,890,89000000,89000100,28225,70564,89100000,89100000
0,891,89100000,89100100,28225,70564,89200000,89200000
0,892,89200000,89200100,28225,70564,89300000,89300000
0,893,89300000,89300100,28225,70564,89400000,89400000
0,894,89400000,89400100,28225,70564,89500000,89500000
0,895,89500000,89500100,28225,70564,89600000,89600000
0,896,89600000,89600100,28225,70564,89700000,89700000
0,897,89700000,89700100,28225,70564,89800000,89800000
0,898,89800000,89800100,28225,70564,89900000,89900000
0,899,89900000,89900100,28225,70564,90000000,90000000
0,900,90000000,90000100,28225,70564,90100000,90100000
0,901,90100000,90100100,28225,70564,90200000,90200000
0,902,90200000,90200100,28225,70564,90300000,90300000
0,903,90300000,90300100,28225,70564,90400000,90400000
0,904,90400000,90400100,28225,70564,90500000,90500000
0,905,90500000,90500100,28225,70564,90600000,90600000
0,906,90600000,90600100,28225,70564,90700000,90700000
0,907,90700000,90700100,28225,70564,90800000,90800000
0,908,90800000,90800100,28225,70564,90900000,90900000
0,909,90900000,90900100,28225,70564,91000000,91000000
0,910,91000000,91000100,28225,70564,91100000,91100000
0,911,91100000,91100100,28225,70564,91200000,91200000
0,912,91200000,91200100,28225,70564,91300000,91300000
0,913,91300000,91300100,28225,70564,91400000,91400000
0,914,91400000,91400100,28225,70564,91500000,91500000
0,915,91500000,91500100,28225,70564,91600000,91600000
0,916,91600000,91600100,28225,70564,91700000,91700000
0,917,91700000,91700100,28225,70564,91800000,91800000
0,918,91800000,91800100,28225,70564,91900000,91900000
0,919,91900000,91900100,28225,70564,92000000,92000000
0,920,92000000,92000100,28225,70564,92100000,92100000
0,921,92100000,92100100,28225,70564,92200000,92200000
0,922,92200000,92200100,28225,70564,92300000,92300000
0,923,92300000,92300100,28225,70564,92400000,92400000
0,924,92400000,92400100,28225,70564,92500000,92500000
0,925,92500000,92500100,28225,70564,92600000,92600000
0,926,92600000,92600100,28225,70564,92700000,92700000
0,927,92700000,92700100,28225,70564,92800000,92800000
0,928,92800000,92800100,28225,70564,92900000,92900000
0,929,92900000,92900100,28225,70564,93000000,93000000
0,930,93000000,93000100,28225,70564,93100000,93100000
0,931,93100000,93100100,28225,70564,93200000,93200000
0,932,93200000,93200100,28225,70564,93300000,93300000
0,933,93300000,93300100,28225,70564,93400000,93400000
0,934,93400000,93400100,28225,70564,93500000,93500000
0,935,93500000,93500100,28225,70564,93600000,93600000
0,936,93600000,93600100,28225,70564,93700000,93700000
0,937,93700000,93700100,28225,70564,93800000,93800000
0,938,93800000,93800100,28225,70564,93900000,93900000
0,939,93900000,93900100,28225,70564,94000000,94000000
0,940,94000000,94000100,28225,70564,94100000,94100000
0,941,94100000,94100100,28225,70564,94200000,94200000
0,942,94200000,94200100,28225,70564,94300000,94300000
0,943,94300000,94300100,28225,70564,94400000,94400000
0,944,94400000,94400100,28225,70564,94500000,94500000
0,945,94500000,94500100,28225,70564,94600000,94600000
0,946,94600000,94600100,28225,70564,94700000,94700000
0,947,94700000,94700100,28225,70564,94800000,94800000
0,948,94800000,94800100,28225,70564,94900000,94900000
0,949,94900000,94900100,28225,70564,95000000,95000000
0,950,95000000,95000100,28225,70564,95100000,95100000
0,951,95100000,95100100,28225,70564,95200000,95200000
0,952,95200000,95200100,28225,70564,95300000,95300000
0,953,95300000,95300100,28225,70564,95400000,95400000
0,954,95400000,95400100,28225,70564,95500000,95500000
0,955,95500000,95500100,28225,70564,95600000,95600000
0,956,95600000,95600100,28225,70564,95700000,95700000
0,957,95700000,95700100,28225,70564,95800000,95800000
0,958,95800000,95800100,28225,70564,95900000,95900000
0,959,95900000,95900100,28225,70564,96000000,96000000
0,960,96000000,96000100,28225,70564,96100000,96100000
0,961,96100000,96100100,28225,70564,96200000,96200000
0,962,96200000,96200100,28225,70564,96300000,96300000
0,963,96300000,96300100,28225,70564,96400000,96400000
0,964,96400000,96400100,28225,70564,96500000,96500000
0,965,96500000,96500100,28225,70564,96600000,96600000
0,966,96600000,96600100,28225,70564,96700000,96700000
0,967,96700000,96700100,28225,70564,96800000,96800000
0,968,96800000,96800100,28225,70564,96900000,96900000
0,969,96900000,96900100,28225,70564,97000000,97000000
0,970,97000000,97000100,28225,70564,97100000,97100000
0,971,97100000,97100100,28225,70564,97200000,97200000
0,972,97200000,97200100,28225,70564,97300000,97300000
0,973,97300000,97300100,28225,70564,97400000,97400000
0,974,97400000,97400100,28225,70564,97500000,97500000
0,975,97500000,97500100,28225,70564,97600000,97600000
0,976,97600000,97600100,28225,70564,97700000,97700000
0,977,97700000,97700100,28225,70564,97800000,97800000
0,978,97800000,97800100,28225,70564,97900000,97900000
0,979,97900000,97900100,28225,70564,98000000,98000000
0,980,98000000,98000100,28225,70564,98100000,98100000
0,981,98100000,98100100,28225,70564,98200000,98200000
0,982,98200000,98200100,28225,70564,98300000,98300000
0,983,98300000,98300100,28225,70564,98400000,98400000
0,984,98400000,98400100,28225,70564,98500000,98500000
0,985,98500000,98500100,28225,70564,98600000,98600000
0,986,98600000,98600100,28225,70564,98700000,98700000
0,987,98700000,98700100,28225,70564,98800000,98800000
0,988,98800000,98800100,28225,70564,98900000,98900000
0,989,98900000,98900100,28225,70564,99000000,99000000
0,990,99000000,99000100,28225,70564,99100000,99100000
0,991,99100000,99100100,28225,70564,99200000,99200000
0,992,99200000,99200100,28225,70564,99300000,99300000
0,993,99300000,99300100,28225,70564,99400000,99400000
0,994,99400000,99400100,28225,70564,99500000,99500000
0,995,99500000,99500100,28225,70564,99600000,99600000
0,996,99600000,99600100,28225,70564,99700000,99700000
0,997,99700000,99700100,28225,70564,99800000,99800000
0,998,99800000,99800100,28225,70564,99900000,99900000
0,999,99900000,99900100,28225,70564,100000000,100000000
0,1000,100000000,100000100,28225,70564,100100000,100100000
0,1001,100100000,100100100,28225,70564,100200000,100200000
0,1002,100200000,100200100,28225,70564,100300000,100300000
0,1003,100300000,100300100,28225,70564,100400000,100400000
0,1004,100400000,100400100,28225,70564,100500000,100500000
0,1005,100500000,100500100,28225,70564,100600000,100600000
0,1006,100600000,100600100,28225,70564,100700000,100700000
0,1007,100700000,100700100,28225,70564,100800000,100800000
0,1008,100800000,100800100,28225,70564,100900000,100900000
0,1009,100900000,100900100,28225,70564,101000000,101000000
0,1010,101000000,101000100,28225,70564,101100000,101100000
0,1011,101100000,101100100,28225,70564,101200000,101200000
0,1012,101200000,101200100,28225,70564,101300000,101300000
0,1013,101300000,101300100,28225,70564,101400000,101400000
0,1014,101400000,101400100,28225,70564,101500000,101500000
0,1015,101500000,101500100,28225,70564,101600000,101600000
0,1016,101600000,101600100,28225,70564,101700000,101700000
0,1017,101700000,101700100,28225,70564,101800000,101800000
0,1018,101800000,101800100,28225,70564,101900000,101900000
0,1019,101900000,101900100,28225,70564,102000000,102000000
0,1020,102000000,102000100,28225,70564,102100000,102100000
0,1021,102100000,102100100,28225,70564,102200000,102200000
0,1022,102200000,102200100,28225,70564,102300000,102300000
0,1023,102300000,102300100,28225,70564,102400000,102400000
0,1024,102400000,102400100,28225,70564,102500000,102500000
0,1025,102500000,102500100,28225,70564,102600000,102600000
0,1026,102600000,102600100,28225,70564,102700000,102700000
0,1027,102700000,102700100,28225,70564,102800000,102800000
0,1028,102800000,102800100,28225,70564,102900000,102900000
0,1029,102900000,102900100,28225,70564,103000000,103000000
0,1030,103000000,103000100,28225,70564,103100000,103100000
0,1031,103100000,103100100,28225,70564,103200000,103200000
0,1032,103200000,103200100,28225,70564,103300000,103300000
0,1033,103300000,103300100,28225,70564,103400000,103400000
0,1034,103400000,103400100,28225,70564,103500000,103500000
0,1035,103500000,103500100,28225,70564,103600000,103600000
0,1036,103600000,103600100,28225,70564,103700000,103700000
0,1037,103700000,103700100,28225,70564,103800000,103800000
0,1038,103800000,103800100,28225,70564,103900000,103900000
0,1039,103900000,103900100,28225,70564,104000000,104000000
0,1040,104000000,104000100,28225,70564,104100000,104100000
0,1041,104100000,104100100,28225,70564,104200000,104200000
0,1042,104200000,104200100,28225,70564,104300000,104300000
0,1043,104300000,104300100,28225,70564,104400000,104400000
0,1044,104400000,104400100,28225,70564,104500000,104500000
0,1045,104500000,104500100,28225,70564,104600000,104600000
0,1046,104600000,104600100,28225,70564,104700000,104700000
0,1047,104700000,104700100,28225,70564,104800000,104800000
0,1048,104800000,104800100,28225,70564,104900000,104900000
0,1049,104900000,104900100,28225,70564,105000000,105000000
0,1050,105000000,105000100,28225,70564,105100000,105100000
0,1051,105100000,105100100,28225,70564,105200000,105200000
0,1052,105200000,105200100,28225,70564,105300000,105300000
0,1053,105300000,105300100,28225,70564,105400000,105400000
0,1054,105400000,105400100,28225,70564,105500000,105500000
0,1055,105500000,105500100,28225,70564,105600000,105600000
0,1056,105600000,105600100,28225,70564,105700000,105700000
0,1057,105700000,105700100,28225,70564,105800000,105800000
0,1058,105800000,105800100,28225,70564,105900000,105900000
0,1059,105900000,105900100,28225,70564,106000000,106000000
0,1060,106000000,106000100,28225,70564,106100000,106100000
0,1061,106100000,106100100,28225,70564,106200000,106200000
0,1062,106200000,106200100,28225,70564,106300000,106300000
0,1063,106300000,106300100,28225,70564,106400000,106400000
0,1064,106400000,106400100,28225,70564,106500000,106500000
0,1065,106500000,106500100,28225,70564,106600000,106600000
0,1066,106600000,106600100,28225,70564,106700000,106700000
0,1067,106700000,106700100,28225,70564,106800000,106800000
0,1068,106800000,106800100,28225,70564,106900000,106900000
0,1069,106900000,106900100,28225,70564,107000000,107000000
0,1070,107000000,107000100,28225,70564,107100000,107100000
0,1071,107100000,107100100,28225,70564,107200000,107200000
0,1072,107200000,107200100,28225,70564,107300000,107300000
0,1073,107300000,107300100,28225,70564,107400000,107400000
0,1074,107400000,107400100,28225,70564,107500000,107500000
0,1075,107500000,107500100,28225,70564,107600000,107600000
0,1076,107600000,107600100,28225,70564,107700000,107700000
0,1077,107700000,107700100,28225,70564,107800000,107800000
0,1078,107800000,107800100,28225,70564,107900000,107900000
0,1079,107900000,107900100,28225,70564,108000000,108000000
0,1080,108000000,108000100,28225,70564,108100000,108100000
0,1081,108100000,108100100,28225,70564,108200000,108200000
0,1082,108200000,108200100,28225,70564,108300000,108300000
0,1083,108300000,108300100,28225,70564,108400000,108400000
0,1084,108400000,108400100,28225,70564,108500000,108500000
0,1085,108500000,108500100,28225,70564,108600000,108600000
0,1086,108600000,108600100,28225,70564,108700000,108700000
0,1087,108700000,108700100,28225,70564,108800000,108800000
0,1088,108800000,108800100,28225,70564,108900000,108900000
0,1089,108900000,108900100,28225,70564,109000000,109000000
0,1090,109000000,109000100,28225,70564,109100000,109100000
0,1091,109100000,109100100,28225,70564,109200000,109200000
0,1092,109200000,109200100,28225,70564,109300000,109300000
0,1093,109300000,109300100,28225,70564,109400000,109400000
0,1094,109400000,109400100,28225,70564,109500000,109500000
0,1095,109500000,109500100,28225,70564,109600000,109600000
0,1096,109600000,109600100,28225,70564,109700000,109700000
0,1097,109700000,109700100,28225,70564,109800000,109800000
0,1098,109800000,109800100,28225,70564,109900000,109900000
0,1099,109900000,109900100,28225,70564,110000000,110000000
0,1100,110000000,110000100,28225,70564,110100000,110100000
0,1101,110100000,110100100,28225,70564,110200000,110200000
0,1102,110200000,110200100,28225,70564,110300000,110300000
0,1103,110300000,110300100,28225,70564,110400000,110400000
0,1104,110400000,110400100,28225,70564,110500000,110500000
0,1105,110500000,110500100,28225,70564,110600000,110600000
0,1106,110600000,110600100,28225,70564,110700000,110700000
0,1107,110700000,110700100,28225,70564,110800000,110800000
0,1108,110800000,110800100,28225,70564,110900000,110900000
0,1109,110900000,110900100,28225,70564,111000000,111000000
0,1110,111000000,111000100,28225,70564,111100000,111100000
0,1111,111100000,111100100,28225,70564,111200000,111200000
0,1112,111200000,111200100,28225,70564,111300000,111300000
0,1113,111300000,111300100,28225,70564,111400000,111400000
0,1114,111400000,111400100,28225,70564,111500000,111500000
0,1115,111500000,111500100,28225,70564,111600000,111600000
0,1116,111600000,111600100,28225,70564,111700000,111700000
0,1117,111700000,111700100,28225,70564,111800000,111800000
0,1118,111800000,111800100,28225,70564,111900000,111900000
0,1119,111900000,111900100,28225,70564,112000000,112000000
0,1120,112000000,112000100,28225,70564,112100000,112100000
0,1121,112100000,112100100,28225,70564,112200000,112200000
0,1122,112200000,112200100,28225,70564,112300000,112300000
0,1123,112300000,112300100,28225,70564,112400000,112400000
0,1124,112400000,112400100,28225,70564,112500000,112500000
0,1125,112500000,112500100,28225,70564,112600000,112600000
0,1126,112600000,112600100,28225,70564,112700000,112700000
0,1127,112700000,112700100,28225,70564,112800000,112800000
0,1128,112800000,112800100,28225,70564,112900000,112900000
0,1129,112900000,112900100,28225,70564,113000000,113000000
0,1130,113000000,113000100,28225,70564,113100000,113100000
0,1131,113100000,113100100,28225,70564,113200000,113200000
0,1132,113200000,113200100,28225,70564,113300000,113300000
0,1133,113300000,113300100,28225,70564,113400000,113400000
0,1134,113400000,113400100,28225,70564,113500000,113500000
0,1135,113500000,113500100,28225,70564,113600000,113600000
0,1136,113600000,113600100,28225,70564,113700000,113700000
0,1137,113700000,113700100,28225,70564,113800000,113800000
0,1138,113800000,113800100,28225,70564,113900000,113900000
0,1139,113900000,113900100,28225,70564,114000000,114000000
0,1140,114000000,114000100,28225,70564,114100000,114100000
0,1141,114100000,114100100,28225,70564,114200000,114200000
0,1142,114200000,114200100,28225,70564,114300000,114300000
0,1143,114300000,114300100,28225,70564,114400000,114400000
0,1144,114400000,114400100,28225,70564,114500000,114500000
0,1145,114500000,114500100,28225,70564,114600000,114600000
0,1146,114600000,114600100,28225,70564,114700000,114700000
0,1147,114700000,114700100,28225,70564,114800000,114800000
0,1148,114800000,114800100,28225,70564,114900000,114900000
0,1149,114900000,114900100,28225,70564,115000000,115000000
0,1150,115000000,115000100,28225,70564,115100000,115100000
0,1151,115100000,115100100,28225,70564,115200000,115200000
0,1152,115200000,115200100,28225,70564,115300000,115300000
0,1153,115300000,115300100,28225,70564,115400000,115400000
0,1154,115400000,115400100,28225,70564,115500000,115500000
0,1155,115500000,115500100,28225,70564,115600000,115600000
0,1156,115600000,115600100,28225,70564,115700000,115700000
0,1157,115700000,115700100,28225,70564,115800000,115800000
0,1158,115800000,115800100,28225,70564,115900000,115900000
0,1159,115900000,115900100,28225,70564,116000000,116000000
0,1160,116000000,116000100,28225,70564,116100000,116100000
0,1161,116100000,116100100,28225,70564,116200000,116200000
0,1162,116200000,116200100,28225,70564,116300000,116300000
0,1163,116300000,116300100,28225,70564,116400000,116400000
0,1164,116400000,116400100,28225,70564,116500000,116500000
0,1165,116500000,116500100,28225,70564,116600000,116600000
0,1166,116600000,116600100,28225,70564,116700000,116700000
0,1167,116700000,116700100,28225,70564,116800000,116800000
0,1168,116800000,116800100,28225,70564,116900000,116900000
0,1169,116900000,116900100,28225,70564,117000000,117000000
1,0,0,100,2152,5380,150000,150000
1,1,150000,150100,2152,5380,300000,300000
1,2,300000,300100,2152,5380,450000,450000
1,3,450000,450100,2152,5380,600000,600000
1,4,600000,600100,2152,5380,750000,750000
1,5,750000,750100,2152,5380,900000,900000
1,6,900000,900100,2152,5380,1050000,1050000
1,7,1050000,1050100,2152,5380,1200000,1200000
1,8,1200000,1200100,2152,5380,1350000,1350000
1,9,1350000,1350100,2152,5380,1500000,1500000
1,10,1500000,1500100,2152,5380,1650000,1650000
1,11,1650000,1650100,2152,5380,1800000,1800000
1,12,1800000,1800100,2152,5380,1950000,1950000
1,13,1950000,1950100,2152,5380,2100000,2100000
1,14,2100000,2100100,2152,5380,2250000,2250000
1,15,2250000,2250100,2152,5380,2400000,2400000
1,16,2400000,2400100,2152,5380,2550000,2550000
1,17,2550000,2550100,2152,5380,2700000,2700000
1,18,2700000,2700100,2152,5380,2850000,2850000
1,19,2850000,2850100,2152,5380,3000000,3000000
1,20,3000000,3000100,2152,5380,3150000,3150000
1,21,3150000,3150100,2152,5380,3300000,3300000
1,22,3300000,3300100,2152,5380,3450000,3450000
1,23,3450000,3450100,2152,5380,3600000,3600000
1,24,3600000,3600100,2152,5380,3750000,3750000
1,25,3750000,3750100,2152,5380,3900000,3900000
1,26,3900000,3900100,2152,5380,4050000,4050000
1,27,4050000,4050100,2152,5380,4200000,4200000
1,28,4200000,4200100,2152,5380,4350000,4350000
1,29,4350000,4350100,2152,5380,4500000,4500000
1,30,4500000,4500100,2152,5380,4650000,4650000
1,31,4650000,4650100,2152,5380,4800000,4800000
1,32,4800000,4800100,2152,5380,4950000,4950000
1,33,4950000,4950100,2152,5380,5100000,5100000
1,34,5100000,5100100,2152,5380,5250000,5250000
1,35,5250000,5250100,2152,5380,5400000,5400000
1,36,5400000,5400100,2152,5380,5550000,5550000
1,37,5550000,5550100,2152,5380,5700000,5700000
1,38,5700000,5700100,2152,5380,5850000,5850000
1,39,5850000,5850100,2152,5380,6000000,6000000
1,40,6000000,6000100,2152,5380,6150000,6150000
1,41,6150000,6150100,2152,5380,6300000,6300000
1,42,6300000,6300100,2152,5380,6450000,6450000
1,43,6450000,6450100,2152,5380,6600000,6600000
1,44,6600000,6600100,2152,5380,6750000,6750000
1,45,6750000,6750100,2152,5380,6900000,6900000
1,46,6900000,6900100,2152,5380,7050000,7050000
1,47,7050000,7050100,2152,5380,7200000,7200000
1,48,7200000,7200100,2152,5380,7350000,7350000
1,49,7350000,7350100,2152,5380,7500000,7500000
1,50,7500000,7500100,2152,5380,7650000,7650000
1,51,7650000,7650100,2152,5380,7800000,7800000
1,52,7800000,7800100,2152,5380,7950000,7950000
1,53,7950000,7950100,2152,5380,8100000,8100000
1,54,8100000,8100100,2152,5380,8250000,8250000
1,55,8250000,8250100,2152,5380,8400000,8400000
1,56,8400000,8400100,2152,5380,8550000,8550000
1,57,8550000,8550100,2152,5380,8700000,8700000
1,58,8700000,8700100,2152,5380,8850000,8850000
1,59,8850000,8850100,2152,5380,9000000,9000000
1,60,9000000,9000100,2152,5380,9150000,9150000
1,61,9150000,9150100,2152,5380,9300000,9300000
1,62,9300000,9300100,2152,5380,9450000,9450000
1,63,9450000,9450100,2152,5380,9600000,9600000
1,64,9600000,9600100,2152,5380,9750000,9750000
1,65,9750000,9750100,2152,5380,9900000,9900000
1,66,9900000,9900100,2152,5380,10050000,10050000
1,67,10050000,10050100,2152,5380,10200000,10200000
1,68,10200000,10200100,2152,5380,10350000,10350000
1,69,10350000,10350100,2152,5380,10500000,10500000
1,70,10500000,10500100,2152,5380,10650000,10650000
1,71,10650000,10650100,2152,5380,10800000,10800000
1,72,10800000,10800100,2152,5380,10950000,10950000
1,73,10950000,10950100,2152,5380,11100000,11100000
1,74,11100000,11100100,2152,5380,11250000,11250000
1,75,11250000,11250100,2152,5380,11400000,11400000
1,76,11400000,11400100,2152,5380,11550000,11550000
1,77,11550000,11550100,2152,5380,11700000,11700000
1,78,11700000,11700100,2152,5380,11850000,11850000
1,79,11850000,11850100,2152,5380,12000000,12000000
1,80,12000000,12000100,2152,5380,12150000,12150000
1,81,12150000,12150100,2152,5380,12300000,12300000
1,82,12300000,12300100,2152,5380,12450000,12450000
1,83,12450000,12450100,2152,5380,12600000,12600000
1,84,12600000,12600100,2152,5380,12750000,12750000
1,85,12750000,12750100,2152,5380,12900000,12900000
1,86,12900000,12900100,2152,5380,13050000,13050000
1,87,13050000,13050100,2152,5380,13200000,13200000
1,88,13200000,13200100,2152,5380,13350000,13350000
1,89,13350000,13350100,2152,5380,13500000,13500000
1,90,13500000,13500100,2152,5380,13650000,13650000
1,91,13650000,13650100,2152,5380,13800000,13800000
1,92,13800000,13800100,2152,5380,13950000,13950000
1,93,13950000,13950100,2152,5380,14100000,14100000
1,94,14100000,14100100,2152,5380,14250000,14250000
1,95,14250000,14250100,2152,5380,14400000,14400000
1,96,14400000,14400100,2152,5380,14550000,14550000
1,97,14550000,14550100,2152,5380,14700000,14700000
1,98,14700000,14700100,2152,5380,14850000,14850000
1,99,14850000,14850100,2152,5380,15000000,15000000
1,100,15000000,15000100,2152,5380,15150000,15150000
1,101,15150000,15150100,2152,5380,15300000,15300000
1,102,15300000,15300100,2152,5380,15450000,15450000
1,103,15450000,15450100,2152,5380,15600000,15600000
1,104,15600000,15600100,2152,5380,15750000,15750000
1,105,15750000,15750100,2152,5380,15900000,15900000
1,106,15900000,15900100,2152,5380,16050000,16050000
1,107,16050000,16050100,2152,5380,16200000,16200000
1,108,16200000,16200100,2152,5380,16350000,16350000
1,109,16350000,16350100,2152,5380,16500000,16500000
1,110,16500000,16500100,2152,5380,16650000,16650000
1,111,16650000,16650100,2152,5380,16800000,16800000
1,112,16800000,16800100,2152,5380,16950000,16950000
1,113,16950000,16950100,2152,5380,17100000,17100000
1,114,17100000,17100100,2152,5380,17250000,17250000
1,115,17250000,17250100,2152,5380,17400000,17400000
1,116,17400000,17400100,2152,5380,17550000,17550000
1,117,17550000,17550100,2152,5380,17700000,17700000
1,118,17700000,17700100,2152,5380,17850000,17850000
1,119,17850000,17850100,2152,5380,18000000,18000000
1,120,18000000,18000100,2152,5380,18150000,18150000
1,121,18150000,18150100,2152,5380,18300000,18300000
1,122,18300000,18300100,2152,5380,18450000,18450000
1,123,18450000,18450100,2152,5380,18600000,18600000
1,124,18600000,18600100,2152,5380,18750000,18750000
1,125,18750000,18750100,2152,5380,18900000,18900000
1,126,18900000,18900100,2152,5380,19050000,19050000
1,127,19050000,19050100,2152,5380,19200000,19200000
1,128,19200000,19200100,2152,5380,19350000,19350000
1,129,19350000,19350100,2152,5380,19500000,19500000
1,130,19500000,19500100,2152,5380,19650000,19650000
1,131,19650000,19650100,2152,5380,19800000,19800000
1,132,19800000,19800100,2152,5380,19950000,19950000
1,133,19950000,19950100,2152,5380,20100000,20100000
1,134,20100000,20100100,2152,5380,20250000,20250000
1,135,20250000,20250100,2152,5380,20400000,20400000
1,136,20400000,20400100,2152,5380,20550000,20550000
1,137,20550000,20550100,2152,5380,20700000,20700000
1,138,20700000,20700100,2152,5380,20850000,20850000
1,139,20850000,20850100,2152,5380,21000000,21000000
1,140,21000000,21000100,2152,5380,21150000,21150000
1,141,21150000,21150100,2152,5380,21300000,21300000
1,142,21300000,21300100,2152,5380,21450000,21450000
1,143,21450000,21450100,2152,5380,21600000,21600000
1,144,21600000,21600100,2152,5380,21750000,21750000
1,145,21750000,21750100,2152,5380,21900000,21900000
1,146,21900000,21900100,2152,5380,22050000,22050000
1,147,22050000,22050100,2152,5380,22200000,22200000
1,148,22200000,22200100,2152,5380,22350000,22350000
1,149,22350000,22350100,2152,5380,22500000,22500000
1,150,22500000,22500100,2152,5380,22650000,22650000
1,151,22650000,22650100,2152,5380,22800000,22800000
1,152,22800000,22800100,2152,5380,22950000,22950000
1,153,22950000,22950100,2152,5380,23100000,23100000
1,154,23100000,23100100,2152,5380,23250000,23250000
1,155,23250000,23250100,2152,5380,23400000,23400000
1,156,23400000,23400100,2152,5380,23550000,23550000
1,157,23550000,23550100,2152,5380,23700000,23700000
1,158,23700000,23700100,2152,5380,23850000,23850000
1,159,23850000,23850100,2152,5380,24000000,24000000
1,160,24000000,24000100,2152,5380,24150000,24150000
1,161,24150000,24150100,2152,5380,24300000,24300000
1,162,24300000,24300100,2152,5380,24450000,24450000
1,163,24450000,24450100,2152,5380,24600000,24600000
1,164,24600000,24600100,2152,5380,24750000,24750000
1,165,24750000,24750100,2152,5380,24900000,24900000
1,166,24900000,24900100,2152,5380,25050000,25050000
1,167,25050000,25050100,2152,5380,25200000,25200000
1,168,25200000,25200100,2152,5380,25350000,25350000
1,169,25350000,25350100,2152,5380,25500000,25500000
1,170,25500000,25500100,2152,5380,25650000,25650000
1,171,25650000,25650100,2152,5380,25800000,25800000
1,172,25800000,25800100,2152,5380,25950000,25950000
1,173,25950000,25950100,2152,5380,26100000,26100000
1,174,26100000,26100100,2152,5380,26250000,26250000
1,175,26250000,26250100,2152,5380,26400000,26400000
1,176,26400000,26400100,2152,5380,26550000,26550000
1,177,26550000,26550100,2152,5380,26700000,26700000
1,178,26700000,26700100,2152,5380,26850000,26850000
1,179,26850000,26850100,2152,5380,27000000,27000000
1,180,27000000,27000100,2152,5380,27150000,27150000
1,181,27150000,27150100,2152,5380,27300000,27300000
1,182,27300000,27300100,2152,5380,27450000,27450000
1,183,27450000,27450100,2152,5380,27600000,27600000
1,184,27600000,27600100,2152,5380,27750000,27750000
1,185,27750000,27750100,2152,5380,27900000,27900000
1,186,27900000,27900100,2152,5380,28050000,28050000
1,187,28050000,28050100,2152,5380,28200000,28200000
1,188,28200000,28200100,2152,5380,28350000,28350000
1,189,28350000,28350100,2152,5380,28500000,28500000
1,190,28500000,28500100,2152,5380,28650000,28650000
1,191,28650000,28650100,2152,5380,28800000,28800000
1,192,28800000,28800100,2152,5380,28950000,28950000
1,193,28950000,28950100,2152,5380,29100000,29100000
1,194,29100000,29100100,2152,5380,29250000,29250000
1,195,29250000,29250100,2152,5380,29400000,29400000
1,196,29400000,29400100,2152,5380,29550000,29550000
1,197,29550000,29550100,2152,5380,29700000,29700000
1,198,29700000,29700100,2152,5380,29850000,29850000
1,199,29850000,29850100,2152,5380,30000000,30000000
1,200,30000000,30000100,2152,5380,30150000,30150000
1,201,30150000,30150100,2152,5380,30300000,30300000
1,202,30300000,30300100,2152,5380,30450000,30450000
1,203,30450000,30450100,2152,5380,30600000,30600000
1,204,30600000,30600100,2152,5380,30750000,30750000
1,205,30750000,30750100,2152,5380,30900000,30900000
1,206,30900000,30900100,2152,5380,31050000,31050000
1,207,31050000,31050100,2152,5380,31200000,31200000
1,208,31200000,31200100,2152,5380,31350000,31350000
1,209,31350000,31350100,2152,5380,31500000,31500000
1,210,31500000,31500100,2152,5380,31650000,31650000
1,211,31650000,31650100,2152,5380,31800000,31800000
1,212,31800000,31800100,2152,5380,31950000,31950000
1,213,31950000,31950100,2152,5380,32100000,32100000
1,214,32100000,32100100,2152,5380,32250000,32250000
1,215,32250000,32250100,2152,5380,32400000,32400000
1,216,32400000,32400100,2152,5380,32550000,32550000
1,217,32550000,32550100,2152,5380,32700000,32700000
1,218,32700000,32700100,2152,5380,32850000,32850000
1,219,32850000,32850100,2152,5380,33000000,33000000
1,220,33000000,33000100,2152,5380,33150000,33150000
1,221,33150000,33150100,2152,5380,33300000,33300000
1,222,33300000,33300100,2152,5380,33450000,33450000
1,223,33450000,33450100,2152,5380,33600000,33600000
1,224,33600000,33600100,2152,5380,33750000,33750000
1,225,33750000,33750100,2152,5380,33900000,33900000
1,226,33900000,33900100,2152,5380,34050000,34050000
1,227,34050000,34050100,2152,5380,34200000,34200000
1,228,34200000,34200100,2152,5380,34350000,34350000
1,229,34350000,34350100,2152,5380,34500000,34500000
1,230,34500000,34500100,2152,5380,34650000,34650000
1,231,34650000,34650100,2152,5380,34800000,34800000
1,232,34800000,34800100,2152,5380,34950000,34950000
1,233,34950000,34950100,2152,5380,35100000,35100000
1,234,35100000,35100100,2152,5380,35250000,35250000
1,235,35250000,35250100,2152,5380,35400000,35400000
1,236,35400000,35400100,2152,5380,35550000,35550000
1,237,35550000,35550100,2152,5380,35700000,35700000
1,238,35700000,35700100,2152,5380,35850000,35850000
1,239,35850000,35850100,2152,5380,36000000,36000000
1,240,36000000,36000100,2152,5380,36150000,36150000
1,241,36150000,36150100,2152,5380,36300000,36300000
1,242,36300000,36300100,2152,5380,36450000,36450000
1,243,36450000,36450100,2152,5380,36600000,36600000
1,244,36600000,36600100,2152,5380,36750000,36750000
1,245,36750000,36750100,2152,5380,36900000,36900000
1,246,36900000,36900100,2152,5380,37050000,37050000
1,247,37050000,37050100,2152,5380,37200000,37200000
1,248,37200000,37200100,2152,5380,37350000,37350000
1,249,37350000,37350100,2152,5380,37500000,37500000
1,250,37500000,37500100,2152,5380,37650000,37650000
1,251,37650000,37650100,2152,5380,37800000,37800000
1,252,37800000,37800100,2152,5380,37950000,37950000
1,253,37950000,37950100,2152,5380,38100000,38100000
1,254,38100000,38100100,2152,5380,38250000,38250000
1,255,38250000,38250100,2152,5380,38400000,38400000
1,256,38400000,38400100,2152,5380,38550000,38550000
1,257,38550000,38550100,2152,5380,38700000,38700000
1,258,38700000,38700100,2152,5380,38850000,38850000
1,259,38850000,38850100,2152,5380,39000000,39000000
1,260,39000000,39000100,2152,5380,39150000,39150000
1,261,39150000,39150100,2152,5380,39300000,39300000
1,262,39300000,39300100,2152,5380,39450000,39450000
1,263,39450000,39450100,2152,5380,39600000,39600000
1,264,39600000,39600100,2152,5380,39750000,39750000
1,265,39750000,39750100,2152,5380,39900000,39900000
1,266,39900000,39900100,2152,5380,40050000,40050000
1,267,40050000,40050100,2152,5380,40200000,40200000
1,268,40200000,40200100,2152,5380,40350000,40350000
1,269,40350000,40350100,2152,5380,40500000,40500000
1,270,40500000,40500100,2152,5380,40650000,40650000
1,271,40650000,40650100,2152,5380,40800000,40800000
1,272,40800000,40800100,2152,5380,40950000,40950000
1,273,40950000,40950100,2152,5380,41100000,41100000
1,274,41100000,41100100,2152,5380,41250000,41250000
1,275,41250000,41250100,2152,5380,41400000,41400000
1,276,41400000,41400100,2152,5380,41550000,41550000
1,277,41550000,41550100,2152,5380,41700000,41700000
1,278,41700000,41700100,2152,5380,41850000,41850000
1,279,41850000,41850100,2152,5380,42000000,42000000
1,280,42000000,42000100,2152,5380,42150000,42150000
1,281,42150000,42150100,2152,5380,42300000,42300000
1,282,42300000,42300100,2152,5380,42450000,42450000
1,283,42450000,42450100,2152,5380,42600000,42600000
1,284,42600000,42600100,2152,5380,42750000,42750000
1,285,42750000,42750100,2152,5380,42900000,42900000
1,286,42900000,42900100,2152,5380,43050000,43050000
1,287,43050000,43050100,2152,5380,43200000,43200000
1,288,43200000,43200100,2152,5380,43350000,43350000
1,289,43350000,43350100,2152,5380,43500000,43500000
1,290,43500000,43500100,2152,5380,43650000,43650000
1,291,43650000,43650100,2152,5380,43800000,43800000
1,292,43800000,43800100,2152,5380,43950000,43950000
1,293,43950000,43950100,2152,5380,44100000,44100000
1,294,44100000,44100100,2152,5380,44250000,44250000
1,295,44250000,44250100,2152,5380,44400000,44400000
1,296,44400000,44400100,2152,5380,44550000,44550000
1,297,44550000,44550100,2152,5380,44700000,44700000
1,298,44700000,44700100,2152,5380,44850000,44850000
1,299,44850000,44850100,2152,5380,45000000,45000000
1,300,45000000,45000100,2152,5380,45150000,45150000
1,301,45150000,45150100,2152,5380,45300000,45300000
1,302,45300000,45300100,2152,5380,45450000,45450000
1,303,45450000,45450100,2152,5380,45600000,45600000
1,304,45600000,45600100,2152,5380,45750000,45750000
1,305,45750000,45750100,2152,5380,45900000,45900000
1,306,45900000,45900100,2152,5380,46050000,46050000
1,307,46050000,46050100,2152,5380,46200000,46200000
1,308,46200000,46200100,2152,5380,46350000,46350000
1,309,46350000,46350100,2152,5380,46500000,46500000
1,310,46500000,46500100,2152,5380,46650000,46650000
1,311,46650000,46650100,2152,5380,46800000,46800000
1,312,46800000,46800100,2152,5380,46950000,46950000
1,313,46950000,46950100,2152,5380,47100000,47100000
1,314,47100000,47100100,2152,5380,47250000,47250000
1,315,47250000,47250100,2152,5380,47400000,47400000
1,316,47400000,47400100,2152,5380,47550000,47550000
1,317,47550000,47550100,2152,5380,47700000,47700000
1,318,47700000,47700100,2152,5380,47850000,47850000
1,319,47850000,47850100,2152,5380,48000000,48000000
1,320,48000000,48000100,2152,5380,48150000,48150000
1,321,48150000,48150100,2152,5380,48300000,48300000
1,322,48300000,48300100,2152,5380,48450000,48450000
1,323,48450000,48450100,2152,5380,48600000,48600000
1,324,48600000,48600100,2152,5380,48750000,48750000
1,325,48750000,48750100,2152,5380,48900000,48900000
1,326,48900000,48900100,2152,5380,49050000,49050000
1,327,49050000,49050100,2152,5380,49200000,49200000
1,328,49200000,49200100,2152,5380,49350000,49350000
1,329,49350000,49350100,2152,5380,49500000,49500000
1,330,49500000,49500100,2152,5380,49650000,49650000
1,331,49650000,49650100,2152,5380,49800000,49800000
1,332,49800000,49800100,2152,5380,49950000,49950000
1,333,49950000,49950100,2152,5380,50100000,50100000
1,334,50100000,50100100,2152,5380,50250000,50250000
1,335,50250000,50250100,2152,5380,50400000,50400000
1,336,50400000,50400100,2152,5380,50550000,50550000
1,337,50550000,50550100,2152,5380,50700000,50700000
1,338,50700000,50700100,2152,5380,50850000,50850000
1,339,50850000,50850100,2152,5380,51000000,51000000
1,340,51000000,51000100,2152,5380,51150000,51150000
1,341,51150000,51150100,2152,5380,51300000,51300000
1,342,51300000,51300100,2152,5380,51450000,51450000
1,343,51450000,51450100,2152,5380,51600000,51600000
1,344,51600000,51600100,2152,5380,51750000,51750000
1,345,51750000,51750100,2152,5380,51900000,51900000
1,346,51900000,51900100,2152,5380,52050000,52050000
1,347,52050000,52050100,2152,5380,52200000,52200000
1,348,52200000,52200100,2152,5380,52350000,52350000
1,349,52350000,52350100,2152,5380,52500000,52500000
1,350,52500000,52500100,2152,5380,52650000,52650000
1,351,52650000,52650100,2152,5380,52800000,52800000
1,352,52800000,52800100,2152,5380,52950000,52950000
1,353,52950000,52950100,2152,5380,53100000,53100000
1,354,53100000,53100100,2152,5380,53250000,53250000
1,355,53250000,53250100,2152,5380,53400000,53400000
1,356,53400000,53400100,2152,5380,53550000,53550000
1,357,53550000,53550100,2152,5380,53700000,53700000
1,358,53700000,53700100,2152,5380,53850000,53850000
1,359,53850000,53850100,2152,5380,54000000,54000000
1,360,54000000,54000100,2152,5380,54150000,54150000
1,361,54150000,54150100,2152,5380,54300000,54300000
1,362,54300000,54300100,2152,5380,54450000,54450000
1,363,54450000,54450100,2152,5380,54600000,54600000
1,364,54600000,54600100,2152,5380,54750000,54750000
1,365,54750000,54750100,2152,5380,54900000,54900000
1,366,54900000,54900100,2152,5380,55050000,55050000
1,367,55050000,55050100,2152,5380,55200000,55200000
1,368,55200000,55200100,2152,5380,55350000,55350000
1,369,55350000,55350100,2152,5380,55500000,55500000
1,370,55500000,55500100,2152,5380,55650000,55650000
1,371,55650000,55650100,2152,5380,55800000,55800000
1,372,55800000,55800100,2152,5380,55950000,55950000
1,373,55950000,55950100,2152,5380,56100000,56100000
1,374,56100000,56100100,2152,5380,56250000,56250000
1,375,56250000,56250100,2152,5380,56400000,56400000
1,376,56400000,56400100,2152,5380,56550000,56550000
1,377,56550000,56550100,2152,5380,56700000,56700000
1,378,56700000,56700100,2152,5380,56850000,56850000
1,379,56850000,56850100,2152,5380,57000000,57000000
1,380,57000000,57000100,2152,5380,57150000,57150000
1,381,57150000,57150100,2152,5380,57300000,57300000
1,382,57300000,57300100,2152,5380,57450000,57450000
1,383,57450000,57450100,2152,5380,57600000,57600000
1,384,57600000,57600100,2152,5380,57750000,57750000
1,385,57750000,57750100,2152,5380,57900000,57900000
1,386,57900000,57900100,2152,5380,58050000,58050000
1,387,58050000,58050100,2152,5380,58200000,58200000
1,388,58200000,58200100,2152,5380,58350000,58350000
1,389,58350000,58350100,2152,5380,58500000,58500000
1,390,58500000,58500100,2152,5380,58650000,58650000
1,391,58650000,58650100,2152,5380,58800000,58800000
1,392,58800000,58800100,2152,5380,58950000,58950000
1,393,58950000,58950100,2152,5380,59100000,59100000
1,394,59100000,59100100,2152,5380,59250000,59250000
1,395,59250000,59250100,2152,5380,59400000,59400000
1,396,59400000,59400100,2152,5380,59550000,59550000
1,397,59550000,59550100,2152,5380,59700000,59700000
1,398,59700000,59700100,2152,5380,59850000,59850000
1,399,59850000,59850100,2152,5380,60000000,60000000
1,400,60000000,60000100,2152,5380,60150000,60150000
1,401,60150000,60150100,2152,5380,60300000,60300000
1,402,60300000,60300100,2152,5380,60450000,60450000
1,403,60450000,60450100,2152,5380,60600000,60600000
1,404,60600000,60600100,2152,5380,60750000,60750000
1,405,60750000,60750100,2152,5380,60900000,60900000
1,406,60900000,60900100,2152,5380,61050000,61050000
1,407,61050000,61050100,2152,5380,61200000,61200000
1,408,61200000,61200100,2152,5380,61350000,61350000
1,409,61350000,61350100,2152,5380,61500000,61500000
1,410,61500000,61500100,2152,5380,61650000,61650000
1,411,61650000,61650100,2152,5380,61800000,61800000
1,412,61800000,61800100,2152,5380,61950000,61950000
1,413,61950000,61950100,2152,5380,62100000,62100000
1,414,62100000,62100100,2152,5380,62250000,62250000
1,415,62250000,62250100,2152,5380,62400000,62400000
1,416,62400000,62400100,2152,5380,62550000,62550000
1,417,62550000,62550100,2152,5380,62700000,62700000
1,418,62700000,62700100,2152,5380,62850000,62850000
1,419,62850000,62850100,2152,5380,63000000,63000000
1,420,63000000,63000100,2152,5380,63150000,63150000
1,421,63150000,63150100,2152,5380,63300000,63300000
1,422,63300000,63300100,2152,5380,63450000,63450000
1,423,63450000,63450100,2152,5380,63600000,63600000
1,424,63600000,63600100,2152,5380,63750000,63750000
1,425,63750000,63750100,2152,5380,63900000,63900000
1,426,63900000,63900100,2152,5380,64050000,64050000
1,427,64050000,64050100,2152,5380,64200000,64200000
1,428,64200000,64200100,2152,5380,64350000,64350000
1,429,64350000,64350100,2152,5380,64500000,64500000
1,430,64500000,64500100,2152,5380,64650000,64650000
1,431,64650000,64650100,2152,5380,64800000,64800000
1,432,64800000,64800100,2152,5380,64950000,64950000
1,433,64950000,64950100,2152,5380,65100000,65100000
1,434,65100000,65100100,2152,5380,65250000,65250000
1,435,65250000,65250100,2152,5380,65400000,65400000
1,436,65400000,65400100,2152,5380,65550000,65550000
1,437,65550000,65550100,2152,5380,65700000,65700000
1,438,65700000,65700100,2152,5380,65850000,65850000
1,439,65850000,65850100,2152,5380,66000000,66000000
1,440,66000000,66000100,2152,5380,66150000,66150000
1,441,66150000,66150100,2152,5380,66300000,66300000
1,442,66300000,66300100,2152,5380,66450000,66450000
1,443,66450000,66450100,2152,5380,66600000,66600000
1,444,66600000,66600100,2152,5380,66750000,66750000
1,445,66750000,66750100,2152,5380,66900000,66900000
1,446,66900000,66900100,2152,5380,67050000,67050000
1,447,67050000,67050100,2152,5380,67200000,67200000
1,448,67200000,67200100,2152,5380,67350000,67350000
1,449,67350000,67350100,2152,5380,67500000,67500000
1,450,67500000,67500100,2152,5380,67650000,67650000
1,451,67650000,67650100,2152,5380,67800000,67800000
1,452,67800000,67800100,2152,5380,67950000,67950000
1,453,67950000,67950100,2152,5380,68100000,68100000
1,454,68100000,68100100,2152,5380,68250000,68250000
1,455,68250000,68250100,2152,5380,68400000,68400000
1,456,68400000,68400100,2152,5380,68550000,68550000
1,457,68550000,68550100,2152,5380,68700000,68700000
1,458,68700000,68700100,2152,5380,68850000,68850000
1,459,68850000,68850100,2152,5380,69000000,69000000
1,460,69000000,69000100,2152,5380,69150000,69150000
1,461,69150000,69150100,2152,5380,69300000,69300000
1,462,69300000,69300100,2152,5380,69450000,69450000
1,463,69450000,69450100,2152,5380,69600000,69600000
1,464,69600000,69600100,2152,5380,69750000,69750000
1,465,69750000,69750100,2152,5380,69900000,69900000
1,466,69900000,69900100,2152,5380,70050000,70050000
1,467,70050000,70050100,2152,5380,70200000,70200000
1,468,70200000,70200100,2152,5380,70350000,70350000
1,469,70350000,70350100,2152,5380,70500000,70500000
1,470,70500000,70500100,2152,5380,70650000,70650000
1,471,70650000,70650100,2152,5380,70800000,70800000
1,472,70800000,70800100,2152,5380,70950000,70950000
1,473,70950000,70950100,2152,5380,71100000,71100000
1,474,71100000,71100100,2152,5380,71250000,71250000
1,475,71250000,71250100,2152,5380,71400000,71400000
1,476,71400000,71400100,2152,5380,71550000,71550000
1,477,71550000,71550100,2152,5380,71700000,71700000
1,478,71700000,71700100,2152,5380,71850000,71850000
1,479,71850000,71850100,2152,5380,72000000,72000000
1,480,72000000,72000100,2152,5380,72150000,72150000
1,481,72150000,72150100,2152,5380,72300000,72300000
1,482,72300000,72300100,2152,5380,72450000,72450000
1,483,72450000,72450100,2152,5380,72600000,72600000
1,484,72600000,72600100,2152,5380,72750000,72750000
1,485,72750000,72750100,2152,5380,72900000,72900000
1,486,72900000,72900100,2152,5380,73050000,73050000
1,487,73050000,73050100,2152,5380,73200000,73200000
1,488,73200000,73200100,2152,5380,73350000,73350000
1,489,73350000,73350100,2152,5380,73500000,73500000
1,490,73500000,73500100,2152,5380,73650000,73650000
1,491,73650000,73650100,2152,5380,73800000,73800000
1,492,73800000,73800100,2152,5380,73950000,73950000
1,493,73950000,73950100,2152,5380,74100000,74100000
1,494,74100000,74100100,2152,5380,74250000,74250000
1,495,74250000,74250100,2152,5380,74400000,74400000
1,496,74400000,74400100,2152,5380,74550000,74550000
1,497,74550000,74550100,2152,5380,74700000,74700000
1,498,74700000,74700100,2152,5380,74850000,74850000
1,499,74850000,74850100,2152,5380,75000000,75000000
1,500,75000000,75000100,2152,5380,75150000,75150000
1,501,75150000,75150100,2152,5380,75300000,75300000
1,502,75300000,75300100,2152,5380,75450000,75450000
1,503,75450000,75450100,2152,5380,75600000,75600000
1,504,75600000,75600100,2152,5380,75750000,75750000
1,505,75750000,75750100,2152,5380,75900000,75900000
1,506,75900000,75900100,2152,5380,76050000,76050000
1,507,76050000,76050100,2152,5380,76200000,76200000
1,508,76200000,76200100,2152,5380,76350000,76350000
1,509,76350000,76350100,2152,5380,76500000,76500000
1,510,76500000,76500100,2152,5380,76650000,76650000
1,511,76650000,76650100,2152,5380,76800000,76800000
1,512,76800000,76800100,2152,5380,76950000,76950000
1,513,76950000,76950100,2152,5380,77100000,77100000
1,514,77100000,77100100,2152,5380,77250000,77250000
1,515,77250000,77250100,2152,5380,77400000,77400000
1,516,77400000,77400100,2152,5380,77550000,77550000
1,517,77550000,77550100,2152,5380,77700000,77700000
1,518,77700000,77700100,2152,5380,77850000,77850000
1,519,77850000,77850100,2152,5380,78000000,78000000
1,520,78000000,78000100,2152,5380,78150000,78150000
1,521,78150000,78150100,2152,5380,78300000,78300000
1,522,78300000,78300100,2152,5380,78450000,78450000
1,523,78450000,78450100,2152,5380,78600000,78600000
1,524,78600000,78600100,2152,5380,78750000,78750000
1,525,78750000,78750100,2152,5380,78900000,78900000
1,526,78900000,78900100,2152,5380,79050000,79050000
1,527,79050000,79050100,2152,5380,79200000,79200000
1,528,79200000,79200100,2152,5380,79350000,79350000
1,529,79350000,79350100,2152,5380,79500000,79500000
1,530,79500000,79500100,2152,5380,79650000,79650000
1,531,79650000,79650100,2152,5380,79800000,79800000
1,532,79800000,79800100,2152,5380,79950000,79950000
1,533,79950000,79950100,2152,5380,80100000,80100000
1,534,80100000,80100100,2152,5380,80250000,80250000
1,535,80250000,80250100,2152,5380,80400000,80400000
1,536,80400000,80400100,2152,5380,80550000,80550000
1,537,80550000,80550100,2152,5380,80700000,80700000
1,538,80700000,80700100,2152,5380,80850000,80850000
1,539,80850000,80850100,2152,5380,81000000,81000000
1,540,81000000,81000100,2152,5380,81150000,81150000
1,541,81150000,81150100,2152,5380,81300000,81300000
1,542,81300000,81300100,2152,5380,81450000,81450000
1,543,81450000,81450100,2152,5380,81600000,81600000
1,544,81600000,81600100,2152,5380,81750000,81750000
1,545,81750000,81750100,2152,5380,81900000,81900000
1,546,81900000,81900100,2152,5380,82050000,82050000
1,547,82050000,82050100,2152,5380,82200000,82200000
1,548,82200000,82200100,2152,5380,82350000,82350000
1,549,82350000,82350100,2152,5380,82500000,82500000
1,550,82500000,82500100,2152,5380,82650000,82650000
1,551,82650000,82650100,2152,5380,82800000,82800000
1,552,82800000,82800100,2152,5380,82950000,82950000
1,553,82950000,82950100,2152,5380,83100000,83100000
1,554,83100000,83100100,2152,5380,83250000,83250000
1,555,83250000,83250100,2152,5380,83400000,83400000
1,556,83400000,83400100,2152,5380,83550000,83550000
1,557,83550000,83550100,2152,5380,83700000,83700000
1,558,83700000,83700100,2152,5380,83850000,83850000
1,559,83850000,83850100,2152,5380,84000000,84000000
1,560,84000000,84000100,2152,5380,84150000,84150000
1,561,84150000,84150100,2152,5380,84300000,84300000
1,562,84300000,84300100,2152,5380,84450000,84450000
1,563,84450000,84450100,2152,5380,84600000,84600000
1,564,84600000,84600100,2152,5380,84750000,84750000
1,565,84750000,84750100,2152,5380,84900000,84900000
1,566,84900000,84900100,2152,5380,85050000,85050000
1,567,85050000,85050100,2152,5380,85200000,85200000
1,568,85200000,85200100,2152,5380,85350000,85350000
1,569,85350000,85350100,2152,5380,85500000,85500000
1,570,85500000,85500100,2152,5380,85650000,85650000
1,571,85650000,85650100,2152,5380,85800000,85800000
1,572,85800000,85800100,2152,5380,85950000,85950000
1,573,85950000,85950100,2152,5380,86100000,86100000
1,574,86100000,86100100,2152,5380,86250000,86250000
1,575,86250000,86250100,2152,5380,86400000,86400000
1,576,86400000,86400100,2152,5380,86550000,86550000
1,577,86550000,86550100,2152,5380,86700000,86700000
1,578,86700000,86700100,2152,5380,86850000,86850000
1,579,86850000,86850100,2152,5380,87000000,87000000
1,580,87000000,87000100,2152,5380,87150000,87150000
1,581,87150000,87150100,2152,5380,87300000,87300000
1,582,87300000,87300100,2152,5380,87450000,87450000
1,583,87450000,87450100,2152,5380,87600000,87600000
1,584,87600000,87600100,2152,5380,87750000,87750000
1,585,87750000,87750100,2152,5380,87900000,87900000
1,586,87900000,87900100,2152,5380,88050000,88050000
1,587,88050000,88050100,2152,5380,88200000,88200000
1,588,88200000,88200100,2152,5380,88350000,88350000
1,589,88350000,88350100,2152,5380,88500000,88500000
1,590,88500000,88500100,2152,5380,88650000,88650000
1,591,88650000,88650100,2152,5380,88800000,88800000
1,592,88800000,88800100,2152,5380,88950000,88950000
1,593,88950000,88950100,2152,5380,89100000,89100000
1,594,89100000,89100100,2152,5380,89250000,89250000
1,595,89250000,89250100,2152,5380,89400000,89400000
1,596,89400000,89400100,2152,5380,89550000,89550000
1,597,89550000,89550100,2152,5380,89700000,89700000
1,598,89700000,89700100,2152,5380,89850000,89850000
1,599,89850000,89850100,2152,5380,90000000,90000000
1,600,90000000,90000100,2152,5380,90150000,90150000
1,601,90150000,90150100,2152,5380,90300000,90300000
1,602,90300000,90300100,2152,5380,90450000,90450000
1,603,90450000,90450100,2152,5380,90600000,90600000
1,604,90600000,90600100,2152,5380,90750000,90750000
1,605,90750000,90750100,2152,5380,90900000,90900000
1,606,90900000,90900100,2152,5380,91050000,91050000
1,607,91050000,91050100,2152,5380,91200000,91200000
1,608,91200000,91200100,2152,5380,91350000,91350000
1,609,91350000,91350100,2152,5380,91500000,91500000
1,610,91500000,91500100,2152,5380,91650000,91650000
1,611,91650000,91650100,2152,5380,91800000,91800000
1,612,91800000,91800100,2152,5380,91950000,91950000
1,613,91950000,91950100,2152,5380,92100000,92100000
1,614,92100000,92100100,2152,5380,92250000,92250000
1,615,92250000,92250100,2152,5380,92400000,92400000
1,616,92400000,92400100,2152,5380,92550000,92550000
1,617,92550000,92550100,2152,5380,92700000,92700000
1,618,92700000,92700100,2152,5380,92850000,92850000
1,619,92850000,92850100,2152,5380,93000000,93000000
1,620,93000000,93000100,2152,5380,93150000,93150000
1,621,93150000,93150100,2152,5380,93300000,93300000
1,622,93300000,93300100,2152,5380,93450000,93450000
1,623,93450000,93450100,2152,5380,93600000,93600000
1,624,93600000,93600100,2152,5380,93750000,93750000
1,625,93750000,93750100,2152,5380,93900000,93900000
1,626,93900000,93900100,2152,5380,94050000,94050000
1,627,94050000,94050100,2152,5380,94200000,94200000
1,628,94200000,94200100,2152,5380,94350000,94350000
1,629,94350000,94350100,2152,5380,94500000,94500000
1,630,94500000,94500100,2152,5380,94650000,94650000
1,631,94650000,94650100,2152,5380,94800000,94800000
1,632,94800000,94800100,2152,5380,94950000,94950000
1,633,94950000,94950100,2152,5380,95100000,95100000
1,634,95100000,95100100,2152,5380,95250000,95250000
1,635,95250000,95250100,2152,5380,95400000,95400000
1,636,95400000,95400100,2152,5380,95550000,95550000
1,637,95550000,95550100,2152,5380,95700000,95700000
1,638,95700000,95700100,2152,5380,95850000,95850000
1,639,95850000,95850100,2152,5380,96000000,96000000
1,640,96000000,96000100,2152,5380,96150000,96150000
1,641,96150000,96150100,2152,5380,96300000,96300000
1,642,96300000,96300100,2152,5380,96450000,96450000
1,643,96450000,96450100,2152,5380,96600000,96600000
1,644,96600000,96600100,2152,5380,96750000,96750000
1,645,96750000,96750100,2152,5380,96900000,96900000
1,646,96900000,96900100,2152,5380,97050000,97050000
1,647,97050000,97050100,2152,5380,97200000,97200000
1,648,97200000,97200100,2152,5380,97350000,97350000
1,649,97350000,97350100,2152,5380,97500000,97500000
1,650,97500000,97500100,2152,5380,97650000,97650000
1,651,97650000,97650100,2152,5380,97800000,97800000
1,652,97800000,97800100,2152,5380,97950000,97950000
1,653,97950000,97950100,2152,5380,98100000,98100000
1,654,98100000,98100100,2152,5380,98250000,98250000
1,655,98250000,98250100,2152,5380,98400000,98400000
1,656,98400000,98400100,2152,5380,98550000,98550000
1,657,98550000,98550100,2152,5380,98700000,98700000
1,658,98700000,98700100,2152,5380,98850000,98850000
1,659,98850000,98850100,2152,5380,99000000,99000000
1,660,99000000,99000100,2152,5380,99150000,99150000
1,661,99150000,99150100,2152,5380,99300000,99300000
1,662,99300000,99300100,2152,5380,99450000,99450000
1,663,99450000,99450100,2152,5380,99600000,99600000
1,664,99600000,99600100,2152,5380,99750000,99750000
1,665,99750000,99750100,2152,5380,99900000,99900000
1,666,99900000,99900100,2152,5380,100050000,100050000
1,667,100050000,100050100,2152,5380,100200000,100200000
1,668,100200000,100200100,2152,5380,100350000,100350000
1,669,100350000,100350100,2152,5380,100500000,100500000
1,670,100500000,100500100,2152,5380,100650000,100650000
1,671,100650000,100650100,2152,5380,100800000,100800000
1,672,100800000,100800100,2152,5380,100950000,100950000
1,673,100950000,100950100,2152,5380,101100000,101100000
1,674,101100000,101100100,2152,5380,101250000,101250000
1,675,101250000,101250100,2152,5380,101400000,101400000
1,676,101400000,101400100,2152,5380,101550000,101550000
1,677,101550000,101550100,2152,5380,101700000,101700000
1,678,101700000,101700100,2152,5380,101850000,101850000
1,679,101850000,101850100,2152,5380,102000000,102000000
1,680,102000000,102000100,2152,5380,102150000,102150000
1,681,102150000,102150100,2152,5380,102300000,102300000
1,682,102300000,102300100,2152,5380,102450000,102450000
1,683,102450000,102450100,2152,5380,102600000,102600000
1,684,102600000,102600100,2152,5380,102750000,102750000
1,685,102750000,102750100,2152,5380,102900000,102900000
1,686,102900000,102900100,2152,5380,103050000,103050000
1,687,103050000,103050100,2152,5380,103200000,103200000
1,688,103200000,103200100,2152,5380,103350000,103350000
1,689,103350000,103350100,2152,5380,103500000,103500000
1,690,103500000,103500100,2152,5380,103650000,103650000
1,691,103650000,103650100,2152,5380,103800000,103800000
1,692,103800000,103800100,2152,5380,103950000,103950000
1,693,103950000,103950100,2152,5380,104100000,104100000
1,694,104100000,104100100,2152,5380,104250000,104250000
1,695,104250000,104250100,2152,5380,104400000,104400000
1,696,104400000,104400100,2152,5380,104550000,104550000
1,697,104550000,104550100,2152,5380,104700000,104700000
1,698,104700000,104700100,2152,5380,104850000,104850000
1,699,104850000,104850100,2152,5380,105000000,105000000
1,700,105000000,105000100,2152,5380,105150000,105150000
1,701,105150000,105150100,2152,5380,105300000,105300000
1,702,105300000,105300100,2152,5380,105450000,105450000
1,703,105450000,105450100,2152,5380,105600000,105600000
1,704,105600000,105600100,2152,5380,105750000,105750000
1,705,105750000,105750100,2152,5380,105900000,105900000
1,706,105900000,105900100,2152,5380,106050000,106050000
1,707,106050000,106050100,2152,5380,106200000,106200000
1,708,106200000,106200100,2152,5380,106350000,106350000
1,709,106350000,106350100,2152,5380,106500000,106500000
1,710,106500000,106500100,2152,5380,106650000,106650000
1,711,106650000,106650100,2152,5380,106800000,106800000
1,712,106800000,106800100,2152,5380,106950000,106950000
1,713,106950000,106950100,2152,5380,107100000,107100000
1,714,107100000,107100100,2152,5380,107250000,107250000
1,715,107250000,107250100,2152,5380,107400000,107400000
1,716,107400000,107400100,2152,5380,107550000,107550000
1,717,107550000,107550100,2152,5380,107700000,107700000
1,718,107700000,107700100,2152,5380,107850000,107850000
1,719,107850000,107850100,2152,5380,108000000,108000000
1,720,108000000,108000100,2152,5380,108150000,108150000
1,721,108150000,108150100,2152,5380,108300000,108300000
1,722,108300000,108300100,2152,5380,108450000,108450000
1,723,108450000,108450100,2152,5380,108600000,108600000
1,724,108600000,108600100,2152,5380,108750000,108750000
1,725,108750000,108750100,2152,5380,108900000,108900000
1,726,108900000,108900100,2152,5380,109050000,109050000
1,727,109050000,109050100,2152,5380,109200000,109200000
1,728,109200000,109200100,2152,5380,109350000,109350000
1,729,109350000,109350100,2152,5380,109500000,109500000
1,730,109500000,109500100,2152,5380,109650000,109650000
1,731,109650000,109650100,2152,5380,109800000,109800000
1,732,109800000,109800100,2152,5380,109950000,109950000
1,733,109950000,109950100,2152,5380,110100000,110100000
1,734,110100000,110100100,2152,5380,110250000,110250000
1,735,110250000,110250100,2152,5380,110400000,110400000
1,736,110400000,110400100,2152,5380,110550000,110550000
1,737,110550000,110550100,2152,5380,110700000,110700000
1,738,110700000,110700100,2152,5380,110850000,110850000
1,739,110850000,110850100,2152,5380,111000000,111000000
1,740,111000000,111000100,2152,5380,111150000,111150000
1,741,111150000,111150100,2152,5380,111300000,111300000
1,742,111300000,111300100,2152,5380,111450000,111450000
1,743,111450000,111450100,2152,5380,111600000,111600000
1,744,111600000,111600100,2152,5380,111750000,111750000
1,745,111750000,111750100,2152,5380,111900000,111900000
1,746,111900000,111900100,2152,5380,112050000,112050000
1,747,112050000,112050100,2152,5380,112200000,112200000
1,748,112200000,112200100,2152,5380,112350000,112350000
1,749,112350000,112350100,2152,5380,112500000,112500000
1,750,112500000,112500100,2152,5380,112650000,112650000
1,751,112650000,112650100,2152,5380,112800000,112800000
1,752,112800000,112800100,2152,5380,112950000,112950000
1,753,112950000,112950100,2152,5380,113100000,113100000
1,754,113100000,113100100,2152,5380,113250000,113250000
1,755,113250000,113250100,2152,5380,113400000,113400000
1,756,113400000,113400100,2152,5380,113550000,113550000
1,757,113550000,113550100,2152,5380,113700000,113700000
1,758,113700000,113700100,2152,5380,113850000,113850000
1,759,113850000,113850100,2152,5380,114000000,114000000
1,760,114000000,114000100,2152,5380,114150000,114150000
1,761,114150000,114150100,2152,5380,114300000,114300000
1,762,114300000,114300100,2152,5380,114450000,114450000
1,763,114450000,114450100,2152,5380,114600000,114600000
1,764,114600000,114600100,2152,5380,114750000,114750000
1,765,114750000,114750100,2152,5380,114900000,114900000
1,766,114900000,114900100,2152,5380,115050000,115050000
1,767,115050000,115050100,2152,5380,115200000,115200000
1,768,115200000,115200100,2152,5380,115350000,115350000
1,769,115350000,115350100,2152,5380,115500000,115500000
1,770,115500000,115500100,2152,5380,115650000,115650000
1,771,115650000,115650100,2152,5380,115800000,115800000
1,772,115800000,115800100,2152,5380,115950000,115950000
1,773,115950000,115950100,2152,5380,116100000,116100000
1,774,116100000,116100100,2152,5380,116250000,116250000
1,775,116250000,116250100,2152,5380,116400000,116400000
1,776,116400000,116400100,2152,5380,116550000,116550000
1,777,116550000,116550100,2152,5380,116700000,116700000
1,778,116700000,116700100,2152,5380,116850000,116850000
1,779,116850000,116850100,2152,5380,117000000,117000000
2,0,0,100,11476,28692,200000,200000
2,1,200000,200100,11476,28692,400000,400000
2,2,400000,400100,11476,28692,600000,600000
2,3,600000,600100,11476,28692,800000,800000
2,4,800000,800100,11476,28692,1000000,1000000
2,5,1000000,1000100,11476,28692,1200000,1200000
2,6,1200000,1200100,11476,28692,1400000,1400000
2,7,1400000,1400100,11476,28692,1600000,1600000
2,8,1600000,1600100,11476,28692,1800000,1800000
2,9,1800000,1800100,11476,28692,2000000,2000000
2,10,2000000,2000100,11476,28692,2200000,2200000
2,11,2200000,2200100,11476,28692,2400000,2400000
2,12,2400000,2400100,11476,28692,2600000,2600000
2,13,2600000,2600100,11476,28692,2800000,2800000
2,14,2800000,2800100,11476,28692,3000000,3000000
2,15,3000000,3000100,11476,28692,3200000,3200000
2,16,3200000,3200100,11476,28692,3400000,3400000
2,17,3400000,3400100,11476,28692,3600000,3600000
2,18,3600000,3600100,11476,28692,3800000,3800000
2,19,3800000,3800100,11476,28692,4000000,4000000
2,20,4000000,4000100,11476,28692,4200000,4200000
2,21,4200000,4200100,11476,28692,4400000,4400000
2,22,4400000,4400100,11476,28692,4600000,4600000
2,23,4600000,4600100,11476,28692,4800000,4800000
2,24,4800000,4800100,11476,28692,5000000,5000000
2,25,5000000,5000100,11476,28692,5200000,5200000
2,26,5200000,5200100,11476,28692,5400000,5400000
2,27,5400000,5400100,11476,28692,5600000,5600000
2,28,5600000,5600100,11476,28692,5800000,5800000
2,29,5800000,5800100,11476,28692,6000000,6000000
2,30,6000000,6000100,11476,28692,6200000,6200000
2,31,6200000,6200100,11476,28692,6400000,6400000
2,32,6400000,6400100,11476,28692,6600000,6600000
2,33,6600000,6600100,11476,28692,6800000,6800000
2,34,6800000,6800100,11476,28692,7000000,7000000
2,35,7000000,7000100,11476,28692,7200000,7200000
2,36,7200000,7200100,11476,28692,7400000,7400000
2,37,7400000,7400100,11476,28692,7600000,7600000
2,38,7600000,7600100,11476,28692,7800000,7800000
2,39,7800000,7800100,11476,28692,8000000,8000000
2,40,8000000,8000100,11476,28692,8200000,8200000
2,41,8200000,8200100,11476,28692,8400000,8400000
2,42,8400000,8400100,11476,28692,8600000,8600000
2,43,8600000,8600100,11476,28692,8800000,8800000
2,44,8800000,8800100,11476,28692,9000000,9000000
2,45,9000000,9000100,11476,28692,9200000,9200000
2,46,9200000,9200100,11476,28692,9400000,9400000
2,47,9400000,9400100,11476,28692,9600000,9600000
2,48,9600000,9600100,11476,28692,9800000,9800000
2,49,9800000,9800100,11476,28692,10000000,10000000
2,50,10000000,10000100,11476,28692,10200000,10200000
2,51,10200000,10200100,11476,28692,10400000,10400000
2,52,10400000,10400100,11476,28692,10600000,10600000
2,53,10600000,10600100,11476,28692,10800000,10800000
2,54,10800000,10800100,11476,28692,11000000,11000000
2,55,11000000,11000100,11476,28692,11200000,11200000
2,56,11200000,11200100,11476,28692,11400000,11400000
2,57,11400000,11400100,11476,28692,11600000,11600000
2,58,11600000,11600100,11476,28692,11800000,11800000
2,59,11800000,11800100,11476,28692,12000000,12000000
2,60,12000000,12000100,11476,28692,12200000,12200000
2,61,12200000,12200100,11476,28692,12400000,12400000
2,62,12400000,12400100,11476,28692,12600000,12600000
2,63,12600000,12600100,11476,28692,12800000,12800000
2,64,12800000,12800100,11476,28692,13000000,13000000
2,65,13000000,13000100,11476,28692,13200000,13200000
2,66,13200000,13200100,11476,28692,13400000,13400000
2,67,13400000,13400100,11476,28692,13600000,13600000
2,68,13600000,13600100,11476,28692,13800000,13800000
2,69,13800000,13800100,11476,28692,14000000,14000000
2,70,14000000,14000100,11476,28692,14200000,14200000
2,71,14200000,14200100,11476,28692,14400000,14400000
2,72,14400000,14400100,11476,28692,14600000,14600000
2,73,14600000,14600100,11476,28692,14800000,14800000
2,74,14800000,14800100,11476,28692,15000000,15000000
2,75,15000000,15000100,11476,28692,15200000,15200000
2,76,15200000,15200100,11476,28692,15400000,15400000
2,77,15400000,15400100,11476,28692,15600000,15600000
2,78,15600000,15600100,11476,28692,15800000,15800000
2,79,15800000,15800100,11476,28692,16000000,16000000
2,80,16000000,16000100,11476,28692,16200000,16200000
2,81,16200000,16200100,11476,28692,16400000,16400000
2,82,16400000,16400100,11476,28692,16600000,16600000
2,83,16600000,16600100,11476,28692,16800000,16800000
2,84,16800000,16800100,11476,28692,17000000,17000000
2,85,17000000,17000100,11476,28692,17200000,17200000
2,86,17200000,17200100,11476,28692,17400000,17400000
2,87,17400000,17400100,11476,28692,17600000,17600000
2,88,17600000,17600100,11476,28692,17800000,17800000
2,89,17800000,17800100,11476,28692,18000000,18000000
2,90,18000000,18000100,11476,28692,18200000,18200000
2,91,18200000,18200100,11476,28692,18400000,18400000
2,92,18400000,18400100,11476,28692,18600000,18600000
2,93,18600000,18600100,11476,28692,18800000,18800000
2,94,18800000,18800100,11476,28692,19000000,19000000
2,95,19000000,19000100,11476,28692,19200000,19200000
2,96,19200000,19200100,11476,28692,19400000,19400000
2,97,19400000,19400100,11476,28692,19600000,19600000
2,98,19600000,19600100,11476,28692,19800000,19800000
2,99,19800000,19800100,11476,28692,20000000,20000000
2,100,20000000,20000100,11476,28692,20200000,20200000
2,101,20200000,20200100,11476,28692,20400000,20400000
2,102,20400000,20400100,11476,28692,20600000,20600000
2,103,20600000,20600100,11476,28692,20800000,20800000
2,104,20800000,20800100,11476,28692,21000000,21000000
2,105,21000000,21000100,11476,28692,21200000,21200000
2,106,21200000,21200100,11476,28692,21400000,21400000
2,107,21400000,21400100,11476,28692,21600000,21600000
2,108,21600000,21600100,11476,28692,21800000,21800000
2,109,21800000,21800100,11476,28692,22000000,22000000
2,110,22000000,22000100,11476,28692,22200000,22200000
2,111,22200000,22200100,11476,28692,22400000,22400000
2,112,22400000,22400100,11476,28692,22600000,22600000
2,113,22600000,22600100,11476,28692,22800000,22800000
2,114,22800000,22800100,11476,28692,23000000,23000000
2,115,23000000,23000100,11476,28692,23200000,23200000
2,116,23200000,23200100,11476,28692,23400000,23400000
2,117,23400000,23400100,11476,28692,23600000,23600000
2,118,23600000,23600100,11476,28692,23800000,23800000
2,119,23800000,23800100,11476,28692,24000000,24000000
2,120,24000000,24000100,11476,28692,24200000,24200000
2,121,24200000,24200100,11476,28692,24400000,24400000
2,122,24400000,24400100,11476,28692,24600000,24600000
2,123,24600000,24600100,11476,28692,24800000,24800000
2,124,24800000,24800100,11476,28692,25000000,25000000
2,125,25000000,25000100,11476,28692,25200000,25200000
2,126,25200000,25200100,11476,28692,25400000,25400000
2,127,25400000,25400100,11476,28692,25600000,25600000
2,128,25600000,25600100,11476,28692,25800000,25800000
2,129,25800000,25800100,11476,28692,26000000,26000000
2,130,26000000,26000100,11476,28692,26200000,26200000
2,131,26200000,26200100,11476,28692,26400000,26400000
2,132,26400000,26400100,11476,28692,26600000,26600000
2,133,26600000,26600100,11476,28692,26800000,26800000
2,134,26800000,26800100,11476,28692,27000000,27000000
2,135,27000000,27000100,11476,28692,27200000,27200000
2,136,27200000,27200100,11476,28692,27400000,27400000
2,137,27400000,27400100,11476,28692,27600000,27600000
2,138,27600000,27600100,11476,28692,27800000,27800000
2,139,27800000,27800100,11476,28692,28000000,28000000
2,140,28000000,28000100,11476,28692,28200000,28200000
2,141,28200000,28200100,11476,28692,28400000,28400000
2,142,28400000,28400100,11476,28692,28600000,28600000
2,143,28600000,28600100,11476,28692,28800000,28800000
2,144,28800000,28800100,11476,28692,29000000,29000000
2,145,29000000,29000100,11476,28692,29200000,29200000
2,146,29200000,29200100,11476,28692,29400000,29400000
2,147,29400000,29400100,11476,28692,29600000,29600000
2,148,29600000,29600100,11476,28692,29800000,29800000
2,149,29800000,29800100,11476,28692,30000000,30000000
2,150,30000000,30000100,11476,28692,30200000,30200000
2,151,30200000,30200100,11476,28692,30400000,30400000
2,152,30400000,30400100,11476,28692,30600000,30600000
2,153,30600000,30600100,11476,28692,30800000,30800000
2,154,30800000,30800100,11476,28692,31000000,31000000
2,155,31000000,31000100,11476,28692,31200000,31200000
2,156,31200000,31200100,11476,28692,31400000,31400000
2,157,31400000,31400100,11476,28692,31600000,31600000
2,158,31600000,31600100,11476,28692,31800000,31800000
2,159,31800000,31800100,11476,28692,32000000,32000000
2,160,32000000,32000100,11476,28692,32200000,32200000
2,161,32200000,32200100,11476,28692,32400000,32400000
2,162,32400000,32400100,11476,28692,32600000,32600000
2,163,32600000,32600100,11476,28692,32800000,32800000
2,164,32800000,32800100,11476,28692,33000000,33000000
2,165,33000000,33000100,11476,28692,33200000,33200000
2,166,33200000,33200100,11476,28692,33400000,33400000
2,167,33400000,33400100,11476,28692,33600000,33600000
2,168,33600000,33600100,11476,28692,33800000,33800000
2,169,33800000,33800100,11476,28692,34000000,34000000
2,170,34000000,34000100,11476,28692,34200000,34200000
2,171,34200000,34200100,11476,28692,34400000,34400000
2,172,34400000,34400100,11476,28692,34600000,34600000
2,173,34600000,34600100,11476,28692,34800000,34800000
2,174,34800000,34800100,11476,28692,35000000,35000000
2,175,35000000,35000100,11476,28692,35200000,35200000
2,176,35200000,35200100,11476,28692,35400000,35400000
2,177,35400000,35400100,11476,28692,35600000,35600000
2,178,35600000,35600100,11476,28692,35800000,35800000
2,179,35800000,35800100,11476,28692,36000000,36000000
2,180,36000000,36000100,11476,28692,36200000,36200000
2,181,36200000,36200100,11476,28692,36400000,36400000
2,182,36400000,36400100,11476,28692,36600000,36600000
2,183,36600000,36600100,11476,28692,36800000,36800000
2,184,36800000,36800100,11476,28692,37000000,37000000
2,185,37000000,37000100,11476,28692,37200000,37200000
2,186,37200000,37200100,11476,28692,37400000,37400000
2,187,37400000,37400100,11476,28692,37600000,37600000
2,188,37600000,37600100,11476,28692,37800000,37800000
2,189,37800000,37800100,11476,28692,38000000,38000000
2,190,38000000,38000100,11476,28692,38200000,38200000
2,191,38200000,38200100,11476,28692,38400000,38400000
2,192,38400000,38400100,11476,28692,38600000,38600000
2,193,38600000,38600100,11476,28692,38800000,38800000
2,194,38800000,38800100,11476,28692,39000000,39000000
2,195,39000000,39000100,11476,28692,39200000,39200000
2,196,39200000,39200100,11476,28692,39400000,39400000
2,197,39400000,39400100,11476,28692,39600000,39600000
2,198,39600000,39600100,11476,28692,39800000,39800000
2,199,39800000,39800100,11476,28692,40000000,40000000
2,200,40000000,40000100,11476,28692,40200000,40200000
2,201,40200000,40200100,11476,28692,40400000,40400000
2,202,40400000,40400100,11476,28692,40600000,40600000
2,203,40600000,40600100,11476,28692,40800000,40800000
2,204,40800000,40800100,11476,28692,41000000,41000000
2,205,41000000,41000100,11476,28692,41200000,41200000
2,206,41200000,41200100,11476,28692,41400000,41400000
2,207,41400000,41400100,11476,28692,41600000,41600000
2,208,41600000,41600100,11476,28692,41800000,41800000
2,209,41800000,41800100,11476,28692,42000000,42000000
2,210,42000000,42000100,11476,28692,42200000,42200000
2,211,42200000,42200100,11476,28692,42400000,42400000
2,212,42400000,42400100,11476,28692,42600000,42600000
2,213,42600000,42600100,11476,28692,42800000,42800000
2,214,42800000,42800100,11476,28692,43000000,43000000
2,215,43000000,43000100,11476,28692,43200000,43200000
2,216,43200000,43200100,11476,28692,43400000,43400000
2,217,43400000,43400100,11476,28692,43600000,43600000
2,218,43600000,43600100,11476,28692,43800000,43800000
2,219,43800000,43800100,11476,28692,44000000,44000000
2,220,44000000,44000100,11476,28692,44200000,44200000
2,221,44200000,44200100,11476,28692,44400000,44400000
2,222,44400000,44400100,11476,28692,44600000,44600000
2,223,44600000,44600100,11476,28692,44800000,44800000
2,224,44800000,44800100,11476,28692,45000000,45000000
2,225,45000000,45000100,11476,28692,45200000,45200000
2,226,45200000,45200100,11476,28692,45400000,45400000
2,227,45400000,45400100,11476,28692,45600000,45600000
2,228,45600000,45600100,11476,28692,45800000,45800000
2,229,45800000,45800100,11476,28692,46000000,46000000
2,230,46000000,46000100,11476,28692,46200000,46200000
2,231,46200000,46200100,11476,28692,46400000,46400000
2,232,46400000,46400100,11476,28692,46600000,46600000
2,233,46600000,46600100,11476,28692,46800000,46800000
2,234,46800000,46800100,11476,28692,47000000,47000000
2,235,47000000,47000100,11476,28692,47200000,47200000
2,236,47200000,47200100,11476,28692,47400000,47400000
2,237,47400000,47400100,11476,28692,47600000,47600000
2,238,47600000,47600100,11476,28692,47800000,47800000
2,239,47800000,47800100,11476,28692,48000000,48000000
2,240,48000000,48000100,11476,28692,48200000,48200000
2,241,48200000,48200100,11476,28692,48400000,48400000
2,242,48400000,48400100,11476,28692,48600000,48600000
2,243,48600000,48600100,11476,28692,48800000,48800000
2,244,48800000,48800100,11476,28692,49000000,49000000
2,245,49000000,49000100,11476,28692,49200000,49200000
2,246,49200000,49200100,11476,28692,49400000,49400000
2,247,49400000,49400100,11476,28692,49600000,49600000
2,248,49600000,49600100,11476,28692,49800000,49800000
2,249,49800000,49800100,11476,28692,50000000,50000000
2,250,50000000,50000100,11476,28692,50200000,50200000
2,251,50200000,50200100,11476,28692,50400000,50400000
2,252,50400000,50400100,11476,28692,50600000,50600000
2,253,50600000,50600100,11476,28692,50800000,50800000
2,254,50800000,50800100,11476,28692,51000000,51000000
2,255,51000000,51000100,11476,28692,51200000,51200000
2,256,51200000,51200100,11476,28692,51400000,51400000
2,257,51400000,51400100,11476,28692,51600000,51600000
2,258,51600000,51600100,11476,28692,51800000,51800000
2,259,51800000,51800100,11476,28692,52000000,52000000
2,260,52000000,52000100,11476,28692,52200000,52200000
2,261,52200000,52200100,11476,28692,52400000,52400000
2,262,52400000,52400100,11476,28692,52600000,52600000
2,263,52600000,52600100,11476,28692,52800000,52800000
2,264,52800000,52800100,11476,28692,53000000,53000000
2,265,53000000,53000100,11476,28692,53200000,53200000
2,266,53200000,53200100,11476,28692,53400000,53400000
2,267,53400000,53400100,11476,28692,53600000,53600000
2,268,53600000,53600100,11476,28692,53800000,53800000
2,269,53800000,53800100,11476,28692,54000000,54000000
2,270,54000000,54000100,11476,28692,54200000,54200000
2,271,54200000,54200100,11476,28692,54400000,54400000
2,272,54400000,54400100,11476,28692,54600000,54600000
2,273,54600000,54600100,11476,28692,54800000,54800000
2,274,54800000,54800100,11476,28692,55000000,55000000
2,275,55000000,55000100,11476,28692,55200000,55200000
2,276,55200000,55200100,11476,28692,55400000,55400000
2,277,55400000,55400100,11476,28692,55600000,55600000
2,278,55600000,55600100,11476,28692,55800000,55800000
2,279,55800000,55800100,11476,28692,56000000,56000000
2,280,56000000,56000100,11476,28692,56200000,56200000
2,281,56200000,56200100,11476,28692,56400000,56400000
2,282,56400000,56400100,11476,28692,56600000,56600000
2,283,56600000,56600100,11476,28692,56800000,56800000
2,284,56800000,56800100,11476,28692,57000000,57000000
2,285,57000000,57000100,11476,28692,57200000,57200000
2,286,57200000,57200100,11476,28692,57400000,57400000
2,287,57400000,57400100,11476,28692,57600000,57600000
2,288,57600000,57600100,11476,28692,57800000,57800000
2,289,57800000,57800100,11476,28692,58000000,58000000
2,290,58000000,58000100,11476,28692,58200000,58200000
2,291,58200000,58200100,11476,28692,58400000,58400000
2,292,58400000,58400100,11476,28692,58600000,58600000
2,293,58600000,58600100,11476,28692,58800000,58800000
2,294,58800000,58800100,11476,28692,59000000,59000000
2,295,59000000,59000100,11476,28692,59200000,59200000
2,296,59200000,59200100,11476,28692,59400000,59400000
2,297,59400000,59400100,11476,28692,59600000,59600000
2,298,59600000,59600100,11476,28692,59800000,59800000
2,299,59800000,59800100,11476,28692,60000000,60000000
2,300,60000000,60000100,11476,28692,60200000,60200000
2,301,60200000,60200100,11476,28692,60400000,60400000
2,302,60400000,60400100,11476,28692,60600000,60600000
2,303,60600000,60600100,11476,28692,60800000,60800000
2,304,60800000,60800100,11476,28692,61000000,61000000
2,305,61000000,61000100,11476,28692,61200000,61200000
2,306,61200000,61200100,11476,28692,61400000,61400000
2,307,61400000,61400100,11476,28692,61600000,61600000
2,308,61600000,61600100,11476,28692,61800000,61800000
2,309,61800000,61800100,11476,28692,62000000,62000000
2,310,62000000,62000100,11476,28692,62200000,62200000
2,311,62200000,62200100,11476,28692,62400000,62400000
2,312,62400000,62400100,11476,28692,62600000,62600000
2,313,62600000,62600100,11476,28692,62800000,62800000
2,314,62800000,62800100,11476,28692,63000000,63000000
2,315,63000000,63000100,11476,28692,63200000,63200000
2,316,63200000,63200100,11476,28692,63400000,63400000
2,317,63400000,63400100,11476,28692,63600000,63600000
2,318,63600000,63600100,11476,28692,63800000,63800000
2,319,63800000,63800100,11476,28692,64000000,64000000
2,320,64000000,64000100,11476,28692,64200000,64200000
2,321,64200000,64200100,11476,28692,64400000,64400000
2,322,64400000,64400100,11476,28692,64600000,64600000
2,323,64600000,64600100,11476,28692,64800000,64800000
2,324,64800000,64800100,11476,28692,65000000,65000000
2,325,65000000,65000100,11476,28692,65200000,65200000
2,326,65200000,65200100,11476,28692,65400000,65400000
2,327,65400000,65400100,11476,28692,65600000,65600000
2,328,65600000,65600100,11476,28692,65800000,65800000
2,329,65800000,65800100,11476,28692,66000000,66000000
2,330,66000000,66000100,11476,28692,66200000,66200000
2,331,66200000,66200100,11476,28692,66400000,66400000
2,332,66400000,66400100,11476,28692,66600000,66600000
2,333,66600000,66600100,11476,28692,66800000,66800000
2,334,66800000,66800100,11476,28692,67000000,67000000
2,335,67000000,67000100,11476,28692,67200000,67200000
2,336,67200000,67200100,11476,28692,67400000,67400000
2,337,67400000,67400100,11476,28692,67600000,67600000
2,338,67600000,67600100,11476,28692,67800000,67800000
2,339,67800000,67800100,11476,28692,68000000,68000000
2,340,68000000,68000100,11476,28692,68200000,68200000
2,341,68200000,68200100,11476,28692,68400000,68400000
2,342,68400000,68400100,11476,28692,68600000,68600000
2,343,68600000,68600100,11476,28692,68800000,68800000
2,344,68800000,68800100,11476,28692,69000000,69000000
2,345,69000000,69000100,11476,28692,69200000,69200000
2,346,69200000,69200100,11476,28692,69400000,69400000
2,347,69400000,69400100,11476,28692,69600000,69600000
2,348,69600000,69600100,11476,28692,69800000,69800000
2,349,69800000,69800100,11476,28692,70000000,70000000
2,350,70000000,70000100,11476,28692,70200000,70200000
2,351,70200000,70200100,11476,28692,70400000,70400000
2,352,70400000,70400100,11476,28692,70600000,70600000
2,353,70600000,70600100,11476,28692,70800000,70800000
2,354,70800000,70800100,11476,28692,71000000,71000000
2,355,71000000,71000100,11476,28692,71200000,71200000
2,356,71200000,71200100,11476,28692,71400000,71400000
2,357,71400000,71400100,11476,28692,71600000,71600000
2,358,71600000,71600100,11476,28692,71800000,71800000
2,359,71800000,71800100,11476,28692,72000000,72000000
2,360,72000000,72000100,11476,28692,72200000,72200000
2,361,72200000,72200100,11476,28692,72400000,72400000
2,362,72400000,72400100,11476,28692,72600000,72600000
2,363,72600000,72600100,11476,28692,72800000,72800000
2,364,72800000,72800100,11476,28692,73000000,73000000
2,365,73000000,73000100,11476,28692,73200000,73200000
2,366,73200000,73200100,11476,28692,73400000,73400000
2,367,73400000,73400100,11476,28692,73600000,73600000
2,368,73600000,73600100,11476,28692,73800000,73800000
2,369,73800000,73800100,11476,28692,74000000,74000000
2,370,74000000,74000100,11476,28692,74200000,74200000
2,371,74200000,74200100,11476,28692,74400000,74400000
2,372,74400000,74400100,11476,28692,74600000,74600000
2,373,74600000,74600100,11476,28692,74800000,74800000
2,374,74800000,74800100,11476,28692,75000000,75000000
2,375,75000000,75000100,11476,28692,75200000,75200000
2,376,75200000,75200100,11476,28692,75400000,75400000
2,377,75400000,75400100,11476,28692,75600000,75600000
2,378,75600000,75600100,11476,28692,75800000,75800000
2,379,75800000,75800100,11476,28692,76000000,76000000
2,380,76000000,76000100,11476,28692,76200000,76200000
2,381,76200000,76200100,11476,28692,76400000,76400000
2,382,76400000,76400100,11476,28692,76600000,76600000
2,383,76600000,76600100,11476,28692,76800000,76800000
2,384,76800000,76800100,11476,28692,77000000,77000000
2,385,77000000,77000100,11476,28692,77200000,77200000
2,386,77200000,77200100,11476,28692,77400000,77400000
2,387,77400000,77400100,11476,28692,77600000,77600000
2,388,77600000,77600100,11476,28692,77800000,77800000
2,389,77800000,77800100,11476,28692,78000000,78000000
2,390,78000000,78000100,11476,28692,78200000,78200000
2,391,78200000,78200100,11476,28692,78400000,78400000
2,392,78400000,78400100,11476,28692,78600000,78600000
2,393,78600000,78600100,11476,28692,78800000,78800000
2,394,78800000,78800100,11476,28692,79000000,79000000
2,395,79000000,79000100,11476,28692,79200000,79200000
2,396,79200000,79200100,11476,28692,79400000,79400000
2,397,79400000,79400100,11476,28692,79600000,79600000
2,398,79600000,79600100,11476,28692,79800000,79800000
2,399,79800000,79800100,11476,28692,80000000,80000000
2,400,80000000,80000100,11476,28692,80200000,80200000
2,401,80200000,80200100,11476,28692,80400000,80400000
2,402,80400000,80400100,11476,28692,80600000,80600000
2,403,80600000,80600100,11476,28692,80800000,80800000
2,404,80800000,80800100,11476,28692,81000000,81000000
2,405,81000000,81000100,11476,28692,81200000,81200000
2,406,81200000,81200100,11476,28692,81400000,81400000
2,407,81400000,81400100,11476,28692,81600000,81600000
2,408,81600000,81600100,11476,28692,81800000,81800000
2,409,81800000,81800100,11476,28692,82000000,82000000
2,410,82000000,82000100,11476,28692,82200000,82200000
2,411,82200000,82200100,11476,28692,82400000,82400000
2,412,82400000,82400100,11476,28692,82600000,82600000
2,413,82600000,82600100,11476,28692,82800000,82800000
2,414,82800000,82800100,11476,28692,83000000,83000000
2,415,83000000,83000100,11476,28692,83200000,83200000
2,416,83200000,83200100,11476,28692,83400000,83400000
2,417,83400000,83400100,11476,28692,83600000,83600000
2,418,83600000,83600100,11476,28692,83800000,83800000
2,419,83800000,83800100,11476,28692,84000000,84000000
2,420,84000000,84000100,11476,28692,84200000,84200000
2,421,84200000,84200100,11476,28692,84400000,84400000
2,422,84400000,84400100,11476,28692,84600000,84600000
2,423,84600000,84600100,11476,28692,84800000,84800000
2,424,84800000,84800100,11476,28692,85000000,85000000
2,425,85000000,85000100,11476,28692,85200000,85200000
2,426,85200000,85200100,11476,28692,85400000,85400000
2,427,85400000,85400100,11476,28692,85600000,85600000
2,428,85600000,85600100,11476,28692,85800000,85800000
2,429,85800000,85800100,11476,28692,86000000,86000000
2,430,86000000,86000100,11476,28692,86200000,86200000
2,431,86200000,86200100,11476,28692,86400000,86400000
2,432,86400000,86400100,11476,28692,86600000,86600000
2,433,86600000,86600100,11476,28692,86800000,86800000
2,434,86800000,86800100,11476,28692,87000000,87000000
2,435,87000000,87000100,11476,28692,87200000,87200000
2,436,87200000,87200100,11476,28692,87400000,87400000
2,437,87400000,87400100,11476,28692,87600000,87600000
2,438,87600000,87600100,11476,28692,87800000,87800000
2,439,87800000,87800100,11476,28692,88000000,88000000
2,440,88000000,88000100,11476,28692,88200000,88200000
2,441,88200000,88200100,11476,28692,88400000,88400000
2,442,88400000,88400100,11476,28692,88600000,88600000
2,443,88600000,88600100,11476,28692,88800000,88800000
2,444,88800000,88800100,11476,28692,89000000,89000000
2,445,89000000,89000100,11476,28692,89200000,89200000
2,446,89200000,89200100,11476,28692,89400000,89400000
2,447,89400000,89400100,11476,28692,89600000,89600000
2,448,89600000,89600100,11476,28692,89800000,89800000
2,449,89800000,89800100,11476,28692,90000000,90000000
2,450,90000000,90000100,11476,28692,90200000,90200000
2,451,90200000,90200100,11476,28692,90400000,90400000
2,452,90400000,90400100,11476,28692,90600000,90600000
2,453,90600000,90600100,11476,28692,90800000,90800000
2,454,90800000,90800100,11476,28692,91000000,91000000
2,455,91000000,91000100,11476,28692,91200000,91200000
2,456,91200000,91200100,11476,28692,91400000,91400000
2,457,91400000,91400100,11476,28692,91600000,91600000
2,458,91600000,91600100,11476,28692,91800000,91800000
2,459,91800000,91800100,11476,28692,92000000,92000000
2,460,92000000,92000100,11476,28692,92200000,92200000
2,461,92200000,92200100,11476,28692,92400000,92400000
2,462,92400000,92400100,11476,28692,92600000,92600000
2,463,92600000,92600100,11476,28692,92800000,92800000
2,464,92800000,92800100,11476,28692,93000000,93000000
2,465,93000000,93000100,11476,28692,93200000,93200000
2,466,93200000,93200100,11476,28692,93400000,93400000
2,467,93400000,93400100,11476,28692,93600000,93600000
2,468,93600000,93600100,11476,28692,93800000,93800000
2,469,93800000,93800100,11476,28692,94000000,94000000
2,470,94000000,94000100,11476,28692,94200000,94200000
2,471,94200000,94200100,11476,28692,94400000,94400000
2,472,94400000,94400100,11476,28692,94600000,94600000
2,473,94600000,94600100,11476,28692,94800000,94800000
2,474,94800000,94800100,11476,28692,95000000,95000000
2,475,95000000,95000100,11476,28692,95200000,95200000
2,476,95200000,95200100,11476,28692,95400000,95400000
2,477,95400000,95400100,11476,28692,95600000,95600000
2,478,95600000,95600100,11476,28692,95800000,95800000
2,479,95800000,95800100,11476,28692,96000000,96000000
2,480,96000000,96000100,11476,28692,96200000,96200000
2,481,96200000,96200100,11476,28692,96400000,96400000
2,482,96400000,96400100,11476,28692,96600000,96600000
2,483,96600000,96600100,11476,28692,96800000,96800000
2,484,96800000,96800100,11476,28692,97000000,97000000
2,485,97000000,97000100,11476,28692,97200000,97200000
2,486,97200000,97200100,11476,28692,97400000,97400000
2,487,97400000,97400100,11476,28692,97600000,97600000
2,488,97600000,97600100,11476,28692,97800000,97800000
2,489,97800000,97800100,11476,28692,98000000,98000000
2,490,98000000,98000100,11476,28692,98200000,98200000
2,491,98200000,98200100,11476,28692,98400000,98400000
2,492,98400000,98400100,11476,28692,98600000,98600000
2,493,98600000,98600100,11476,28692,98800000,98800000
2,494,98800000,98800100,11476,28692,99000000,99000000
2,495,99000000,99000100,11476,28692,99200000,99200000
2,496,99200000,99200100,11476,28692,99400000,99400000
2,497,99400000,99400100,11476,28692,99600000,99600000
2,498,99600000,99600100,11476,28692,99800000,99800000
2,499,99800000,99800100,11476,28692,100000000,100000000
2,500,100000000,100000100,11476,28692,100200000,100200000
2,501,100200000,100200100,11476,28692,100400000,100400000
2,502,100400000,100400100,11476,28692,100600000,100600000
2,503,100600000,100600100,11476,28692,100800000,100800000
2,504,100800000,100800100,11476,28692,101000000,101000000
2,505,101000000,101000100,11476,28692,101200000,101200000
2,506,101200000,101200100,11476,28692,101400000,101400000
2,507,101400000,101400100,11476,28692,101600000,101600000
2,508,101600000,101600100,11476,28692,101800000,101800000
2,509,101800000,101800100,11476,28692,102000000,102000000
2,510,102000000,102000100,11476,28692,102200000,102200000
2,511,102200000,102200100,11476,28692,102400000,102400000
2,512,102400000,102400100,11476,28692,102600000,102600000
2,513,102600000,102600100,11476,28692,102800000,102800000
2,514,102800000,102800100,11476,28692,103000000,103000000
2,515,103000000,103000100,11476,28692,103200000,103200000
2,516,103200000,103200100,11476,28692,103400000,103400000
2,517,103400000,103400100,11476,28692,103600000,103600000
2,518,103600000,103600100,11476,28692,103800000,103800000
2,519,103800000,103800100,11476,28692,104000000,104000000
2,520,104000000,104000100,11476,28692,104200000,104200000
2,521,104200000,104200100,11476,28692,104400000,104400000
2,522,104400000,104400100,11476,28692,104600000,104600000
2,523,104600000,104600100,11476,28692,104800000,104800000
2,524,104800000,104800100,11476,28692,105000000,105000000
2,525,105000000,105000100,11476,28692,105200000,105200000
2,526,105200000,105200100,11476,28692,105400000,105400000
2,527,105400000,105400100,11476,28692,105600000,105600000
2,528,105600000,105600100,11476,28692,105800000,105800000
2,529,105800000,105800100,11476,28692,106000000,106000000
2,530,106000000,106000100,11476,28692,106200000,106200000
2,531,106200000,106200100,11476,28692,106400000,106400000
2,532,106400000,106400100,11476,28692,106600000,106600000
2,533,106600000,106600100,11476,28692,106800000,106800000
2,534,106800000,106800100,11476,28692,107000000,107000000
2,535,107000000,107000100,11476,28692,107200000,107200000
2,536,107200000,107200100,11476,28692,107400000,107400000
2,537,107400000,107400100,11476,28692,107600000,107600000
2,538,107600000,107600100,11476,28692,107800000,107800000
2,539,107800000,107800100,11476,28692,108000000,108000000
2,540,108000000,108000100,11476,28692,108200000,108200000
2,541,108200000,108200100,11476,28692,108400000,108400000
2,542,108400000,108400100,11476,28692,108600000,108600000
2,543,108600000,108600100,11476,28692,108800000,108800000
2,544,108800000,108800100,11476,28692,109000000,109000000
2,545,109000000,109000100,11476,28692,109200000,109200000
2,546,109200000,109200100,11476,28692,109400000,109400000
2,547,109400000,109400100,11476,28692,109600000,109600000
2,548,109600000,109600100,11476,28692,109800000,109800000
2,549,109800000,109800100,11476,28692,110000000,110000000
2,550,110000000,110000100,11476,28692,110200000,110200000
2,551,110200000,110200100,11476,28692,110400000,110400000
2,552,110400000,110400100,11476,28692,110600000,110600000
2,553,110600000,110600100,11476,28692,110800000,110800000
2,554,110800000,110800100,11476,28692,111000000,111000000
2,555,111000000,111000100,11476,28692,111200000,111200000
2,556,111200000,111200100,11476,28692,111400000,111400000
2,557,111400000,111400100,11476,28692,111600000,111600000
2,558,111600000,111600100,11476,28692,111800000,111800000
2,559,111800000,111800100,11476,28692,112000000,112000000
2,560,112000000,112000100,11476,28692,112200000,112200000
2,561,112200000,112200100,11476,28692,112400000,112400000
2,562,112400000,112400100,11476,28692,112600000,112600000
2,563,112600000,112600100,11476,28692,112800000,112800000
2,564,112800000,112800100,11476,28692,113000000,113000000
2,565,113000000,113000100,11476,28692,113200000,113200000
2,566,113200000,113200100,11476,28692,113400000,113400000
2,567,113400000,113400100,11476,28692,113600000,113600000
2,568,113600000,113600100,11476,28692,113800000,113800000
2,569,113800000,113800100,11476,28692,114000000,114000000
2,570,114000000,114000100,11476,28692,114200000,114200000
2,571,114200000,114200100,11476,28692,114400000,114400000
2,572,114400000,114400100,11476,28692,114600000,114600000
2,573,114600000,114600100,11476,28692,114800000,114800000
2,574,114800000,114800100,11476,28692,115000000,115000000
2,575,115000000,115000100,11476,28692,115200000,115200000
2,576,115200000,115200100,11476,28692,115400000,115400000
2,577,115400000,115400100,11476,28692,115600000,115600000
2,578,115600000,115600100,11476,28692,115800000,115800000
2,579,115800000,115800100,11476,28692,116000000,116000000
2,580,116000000,116000100,11476,28692,116200000,116200000
2,581,116200000,116200100,11476,28692,116400000,116400000
2,582,116400000,116400100,11476,28692,116600000,116600000
2,583,116600000,116600100,11476,28692,116800000,116800000
2,584,116800000,116800100,11476,28692,117000000,117000000
3,0,0,100,39812,99531,250000,250000
3,1,250000,250100,39812,99531,500000,500000
3,2,500000,500100,39812,99531,750000,750000
3,3,750000,750100,39812,99531,1000000,1000000
3,4,1000000,1000100,39812,99531,1250000,1250000
3,5,1250000,1250100,39812,99531,1500000,1500000
3,6,1500000,1500100,39812,99531,1750000,1750000
3,7,1750000,1750100,39812,99531,2000000,2000000
3,8,2000000,2000100,39812,99531,2250000,2250000
3,9,2250000,2250100,39812,99531,2500000,2500000
3,10,2500000,2500100,39812,99531,2750000,2750000
3,11,2750000,2750100,39812,99531,3000000,3000000
3,12,3000000,3000100,39812,99531,3250000,3250000
3,13,3250000,3250100,39812,99531,3500000,3500000
3,14,3500000,3500100,39812,99531,3750000,3750000
3,15,3750000,3750100,39812,99531,4000000,4000000
3,16,4000000,4000100,39812,99531,4250000,4250000
3,17,4250000,4250100,39812,99531,4500000,4500000
3,18,4500000,4500100,39812,99531,4750000,4750000
3,19,4750000,4750100,39812,99531,5000000,5000000
3,20,5000000,5000100,39812,99531,5250000,5250000
3,21,5250000,5250100,39812,99531,5500000,5500000
3,22,5500000,5500100,39812,99531,5750000,5750000
3,23,5750000,5750100,39812,99531,6000000,6000000
3,24,6000000,6000100,39812,99531,6250000,6250000
3,25,6250000,6250100,39812,99531,6500000,6500000
3,26,6500000,6500100,39812,99531,6750000,6750000
3,27,6750000,6750100,39812,99531,7000000,7000000
3,28,7000000,7000100,39812,99531,7250000,7250000
3,29,7250000,7250100,39812,99531,7500000,7500000
3,30,7500000,7500100,39812,99531,7750000,7750000
3,31,7750000,7750100,39812,99531,8000000,8000000
3,32,8000000,8000100,39812,99531,8250000,8250000
3,33,8250000,8250100,39812,99531,8500000,8500000
3,34,8500000,8500100,39812,99531,8750000,8750000
3,35,8750000,8750100,39812,99531,9000000,9000000
3,36,9000000,9000100,39812,99531,9250000,9250000
3,37,9250000,9250100,39812,99531,9500000,9500000
3,38,9500000,9500100,39812,99531,9750000,9750000
3,39,9750000,9750100,39812,99531,10000000,10000000
3,40,10000000,10000100,39812,99531,10250000,10250000
3,41,10250000,10250100,39812,99531,10500000,10500000
3,42,10500000,10500100,39812,99531,10750000,10750000
3,43,10750000,10750100,39812,99531,11000000,11000000
3,44,11000000,11000100,39812,99531,11250000,11250000
3,45,11250000,11250100,39812,99531,11500000,11500000
3,46,11500000,11500100,39812,99531,11750000,11750000
3,47,11750000,11750100,39812,99531,12000000,12000000
3,48,12000000,12000100,39812,99531,12250000,12250000
3,49,12250000,12250100,39812,99531,12500000,12500000
3,50,12500000,12500100,39812,99531,12750000,12750000
3,51,12750000,12750100,39812,99531,13000000,13000000
3,52,13000000,13000100,39812,99531,13250000,13250000
3,53,13250000,13250100,39812,99531,13500000,13500000
3,54,13500000,13500100,39812,99531,13750000,13750000
3,55,13750000,13750100,39812,99531,14000000,14000000
3,56,14000000,14000100,39812,99531,14250000,14250000
3,57,14250000,14250100,39812,99531,14500000,14500000
3,58,14500000,14500100,39812,99531,14750000,14750000
3,59,14750000,14750100,39812,99531,15000000,15000000
3,60,15000000,15000100,39812,99531,15250000,15250000
3,61,15250000,15250100,39812,99531,15500000,15500000
3,62,15500000,15500100,39812,99531,15750000,15750000
3,63,15750000,15750100,39812,99531,16000000,16000000
3,64,16000000,16000100,39812,99531,16250000,16250000
3,65,16250000,16250100,39812,99531,16500000,16500000
3,66,16500000,16500100,39812,99531,16750000,16750000
3,67,16750000,16750100,39812,99531,17000000,17000000
3,68,17000000,17000100,39812,99531,17250000,17250000
3,69,17250000,17250100,39812,99531,17500000,17500000
3,70,17500000,17500100,39812,99531,17750000,17750000
3,71,17750000,17750100,39812,99531,18000000,18000000
3,72,18000000,18000100,39812,99531,18250000,18250000
3,73,18250000,18250100,39812,99531,18500000,18500000
3,74,18500000,18500100,39812,99531,18750000,18750000
3,75,18750000,18750100,39812,99531,19000000,19000000
3,76,19000000,19000100,39812,99531,19250000,19250000
3,77,19250000,19250100,39812,99531,19500000,19500000
3,78,19500000,19500100,39812,99531,19750000,19750000
3,79,19750000,19750100,39812,99531,20000000,20000000
3,80,20000000,20000100,39812,99531,20250000,20250000
3,81,20250000,20250100,39812,99531,20500000,20500000
3,82,20500000,20500100,39812,99531,20750000,20750000
3,83,20750000,20750100,39812,99531,21000000,21000000
3,84,21000000,21000100,39812,99531,21250000,21250000
3,85,21250000,21250100,39812,99531,21500000,21500000
3,86,21500000,21500100,39812,99531,21750000,21750000
3,87,21750000,21750100,39812,99531,22000000,22000000
3,88,22000000,22000100,39812,99531,22250000,22250000
3,89,22250000,22250100,39812,99531,22500000,22500000
3,90,22500000,22500100,39812,99531,22750000,22750000
3,91,22750000,22750100,39812,99531,23000000,23000000
3,92,23000000,23000100,39812,99531,23250000,23250000
3,93,23250000,23250100,39812,99531,23500000,23500000
3,94,23500000,23500100,39812,99531,23750000,23750000
3,95,23750000,23750100,39812,99531,24000000,24000000
3,96,24000000,24000100,39812,99531,24250000,24250000
3,97,24250000,24250100,39812,99531,24500000,24500000
3,98,24500000,24500100,39812,99531,24750000,24750000
3,99,24750000,24750100,39812,99531,25000000,25000000
3,100,25000000,25000100,39812,99531,25250000,25250000
3,101,25250000,25250100,39812,99531,25500000,25500000
3,102,25500000,25500100,39812,99531,25750000,25750000
3,103,25750000,25750100,39812,99531,26000000,26000000
3,104,26000000,26000100,39812,99531,26250000,26250000
3,105,26250000,26250100,39812,99531,26500000,26500000
3,106,26500000,26500100,39812,99531,26750000,26750000
3,107,26750000,26750100,39812,99531,27000000,27000000
3,108,27000000,27000100,39812,99531,27250000,27250000
3,109,27250000,27250100,39812,99531,27500000,27500000
3,110,27500000,27500100,39812,99531,27750000,27750000
3,111,27750000,27750100,39812,99531,28000000,28000000
3,112,28000000,28000100,39812,99531,28250000,28250000
3,113,28250000,28250100,39812,99531,28500000,28500000
3,114,28500000,28500100,39812,99531,28750000,28750000
3,115,28750000,28750100,39812,99531,29000000,29000000
3,116,29000000,29000100,39812,99531,29250000,29250000
3,117,29250000,29250100,39812,99531,29500000,29500000
3,118,29500000,29500100,39812,99531,29750000,29750000
3,119,29750000,29750100,39812,99531,30000000,30000000
3,120,30000000,30000100,39812,99531,30250000,30250000
3,121,30250000,30250100,39812,99531,30500000,30500000
3,122,30500000,30500100,39812,99531,30750000,30750000
3,123,30750000,30750100,39812,99531,31000000,31000000
3,124,31000000,31000100,39812,99531,31250000,31250000
3,125,31250000,31250100,39812,99531,31500000,31500000
3,126,31500000,31500100,39812,99531,31750000,31750000
3,127,31750000,31750100,39812,99531,32000000,32000000
3,128,32000000,32000100,39812,99531,32250000,32250000
3,129,32250000,32250100,39812,99531,32500000,32500000
3,130,32500000,32500100,39812,99531,32750000,32750000
3,131,32750000,32750100,39812,99531,33000000,33000000
3,132,33000000,33000100,39812,99531,33250000,33250000
3,133,33250000,33250100,39812,99531,33500000,33500000
3,134,33500000,33500100,39812,99531,33750000,33750000
3,135,33750000,33750100,39812,99531,34000000,34000000
3,136,34000000,34000100,39812,99531,34250000,34250000
3,137,34250000,34250100,39812,99531,34500000,34500000
3,138,34500000,34500100,39812,99531,34750000,34750000
3,139,34750000,34750100,39812,99531,35000000,35000000
3,140,35000000,35000100,39812,99531,35250000,35250000
3,141,35250000,35250100,39812,99531,35500000,35500000
3,142,35500000,35500100,39812,99531,35750000,35750000
3,143,35750000,35750100,39812,99531,36000000,36000000
3,144,36000000,36000100,39812,99531,36250000,36250000
3,145,36250000,36250100,39812,99531,36500000,36500000
3,146,36500000,36500100,39812,99531,36750000,36750000
3,147,36750000,36750100,39812,99531,37000000,37000000
3,148,37000000,37000100,39812,99531,37250000,37250000
3,149,37250000,37250100,39812,99531,37500000,37500000
3,150,37500000,37500100,39812,99531,37750000,37750000
3,151,37750000,37750100,39812,99531,38000000,38000000
3,152,38000000,38000100,39812,99531,38250000,38250000
3,153,38250000,38250100,39812,99531,38500000,38500000
3,154,38500000,38500100,39812,99531,38750000,38750000
3,155,38750000,38750100,39812,99531,39000000,39000000
3,156,39000000,39000100,39812,99531,39250000,39250000
3,157,39250000,39250100,39812,99531,39500000,39500000
3,158,39500000,39500100,39812,99531,39750000,39750000
3,159,39750000,39750100,39812,99531,40000000,40000000
3,160,40000000,40000100,39812,99531,40250000,40250000
3,161,40250000,40250100,39812,99531,40500000,40500000
3,162,40500000,40500100,39812,99531,40750000,40750000
3,163,40750000,40750100,39812,99531,41000000,41000000
3,164,41000000,41000100,39812,99531,41250000,41250000
3,165,41250000,41250100,39812,99531,41500000,41500000
3,166,41500000,41500100,39812,99531,41750000,41750000
3,167,41750000,41750100,39812,99531,42000000,42000000
3,168,42000000,42000100,39812,99531,42250000,42250000
3,169,42250000,42250100,39812,99531,42500000,42500000
3,170,42500000,42500100,39812,99531,42750000,42750000
3,171,42750000,42750100,39812,99531,43000000,43000000
3,172,43000000,43000100,39812,99531,43250000,43250000
3,173,43250000,43250100,39812,99531,43500000,43500000
3,174,43500000,43500100,39812,99531,43750000,43750000
3,175,43750000,43750100,39812,99531,44000000,44000000
3,176,44000000,44000100,39812,99531,44250000,44250000
3,177,44250000,44250100,39812,99531,44500000,44500000
3,178,44500000,44500100,39812,99531,44750000,44750000
3,179,44750000,44750100,39812,99531,45000000,45000000
3,180,45000000,45000100,39812,99531,45250000,45250000
3,181,45250000,45250100,39812,99531,45500000,45500000
3,182,45500000,45500100,39812,99531,45750000,45750000
3,183,45750000,45750100,39812,99531,46000000,46000000
3,184,46000000,46000100,39812,99531,46250000,46250000
3,185,46250000,46250100,39812,99531,46500000,46500000
3,186,46500000,46500100,39812,99531,46750000,46750000
3,187,46750000,46750100,39812,99531,47000000,47000000
3,188,47000000,47000100,39812,99531,47250000,47250000
3,189,47250000,47250100,39812,99531,47500000,47500000
3,190,47500000,47500100,39812,99531,47750000,47750000
3,191,47750000,47750100,39812,99531,48000000,48000000
3,192,48000000,48000100,39812,99531,48250000,48250000
3,193,48250000,48250100,39812,99531,48500000,48500000
3,194,48500000,48500100,39812,99531,48750000,48750000
3,195,48750000,48750100,39812,99531,49000000,49000000
3,196,49000000,49000100,39812,99531,49250000,49250000
3,197,49250000,49250100,39812,99531,49500000,49500000
3,198,49500000,49500100,39812,99531,49750000,49750000
3,199,49750000,49750100,39812,99531,50000000,50000000
3,200,50000000,50000100,39812,99531,50250000,50250000
3,201,50250000,50250100,39812,99531,50500000,50500000
3,202,50500000,50500100,39812,99531,50750000,50750000
3,203,50750000,50750100,39812,99531,51000000,51000000
3,204,51000000,51000100,39812,99531,51250000,51250000
3,205,51250000,51250100,39812,99531,51500000,51500000
3,206,51500000,51500100,39812,99531,51750000,51750000
3,207,51750000,51750100,39812,99531,52000000,52000000
3,208,52000000,52000100,39812,99531,52250000,52250000
3,209,52250000,52250100,39812,99531,52500000,52500000
3,210,52500000,52500100,39812,99531,52750000,52750000
3,211,52750000,52750100,39812,99531,53000000,53000000
3,212,53000000,53000100,39812,99531,53250000,53250000
3,213,53250000,53250100,39812,99531,53500000,53500000
3,214,53500000,53500100,39812,99531,53750000,53750000
3,215,53750000,53750100,39812,99531,54000000,54000000
3,216,54000000,54000100,39812,99531,54250000,54250000
3,217,54250000,54250100,39812,99531,54500000,54500000
3,218,54500000,54500100,39812,99531,54750000,54750000
3,219,54750000,54750100,39812,99531,55000000,55000000
3,220,55000000,55000100,39812,99531,55250000,55250000
3,221,55250000,55250100,39812,99531,55500000,55500000
3,222,55500000,55500100,39812,99531,55750000,55750000
3,223,55750000,55750100,39812,99531,56000000,56000000
3,224,56000000,56000100,39812,99531,56250000,56250000
3,225,56250000,56250100,39812,99531,56500000,56500000
3,226,56500000,56500100,39812,99531,56750000,56750000
3,227,56750000,56750100,39812,99531,57000000,57000000
3,228,57000000,57000100,39812,99531,57250000,57250000
3,229,57250000,57250100,39812,99531,57500000,57500000
3,230,57500000,57500100,39812,99531,57750000,57750000
3,231,57750000,57750100,39812,99531,58000000,58000000
3,232,58000000,58000100,39812,99531,58250000,58250000
3,233,58250000,58250100,39812,99531,58500000,58500000
3,234,58500000,58500100,39812,99531,58750000,58750000
3,235,58750000,58750100,39812,99531,59000000,59000000
3,236,59000000,59000100,39812,99531,59250000,59250000
3,237,59250000,59250100,39812,99531,59500000,59500000
3,238,59500000,59500100,39812,99531,59750000,59750000
3,239,59750000,59750100,39812,99531,60000000,60000000
3,240,60000000,60000100,39812,99531,60250000,60250000
3,241,60250000,60250100,39812,99531,60500000,60500000
3,242,60500000,60500100,39812,99531,60750000,60750000
3,243,60750000,60750100,39812,99531,61000000,61000000
3,244,61000000,61000100,39812,99531,61250000,61250000
3,245,61250000,61250100,39812,99531,61500000,61500000
3,246,61500000,61500100,39812,99531,61750000,61750000
3,247,61750000,61750100,39812,99531,62000000,62000000
3,248,62000000,62000100,39812,99531,62250000,62250000
3,249,62250000,62250100,39812,99531,62500000,62500000
3,250,62500000,62500100,39812,99531,62750000,62750000
3,251,62750000,62750100,39812,99531,63000000,63000000
3,252,63000000,63000100,39812,99531,63250000,63250000
3,253,63250000,63250100,39812,99531,63500000,63500000
3,254,63500000,63500100,39812,99531,63750000,63750000
3,255,63750000,63750100,39812,99531,64000000,64000000
3,256,64000000,64000100,39812,99531,64250000,64250000
3,257,64250000,64250100,39812,99531,64500000,64500000
3,258,64500000,64500100,39812,99531,64750000,64750000
3,259,64750000,64750100,39812,99531,65000000,65000000
3,260,65000000,65000100,39812,99531,65250000,65250000
3,261,65250000,65250100,39812,99531,65500000,65500000
3,262,65500000,65500100,39812,99531,65750000,65750000
3,263,65750000,65750100,39812,99531,66000000,66000000
3,264,66000000,66000100,39812,99531,66250000,66250000
3,265,66250000,66250100,39812,99531,66500000,66500000
3,266,66500000,66500100,39812,99531,66750000,66750000
3,267,66750000,66750100,39812,99531,67000000,67000000
3,268,67000000,67000100,39812,99531,67250000,67250000
3,269,67250000,67250100,39812,99531,67500000,67500000
3,270,67500000,67500100,39812,99531,67750000,67750000
3,271,67750000,67750100,39812,99531,68000000,68000000
3,272,68000000,68000100,39812,99531,68250000,68250000
3,273,68250000,68250100,39812,99531,68500000,68500000
3,274,68500000,68500100,39812,99531,68750000,68750000
3,275,68750000,68750100,39812,99531,69000000,69000000
3,276,69000000,69000100,39812,99531,69250000,69250000
3,277,69250000,69250100,39812,99531,69500000,69500000
3,278,69500000,69500100,39812,99531,69750000,69750000
3,279,69750000,69750100,39812,99531,70000000,70000000
3,280,70000000,70000100,39812,99531,70250000,70250000
3,281,70250000,70250100,39812,99531,70500000,70500000
3,282,70500000,70500100,39812,99531,70750000,70750000
3,283,70750000,70750100,39812,99531,71000000,71000000
3,284,71000000,71000100,39812,99531,71250000,71250000
3,285,71250000,71250100,39812,99531,71500000,71500000
3,286,71500000,71500100,39812,99531,71750000,71750000
3,287,71750000,71750100,39812,99531,72000000,72000000
3,288,72000000,72000100,39812,99531,72250000,72250000
3,289,72250000,72250100,39812,99531,72500000,72500000
3,290,72500000,72500100,39812,99531,72750000,72750000
3,291,72750000,72750100,39812,99531,73000000,73000000
3,292,73000000,73000100,39812,99531,73250000,73250000
3,293,73250000,73250100,39812,99531,73500000,73500000
3,294,73500000,73500100,39812,99531,73750000,73750000
3,295,73750000,73750100,39812,99531,74000000,74000000
3,296,74000000,74000100,39812,99531,74250000,74250000
3,297,74250000,74250100,39812,99531,74500000,74500000
3,298,74500000,74500100,39812,99531,74750000,74750000
3,299,74750000,74750100,39812,99531,75000000,75000000
3,300,75000000,75000100,39812,99531,75250000,75250000
3,301,75250000,75250100,39812,99531,75500000,75500000
3,302,75500000,75500100,39812,99531,75750000,75750000
3,303,75750000,75750100,39812,99531,76000000,76000000
3,304,76000000,76000100,39812,99531,76250000,76250000
3,305,76250000,76250100,39812,99531,76500000,76500000
3,306,76500000,76500100,39812,99531,76750000,76750000
3,307,76750000,76750100,39812,99531,77000000,77000000
3,308,77000000,77000100,39812,99531,77250000,77250000
3,309,77250000,77250100,39812,99531,77500000,77500000
3,310,77500000,77500100,39812,99531,77750000,77750000
3,311,77750000,77750100,39812,99531,78000000,78000000
3,312,78000000,78000100,39812,99531,78250000,78250000
3,313,78250000,78250100,39812,99531,78500000,78500000
3,314,78500000,78500100,39812,99531,78750000,78750000
3,315,78750000,78750100,39812,99531,79000000,79000000
3,316,79000000,79000100,39812,99531,79250000,79250000
3,317,79250000,79250100,39812,99531,79500000,79500000
3,318,79500000,79500100,39812,99531,79750000,79750000
3,319,79750000,79750100,39812,99531,80000000,80000000
3,320,80000000,80000100,39812,99531,80250000,80250000
3,321,80250000,80250100,39812,99531,80500000,80500000
3,322,80500000,80500100,39812,99531,80750000,80750000
3,323,80750000,80750100,39812,99531,81000000,81000000
3,324,81000000,81000100,39812,99531,81250000,81250000
3,325,81250000,81250100,39812,99531,81500000,81500000
3,326,81500000,81500100,39812,99531,81750000,81750000
3,327,81750000,81750100,39812,99531,82000000,82000000
3,328,82000000,82000100,39812,99531,82250000,82250000
3,329,82250000,82250100,39812,99531,82500000,82500000
3,330,82500000,82500100,39812,99531,82750000,82750000
3,331,82750000,82750100,39812,99531,83000000,83000000
3,332,83000000,83000100,39812,99531,83250000,83250000
3,333,83250000,83250100,39812,99531,83500000,83500000
3,334,83500000,83500100,39812,99531,83750000,83750000
3,335,83750000,83750100,39812,99531,84000000,84000000
3,336,84000000,84000100,39812,99531,84250000,84250000
3,337,84250000,84250100,39812,99531,84500000,84500000
3,338,84500000,84500100,39812,99531,84750000,84750000
3,339,84750000,84750100,39812,99531,85000000,85000000
3,340,85000000,85000100,39812,99531,85250000,85250000
3,341,85250000,85250100,39812,99531,85500000,85500000
3,342,85500000,85500100,39812,99531,85750000,85750000
3,343,85750000,85750100,39812,99531,86000000,86000000
3,344,86000000,86000100,39812,99531,86250000,86250000
3,345,86250000,86250100,39812,99531,86500000,86500000
3,346,86500000,86500100,39812,99531,86750000,86750000
3,347,86750000,86750100,39812,99531,87000000,87000000
3,348,87000000,87000100,39812,99531,87250000,87250000
3,349,87250000,87250100,39812,99531,87500000,87500000
3,350,87500000,87500100,39812,99531,87750000,87750000
3,351,87750000,87750100,39812,99531,88000000,88000000
3,352,88000000,88000100,39812,99531,88250000,88250000
3,353,88250000,88250100,39812,99531,88500000,88500000
3,354,88500000,88500100,39812,99531,88750000,88750000
3,355,88750000,88750100,39812,99531,89000000,89000000
3,356,89000000,89000100,39812,99531,89250000,89250000
3,357,89250000,89250100,39812,99531,89500000,89500000
3,358,89500000,89500100,39812,99531,89750000,89750000
3,359,89750000,89750100,39812,99531,90000000,90000000
3,360,90000000,90000100,39812,99531,90250000,90250000
3,361,90250000,90250100,39812,99531,90500000,90500000
3,362,90500000,90500100,39812,99531,90750000,90750000
3,363,90750000,90750100,39812,99531,91000000,91000000
3,364,91000000,91000100,39812,99531,91250000,91250000
3,365,91250000,91250100,39812,99531,91500000,91500000
3,366,91500000,91500100,39812,99531,91750000,91750000
3,367,91750000,91750100,39812,99531,92000000,92000000
3,368,92000000,92000100,39812,99531,92250000,92250000
3,369,92250000,92250100,39812,99531,92500000,92500000
3,370,92500000,92500100,39812,99531,92750000,92750000
3,371,92750000,92750100,39812,99531,93000000,93000000
3,372,93000000,93000100,39812,99531,93250000,93250000
3,373,93250000,93250100,39812,99531,93500000,93500000
3,374,93500000,93500100,39812,99531,93750000,93750000
3,375,93750000,93750100,39812,99531,94000000,94000000
3,376,94000000,94000100,39812,99531,94250000,94250000
3,377,94250000,94250100,39812,99531,94500000,94500000
3,378,94500000,94500100,39812,99531,94750000,94750000
3,379,94750000,94750100,39812,99531,95000000,95000000
3,380,95000000,95000100,39812,99531,95250000,95250000
3,381,95250000,95250100,39812,99531,95500000,95500000
3,382,95500000,95500100,39812,99531,95750000,95750000
3,383,95750000,95750100,39812,99531,96000000,96000000
3,384,96000000,96000100,39812,99531,96250000,96250000
3,385,96250000,96250100,39812,99531,96500000,96500000
3,386,96500000,96500100,39812,99531,96750000,96750000
3,387,96750000,96750100,39812,99531,97000000,97000000
3,388,97000000,97000100,39812,99531,97250000,97250000
3,389,97250000,97250100,39812,99531,97500000,97500000
3,390,97500000,97500100,39812,99531,97750000,97750000
3,391,97750000,97750100,39812,99531,98000000,98000000
3,392,98000000,98000100,39812,99531,98250000,98250000
3,393,98250000,98250100,39812,99531,98500000,98500000
3,394,98500000,98500100,39812,99531,98750000,98750000
3,395,98750000,98750100,39812,99531,99000000,99000000
3,396,99000000,99000100,39812,99531,99250000,99250000
3,397,99250000,99250100,39812,99531,99500000,99500000
3,398,99500000,99500100,39812,99531,99750000,99750000
3,399,99750000,99750100,39812,99531,100000000,100000000
3,400,100000000,100000100,39812,99531,100250000,100250000
3,401,100250000,100250100,39812,99531,100500000,100500000
3,402,100500000,100500100,39812,99531,100750000,100750000
3,403,100750000,100750100,39812,99531,101000000,101000000
3,404,101000000,101000100,39812,99531,101250000,101250000
3,405,101250000,101250100,39812,99531,101500000,101500000
3,406,101500000,101500100,39812,99531,101750000,101750000
3,407,101750000,101750100,39812,99531,102000000,102000000
3,408,102000000,102000100,39812,99531,102250000,102250000
3,409,102250000,102250100,39812,99531,102500000,102500000
3,410,102500000,102500100,39812,99531,102750000,102750000
3,411,102750000,102750100,39812,99531,103000000,103000000
3,412,103000000,103000100,39812,99531,103250000,103250000
3,413,103250000,103250100,39812,99531,103500000,103500000
3,414,103500000,103500100,39812,99531,103750000,103750000
3,415,103750000,103750100,39812,99531,104000000,104000000
3,416,104000000,104000100,39812,99531,104250000,104250000
3,417,104250000,104250100,39812,99531,104500000,104500000
3,418,104500000,104500100,39812,99531,104750000,104750000
3,419,104750000,104750100,39812,99531,105000000,105000000
3,420,105000000,105000100,39812,99531,105250000,105250000
3,421,105250000,105250100,39812,99531,105500000,105500000
3,422,105500000,105500100,39812,99531,105750000,105750000
3,423,105750000,105750100,39812,99531,106000000,106000000
3,424,106000000,106000100,39812,99531,106250000,106250000
3,425,106250000,106250100,39812,99531,106500000,106500000
3,426,106500000,106500100,39812,99531,106750000,106750000
3,427,106750000,106750100,39812,99531,107000000,107000000
3,428,107000000,107000100,39812,99531,107250000,107250000
3,429,107250000,107250100,39812,99531,107500000,107500000
3,430,107500000,107500100,39812,99531,107750000,107750000
3,431,107750000,107750100,39812,99531,108000000,108000000
3,432,108000000,108000100,39812,99531,108250000,108250000
3,433,108250000,108250100,39812,99531,108500000,108500000
3,434,108500000,108500100,39812,99531,108750000,108750000
3,435,108750000,108750100,39812,99531,109000000,109000000
3,436,109000000,109000100,39812,99531,109250000,109250000
3,437,109250000,109250100,39812,99531,109500000,109500000
3,438,109500000,109500100,39812,99531,109750000,109750000
3,439,109750000,109750100,39812,99531,110000000,110000000
3,440,110000000,110000100,39812,99531,110250000,110250000
3,441,110250000,110250100,39812,99531,110500000,110500000
3,442,110500000,110500100,39812,99531,110750000,110750000
3,443,110750000,110750100,39812,99531,111000000,111000000
3,444,111000000,111000100,39812,99531,111250000,111250000
3,445,111250000,111250100,39812,99531,111500000,111500000
3,446,111500000,111500100,39812,99531,111750000,111750000
3,447,111750000,111750100,39812,99531,112000000,112000000
3,448,112000000,112000100,39812,99531,112250000,112250000
3,449,112250000,112250100,39812,99531,112500000,112500000
3,450,112500000,112500100,39812,99531,112750000,112750000
3,451,112750000,112750100,39812,99531,113000000,113000000
3,452,113000000,113000100,39812,99531,113250000,113250000
3,453,113250000,113250100,39812,99531,113500000,113500000
3,454,113500000,113500100,39812,99531,113750000,113750000
3,455,113750000,113750100,39812,99531,114000000,114000000
3,456,114000000,114000100,39812,99531,114250000,114250000
3,457,114250000,114250100,39812,99531,114500000,114500000
3,458,114500000,114500100,39812,99531,114750000,114750000
3,459,114750000,114750100,39812,99531,115000000,115000000
3,460,115000000,115000100,39812,99531,115250000,115250000
3,461,115250000,115250100,39812,99531,115500000,115500000
3,462,115500000,115500100,39812,99531,115750000,115750000
3,463,115750000,115750100,39812,99531,116000000,116000000
3,464,116000000,116000100,39812,99531,116250000,116250000
3,465,116250000,116250100,39812,99531,116500000,116500000
3,466,116500000,116500100,39812,99531,116750000,116750000
3,467,116750000,116750100,39812,99531,117000000,117000000
4,0,0,100,14692,36730,450000,450000
4,1,450000,450100,14692,36730,900000,900000
4,2,900000,900100,14692,36730,1350000,1350000
4,3,1350000,1350100,14692,36730,1800000,1800000
4,4,1800000,1800100,14692,36730,2250000,2250000
4,5,2250000,2250100,14692,36730,2700000,2700000
4,6,2700000,2700100,14692,36730,3150000,3150000
4,7,3150000,3150100,14692,36730,3600000,3600000
4,8,3600000,3600100,14692,36730,4050000,4050000
4,9,4050000,4050100,14692,36730,4500000,4500000
4,10,4500000,4500100,14692,36730,4950000,4950000
4,11,4950000,4950100,14692,36730,5400000,5400000
4,12,5400000,5400100,14692,36730,5850000,5850000
4,13,5850000,5850100,14692,36730,6300000,6300000
4,14,6300000,6300100,14692,36730,6750000,6750000
4,15,6750000,6750100,14692,36730,7200000,7200000
4,16,7200000,7200100,14692,36730,7650000,7650000
4,17,7650000,7650100,14692,36730,8100000,8100000
4,18,8100000,8100100,14692,36730,8550000,8550000
4,19,8550000,8550100,14692,36730,9000000,9000000
4,20,9000000,9000100,14692,36730,9450000,9450000
4,21,9450000,9450100,14692,36730,9900000,9900000
4,22,9900000,9900100,14692,36730,10350000,10350000
4,23,10350000,10350100,14692,36730,10800000,10800000
4,24,10800000,10800100,14692,36730,11250000,11250000
4,25,11250000,11250100,14692,36730,11700000,11700000
4,26,11700000,11700100,14692,36730,12150000,12150000
4,27,12150000,12150100,14692,36730,12600000,12600000
4,28,12600000,12600100,14692,36730,13050000,13050000
4,29,13050000,13050100,14692,36730,13500000,13500000
4,30,13500000,13500100,14692,36730,13950000,13950000
4,31,13950000,13950100,14692,36730,14400000,14400000
4,32,14400000,14400100,14692,36730,14850000,14850000
4,33,14850000,14850100,14692,36730,15300000,15300000
4,34,15300000,15300100,14692,36730,15750000,15750000
4,35,15750000,15750100,14692,36730,16200000,16200000
4,36,16200000,16200100,14692,36730,16650000,16650000
4,37,16650000,16650100,14692,36730,17100000,17100000
4,38,17100000,17100100,14692,36730,17550000,17550000
4,39,17550000,17550100,14692,36730,18000000,18000000
4,40,18000000,18000100,14692,36730,18450000,18450000
4,41,18450000,18450100,14692,36730,18900000,18900000
4,42,18900000,18900100,14692,36730,19350000,19350000
4,43,19350000,19350100,14692,36730,19800000,19800000
4,44,19800000,19800100,14692,36730,20250000,20250000
4,45,20250000,20250100,14692,36730,20700000,20700000
4,46,20700000,20700100,14692,36730,21150000,21150000
4,47,21150000,21150100,14692,36730,21600000,21600000
4,48,21600000,21600100,14692,36730,22050000,22050000
4,49,22050000,22050100,14692,36730,22500000,22500000
4,50,22500000,22500100,14692,36730,22950000,22950000
4,51,22950000,22950100,14692,36730,23400000,23400000
4,52,23400000,23400100,14692,36730,23850000,23850000
4,53,23850000,23850100,14692,36730,24300000,24300000
4,54,24300000,24300100,14692,36730,24750000,24750000
4,55,24750000,24750100,14692,36730,25200000,25200000
4,56,25200000,25200100,14692,36730,25650000,25650000
4,57,25650000,25650100,14692,36730,26100000,26100000
4,58,26100000,26100100,14692,36730,26550000,26550000
4,59,26550000,26550100,14692,36730,27000000,27000000
4,60,27000000,27000100,14692,36730,27450000,27450000
4,61,27450000,27450100,14692,36730,27900000,27900000
4,62,27900000,27900100,14692,36730,28350000,28350000
4,63,28350000,28350100,14692,36730,28800000,28800000
4,64,28800000,28800100,14692,36730,29250000,29250000
4,65,29250000,29250100,14692,36730,29700000,29700000
4,66,29700000,29700100,14692,36730,30150000,30150000
4,67,30150000,30150100,14692,36730,30600000,30600000
4,68,30600000,30600100,14692,36730,31050000,31050000
4,69,31050000,31050100,14692,36730,31500000,31500000
4,70,31500000,31500100,14692,36730,31950000,31950000
4,71,31950000,31950100,14692,36730,32400000,32400000
4,72,32400000,32400100,14692,36730,32850000,32850000
4,73,32850000,32850100,14692,36730,33300000,33300000
4,74,33300000,33300100,14692,36730,33750000,33750000
4,75,33750000,33750100,14692,36730,34200000,34200000
4,76,34200000,34200100,14692,36730,34650000,34650000
4,77,34650000,34650100,14692,36730,35100000,35100000
4,78,35100000,35100100,14692,36730,35550000,35550000
4,79,35550000,35550100,14692,36730,36000000,36000000
4,80,36000000,36000100,14692,36730,36450000,36450000
4,81,36450000,36450100,14692,36730,36900000,36900000
4,82,36900000,36900100,14692,36730,37350000,37350000
4,83,37350000,37350100,14692,36730,37800000,37800000
4,84,37800000,37800100,14692,36730,38250000,38250000
4,85,38250000,38250100,14692,36730,38700000,38700000
4,86,38700000,38700100,14692,36730,39150000,39150000
4,87,39150000,39150100,14692,36730,39600000,39600000
4,88,39600000,39600100,14692,36730,40050000,40050000
4,89,40050000,40050100,14692,36730,40500000,40500000
4,90,40500000,40500100,14692,36730,40950000,40950000
4,91,40950000,40950100,14692,36730,41400000,41400000
4,92,41400000,41400100,14692,36730,41850000,41850000
4,93,41850000,41850100,14692,36730,42300000,42300000
4,94,42300000,42300100,14692,36730,42750000,42750000
4,95,42750000,42750100,14692,36730,43200000,43200000
4,96,43200000,43200100,14692,36730,43650000,43650000
4,97,43650000,43650100,14692,36730,44100000,44100000
4,98,44100000,44100100,14692,36730,44550000,44550000
4,99,44550000,44550100,14692,36730,45000000,45000000
4,100,45000000,45000100,14692,36730,45450000,45450000
4,101,45450000,45450100,14692,36730,45900000,45900000
4,102,45900000,45900100,14692,36730,46350000,46350000
4,103,46350000,46350100,14692,36730,46800000,46800000
4,104,46800000,46800100,14692,36730,47250000,47250000
4,105,47250000,47250100,14692,36730,47700000,47700000
4,106,47700000,47700100,14692,36730,48150000,48150000
4,107,48150000,48150100,14692,36730,48600000,48600000
4,108,48600000,48600100,14692,36730,49050000,49050000
4,109,49050000,49050100,14692,36730,49500000,49500000
4,110,49500000,49500100,14692,36730,49950000,49950000
4,111,49950000,49950100,14692,36730,50400000,50400000
4,112,50400000,50400100,14692,36730,50850000,50850000
4,113,50850000,50850100,14692,36730,51300000,51300000
4,114,51300000,51300100,14692,36730,51750000,51750000
4,115,51750000,51750100,14692,36730,52200000,52200000
4,116,52200000,52200100,14692,36730,52650000,52650000
4,117,52650000,52650100,14692,36730,53100000,53100000
4,118,53100000,53100100,14692,36730,53550000,53550000
4,119,53550000,53550100,14692,36730,54000000,54000000
4,120,54000000,54000100,14692,36730,54450000,54450000
4,121,54450000,54450100,14692,36730,54900000,54900000
4,122,54900000,54900100,14692,36730,55350000,55350000
4,123,55350000,55350100,14692,36730,55800000,55800000
4,124,55800000,55800100,14692,36730,56250000,56250000
4,125,56250000,56250100,14692,36730,56700000,56700000
4,126,56700000,56700100,14692,36730,57150000,57150000
4,127,57150000,57150100,14692,36730,57600000,57600000
4,128,57600000,57600100,14692,36730,58050000,58050000
4,129,58050000,58050100,14692,36730,58500000,58500000
4,130,58500000,58500100,14692,36730,58950000,58950000
4,131,58950000,58950100,14692,36730,59400000,59400000
4,132,59400000,59400100,14692,36730,59850000,59850000
4,133,59850000,59850100,14692,36730,60300000,60300000
4,134,60300000,60300100,14692,36730,60750000,60750000
4,135,60750000,60750100,14692,36730,61200000,61200000
4,136,61200000,61200100,14692,36730,61650000,61650000
4,137,61650000,61650100,14692,36730,62100000,62100000
4,138,62100000,62100100,14692,36730,62550000,62550000
4,139,62550000,62550100,14692,36730,63000000,63000000
4,140,63000000,63000100,14692,36730,63450000,63450000
4,141,63450000,63450100,14692,36730,63900000,63900000
4,142,63900000,63900100,14692,36730,64350000,64350000
4,143,64350000,64350100,14692,36730,64800000,64800000
4,144,64800000,64800100,14692,36730,65250000,65250000
4,145,65250000,65250100,14692,36730,65700000,65700000
4,146,65700000,65700100,14692,36730,66150000,66150000
4,147,66150000,66150100,14692,36730,66600000,66600000
4,148,66600000,66600100,14692,36730,67050000,67050000
4,149,67050000,67050100,14692,36730,67500000,67500000
4,150,67500000,67500100,14692,36730,67950000,67950000
4,151,67950000,67950100,14692,36730,68400000,68400000
4,152,68400000,68400100,14692,36730,68850000,68850000
4,153,68850000,68850100,14692,36730,69300000,69300000
4,154,69300000,69300100,14692,36730,69750000,69750000
4,155,69750000,69750100,14692,36730,70200000,70200000
4,156,70200000,70200100,14692,36730,70650000,70650000
4,157,70650000,70650100,14692,36730,71100000,71100000
4,158,71100000,71100100,14692,36730,71550000,71550000
4,159,71550000,71550100,14692,36730,72000000,72000000
4,160,72000000,72000100,14692,36730,72450000,72450000
4,161,72450000,72450100,14692,36730,72900000,72900000
4,162,72900000,72900100,14692,36730,73350000,73350000
4,163,73350000,73350100,14692,36730,73800000,73800000
4,164,73800000,73800100,14692,36730,74250000,74250000
4,165,74250000,74250100,14692,36730,74700000,74700000
4,166,74700000,74700100,14692,36730,75150000,75150000
4,167,75150000,75150100,14692,36730,75600000,75600000
4,168,75600000,75600100,14692,36730,76050000,76050000
4,169,76050000,76050100,14692,36730,76500000,76500000
4,170,76500000,76500100,14692,36730,76950000,76950000
4,171,76950000,76950100,14692,36730,77400000,77400000
4,172,77400000,77400100,14692,36730,77850000,77850000
4,173,77850000,77850100,14692,36730,78300000,78300000
4,174,78300000,78300100,14692,36730,78750000,78750000
4,175,78750000,78750100,14692,36730,79200000,79200000
4,176,79200000,79200100,14692,36730,79650000,79650000
4,177,79650000,79650100,14692,36730,80100000,80100000
4,178,80100000,80100100,14692,36730,80550000,80550000
4,179,80550000,80550100,14692,36730,81000000,81000000
4,180,81000000,81000100,14692,36730,81450000,81450000
4,181,81450000,81450100,14692,36730,81900000,81900000
4,182,81900000,81900100,14692,36730,82350000,82350000
4,183,82350000,82350100,14692,36730,82800000,82800000
4,184,82800000,82800100,14692,36730,83250000,83250000
4,185,83250000,83250100,14692,36730,83700000,83700000
4,186,83700000,83700100,14692,36730,84150000,84150000
4,187,84150000,84150100,14692,36730,84600000,84600000
4,188,84600000,84600100,14692,36730,85050000,85050000
4,189,85050000,85050100,14692,36730,85500000,85500000
4,190,85500000,85500100,14692,36730,85950000,85950000
4,191,85950000,85950100,14692,36730,86400000,86400000
4,192,86400000,86400100,14692,36730,86850000,86850000
4,193,86850000,86850100,14692,36730,87300000,87300000
4,194,87300000,87300100,14692,36730,87750000,87750000
4,195,87750000,87750100,14692,36730,88200000,88200000
4,196,88200000,88200100,14692,36730,88650000,88650000
4,197,88650000,88650100,14692,36730,89100000,89100000
4,198,89100000,89100100,14692,36730,89550000,89550000
4,199,89550000,89550100,14692,36730,90000000,90000000
4,200,90000000,90000100,14692,36730,90450000,90450000
4,201,90450000,90450100,14692,36730,90900000,90900000
4,202,90900000,90900100,14692,36730,91350000,91350000
4,203,91350000,91350100,14692,36730,91800000,91800000
4,204,91800000,91800100,14692,36730,92250000,92250000
4,205,92250000,92250100,14692,36730,92700000,92700000
4,206,92700000,92700100,14692,36730,93150000,93150000
4,207,93150000,93150100,14692,36730,93600000,93600000
4,208,93600000,93600100,14692,36730,94050000,94050000
4,209,94050000,94050100,14692,36730,94500000,94500000
4,210,94500000,94500100,14692,36730,94950000,94950000
4,211,94950000,94950100,14692,36730,95400000,95400000
4,212,95400000,95400100,14692,36730,95850000,95850000
4,213,95850000,95850100,14692,36730,96300000,96300000
4,214,96300000,96300100,14692,36730,96750000,96750000
4,215,96750000,96750100,14692,36730,97200000,97200000
4,216,97200000,97200100,14692,36730,97650000,97650000
4,217,97650000,97650100,14692,36730,98100000,98100000
4,218,98100000,98100100,14692,36730,98550000,98550000
4,219,98550000,98550100,14692,36730,99000000,99000000
4,220,99000000,99000100,14692,36730,99450000,99450000
4,221,99450000,99450100,14692,36730,99900000,99900000
4,222,99900000,99900100,14692,36730,100350000,100350000
4,223,100350000,100350100,14692,36730,100800000,100800000
4,224,100800000,100800100,14692,36730,101250000,101250000
4,225,101250000,101250100,14692,36730,101700000,101700000
4,226,101700000,101700100,14692,36730,102150000,102150000
4,227,102150000,102150100,14692,36730,102600000,102600000
4,228,102600000,102600100,14692,36730,103050000,103050000
4,229,103050000,103050100,14692,36730,103500000,103500000
4,230,103500000,103500100,14692,36730,103950000,103950000
4,231,103950000,103950100,14692,36730,104400000,104400000
4,232,104400000,104400100,14692,36730,104850000,104850000
4,233,104850000,104850100,14692,36730,105300000,105300000
4,234,105300000,105300100,14692,36730,105750000,105750000
4,235,105750000,105750100,14692,36730,106200000,106200000
4,236,106200000,106200100,14692,36730,106650000,106650000
4,237,106650000,106650100,14692,36730,107100000,107100000
4,238,107100000,107100100,14692,36730,107550000,107550000
4,239,107550000,107550100,14692,36730,108000000,108000000
4,240,108000000,108000100,14692,36730,108450000,108450000
4,241,108450000,108450100,14692,36730,108900000,108900000
4,242,108900000,108900100,14692,36730,109350000,109350000
4,243,109350000,109350100,14692,36730,109800000,109800000
4,244,109800000,109800100,14692,36730,110250000,110250000
4,245,110250000,110250100,14692,36730,110700000,110700000
4,246,110700000,110700100,14692,36730,111150000,111150000
4,247,111150000,111150100,14692,36730,111600000,111600000
4,248,111600000,111600100,14692,36730,112050000,112050000
4,249,112050000,112050100,14692,36730,112500000,112500000
4,250,112500000,112500100,14692,36730,112950000,112950000
4,251,112950000,112950100,14692,36730,113400000,113400000
4,252,113400000,113400100,14692,36730,113850000,113850000
4,253,113850000,113850100,14692,36730,114300000,114300000
4,254,114300000,114300100,14692,36730,114750000,114750000
4,255,114750000,114750100,14692,36730,115200000,115200000
4,256,115200000,115200100,14692,36730,115650000,115650000
4,257,115650000,115650100,14692,36730,116100000,116100000
4,258,116100000,116100100,14692,36730,116550000,116550000
4,259,116550000,116550100,14692,36730,117000000,117000000
5,0,0,100,61170,152927,650000,650000
5,1,650000,650100,61170,152927,1300000,1300000
5,2,1300000,1300100,61170,152927,1950000,1950000
5,3,1950000,1950100,61170,152927,2600000,2600000
5,4,2600000,2600100,61170,152927,3250000,3250000
5,5,3250000,3250100,61170,152927,3900000,3900000
5,6,3900000,3900100,61170,152927,4550000,4550000
5,7,4550000,4550100,61170,152927,5200000,5200000
5,8,5200000,5200100,61170,152927,5850000,5850000
5,9,5850000,5850100,61170,152927,6500000,6500000
5,10,6500000,6500100,61170,152927,7150000,7150000
5,11,7150000,7150100,61170,152927,7800000,7800000
5,12,7800000,7800100,61170,152927,8450000,8450000
5,13,8450000,8450100,61170,152927,9100000,9100000
5,14,9100000,9100100,61170,152927,9750000,9750000
5,15,9750000,9750100,61170,152927,10400000,10400000
5,16,10400000,10400100,61170,152927,11050000,11050000
5,17,11050000,11050100,61170,152927,11700000,11700000
5,18,11700000,11700100,61170,152927,12350000,12350000
5,19,12350000,12350100,61170,152927,13000000,13000000
5,20,13000000,13000100,61170,152927,13650000,13650000
5,21,13650000,13650100,61170,152927,14300000,14300000
5,22,14300000,14300100,61170,152927,14950000,14950000
5,23,14950000,14950100,61170,152927,15600000,15600000
5,24,15600000,15600100,61170,152927,16250000,16250000
5,25,16250000,16250100,61170,152927,16900000,16900000
5,26,16900000,16900100,61170,152927,17550000,17550000
5,27,17550000,17550100,61170,152927,18200000,18200000
5,28,18200000,18200100,61170,152927,18850000,18850000
5,29,18850000,18850100,61170,152927,19500000,19500000
5,30,19500000,19500100,61170,152927,20150000,20150000
5,31,20150000,20150100,61170,152927,20800000,20800000
5,32,20800000,20800100,61170,152927,21450000,21450000
5,33,21450000,21450100,61170,152927,22100000,22100000
5,34,22100000,22100100,61170,152927,22750000,22750000
5,35,22750000,22750100,61170,152927,23400000,23400000
5,36,23400000,23400100,61170,152927,24050000,24050000
5,37,24050000,24050100,61170,152927,24700000,24700000
5,38,24700000,24700100,61170,152927,25350000,25350000
5,39,25350000,25350100,61170,152927,26000000,26000000
5,40,26000000,26000100,61170,152927,26650000,26650000
5,41,26650000,26650100,61170,152927,27300000,27300000
5,42,27300000,27300100,61170,152927,27950000,27950000
5,43,27950000,27950100,61170,152927,28600000,28600000
5,44,28600000,28600100,61170,152927,29250000,29250000
5,45,29250000,29250100,61170,152927,29900000,29900000
5,46,29900000,29900100,61170,152927,30550000,30550000
5,47,30550000,30550100,61170,152927,31200000,31200000
5,48,31200000,31200100,61170,152927,31850000,31850000
5,49,31850000,31850100,61170,152927,32500000,32500000
5,50,32500000,32500100,61170,152927,33150000,33150000
5,51,33150000,33150100,61170,152927,33800000,33800000
5,52,33800000,33800100,61170,152927,34450000,34450000
5,53,34450000,34450100,61170,152927,35100000,35100000
5,54,35100000,35100100,61170,152927,35750000,35750000
5,55,35750000,35750100,61170,152927,36400000,36400000
5,56,36400000,36400100,61170,152927,37050000,37050000
5,57,37050000,37050100,61170,152927,37700000,37700000
5,58,37700000,37700100,61170,152927,38350000,38350000
5,59,38350000,38350100,61170,152927,39000000,39000000
5,60,39000000,39000100,61170,152927,39650000,39650000
5,61,39650000,39650100,61170,152927,40300000,40300000
5,62,40300000,40300100,61170,152927,40950000,40950000
5,63,40950000,40950100,61170,152927,41600000,41600000
5,64,41600000,41600100,61170,152927,42250000,42250000
5,65,42250000,42250100,61170,152927,42900000,42900000
5,66,42900000,42900100,61170,152927,43550000,43550000
5,67,43550000,43550100,61170,152927,44200000,44200000
5,68,44200000,44200100,61170,152927,44850000,44850000
5,69,44850000,44850100,61170,152927,45500000,45500000
5,70,45500000,45500100,61170,152927,46150000,46150000
5,71,46150000,46150100,61170,152927,46800000,46800000
5,72,46800000,46800100,61170,152927,47450000,47450000
5,73,47450000,47450100,61170,152927,48100000,48100000
5,74,48100000,48100100,61170,152927,48750000,48750000
5,75,48750000,48750100,61170,152927,49400000,49400000
5,76,49400000,49400100,61170,152927,50050000,50050000
5,77,50050000,50050100,61170,152927,50700000,50700000
5,78,50700000,50700100,61170,152927,51350000,51350000
5,79,51350000,51350100,61170,152927,52000000,52000000
5,80,52000000,52000100,61170,152927,52650000,52650000
5,81,52650000,52650100,61170,152927,53300000,53300000
5,82,53300000,53300100,61170,152927,53950000,53950000
5,83,53950000,53950100,61170,152927,54600000,54600000
5,84,54600000,54600100,61170,152927,55250000,55250000
5,85,55250000,55250100,61170,152927,55900000,55900000
5,86,55900000,55900100,61170,152927,56550000,56550000
5,87,56550000,56550100,61170,152927,57200000,57200000
5,88,57200000,57200100,61170,152927,57850000,57850000
5,89,57850000,57850100,61170,152927,58500000,58500000
5,90,58500000,58500100,61170,152927,59150000,59150000
5,91,59150000,59150100,61170,152927,59800000,59800000
5,92,59800000,59800100,61170,152927,60450000,60450000
5,93,60450000,60450100,61170,152927,61100000,61100000
5,94,61100000,61100100,61170,152927,61750000,61750000
5,95,61750000,61750100,61170,152927,62400000,62400000
5,96,62400000,62400100,61170,152927,63050000,63050000
5,97,63050000,63050100,61170,152927,63700000,63700000
5,98,63700000,63700100,61170,152927,64350000,64350000
5,99,64350000,64350100,61170,152927,65000000,65000000
5,100,65000000,65000100,61170,152927,65650000,65650000
5,101,65650000,65650100,61170,152927,66300000,66300000
5,102,66300000,66300100,61170,152927,66950000,66950000
5,103,66950000,66950100,61170,152927,67600000,67600000
5,104,67600000,67600100,61170,152927,68250000,68250000
5,105,68250000,68250100,61170,152927,68900000,68900000
5,106,68900000,68900100,61170,152927,69550000,69550000
5,107,69550000,69550100,61170,152927,70200000,70200000
5,108,70200000,70200100,61170,152927,70850000,70850000
5,109,70850000,70850100,61170,152927,71500000,71500000
5,110,71500000,71500100,61170,152927,72150000,72150000
5,111,72150000,72150100,61170,152927,72800000,72800000
5,112,72800000,72800100,61170,152927,73450000,73450000
5,113,73450000,73450100,61170,152927,74100000,74100000
5,114,74100000,74100100,61170,152927,74750000,74750000
5,115,74750000,74750100,61170,152927,75400000,75400000
5,116,75400000,75400100,61170,152927,76050000,76050000
5,117,76050000,76050100,61170,152927,76700000,76700000
5,118,76700000,76700100,61170,152927,77350000,77350000
5,119,77350000,77350100,61170,152927,78000000,78000000
5,120,78000000,78000100,61170,152927,78650000,78650000
5,121,78650000,78650100,61170,152927,79300000,79300000
5,122,79300000,79300100,61170,152927,79950000,79950000
5,123,79950000,79950100,61170,152927,80600000,80600000
5,124,80600000,80600100,61170,152927,81250000,81250000
5,125,81250000,81250100,61170,152927,81900000,81900000
5,126,81900000,81900100,61170,152927,82550000,82550000
5,127,82550000,82550100,61170,152927,83200000,83200000
5,128,83200000,83200100,61170,152927,83850000,83850000
5,129,83850000,83850100,61170,152927,84500000,84500000
5,130,84500000,84500100,61170,152927,85150000,85150000
5,131,85150000,85150100,61170,152927,85800000,85800000
5,132,85800000,85800100,61170,152927,86450000,86450000
5,133,86450000,86450100,61170,152927,87100000,87100000
5,134,87100000,87100100,61170,152927,87750000,87750000
5,135,87750000,87750100,61170,152927,88400000,88400000
5,136,88400000,88400100,61170,152927,89050000,89050000
5,137,89050000,89050100,61170,152927,89700000,89700000
5,138,89700000,89700100,61170,152927,90350000,90350000
5,139,90350000,90350100,61170,152927,91000000,91000000
5,140,91000000,91000100,61170,152927,91650000,91650000
5,141,91650000,91650100,61170,152927,92300000,92300000
5,142,92300000,92300100,61170,152927,92950000,92950000
5,143,92950000,92950100,61170,152927,93600000,93600000
5,144,93600000,93600100,61170,152927,94250000,94250000
5,145,94250000,94250100,61170,152927,94900000,94900000
5,146,94900000,94900100,61170,152927,95550000,95550000
5,147,95550000,95550100,61170,152927,96200000,96200000
5,148,96200000,96200100,61170,152927,96850000,96850000
5,149,96850000,96850100,61170,152927,97500000,97500000
5,150,97500000,97500100,61170,152927,98150000,98150000
5,151,98150000,98150100,61170,152927,98800000,98800000
5,152,98800000,98800100,61170,152927,99450000,99450000
5,153,99450000,99450100,61170,152927,100100000,100100000
5,154,100100000,100100100,61170,152927,100750000,100750000
5,155,100750000,100750100,61170,152927,101400000,101400000
5,156,101400000,101400100,61170,152927,102050000,102050000
5,157,102050000,102050100,61170,152927,102700000,102700000
5,158,102700000,102700100,61170,152927,103350000,103350000
5,159,103350000,103350100,61170,152927,104000000,104000000
5,160,104000000,104000100,61170,152927,104650000,104650000
5,161,104650000,104650100,61170,152927,105300000,105300000
5,162,105300000,105300100,61170,152927,105950000,105950000
5,163,105950000,105950100,61170,152927,106600000,106600000
5,164,106600000,106600100,61170,152927,107250000,107250000
5,165,107250000,107250100,61170,152927,107900000,107900000
5,166,107900000,107900100,61170,152927,108550000,108550000
5,167,108550000,108550100,61170,152927,109200000,109200000
5,168,109200000,109200100,61170,152927,109850000,109850000
5,169,109850000,109850100,61170,152927,110500000,110500000
5,170,110500000,110500100,61170,152927,111150000,111150000
5,171,111150000,111150100,61170,152927,111800000,111800000
5,172,111800000,111800100,61170,152927,112450000,112450000
5,173,112450000,112450100,61170,152927,113100000,113100000
5,174,113100000,113100100,61170,152927,113750000,113750000
5,175,113750000,113750100,61170,152927,114400000,114400000
5,176,114400000,114400100,61170,152927,115050000,115050000
5,177,115050000,115050100,61170,152927,115700000,115700000
5,178,115700000,115700100,61170,152927,116350000,116350000
5,179,116350000,116350100,61170,152927,117000000,117000000
