Task ID,Job ID,Arrival min,Arrival max,Cost min,Cost max,Deadline,Priority
0,0,0,100,11055,13819,100000,100000
0,1,100000,100100,11055,13819,200000,200000
0,2,200000,200100,11055,13819,300000,300000
0,3,300000,300100,11055,13819,400000,400000
0,4,400000,400100,11055,13819,500000,500000
0,5,500000,500100,11055,13819,600000,600000
0,6,600000,600100,11055,13819,700000,700000
0,7,700000,700100,11055,13819,800000,800000
0,8,800000,800100,11055,13819,900000,900000
0,9,900000,900100,11055,13819,1000000,1000000
0,10,1000000,1000100,11055,13819,1100000,1100000
0,11,1100000,1100100,11055,13819,1200000,1200000
0,12,1200000,1200100,11055,13819,1300000,1300000
0,13,1300000,1300100,11055,13819,1400000,1400000
0,14,1400000,1400100,11055,13819,1500000,1500000
0,15,1500000,1500100,11055,13819,1600000,1600000
0,16,1600000,1600100,11055,13819,1700000,1700000
0,17,1700000,1700100,11055,13819,1800000,1800000
0,18,1800000,1800100,11055,13819,1900000,1900000
0,19,1900000,1900100,11055,13819,2000000,2000000
0,20,2000000,2000100,11055,13819,2100000,2100000
0,21,2100000,2100100,11055,13819,2200000,2200000
0,22,2200000,2200100,11055,13819,2300000,2300000
0,23,2300000,2300100,11055,13819,2400000,2400000
0,24,2400000,2400100,11055,13819,2500000,2500000
0,25,2500000,2500100,11055,13819,2600000,2600000
0,26,2600000,2600100,11055,13819,2700000,2700000
0,27,2700000,2700100,11055,13819,2800000,2800000
0,28,2800000,2800100,11055,13819,2900000,2900000
0,29,2900000,2900100,11055,13819,3000000,3000000
0,30,3000000,3000100,11055,13819,3100000,3100000
0,31,3100000,3100100,11055,13819,3200000,3200000
0,32,3200000,3200100,11055,13819,3300000,3300000
0,33,3300000,3300100,11055,13819,3400000,3400000
0,34,3400000,3400100,11055,13819,3500000,3500000
0,35,3500000,3500100,11055,13819,3600000,3600000
0,36,3600000,3600100,11055,13819,3700000,3700000
0,37,3700000,3700100,11055,13819,3800000,3800000
0,38,3800000,3800100,11055,13819,3900000,3900000
0,39,3900000,3900100,11055,13819,4000000,4000000
0,40,4000000,4000100,11055,13819,4100000,4100000
0,41,4100000,4100100,11055,13819,4200000,4200000
0,42,4200000,4200100,11055,13819,4300000,4300000
0,43,4300000,4300100,11055,13819,4400000,4400000
0,44,4400000,4400100,11055,13819,4500000,4500000
0,45,4500000,4500100,11055,13819,4600000,4600000
0,46,4600000,4600100,11055,13819,4700000,4700000
0,47,4700000,4700100,11055,13819,4800000,4800000
0,48,4800000,4800100,11055,13819,4900000,4900000
0,49,4900000,4900100,11055,13819,5000000,5000000
0,50,5000000,5000100,11055,13819,5100000,5100000
0,51,5100000,5100100,11055,13819,5200000,5200000
0,52,5200000,5200100,11055,13819,5300000,5300000
0,53,5300000,5300100,11055,13819,5400000,5400000
0,54,5400000,5400100,11055,13819,5500000,5500000
0,55,5500000,5500100,11055,13819,5600000,5600000
0,56,5600000,5600100,11055,13819,5700000,5700000
0,57,5700000,5700100,11055,13819,5800000,5800000
0,58,5800000,5800100,11055,13819,5900000,5900000
0,59,5900000,5900100,11055,13819,6000000,6000000
0,60,6000000,6000100,11055,13819,6100000,6100000
0,61,6100000,6100100,11055,13819,6200000,6200000
0,62,6200000,6200100,11055,13819,6300000,6300000
0,63,6300000,6300100,11055,13819,6400000,6400000
0,64,6400000,6400100,11055,13819,6500000,6500000
0,65,6500000,6500100,11055,13819,6600000,6600000
0,66,6600000,6600100,11055,13819,6700000,6700000
0,67,6700000,6700100,11055,13819,6800000,6800000
0,68,6800000,6800100,11055,13819,6900000,6900000
0,69,6900000,6900100,11055,13819,7000000,7000000
0,70,7000000,7000100,11055,13819,7100000,7100000
0,71,7100000,7100100,11055,13819,7200000,7200000
0,72,7200000,7200100,11055,13819,7300000,7300000
0,73,7300000,7300100,11055,13819,7400000,7400000
0,74,7400000,7400100,11055,13819,7500000,7500000
0,75,7500000,7500100,11055,13819,7600000,7600000
0,76,7600000,7600100,11055,13819,7700000,7700000
0,77,7700000,7700100,11055,13819,7800000,7800000
0,78,7800000,7800100,11055,13819,7900000,7900000
0,79,7900000,7900100,11055,13819,8000000,8000000
0,80,8000000,8000100,11055,13819,8100000,8100000
0,81,8100000,8100100,11055,13819,8200000,8200000
0,82,8200000,8200100,11055,13819,8300000,8300000
0,83,8300000,8300100,11055,13819,8400000,8400000
0,84,8400000,8400100,11055,13819,8500000,8500000
0,85,8500000,8500100,11055,13819,8600000,8600000
0,86,8600000,8600100,11055,13819,8700000,8700000
0,87,8700000,8700100,11055,13819,8800000,8800000
0,88,8800000,8800100,11055,13819,8900000,8900000
0,89,8900000,8900100,11055,13819,9000000,9000000
0,90,9000000,9000100,11055,13819,9100000,9100000
0,91,9100000,9100100,11055,13819,9200000,9200000
0,92,9200000,9200100,11055,13819,9300000,9300000
0,93,9300000,9300100,11055,13819,9400000,9400000
0,94,9400000,9400100,11055,13819,9500000,9500000
0,95,9500000,9500100,11055,13819,9600000,9600000
0,96,9600000,9600100,11055,13819,9700000,9700000
0,97,9700000,9700100,11055,13819,9800000,9800000
0,98,9800000,9800100,11055,13819,9900000,9900000
0,99,9900000,9900100,11055,13819,10000000,10000000
0,100,10000000,10000100,11055,13819,10100000,10100000
0,101,10100000,10100100,11055,13819,10200000,10200000
0,102,10200000,10200100,11055,13819,10300000,10300000
0,103,10300000,10300100,11055,13819,10400000,10400000
0,104,10400000,10400100,11055,13819,10500000,10500000
0,105,10500000,10500100,11055,13819,10600000,10600000
0,106,10600000,10600100,11055,13819,10700000,10700000
0,107,10700000,10700100,11055,13819,10800000,10800000
0,108,10800000,10800100,11055,13819,10900000,10900000
0,109,10900000,10900100,11055,13819,11000000,11000000
0,110,11000000,11000100,11055,13819,11100000,11100000
0,111,11100000,11100100,11055,13819,11200000,11200000
0,112,11200000,11200100,11055,13819,11300000,11300000
0,113,11300000,11300100,11055,13819,11400000,11400000
0,114,11400000,11400100,11055,13819,11500000,11500000
0,115,11500000,11500100,11055,13819,11600000,11600000
0,116,11600000,11600100,11055,13819,11700000,11700000
0,117,11700000,11700100,11055,13819,11800000,11800000
0,118,11800000,11800100,11055,13819,11900000,11900000
0,119,11900000,11900100,11055,13819,12000000,12000000
0,120,12000000,12000100,11055,13819,12100000,12100000
0,121,12100000,12100100,11055,13819,12200000,12200000
0,122,12200000,12200100,11055,13819,12300000,12300000
0,123,12300000,12300100,11055,13819,12400000,12400000
0,124,12400000,12400100,11055,13819,12500000,12500000
0,125,12500000,12500100,11055,13819,12600000,12600000
0,126,12600000,12600100,11055,13819,12700000,12700000
0,127,12700000,12700100,11055,13819,12800000,12800000
0,128,12800000,12800100,11055,13819,12900000,12900000
0,129,12900000,12900100,11055,13819,13000000,13000000
0,130,13000000,13000100,11055,13819,13100000,13100000
0,131,13100000,13100100,11055,13819,13200000,13200000
0,132,13200000,13200100,11055,13819,13300000,13300000
0,133,13300000,13300100,11055,13819,13400000,13400000
0,134,13400000,13400100,11055,13819,13500000,13500000
0,135,13500000,13500100,11055,13819,13600000,13600000
0,136,13600000,13600100,11055,13819,13700000,13700000
0,137,13700000,13700100,11055,13819,13800000,13800000
0,138,13800000,13800100,11055,13819,13900000,13900000
0,139,13900000,13900100,11055,13819,14000000,14000000
0,140,14000000,14000100,11055,13819,14100000,14100000
0,141,14100000,14100100,11055,13819,14200000,14200000
0,142,14200000,14200100,11055,13819,14300000,14300000
0,143,14300000,14300100,11055,13819,14400000,14400000
0,144,14400000,14400100,11055,13819,14500000,14500000
0,145,14500000,14500100,11055,13819,14600000,14600000
0,146,14600000,14600100,11055,13819,14700000,14700000
0,147,14700000,14700100,11055,13819,14800000,14800000
0,148,14800000,14800100,11055,13819,14900000,14900000
0,149,14900000,14900100,11055,13819,15000000,15000000
0,150,15000000,15000100,11055,13819,15100000,15100000
0,151,15100000,15100100,11055,13819,15200000,15200000
0,152,15200000,15200100,11055,13819,15300000,15300000
0,153,15300000,15300100,11055,13819,15400000,15400000
0,154,15400000,15400100,11055,13819,15500000,15500000
0,155,15500000,15500100,11055,13819,15600000,15600000
0,156,15600000,15600100,11055,13819,15700000,15700000
0,157,15700000,15700100,11055,13819,15800000,15800000
0,158,15800000,15800100,11055,13819,15900000,15900000
0,159,15900000,15900100,11055,13819,16000000,16000000
0,160,16000000,16000100,11055,13819,16100000,16100000
0,161,16100000,16100100,11055,13819,16200000,16200000
0,162,16200000,16200100,11055,13819,16300000,16300000
0,163,16300000,16300100,11055,13819,16400000,16400000
0,164,16400000,16400100,11055,13819,16500000,16500000
0,165,16500000,16500100,11055,13819,16600000,16600000
0,166,16600000,16600100,11055,13819,16700000,16700000
0,167,16700000,16700100,11055,13819,16800000,16800000
0,168,16800000,16800100,11055,13819,16900000,16900000
0,169,16900000,16900100,11055,13819,17000000,17000000
0,170,17000000,17000100,11055,13819,17100000,17100000
0,171,17100000,17100100,11055,13819,17200000,17200000
0,172,17200000,17200100,11055,13819,17300000,17300000
0,173,17300000,17300100,11055,13819,17400000,17400000
0,174,17400000,17400100,11055,13819,17500000,17500000
0,175,17500000,17500100,11055,13819,17600000,17600000
0,176,17600000,17600100,11055,13819,17700000,17700000
0,177,17700000,17700100,11055,13819,17800000,17800000
0,178,17800000,17800100,11055,13819,17900000,17900000
0,179,17900000,17900100,11055,13819,18000000,18000000
0,180,18000000,18000100,11055,13819,18100000,18100000
0,181,18100000,18100100,11055,13819,18200000,18200000
0,182,18200000,18200100,11055,13819,18300000,18300000
0,183,18300000,18300100,11055,13819,18400000,18400000
0,184,18400000,18400100,11055,13819,18500000,18500000
0,185,18500000,18500100,11055,13819,18600000,18600000
0,186,18600000,18600100,11055,13819,18700000,18700000
0,187,18700000,18700100,11055,13819,18800000,18800000
0,188,18800000,18800100,11055,13819,18900000,18900000
0,189,18900000,18900100,11055,13819,19000000,19000000
0,190,19000000,19000100,11055,13819,19100000,19100000
0,191,19100000,19100100,11055,13819,19200000,19200000
0,192,19200000,19200100,11055,13819,19300000,19300000
0,193,19300000,19300100,11055,13819,19400000,19400000
0,194,19400000,19400100,11055,13819,19500000,19500000
0,195,19500000,19500100,11055,13819,19600000,19600000
0,196,19600000,19600100,11055,13819,19700000,19700000
0,197,19700000,19700100,11055,13819,19800000,19800000
0,198,19800000,19800100,11055,13819,19900000,19900000
0,199,19900000,19900100,11055,13819,20000000,20000000
0,200,20000000,20000100,11055,13819,20100000,20100000
0,201,20100000,20100100,11055,13819,20200000,20200000
0,202,20200000,20200100,11055,13819,20300000,20300000
0,203,20300000,20300100,11055,13819,20400000,20400000
0,204,20400000,20400100,11055,13819,20500000,20500000
0,205,20500000,20500100,11055,13819,20600000,20600000
0,206,20600000,20600100,11055,13819,20700000,20700000
0,207,20700000,20700100,11055,13819,20800000,20800000
0,208,20800000,20800100,11055,13819,20900000,20900000
0,209,20900000,20900100,11055,13819,21000000,21000000
0,210,21000000,21000100,11055,13819,21100000,21100000
0,211,21100000,21100100,11055,13819,21200000,21200000
0,212,21200000,21200100,11055,13819,21300000,21300000
0,213,21300000,21300100,11055,13819,21400000,21400000
0,214,21400000,21400100,11055,13819,21500000,21500000
0,215,21500000,21500100,11055,13819,21600000,21600000
0,216,21600000,21600100,11055,13819,21700000,21700000
0,217,21700000,21700100,11055,13819,21800000,21800000
0,218,21800000,21800100,11055,13819,21900000,21900000
0,219,21900000,21900100,11055,13819,22000000,22000000
0,220,22000000,22000100,11055,13819,22100000,22100000
0,221,22100000,22100100,11055,13819,22200000,22200000
0,222,22200000,22200100,11055,13819,22300000,22300000
0,223,22300000,22300100,11055,13819,22400000,22400000
0,224,22400000,22400100,11055,13819,22500000,22500000
0,225,22500000,22500100,11055,13819,22600000,22600000
0,226,22600000,22600100,11055,13819,22700000,22700000
0,227,22700000,22700100,11055,13819,22800000,22800000
0,228,22800000,22800100,11055,13819,22900000,22900000
0,229,22900000,22900100,11055,13819,23000000,23000000
0,230,23000000,23000100,11055,13819,23100000,23100000
0,231,23100000,23100100,11055,13819,23200000,23200000
0,232,23200000,23200100,11055,13819,23300000,23300000
0,233,23300000,23300100,11055,13819,23400000,23400000
0,234,23400000,23400100,11055,13819,23500000,23500000
0,235,23500000,23500100,11055,13819,23600000,23600000
0,236,23600000,23600100,11055,13819,23700000,23700000
0,237,23700000,23700100,11055,13819,23800000,23800000
0,238,23800000,23800100,11055,13819,23900000,23900000
0,239,23900000,23900100,11055,13819,24000000,24000000
0,240,24000000,24000100,11055,13819,24100000,24100000
0,241,24100000,24100100,11055,13819,24200000,24200000
0,242,24200000,24200100,11055,13819,24300000,24300000
0,243,24300000,24300100,11055,13819,24400000,24400000
0,244,24400000,24400100,11055,13819,24500000,24500000
0,245,24500000,24500100,11055,13819,24600000,24600000
0,246,24600000,24600100,11055,13819,24700000,24700000
0,247,24700000,24700100,11055,13819,24800000,24800000
0,248,24800000,24800100,11055,13819,24900000,24900000
0,249,24900000,24900100,11055,13819,25000000,25000000
0,250,25000000,25000100,11055,13819,25100000,25100000
0,251,25100000,25100100,11055,13819,25200000,25200000
0,252,25200000,25200100,11055,13819,25300000,25300000
0,253,25300000,25300100,11055,13819,25400000,25400000
0,254,25400000,25400100,11055,13819,25500000,25500000
0,255,25500000,25500100,11055,13819,25600000,25600000
0,256,25600000,25600100,11055,13819,25700000,25700000
0,257,25700000,25700100,11055,13819,25800000,25800000
0,258,25800000,25800100,11055,13819,25900000,25900000
0,259,25900000,25900100,11055,13819,26000000,26000000
0,260,26000000,26000100,11055,13819,26100000,26100000
0,261,26100000,26100100,11055,13819,26200000,26200000
0,262,26200000,26200100,11055,13819,26300000,26300000
0,263,26300000,26300100,11055,13819,26400000,26400000
0,264,26400000,26400100,11055,13819,26500000,26500000
0,265,26500000,26500100,11055,13819,26600000,26600000
0,266,26600000,26600100,11055,13819,26700000,26700000
0,267,26700000,26700100,11055,13819,26800000,26800000
0,268,26800000,26800100,11055,13819,26900000,26900000
0,269,26900000,26900100,11055,13819,27000000,27000000
0,270,27000000,27000100,11055,13819,27100000,27100000
0,271,27100000,27100100,11055,13819,27200000,27200000
0,272,27200000,27200100,11055,13819,27300000,27300000
0,273,27300000,27300100,11055,13819,27400000,27400000
0,274,27400000,27400100,11055,13819,27500000,27500000
0,275,27500000,27500100,11055,13819,27600000,27600000
0,276,27600000,27600100,11055,13819,27700000,27700000
0,277,27700000,27700100,11055,13819,27800000,27800000
0,278,27800000,27800100,11055,13819,27900000,27900000
0,279,27900000,27900100,11055,13819,28000000,28000000
0,280,28000000,28000100,11055,13819,28100000,28100000
0,281,28100000,28100100,11055,13819,28200000,28200000
0,282,28200000,28200100,11055,13819,28300000,28300000
0,283,28300000,28300100,11055,13819,28400000,28400000
0,284,28400000,28400100,11055,13819,28500000,28500000
0,285,28500000,28500100,11055,13819,28600000,28600000
0,286,28600000,28600100,11055,13819,28700000,28700000
0,287,28700000,28700100,11055,13819,28800000,28800000
0,288,28800000,28800100,11055,13819,28900000,28900000
0,289,28900000,28900100,11055,13819,29000000,29000000
0,290,29000000,29000100,11055,13819,29100000,29100000
0,291,29100000,29100100,11055,13819,29200000,29200000
0,292,29200000,29200100,11055,13819,29300000,29300000
0,293,29300000,29300100,11055,13819,29400000,29400000
0,294,29400000,29400100,11055,13819,29500000,29500000
0,295,29500000,29500100,11055,13819,29600000,29600000
0,296,29600000,29600100,11055,13819,29700000,29700000
0,297,29700000,29700100,11055,13819,29800000,29800000
0,298,29800000,29800100,11055,13819,29900000,29900000
0,299,29900000,29900100,11055,13819,30000000,30000000
0,300,30000000,30000100,11055,13819,30100000,30100000
0,301,30100000,30100100,11055,13819,30200000,30200000
0,302,30200000,30200100,11055,13819,30300000,30300000
0,303,30300000,30300100,11055,13819,30400000,30400000
0,304,30400000,30400100,11055,13819,30500000,30500000
0,305,30500000,30500100,11055,13819,30600000,30600000
0,306,30600000,30600100,11055,13819,30700000,30700000
0,307,30700000,30700100,11055,13819,30800000,30800000
0,308,30800000,30800100,11055,13819,30900000,30900000
0,309,30900000,30900100,11055,13819,31000000,31000000
0,310,31000000,31000100,11055,13819,31100000,31100000
0,311,31100000,31100100,11055,13819,31200000,31200000
0,312,31200000,31200100,11055,13819,31300000,31300000
0,313,31300000,31300100,11055,13819,31400000,31400000
0,314,31400000,31400100,11055,13819,31500000,31500000
0,315,31500000,31500100,11055,13819,31600000,31600000
0,316,31600000,31600100,11055,13819,31700000,31700000
0,317,31700000,31700100,11055,13819,31800000,31800000
0,318,31800000,31800100,11055,13819,31900000,31900000
0,319,31900000,31900100,11055,13819,32000000,32000000
0,320,32000000,32000100,11055,13819,32100000,32100000
0,321,32100000,32100100,11055,13819,32200000,32200000
0,322,32200000,32200100,11055,13819,32300000,32300000
0,323,32300000,32300100,11055,13819,32400000,32400000
0,324,32400000,32400100,11055,13819,32500000,32500000
0,325,32500000,32500100,11055,13819,32600000,32600000
0,326,32600000,32600100,11055,13819,32700000,32700000
0,327,32700000,32700100,11055,13819,32800000,32800000
0,328,32800000,32800100,11055,13819,32900000,32900000
0,329,32900000,32900100,11055,13819,33000000,33000000
0,330,33000000,33000100,11055,13819,33100000,33100000
0,331,33100000,33100100,11055,13819,33200000,33200000
0,332,33200000,33200100,11055,13819,33300000,33300000
0,333,33300000,33300100,11055,13819,33400000,33400000
0,334,33400000,33400100,11055,13819,33500000,33500000
0,335,33500000,33500100,11055,13819,33600000,33600000
0,336,33600000,33600100,11055,13819,33700000,33700000
0,337,33700000,33700100,11055,13819,33800000,33800000
0,338,33800000,33800100,11055,13819,33900000,33900000
0,339,33900000,33900100,11055,13819,34000000,34000000
0,340,34000000,34000100,11055,13819,34100000,34100000
0,341,34100000,34100100,11055,13819,34200000,34200000
0,342,34200000,34200100,11055,13819,34300000,34300000
0,343,34300000,34300100,11055,13819,34400000,34400000
0,344,34400000,34400100,11055,13819,34500000,34500000
0,345,34500000,34500100,11055,13819,34600000,34600000
0,346,34600000,34600100,11055,13819,34700000,34700000
0,347,34700000,34700100,11055,13819,34800000,34800000
0,348,34800000,34800100,11055,13819,34900000,34900000
0,349,34900000,34900100,11055,13819,35000000,35000000
0,350,35000000,35000100,11055,13819,35100000,35100000
0,351,35100000,35100100,11055,13819,35200000,35200000
0,352,35200000,35200100,11055,13819,35300000,35300000
0,353,35300000,35300100,11055,13819,35400000,35400000
0,354,35400000,35400100,11055,13819,35500000,35500000
0,355,35500000,35500100,11055,13819,35600000,35600000
0,356,35600000,35600100,11055,13819,35700000,35700000
0,357,35700000,35700100,11055,13819,35800000,35800000
0,358,35800000,35800100,11055,13819,35900000,35900000
0,359,35900000,35900100,11055,13819,36000000,36000000
0,360,36000000,36000100,11055,13819,36100000,36100000
0,361,36100000,36100100,11055,13819,36200000,36200000
0,362,36200000,36200100,11055,13819,36300000,36300000
0,363,36300000,36300100,11055,13819,36400000,36400000
0,364,36400000,36400100,11055,13819,36500000,36500000
0,365,36500000,36500100,11055,13819,36600000,36600000
0,366,36600000,36600100,11055,13819,36700000,36700000
0,367,36700000,36700100,11055,13819,36800000,36800000
0,368,36800000,36800100,11055,13819,36900000,36900000
0,369,36900000,36900100,11055,13819,37000000,37000000
0,370,37000000,37000100,11055,13819,37100000,37100000
0,371,37100000,37100100,11055,13819,37200000,37200000
0,372,37200000,37200100,11055,13819,37300000,37300000
0,373,37300000,37300100,11055,13819,37400000,37400000
0,374,37400000,37400100,11055,13819,37500000,37500000
0,375,37500000,37500100,11055,13819,37600000,37600000
0,376,37600000,37600100,11055,13819,37700000,37700000
0,377,37700000,37700100,11055,13819,37800000,37800000
0,378,37800000,37800100,11055,13819,37900000,37900000
0,379,37900000,37900100,11055,13819,38000000,38000000
0,380,38000000,38000100,11055,13819,38100000,38100000
0,381,38100000,38100100,11055,13819,38200000,38200000
0,382,38200000,38200100,11055,13819,38300000,38300000
0,383,38300000,38300100,11055,13819,38400000,38400000
0,384,38400000,38400100,11055,13819,38500000,38500000
0,385,38500000,38500100,11055,13819,38600000,38600000
0,386,38600000,38600100,11055,13819,38700000,38700000
0,387,38700000,38700100,11055,13819,38800000,38800000
0,388,38800000,38800100,11055,13819,38900000,38900000
0,389,38900000,38900100,11055,13819,39000000,39000000
0,390,39000000,39000100,11055,13819,39100000,39100000
0,391,39100000,39100100,11055,13819,39200000,39200000
0,392,39200000,39200100,11055,13819,39300000,39300000
0,393,39300000,39300100,11055,13819,39400000,39400000
0,394,39400000,39400100,11055,13819,39500000,39500000
0,395,39500000,39500100,11055,13819,39600000,39600000
0,396,39600000,39600100,11055,13819,39700000,39700000
0,397,39700000,39700100,11055,13819,39800000,39800000
0,398,39800000,39800100,11055,13819,39900000,39900000
0,399,39900000,39900100,11055,13819,40000000,40000000
0,400,40000000,40000100,11055,13819,40100000,40100000
0,401,40100000,40100100,11055,13819,40200000,40200000
0,402,40200000,40200100,11055,13819,40300000,40300000
0,403,40300000,40300100,11055,13819,40400000,40400000
0,404,40400000,40400100,11055,13819,40500000,40500000
0,405,40500000,40500100,11055,13819,40600000,40600000
0,406,40600000,40600100,11055,13819,40700000,40700000
0,407,40700000,40700100,11055,13819,40800000,40800000
0,408,40800000,40800100,11055,13819,40900000,40900000
0,409,40900000,40900100,11055,13819,41000000,41000000
0,410,41000000,41000100,11055,13819,41100000,41100000
0,411,41100000,41100100,11055,13819,41200000,41200000
0,412,41200000,41200100,11055,13819,41300000,41300000
0,413,41300000,41300100,11055,13819,41400000,41400000
0,414,41400000,41400100,11055,13819,41500000,41500000
0,415,41500000,41500100,11055,13819,41600000,41600000
0,416,41600000,41600100,11055,13819,41700000,41700000
0,417,41700000,41700100,11055,13819,41800000,41800000
0,418,41800000,41800100,11055,13819,41900000,41900000
0,419,41900000,41900100,11055,13819,42000000,42000000
0,420,42000000,42000100,11055,13819,42100000,42100000
0,421,42100000,42100100,11055,13819,42200000,42200000
0,422,42200000,42200100,11055,13819,42300000,42300000
0,423,42300000,42300100,11055,13819,42400000,42400000
0,424,42400000,42400100,11055,13819,42500000,42500000
0,425,42500000,42500100,11055,13819,42600000,42600000
0,426,42600000,42600100,11055,13819,42700000,42700000
0,427,42700000,42700100,11055,13819,42800000,42800000
0,428,42800000,42800100,11055,13819,42900000,42900000
0,429,42900000,42900100,11055,13819,43000000,43000000
0,430,43000000,43000100,11055,13819,43100000,43100000
0,431,43100000,43100100,11055,13819,43200000,43200000
0,432,43200000,43200100,11055,13819,43300000,43300000
0,433,43300000,43300100,11055,13819,43400000,43400000
0,434,43400000,43400100,11055,13819,43500000,43500000
0,435,43500000,43500100,11055,13819,43600000,43600000
0,436,43600000,43600100,11055,13819,43700000,43700000
0,437,43700000,43700100,11055,13819,43800000,43800000
0,438,43800000,43800100,11055,13819,43900000,43900000
0,439,43900000,43900100,11055,13819,44000000,44000000
0,440,44000000,44000100,11055,13819,44100000,44100000
0,441,44100000,44100100,11055,13819,44200000,44200000
0,442,44200000,44200100,11055,13819,44300000,44300000
0,443,44300000,44300100,11055,13819,44400000,44400000
0,444,44400000,44400100,11055,13819,44500000,44500000
0,445,44500000,44500100,11055,13819,44600000,44600000
0,446,44600000,44600100,11055,13819,44700000,44700000
0,447,44700000,44700100,11055,13819,44800000,44800000
0,448,44800000,44800100,11055,13819,44900000,44900000
0,449,44900000,44900100,11055,13819,45000000,45000000
0,450,45000000,45000100,11055,13819,45100000,45100000
0,451,45100000,45100100,11055,13819,45200000,45200000
0,452,45200000,45200100,11055,13819,45300000,45300000
0,453,45300000,45300100,11055,13819,45400000,45400000
0,454,45400000,45400100,11055,13819,45500000,45500000
0,455,45500000,45500100,11055,13819,45600000,45600000
0,456,45600000,45600100,11055,13819,45700000,45700000
0,457,45700000,45700100,11055,13819,45800000,45800000
0,458,45800000,45800100,11055,13819,45900000,45900000
0,459,45900000,45900100,11055,13819,46000000,46000000
0,460,46000000,46000100,11055,13819,46100000,46100000
0,461,46100000,46100100,11055,13819,46200000,46200000
0,462,46200000,46200100,11055,13819,46300000,46300000
0,463,46300000,46300100,11055,13819,46400000,46400000
0,464,46400000,46400100,11055,13819,46500000,46500000
0,465,46500000,46500100,11055,13819,46600000,46600000
0,466,46600000,46600100,11055,13819,46700000,46700000
0,467,46700000,46700100,11055,13819,46800000,46800000
0,468,46800000,46800100,11055,13819,46900000,46900000
0,469,46900000,46900100,11055,13819,47000000,47000000
0,470,47000000,47000100,11055,13819,47100000,47100000
0,471,47100000,47100100,11055,13819,47200000,47200000
0,472,47200000,47200100,11055,13819,47300000,47300000
0,473,47300000,47300100,11055,13819,47400000,47400000
0,474,47400000,47400100,11055,13819,47500000,47500000
0,475,47500000,47500100,11055,13819,47600000,47600000
0,476,47600000,47600100,11055,13819,47700000,47700000
0,477,47700000,47700100,11055,13819,47800000,47800000
0,478,47800000,47800100,11055,13819,47900000,47900000
0,479,47900000,47900100,11055,13819,48000000,48000000
0,480,48000000,48000100,11055,13819,48100000,48100000
0,481,48100000,48100100,11055,13819,48200000,48200000
0,482,48200000,48200100,11055,13819,48300000,48300000
0,483,48300000,48300100,11055,13819,48400000,48400000
0,484,48400000,48400100,11055,13819,48500000,48500000
0,485,48500000,48500100,11055,13819,48600000,48600000
0,486,48600000,48600100,11055,13819,48700000,48700000
0,487,48700000,48700100,11055,13819,48800000,48800000
0,488,48800000,48800100,11055,13819,48900000,48900000
0,489,48900000,48900100,11055,13819,49000000,49000000
0,490,49000000,49000100,11055,13819,49100000,49100000
0,491,49100000,49100100,11055,13819,49200000,49200000
0,492,49200000,49200100,11055,13819,49300000,49300000
0,493,49300000,49300100,11055,13819,49400000,49400000
0,494,49400000,49400100,11055,13819,49500000,49500000
0,495,49500000,49500100,11055,13819,49600000,49600000
0,496,49600000,49600100,11055,13819,49700000,49700000
0,497,49700000,49700100,11055,13819,49800000,49800000
0,498,49800000,49800100,11055,13819,49900000,49900000
0,499,49900000,49900100,11055,13819,50000000,50000000
0,500,50000000,50000100,11055,13819,50100000,50100000
0,501,50100000,50100100,11055,13819,50200000,50200000
0,502,50200000,50200100,11055,13819,50300000,50300000
0,503,50300000,50300100,11055,13819,50400000,50400000
0,504,50400000,50400100,11055,13819,50500000,50500000
0,505,50500000,50500100,11055,13819,50600000,50600000
0,506,50600000,50600100,11055,13819,50700000,50700000
0,507,50700000,50700100,11055,13819,50800000,50800000
0,508,50800000,50800100,11055,13819,50900000,50900000
0,509,50900000,50900100,11055,13819,51000000,51000000
0,510,51000000,51000100,11055,13819,51100000,51100000
0,511,51100000,51100100,11055,13819,51200000,51200000
0,512,51200000,51200100,11055,13819,51300000,51300000
0,513,51300000,51300100,11055,13819,51400000,51400000
0,514,51400000,51400100,11055,13819,51500000,51500000
0,515,51500000,51500100,11055,13819,51600000,51600000
0,516,51600000,51600100,11055,13819,51700000,51700000
0,517,51700000,51700100,11055,13819,51800000,51800000
0,518,51800000,51800100,11055,13819,51900000,51900000
0,519,51900000,51900100,11055,13819,52000000,52000000
0,520,52000000,52000100,11055,13819,52100000,52100000
0,521,52100000,52100100,11055,13819,52200000,52200000
0,522,52200000,52200100,11055,13819,52300000,52300000
0,523,52300000,52300100,11055,13819,52400000,52400000
0,524,52400000,52400100,11055,13819,52500000,52500000
0,525,52500000,52500100,11055,13819,52600000,52600000
0,526,52600000,52600100,11055,13819,52700000,52700000
0,527,52700000,52700100,11055,13819,52800000,52800000
0,528,52800000,52800100,11055,13819,52900000,52900000
0,529,52900000,52900100,11055,13819,53000000,53000000
0,530,53000000,53000100,11055,13819,53100000,53100000
0,531,53100000,53100100,11055,13819,53200000,53200000
0,532,53200000,53200100,11055,13819,53300000,53300000
0,533,53300000,53300100,11055,13819,53400000,53400000
0,534,53400000,53400100,11055,13819,53500000,53500000
0,535,53500000,53500100,11055,13819,53600000,53600000
0,536,53600000,53600100,11055,13819,53700000,53700000
0,537,53700000,53700100,11055,13819,53800000,53800000
0,538,53800000,53800100,11055,13819,53900000,53900000
0,539,53900000,53900100,11055,13819,54000000,54000000
0,540,54000000,54000100,11055,13819,54100000,54100000
0,541,54100000,54100100,11055,13819,54200000,54200000
0,542,54200000,54200100,11055,13819,54300000,54300000
0,543,54300000,54300100,11055,13819,54400000,54400000
0,544,54400000,54400100,11055,13819,54500000,54500000
0,545,54500000,54500100,11055,13819,54600000,54600000
0,546,54600000,54600100,11055,13819,54700000,54700000
0,547,54700000,54700100,11055,13819,54800000,54800000
0,548,54800000,54800100,11055,13819,54900000,54900000
0,549,54900000,54900100,11055,13819,55000000,55000000
0,550,55000000,55000100,11055,13819,55100000,55100000
0,551,55100000,55100100,11055,13819,55200000,55200000
0,552,55200000,55200100,11055,13819,55300000,55300000
0,553,55300000,55300100,11055,13819,55400000,55400000
0,554,55400000,55400100,11055,13819,55500000,55500000
0,555,55500000,55500100,11055,13819,55600000,55600000
0,556,55600000,55600100,11055,13819,55700000,55700000
0,557,55700000,55700100,11055,13819,55800000,55800000
0,558,55800000,55800100,11055,13819,55900000,55900000
0,559,55900000,55900100,11055,13819,56000000,56000000
0,560,56000000,56000100,11055,13819,56100000,56100000
0,561,56100000,56100100,11055,13819,56200000,56200000
0,562,56200000,56200100,11055,13819,56300000,56300000
0,563,56300000,56300100,11055,13819,56400000,56400000
0,564,56400000,56400100,11055,13819,56500000,56500000
0,565,56500000,56500100,11055,13819,56600000,56600000
0,566,56600000,56600100,11055,13819,56700000,56700000
0,567,56700000,56700100,11055,13819,56800000,56800000
0,568,56800000,56800100,11055,13819,56900000,56900000
0,569,56900000,56900100,11055,13819,57000000,57000000
0,570,57000000,57000100,11055,13819,57100000,57100000
0,571,57100000,57100100,11055,13819,57200000,57200000
0,572,57200000,57200100,11055,13819,57300000,57300000
0,573,57300000,57300100,11055,13819,57400000,57400000
0,574,57400000,57400100,11055,13819,57500000,57500000
0,575,57500000,57500100,11055,13819,57600000,57600000
0,576,57600000,57600100,11055,13819,57700000,57700000
0,577,57700000,57700100,11055,13819,57800000,57800000
0,578,57800000,57800100,11055,13819,57900000,57900000
0,579,57900000,57900100,11055,13819,58000000,58000000
0,580,58000000,58000100,11055,13819,58100000,58100000
0,581,58100000,58100100,11055,13819,58200000,58200000
0,582,58200000,58200100,11055,13819,58300000,58300000
0,583,58300000,58300100,11055,13819,58400000,58400000
0,584,58400000,58400100,11055,13819,58500000,58500000
0,585,58500000,58500100,11055,13819,58600000,58600000
0,586,58600000,58600100,11055,13819,58700000,58700000
0,587,58700000,58700100,11055,13819,58800000,58800000
0,588,58800000,58800100,11055,13819,58900000,58900000
0,589,58900000,58900100,11055,13819,59000000,59000000
0,590,59000000,59000100,11055,13819,59100000,59100000
0,591,59100000,59100100,11055,13819,59200000,59200000
0,592,59200000,59200100,11055,13819,59300000,59300000
0,593,59300000,59300100,11055,13819,59400000,59400000
0,594,59400000,59400100,11055,13819,59500000,59500000
0,595,59500000,59500100,11055,13819,59600000,59600000
0,596,59600000,59600100,11055,13819,59700000,59700000
0,597,59700000,59700100,11055,13819,59800000,59800000
0,598,59800000,59800100,11055,13819,59900000,59900000
0,599,59900000,59900100,11055,13819,60000000,60000000
0,600,60000000,60000100,11055,13819,60100000,60100000
0,601,60100000,60100100,11055,13819,60200000,60200000
0,602,60200000,60200100,11055,13819,60300000,60300000
0,603,60300000,60300100,11055,13819,60400000,60400000
0,604,60400000,60400100,11055,13819,60500000,60500000
0,605,60500000,60500100,11055,13819,60600000,60600000
0,606,60600000,60600100,11055,13819,60700000,60700000
0,607,60700000,60700100,11055,13819,60800000,60800000
0,608,60800000,60800100,11055,13819,60900000,60900000
0,609,60900000,60900100,11055,13819,61000000,61000000
0,610,61000000,61000100,11055,13819,61100000,61100000
0,611,61100000,61100100,11055,13819,61200000,61200000
0,612,61200000,61200100,11055,13819,61300000,61300000
0,613,61300000,61300100,11055,13819,61400000,61400000
0,614,61400000,61400100,11055,13819,61500000,61500000
0,615,61500000,61500100,11055,13819,61600000,61600000
0,616,61600000,61600100,11055,13819,61700000,61700000
0,617,61700000,61700100,11055,13819,61800000,61800000
0,618,61800000,61800100,11055,13819,61900000,61900000
0,619,61900000,61900100,11055,13819,62000000,62000000
0,620,62000000,62000100,11055,13819,62100000,62100000
0,621,62100000,62100100,11055,13819,62200000,62200000
0,622,62200000,62200100,11055,13819,62300000,62300000
0,623,62300000,62300100,11055,13819,62400000,62400000
0,624,62400000,62400100,11055,13819,62500000,62500000
0,625,62500000,62500100,11055,13819,62600000,62600000
0,626,62600000,62600100,11055,13819,62700000,62700000
0,627,62700000,62700100,11055,13819,62800000,62800000
0,628,62800000,62800100,11055,13819,62900000,62900000
0,629,62900000,62900100,11055,13819,63000000,63000000
0,630,63000000,63000100,11055,13819,63100000,63100000
0,631,63100000,63100100,11055,13819,63200000,63200000
0,632,63200000,63200100,11055,13819,63300000,63300000
0,633,63300000,63300100,11055,13819,63400000,63400000
0,634,63400000,63400100,11055,13819,63500000,63500000
0,635,63500000,63500100,11055,13819,63600000,63600000
0,636,63600000,63600100,11055,13819,63700000,63700000
0,637,63700000,63700100,11055,13819,63800000,63800000
0,638,63800000,63800100,11055,13819,63900000,63900000
0,639,63900000,63900100,11055,13819,64000000,64000000
0,640,64000000,64000100,11055,13819,64100000,64100000
0,641,64100000,64100100,11055,13819,64200000,64200000
0,642,64200000,64200100,11055,13819,64300000,64300000
0,643,64300000,64300100,11055,13819,64400000,64400000
0,644,64400000,64400100,11055,13819,64500000,64500000
0,645,64500000,64500100,11055,13819,64600000,64600000
0,646,64600000,64600100,11055,13819,64700000,64700000
0,647,64700000,64700100,11055,13819,64800000,64800000
0,648,64800000,64800100,11055,13819,64900000,64900000
0,649,64900000,64900100,11055,13819,65000000,65000000
0,650,65000000,65000100,11055,13819,65100000,65100000
0,651,65100000,65100100,11055,13819,65200000,65200000
0,652,65200000,65200100,11055,13819,65300000,65300000
0,653,65300000,65300100,11055,13819,65400000,65400000
0,654,65400000,65400100,11055,13819,65500000,65500000
0,655,65500000,65500100,11055,13819,65600000,65600000
0,656,65600000,65600100,11055,13819,65700000,65700000
0,657,65700000,65700100,11055,13819,65800000,65800000
0,658,65800000,65800100,11055,13819,65900000,65900000
0,659,65900000,65900100,11055,13819,66000000,66000000
0,660,66000000,66000100,11055,13819,66100000,66100000
0,661,66100000,66100100,11055,13819,66200000,66200000
0,662,66200000,66200100,11055,13819,66300000,66300000
0,663,66300000,66300100,11055,13819,66400000,66400000
0,664,66400000,66400100,11055,13819,66500000,66500000
0,665,66500000,66500100,11055,13819,66600000,66600000
0,666,66600000,66600100,11055,13819,66700000,66700000
0,667,66700000,66700100,11055,13819,66800000,66800000
0,668,66800000,66800100,11055,13819,66900000,66900000
0,669,66900000,66900100,11055,13819,67000000,67000000
0,670,67000000,67000100,11055,13819,67100000,67100000
0,671,67100000,67100100,11055,13819,67200000,67200000
0,672,67200000,67200100,11055,13819,67300000,67300000
0,673,67300000,67300100,11055,13819,67400000,67400000
0,674,67400000,67400100,11055,13819,67500000,67500000
0,675,67500000,67500100,11055,13819,67600000,67600000
0,676,67600000,67600100,11055,13819,67700000,67700000
0,677,67700000,67700100,11055,13819,67800000,67800000
0,678,67800000,67800100,11055,13819,67900000,67900000
0,679,67900000,67900100,11055,13819,68000000,68000000
0,680,68000000,68000100,11055,13819,68100000,68100000
0,681,68100000,68100100,11055,13819,68200000,68200000
0,682,68200000,68200100,11055,13819,68300000,68300000
0,683,68300000,68300100,11055,13819,68400000,68400000
0,684,68400000,68400100,11055,13819,68500000,68500000
0,685,68500000,68500100,11055,13819,68600000,68600000
0,686,68600000,68600100,11055,13819,68700000,68700000
0,687,68700000,68700100,11055,13819,68800000,68800000
0,688,68800000,68800100,11055,13819,68900000,68900000
0,689,68900000,68900100,11055,13819,69000000,69000000
0,690,69000000,69000100,11055,13819,69100000,69100000
0,691,69100000,69100100,11055,13819,69200000,69200000
0,692,69200000,69200100,11055,13819,69300000,69300000
0,693,69300000,69300100,11055,13819,69400000,69400000
0,694,69400000,69400100,11055,13819,69500000,69500000
0,695,69500000,69500100,11055,13819,69600000,69600000
0,696,69600000,69600100,11055,13819,69700000,69700000
0,697,69700000,69700100,11055,13819,69800000,69800000
0,698,69800000,69800100,11055,13819,69900000,69900000
0,699,69900000,69900100,11055,13819,70000000,70000000
0,700,70000000,70000100,11055,13819,70100000,70100000
0,701,70100000,70100100,11055,13819,70200000,70200000
0,702,70200000,70200100,11055,13819,70300000,70300000
0,703,70300000,70300100,11055,13819,70400000,70400000
0,704,70400000,70400100,11055,13819,70500000,70500000
0,705,70500000,70500100,11055,13819,70600000,70600000
0,706,70600000,70600100,11055,13819,70700000,70700000
0,707,70700000,70700100,11055,13819,70800000,70800000
0,708,70800000,70800100,11055,13819,70900000,70900000
0,709,70900000,70900100,11055,13819,71000000,71000000
0,710,71000000,71000100,11055,13819,71100000,71100000
0,711,71100000,71100100,11055,13819,71200000,71200000
0,712,71200000,71200100,11055,13819,71300000,71300000
0,713,71300000,71300100,11055,13819,71400000,71400000
0,714,71400000,71400100,11055,13819,71500000,71500000
0,715,71500000,71500100,11055,13819,71600000,71600000
0,716,71600000,71600100,11055,13819,71700000,71700000
0,717,71700000,71700100,11055,13819,71800000,71800000
0,718,71800000,71800100,11055,13819,71900000,71900000
0,719,71900000,71900100,11055,13819,72000000,72000000
0,720,72000000,72000100,11055,13819,72100000,72100000
0,721,72100000,72100100,11055,13819,72200000,72200000
0,722,72200000,72200100,11055,13819,72300000,72300000
0,723,72300000,72300100,11055,13819,72400000,72400000
0,724,72400000,72400100,11055,13819,72500000,72500000
0,725,72500000,72500100,11055,13819,72600000,72600000
0,726,72600000,72600100,11055,13819,72700000,72700000
0,727,72700000,72700100,11055,13819,72800000,72800000
0,728,72800000,72800100,11055,13819,72900000,72900000
0,729,72900000,72900100,11055,13819,73000000,73000000
0,730,73000000,73000100,11055,13819,73100000,73100000
0,731,73100000,73100100,11055,13819,73200000,73200000
0,732,73200000,73200100,11055,13819,73300000,73300000
0,733,73300000,73300100,11055,13819,73400000,73400000
0,734,73400000,73400100,11055,13819,73500000,73500000
0,735,73500000,73500100,11055,13819,73600000,73600000
0,736,73600000,73600100,11055,13819,73700000,73700000
0,737,73700000,73700100,11055,13819,73800000,73800000
0,738,73800000,73800100,11055,13819,73900000,73900000
0,739,73900000,73900100,11055,13819,74000000,74000000
0,740,74000000,74000100,11055,13819,74100000,74100000
0,741,74100000,74100100,11055,13819,74200000,74200000
0,742,74200000,74200100,11055,13819,74300000,74300000
0,743,74300000,74300100,11055,13819,74400000,74400000
0,744,74400000,74400100,11055,13819,74500000,74500000
0,745,74500000,74500100,11055,13819,74600000,74600000
0,746,74600000,74600100,11055,13819,74700000,74700000
0,747,74700000,74700100,11055,13819,74800000,74800000
0,748,74800000,74800100,11055,13819,74900000,74900000
0,749,74900000,74900100,11055,13819,75000000,75000000
0,750,75000000,75000100,11055,13819,75100000,75100000
0,751,75100000,75100100,11055,13819,75200000,75200000
0,752,75200000,75200100,11055,13819,75300000,75300000
0,753,75300000,75300100,11055,13819,75400000,75400000
0,754,75400000,75400100,11055,13819,75500000,75500000
0,755,75500000,75500100,11055,13819,75600000,75600000
0,756,75600000,75600100,11055,13819,75700000,75700000
0,757,75700000,75700100,11055,13819,75800000,75800000
0,758,75800000,75800100,11055,13819,75900000,75900000
0,759,75900000,75900100,11055,13819,76000000,76000000
0,760,76000000,76000100,11055,13819,76100000,76100000
0,761,76100000,76100100,11055,13819,76200000,76200000
0,762,76200000,76200100,11055,13819,76300000,76300000
0,763,76300000,76300100,11055,13819,76400000,76400000
0,764,76400000,76400100,11055,13819,76500000,76500000
0,765,76500000,76500100,11055,13819,76600000,76600000
0,766,76600000,76600100,11055,13819,76700000,76700000
0,767,76700000,76700100,11055,13819,76800000,76800000
0,768,76800000,76800100,11055,13819,76900000,76900000
0,769,76900000,76900100,11055,13819,77000000,77000000
0,770,77000000,77000100,11055,13819,77100000,77100000
0,771,77100000,77100100,11055,13819,77200000,77200000
0,772,77200000,77200100,11055,13819,77300000,77300000
0,773,77300000,77300100,11055,13819,77400000,77400000
0,774,77400000,77400100,11055,13819,77500000,77500000
0,775,77500000,77500100,11055,13819,77600000,77600000
0,776,77600000,77600100,11055,13819,77700000,77700000
0,777,77700000,77700100,11055,13819,77800000,77800000
0,778,77800000,77800100,11055,13819,77900000,77900000
0,779,77900000,77900100,11055,13819,78000000,78000000
0,780,78000000,78000100,11055,13819,78100000,78100000
0,781,78100000,78100100,11055,13819,78200000,78200000
0,782,78200000,78200100,11055,13819,78300000,78300000
0,783,78300000,78300100,11055,13819,78400000,78400000
0,784,78400000,78400100,11055,13819,78500000,78500000
0,785,78500000,78500100,11055,13819,78600000,78600000
0,786,78600000,78600100,11055,13819,78700000,78700000
0,787,78700000,78700100,11055,13819,78800000,78800000
0,788,78800000,78800100,11055,13819,78900000,78900000
0,789,78900000,78900100,11055,13819,79000000,79000000
0,790,79000000,79000100,11055,13819,79100000,79100000
0,791,79100000,79100100,11055,13819,79200000,79200000
0,792,79200000,79200100,11055,13819,79300000,79300000
0,793,79300000,79300100,11055,13819,79400000,79400000
0,794,79400000,79400100,11055,13819,79500000,79500000
0,795,79500000,79500100,11055,13819,79600000,79600000
0,796,79600000,79600100,11055,13819,79700000,79700000
0,797,79700000,79700100,11055,13819,79800000,79800000
0,798,79800000,79800100,11055,13819,79900000,79900000
0,799,79900000,79900100,11055,13819,80000000,80000000
0,800,80000000,80000100,11055,13819,80100000,80100000
0,801,80100000,80100100,11055,13819,80200000,80200000
0,802,80200000,80200100,11055,13819,80300000,80300000
0,803,80300000,80300100,11055,13819,80400000,80400000
0,804,80400000,80400100,11055,13819,80500000,80500000
0,805,80500000,80500100,11055,13819,80600000,80600000
0,806,80600000,80600100,11055,13819,80700000,80700000
0,807,80700000,80700100,11055,13819,80800000,80800000
0,808,80800000,80800100,11055,13819,80900000,80900000
0,809,80900000,80900100,11055,13819,81000000,81000000
0,810,81000000,81000100,11055,13819,81100000,81100000
0,811,81100000,81100100,11055,13819,81200000,81200000
0,812,81200000,81200100,11055,13819,81300000,81300000
0,813,81300000,81300100,11055,13819,81400000,81400000
0,814,81400000,81400100,11055,13819,81500000,81500000
0,815,81500000,81500100,11055,13819,81600000,81600000
0,816,81600000,81600100,11055,13819,81700000,81700000
0,817,81700000,81700100,11055,13819,81800000,81800000
0,818,81800000,81800100,11055,13819,81900000,81900000
0,819,81900000,81900100,11055,13819,82000000,82000000
0,820,82000000,82000100,11055,13819,82100000,82100000
0,821,82100000,82100100,11055,13819,82200000,82200000
0,822,82200000,82200100,11055,13819,82300000,82300000
0,823,82300000,82300100,11055,13819,82400000,82400000
0,824,82400000,82400100,11055,13819,82500000,82500000
0,825,82500000,82500100,11055,13819,82600000,82600000
0,826,82600000,82600100,11055,13819,82700000,82700000
0,827,82700000,82700100,11055,13819,82800000,82800000
0,828,82800000,82800100,11055,13819,82900000,82900000
0,829,82900000,82900100,11055,13819,83000000,83000000
0,830,83000000,83000100,11055,13819,83100000,83100000
0,831,83100000,83100100,11055,13819,83200000,83200000
0,832,83200000,83200100,11055,13819,83300000,83300000
0,833,83300000,83300100,11055,13819,83400000,83400000
0,834,83400000,83400100,11055,13819,83500000,83500000
0,835,83500000,83500100,11055,13819,83600000,83600000
0,836,83600000,83600100,11055,13819,83700000,83700000
0,837,83700000,83700100,11055,13819,83800000,83800000
0,838,83800000,83800100,11055,13819,83900000,83900000
0,839,83900000,83900100,11055,13819,84000000,84000000
0,840,84000000,84000100,11055,13819,84100000,84100000
0,841,84100000,84100100,11055,13819,84200000,84200000
0,842,84200000,84200100,11055,13819,84300000,84300000
0,843,84300000,84300100,11055,13819,84400000,84400000
0,844,84400000,84400100,11055,13819,84500000,84500000
0,845,84500000,84500100,11055,13819,84600000,84600000
0,846,84600000,84600100,11055,13819,84700000,84700000
0,847,84700000,84700100,11055,13819,84800000,84800000
0,848,84800000,84800100,11055,13819,84900000,84900000
0,849,84900000,84900100,11055,13819,85000000,85000000
0,850,85000000,85000100,11055,13819,85100000,85100000
0,851,85100000,85100100,11055,13819,85200000,85200000
0,852,85200000,85200100,11055,13819,85300000,85300000
0,853,85300000,85300100,11055,13819,85400000,85400000
0,854,85400000,85400100,11055,13819,85500000,85500000
0,855,85500000,85500100,11055,13819,85600000,85600000
0,856,85600000,85600100,11055,13819,85700000,85700000
0,857,85700000,85700100,11055,13819,85800000,85800000
0,858,85800000,85800100,11055,13819,85900000,85900000
0,859,85900000,85900100,11055,13819,86000000,86000000
0,860,86000000,86000100,11055,13819,86100000,86100000
0,861,86100000,86100100,11055,13819,86200000,86200000
0,862,86200000,86200100,11055,13819,86300000,86300000
0,863,86300000,86300100,11055,13819,86400000,86400000
0,864,86400000,86400100,11055,13819,86500000,86500000
0,865,86500000,86500100,11055,13819,86600000,86600000
0,866,86600000,86600100,11055,13819,86700000,86700000
0,867,86700000,86700100,11055,13819,86800000,86800000
0,868,86800000,86800100,11055,13819,86900000,86900000
0,869,86900000,86900100,11055,13819,87000000,87000000
0,870,87000000,87000100,11055,13819,87100000,87100000
0,871,87100000,87100100,11055,13819,87200000,87200000
0,872,87200000,87200100,11055,13819,87300000,87300000
0,873,87300000,87300100,11055,13819,87400000,87400000
0,874,87400000,87400100,11055,13819,87500000,87500000
0,875,87500000,87500100,11055,13819,87600000,87600000
0,876,87600000,87600100,11055,13819,87700000,87700000
0,877,87700000,87700100,11055,13819,87800000,87800000
0,878,87800000,87800100,11055,13819,87900000,87900000
0,879,87900000,87900100,11055,13819,88000000,88000000
0,880,88000000,88000100,11055,13819,88100000,88100000
0,881,88100000,88100100,11055,13819,88200000,88200000
0,882,88200000,88200100,11055,13819,88300000,88300000
0,883,88300000,88300100,11055,13819,88400000,88400000
0,884,88400000,88400100,11055,13819,88500000,88500000
0,885,88500000,88500100,11055,13819,88600000,88600000
0,886,88600000,88600100,11055,13819,88700000,88700000
0,887,88700000,88700100,11055,13819,88800000,88800000
0,888,88800000,88800100,11055,13819,88900000,88900000
0,889,88900000,88900100,11055,13819,89000000,89000000
0,890,89000000,89000100,11055,13819,89100000,89100000
0,891,89100000,89100100,11055,13819,89200000,89200000
0,892,89200000,89200100,11055,13819,89300000,89300000
0,893,89300000,89300100,11055,13819,89400000,89400000
0,894,89400000,89400100,11055,13819,89500000,89500000
0,895,89500000,89500100,11055,13819,89600000,89600000
0,896,89600000,89600100,11055,13819,89700000,89700000
0,897,89700000,89700100,11055,13819,89800000,89800000
0,898,89800000,89800100,11055,13819,89900000,89900000
0,899,89900000,89900100,11055,13819,90000000,90000000
0,900,90000000,90000100,11055,13819,90100000,90100000
0,901,90100000,90100100,11055,13819,90200000,90200000
0,902,90200000,90200100,11055,13819,90300000,90300000
0,903,90300000,90300100,11055,13819,90400000,90400000
0,904,90400000,90400100,11055,13819,90500000,90500000
0,905,90500000,90500100,11055,13819,90600000,90600000
0,906,90600000,90600100,11055,13819,90700000,90700000
0,907,90700000,90700100,11055,13819,90800000,90800000
0,908,90800000,90800100,11055,13819,90900000,90900000
0,909,90900000,90900100,11055,13819,91000000,91000000
0,910,91000000,91000100,11055,13819,91100000,91100000
0,911,91100000,91100100,11055,13819,91200000,91200000
0,912,91200000,91200100,11055,13819,91300000,91300000
0,913,91300000,91300100,11055,13819,91400000,91400000
0,914,91400000,91400100,11055,13819,91500000,91500000
0,915,91500000,91500100,11055,13819,91600000,91600000
0,916,91600000,91600100,11055,13819,91700000,91700000
0,917,91700000,91700100,11055,13819,91800000,91800000
0,918,91800000,91800100,11055,13819,91900000,91900000
0,919,91900000,91900100,11055,13819,92000000,92000000
0,920,92000000,92000100,11055,13819,92100000,92100000
0,921,92100000,92100100,11055,13819,92200000,92200000
0,922,92200000,92200100,11055,13819,92300000,92300000
0,923,92300000,92300100,11055,13819,92400000,92400000
0,924,92400000,92400100,11055,13819,92500000,92500000
0,925,92500000,92500100,11055,13819,92600000,92600000
0,926,92600000,92600100,11055,13819,92700000,92700000
0,927,92700000,92700100,11055,13819,92800000,92800000
0,928,92800000,92800100,11055,13819,92900000,92900000
0,929,92900000,92900100,11055,13819,93000000,93000000
0,930,93000000,93000100,11055,13819,93100000,93100000
0,931,93100000,93100100,11055,13819,93200000,93200000
0,932,93200000,93200100,11055,13819,93300000,93300000
0,933,93300000,93300100,11055,13819,93400000,93400000
0,934,93400000,93400100,11055,13819,93500000,93500000
0,935,93500000,93500100,11055,13819,93600000,93600000
0,936,93600000,93600100,11055,13819,93700000,93700000
0,937,93700000,93700100,11055,13819,93800000,93800000
0,938,93800000,93800100,11055,13819,93900000,93900000
0,939,93900000,93900100,11055,13819,94000000,94000000
0,940,94000000,94000100,11055,13819,94100000,94100000
0,941,94100000,94100100,11055,13819,94200000,94200000
0,942,94200000,94200100,11055,13819,94300000,94300000
0,943,94300000,94300100,11055,13819,94400000,94400000
0,944,94400000,94400100,11055,13819,94500000,94500000
0,945,94500000,94500100,11055,13819,94600000,94600000
0,946,94600000,94600100,11055,13819,94700000,94700000
0,947,94700000,94700100,11055,13819,94800000,94800000
0,948,94800000,94800100,11055,13819,94900000,94900000
0,949,94900000,94900100,11055,13819,95000000,95000000
0,950,95000000,95000100,11055,13819,95100000,95100000
0,951,95100000,95100100,11055,13819,95200000,95200000
0,952,95200000,95200100,11055,13819,95300000,95300000
0,953,95300000,95300100,11055,13819,95400000,95400000
0,954,95400000,95400100,11055,13819,95500000,95500000
0,955,95500000,95500100,11055,13819,95600000,95600000
0,956,95600000,95600100,11055,13819,95700000,95700000
0,957,95700000,95700100,11055,13819,95800000,95800000
0,958,95800000,95800100,11055,13819,95900000,95900000
0,959,95900000,95900100,11055,13819,96000000,96000000
0,960,96000000,96000100,11055,13819,96100000,96100000
0,961,96100000,96100100,11055,13819,96200000,96200000
0,962,96200000,96200100,11055,13819,96300000,96300000
0,963,96300000,96300100,11055,13819,96400000,96400000
0,964,96400000,96400100,11055,13819,96500000,96500000
0,965,96500000,96500100,11055,13819,96600000,96600000
0,966,96600000,96600100,11055,13819,96700000,96700000
0,967,96700000,96700100,11055,13819,96800000,96800000
0,968,96800000,96800100,11055,13819,96900000,96900000
0,969,96900000,96900100,11055,13819,97000000,97000000
0,970,97000000,97000100,11055,13819,97100000,97100000
0,971,97100000,97100100,11055,13819,97200000,97200000
0,972,97200000,97200100,11055,13819,97300000,97300000
0,973,97300000,97300100,11055,13819,97400000,97400000
0,974,97400000,97400100,11055,13819,97500000,97500000
0,975,97500000,97500100,11055,13819,97600000,97600000
0,976,97600000,97600100,11055,13819,97700000,97700000
0,977,97700000,97700100,11055,13819,97800000,97800000
0,978,97800000,97800100,11055,13819,97900000,97900000
0,979,97900000,97900100,11055,13819,98000000,98000000
0,980,98000000,98000100,11055,13819,98100000,98100000
0,981,98100000,98100100,11055,13819,98200000,98200000
0,982,98200000,98200100,11055,13819,98300000,98300000
0,983,98300000,98300100,11055,13819,98400000,98400000
0,984,98400000,98400100,11055,13819,98500000,98500000
0,985,98500000,98500100,11055,13819,98600000,98600000
0,986,98600000,98600100,11055,13819,98700000,98700000
0,987,98700000,98700100,11055,13819,98800000,98800000
0,988,98800000,98800100,11055,13819,98900000,98900000
0,989,98900000,98900100,11055,13819,99000000,99000000
0,990,99000000,99000100,11055,13819,99100000,99100000
0,991,99100000,99100100,11055,13819,99200000,99200000
0,992,99200000,99200100,11055,13819,99300000,99300000
0,993,99300000,99300100,11055,13819,99400000,99400000
0,994,99400000,99400100,11055,13819,99500000,99500000
0,995,99500000,99500100,11055,13819,99600000,99600000
0,996,99600000,99600100,11055,13819,99700000,99700000
0,997,99700000,99700100,11055,13819,99800000,99800000
0,998,99800000,99800100,11055,13819,99900000,99900000
0,999,99900000,99900100,11055,13819,100000000,100000000
0,1000,100000000,100000100,11055,13819,100100000,100100000
0,1001,100100000,100100100,11055,13819,100200000,100200000
0,1002,100200000,100200100,11055,13819,100300000,100300000
0,1003,100300000,100300100,11055,13819,100400000,100400000
0,1004,100400000,100400100,11055,13819,100500000,100500000
0,1005,100500000,100500100,11055,13819,100600000,100600000
0,1006,100600000,100600100,11055,13819,100700000,100700000
0,1007,100700000,100700100,11055,13819,100800000,100800000
0,1008,100800000,100800100,11055,13819,100900000,100900000
0,1009,100900000,100900100,11055,13819,101000000,101000000
0,1010,101000000,101000100,11055,13819,101100000,101100000
0,1011,101100000,101100100,11055,13819,101200000,101200000
0,1012,101200000,101200100,11055,13819,101300000,101300000
0,1013,101300000,101300100,11055,13819,101400000,101400000
0,1014,101400000,101400100,11055,13819,101500000,101500000
0,1015,101500000,101500100,11055,13819,101600000,101600000
0,1016,101600000,101600100,11055,13819,101700000,101700000
0,1017,101700000,101700100,11055,13819,101800000,101800000
0,1018,101800000,101800100,11055,13819,101900000,101900000
0,1019,101900000,101900100,11055,13819,102000000,102000000
0,1020,102000000,102000100,11055,13819,102100000,102100000
0,1021,102100000,102100100,11055,13819,102200000,102200000
0,1022,102200000,102200100,11055,13819,102300000,102300000
0,1023,102300000,102300100,11055,13819,102400000,102400000
0,1024,102400000,102400100,11055,13819,102500000,102500000
0,1025,102500000,102500100,11055,13819,102600000,102600000
0,1026,102600000,102600100,11055,13819,102700000,102700000
0,1027,102700000,102700100,11055,13819,102800000,102800000
0,1028,102800000,102800100,11055,13819,102900000,102900000
0,1029,102900000,102900100,11055,13819,103000000,103000000
0,1030,103000000,103000100,11055,13819,103100000,103100000
0,1031,103100000,103100100,11055,13819,103200000,103200000
0,1032,103200000,103200100,11055,13819,103300000,103300000
0,1033,103300000,103300100,11055,13819,103400000,103400000
0,1034,103400000,103400100,11055,13819,103500000,103500000
0,1035,103500000,103500100,11055,13819,103600000,103600000
0,1036,103600000,103600100,11055,13819,103700000,103700000
0,1037,103700000,103700100,11055,13819,103800000,103800000
0,1038,103800000,103800100,11055,13819,103900000,103900000
0,1039,103900000,103900100,11055,13819,104000000,104000000
0,1040,104000000,104000100,11055,13819,104100000,104100000
0,1041,104100000,104100100,11055,13819,104200000,104200000
0,1042,104200000,104200100,11055,13819,104300000,104300000
0,1043,104300000,104300100,11055,13819,104400000,104400000
0,1044,104400000,104400100,11055,13819,104500000,104500000
0,1045,104500000,104500100,11055,13819,104600000,104600000
0,1046,104600000,104600100,11055,13819,104700000,104700000
0,1047,104700000,104700100,11055,13819,104800000,104800000
0,1048,104800000,104800100,11055,13819,104900000,104900000
0,1049,104900000,104900100,11055,13819,105000000,105000000
0,1050,105000000,105000100,11055,13819,105100000,105100000
0,1051,105100000,105100100,11055,13819,105200000,105200000
0,1052,105200000,105200100,11055,13819,105300000,105300000
0,1053,105300000,105300100,11055,13819,105400000,105400000
0,1054,105400000,105400100,11055,13819,105500000,105500000
0,1055,105500000,105500100,11055,13819,105600000,105600000
0,1056,105600000,105600100,11055,13819,105700000,105700000
0,1057,105700000,105700100,11055,13819,105800000,105800000
0,1058,105800000,105800100,11055,13819,105900000,105900000
0,1059,105900000,105900100,11055,13819,106000000,106000000
0,1060,106000000,106000100,11055,13819,106100000,106100000
0,1061,106100000,106100100,11055,13819,106200000,106200000
0,1062,106200000,106200100,11055,13819,106300000,106300000
0,1063,106300000,106300100,11055,13819,106400000,106400000
0,1064,106400000,106400100,11055,13819,106500000,106500000
0,1065,106500000,106500100,11055,13819,106600000,106600000
0,1066,106600000,106600100,11055,13819,106700000,106700000
0,1067,106700000,106700100,11055,13819,106800000,106800000
0,1068,106800000,106800100,11055,13819,106900000,106900000
0,1069,106900000,106900100,11055,13819,107000000,107000000
0,1070,107000000,107000100,11055,13819,107100000,107100000
0,1071,107100000,107100100,11055,13819,107200000,107200000
0,1072,107200000,107200100,11055,13819,107300000,107300000
0,1073,107300000,107300100,11055,13819,107400000,107400000
0,1074,107400000,107400100,11055,13819,107500000,107500000
0,1075,107500000,107500100,11055,13819,107600000,107600000
0,1076,107600000,107600100,11055,13819,107700000,107700000
0,1077,107700000,107700100,11055,13819,107800000,107800000
0,1078,107800000,107800100,11055,13819,107900000,107900000
0,1079,107900000,107900100,11055,13819,108000000,108000000
0,1080,108000000,108000100,11055,13819,108100000,108100000
0,1081,108100000,108100100,11055,13819,108200000,108200000
0,1082,108200000,108200100,11055,13819,108300000,108300000
0,1083,108300000,108300100,11055,13819,108400000,108400000
0,1084,108400000,108400100,11055,13819,108500000,108500000
0,1085,108500000,108500100,11055,13819,108600000,108600000
0,1086,108600000,108600100,11055,13819,108700000,108700000
0,1087,108700000,108700100,11055,13819,108800000,108800000
0,1088,108800000,108800100,11055,13819,108900000,108900000
0,1089,108900000,108900100,11055,13819,109000000,109000000
0,1090,109000000,109000100,11055,13819,109100000,109100000
0,1091,109100000,109100100,11055,13819,109200000,109200000
0,1092,109200000,109200100,11055,13819,109300000,109300000
0,1093,109300000,109300100,11055,13819,109400000,109400000
0,1094,109400000,109400100,11055,13819,109500000,109500000
0,1095,109500000,109500100,11055,13819,109600000,109600000
0,1096,109600000,109600100,11055,13819,109700000,109700000
0,1097,109700000,109700100,11055,13819,109800000,109800000
0,1098,109800000,109800100,11055,13819,109900000,109900000
0,1099,109900000,109900100,11055,13819,110000000,110000000
0,1100,110000000,110000100,11055,13819,110100000,110100000
0,1101,110100000,110100100,11055,13819,110200000,110200000
0,1102,110200000,110200100,11055,13819,110300000,110300000
0,1103,110300000,110300100,11055,13819,110400000,110400000
0,1104,110400000,110400100,11055,13819,110500000,110500000
0,1105,110500000,110500100,11055,13819,110600000,110600000
0,1106,110600000,110600100,11055,13819,110700000,110700000
0,1107,110700000,110700100,11055,13819,110800000,110800000
0,1108,110800000,110800100,11055,13819,110900000,110900000
0,1109,110900000,110900100,11055,13819,111000000,111000000
0,1110,111000000,111000100,11055,13819,111100000,111100000
0,1111,111100000,111100100,11055,13819,111200000,111200000
0,1112,111200000,111200100,11055,13819,111300000,111300000
0,1113,111300000,111300100,11055,13819,111400000,111400000
0,1114,111400000,111400100,11055,13819,111500000,111500000
0,1115,111500000,111500100,11055,13819,111600000,111600000
0,1116,111600000,111600100,11055,13819,111700000,111700000
0,1117,111700000,111700100,11055,13819,111800000,111800000
0,1118,111800000,111800100,11055,13819,111900000,111900000
0,1119,111900000,111900100,11055,13819,112000000,112000000
0,1120,112000000,112000100,11055,13819,112100000,112100000
0,1121,112100000,112100100,11055,13819,112200000,112200000
0,1122,112200000,112200100,11055,13819,112300000,112300000
0,1123,112300000,112300100,11055,13819,112400000,112400000
0,1124,112400000,112400100,11055,13819,112500000,112500000
0,1125,112500000,112500100,11055,13819,112600000,112600000
0,1126,112600000,112600100,11055,13819,112700000,112700000
0,1127,112700000,112700100,11055,13819,112800000,112800000
0,1128,112800000,112800100,11055,13819,112900000,112900000
0,1129,112900000,112900100,11055,13819,113000000,113000000
0,1130,113000000,113000100,11055,13819,113100000,113100000
0,1131,113100000,113100100,11055,13819,113200000,113200000
0,1132,113200000,113200100,11055,13819,113300000,113300000
0,1133,113300000,113300100,11055,13819,113400000,113400000
0,1134,113400000,113400100,11055,13819,113500000,113500000
0,1135,113500000,113500100,11055,13819,113600000,113600000
0,1136,113600000,113600100,11055,13819,113700000,113700000
0,1137,113700000,113700100,11055,13819,113800000,113800000
0,1138,113800000,113800100,11055,13819,113900000,113900000
0,1139,113900000,113900100,11055,13819,114000000,114000000
0,1140,114000000,114000100,11055,13819,114100000,114100000
0,1141,114100000,114100100,11055,13819,114200000,114200000
0,1142,114200000,114200100,11055,13819,114300000,114300000
0,1143,114300000,114300100,11055,13819,114400000,114400000
0,1144,114400000,114400100,11055,13819,114500000,114500000
0,1145,114500000,114500100,11055,13819,114600000,114600000
0,1146,114600000,114600100,11055,13819,114700000,114700000
0,1147,114700000,114700100,11055,13819,114800000,114800000
0,1148,114800000,114800100,11055,13819,114900000,114900000
0,1149,114900000,114900100,11055,13819,115000000,115000000
0,1150,115000000,115000100,11055,13819,115100000,115100000
0,1151,115100000,115100100,11055,13819,115200000,115200000
0,1152,115200000,115200100,11055,13819,115300000,115300000
0,1153,115300000,115300100,11055,13819,115400000,115400000
0,1154,115400000,115400100,11055,13819,115500000,115500000
0,1155,115500000,115500100,11055,13819,115600000,115600000
0,1156,115600000,115600100,11055,13819,115700000,115700000
0,1157,115700000,115700100,11055,13819,115800000,115800000
0,1158,115800000,115800100,11055,13819,115900000,115900000
0,1159,115900000,115900100,11055,13819,116000000,116000000
0,1160,116000000,116000100,11055,13819,116100000,116100000
0,1161,116100000,116100100,11055,13819,116200000,116200000
0,1162,116200000,116200100,11055,13819,116300000,116300000
0,1163,116300000,116300100,11055,13819,116400000,116400000
0,1164,116400000,116400100,11055,13819,116500000,116500000
0,1165,116500000,116500100,11055,13819,116600000,116600000
0,1166,116600000,116600100,11055,13819,116700000,116700000
0,1167,116700000,116700100,11055,13819,116800000,116800000
0,1168,116800000,116800100,11055,13819,116900000,116900000
0,1169,116900000,116900100,11055,13819,117000000,117000000
0,1170,117000000,117000100,11055,13819,117100000,117100000
0,1171,117100000,117100100,11055,13819,117200000,117200000
0,1172,117200000,117200100,11055,13819,117300000,117300000
0,1173,117300000,117300100,11055,13819,117400000,117400000
0,1174,117400000,117400100,11055,13819,117500000,117500000
0,1175,117500000,117500100,11055,13819,117600000,117600000
0,1176,117600000,117600100,11055,13819,117700000,117700000
0,1177,117700000,117700100,11055,13819,117800000,117800000
0,1178,117800000,117800100,11055,13819,117900000,117900000
0,1179,117900000,117900100,11055,13819,118000000,118000000
0,1180,118000000,118000100,11055,13819,118100000,118100000
0,1181,118100000,118100100,11055,13819,118200000,118200000
0,1182,118200000,118200100,11055,13819,118300000,118300000
0,1183,118300000,118300100,11055,13819,118400000,118400000
0,1184,118400000,118400100,11055,13819,118500000,118500000
0,1185,118500000,118500100,11055,13819,118600000,118600000
0,1186,118600000,118600100,11055,13819,118700000,118700000
0,1187,118700000,118700100,11055,13819,118800000,118800000
0,1188,118800000,118800100,11055,13819,118900000,118900000
0,1189,118900000,118900100,11055,13819,119000000,119000000
0,1190,119000000,119000100,11055,13819,119100000,119100000
0,1191,119100000,119100100,11055,13819,119200000,119200000
0,1192,119200000,119200100,11055,13819,119300000,119300000
0,1193,119300000,119300100,11055,13819,119400000,119400000
0,1194,119400000,119400100,11055,13819,119500000,119500000
0,1195,119500000,119500100,11055,13819,119600000,119600000
0,1196,119600000,119600100,11055,13819,119700000,119700000
0,1197,119700000,119700100,11055,13819,119800000,119800000
0,1198,119800000,119800100,11055,13819,119900000,119900000
0,1199,119900000,119900100,11055,13819,120000000,120000000
0,1200,120000000,120000100,11055,13819,120100000,120100000
0,1201,120100000,120100100,11055,13819,120200000,120200000
0,1202,120200000,120200100,11055,13819,120300000,120300000
0,1203,120300000,120300100,11055,13819,120400000,120400000
0,1204,120400000,120400100,11055,13819,120500000,120500000
0,1205,120500000,120500100,11055,13819,120600000,120600000
0,1206,120600000,120600100,11055,13819,120700000,120700000
0,1207,120700000,120700100,11055,13819,120800000,120800000
0,1208,120800000,120800100,11055,13819,120900000,120900000
0,1209,120900000,120900100,11055,13819,121000000,121000000
0,1210,121000000,121000100,11055,13819,121100000,121100000
0,1211,121100000,121100100,11055,13819,121200000,121200000
0,1212,121200000,121200100,11055,13819,121300000,121300000
0,1213,121300000,121300100,11055,13819,121400000,121400000
0,1214,121400000,121400100,11055,13819,121500000,121500000
0,1215,121500000,121500100,11055,13819,121600000,121600000
0,1216,121600000,121600100,11055,13819,121700000,121700000
0,1217,121700000,121700100,11055,13819,121800000,121800000
0,1218,121800000,121800100,11055,13819,121900000,121900000
0,1219,121900000,121900100,11055,13819,122000000,122000000
0,1220,122000000,122000100,11055,13819,122100000,122100000
0,1221,122100000,122100100,11055,13819,122200000,122200000
0,1222,122200000,122200100,11055,13819,122300000,122300000
0,1223,122300000,122300100,11055,13819,122400000,122400000
0,1224,122400000,122400100,11055,13819,122500000,122500000
0,1225,122500000,122500100,11055,13819,122600000,122600000
0,1226,122600000,122600100,11055,13819,122700000,122700000
0,1227,122700000,122700100,11055,13819,122800000,122800000
0,1228,122800000,122800100,11055,13819,122900000,122900000
0,1229,122900000,122900100,11055,13819,123000000,123000000
0,1230,123000000,123000100,11055,13819,123100000,123100000
0,1231,123100000,123100100,11055,13819,123200000,123200000
0,1232,123200000,123200100,11055,13819,123300000,123300000
0,1233,123300000,123300100,11055,13819,123400000,123400000
0,1234,123400000,123400100,11055,13819,123500000,123500000
0,1235,123500000,123500100,11055,13819,123600000,123600000
0,1236,123600000,123600100,11055,13819,123700000,123700000
0,1237,123700000,123700100,11055,13819,123800000,123800000
0,1238,123800000,123800100,11055,13819,123900000,123900000
0,1239,123900000,123900100,11055,13819,124000000,124000000
0,1240,124000000,124000100,11055,13819,124100000,124100000
0,1241,124100000,124100100,11055,13819,124200000,124200000
0,1242,124200000,124200100,11055,13819,124300000,124300000
0,1243,124300000,124300100,11055,13819,124400000,124400000
0,1244,124400000,124400100,11055,13819,124500000,124500000
0,1245,124500000,124500100,11055,13819,124600000,124600000
0,1246,124600000,124600100,11055,13819,124700000,124700000
0,1247,124700000,124700100,11055,13819,124800000,124800000
0,1248,124800000,124800100,11055,13819,124900000,124900000
0,1249,124900000,124900100,11055,13819,125000000,125000000
0,1250,125000000,125000100,11055,13819,125100000,125100000
0,1251,125100000,125100100,11055,13819,125200000,125200000
0,1252,125200000,125200100,11055,13819,125300000,125300000
0,1253,125300000,125300100,11055,13819,125400000,125400000
0,1254,125400000,125400100,11055,13819,125500000,125500000
0,1255,125500000,125500100,11055,13819,125600000,125600000
0,1256,125600000,125600100,11055,13819,125700000,125700000
0,1257,125700000,125700100,11055,13819,125800000,125800000
0,1258,125800000,125800100,11055,13819,125900000,125900000
0,1259,125900000,125900100,11055,13819,126000000,126000000
0,1260,126000000,126000100,11055,13819,126100000,126100000
0,1261,126100000,126100100,11055,13819,126200000,126200000
0,1262,126200000,126200100,11055,13819,126300000,126300000
0,1263,126300000,126300100,11055,13819,126400000,126400000
0,1264,126400000,126400100,11055,13819,126500000,126500000
0,1265,126500000,126500100,11055,13819,126600000,126600000
0,1266,126600000,126600100,11055,13819,126700000,126700000
0,1267,126700000,126700100,11055,13819,126800000,126800000
0,1268,126800000,126800100,11055,13819,126900000,126900000
0,1269,126900000,126900100,11055,13819,127000000,127000000
0,1270,127000000,127000100,11055,13819,127100000,127100000
0,1271,127100000,127100100,11055,13819,127200000,127200000
0,1272,127200000,127200100,11055,13819,127300000,127300000
0,1273,127300000,127300100,11055,13819,127400000,127400000
0,1274,127400000,127400100,11055,13819,127500000,127500000
0,1275,127500000,127500100,11055,13819,127600000,127600000
0,1276,127600000,127600100,11055,13819,127700000,127700000
0,1277,127700000,127700100,11055,13819,127800000,127800000
0,1278,127800000,127800100,11055,13819,127900000,127900000
0,1279,127900000,127900100,11055,13819,128000000,128000000
0,1280,128000000,128000100,11055,13819,128100000,128100000
0,1281,128100000,128100100,11055,13819,128200000,128200000
0,1282,128200000,128200100,11055,13819,128300000,128300000
0,1283,128300000,128300100,11055,13819,128400000,128400000
0,1284,128400000,128400100,11055,13819,128500000,128500000
0,1285,128500000,128500100,11055,13819,128600000,128600000
0,1286,128600000,128600100,11055,13819,128700000,128700000
0,1287,128700000,128700100,11055,13819,128800000,128800000
0,1288,128800000,128800100,11055,13819,128900000,128900000
0,1289,128900000,128900100,11055,13819,129000000,129000000
0,1290,129000000,129000100,11055,13819,129100000,129100000
0,1291,129100000,129100100,11055,13819,129200000,129200000
0,1292,129200000,129200100,11055,13819,129300000,129300000
0,1293,129300000,129300100,11055,13819,129400000,129400000
0,1294,129400000,129400100,11055,13819,129500000,129500000
0,1295,129500000,129500100,11055,13819,129600000,129600000
0,1296,129600000,129600100,11055,13819,129700000,129700000
0,1297,129700000,129700100,11055,13819,129800000,129800000
0,1298,129800000,129800100,11055,13819,129900000,129900000
0,1299,129900000,129900100,11055,13819,130000000,130000000
0,1300,130000000,130000100,11055,13819,130100000,130100000
0,1301,130100000,130100100,11055,13819,130200000,130200000
0,1302,130200000,130200100,11055,13819,130300000,130300000
0,1303,130300000,130300100,11055,13819,130400000,130400000
0,1304,130400000,130400100,11055,13819,130500000,130500000
0,1305,130500000,130500100,11055,13819,130600000,130600000
0,1306,130600000,130600100,11055,13819,130700000,130700000
0,1307,130700000,130700100,11055,13819,130800000,130800000
0,1308,130800000,130800100,11055,13819,130900000,130900000
0,1309,130900000,130900100,11055,13819,131000000,131000000
0,1310,131000000,131000100,11055,13819,131100000,131100000
0,1311,131100000,131100100,11055,13819,131200000,131200000
0,1312,131200000,131200100,11055,13819,131300000,131300000
0,1313,131300000,131300100,11055,13819,131400000,131400000
0,1314,131400000,131400100,11055,13819,131500000,131500000
0,1315,131500000,131500100,11055,13819,131600000,131600000
0,1316,131600000,131600100,11055,13819,131700000,131700000
0,1317,131700000,131700100,11055,13819,131800000,131800000
0,1318,131800000,131800100,11055,13819,131900000,131900000
0,1319,131900000,131900100,11055,13819,132000000,132000000
0,1320,132000000,132000100,11055,13819,132100000,132100000
0,1321,132100000,132100100,11055,13819,132200000,132200000
0,1322,132200000,132200100,11055,13819,132300000,132300000
0,1323,132300000,132300100,11055,13819,132400000,132400000
0,1324,132400000,132400100,11055,13819,132500000,132500000
0,1325,132500000,132500100,11055,13819,132600000,132600000
0,1326,132600000,132600100,11055,13819,132700000,132700000
0,1327,132700000,132700100,11055,13819,132800000,132800000
0,1328,132800000,132800100,11055,13819,132900000,132900000
0,1329,132900000,132900100,11055,13819,133000000,133000000
0,1330,133000000,133000100,11055,13819,133100000,133100000
0,1331,133100000,133100100,11055,13819,133200000,133200000
0,1332,133200000,133200100,11055,13819,133300000,133300000
0,1333,133300000,133300100,11055,13819,133400000,133400000
0,1334,133400000,133400100,11055,13819,133500000,133500000
0,1335,133500000,133500100,11055,13819,133600000,133600000
0,1336,133600000,133600100,11055,13819,133700000,133700000
0,1337,133700000,133700100,11055,13819,133800000,133800000
0,1338,133800000,133800100,11055,13819,133900000,133900000
0,1339,133900000,133900100,11055,13819,134000000,134000000
0,1340,134000000,134000100,11055,13819,134100000,134100000
0,1341,134100000,134100100,11055,13819,134200000,134200000
0,1342,134200000,134200100,11055,13819,134300000,134300000
0,1343,134300000,134300100,11055,13819,134400000,134400000
0,1344,134400000,134400100,11055,13819,134500000,134500000
0,1345,134500000,134500100,11055,13819,134600000,134600000
0,1346,134600000,134600100,11055,13819,134700000,134700000
0,1347,134700000,134700100,11055,13819,134800000,134800000
0,1348,134800000,134800100,11055,13819,134900000,134900000
0,1349,134900000,134900100,11055,13819,135000000,135000000
0,1350,135000000,135000100,11055,13819,135100000,135100000
0,1351,135100000,135100100,11055,13819,135200000,135200000
0,1352,135200000,135200100,11055,13819,135300000,135300000
0,1353,135300000,135300100,11055,13819,135400000,135400000
0,1354,135400000,135400100,11055,13819,135500000,135500000
0,1355,135500000,135500100,11055,13819,135600000,135600000
0,1356,135600000,135600100,11055,13819,135700000,135700000
0,1357,135700000,135700100,11055,13819,135800000,135800000
0,1358,135800000,135800100,11055,13819,135900000,135900000
0,1359,135900000,135900100,11055,13819,136000000,136000000
0,1360,136000000,136000100,11055,13819,136100000,136100000
0,1361,136100000,136100100,11055,13819,136200000,136200000
0,1362,136200000,136200100,11055,13819,136300000,136300000
0,1363,136300000,136300100,11055,13819,136400000,136400000
0,1364,136400000,136400100,11055,13819,136500000,136500000
1,0,0,100,36824,46030,150000,150000
1,1,150000,150100,36824,46030,300000,300000
1,2,300000,300100,36824,46030,450000,450000
1,3,450000,450100,36824,46030,600000,600000
1,4,600000,600100,36824,46030,750000,750000
1,5,750000,750100,36824,46030,900000,900000
1,6,900000,900100,36824,46030,1050000,1050000
1,7,1050000,1050100,36824,46030,1200000,1200000
1,8,1200000,1200100,36824,46030,1350000,1350000
1,9,1350000,1350100,36824,46030,1500000,1500000
1,10,1500000,1500100,36824,46030,1650000,1650000
1,11,1650000,1650100,36824,46030,1800000,1800000
1,12,1800000,1800100,36824,46030,1950000,1950000
1,13,1950000,1950100,36824,46030,2100000,2100000
1,14,2100000,2100100,36824,46030,2250000,2250000
1,15,2250000,2250100,36824,46030,2400000,2400000
1,16,2400000,2400100,36824,46030,2550000,2550000
1,17,2550000,2550100,36824,46030,2700000,2700000
1,18,2700000,2700100,36824,46030,2850000,2850000
1,19,2850000,2850100,36824,46030,3000000,3000000
1,20,3000000,3000100,36824,46030,3150000,3150000
1,21,3150000,3150100,36824,46030,3300000,3300000
1,22,3300000,3300100,36824,46030,3450000,3450000
1,23,3450000,3450100,36824,46030,3600000,3600000
1,24,3600000,3600100,36824,46030,3750000,3750000
1,25,3750000,3750100,36824,46030,3900000,3900000
1,26,3900000,3900100,36824,46030,4050000,4050000
1,27,4050000,4050100,36824,46030,4200000,4200000
1,28,4200000,4200100,36824,46030,4350000,4350000
1,29,4350000,4350100,36824,46030,4500000,4500000
1,30,4500000,4500100,36824,46030,4650000,4650000
1,31,4650000,4650100,36824,46030,4800000,4800000
1,32,4800000,4800100,36824,46030,4950000,4950000
1,33,4950000,4950100,36824,46030,5100000,5100000
1,34,5100000,5100100,36824,46030,5250000,5250000
1,35,5250000,5250100,36824,46030,5400000,5400000
1,36,5400000,5400100,36824,46030,5550000,5550000
1,37,5550000,5550100,36824,46030,5700000,5700000
1,38,5700000,5700100,36824,46030,5850000,5850000
1,39,5850000,5850100,36824,46030,6000000,6000000
1,40,6000000,6000100,36824,46030,6150000,6150000
1,41,6150000,6150100,36824,46030,6300000,6300000
1,42,6300000,6300100,36824,46030,6450000,6450000
1,43,6450000,6450100,36824,46030,6600000,6600000
1,44,6600000,6600100,36824,46030,6750000,6750000
1,45,6750000,6750100,36824,46030,6900000,6900000
1,46,6900000,6900100,36824,46030,7050000,7050000
1,47,7050000,7050100,36824,46030,7200000,7200000
1,48,7200000,7200100,36824,46030,7350000,7350000
1,49,7350000,7350100,36824,46030,7500000,7500000
1,50,7500000,7500100,36824,46030,7650000,7650000
1,51,7650000,7650100,36824,46030,7800000,7800000
1,52,7800000,7800100,36824,46030,7950000,7950000
1,53,7950000,7950100,36824,46030,8100000,8100000
1,54,8100000,8100100,36824,46030,8250000,8250000
1,55,8250000,8250100,36824,46030,8400000,8400000
1,56,8400000,8400100,36824,46030,8550000,8550000
1,57,8550000,8550100,36824,46030,8700000,8700000
1,58,8700000,8700100,36824,46030,8850000,8850000
1,59,8850000,8850100,36824,46030,9000000,9000000
1,60,9000000,9000100,36824,46030,9150000,9150000
1,61,9150000,9150100,36824,46030,9300000,9300000
1,62,9300000,9300100,36824,46030,9450000,9450000
1,63,9450000,9450100,36824,46030,9600000,9600000
1,64,9600000,9600100,36824,46030,9750000,9750000
1,65,9750000,9750100,36824,46030,9900000,9900000
1,66,9900000,9900100,36824,46030,10050000,10050000
1,67,10050000,10050100,36824,46030,10200000,10200000
1,68,10200000,10200100,36824,46030,10350000,10350000
1,69,10350000,10350100,36824,46030,10500000,10500000
1,70,10500000,10500100,36824,46030,10650000,10650000
1,71,10650000,10650100,36824,46030,10800000,10800000
1,72,10800000,10800100,36824,46030,10950000,10950000
1,73,10950000,10950100,36824,46030,11100000,11100000
1,74,11100000,11100100,36824,46030,11250000,11250000
1,75,11250000,11250100,36824,46030,11400000,11400000
1,76,11400000,11400100,36824,46030,11550000,11550000
1,77,11550000,11550100,36824,46030,11700000,11700000
1,78,11700000,11700100,36824,46030,11850000,11850000
1,79,11850000,11850100,36824,46030,12000000,12000000
1,80,12000000,12000100,36824,46030,12150000,12150000
1,81,12150000,12150100,36824,46030,12300000,12300000
1,82,12300000,12300100,36824,46030,12450000,12450000
1,83,12450000,12450100,36824,46030,12600000,12600000
1,84,12600000,12600100,36824,46030,12750000,12750000
1,85,12750000,12750100,36824,46030,12900000,12900000
1,86,12900000,12900100,36824,46030,13050000,13050000
1,87,13050000,13050100,36824,46030,13200000,13200000
1,88,13200000,13200100,36824,46030,13350000,13350000
1,89,13350000,13350100,36824,46030,13500000,13500000
1,90,13500000,13500100,36824,46030,13650000,13650000
1,91,13650000,13650100,36824,46030,13800000,13800000
1,92,13800000,13800100,36824,46030,13950000,13950000
1,93,13950000,13950100,36824,46030,14100000,14100000
1,94,14100000,14100100,36824,46030,14250000,14250000
1,95,14250000,14250100,36824,46030,14400000,14400000
1,96,14400000,14400100,36824,46030,14550000,14550000
1,97,14550000,14550100,36824,46030,14700000,14700000
1,98,14700000,14700100,36824,46030,14850000,14850000
1,99,14850000,14850100,36824,46030,15000000,15000000
1,100,15000000,15000100,36824,46030,15150000,15150000
1,101,15150000,15150100,36824,46030,15300000,15300000
1,102,15300000,15300100,36824,46030,15450000,15450000
1,103,15450000,15450100,36824,46030,15600000,15600000
1,104,15600000,15600100,36824,46030,15750000,15750000
1,105,15750000,15750100,36824,46030,15900000,15900000
1,106,15900000,15900100,36824,46030,16050000,16050000
1,107,16050000,16050100,36824,46030,16200000,16200000
1,108,16200000,16200100,36824,46030,16350000,16350000
1,109,16350000,16350100,36824,46030,16500000,16500000
1,110,16500000,16500100,36824,46030,16650000,16650000
1,111,16650000,16650100,36824,46030,16800000,16800000
1,112,16800000,16800100,36824,46030,16950000,16950000
1,113,16950000,16950100,36824,46030,17100000,17100000
1,114,17100000,17100100,36824,46030,17250000,17250000
1,115,17250000,17250100,36824,46030,17400000,17400000
1,116,17400000,17400100,36824,46030,17550000,17550000
1,117,17550000,17550100,36824,46030,17700000,17700000
1,118,17700000,17700100,36824,46030,17850000,17850000
1,119,17850000,17850100,36824,46030,18000000,18000000
1,120,18000000,18000100,36824,46030,18150000,18150000
1,121,18150000,18150100,36824,46030,18300000,18300000
1,122,18300000,18300100,36824,46030,18450000,18450000
1,123,18450000,18450100,36824,46030,18600000,18600000
1,124,18600000,18600100,36824,46030,18750000,18750000
1,125,18750000,18750100,36824,46030,18900000,18900000
1,126,18900000,18900100,36824,46030,19050000,19050000
1,127,19050000,19050100,36824,46030,19200000,19200000
1,128,19200000,19200100,36824,46030,19350000,19350000
1,129,19350000,19350100,36824,46030,19500000,19500000
1,130,19500000,19500100,36824,46030,19650000,19650000
1,131,19650000,19650100,36824,46030,19800000,19800000
1,132,19800000,19800100,36824,46030,19950000,19950000
1,133,19950000,19950100,36824,46030,20100000,20100000
1,134,20100000,20100100,36824,46030,20250000,20250000
1,135,20250000,20250100,36824,46030,20400000,20400000
1,136,20400000,20400100,36824,46030,20550000,20550000
1,137,20550000,20550100,36824,46030,20700000,20700000
1,138,20700000,20700100,36824,46030,20850000,20850000
1,139,20850000,20850100,36824,46030,21000000,21000000
1,140,21000000,21000100,36824,46030,21150000,21150000
1,141,21150000,21150100,36824,46030,21300000,21300000
1,142,21300000,21300100,36824,46030,21450000,21450000
1,143,21450000,21450100,36824,46030,21600000,21600000
1,144,21600000,21600100,36824,46030,21750000,21750000
1,145,21750000,21750100,36824,46030,21900000,21900000
1,146,21900000,21900100,36824,46030,22050000,22050000
1,147,22050000,22050100,36824,46030,22200000,22200000
1,148,22200000,22200100,36824,46030,22350000,22350000
1,149,22350000,22350100,36824,46030,22500000,22500000
1,150,22500000,22500100,36824,46030,22650000,22650000
1,151,22650000,22650100,36824,46030,22800000,22800000
1,152,22800000,22800100,36824,46030,22950000,22950000
1,153,22950000,22950100,36824,46030,23100000,23100000
1,154,23100000,23100100,36824,46030,23250000,23250000
1,155,23250000,23250100,36824,46030,23400000,23400000
1,156,23400000,23400100,36824,46030,23550000,23550000
1,157,23550000,23550100,36824,46030,23700000,23700000
1,158,23700000,23700100,36824,46030,23850000,23850000
1,159,23850000,23850100,36824,46030,24000000,24000000
1,160,24000000,24000100,36824,46030,24150000,24150000
1,161,24150000,24150100,36824,46030,24300000,24300000
1,162,24300000,24300100,36824,46030,24450000,24450000
1,163,24450000,24450100,36824,46030,24600000,24600000
1,164,24600000,24600100,36824,46030,24750000,24750000
1,165,24750000,24750100,36824,46030,24900000,24900000
1,166,24900000,24900100,36824,46030,25050000,25050000
1,167,25050000,25050100,36824,46030,25200000,25200000
1,168,25200000,25200100,36824,46030,25350000,25350000
1,169,25350000,25350100,36824,46030,25500000,25500000
1,170,25500000,25500100,36824,46030,25650000,25650000
1,171,25650000,25650100,36824,46030,25800000,25800000
1,172,25800000,25800100,36824,46030,25950000,25950000
1,173,25950000,25950100,36824,46030,26100000,26100000
1,174,26100000,26100100,36824,46030,26250000,26250000
1,175,26250000,26250100,36824,46030,26400000,26400000
1,176,26400000,26400100,36824,46030,26550000,26550000
1,177,26550000,26550100,36824,46030,26700000,26700000
1,178,26700000,26700100,36824,46030,26850000,26850000
1,179,26850000,26850100,36824,46030,27000000,27000000
1,180,27000000,27000100,36824,46030,27150000,27150000
1,181,27150000,27150100,36824,46030,27300000,27300000
1,182,27300000,27300100,36824,46030,27450000,27450000
1,183,27450000,27450100,36824,46030,27600000,27600000
1,184,27600000,27600100,36824,46030,27750000,27750000
1,185,27750000,27750100,36824,46030,27900000,27900000
1,186,27900000,27900100,36824,46030,28050000,28050000
1,187,28050000,28050100,36824,46030,28200000,28200000
1,188,28200000,28200100,36824,46030,28350000,28350000
1,189,28350000,28350100,36824,46030,28500000,28500000
1,190,28500000,28500100,36824,46030,28650000,28650000
1,191,28650000,28650100,36824,46030,28800000,28800000
1,192,28800000,28800100,36824,46030,28950000,28950000
1,193,28950000,28950100,36824,46030,29100000,29100000
1,194,29100000,29100100,36824,46030,29250000,29250000
1,195,29250000,29250100,36824,46030,29400000,29400000
1,196,29400000,29400100,36824,46030,29550000,29550000
1,197,29550000,29550100,36824,46030,29700000,29700000
1,198,29700000,29700100,36824,46030,29850000,29850000
1,199,29850000,29850100,36824,46030,30000000,30000000
1,200,30000000,30000100,36824,46030,30150000,30150000
1,201,30150000,30150100,36824,46030,30300000,30300000
1,202,30300000,30300100,36824,46030,30450000,30450000
1,203,30450000,30450100,36824,46030,30600000,30600000
1,204,30600000,30600100,36824,46030,30750000,30750000
1,205,30750000,30750100,36824,46030,30900000,30900000
1,206,30900000,30900100,36824,46030,31050000,31050000
1,207,31050000,31050100,36824,46030,31200000,31200000
1,208,31200000,31200100,36824,46030,31350000,31350000
1,209,31350000,31350100,36824,46030,31500000,31500000
1,210,31500000,31500100,36824,46030,31650000,31650000
1,211,31650000,31650100,36824,46030,31800000,31800000
1,212,31800000,31800100,36824,46030,31950000,31950000
1,213,31950000,31950100,36824,46030,32100000,32100000
1,214,32100000,32100100,36824,46030,32250000,32250000
1,215,32250000,32250100,36824,46030,32400000,32400000
1,216,32400000,32400100,36824,46030,32550000,32550000
1,217,32550000,32550100,36824,46030,32700000,32700000
1,218,32700000,32700100,36824,46030,32850000,32850000
1,219,32850000,32850100,36824,46030,33000000,33000000
1,220,33000000,33000100,36824,46030,33150000,33150000
1,221,33150000,33150100,36824,46030,33300000,33300000
1,222,33300000,33300100,36824,46030,33450000,33450000
1,223,33450000,33450100,36824,46030,33600000,33600000
1,224,33600000,33600100,36824,46030,33750000,33750000
1,225,33750000,33750100,36824,46030,33900000,33900000
1,226,33900000,33900100,36824,46030,34050000,34050000
1,227,34050000,34050100,36824,46030,34200000,34200000
1,228,34200000,34200100,36824,46030,34350000,34350000
1,229,34350000,34350100,36824,46030,34500000,34500000
1,230,34500000,34500100,36824,46030,34650000,34650000
1,231,34650000,34650100,36824,46030,34800000,34800000
1,232,34800000,34800100,36824,46030,34950000,34950000
1,233,34950000,34950100,36824,46030,35100000,35100000
1,234,35100000,35100100,36824,46030,35250000,35250000
1,235,35250000,35250100,36824,46030,35400000,35400000
1,236,35400000,35400100,36824,46030,35550000,35550000
1,237,35550000,35550100,36824,46030,35700000,35700000
1,238,35700000,35700100,36824,46030,35850000,35850000
1,239,35850000,35850100,36824,46030,36000000,36000000
1,240,36000000,36000100,36824,46030,36150000,36150000
1,241,36150000,36150100,36824,46030,36300000,36300000
1,242,36300000,36300100,36824,46030,36450000,36450000
1,243,36450000,36450100,36824,46030,36600000,36600000
1,244,36600000,36600100,36824,46030,36750000,36750000
1,245,36750000,36750100,36824,46030,36900000,36900000
1,246,36900000,36900100,36824,46030,37050000,37050000
1,247,37050000,37050100,36824,46030,37200000,37200000
1,248,37200000,37200100,36824,46030,37350000,37350000
1,249,37350000,37350100,36824,46030,37500000,37500000
1,250,37500000,37500100,36824,46030,37650000,37650000
1,251,37650000,37650100,36824,46030,37800000,37800000
1,252,37800000,37800100,36824,46030,37950000,37950000
1,253,37950000,37950100,36824,46030,38100000,38100000
1,254,38100000,38100100,36824,46030,38250000,38250000
1,255,38250000,38250100,36824,46030,38400000,38400000
1,256,38400000,38400100,36824,46030,38550000,38550000
1,257,38550000,38550100,36824,46030,38700000,38700000
1,258,38700000,38700100,36824,46030,38850000,38850000
1,259,38850000,38850100,36824,46030,39000000,39000000
1,260,39000000,39000100,36824,46030,39150000,39150000
1,261,39150000,39150100,36824,46030,39300000,39300000
1,262,39300000,39300100,36824,46030,39450000,39450000
1,263,39450000,39450100,36824,46030,39600000,39600000
1,264,39600000,39600100,36824,46030,39750000,39750000
1,265,39750000,39750100,36824,46030,39900000,39900000
1,266,39900000,39900100,36824,46030,40050000,40050000
1,267,40050000,40050100,36824,46030,40200000,40200000
1,268,40200000,40200100,36824,46030,40350000,40350000
1,269,40350000,40350100,36824,46030,40500000,40500000
1,270,40500000,40500100,36824,46030,40650000,40650000
1,271,40650000,40650100,36824,46030,40800000,40800000
1,272,40800000,40800100,36824,46030,40950000,40950000
1,273,40950000,40950100,36824,46030,41100000,41100000
1,274,41100000,41100100,36824,46030,41250000,41250000
1,275,41250000,41250100,36824,46030,41400000,41400000
1,276,41400000,41400100,36824,46030,41550000,41550000
1,277,41550000,41550100,36824,46030,41700000,41700000
1,278,41700000,41700100,36824,46030,41850000,41850000
1,279,41850000,41850100,36824,46030,42000000,42000000
1,280,42000000,42000100,36824,46030,42150000,42150000
1,281,42150000,42150100,36824,46030,42300000,42300000
1,282,42300000,42300100,36824,46030,42450000,42450000
1,283,42450000,42450100,36824,46030,42600000,42600000
1,284,42600000,42600100,36824,46030,42750000,42750000
1,285,42750000,42750100,36824,46030,42900000,42900000
1,286,42900000,42900100,36824,46030,43050000,43050000
1,287,43050000,43050100,36824,46030,43200000,43200000
1,288,43200000,43200100,36824,46030,43350000,43350000
1,289,43350000,43350100,36824,46030,43500000,43500000
1,290,43500000,43500100,36824,46030,43650000,43650000
1,291,43650000,43650100,36824,46030,43800000,43800000
1,292,43800000,43800100,36824,46030,43950000,43950000
1,293,43950000,43950100,36824,46030,44100000,44100000
1,294,44100000,44100100,36824,46030,44250000,44250000
1,295,44250000,44250100,36824,46030,44400000,44400000
1,296,44400000,44400100,36824,46030,44550000,44550000
1,297,44550000,44550100,36824,46030,44700000,44700000
1,298,44700000,44700100,36824,46030,44850000,44850000
1,299,44850000,44850100,36824,46030,45000000,45000000
1,300,45000000,45000100,36824,46030,45150000,45150000
1,301,45150000,45150100,36824,46030,45300000,45300000
1,302,45300000,45300100,36824,46030,45450000,45450000
1,303,45450000,45450100,36824,46030,45600000,45600000
1,304,45600000,45600100,36824,46030,45750000,45750000
1,305,45750000,45750100,36824,46030,45900000,45900000
1,306,45900000,45900100,36824,46030,46050000,46050000
1,307,46050000,46050100,36824,46030,46200000,46200000
1,308,46200000,46200100,36824,46030,46350000,46350000
1,309,46350000,46350100,36824,46030,46500000,46500000
1,310,46500000,46500100,36824,46030,46650000,46650000
1,311,46650000,46650100,36824,46030,46800000,46800000
1,312,46800000,46800100,36824,46030,46950000,46950000
1,313,46950000,46950100,36824,46030,47100000,47100000
1,314,47100000,47100100,36824,46030,47250000,47250000
1,315,47250000,47250100,36824,46030,47400000,47400000
1,316,47400000,47400100,36824,46030,47550000,47550000
1,317,47550000,47550100,36824,46030,47700000,47700000
1,318,47700000,47700100,36824,46030,47850000,47850000
1,319,47850000,47850100,36824,46030,48000000,48000000
1,320,48000000,48000100,36824,46030,48150000,48150000
1,321,48150000,48150100,36824,46030,48300000,48300000
1,322,48300000,48300100,36824,46030,48450000,48450000
1,323,48450000,48450100,36824,46030,48600000,48600000
1,324,48600000,48600100,36824,46030,48750000,48750000
1,325,48750000,48750100,36824,46030,48900000,48900000
1,326,48900000,48900100,36824,46030,49050000,49050000
1,327,49050000,49050100,36824,46030,49200000,49200000
1,328,49200000,49200100,36824,46030,49350000,49350000
1,329,49350000,49350100,36824,46030,49500000,49500000
1,330,49500000,49500100,36824,46030,49650000,49650000
1,331,49650000,49650100,36824,46030,49800000,49800000
1,332,49800000,49800100,36824,46030,49950000,49950000
1,333,49950000,49950100,36824,46030,50100000,50100000
1,334,50100000,50100100,36824,46030,50250000,50250000
1,335,50250000,50250100,36824,46030,50400000,50400000
1,336,50400000,50400100,36824,46030,50550000,50550000
1,337,50550000,50550100,36824,46030,50700000,50700000
1,338,50700000,50700100,36824,46030,50850000,50850000
1,339,50850000,50850100,36824,46030,51000000,51000000
1,340,51000000,51000100,36824,46030,51150000,51150000
1,341,51150000,51150100,36824,46030,51300000,51300000
1,342,51300000,51300100,36824,46030,51450000,51450000
1,343,51450000,51450100,36824,46030,51600000,51600000
1,344,51600000,51600100,36824,46030,51750000,51750000
1,345,51750000,51750100,36824,46030,51900000,51900000
1,346,51900000,51900100,36824,46030,52050000,52050000
1,347,52050000,52050100,36824,46030,52200000,52200000
1,348,52200000,52200100,36824,46030,52350000,52350000
1,349,52350000,52350100,36824,46030,52500000,52500000
1,350,52500000,52500100,36824,46030,52650000,52650000
1,351,52650000,52650100,36824,46030,52800000,52800000
1,352,52800000,52800100,36824,46030,52950000,52950000
1,353,52950000,52950100,36824,46030,53100000,53100000
1,354,53100000,53100100,36824,46030,53250000,53250000
1,355,53250000,53250100,36824,46030,53400000,53400000
1,356,53400000,53400100,36824,46030,53550000,53550000
1,357,53550000,53550100,36824,46030,53700000,53700000
1,358,53700000,53700100,36824,46030,53850000,53850000
1,359,53850000,53850100,36824,46030,54000000,54000000
1,360,54000000,54000100,36824,46030,54150000,54150000
1,361,54150000,54150100,36824,46030,54300000,54300000
1,362,54300000,54300100,36824,46030,54450000,54450000
1,363,54450000,54450100,36824,46030,54600000,54600000
1,364,54600000,54600100,36824,46030,54750000,54750000
1,365,54750000,54750100,36824,46030,54900000,54900000
1,366,54900000,54900100,36824,46030,55050000,55050000
1,367,55050000,55050100,36824,46030,55200000,55200000
1,368,55200000,55200100,36824,46030,55350000,55350000
1,369,55350000,55350100,36824,46030,55500000,55500000
1,370,55500000,55500100,36824,46030,55650000,55650000
1,371,55650000,55650100,36824,46030,55800000,55800000
1,372,55800000,55800100,36824,46030,55950000,55950000
1,373,55950000,55950100,36824,46030,56100000,56100000
1,374,56100000,56100100,36824,46030,56250000,56250000
1,375,56250000,56250100,36824,46030,56400000,56400000
1,376,56400000,56400100,36824,46030,56550000,56550000
1,377,56550000,56550100,36824,46030,56700000,56700000
1,378,56700000,56700100,36824,46030,56850000,56850000
1,379,56850000,56850100,36824,46030,57000000,57000000
1,380,57000000,57000100,36824,46030,57150000,57150000
1,381,57150000,57150100,36824,46030,57300000,57300000
1,382,57300000,57300100,36824,46030,57450000,57450000
1,383,57450000,57450100,36824,46030,57600000,57600000
1,384,57600000,57600100,36824,46030,57750000,57750000
1,385,57750000,57750100,36824,46030,57900000,57900000
1,386,57900000,57900100,36824,46030,58050000,58050000
1,387,58050000,58050100,36824,46030,58200000,58200000
1,388,58200000,58200100,36824,46030,58350000,58350000
1,389,58350000,58350100,36824,46030,58500000,58500000
1,390,58500000,58500100,36824,46030,58650000,58650000
1,391,58650000,58650100,36824,46030,58800000,58800000
1,392,58800000,58800100,36824,46030,58950000,58950000
1,393,58950000,58950100,36824,46030,59100000,59100000
1,394,59100000,59100100,36824,46030,59250000,59250000
1,395,59250000,59250100,36824,46030,59400000,59400000
1,396,59400000,59400100,36824,46030,59550000,59550000
1,397,59550000,59550100,36824,46030,59700000,59700000
1,398,59700000,59700100,36824,46030,59850000,59850000
1,399,59850000,59850100,36824,46030,60000000,60000000
1,400,60000000,60000100,36824,46030,60150000,60150000
1,401,60150000,60150100,36824,46030,60300000,60300000
1,402,60300000,60300100,36824,46030,60450000,60450000
1,403,60450000,60450100,36824,46030,60600000,60600000
1,404,60600000,60600100,36824,46030,60750000,60750000
1,405,60750000,60750100,36824,46030,60900000,60900000
1,406,60900000,60900100,36824,46030,61050000,61050000
1,407,61050000,61050100,36824,46030,61200000,61200000
1,408,61200000,61200100,36824,46030,61350000,61350000
1,409,61350000,61350100,36824,46030,61500000,61500000
1,410,61500000,61500100,36824,46030,61650000,61650000
1,411,61650000,61650100,36824,46030,61800000,61800000
1,412,61800000,61800100,36824,46030,61950000,61950000
1,413,61950000,61950100,36824,46030,62100000,62100000
1,414,62100000,62100100,36824,46030,62250000,62250000
1,415,62250000,62250100,36824,46030,62400000,62400000
1,416,62400000,62400100,36824,46030,62550000,62550000
1,417,62550000,62550100,36824,46030,62700000,62700000
1,418,62700000,62700100,36824,46030,62850000,62850000
1,419,62850000,62850100,36824,46030,63000000,63000000
1,420,63000000,63000100,36824,46030,63150000,63150000
1,421,63150000,63150100,36824,46030,63300000,63300000
1,422,63300000,63300100,36824,46030,63450000,63450000
1,423,63450000,63450100,36824,46030,63600000,63600000
1,424,63600000,63600100,36824,46030,63750000,63750000
1,425,63750000,63750100,36824,46030,63900000,63900000
1,426,63900000,63900100,36824,46030,64050000,64050000
1,427,64050000,64050100,36824,46030,64200000,64200000
1,428,64200000,64200100,36824,46030,64350000,64350000
1,429,64350000,64350100,36824,46030,64500000,64500000
1,430,64500000,64500100,36824,46030,64650000,64650000
1,431,64650000,64650100,36824,46030,64800000,64800000
1,432,64800000,64800100,36824,46030,64950000,64950000
1,433,64950000,64950100,36824,46030,65100000,65100000
1,434,65100000,65100100,36824,46030,65250000,65250000
1,435,65250000,65250100,36824,46030,65400000,65400000
1,436,65400000,65400100,36824,46030,65550000,65550000
1,437,65550000,65550100,36824,46030,65700000,65700000
1,438,65700000,65700100,36824,46030,65850000,65850000
1,439,65850000,65850100,36824,46030,66000000,66000000
1,440,66000000,66000100,36824,46030,66150000,66150000
1,441,66150000,66150100,36824,46030,66300000,66300000
1,442,66300000,66300100,36824,46030,66450000,66450000
1,443,66450000,66450100,36824,46030,66600000,66600000
1,444,66600000,66600100,36824,46030,66750000,66750000
1,445,66750000,66750100,36824,46030,66900000,66900000
1,446,66900000,66900100,36824,46030,67050000,67050000
1,447,67050000,67050100,36824,46030,67200000,67200000
1,448,67200000,67200100,36824,46030,67350000,67350000
1,449,67350000,67350100,36824,46030,67500000,67500000
1,450,67500000,67500100,36824,46030,67650000,67650000
1,451,67650000,67650100,36824,46030,67800000,67800000
1,452,67800000,67800100,36824,46030,67950000,67950000
1,453,67950000,67950100,36824,46030,68100000,68100000
1,454,68100000,68100100,36824,46030,68250000,68250000
1,455,68250000,68250100,36824,46030,68400000,68400000
1,456,68400000,68400100,36824,46030,68550000,68550000
1,457,68550000,68550100,36824,46030,68700000,68700000
1,458,68700000,68700100,36824,46030,68850000,68850000
1,459,68850000,68850100,36824,46030,69000000,69000000
1,460,69000000,69000100,36824,46030,69150000,69150000
1,461,69150000,69150100,36824,46030,69300000,69300000
1,462,69300000,69300100,36824,46030,69450000,69450000
1,463,69450000,69450100,36824,46030,69600000,69600000
1,464,69600000,69600100,36824,46030,69750000,69750000
1,465,69750000,69750100,36824,46030,69900000,69900000
1,466,69900000,69900100,36824,46030,70050000,70050000
1,467,70050000,70050100,36824,46030,70200000,70200000
1,468,70200000,70200100,36824,46030,70350000,70350000
1,469,70350000,70350100,36824,46030,70500000,70500000
1,470,70500000,70500100,36824,46030,70650000,70650000
1,471,70650000,70650100,36824,46030,70800000,70800000
1,472,70800000,70800100,36824,46030,70950000,70950000
1,473,70950000,70950100,36824,46030,71100000,71100000
1,474,71100000,71100100,36824,46030,71250000,71250000
1,475,71250000,71250100,36824,46030,71400000,71400000
1,476,71400000,71400100,36824,46030,71550000,71550000
1,477,71550000,71550100,36824,46030,71700000,71700000
1,478,71700000,71700100,36824,46030,71850000,71850000
1,479,71850000,71850100,36824,46030,72000000,72000000
1,480,72000000,72000100,36824,46030,72150000,72150000
1,481,72150000,72150100,36824,46030,72300000,72300000
1,482,72300000,72300100,36824,46030,72450000,72450000
1,483,72450000,72450100,36824,46030,72600000,72600000
1,484,72600000,72600100,36824,46030,72750000,72750000
1,485,72750000,72750100,36824,46030,72900000,72900000
1,486,72900000,72900100,36824,46030,73050000,73050000
1,487,73050000,73050100,36824,46030,73200000,73200000
1,488,73200000,73200100,36824,46030,73350000,73350000
1,489,73350000,73350100,36824,46030,73500000,73500000
1,490,73500000,73500100,36824,46030,73650000,73650000
1,491,73650000,73650100,36824,46030,73800000,73800000
1,492,73800000,73800100,36824,46030,73950000,73950000
1,493,73950000,73950100,36824,46030,74100000,74100000
1,494,74100000,74100100,36824,46030,74250000,74250000
1,495,74250000,74250100,36824,46030,74400000,74400000
1,496,74400000,74400100,36824,46030,74550000,74550000
1,497,74550000,74550100,36824,46030,74700000,74700000
1,498,74700000,74700100,36824,46030,74850000,74850000
1,499,74850000,74850100,36824,46030,75000000,75000000
1,500,75000000,75000100,36824,46030,75150000,75150000
1,501,75150000,75150100,36824,46030,75300000,75300000
1,502,75300000,75300100,36824,46030,75450000,75450000
1,503,75450000,75450100,36824,46030,75600000,75600000
1,504,75600000,75600100,36824,46030,75750000,75750000
1,505,75750000,75750100,36824,46030,75900000,75900000
1,506,75900000,75900100,36824,46030,76050000,76050000
1,507,76050000,76050100,36824,46030,76200000,76200000
1,508,76200000,76200100,36824,46030,76350000,76350000
1,509,76350000,76350100,36824,46030,76500000,76500000
1,510,76500000,76500100,36824,46030,76650000,76650000
1,511,76650000,76650100,36824,46030,76800000,76800000
1,512,76800000,76800100,36824,46030,76950000,76950000
1,513,76950000,76950100,36824,46030,77100000,77100000
1,514,77100000,77100100,36824,46030,77250000,77250000
1,515,77250000,77250100,36824,46030,77400000,77400000
1,516,77400000,77400100,36824,46030,77550000,77550000
1,517,77550000,77550100,36824,46030,77700000,77700000
1,518,77700000,77700100,36824,46030,77850000,77850000
1,519,77850000,77850100,36824,46030,78000000,78000000
1,520,78000000,78000100,36824,46030,78150000,78150000
1,521,78150000,78150100,36824,46030,78300000,78300000
1,522,78300000,78300100,36824,46030,78450000,78450000
1,523,78450000,78450100,36824,46030,78600000,78600000
1,524,78600000,78600100,36824,46030,78750000,78750000
1,525,78750000,78750100,36824,46030,78900000,78900000
1,526,78900000,78900100,36824,46030,79050000,79050000
1,527,79050000,79050100,36824,46030,79200000,79200000
1,528,79200000,79200100,36824,46030,79350000,79350000
1,529,79350000,79350100,36824,46030,79500000,79500000
1,530,79500000,79500100,36824,46030,79650000,79650000
1,531,79650000,79650100,36824,46030,79800000,79800000
1,532,79800000,79800100,36824,46030,79950000,79950000
1,533,79950000,79950100,36824,46030,80100000,80100000
1,534,80100000,80100100,36824,46030,80250000,80250000
1,535,80250000,80250100,36824,46030,80400000,80400000
1,536,80400000,80400100,36824,46030,80550000,80550000
1,537,80550000,80550100,36824,46030,80700000,80700000
1,538,80700000,80700100,36824,46030,80850000,80850000
1,539,80850000,80850100,36824,46030,81000000,81000000
1,540,81000000,81000100,36824,46030,81150000,81150000
1,541,81150000,81150100,36824,46030,81300000,81300000
1,542,81300000,81300100,36824,46030,81450000,81450000
1,543,81450000,81450100,36824,46030,81600000,81600000
1,544,81600000,81600100,36824,46030,81750000,81750000
1,545,81750000,81750100,36824,46030,81900000,81900000
1,546,81900000,81900100,36824,46030,82050000,82050000
1,547,82050000,82050100,36824,46030,82200000,82200000
1,548,82200000,82200100,36824,46030,82350000,82350000
1,549,82350000,82350100,36824,46030,82500000,82500000
1,550,82500000,82500100,36824,46030,82650000,82650000
1,551,82650000,82650100,36824,46030,82800000,82800000
1,552,82800000,82800100,36824,46030,82950000,82950000
1,553,82950000,82950100,36824,46030,83100000,83100000
1,554,83100000,83100100,36824,46030,83250000,83250000
1,555,83250000,83250100,36824,46030,83400000,83400000
1,556,83400000,83400100,36824,46030,83550000,83550000
1,557,83550000,83550100,36824,46030,83700000,83700000
1,558,83700000,83700100,36824,46030,83850000,83850000
1,559,83850000,83850100,36824,46030,84000000,84000000
1,560,84000000,84000100,36824,46030,84150000,84150000
1,561,84150000,84150100,36824,46030,84300000,84300000
1,562,84300000,84300100,36824,46030,84450000,84450000
1,563,84450000,84450100,36824,46030,84600000,84600000
1,564,84600000,84600100,36824,46030,84750000,84750000
1,565,84750000,84750100,36824,46030,84900000,84900000
1,566,84900000,84900100,36824,46030,85050000,85050000
1,567,85050000,85050100,36824,46030,85200000,85200000
1,568,85200000,85200100,36824,46030,85350000,85350000
1,569,85350000,85350100,36824,46030,85500000,85500000
1,570,85500000,85500100,36824,46030,85650000,85650000
1,571,85650000,85650100,36824,46030,85800000,85800000
1,572,85800000,85800100,36824,46030,85950000,85950000
1,573,85950000,85950100,36824,46030,86100000,86100000
1,574,86100000,86100100,36824,46030,86250000,86250000
1,575,86250000,86250100,36824,46030,86400000,86400000
1,576,86400000,86400100,36824,46030,86550000,86550000
1,577,86550000,86550100,36824,46030,86700000,86700000
1,578,86700000,86700100,36824,46030,86850000,86850000
1,579,86850000,86850100,36824,46030,87000000,87000000
1,580,87000000,87000100,36824,46030,87150000,87150000
1,581,87150000,87150100,36824,46030,87300000,87300000
1,582,87300000,87300100,36824,46030,87450000,87450000
1,583,87450000,87450100,36824,46030,87600000,87600000
1,584,87600000,87600100,36824,46030,87750000,87750000
1,585,87750000,87750100,36824,46030,87900000,87900000
1,586,87900000,87900100,36824,46030,88050000,88050000
1,587,88050000,88050100,36824,46030,88200000,88200000
1,588,88200000,88200100,36824,46030,88350000,88350000
1,589,88350000,88350100,36824,46030,88500000,88500000
1,590,88500000,88500100,36824,46030,88650000,88650000
1,591,88650000,88650100,36824,46030,88800000,88800000
1,592,88800000,88800100,36824,46030,88950000,88950000
1,593,88950000,88950100,36824,46030,89100000,89100000
1,594,89100000,89100100,36824,46030,89250000,89250000
1,595,89250000,89250100,36824,46030,89400000,89400000
1,596,89400000,89400100,36824,46030,89550000,89550000
1,597,89550000,89550100,36824,46030,89700000,89700000
1,598,89700000,89700100,36824,46030,89850000,89850000
1,599,89850000,89850100,36824,46030,90000000,90000000
1,600,90000000,90000100,36824,46030,90150000,90150000
1,601,90150000,90150100,36824,46030,90300000,90300000
1,602,90300000,90300100,36824,46030,90450000,90450000
1,603,90450000,90450100,36824,46030,90600000,90600000
1,604,90600000,90600100,36824,46030,90750000,90750000
1,605,90750000,90750100,36824,46030,90900000,90900000
1,606,90900000,90900100,36824,46030,91050000,91050000
1,607,91050000,91050100,36824,46030,91200000,91200000
1,608,91200000,91200100,36824,46030,91350000,91350000
1,609,91350000,91350100,36824,46030,91500000,91500000
1,610,91500000,91500100,36824,46030,91650000,91650000
1,611,91650000,91650100,36824,46030,91800000,91800000
1,612,91800000,91800100,36824,46030,91950000,91950000
1,613,91950000,91950100,36824,46030,92100000,92100000
1,614,92100000,92100100,36824,46030,92250000,92250000
1,615,92250000,92250100,36824,46030,92400000,92400000
1,616,92400000,92400100,36824,46030,92550000,92550000
1,617,92550000,92550100,36824,46030,92700000,92700000
1,618,92700000,92700100,36824,46030,92850000,92850000
1,619,92850000,92850100,36824,46030,93000000,93000000
1,620,93000000,93000100,36824,46030,93150000,93150000
1,621,93150000,93150100,36824,46030,93300000,93300000
1,622,93300000,93300100,36824,46030,93450000,93450000
1,623,93450000,93450100,36824,46030,93600000,93600000
1,624,93600000,93600100,36824,46030,93750000,93750000
1,625,93750000,93750100,36824,46030,93900000,93900000
1,626,93900000,93900100,36824,46030,94050000,94050000
1,627,94050000,94050100,36824,46030,94200000,94200000
1,628,94200000,94200100,36824,46030,94350000,94350000
1,629,94350000,94350100,36824,46030,94500000,94500000
1,630,94500000,94500100,36824,46030,94650000,94650000
1,631,94650000,94650100,36824,46030,94800000,94800000
1,632,94800000,94800100,36824,46030,94950000,94950000
1,633,94950000,94950100,36824,46030,95100000,95100000
1,634,95100000,95100100,36824,46030,95250000,95250000
1,635,95250000,95250100,36824,46030,95400000,95400000
1,636,95400000,95400100,36824,46030,95550000,95550000
1,637,95550000,95550100,36824,46030,95700000,95700000
1,638,95700000,95700100,36824,46030,95850000,95850000
1,639,95850000,95850100,36824,46030,96000000,96000000
1,640,96000000,96000100,36824,46030,96150000,96150000
1,641,96150000,96150100,36824,46030,96300000,96300000
1,642,96300000,96300100,36824,46030,96450000,96450000
1,643,96450000,96450100,36824,46030,96600000,96600000
1,644,96600000,96600100,36824,46030,96750000,96750000
1,645,96750000,96750100,36824,46030,96900000,96900000
1,646,96900000,96900100,36824,46030,97050000,97050000
1,647,97050000,97050100,36824,46030,97200000,97200000
1,648,97200000,97200100,36824,46030,97350000,97350000
1,649,97350000,97350100,36824,46030,97500000,97500000
1,650,97500000,97500100,36824,46030,97650000,97650000
1,651,97650000,97650100,36824,46030,97800000,97800000
1,652,97800000,97800100,36824,46030,97950000,97950000
1,653,97950000,97950100,36824,46030,98100000,98100000
1,654,98100000,98100100,36824,46030,98250000,98250000
1,655,98250000,98250100,36824,46030,98400000,98400000
1,656,98400000,98400100,36824,46030,98550000,98550000
1,657,98550000,98550100,36824,46030,98700000,98700000
1,658,98700000,98700100,36824,46030,98850000,98850000
1,659,98850000,98850100,36824,46030,99000000,99000000
1,660,99000000,99000100,36824,46030,99150000,99150000
1,661,99150000,99150100,36824,46030,99300000,99300000
1,662,99300000,99300100,36824,46030,99450000,99450000
1,663,99450000,99450100,36824,46030,99600000,99600000
1,664,99600000,99600100,36824,46030,99750000,99750000
1,665,99750000,99750100,36824,46030,99900000,99900000
1,666,99900000,99900100,36824,46030,100050000,100050000
1,667,100050000,100050100,36824,46030,100200000,100200000
1,668,100200000,100200100,36824,46030,100350000,100350000
1,669,100350000,100350100,36824,46030,100500000,100500000
1,670,100500000,100500100,36824,46030,100650000,100650000
1,671,100650000,100650100,36824,46030,100800000,100800000
1,672,100800000,100800100,36824,46030,100950000,100950000
1,673,100950000,100950100,36824,46030,101100000,101100000
1,674,101100000,101100100,36824,46030,101250000,101250000
1,675,101250000,101250100,36824,46030,101400000,101400000
1,676,101400000,101400100,36824,46030,101550000,101550000
1,677,101550000,101550100,36824,46030,101700000,101700000
1,678,101700000,101700100,36824,46030,101850000,101850000
1,679,101850000,101850100,36824,46030,102000000,102000000
1,680,102000000,102000100,36824,46030,102150000,102150000
1,681,102150000,102150100,36824,46030,102300000,102300000
1,682,102300000,102300100,36824,46030,102450000,102450000
1,683,102450000,102450100,36824,46030,102600000,102600000
1,684,102600000,102600100,36824,46030,102750000,102750000
1,685,102750000,102750100,36824,46030,102900000,102900000
1,686,102900000,102900100,36824,46030,103050000,103050000
1,687,103050000,103050100,36824,46030,103200000,103200000
1,688,103200000,103200100,36824,46030,103350000,103350000
1,689,103350000,103350100,36824,46030,103500000,103500000
1,690,103500000,103500100,36824,46030,103650000,103650000
1,691,103650000,103650100,36824,46030,103800000,103800000
1,692,103800000,103800100,36824,46030,103950000,103950000
1,693,103950000,103950100,36824,46030,104100000,104100000
1,694,104100000,104100100,36824,46030,104250000,104250000
1,695,104250000,104250100,36824,46030,104400000,104400000
1,696,104400000,104400100,36824,46030,104550000,104550000
1,697,104550000,104550100,36824,46030,104700000,104700000
1,698,104700000,104700100,36824,46030,104850000,104850000
1,699,104850000,104850100,36824,46030,105000000,105000000
1,700,105000000,105000100,36824,46030,105150000,105150000
1,701,105150000,105150100,36824,46030,105300000,105300000
1,702,105300000,105300100,36824,46030,105450000,105450000
1,703,105450000,105450100,36824,46030,105600000,105600000
1,704,105600000,105600100,36824,46030,105750000,105750000
1,705,105750000,105750100,36824,46030,105900000,105900000
1,706,105900000,105900100,36824,46030,106050000,106050000
1,707,106050000,106050100,36824,46030,106200000,106200000
1,708,106200000,106200100,36824,46030,106350000,106350000
1,709,106350000,106350100,36824,46030,106500000,106500000
1,710,106500000,106500100,36824,46030,106650000,106650000
1,711,106650000,106650100,36824,46030,106800000,106800000
1,712,106800000,106800100,36824,46030,106950000,106950000
1,713,106950000,106950100,36824,46030,107100000,107100000
1,714,107100000,107100100,36824,46030,107250000,107250000
1,715,107250000,107250100,36824,46030,107400000,107400000
1,716,107400000,107400100,36824,46030,107550000,107550000
1,717,107550000,107550100,36824,46030,107700000,107700000
1,718,107700000,107700100,36824,46030,107850000,107850000
1,719,107850000,107850100,36824,46030,108000000,108000000
1,720,108000000,108000100,36824,46030,108150000,108150000
1,721,108150000,108150100,36824,46030,108300000,108300000
1,722,108300000,108300100,36824,46030,108450000,108450000
1,723,108450000,108450100,36824,46030,108600000,108600000
1,724,108600000,108600100,36824,46030,108750000,108750000
1,725,108750000,108750100,36824,46030,108900000,108900000
1,726,108900000,108900100,36824,46030,109050000,109050000
1,727,109050000,109050100,36824,46030,109200000,109200000
1,728,109200000,109200100,36824,46030,109350000,109350000
1,729,109350000,109350100,36824,46030,109500000,109500000
1,730,109500000,109500100,36824,46030,109650000,109650000
1,731,109650000,109650100,36824,46030,109800000,109800000
1,732,109800000,109800100,36824,46030,109950000,109950000
1,733,109950000,109950100,36824,46030,110100000,110100000
1,734,110100000,110100100,36824,46030,110250000,110250000
1,735,110250000,110250100,36824,46030,110400000,110400000
1,736,110400000,110400100,36824,46030,110550000,110550000
1,737,110550000,110550100,36824,46030,110700000,110700000
1,738,110700000,110700100,36824,46030,110850000,110850000
1,739,110850000,110850100,36824,46030,111000000,111000000
1,740,111000000,111000100,36824,46030,111150000,111150000
1,741,111150000,111150100,36824,46030,111300000,111300000
1,742,111300000,111300100,36824,46030,111450000,111450000
1,743,111450000,111450100,36824,46030,111600000,111600000
1,744,111600000,111600100,36824,46030,111750000,111750000
1,745,111750000,111750100,36824,46030,111900000,111900000
1,746,111900000,111900100,36824,46030,112050000,112050000
1,747,112050000,112050100,36824,46030,112200000,112200000
1,748,112200000,112200100,36824,46030,112350000,112350000
1,749,112350000,112350100,36824,46030,112500000,112500000
1,750,112500000,112500100,36824,46030,112650000,112650000
1,751,112650000,112650100,36824,46030,112800000,112800000
1,752,112800000,112800100,36824,46030,112950000,112950000
1,753,112950000,112950100,36824,46030,113100000,113100000
1,754,113100000,113100100,36824,46030,113250000,113250000
1,755,113250000,113250100,36824,46030,113400000,113400000
1,756,113400000,113400100,36824,46030,113550000,113550000
1,757,113550000,113550100,36824,46030,113700000,113700000
1,758,113700000,113700100,36824,46030,113850000,113850000
1,759,113850000,113850100,36824,46030,114000000,114000000
1,760,114000000,114000100,36824,46030,114150000,114150000
1,761,114150000,114150100,36824,46030,114300000,114300000
1,762,114300000,114300100,36824,46030,114450000,114450000
1,763,114450000,114450100,36824,46030,114600000,114600000
1,764,114600000,114600100,36824,46030,114750000,114750000
1,765,114750000,114750100,36824,46030,114900000,114900000
1,766,114900000,114900100,36824,46030,115050000,115050000
1,767,115050000,115050100,36824,46030,115200000,115200000
1,768,115200000,115200100,36824,46030,115350000,115350000
1,769,115350000,115350100,36824,46030,115500000,115500000
1,770,115500000,115500100,36824,46030,115650000,115650000
1,771,115650000,115650100,36824,46030,115800000,115800000
1,772,115800000,115800100,36824,46030,115950000,115950000
1,773,115950000,115950100,36824,46030,116100000,116100000
1,774,116100000,116100100,36824,46030,116250000,116250000
1,775,116250000,116250100,36824,46030,116400000,116400000
1,776,116400000,116400100,36824,46030,116550000,116550000
1,777,116550000,116550100,36824,46030,116700000,116700000
1,778,116700000,116700100,36824,46030,116850000,116850000
1,779,116850000,116850100,36824,46030,117000000,117000000
1,780,117000000,117000100,36824,46030,117150000,117150000
1,781,117150000,117150100,36824,46030,117300000,117300000
1,782,117300000,117300100,36824,46030,117450000,117450000
1,783,117450000,117450100,36824,46030,117600000,117600000
1,784,117600000,117600100,36824,46030,117750000,117750000
1,785,117750000,117750100,36824,46030,117900000,117900000
1,786,117900000,117900100,36824,46030,118050000,118050000
1,787,118050000,118050100,36824,46030,118200000,118200000
1,788,118200000,118200100,36824,46030,118350000,118350000
1,789,118350000,118350100,36824,46030,118500000,118500000
1,790,118500000,118500100,36824,46030,118650000,118650000
1,791,118650000,118650100,36824,46030,118800000,118800000
1,792,118800000,118800100,36824,46030,118950000,118950000
1,793,118950000,118950100,36824,46030,119100000,119100000
1,794,119100000,119100100,36824,46030,119250000,119250000
1,795,119250000,119250100,36824,46030,119400000,119400000
1,796,119400000,119400100,36824,46030,119550000,119550000
1,797,119550000,119550100,36824,46030,119700000,119700000
1,798,119700000,119700100,36824,46030,119850000,119850000
1,799,119850000,119850100,36824,46030,120000000,120000000
1,800,120000000,120000100,36824,46030,120150000,120150000
1,801,120150000,120150100,36824,46030,120300000,120300000
1,802,120300000,120300100,36824,46030,120450000,120450000
1,803,120450000,120450100,36824,46030,120600000,120600000
1,804,120600000,120600100,36824,46030,120750000,120750000
1,805,120750000,120750100,36824,46030,120900000,120900000
1,806,120900000,120900100,36824,46030,121050000,121050000
1,807,121050000,121050100,36824,46030,121200000,121200000
1,808,121200000,121200100,36824,46030,121350000,121350000
1,809,121350000,121350100,36824,46030,121500000,121500000
1,810,121500000,121500100,36824,46030,121650000,121650000
1,811,121650000,121650100,36824,46030,121800000,121800000
1,812,121800000,121800100,36824,46030,121950000,121950000
1,813,121950000,121950100,36824,46030,122100000,122100000
1,814,122100000,122100100,36824,46030,122250000,122250000
1,815,122250000,122250100,36824,46030,122400000,122400000
1,816,122400000,122400100,36824,46030,122550000,122550000
1,817,122550000,122550100,36824,46030,122700000,122700000
1,818,122700000,122700100,36824,46030,122850000,122850000
1,819,122850000,122850100,36824,46030,123000000,123000000
1,820,123000000,123000100,36824,46030,123150000,123150000
1,821,123150000,123150100,36824,46030,123300000,123300000
1,822,123300000,123300100,36824,46030,123450000,123450000
1,823,123450000,123450100,36824,46030,123600000,123600000
1,824,123600000,123600100,36824,46030,123750000,123750000
1,825,123750000,123750100,36824,46030,123900000,123900000
1,826,123900000,123900100,36824,46030,124050000,124050000
1,827,124050000,124050100,36824,46030,124200000,124200000
1,828,124200000,124200100,36824,46030,124350000,124350000
1,829,124350000,124350100,36824,46030,124500000,124500000
1,830,124500000,124500100,36824,46030,124650000,124650000
1,831,124650000,124650100,36824,46030,124800000,124800000
1,832,124800000,124800100,36824,46030,124950000,124950000
1,833,124950000,124950100,36824,46030,125100000,125100000
1,834,125100000,125100100,36824,46030,125250000,125250000
1,835,125250000,125250100,36824,46030,125400000,125400000
1,836,125400000,125400100,36824,46030,125550000,125550000
1,837,125550000,125550100,36824,46030,125700000,125700000
1,838,125700000,125700100,36824,46030,125850000,125850000
1,839,125850000,125850100,36824,46030,126000000,126000000
1,840,126000000,126000100,36824,46030,126150000,126150000
1,841,126150000,126150100,36824,46030,126300000,126300000
1,842,126300000,126300100,36824,46030,126450000,126450000
1,843,126450000,126450100,36824,46030,126600000,126600000
1,844,126600000,126600100,36824,46030,126750000,126750000
1,845,126750000,126750100,36824,46030,126900000,126900000
1,846,126900000,126900100,36824,46030,127050000,127050000
1,847,127050000,127050100,36824,46030,127200000,127200000
1,848,127200000,127200100,36824,46030,127350000,127350000
1,849,127350000,127350100,36824,46030,127500000,127500000
1,850,127500000,127500100,36824,46030,127650000,127650000
1,851,127650000,127650100,36824,46030,127800000,127800000
1,852,127800000,127800100,36824,46030,127950000,127950000
1,853,127950000,127950100,36824,46030,128100000,128100000
1,854,128100000,128100100,36824,46030,128250000,128250000
1,855,128250000,128250100,36824,46030,128400000,128400000
1,856,128400000,128400100,36824,46030,128550000,128550000
1,857,128550000,128550100,36824,46030,128700000,128700000
1,858,128700000,128700100,36824,46030,128850000,128850000
1,859,128850000,128850100,36824,46030,129000000,129000000
1,860,129000000,129000100,36824,46030,129150000,129150000
1,861,129150000,129150100,36824,46030,129300000,129300000
1,862,129300000,129300100,36824,46030,129450000,129450000
1,863,129450000,129450100,36824,46030,129600000,129600000
1,864,129600000,129600100,36824,46030,129750000,129750000
1,865,129750000,129750100,36824,46030,129900000,129900000
1,866,129900000,129900100,36824,46030,130050000,130050000
1,867,130050000,130050100,36824,46030,130200000,130200000
1,868,130200000,130200100,36824,46030,130350000,130350000
1,869,130350000,130350100,36824,46030,130500000,130500000
1,870,130500000,130500100,36824,46030,130650000,130650000
1,871,130650000,130650100,36824,46030,130800000,130800000
1,872,130800000,130800100,36824,46030,130950000,130950000
1,873,130950000,130950100,36824,46030,131100000,131100000
1,874,131100000,131100100,36824,46030,131250000,131250000
1,875,131250000,131250100,36824,46030,131400000,131400000
1,876,131400000,131400100,36824,46030,131550000,131550000
1,877,131550000,131550100,36824,46030,131700000,131700000
1,878,131700000,131700100,36824,46030,131850000,131850000
1,879,131850000,131850100,36824,46030,132000000,132000000
1,880,132000000,132000100,36824,46030,132150000,132150000
1,881,132150000,132150100,36824,46030,132300000,132300000
1,882,132300000,132300100,36824,46030,132450000,132450000
1,883,132450000,132450100,36824,46030,132600000,132600000
1,884,132600000,132600100,36824,46030,132750000,132750000
1,885,132750000,132750100,36824,46030,132900000,132900000
1,886,132900000,132900100,36824,46030,133050000,133050000
1,887,133050000,133050100,36824,46030,133200000,133200000
1,888,133200000,133200100,36824,46030,133350000,133350000
1,889,133350000,133350100,36824,46030,133500000,133500000
1,890,133500000,133500100,36824,46030,133650000,133650000
1,891,133650000,133650100,36824,46030,133800000,133800000
1,892,133800000,133800100,36824,46030,133950000,133950000
1,893,133950000,133950100,36824,46030,134100000,134100000
1,894,134100000,134100100,36824,46030,134250000,134250000
1,895,134250000,134250100,36824,46030,134400000,134400000
1,896,134400000,134400100,36824,46030,134550000,134550000
1,897,134550000,134550100,36824,46030,134700000,134700000
1,898,134700000,134700100,36824,46030,134850000,134850000
1,899,134850000,134850100,36824,46030,135000000,135000000
1,900,135000000,135000100,36824,46030,135150000,135150000
1,901,135150000,135150100,36824,46030,135300000,135300000
1,902,135300000,135300100,36824,46030,135450000,135450000
1,903,135450000,135450100,36824,46030,135600000,135600000
1,904,135600000,135600100,36824,46030,135750000,135750000
1,905,135750000,135750100,36824,46030,135900000,135900000
1,906,135900000,135900100,36824,46030,136050000,136050000
1,907,136050000,136050100,36824,46030,136200000,136200000
1,908,136200000,136200100,36824,46030,136350000,136350000
1,909,136350000,136350100,36824,46030,136500000,136500000
2,0,0,100,13219,16524,250000,250000
2,1,250000,250100,13219,16524,500000,500000
2,2,500000,500100,13219,16524,750000,750000
2,3,750000,750100,13219,16524,1000000,1000000
2,4,1000000,1000100,13219,16524,1250000,1250000
2,5,1250000,1250100,13219,16524,1500000,1500000
2,6,1500000,1500100,13219,16524,1750000,1750000
2,7,1750000,1750100,13219,16524,2000000,2000000
2,8,2000000,2000100,13219,16524,2250000,2250000
2,9,2250000,2250100,13219,16524,2500000,2500000
2,10,2500000,2500100,13219,16524,2750000,2750000
2,11,2750000,2750100,13219,16524,3000000,3000000
2,12,3000000,3000100,13219,16524,3250000,3250000
2,13,3250000,3250100,13219,16524,3500000,3500000
2,14,3500000,3500100,13219,16524,3750000,3750000
2,15,3750000,3750100,13219,16524,4000000,4000000
2,16,4000000,4000100,13219,16524,4250000,4250000
2,17,4250000,4250100,13219,16524,4500000,4500000
2,18,4500000,4500100,13219,16524,4750000,4750000
2,19,4750000,4750100,13219,16524,5000000,5000000
2,20,5000000,5000100,13219,16524,5250000,5250000
2,21,5250000,5250100,13219,16524,5500000,5500000
2,22,5500000,5500100,13219,16524,5750000,5750000
2,23,5750000,5750100,13219,16524,6000000,6000000
2,24,6000000,6000100,13219,16524,6250000,6250000
2,25,6250000,6250100,13219,16524,6500000,6500000
2,26,6500000,6500100,13219,16524,6750000,6750000
2,27,6750000,6750100,13219,16524,7000000,7000000
2,28,7000000,7000100,13219,16524,7250000,7250000
2,29,7250000,7250100,13219,16524,7500000,7500000
2,30,7500000,7500100,13219,16524,7750000,7750000
2,31,7750000,7750100,13219,16524,8000000,8000000
2,32,8000000,8000100,13219,16524,8250000,8250000
2,33,8250000,8250100,13219,16524,8500000,8500000
2,34,8500000,8500100,13219,16524,8750000,8750000
2,35,8750000,8750100,13219,16524,9000000,9000000
2,36,9000000,9000100,13219,16524,9250000,9250000
2,37,9250000,9250100,13219,16524,9500000,9500000
2,38,9500000,9500100,13219,16524,9750000,9750000
2,39,9750000,9750100,13219,16524,10000000,10000000
2,40,10000000,10000100,13219,16524,10250000,10250000
2,41,10250000,10250100,13219,16524,10500000,10500000
2,42,10500000,10500100,13219,16524,10750000,10750000
2,43,10750000,10750100,13219,16524,11000000,11000000
2,44,11000000,11000100,13219,16524,11250000,11250000
2,45,11250000,11250100,13219,16524,11500000,11500000
2,46,11500000,11500100,13219,16524,11750000,11750000
2,47,11750000,11750100,13219,16524,12000000,12000000
2,48,12000000,12000100,13219,16524,12250000,12250000
2,49,12250000,12250100,13219,16524,12500000,12500000
2,50,12500000,12500100,13219,16524,12750000,12750000
2,51,12750000,12750100,13219,16524,13000000,13000000
2,52,13000000,13000100,13219,16524,13250000,13250000
2,53,13250000,13250100,13219,16524,13500000,13500000
2,54,13500000,13500100,13219,16524,13750000,13750000
2,55,13750000,13750100,13219,16524,14000000,14000000
2,56,14000000,14000100,13219,16524,14250000,14250000
2,57,14250000,14250100,13219,16524,14500000,14500000
2,58,14500000,14500100,13219,16524,14750000,14750000
2,59,14750000,14750100,13219,16524,15000000,15000000
2,60,15000000,15000100,13219,16524,15250000,15250000
2,61,15250000,15250100,13219,16524,15500000,15500000
2,62,15500000,15500100,13219,16524,15750000,15750000
2,63,15750000,15750100,13219,16524,16000000,16000000
2,64,16000000,16000100,13219,16524,16250000,16250000
2,65,16250000,16250100,13219,16524,16500000,16500000
2,66,16500000,16500100,13219,16524,16750000,16750000
2,67,16750000,16750100,13219,16524,17000000,17000000
2,68,17000000,17000100,13219,16524,17250000,17250000
2,69,17250000,17250100,13219,16524,17500000,17500000
2,70,17500000,17500100,13219,16524,17750000,17750000
2,71,17750000,17750100,13219,16524,18000000,18000000
2,72,18000000,18000100,13219,16524,18250000,18250000
2,73,18250000,18250100,13219,16524,18500000,18500000
2,74,18500000,18500100,13219,16524,18750000,18750000
2,75,18750000,18750100,13219,16524,19000000,19000000
2,76,19000000,19000100,13219,16524,19250000,19250000
2,77,19250000,19250100,13219,16524,19500000,19500000
2,78,19500000,19500100,13219,16524,19750000,19750000
2,79,19750000,19750100,13219,16524,20000000,20000000
2,80,20000000,20000100,13219,16524,20250000,20250000
2,81,20250000,20250100,13219,16524,20500000,20500000
2,82,20500000,20500100,13219,16524,20750000,20750000
2,83,20750000,20750100,13219,16524,21000000,21000000
2,84,21000000,21000100,13219,16524,21250000,21250000
2,85,21250000,21250100,13219,16524,21500000,21500000
2,86,21500000,21500100,13219,16524,21750000,21750000
2,87,21750000,21750100,13219,16524,22000000,22000000
2,88,22000000,22000100,13219,16524,22250000,22250000
2,89,22250000,22250100,13219,16524,22500000,22500000
2,90,22500000,22500100,13219,16524,22750000,22750000
2,91,22750000,22750100,13219,16524,23000000,23000000
2,92,23000000,23000100,13219,16524,23250000,23250000
2,93,23250000,23250100,13219,16524,23500000,23500000
2,94,23500000,23500100,13219,16524,23750000,23750000
2,95,23750000,23750100,13219,16524,24000000,24000000
2,96,24000000,24000100,13219,16524,24250000,24250000
2,97,24250000,24250100,13219,16524,24500000,24500000
2,98,24500000,24500100,13219,16524,24750000,24750000
2,99,24750000,24750100,13219,16524,25000000,25000000
2,100,25000000,25000100,13219,16524,25250000,25250000
2,101,25250000,25250100,13219,16524,25500000,25500000
2,102,25500000,25500100,13219,16524,25750000,25750000
2,103,25750000,25750100,13219,16524,26000000,26000000
2,104,26000000,26000100,13219,16524,26250000,26250000
2,105,26250000,26250100,13219,16524,26500000,26500000
2,106,26500000,26500100,13219,16524,26750000,26750000
2,107,26750000,26750100,13219,16524,27000000,27000000
2,108,27000000,27000100,13219,16524,27250000,27250000
2,109,27250000,27250100,13219,16524,27500000,27500000
2,110,27500000,27500100,13219,16524,27750000,27750000
2,111,27750000,27750100,13219,16524,28000000,28000000
2,112,28000000,28000100,13219,16524,28250000,28250000
2,113,28250000,28250100,13219,16524,28500000,28500000
2,114,28500000,28500100,13219,16524,28750000,28750000
2,115,28750000,28750100,13219,16524,29000000,29000000
2,116,29000000,29000100,13219,16524,29250000,29250000
2,117,29250000,29250100,13219,16524,29500000,29500000
2,118,29500000,29500100,13219,16524,29750000,29750000
2,119,29750000,29750100,13219,16524,30000000,30000000
2,120,30000000,30000100,13219,16524,30250000,30250000
2,121,30250000,30250100,13219,16524,30500000,30500000
2,122,30500000,30500100,13219,16524,30750000,30750000
2,123,30750000,30750100,13219,16524,31000000,31000000
2,124,31000000,31000100,13219,16524,31250000,31250000
2,125,31250000,31250100,13219,16524,31500000,31500000
2,126,31500000,31500100,13219,16524,31750000,31750000
2,127,31750000,31750100,13219,16524,32000000,32000000
2,128,32000000,32000100,13219,16524,32250000,32250000
2,129,32250000,32250100,13219,16524,32500000,32500000
2,130,32500000,32500100,13219,16524,32750000,32750000
2,131,32750000,32750100,13219,16524,33000000,33000000
2,132,33000000,33000100,13219,16524,33250000,33250000
2,133,33250000,33250100,13219,16524,33500000,33500000
2,134,33500000,33500100,13219,16524,33750000,33750000
2,135,33750000,33750100,13219,16524,34000000,34000000
2,136,34000000,34000100,13219,16524,34250000,34250000
2,137,34250000,34250100,13219,16524,34500000,34500000
2,138,34500000,34500100,13219,16524,34750000,34750000
2,139,34750000,34750100,13219,16524,35000000,35000000
2,140,35000000,35000100,13219,16524,35250000,35250000
2,141,35250000,35250100,13219,16524,35500000,35500000
2,142,35500000,35500100,13219,16524,35750000,35750000
2,143,35750000,35750100,13219,16524,36000000,36000000
2,144,36000000,36000100,13219,16524,36250000,36250000
2,145,36250000,36250100,13219,16524,36500000,36500000
2,146,36500000,36500100,13219,16524,36750000,36750000
2,147,36750000,36750100,13219,16524,37000000,37000000
2,148,37000000,37000100,13219,16524,37250000,37250000
2,149,37250000,37250100,13219,16524,37500000,37500000
2,150,37500000,37500100,13219,16524,37750000,37750000
2,151,37750000,37750100,13219,16524,38000000,38000000
2,152,38000000,38000100,13219,16524,38250000,38250000
2,153,38250000,38250100,13219,16524,38500000,38500000
2,154,38500000,38500100,13219,16524,38750000,38750000
2,155,38750000,38750100,13219,16524,39000000,39000000
2,156,39000000,39000100,13219,16524,39250000,39250000
2,157,39250000,39250100,13219,16524,39500000,39500000
2,158,39500000,39500100,13219,16524,39750000,39750000
2,159,39750000,39750100,13219,16524,40000000,40000000
2,160,40000000,40000100,13219,16524,40250000,40250000
2,161,40250000,40250100,13219,16524,40500000,40500000
2,162,40500000,40500100,13219,16524,40750000,40750000
2,163,40750000,40750100,13219,16524,41000000,41000000
2,164,41000000,41000100,13219,16524,41250000,41250000
2,165,41250000,41250100,13219,16524,41500000,41500000
2,166,41500000,41500100,13219,16524,41750000,41750000
2,167,41750000,41750100,13219,16524,42000000,42000000
2,168,42000000,42000100,13219,16524,42250000,42250000
2,169,42250000,42250100,13219,16524,42500000,42500000
2,170,42500000,42500100,13219,16524,42750000,42750000
2,171,42750000,42750100,13219,16524,43000000,43000000
2,172,43000000,43000100,13219,16524,43250000,43250000
2,173,43250000,43250100,13219,16524,43500000,43500000
2,174,43500000,43500100,13219,16524,43750000,43750000
2,175,43750000,43750100,13219,16524,44000000,44000000
2,176,44000000,44000100,13219,16524,44250000,44250000
2,177,44250000,44250100,13219,16524,44500000,44500000
2,178,44500000,44500100,13219,16524,44750000,44750000
2,179,44750000,44750100,13219,16524,45000000,45000000
2,180,45000000,45000100,13219,16524,45250000,45250000
2,181,45250000,45250100,13219,16524,45500000,45500000
2,182,45500000,45500100,13219,16524,45750000,45750000
2,183,45750000,45750100,13219,16524,46000000,46000000
2,184,46000000,46000100,13219,16524,46250000,46250000
2,185,46250000,46250100,13219,16524,46500000,46500000
2,186,46500000,46500100,13219,16524,46750000,46750000
2,187,46750000,46750100,13219,16524,47000000,47000000
2,188,47000000,47000100,13219,16524,47250000,47250000
2,189,47250000,47250100,13219,16524,47500000,47500000
2,190,47500000,47500100,13219,16524,47750000,47750000
2,191,47750000,47750100,13219,16524,48000000,48000000
2,192,48000000,48000100,13219,16524,48250000,48250000
2,193,48250000,48250100,13219,16524,48500000,48500000
2,194,48500000,48500100,13219,16524,48750000,48750000
2,195,48750000,48750100,13219,16524,49000000,49000000
2,196,49000000,49000100,13219,16524,49250000,49250000
2,197,49250000,49250100,13219,16524,49500000,49500000
2,198,49500000,49500100,13219,16524,49750000,49750000
2,199,49750000,49750100,13219,16524,50000000,50000000
2,200,50000000,50000100,13219,16524,50250000,50250000
2,201,50250000,50250100,13219,16524,50500000,50500000
2,202,50500000,50500100,13219,16524,50750000,50750000
2,203,50750000,50750100,13219,16524,51000000,51000000
2,204,51000000,51000100,13219,16524,51250000,51250000
2,205,51250000,51250100,13219,16524,51500000,51500000
2,206,51500000,51500100,13219,16524,51750000,51750000
2,207,51750000,51750100,13219,16524,52000000,52000000
2,208,52000000,52000100,13219,16524,52250000,52250000
2,209,52250000,52250100,13219,16524,52500000,52500000
2,210,52500000,52500100,13219,16524,52750000,52750000
2,211,52750000,52750100,13219,16524,53000000,53000000
2,212,53000000,53000100,13219,16524,53250000,53250000
2,213,53250000,53250100,13219,16524,53500000,53500000
2,214,53500000,53500100,13219,16524,53750000,53750000
2,215,53750000,53750100,13219,16524,54000000,54000000
2,216,54000000,54000100,13219,16524,54250000,54250000
2,217,54250000,54250100,13219,16524,54500000,54500000
2,218,54500000,54500100,13219,16524,54750000,54750000
2,219,54750000,54750100,13219,16524,55000000,55000000
2,220,55000000,55000100,13219,16524,55250000,55250000
2,221,55250000,55250100,13219,16524,55500000,55500000
2,222,55500000,55500100,13219,16524,55750000,55750000
2,223,55750000,55750100,13219,16524,56000000,56000000
2,224,56000000,56000100,13219,16524,56250000,56250000
2,225,56250000,56250100,13219,16524,56500000,56500000
2,226,56500000,56500100,13219,16524,56750000,56750000
2,227,56750000,56750100,13219,16524,57000000,57000000
2,228,57000000,57000100,13219,16524,57250000,57250000
2,229,57250000,57250100,13219,16524,57500000,57500000
2,230,57500000,57500100,13219,16524,57750000,57750000
2,231,57750000,57750100,13219,16524,58000000,58000000
2,232,58000000,58000100,13219,16524,58250000,58250000
2,233,58250000,58250100,13219,16524,58500000,58500000
2,234,58500000,58500100,13219,16524,58750000,58750000
2,235,58750000,58750100,13219,16524,59000000,59000000
2,236,59000000,59000100,13219,16524,59250000,59250000
2,237,59250000,59250100,13219,16524,59500000,59500000
2,238,59500000,59500100,13219,16524,59750000,59750000
2,239,59750000,59750100,13219,16524,60000000,60000000
2,240,60000000,60000100,13219,16524,60250000,60250000
2,241,60250000,60250100,13219,16524,60500000,60500000
2,242,60500000,60500100,13219,16524,60750000,60750000
2,243,60750000,60750100,13219,16524,61000000,61000000
2,244,61000000,61000100,13219,16524,61250000,61250000
2,245,61250000,61250100,13219,16524,61500000,61500000
2,246,61500000,61500100,13219,16524,61750000,61750000
2,247,61750000,61750100,13219,16524,62000000,62000000
2,248,62000000,62000100,13219,16524,62250000,62250000
2,249,62250000,62250100,13219,16524,62500000,62500000
2,250,62500000,62500100,13219,16524,62750000,62750000
2,251,62750000,62750100,13219,16524,63000000,63000000
2,252,63000000,63000100,13219,16524,63250000,63250000
2,253,63250000,63250100,13219,16524,63500000,63500000
2,254,63500000,63500100,13219,16524,63750000,63750000
2,255,63750000,63750100,13219,16524,64000000,64000000
2,256,64000000,64000100,13219,16524,64250000,64250000
2,257,64250000,64250100,13219,16524,64500000,64500000
2,258,64500000,64500100,13219,16524,64750000,64750000
2,259,64750000,64750100,13219,16524,65000000,65000000
2,260,65000000,65000100,13219,16524,65250000,65250000
2,261,65250000,65250100,13219,16524,65500000,65500000
2,262,65500000,65500100,13219,16524,65750000,65750000
2,263,65750000,65750100,13219,16524,66000000,66000000
2,264,66000000,66000100,13219,16524,66250000,66250000
2,265,66250000,66250100,13219,16524,66500000,66500000
2,266,66500000,66500100,13219,16524,66750000,66750000
2,267,66750000,66750100,13219,16524,67000000,67000000
2,268,67000000,67000100,13219,16524,67250000,67250000
2,269,67250000,67250100,13219,16524,67500000,67500000
2,270,67500000,67500100,13219,16524,67750000,67750000
2,271,67750000,67750100,13219,16524,68000000,68000000
2,272,68000000,68000100,13219,16524,68250000,68250000
2,273,68250000,68250100,13219,16524,68500000,68500000
2,274,68500000,68500100,13219,16524,68750000,68750000
2,275,68750000,68750100,13219,16524,69000000,69000000
2,276,69000000,69000100,13219,16524,69250000,69250000
2,277,69250000,69250100,13219,16524,69500000,69500000
2,278,69500000,69500100,13219,16524,69750000,69750000
2,279,69750000,69750100,13219,16524,70000000,70000000
2,280,70000000,70000100,13219,16524,70250000,70250000
2,281,70250000,70250100,13219,16524,70500000,70500000
2,282,70500000,70500100,13219,16524,70750000,70750000
2,283,70750000,70750100,13219,16524,71000000,71000000
2,284,71000000,71000100,13219,16524,71250000,71250000
2,285,71250000,71250100,13219,16524,71500000,71500000
2,286,71500000,71500100,13219,16524,71750000,71750000
2,287,71750000,71750100,13219,16524,72000000,72000000
2,288,72000000,72000100,13219,16524,72250000,72250000
2,289,72250000,72250100,13219,16524,72500000,72500000
2,290,72500000,72500100,13219,16524,72750000,72750000
2,291,72750000,72750100,13219,16524,73000000,73000000
2,292,73000000,73000100,13219,16524,73250000,73250000
2,293,73250000,73250100,13219,16524,73500000,73500000
2,294,73500000,73500100,13219,16524,73750000,73750000
2,295,73750000,73750100,13219,16524,74000000,74000000
2,296,74000000,74000100,13219,16524,74250000,74250000
2,297,74250000,74250100,13219,16524,74500000,74500000
2,298,74500000,74500100,13219,16524,74750000,74750000
2,299,74750000,74750100,13219,16524,75000000,75000000
2,300,75000000,75000100,13219,16524,75250000,75250000
2,301,75250000,75250100,13219,16524,75500000,75500000
2,302,75500000,75500100,13219,16524,75750000,75750000
2,303,75750000,75750100,13219,16524,76000000,76000000
2,304,76000000,76000100,13219,16524,76250000,76250000
2,305,76250000,76250100,13219,16524,76500000,76500000
2,306,76500000,76500100,13219,16524,76750000,76750000
2,307,76750000,76750100,13219,16524,77000000,77000000
2,308,77000000,77000100,13219,16524,77250000,77250000
2,309,77250000,77250100,13219,16524,77500000,77500000
2,310,77500000,77500100,13219,16524,77750000,77750000
2,311,77750000,77750100,13219,16524,78000000,78000000
2,312,78000000,78000100,13219,16524,78250000,78250000
2,313,78250000,78250100,13219,16524,78500000,78500000
2,314,78500000,78500100,13219,16524,78750000,78750000
2,315,78750000,78750100,13219,16524,79000000,79000000
2,316,79000000,79000100,13219,16524,79250000,79250000
2,317,79250000,79250100,13219,16524,79500000,79500000
2,318,79500000,79500100,13219,16524,79750000,79750000
2,319,79750000,79750100,13219,16524,80000000,80000000
2,320,80000000,80000100,13219,16524,80250000,80250000
2,321,80250000,80250100,13219,16524,80500000,80500000
2,322,80500000,80500100,13219,16524,80750000,80750000
2,323,80750000,80750100,13219,16524,81000000,81000000
2,324,81000000,81000100,13219,16524,81250000,81250000
2,325,81250000,81250100,13219,16524,81500000,81500000
2,326,81500000,81500100,13219,16524,81750000,81750000
2,327,81750000,81750100,13219,16524,82000000,82000000
2,328,82000000,82000100,13219,16524,82250000,82250000
2,329,82250000,82250100,13219,16524,82500000,82500000
2,330,82500000,82500100,13219,16524,82750000,82750000
2,331,82750000,82750100,13219,16524,83000000,83000000
2,332,83000000,83000100,13219,16524,83250000,83250000
2,333,83250000,83250100,13219,16524,83500000,83500000
2,334,83500000,83500100,13219,16524,83750000,83750000
2,335,83750000,83750100,13219,16524,84000000,84000000
2,336,84000000,84000100,13219,16524,84250000,84250000
2,337,84250000,84250100,13219,16524,84500000,84500000
2,338,84500000,84500100,13219,16524,84750000,84750000
2,339,84750000,84750100,13219,16524,85000000,85000000
2,340,85000000,85000100,13219,16524,85250000,85250000
2,341,85250000,85250100,13219,16524,85500000,85500000
2,342,85500000,85500100,13219,16524,85750000,85750000
2,343,85750000,85750100,13219,16524,86000000,86000000
2,344,86000000,86000100,13219,16524,86250000,86250000
2,345,86250000,86250100,13219,16524,86500000,86500000
2,346,86500000,86500100,13219,16524,86750000,86750000
2,347,86750000,86750100,13219,16524,87000000,87000000
2,348,87000000,87000100,13219,16524,87250000,87250000
2,349,87250000,87250100,13219,16524,87500000,87500000
2,350,87500000,87500100,13219,16524,87750000,87750000
2,351,87750000,87750100,13219,16524,88000000,88000000
2,352,88000000,88000100,13219,16524,88250000,88250000
2,353,88250000,88250100,13219,16524,88500000,88500000
2,354,88500000,88500100,13219,16524,88750000,88750000
2,355,88750000,88750100,13219,16524,89000000,89000000
2,356,89000000,89000100,13219,16524,89250000,89250000
2,357,89250000,89250100,13219,16524,89500000,89500000
2,358,89500000,89500100,13219,16524,89750000,89750000
2,359,89750000,89750100,13219,16524,90000000,90000000
2,360,90000000,90000100,13219,16524,90250000,90250000
2,361,90250000,90250100,13219,16524,90500000,90500000
2,362,90500000,90500100,13219,16524,90750000,90750000
2,363,90750000,90750100,13219,16524,91000000,91000000
2,364,91000000,91000100,13219,16524,91250000,91250000
2,365,91250000,91250100,13219,16524,91500000,91500000
2,366,91500000,91500100,13219,16524,91750000,91750000
2,367,91750000,91750100,13219,16524,92000000,92000000
2,368,92000000,92000100,13219,16524,92250000,92250000
2,369,92250000,92250100,13219,16524,92500000,92500000
2,370,92500000,92500100,13219,16524,92750000,92750000
2,371,92750000,92750100,13219,16524,93000000,93000000
2,372,93000000,93000100,13219,16524,93250000,93250000
2,373,93250000,93250100,13219,16524,93500000,93500000
2,374,93500000,93500100,13219,16524,93750000,93750000
2,375,93750000,93750100,13219,16524,94000000,94000000
2,376,94000000,94000100,13219,16524,94250000,94250000
2,377,94250000,94250100,13219,16524,94500000,94500000
2,378,94500000,94500100,13219,16524,94750000,94750000
2,379,94750000,94750100,13219,16524,95000000,95000000
2,380,95000000,95000100,13219,16524,95250000,95250000
2,381,95250000,95250100,13219,16524,95500000,95500000
2,382,95500000,95500100,13219,16524,95750000,95750000
2,383,95750000,95750100,13219,16524,96000000,96000000
2,384,96000000,96000100,13219,16524,96250000,96250000
2,385,96250000,96250100,13219,16524,96500000,96500000
2,386,96500000,96500100,13219,16524,96750000,96750000
2,387,96750000,96750100,13219,16524,97000000,97000000
2,388,97000000,97000100,13219,16524,97250000,97250000
2,389,97250000,97250100,13219,16524,97500000,97500000
2,390,97500000,97500100,13219,16524,97750000,97750000
2,391,97750000,97750100,13219,16524,98000000,98000000
2,392,98000000,98000100,13219,16524,98250000,98250000
2,393,98250000,98250100,13219,16524,98500000,98500000
2,394,98500000,98500100,13219,16524,98750000,98750000
2,395,98750000,98750100,13219,16524,99000000,99000000
2,396,99000000,99000100,13219,16524,99250000,99250000
2,397,99250000,99250100,13219,16524,99500000,99500000
2,398,99500000,99500100,13219,16524,99750000,99750000
2,399,99750000,99750100,13219,16524,100000000,100000000
2,400,100000000,100000100,13219,16524,100250000,100250000
2,401,100250000,100250100,13219,16524,100500000,100500000
2,402,100500000,100500100,13219,16524,100750000,100750000
2,403,100750000,100750100,13219,16524,101000000,101000000
2,404,101000000,101000100,13219,16524,101250000,101250000
2,405,101250000,101250100,13219,16524,101500000,101500000
2,406,101500000,101500100,13219,16524,101750000,101750000
2,407,101750000,101750100,13219,16524,102000000,102000000
2,408,102000000,102000100,13219,16524,102250000,102250000
2,409,102250000,102250100,13219,16524,102500000,102500000
2,410,102500000,102500100,13219,16524,102750000,102750000
2,411,102750000,102750100,13219,16524,103000000,103000000
2,412,103000000,103000100,13219,16524,103250000,103250000
2,413,103250000,103250100,13219,16524,103500000,103500000
2,414,103500000,103500100,13219,16524,103750000,103750000
2,415,103750000,103750100,13219,16524,104000000,104000000
2,416,104000000,104000100,13219,16524,104250000,104250000
2,417,104250000,104250100,13219,16524,104500000,104500000
2,418,104500000,104500100,13219,16524,104750000,104750000
2,419,104750000,104750100,13219,16524,105000000,105000000
2,420,105000000,105000100,13219,16524,105250000,105250000
2,421,105250000,105250100,13219,16524,105500000,105500000
2,422,105500000,105500100,13219,16524,105750000,105750000
2,423,105750000,105750100,13219,16524,106000000,106000000
2,424,106000000,106000100,13219,16524,106250000,106250000
2,425,106250000,106250100,13219,16524,106500000,106500000
2,426,106500000,106500100,13219,16524,106750000,106750000
2,427,106750000,106750100,13219,16524,107000000,107000000
2,428,107000000,107000100,13219,16524,107250000,107250000
2,429,107250000,107250100,13219,16524,107500000,107500000
2,430,107500000,107500100,13219,16524,107750000,107750000
2,431,107750000,107750100,13219,16524,108000000,108000000
2,432,108000000,108000100,13219,16524,108250000,108250000
2,433,108250000,108250100,13219,16524,108500000,108500000
2,434,108500000,108500100,13219,16524,108750000,108750000
2,435,108750000,108750100,13219,16524,109000000,109000000
2,436,109000000,109000100,13219,16524,109250000,109250000
2,437,109250000,109250100,13219,16524,109500000,109500000
2,438,109500000,109500100,13219,16524,109750000,109750000
2,439,109750000,109750100,13219,16524,110000000,110000000
2,440,110000000,110000100,13219,16524,110250000,110250000
2,441,110250000,110250100,13219,16524,110500000,110500000
2,442,110500000,110500100,13219,16524,110750000,110750000
2,443,110750000,110750100,13219,16524,111000000,111000000
2,444,111000000,111000100,13219,16524,111250000,111250000
2,445,111250000,111250100,13219,16524,111500000,111500000
2,446,111500000,111500100,13219,16524,111750000,111750000
2,447,111750000,111750100,13219,16524,112000000,112000000
2,448,112000000,112000100,13219,16524,112250000,112250000
2,449,112250000,112250100,13219,16524,112500000,112500000
2,450,112500000,112500100,13219,16524,112750000,112750000
2,451,112750000,112750100,13219,16524,113000000,113000000
2,452,113000000,113000100,13219,16524,113250000,113250000
2,453,113250000,113250100,13219,16524,113500000,113500000
2,454,113500000,113500100,13219,16524,113750000,113750000
2,455,113750000,113750100,13219,16524,114000000,114000000
2,456,114000000,114000100,13219,16524,114250000,114250000
2,457,114250000,114250100,13219,16524,114500000,114500000
2,458,114500000,114500100,13219,16524,114750000,114750000
2,459,114750000,114750100,13219,16524,115000000,115000000
2,460,115000000,115000100,13219,16524,115250000,115250000
2,461,115250000,115250100,13219,16524,115500000,115500000
2,462,115500000,115500100,13219,16524,115750000,115750000
2,463,115750000,115750100,13219,16524,116000000,116000000
2,464,116000000,116000100,13219,16524,116250000,116250000
2,465,116250000,116250100,13219,16524,116500000,116500000
2,466,116500000,116500100,13219,16524,116750000,116750000
2,467,116750000,116750100,13219,16524,117000000,117000000
2,468,117000000,117000100,13219,16524,117250000,117250000
2,469,117250000,117250100,13219,16524,117500000,117500000
2,470,117500000,117500100,13219,16524,117750000,117750000
2,471,117750000,117750100,13219,16524,118000000,118000000
2,472,118000000,118000100,13219,16524,118250000,118250000
2,473,118250000,118250100,13219,16524,118500000,118500000
2,474,118500000,118500100,13219,16524,118750000,118750000
2,475,118750000,118750100,13219,16524,119000000,119000000
2,476,119000000,119000100,13219,16524,119250000,119250000
2,477,119250000,119250100,13219,16524,119500000,119500000
2,478,119500000,119500100,13219,16524,119750000,119750000
2,479,119750000,119750100,13219,16524,120000000,120000000
2,480,120000000,120000100,13219,16524,120250000,120250000
2,481,120250000,120250100,13219,16524,120500000,120500000
2,482,120500000,120500100,13219,16524,120750000,120750000
2,483,120750000,120750100,13219,16524,121000000,121000000
2,484,121000000,121000100,13219,16524,121250000,121250000
2,485,121250000,121250100,13219,16524,121500000,121500000
2,486,121500000,121500100,13219,16524,121750000,121750000
2,487,121750000,121750100,13219,16524,122000000,122000000
2,488,122000000,122000100,13219,16524,122250000,122250000
2,489,122250000,122250100,13219,16524,122500000,122500000
2,490,122500000,122500100,13219,16524,122750000,122750000
2,491,122750000,122750100,13219,16524,123000000,123000000
2,492,123000000,123000100,13219,16524,123250000,123250000
2,493,123250000,123250100,13219,16524,123500000,123500000
2,494,123500000,123500100,13219,16524,123750000,123750000
2,495,123750000,123750100,13219,16524,124000000,124000000
2,496,124000000,124000100,13219,16524,124250000,124250000
2,497,124250000,124250100,13219,16524,124500000,124500000
2,498,124500000,124500100,13219,16524,124750000,124750000
2,499,124750000,124750100,13219,16524,125000000,125000000
2,500,125000000,125000100,13219,16524,125250000,125250000
2,501,125250000,125250100,13219,16524,125500000,125500000
2,502,125500000,125500100,13219,16524,125750000,125750000
2,503,125750000,125750100,13219,16524,126000000,126000000
2,504,126000000,126000100,13219,16524,126250000,126250000
2,505,126250000,126250100,13219,16524,126500000,126500000
2,506,126500000,126500100,13219,16524,126750000,126750000
2,507,126750000,126750100,13219,16524,127000000,127000000
2,508,127000000,127000100,13219,16524,127250000,127250000
2,509,127250000,127250100,13219,16524,127500000,127500000
2,510,127500000,127500100,13219,16524,127750000,127750000
2,511,127750000,127750100,13219,16524,128000000,128000000
2,512,128000000,128000100,13219,16524,128250000,128250000
2,513,128250000,128250100,13219,16524,128500000,128500000
2,514,128500000,128500100,13219,16524,128750000,128750000
2,515,128750000,128750100,13219,16524,129000000,129000000
2,516,129000000,129000100,13219,16524,129250000,129250000
2,517,129250000,129250100,13219,16524,129500000,129500000
2,518,129500000,129500100,13219,16524,129750000,129750000
2,519,129750000,129750100,13219,16524,130000000,130000000
2,520,130000000,130000100,13219,16524,130250000,130250000
2,521,130250000,130250100,13219,16524,130500000,130500000
2,522,130500000,130500100,13219,16524,130750000,130750000
2,523,130750000,130750100,13219,16524,131000000,131000000
2,524,131000000,131000100,13219,16524,131250000,131250000
2,525,131250000,131250100,13219,16524,131500000,131500000
2,526,131500000,131500100,13219,16524,131750000,131750000
2,527,131750000,131750100,13219,16524,132000000,132000000
2,528,132000000,132000100,13219,16524,132250000,132250000
2,529,132250000,132250100,13219,16524,132500000,132500000
2,530,132500000,132500100,13219,16524,132750000,132750000
2,531,132750000,132750100,13219,16524,133000000,133000000
2,532,133000000,133000100,13219,16524,133250000,133250000
2,533,133250000,133250100,13219,16524,133500000,133500000
2,534,133500000,133500100,13219,16524,133750000,133750000
2,535,133750000,133750100,13219,16524,134000000,134000000
2,536,134000000,134000100,13219,16524,134250000,134250000
2,537,134250000,134250100,13219,16524,134500000,134500000
2,538,134500000,134500100,13219,16524,134750000,134750000
2,539,134750000,134750100,13219,16524,135000000,135000000
2,540,135000000,135000100,13219,16524,135250000,135250000
2,541,135250000,135250100,13219,16524,135500000,135500000
2,542,135500000,135500100,13219,16524,135750000,135750000
2,543,135750000,135750100,13219,16524,136000000,136000000
2,544,136000000,136000100,13219,16524,136250000,136250000
2,545,136250000,136250100,13219,16524,136500000,136500000
3,0,0,100,60994,76243,350000,350000
3,1,350000,350100,60994,76243,700000,700000
3,2,700000,700100,60994,76243,1050000,1050000
3,3,1050000,1050100,60994,76243,1400000,1400000
3,4,1400000,1400100,60994,76243,1750000,1750000
3,5,1750000,1750100,60994,76243,2100000,2100000
3,6,2100000,2100100,60994,76243,2450000,2450000
3,7,2450000,2450100,60994,76243,2800000,2800000
3,8,2800000,2800100,60994,76243,3150000,3150000
3,9,3150000,3150100,60994,76243,3500000,3500000
3,10,3500000,3500100,60994,76243,3850000,3850000
3,11,3850000,3850100,60994,76243,4200000,4200000
3,12,4200000,4200100,60994,76243,4550000,4550000
3,13,4550000,4550100,60994,76243,4900000,4900000
3,14,4900000,4900100,60994,76243,5250000,5250000
3,15,5250000,5250100,60994,76243,5600000,5600000
3,16,5600000,5600100,60994,76243,5950000,5950000
3,17,5950000,5950100,60994,76243,6300000,6300000
3,18,6300000,6300100,60994,76243,6650000,6650000
3,19,6650000,6650100,60994,76243,7000000,7000000
3,20,7000000,7000100,60994,76243,7350000,7350000
3,21,7350000,7350100,60994,76243,7700000,7700000
3,22,7700000,7700100,60994,76243,8050000,8050000
3,23,8050000,8050100,60994,76243,8400000,8400000
3,24,8400000,8400100,60994,76243,8750000,8750000
3,25,8750000,8750100,60994,76243,9100000,9100000
3,26,9100000,9100100,60994,76243,9450000,9450000
3,27,9450000,9450100,60994,76243,9800000,9800000
3,28,9800000,9800100,60994,76243,10150000,10150000
3,29,10150000,10150100,60994,76243,10500000,10500000
3,30,10500000,10500100,60994,76243,10850000,10850000
3,31,10850000,10850100,60994,76243,11200000,11200000
3,32,11200000,11200100,60994,76243,11550000,11550000
3,33,11550000,11550100,60994,76243,11900000,11900000
3,34,11900000,11900100,60994,76243,12250000,12250000
3,35,12250000,12250100,60994,76243,12600000,12600000
3,36,12600000,12600100,60994,76243,12950000,12950000
3,37,12950000,12950100,60994,76243,13300000,13300000
3,38,13300000,13300100,60994,76243,13650000,13650000
3,39,13650000,13650100,60994,76243,14000000,14000000
3,40,14000000,14000100,60994,76243,14350000,14350000
3,41,14350000,14350100,60994,76243,14700000,14700000
3,42,14700000,14700100,60994,76243,15050000,15050000
3,43,15050000,15050100,60994,76243,15400000,15400000
3,44,15400000,15400100,60994,76243,15750000,15750000
3,45,15750000,15750100,60994,76243,16100000,16100000
3,46,16100000,16100100,60994,76243,16450000,16450000
3,47,16450000,16450100,60994,76243,16800000,16800000
3,48,16800000,16800100,60994,76243,17150000,17150000
3,49,17150000,17150100,60994,76243,17500000,17500000
3,50,17500000,17500100,60994,76243,17850000,17850000
3,51,17850000,17850100,60994,76243,18200000,18200000
3,52,18200000,18200100,60994,76243,18550000,18550000
3,53,18550000,18550100,60994,76243,18900000,18900000
3,54,18900000,18900100,60994,76243,19250000,19250000
3,55,19250000,19250100,60994,76243,19600000,19600000
3,56,19600000,19600100,60994,76243,19950000,19950000
3,57,19950000,19950100,60994,76243,20300000,20300000
3,58,20300000,20300100,60994,76243,20650000,20650000
3,59,20650000,20650100,60994,76243,21000000,21000000
3,60,21000000,21000100,60994,76243,21350000,21350000
3,61,21350000,21350100,60994,76243,21700000,21700000
3,62,21700000,21700100,60994,76243,22050000,22050000
3,63,22050000,22050100,60994,76243,22400000,22400000
3,64,22400000,22400100,60994,76243,22750000,22750000
3,65,22750000,22750100,60994,76243,23100000,23100000
3,66,23100000,23100100,60994,76243,23450000,23450000
3,67,23450000,23450100,60994,76243,23800000,23800000
3,68,23800000,23800100,60994,76243,24150000,24150000
3,69,24150000,24150100,60994,76243,24500000,24500000
3,70,24500000,24500100,60994,76243,24850000,24850000
3,71,24850000,24850100,60994,76243,25200000,25200000
3,72,25200000,25200100,60994,76243,25550000,25550000
3,73,25550000,25550100,60994,76243,25900000,25900000
3,74,25900000,25900100,60994,76243,26250000,26250000
3,75,26250000,26250100,60994,76243,26600000,26600000
3,76,26600000,26600100,60994,76243,26950000,26950000
3,77,26950000,26950100,60994,76243,27300000,27300000
3,78,27300000,27300100,60994,76243,27650000,27650000
3,79,27650000,27650100,60994,76243,28000000,28000000
3,80,28000000,28000100,60994,76243,28350000,28350000
3,81,28350000,28350100,60994,76243,28700000,28700000
3,82,28700000,28700100,60994,76243,29050000,29050000
3,83,29050000,29050100,60994,76243,29400000,29400000
3,84,29400000,29400100,60994,76243,29750000,29750000
3,85,29750000,29750100,60994,76243,30100000,30100000
3,86,30100000,30100100,60994,76243,30450000,30450000
3,87,30450000,30450100,60994,76243,30800000,30800000
3,88,30800000,30800100,60994,76243,31150000,31150000
3,89,31150000,31150100,60994,76243,31500000,31500000
3,90,31500000,31500100,60994,76243,31850000,31850000
3,91,31850000,31850100,60994,76243,32200000,32200000
3,92,32200000,32200100,60994,76243,32550000,32550000
3,93,32550000,32550100,60994,76243,32900000,32900000
3,94,32900000,32900100,60994,76243,33250000,33250000
3,95,33250000,33250100,60994,76243,33600000,33600000
3,96,33600000,33600100,60994,76243,33950000,33950000
3,97,33950000,33950100,60994,76243,34300000,34300000
3,98,34300000,34300100,60994,76243,34650000,34650000
3,99,34650000,34650100,60994,76243,35000000,35000000
3,100,35000000,35000100,60994,76243,35350000,35350000
3,101,35350000,35350100,60994,76243,35700000,35700000
3,102,35700000,35700100,60994,76243,36050000,36050000
3,103,36050000,36050100,60994,76243,36400000,36400000
3,104,36400000,36400100,60994,76243,36750000,36750000
3,105,36750000,36750100,60994,76243,37100000,37100000
3,106,37100000,37100100,60994,76243,37450000,37450000
3,107,37450000,37450100,60994,76243,37800000,37800000
3,108,37800000,37800100,60994,76243,38150000,38150000
3,109,38150000,38150100,60994,76243,38500000,38500000
3,110,38500000,38500100,60994,76243,38850000,38850000
3,111,38850000,38850100,60994,76243,39200000,39200000
3,112,39200000,39200100,60994,76243,39550000,39550000
3,113,39550000,39550100,60994,76243,39900000,39900000
3,114,39900000,39900100,60994,76243,40250000,40250000
3,115,40250000,40250100,60994,76243,40600000,40600000
3,116,40600000,40600100,60994,76243,40950000,40950000
3,117,40950000,40950100,60994,76243,41300000,41300000
3,118,41300000,41300100,60994,76243,41650000,41650000
3,119,41650000,41650100,60994,76243,42000000,42000000
3,120,42000000,42000100,60994,76243,42350000,42350000
3,121,42350000,42350100,60994,76243,42700000,42700000
3,122,42700000,42700100,60994,76243,43050000,43050000
3,123,43050000,43050100,60994,76243,43400000,43400000
3,124,43400000,43400100,60994,76243,43750000,43750000
3,125,43750000,43750100,60994,76243,44100000,44100000
3,126,44100000,44100100,60994,76243,44450000,44450000
3,127,44450000,44450100,60994,76243,44800000,44800000
3,128,44800000,44800100,60994,76243,45150000,45150000
3,129,45150000,45150100,60994,76243,45500000,45500000
3,130,45500000,45500100,60994,76243,45850000,45850000
3,131,45850000,45850100,60994,76243,46200000,46200000
3,132,46200000,46200100,60994,76243,46550000,46550000
3,133,46550000,46550100,60994,76243,46900000,46900000
3,134,46900000,46900100,60994,76243,47250000,47250000
3,135,47250000,47250100,60994,76243,47600000,47600000
3,136,47600000,47600100,60994,76243,47950000,47950000
3,137,47950000,47950100,60994,76243,48300000,48300000
3,138,48300000,48300100,60994,76243,48650000,48650000
3,139,48650000,48650100,60994,76243,49000000,49000000
3,140,49000000,49000100,60994,76243,49350000,49350000
3,141,49350000,49350100,60994,76243,49700000,49700000
3,142,49700000,49700100,60994,76243,50050000,50050000
3,143,50050000,50050100,60994,76243,50400000,50400000
3,144,50400000,50400100,60994,76243,50750000,50750000
3,145,50750000,50750100,60994,76243,51100000,51100000
3,146,51100000,51100100,60994,76243,51450000,51450000
3,147,51450000,51450100,60994,76243,51800000,51800000
3,148,51800000,51800100,60994,76243,52150000,52150000
3,149,52150000,52150100,60994,76243,52500000,52500000
3,150,52500000,52500100,60994,76243,52850000,52850000
3,151,52850000,52850100,60994,76243,53200000,53200000
3,152,53200000,53200100,60994,76243,53550000,53550000
3,153,53550000,53550100,60994,76243,53900000,53900000
3,154,53900000,53900100,60994,76243,54250000,54250000
3,155,54250000,54250100,60994,76243,54600000,54600000
3,156,54600000,54600100,60994,76243,54950000,54950000
3,157,54950000,54950100,60994,76243,55300000,55300000
3,158,55300000,55300100,60994,76243,55650000,55650000
3,159,55650000,55650100,60994,76243,56000000,56000000
3,160,56000000,56000100,60994,76243,56350000,56350000
3,161,56350000,56350100,60994,76243,56700000,56700000
3,162,56700000,56700100,60994,76243,57050000,57050000
3,163,57050000,57050100,60994,76243,57400000,57400000
3,164,57400000,57400100,60994,76243,57750000,57750000
3,165,57750000,57750100,60994,76243,58100000,58100000
3,166,58100000,58100100,60994,76243,58450000,58450000
3,167,58450000,58450100,60994,76243,58800000,58800000
3,168,58800000,58800100,60994,76243,59150000,59150000
3,169,59150000,59150100,60994,76243,59500000,59500000
3,170,59500000,59500100,60994,76243,59850000,59850000
3,171,59850000,59850100,60994,76243,60200000,60200000
3,172,60200000,60200100,60994,76243,60550000,60550000
3,173,60550000,60550100,60994,76243,60900000,60900000
3,174,60900000,60900100,60994,76243,61250000,61250000
3,175,61250000,61250100,60994,76243,61600000,61600000
3,176,61600000,61600100,60994,76243,61950000,61950000
3,177,61950000,61950100,60994,76243,62300000,62300000
3,178,62300000,62300100,60994,76243,62650000,62650000
3,179,62650000,62650100,60994,76243,63000000,63000000
3,180,63000000,63000100,60994,76243,63350000,63350000
3,181,63350000,63350100,60994,76243,63700000,63700000
3,182,63700000,63700100,60994,76243,64050000,64050000
3,183,64050000,64050100,60994,76243,64400000,64400000
3,184,64400000,64400100,60994,76243,64750000,64750000
3,185,64750000,64750100,60994,76243,65100000,65100000
3,186,65100000,65100100,60994,76243,65450000,65450000
3,187,65450000,65450100,60994,76243,65800000,65800000
3,188,65800000,65800100,60994,76243,66150000,66150000
3,189,66150000,66150100,60994,76243,66500000,66500000
3,190,66500000,66500100,60994,76243,66850000,66850000
3,191,66850000,66850100,60994,76243,67200000,67200000
3,192,67200000,67200100,60994,76243,67550000,67550000
3,193,67550000,67550100,60994,76243,67900000,67900000
3,194,67900000,67900100,60994,76243,68250000,68250000
3,195,68250000,68250100,60994,76243,68600000,68600000
3,196,68600000,68600100,60994,76243,68950000,68950000
3,197,68950000,68950100,60994,76243,69300000,69300000
3,198,69300000,69300100,60994,76243,69650000,69650000
3,199,69650000,69650100,60994,76243,70000000,70000000
3,200,70000000,70000100,60994,76243,70350000,70350000
3,201,70350000,70350100,60994,76243,70700000,70700000
3,202,70700000,70700100,60994,76243,71050000,71050000
3,203,71050000,71050100,60994,76243,71400000,71400000
3,204,71400000,71400100,60994,76243,71750000,71750000
3,205,71750000,71750100,60994,76243,72100000,72100000
3,206,72100000,72100100,60994,76243,72450000,72450000
3,207,72450000,72450100,60994,76243,72800000,72800000
3,208,72800000,72800100,60994,76243,73150000,73150000
3,209,73150000,73150100,60994,76243,73500000,73500000
3,210,73500000,73500100,60994,76243,73850000,73850000
3,211,73850000,73850100,60994,76243,74200000,74200000
3,212,74200000,74200100,60994,76243,74550000,74550000
3,213,74550000,74550100,60994,76243,74900000,74900000
3,214,74900000,74900100,60994,76243,75250000,75250000
3,215,75250000,75250100,60994,76243,75600000,75600000
3,216,75600000,75600100,60994,76243,75950000,75950000
3,217,75950000,75950100,60994,76243,76300000,76300000
3,218,76300000,76300100,60994,76243,76650000,76650000
3,219,76650000,76650100,60994,76243,77000000,77000000
3,220,77000000,77000100,60994,76243,77350000,77350000
3,221,77350000,77350100,60994,76243,77700000,77700000
3,222,77700000,77700100,60994,76243,78050000,78050000
3,223,78050000,78050100,60994,76243,78400000,78400000
3,224,78400000,78400100,60994,76243,78750000,78750000
3,225,78750000,78750100,60994,76243,79100000,79100000
3,226,79100000,79100100,60994,76243,79450000,79450000
3,227,79450000,79450100,60994,76243,79800000,79800000
3,228,79800000,79800100,60994,76243,80150000,80150000
3,229,80150000,80150100,60994,76243,80500000,80500000
3,230,80500000,80500100,60994,76243,80850000,80850000
3,231,80850000,80850100,60994,76243,81200000,81200000
3,232,81200000,81200100,60994,76243,81550000,81550000
3,233,81550000,81550100,60994,76243,81900000,81900000
3,234,81900000,81900100,60994,76243,82250000,82250000
3,235,82250000,82250100,60994,76243,82600000,82600000
3,236,82600000,82600100,60994,76243,82950000,82950000
3,237,82950000,82950100,60994,76243,83300000,83300000
3,238,83300000,83300100,60994,76243,83650000,83650000
3,239,83650000,83650100,60994,76243,84000000,84000000
3,240,84000000,84000100,60994,76243,84350000,84350000
3,241,84350000,84350100,60994,76243,84700000,84700000
3,242,84700000,84700100,60994,76243,85050000,85050000
3,243,85050000,85050100,60994,76243,85400000,85400000
3,244,85400000,85400100,60994,76243,85750000,85750000
3,245,85750000,85750100,60994,76243,86100000,86100000
3,246,86100000,86100100,60994,76243,86450000,86450000
3,247,86450000,86450100,60994,76243,86800000,86800000
3,248,86800000,86800100,60994,76243,87150000,87150000
3,249,87150000,87150100,60994,76243,87500000,87500000
3,250,87500000,87500100,60994,76243,87850000,87850000
3,251,87850000,87850100,60994,76243,88200000,88200000
3,252,88200000,88200100,60994,76243,88550000,88550000
3,253,88550000,88550100,60994,76243,88900000,88900000
3,254,88900000,88900100,60994,76243,89250000,89250000
3,255,89250000,89250100,60994,76243,89600000,89600000
3,256,89600000,89600100,60994,76243,89950000,89950000
3,257,89950000,89950100,60994,76243,90300000,90300000
3,258,90300000,90300100,60994,76243,90650000,90650000
3,259,90650000,90650100,60994,76243,91000000,91000000
3,260,91000000,91000100,60994,76243,91350000,91350000
3,261,91350000,91350100,60994,76243,91700000,91700000
3,262,91700000,91700100,60994,76243,92050000,92050000
3,263,92050000,92050100,60994,76243,92400000,92400000
3,264,92400000,92400100,60994,76243,92750000,92750000
3,265,92750000,92750100,60994,76243,93100000,93100000
3,266,93100000,93100100,60994,76243,93450000,93450000
3,267,93450000,93450100,60994,76243,93800000,93800000
3,268,93800000,93800100,60994,76243,94150000,94150000
3,269,94150000,94150100,60994,76243,94500000,94500000
3,270,94500000,94500100,60994,76243,94850000,94850000
3,271,94850000,94850100,60994,76243,95200000,95200000
3,272,95200000,95200100,60994,76243,95550000,95550000
3,273,95550000,95550100,60994,76243,95900000,95900000
3,274,95900000,95900100,60994,76243,96250000,96250000
3,275,96250000,96250100,60994,76243,96600000,96600000
3,276,96600000,96600100,60994,76243,96950000,96950000
3,277,96950000,96950100,60994,76243,97300000,97300000
3,278,97300000,97300100,60994,76243,97650000,97650000
3,279,97650000,97650100,60994,76243,98000000,98000000
3,280,98000000,98000100,60994,76243,98350000,98350000
3,281,98350000,98350100,60994,76243,98700000,98700000
3,282,98700000,98700100,60994,76243,99050000,99050000
3,283,99050000,99050100,60994,76243,99400000,99400000
3,284,99400000,99400100,60994,76243,99750000,99750000
3,285,99750000,99750100,60994,76243,100100000,100100000
3,286,100100000,100100100,60994,76243,100450000,100450000
3,287,100450000,100450100,60994,76243,100800000,100800000
3,288,100800000,100800100,60994,76243,101150000,101150000
3,289,101150000,101150100,60994,76243,101500000,101500000
3,290,101500000,101500100,60994,76243,101850000,101850000
3,291,101850000,101850100,60994,76243,102200000,102200000
3,292,102200000,102200100,60994,76243,102550000,102550000
3,293,102550000,102550100,60994,76243,102900000,102900000
3,294,102900000,102900100,60994,76243,103250000,103250000
3,295,103250000,103250100,60994,76243,103600000,103600000
3,296,103600000,103600100,60994,76243,103950000,103950000
3,297,103950000,103950100,60994,76243,104300000,104300000
3,298,104300000,104300100,60994,76243,104650000,104650000
3,299,104650000,104650100,60994,76243,105000000,105000000
3,300,105000000,105000100,60994,76243,105350000,105350000
3,301,105350000,105350100,60994,76243,105700000,105700000
3,302,105700000,105700100,60994,76243,106050000,106050000
3,303,106050000,106050100,60994,76243,106400000,106400000
3,304,106400000,106400100,60994,76243,106750000,106750000
3,305,106750000,106750100,60994,76243,107100000,107100000
3,306,107100000,107100100,60994,76243,107450000,107450000
3,307,107450000,107450100,60994,76243,107800000,107800000
3,308,107800000,107800100,60994,76243,108150000,108150000
3,309,108150000,108150100,60994,76243,108500000,108500000
3,310,108500000,108500100,60994,76243,108850000,108850000
3,311,108850000,108850100,60994,76243,109200000,109200000
3,312,109200000,109200100,60994,76243,109550000,109550000
3,313,109550000,109550100,60994,76243,109900000,109900000
3,314,109900000,109900100,60994,76243,110250000,110250000
3,315,110250000,110250100,60994,76243,110600000,110600000
3,316,110600000,110600100,60994,76243,110950000,110950000
3,317,110950000,110950100,60994,76243,111300000,111300000
3,318,111300000,111300100,60994,76243,111650000,111650000
3,319,111650000,111650100,60994,76243,112000000,112000000
3,320,112000000,112000100,60994,76243,112350000,112350000
3,321,112350000,112350100,60994,76243,112700000,112700000
3,322,112700000,112700100,60994,76243,113050000,113050000
3,323,113050000,113050100,60994,76243,113400000,113400000
3,324,113400000,113400100,60994,76243,113750000,113750000
3,325,113750000,113750100,60994,76243,114100000,114100000
3,326,114100000,114100100,60994,76243,114450000,114450000
3,327,114450000,114450100,60994,76243,114800000,114800000
3,328,114800000,114800100,60994,76243,115150000,115150000
3,329,115150000,115150100,60994,76243,115500000,115500000
3,330,115500000,115500100,60994,76243,115850000,115850000
3,331,115850000,115850100,60994,76243,116200000,116200000
3,332,116200000,116200100,60994,76243,116550000,116550000
3,333,116550000,116550100,60994,76243,116900000,116900000
3,334,116900000,116900100,60994,76243,117250000,117250000
3,335,117250000,117250100,60994,76243,117600000,117600000
3,336,117600000,117600100,60994,76243,117950000,117950000
3,337,117950000,117950100,60994,76243,118300000,118300000
3,338,118300000,118300100,60994,76243,118650000,118650000
3,339,118650000,118650100,60994,76243,119000000,119000000
3,340,119000000,119000100,60994,76243,119350000,119350000
3,341,119350000,119350100,60994,76243,119700000,119700000
3,342,119700000,119700100,60994,76243,120050000,120050000
3,343,120050000,120050100,60994,76243,120400000,120400000
3,344,120400000,120400100,60994,76243,120750000,120750000
3,345,120750000,120750100,60994,76243,121100000,121100000
3,346,121100000,121100100,60994,76243,121450000,121450000
3,347,121450000,121450100,60994,76243,121800000,121800000
3,348,121800000,121800100,60994,76243,122150000,122150000
3,349,122150000,122150100,60994,76243,122500000,122500000
3,350,122500000,122500100,60994,76243,122850000,122850000
3,351,122850000,122850100,60994,76243,123200000,123200000
3,352,123200000,123200100,60994,76243,123550000,123550000
3,353,123550000,123550100,60994,76243,123900000,123900000
3,354,123900000,123900100,60994,76243,124250000,124250000
3,355,124250000,124250100,60994,76243,124600000,124600000
3,356,124600000,124600100,60994,76243,124950000,124950000
3,357,124950000,124950100,60994,76243,125300000,125300000
3,358,125300000,125300100,60994,76243,125650000,125650000
3,359,125650000,125650100,60994,76243,126000000,126000000
3,360,126000000,126000100,60994,76243,126350000,126350000
3,361,126350000,126350100,60994,76243,126700000,126700000
3,362,126700000,126700100,60994,76243,127050000,127050000
3,363,127050000,127050100,60994,76243,127400000,127400000
3,364,127400000,127400100,60994,76243,127750000,127750000
3,365,127750000,127750100,60994,76243,128100000,128100000
3,366,128100000,128100100,60994,76243,128450000,128450000
3,367,128450000,128450100,60994,76243,128800000,128800000
3,368,128800000,128800100,60994,76243,129150000,129150000
3,369,129150000,129150100,60994,76243,129500000,129500000
3,370,129500000,129500100,60994,76243,129850000,129850000
3,371,129850000,129850100,60994,76243,130200000,130200000
3,372,130200000,130200100,60994,76243,130550000,130550000
3,373,130550000,130550100,60994,76243,130900000,130900000
3,374,130900000,130900100,60994,76243,131250000,131250000
3,375,131250000,131250100,60994,76243,131600000,131600000
3,376,131600000,131600100,60994,76243,131950000,131950000
3,377,131950000,131950100,60994,76243,132300000,132300000
3,378,132300000,132300100,60994,76243,132650000,132650000
3,379,132650000,132650100,60994,76243,133000000,133000000
3,380,133000000,133000100,60994,76243,133350000,133350000
3,381,133350000,133350100,60994,76243,133700000,133700000
3,382,133700000,133700100,60994,76243,134050000,134050000
3,383,134050000,134050100,60994,76243,134400000,134400000
3,384,134400000,134400100,60994,76243,134750000,134750000
3,385,134750000,134750100,60994,76243,135100000,135100000
3,386,135100000,135100100,60994,76243,135450000,135450000
3,387,135450000,135450100,60994,76243,135800000,135800000
3,388,135800000,135800100,60994,76243,136150000,136150000
3,389,136150000,136150100,60994,76243,136500000,136500000
4,0,0,100,161814,202268,500000,500000
4,1,500000,500100,161814,202268,1000000,1000000
4,2,1000000,1000100,161814,202268,1500000,1500000
4,3,1500000,1500100,161814,202268,2000000,2000000
4,4,2000000,2000100,161814,202268,2500000,2500000
4,5,2500000,2500100,161814,202268,3000000,3000000
4,6,3000000,3000100,161814,202268,3500000,3500000
4,7,3500000,3500100,161814,202268,4000000,4000000
4,8,4000000,4000100,161814,202268,4500000,4500000
4,9,4500000,4500100,161814,202268,5000000,5000000
4,10,5000000,5000100,161814,202268,5500000,5500000
4,11,5500000,5500100,161814,202268,6000000,6000000
4,12,6000000,6000100,161814,202268,6500000,6500000
4,13,6500000,6500100,161814,202268,7000000,7000000
4,14,7000000,7000100,161814,202268,7500000,7500000
4,15,7500000,7500100,161814,202268,8000000,8000000
4,16,8000000,8000100,161814,202268,8500000,8500000
4,17,8500000,8500100,161814,202268,9000000,9000000
4,18,9000000,9000100,161814,202268,9500000,9500000
4,19,9500000,9500100,161814,202268,10000000,10000000
4,20,10000000,10000100,161814,202268,10500000,10500000
4,21,10500000,10500100,161814,202268,11000000,11000000
4,22,11000000,11000100,161814,202268,11500000,11500000
4,23,11500000,11500100,161814,202268,12000000,12000000
4,24,12000000,12000100,161814,202268,12500000,12500000
4,25,12500000,12500100,161814,202268,13000000,13000000
4,26,13000000,13000100,161814,202268,13500000,13500000
4,27,13500000,13500100,161814,202268,14000000,14000000
4,28,14000000,14000100,161814,202268,14500000,14500000
4,29,14500000,14500100,161814,202268,15000000,15000000
4,30,15000000,15000100,161814,202268,15500000,15500000
4,31,15500000,15500100,161814,202268,16000000,16000000
4,32,16000000,16000100,161814,202268,16500000,16500000
4,33,16500000,16500100,161814,202268,17000000,17000000
4,34,17000000,17000100,161814,202268,17500000,17500000
4,35,17500000,17500100,161814,202268,18000000,18000000
4,36,18000000,18000100,161814,202268,18500000,18500000
4,37,18500000,18500100,161814,202268,19000000,19000000
4,38,19000000,19000100,161814,202268,19500000,19500000
4,39,19500000,19500100,161814,202268,20000000,20000000
4,40,20000000,20000100,161814,202268,20500000,20500000
4,41,20500000,20500100,161814,202268,21000000,21000000
4,42,21000000,21000100,161814,202268,21500000,21500000
4,43,21500000,21500100,161814,202268,22000000,22000000
4,44,22000000,22000100,161814,202268,22500000,22500000
4,45,22500000,22500100,161814,202268,23000000,23000000
4,46,23000000,23000100,161814,202268,23500000,23500000
4,47,23500000,23500100,161814,202268,24000000,24000000
4,48,24000000,24000100,161814,202268,24500000,24500000
4,49,24500000,24500100,161814,202268,25000000,25000000
4,50,25000000,25000100,161814,202268,25500000,25500000
4,51,25500000,25500100,161814,202268,26000000,26000000
4,52,26000000,26000100,161814,202268,26500000,26500000
4,53,26500000,26500100,161814,202268,27000000,27000000
4,54,27000000,27000100,161814,202268,27500000,27500000
4,55,27500000,27500100,161814,202268,28000000,28000000
4,56,28000000,28000100,161814,202268,28500000,28500000
4,57,28500000,28500100,161814,202268,29000000,29000000
4,58,29000000,29000100,161814,202268,29500000,29500000
4,59,29500000,29500100,161814,202268,30000000,30000000
4,60,30000000,30000100,161814,202268,30500000,30500000
4,61,30500000,30500100,161814,202268,31000000,31000000
4,62,31000000,31000100,161814,202268,31500000,31500000
4,63,31500000,31500100,161814,202268,32000000,32000000
4,64,32000000,32000100,161814,202268,32500000,32500000
4,65,32500000,32500100,161814,202268,33000000,33000000
4,66,33000000,33000100,161814,202268,33500000,33500000
4,67,33500000,33500100,161814,202268,34000000,34000000
4,68,34000000,34000100,161814,202268,34500000,34500000
4,69,34500000,34500100,161814,202268,35000000,35000000
4,70,35000000,35000100,161814,202268,35500000,35500000
4,71,35500000,35500100,161814,202268,36000000,36000000
4,72,36000000,36000100,161814,202268,36500000,36500000
4,73,36500000,36500100,161814,202268,37000000,37000000
4,74,37000000,37000100,161814,202268,37500000,37500000
4,75,37500000,37500100,161814,202268,38000000,38000000
4,76,38000000,38000100,161814,202268,38500000,38500000
4,77,38500000,38500100,161814,202268,39000000,39000000
4,78,39000000,39000100,161814,202268,39500000,39500000
4,79,39500000,39500100,161814,202268,40000000,40000000
4,80,40000000,40000100,161814,202268,40500000,40500000
4,81,40500000,40500100,161814,202268,41000000,41000000
4,82,41000000,41000100,161814,202268,41500000,41500000
4,83,41500000,41500100,161814,202268,42000000,42000000
4,84,42000000,42000100,161814,202268,42500000,42500000
4,85,42500000,42500100,161814,202268,43000000,43000000
4,86,43000000,43000100,161814,202268,43500000,43500000
4,87,43500000,43500100,161814,202268,44000000,44000000
4,88,44000000,44000100,161814,202268,44500000,44500000
4,89,44500000,44500100,161814,202268,45000000,45000000
4,90,45000000,45000100,161814,202268,45500000,45500000
4,91,45500000,45500100,161814,202268,46000000,46000000
4,92,46000000,46000100,161814,202268,46500000,46500000
4,93,46500000,46500100,161814,202268,47000000,47000000
4,94,47000000,47000100,161814,202268,47500000,47500000
4,95,47500000,47500100,161814,202268,48000000,48000000
4,96,48000000,48000100,161814,202268,48500000,48500000
4,97,48500000,48500100,161814,202268,49000000,49000000
4,98,49000000,49000100,161814,202268,49500000,49500000
4,99,49500000,49500100,161814,202268,50000000,50000000
4,100,50000000,50000100,161814,202268,50500000,50500000
4,101,50500000,50500100,161814,202268,51000000,51000000
4,102,51000000,51000100,161814,202268,51500000,51500000
4,103,51500000,51500100,161814,202268,52000000,52000000
4,104,52000000,52000100,161814,202268,52500000,52500000
4,105,52500000,52500100,161814,202268,53000000,53000000
4,106,53000000,53000100,161814,202268,53500000,53500000
4,107,53500000,53500100,161814,202268,54000000,54000000
4,108,54000000,54000100,161814,202268,54500000,54500000
4,109,54500000,54500100,161814,202268,55000000,55000000
4,110,55000000,55000100,161814,202268,55500000,55500000
4,111,55500000,55500100,161814,202268,56000000,56000000
4,112,56000000,56000100,161814,202268,56500000,56500000
4,113,56500000,56500100,161814,202268,57000000,57000000
4,114,57000000,57000100,161814,202268,57500000,57500000
4,115,57500000,57500100,161814,202268,58000000,58000000
4,116,58000000,58000100,161814,202268,58500000,58500000
4,117,58500000,58500100,161814,202268,59000000,59000000
4,118,59000000,59000100,161814,202268,59500000,59500000
4,119,59500000,59500100,161814,202268,60000000,60000000
4,120,60000000,60000100,161814,202268,60500000,60500000
4,121,60500000,60500100,161814,202268,61000000,61000000
4,122,61000000,61000100,161814,202268,61500000,61500000
4,123,61500000,61500100,161814,202268,62000000,62000000
4,124,62000000,62000100,161814,202268,62500000,62500000
4,125,62500000,62500100,161814,202268,63000000,63000000
4,126,63000000,63000100,161814,202268,63500000,63500000
4,127,63500000,63500100,161814,202268,64000000,64000000
4,128,64000000,64000100,161814,202268,64500000,64500000
4,129,64500000,64500100,161814,202268,65000000,65000000
4,130,65000000,65000100,161814,202268,65500000,65500000
4,131,65500000,65500100,161814,202268,66000000,66000000
4,132,66000000,66000100,161814,202268,66500000,66500000
4,133,66500000,66500100,161814,202268,67000000,67000000
4,134,67000000,67000100,161814,202268,67500000,67500000
4,135,67500000,67500100,161814,202268,68000000,68000000
4,136,68000000,68000100,161814,202268,68500000,68500000
4,137,68500000,68500100,161814,202268,69000000,69000000
4,138,69000000,69000100,161814,202268,69500000,69500000
4,139,69500000,69500100,161814,202268,70000000,70000000
4,140,70000000,70000100,161814,202268,70500000,70500000
4,141,70500000,70500100,161814,202268,71000000,71000000
4,142,71000000,71000100,161814,202268,71500000,71500000
4,143,71500000,71500100,161814,202268,72000000,72000000
4,144,72000000,72000100,161814,202268,72500000,72500000
4,145,72500000,72500100,161814,202268,73000000,73000000
4,146,73000000,73000100,161814,202268,73500000,73500000
4,147,73500000,73500100,161814,202268,74000000,74000000
4,148,74000000,74000100,161814,202268,74500000,74500000
4,149,74500000,74500100,161814,202268,75000000,75000000
4,150,75000000,75000100,161814,202268,75500000,75500000
4,151,75500000,75500100,161814,202268,76000000,76000000
4,152,76000000,76000100,161814,202268,76500000,76500000
4,153,76500000,76500100,161814,202268,77000000,77000000
4,154,77000000,77000100,161814,202268,77500000,77500000
4,155,77500000,77500100,161814,202268,78000000,78000000
4,156,78000000,78000100,161814,202268,78500000,78500000
4,157,78500000,78500100,161814,202268,79000000,79000000
4,158,79000000,79000100,161814,202268,79500000,79500000
4,159,79500000,79500100,161814,202268,80000000,80000000
4,160,80000000,80000100,161814,202268,80500000,80500000
4,161,80500000,80500100,161814,202268,81000000,81000000
4,162,81000000,81000100,161814,202268,81500000,81500000
4,163,81500000,81500100,161814,202268,82000000,82000000
4,164,82000000,82000100,161814,202268,82500000,82500000
4,165,82500000,82500100,161814,202268,83000000,83000000
4,166,83000000,83000100,161814,202268,83500000,83500000
4,167,83500000,83500100,161814,202268,84000000,84000000
4,168,84000000,84000100,161814,202268,84500000,84500000
4,169,84500000,84500100,161814,202268,85000000,85000000
4,170,85000000,85000100,161814,202268,85500000,85500000
4,171,85500000,85500100,161814,202268,86000000,86000000
4,172,86000000,86000100,161814,202268,86500000,86500000
4,173,86500000,86500100,161814,202268,87000000,87000000
4,174,87000000,87000100,161814,202268,87500000,87500000
4,175,87500000,87500100,161814,202268,88000000,88000000
4,176,88000000,88000100,161814,202268,88500000,88500000
4,177,88500000,88500100,161814,202268,89000000,89000000
4,178,89000000,89000100,161814,202268,89500000,89500000
4,179,89500000,89500100,161814,202268,90000000,90000000
4,180,90000000,90000100,161814,202268,90500000,90500000
4,181,90500000,90500100,161814,202268,91000000,91000000
4,182,91000000,91000100,161814,202268,91500000,91500000
4,183,91500000,91500100,161814,202268,92000000,92000000
4,184,92000000,92000100,161814,202268,92500000,92500000
4,185,92500000,92500100,161814,202268,93000000,93000000
4,186,93000000,93000100,161814,202268,93500000,93500000
4,187,93500000,93500100,161814,202268,94000000,94000000
4,188,94000000,94000100,161814,202268,94500000,94500000
4,189,94500000,94500100,161814,202268,95000000,95000000
4,190,95000000,95000100,161814,202268,95500000,95500000
4,191,95500000,95500100,161814,202268,96000000,96000000
4,192,96000000,96000100,161814,202268,96500000,96500000
4,193,96500000,96500100,161814,202268,97000000,97000000
4,194,97000000,97000100,161814,202268,97500000,97500000
4,195,97500000,97500100,161814,202268,98000000,98000000
4,196,98000000,98000100,161814,202268,98500000,98500000
4,197,98500000,98500100,161814,202268,99000000,99000000
4,198,99000000,99000100,161814,202268,99500000,99500000
4,199,99500000,99500100,161814,202268,100000000,100000000
4,200,100000000,100000100,161814,202268,100500000,100500000
4,201,100500000,100500100,161814,202268,101000000,101000000
4,202,101000000,101000100,161814,202268,101500000,101500000
4,203,101500000,101500100,161814,202268,102000000,102000000
4,204,102000000,102000100,161814,202268,102500000,102500000
4,205,102500000,102500100,161814,202268,103000000,103000000
4,206,103000000,103000100,161814,202268,103500000,103500000
4,207,103500000,103500100,161814,202268,104000000,104000000
4,208,104000000,104000100,161814,202268,104500000,104500000
4,209,104500000,104500100,161814,202268,105000000,105000000
4,210,105000000,105000100,161814,202268,105500000,105500000
4,211,105500000,105500100,161814,202268,106000000,106000000
4,212,106000000,106000100,161814,202268,106500000,106500000
4,213,106500000,106500100,161814,202268,107000000,107000000
4,214,107000000,107000100,161814,202268,107500000,107500000
4,215,107500000,107500100,161814,202268,108000000,108000000
4,216,108000000,108000100,161814,202268,108500000,108500000
4,217,108500000,108500100,161814,202268,109000000,109000000
4,218,109000000,109000100,161814,202268,109500000,109500000
4,219,109500000,109500100,161814,202268,110000000,110000000
4,220,110000000,110000100,161814,202268,110500000,110500000
4,221,110500000,110500100,161814,202268,111000000,111000000
4,222,111000000,111000100,161814,202268,111500000,111500000
4,223,111500000,111500100,161814,202268,112000000,112000000
4,224,112000000,112000100,161814,202268,112500000,112500000
4,225,112500000,112500100,161814,202268,113000000,113000000
4,226,113000000,113000100,161814,202268,113500000,113500000
4,227,113500000,113500100,161814,202268,114000000,114000000
4,228,114000000,114000100,161814,202268,114500000,114500000
4,229,114500000,114500100,161814,202268,115000000,115000000
4,230,115000000,115000100,161814,202268,115500000,115500000
4,231,115500000,115500100,161814,202268,116000000,116000000
4,232,116000000,116000100,161814,202268,116500000,116500000
4,233,116500000,116500100,161814,202268,117000000,117000000
4,234,117000000,117000100,161814,202268,117500000,117500000
4,235,117500000,117500100,161814,202268,118000000,118000000
4,236,118000000,118000100,161814,202268,118500000,118500000
4,237,118500000,118500100,161814,202268,119000000,119000000
4,238,119000000,119000100,161814,202268,119500000,119500000
4,239,119500000,119500100,161814,202268,120000000,120000000
4,240,120000000,120000100,161814,202268,120500000,120500000
4,241,120500000,120500100,161814,202268,121000000,121000000
4,242,121000000,121000100,161814,202268,121500000,121500000
4,243,121500000,121500100,161814,202268,122000000,122000000
4,244,122000000,122000100,161814,202268,122500000,122500000
4,245,122500000,122500100,161814,202268,123000000,123000000
4,246,123000000,123000100,161814,202268,123500000,123500000
4,247,123500000,123500100,161814,202268,124000000,124000000
4,248,124000000,124000100,161814,202268,124500000,124500000
4,249,124500000,124500100,161814,202268,125000000,125000000
4,250,125000000,125000100,161814,202268,125500000,125500000
4,251,125500000,125500100,161814,202268,126000000,126000000
4,252,126000000,126000100,161814,202268,126500000,126500000
4,253,126500000,126500100,161814,202268,127000000,127000000
4,254,127000000,127000100,161814,202268,127500000,127500000
4,255,127500000,127500100,161814,202268,128000000,128000000
4,256,128000000,128000100,161814,202268,128500000,128500000
4,257,128500000,128500100,161814,202268,129000000,129000000
4,258,129000000,129000100,161814,202268,129500000,129500000
4,259,129500000,129500100,161814,202268,130000000,130000000
4,260,130000000,130000100,161814,202268,130500000,130500000
4,261,130500000,130500100,161814,202268,131000000,131000000
4,262,131000000,131000100,161814,202268,131500000,131500000
4,263,131500000,131500100,161814,202268,132000000,132000000
4,264,132000000,132000100,161814,202268,132500000,132500000
4,265,132500000,132500100,161814,202268,133000000,133000000
4,266,133000000,133000100,161814,202268,133500000,133500000
4,267,133500000,133500100,161814,202268,134000000,134000000
4,268,134000000,134000100,161814,202268,134500000,134500000
4,269,134500000,134500100,161814,202268,135000000,135000000
4,270,135000000,135000100,161814,202268,135500000,135500000
4,271,135500000,135500100,161814,202268,136000000,136000000
4,272,136000000,136000100,161814,202268,136500000,136500000
5,0,0,100,242559,303199,650000,650000
5,1,650000,650100,242559,303199,1300000,1300000
5,2,1300000,1300100,242559,303199,1950000,1950000
5,3,1950000,1950100,242559,303199,2600000,2600000
5,4,2600000,2600100,242559,303199,3250000,3250000
5,5,3250000,3250100,242559,303199,3900000,3900000
5,6,3900000,3900100,242559,303199,4550000,4550000
5,7,4550000,4550100,242559,303199,5200000,5200000
5,8,5200000,5200100,242559,303199,5850000,5850000
5,9,5850000,5850100,242559,303199,6500000,6500000
5,10,6500000,6500100,242559,303199,7150000,7150000
5,11,7150000,7150100,242559,303199,7800000,7800000
5,12,7800000,7800100,242559,303199,8450000,8450000
5,13,8450000,8450100,242559,303199,9100000,9100000
5,14,9100000,9100100,242559,303199,9750000,9750000
5,15,9750000,9750100,242559,303199,10400000,10400000
5,16,10400000,10400100,242559,303199,11050000,11050000
5,17,11050000,11050100,242559,303199,11700000,11700000
5,18,11700000,11700100,242559,303199,12350000,12350000
5,19,12350000,12350100,242559,303199,13000000,13000000
5,20,13000000,13000100,242559,303199,13650000,13650000
5,21,13650000,13650100,242559,303199,14300000,14300000
5,22,14300000,14300100,242559,303199,14950000,14950000
5,23,14950000,14950100,242559,303199,15600000,15600000
5,24,15600000,15600100,242559,303199,16250000,16250000
5,25,16250000,16250100,242559,303199,16900000,16900000
5,26,16900000,16900100,242559,303199,17550000,17550000
5,27,17550000,17550100,242559,303199,18200000,18200000
5,28,18200000,18200100,242559,303199,18850000,18850000
5,29,18850000,18850100,242559,303199,19500000,19500000
5,30,19500000,19500100,242559,303199,20150000,20150000
5,31,20150000,20150100,242559,303199,20800000,20800000
5,32,20800000,20800100,242559,303199,21450000,21450000
5,33,21450000,21450100,242559,303199,22100000,22100000
5,34,22100000,22100100,242559,303199,22750000,22750000
5,35,22750000,22750100,242559,303199,23400000,23400000
5,36,23400000,23400100,242559,303199,24050000,24050000
5,37,24050000,24050100,242559,303199,24700000,24700000
5,38,24700000,24700100,242559,303199,25350000,25350000
5,39,25350000,25350100,242559,303199,26000000,26000000
5,40,26000000,26000100,242559,303199,26650000,26650000
5,41,26650000,26650100,242559,303199,27300000,27300000
5,42,27300000,27300100,242559,303199,27950000,27950000
5,43,27950000,27950100,242559,303199,28600000,28600000
5,44,28600000,28600100,242559,303199,29250000,29250000
5,45,29250000,29250100,242559,303199,29900000,29900000
5,46,29900000,29900100,242559,303199,30550000,30550000
5,47,30550000,30550100,242559,303199,31200000,31200000
5,48,31200000,31200100,242559,303199,31850000,31850000
5,49,31850000,31850100,242559,303199,32500000,32500000
5,50,32500000,32500100,242559,303199,33150000,33150000
5,51,33150000,33150100,242559,303199,33800000,33800000
5,52,33800000,33800100,242559,303199,34450000,34450000
5,53,34450000,34450100,242559,303199,35100000,35100000
5,54,35100000,35100100,242559,303199,35750000,35750000
5,55,35750000,35750100,242559,303199,36400000,36400000
5,56,36400000,36400100,242559,303199,37050000,37050000
5,57,37050000,37050100,242559,303199,37700000,37700000
5,58,37700000,37700100,242559,303199,38350000,38350000
5,59,38350000,38350100,242559,303199,39000000,39000000
5,60,39000000,39000100,242559,303199,39650000,39650000
5,61,39650000,39650100,242559,303199,40300000,40300000
5,62,40300000,40300100,242559,303199,40950000,40950000
5,63,40950000,40950100,242559,303199,41600000,41600000
5,64,41600000,41600100,242559,303199,42250000,42250000
5,65,42250000,42250100,242559,303199,42900000,42900000
5,66,42900000,42900100,242559,303199,43550000,43550000
5,67,43550000,43550100,242559,303199,44200000,44200000
5,68,44200000,44200100,242559,303199,44850000,44850000
5,69,44850000,44850100,242559,303199,45500000,45500000
5,70,45500000,45500100,242559,303199,46150000,46150000
5,71,46150000,46150100,242559,303199,46800000,46800000
5,72,46800000,46800100,242559,303199,47450000,47450000
5,73,47450000,47450100,242559,303199,48100000,48100000
5,74,48100000,48100100,242559,303199,48750000,48750000
5,75,48750000,48750100,242559,303199,49400000,49400000
5,76,49400000,49400100,242559,303199,50050000,50050000
5,77,50050000,50050100,242559,303199,50700000,50700000
5,78,50700000,50700100,242559,303199,51350000,51350000
5,79,51350000,51350100,242559,303199,52000000,52000000
5,80,52000000,52000100,242559,303199,52650000,52650000
5,81,52650000,52650100,242559,303199,53300000,53300000
5,82,53300000,53300100,242559,303199,53950000,53950000
5,83,53950000,53950100,242559,303199,54600000,54600000
5,84,54600000,54600100,242559,303199,55250000,55250000
5,85,55250000,55250100,242559,303199,55900000,55900000
5,86,55900000,55900100,242559,303199,56550000,56550000
5,87,56550000,56550100,242559,303199,57200000,57200000
5,88,57200000,57200100,242559,303199,57850000,57850000
5,89,57850000,57850100,242559,303199,58500000,58500000
5,90,58500000,58500100,242559,303199,59150000,59150000
5,91,59150000,59150100,242559,303199,59800000,59800000
5,92,59800000,59800100,242559,303199,60450000,60450000
5,93,60450000,60450100,242559,303199,61100000,61100000
5,94,61100000,61100100,242559,303199,61750000,61750000
5,95,61750000,61750100,242559,303199,62400000,62400000
5,96,62400000,62400100,242559,303199,63050000,63050000
5,97,63050000,63050100,242559,303199,63700000,63700000
5,98,63700000,63700100,242559,303199,64350000,64350000
5,99,64350000,64350100,242559,303199,65000000,65000000
5,100,65000000,65000100,242559,303199,65650000,65650000
5,101,65650000,65650100,242559,303199,66300000,66300000
5,102,66300000,66300100,242559,303199,66950000,66950000
5,103,66950000,66950100,242559,303199,67600000,67600000
5,104,67600000,67600100,242559,303199,68250000,68250000
5,105,68250000,68250100,242559,303199,68900000,68900000
5,106,68900000,68900100,242559,303199,69550000,69550000
5,107,69550000,69550100,242559,303199,70200000,70200000
5,108,70200000,70200100,242559,303199,70850000,70850000
5,109,70850000,70850100,242559,303199,71500000,71500000
5,110,71500000,71500100,242559,303199,72150000,72150000
5,111,72150000,72150100,242559,303199,72800000,72800000
5,112,72800000,72800100,242559,303199,73450000,73450000
5,113,73450000,73450100,242559,303199,74100000,74100000
5,114,74100000,74100100,242559,303199,74750000,74750000
5,115,74750000,74750100,242559,303199,75400000,75400000
5,116,75400000,75400100,242559,303199,76050000,76050000
5,117,76050000,76050100,242559,303199,76700000,76700000
5,118,76700000,76700100,242559,303199,77350000,77350000
5,119,77350000,77350100,242559,303199,78000000,78000000
5,120,78000000,78000100,242559,303199,78650000,78650000
5,121,78650000,78650100,242559,303199,79300000,79300000
5,122,79300000,79300100,242559,303199,79950000,79950000
5,123,79950000,79950100,242559,303199,80600000,80600000
5,124,80600000,80600100,242559,303199,81250000,81250000
5,125,81250000,81250100,242559,303199,81900000,81900000
5,126,81900000,81900100,242559,303199,82550000,82550000
5,127,82550000,82550100,242559,303199,83200000,83200000
5,128,83200000,83200100,242559,303199,83850000,83850000
5,129,83850000,83850100,242559,303199,84500000,84500000
5,130,84500000,84500100,242559,303199,85150000,85150000
5,131,85150000,85150100,242559,303199,85800000,85800000
5,132,85800000,85800100,242559,303199,86450000,86450000
5,133,86450000,86450100,242559,303199,87100000,87100000
5,134,87100000,87100100,242559,303199,87750000,87750000
5,135,87750000,87750100,242559,303199,88400000,88400000
5,136,88400000,88400100,242559,303199,89050000,89050000
5,137,89050000,89050100,242559,303199,89700000,89700000
5,138,89700000,89700100,242559,303199,90350000,90350000
5,139,90350000,90350100,242559,303199,91000000,91000000
5,140,91000000,91000100,242559,303199,91650000,91650000
5,141,91650000,91650100,242559,303199,92300000,92300000
5,142,92300000,92300100,242559,303199,92950000,92950000
5,143,92950000,92950100,242559,303199,93600000,93600000
5,144,93600000,93600100,242559,303199,94250000,94250000
5,145,94250000,94250100,242559,303199,94900000,94900000
5,146,94900000,94900100,242559,303199,95550000,95550000
5,147,95550000,95550100,242559,303199,96200000,96200000
5,148,96200000,96200100,242559,303199,96850000,96850000
5,149,96850000,96850100,242559,303199,97500000,97500000
5,150,97500000,97500100,242559,303199,98150000,98150000
5,151,98150000,98150100,242559,303199,98800000,98800000
5,152,98800000,98800100,242559,303199,99450000,99450000
5,153,99450000,99450100,242559,303199,100100000,100100000
5,154,100100000,100100100,242559,303199,100750000,100750000
5,155,100750000,100750100,242559,303199,101400000,101400000
5,156,101400000,101400100,242559,303199,102050000,102050000
5,157,102050000,102050100,242559,303199,102700000,102700000
5,158,102700000,102700100,242559,303199,103350000,103350000
5,159,103350000,103350100,242559,303199,104000000,104000000
5,160,104000000,104000100,242559,303199,104650000,104650000
5,161,104650000,104650100,242559,303199,105300000,105300000
5,162,105300000,105300100,242559,303199,105950000,105950000
5,163,105950000,105950100,242559,303199,106600000,106600000
5,164,106600000,106600100,242559,303199,107250000,107250000
5,165,107250000,107250100,242559,303199,107900000,107900000
5,166,107900000,107900100,242559,303199,108550000,108550000
5,167,108550000,108550100,242559,303199,109200000,109200000
5,168,109200000,109200100,242559,303199,109850000,109850000
5,169,109850000,109850100,242559,303199,110500000,110500000
5,170,110500000,110500100,242559,303199,111150000,111150000
5,171,111150000,111150100,242559,303199,111800000,111800000
5,172,111800000,111800100,242559,303199,112450000,112450000
5,173,112450000,112450100,242559,303199,113100000,113100000
5,174,113100000,113100100,242559,303199,113750000,113750000
5,175,113750000,113750100,242559,303199,114400000,114400000
5,176,114400000,114400100,242559,303199,115050000,115050000
5,177,115050000,115050100,242559,303199,115700000,115700000
5,178,115700000,115700100,242559,303199,116350000,116350000
5,179,116350000,116350100,242559,303199,117000000,117000000
5,180,117000000,117000100,242559,303199,117650000,117650000
5,181,117650000,117650100,242559,303199,118300000,118300000
5,182,118300000,118300100,242559,303199,118950000,118950000
5,183,118950000,118950100,242559,303199,119600000,119600000
5,184,119600000,119600100,242559,303199,120250000,120250000
5,185,120250000,120250100,242559,303199,120900000,120900000
5,186,120900000,120900100,242559,303199,121550000,121550000
5,187,121550000,121550100,242559,303199,122200000,122200000
5,188,122200000,122200100,242559,303199,122850000,122850000
5,189,122850000,122850100,242559,303199,123500000,123500000
5,190,123500000,123500100,242559,303199,124150000,124150000
5,191,124150000,124150100,242559,303199,124800000,124800000
5,192,124800000,124800100,242559,303199,125450000,125450000
5,193,125450000,125450100,242559,303199,126100000,126100000
5,194,126100000,126100100,242559,303199,126750000,126750000
5,195,126750000,126750100,242559,303199,127400000,127400000
5,196,127400000,127400100,242559,303199,128050000,128050000
5,197,128050000,128050100,242559,303199,128700000,128700000
5,198,128700000,128700100,242559,303199,129350000,129350000
5,199,129350000,129350100,242559,303199,130000000,130000000
5,200,130000000,130000100,242559,303199,130650000,130650000
5,201,130650000,130650100,242559,303199,131300000,131300000
5,202,131300000,131300100,242559,303199,131950000,131950000
5,203,131950000,131950100,242559,303199,132600000,132600000
5,204,132600000,132600100,242559,303199,133250000,133250000
5,205,133250000,133250100,242559,303199,133900000,133900000
5,206,133900000,133900100,242559,303199,134550000,134550000
5,207,134550000,134550100,242559,303199,135200000,135200000
5,208,135200000,135200100,242559,303199,135850000,135850000
5,209,135850000,135850100,242559,303199,136500000,136500000
