Task ID,Job ID,Arrival min,Arrival max,Cost min,Cost max,Deadline,Priority
0,0,0,100,10896,18160,100000,100000
0,1,100000,100100,10896,18160,200000,200000
0,2,200000,200100,10896,18160,300000,300000
0,3,300000,300100,10896,18160,400000,400000
0,4,400000,400100,10896,18160,500000,500000
0,5,500000,500100,10896,18160,600000,600000
0,6,600000,600100,10896,18160,700000,700000
0,7,700000,700100,10896,18160,800000,800000
0,8,800000,800100,10896,18160,900000,900000
0,9,900000,900100,10896,18160,1000000,1000000
0,10,1000000,1000100,10896,18160,1100000,1100000
0,11,1100000,1100100,10896,18160,1200000,1200000
0,12,1200000,1200100,10896,18160,1300000,1300000
0,13,1300000,1300100,10896,18160,1400000,1400000
0,14,1400000,1400100,10896,18160,1500000,1500000
0,15,1500000,1500100,10896,18160,1600000,1600000
0,16,1600000,1600100,10896,18160,1700000,1700000
0,17,1700000,1700100,10896,18160,1800000,1800000
0,18,1800000,1800100,10896,18160,1900000,1900000
0,19,1900000,1900100,10896,18160,2000000,2000000
0,20,2000000,2000100,10896,18160,2100000,2100000
0,21,2100000,2100100,10896,18160,2200000,2200000
0,22,2200000,2200100,10896,18160,2300000,2300000
0,23,2300000,2300100,10896,18160,2400000,2400000
0,24,2400000,2400100,10896,18160,2500000,2500000
0,25,2500000,2500100,10896,18160,2600000,2600000
0,26,2600000,2600100,10896,18160,2700000,2700000
0,27,2700000,2700100,10896,18160,2800000,2800000
0,28,2800000,2800100,10896,18160,2900000,2900000
0,29,2900000,2900100,10896,18160,3000000,3000000
0,30,3000000,3000100,10896,18160,3100000,3100000
0,31,3100000,3100100,10896,18160,3200000,3200000
0,32,3200000,3200100,10896,18160,3300000,3300000
0,33,3300000,3300100,10896,18160,3400000,3400000
0,34,3400000,3400100,10896,18160,3500000,3500000
0,35,3500000,3500100,10896,18160,3600000,3600000
0,36,3600000,3600100,10896,18160,3700000,3700000
0,37,3700000,3700100,10896,18160,3800000,3800000
0,38,3800000,3800100,10896,18160,3900000,3900000
0,39,3900000,3900100,10896,18160,4000000,4000000
0,40,4000000,4000100,10896,18160,4100000,4100000
0,41,4100000,4100100,10896,18160,4200000,4200000
0,42,4200000,4200100,10896,18160,4300000,4300000
0,43,4300000,4300100,10896,18160,4400000,4400000
0,44,4400000,4400100,10896,18160,4500000,4500000
0,45,4500000,4500100,10896,18160,4600000,4600000
0,46,4600000,4600100,10896,18160,4700000,4700000
0,47,4700000,4700100,10896,18160,4800000,4800000
0,48,4800000,4800100,10896,18160,4900000,4900000
0,49,4900000,4900100,10896,18160,5000000,5000000
0,50,5000000,5000100,10896,18160,5100000,5100000
0,51,5100000,5100100,10896,18160,5200000,5200000
0,52,5200000,5200100,10896,18160,5300000,5300000
0,53,5300000,5300100,10896,18160,5400000,5400000
0,54,5400000,5400100,10896,18160,5500000,5500000
0,55,5500000,5500100,10896,18160,5600000,5600000
0,56,5600000,5600100,10896,18160,5700000,5700000
0,57,5700000,5700100,10896,18160,5800000,5800000
0,58,5800000,5800100,10896,18160,5900000,5900000
0,59,5900000,5900100,10896,18160,6000000,6000000
0,60,6000000,6000100,10896,18160,6100000,6100000
0,61,6100000,6100100,10896,18160,6200000,6200000
0,62,6200000,6200100,10896,18160,6300000,6300000
0,63,6300000,6300100,10896,18160,6400000,6400000
0,64,6400000,6400100,10896,18160,6500000,6500000
0,65,6500000,6500100,10896,18160,6600000,6600000
0,66,6600000,6600100,10896,18160,6700000,6700000
0,67,6700000,6700100,10896,18160,6800000,6800000
0,68,6800000,6800100,10896,18160,6900000,6900000
0,69,6900000,6900100,10896,18160,7000000,7000000
0,70,7000000,7000100,10896,18160,7100000,7100000
0,71,7100000,7100100,10896,18160,7200000,7200000
0,72,7200000,7200100,10896,18160,7300000,7300000
0,73,7300000,7300100,10896,18160,7400000,7400000
0,74,7400000,7400100,10896,18160,7500000,7500000
0,75,7500000,7500100,10896,18160,7600000,7600000
0,76,7600000,7600100,10896,18160,7700000,7700000
0,77,7700000,7700100,10896,18160,7800000,7800000
0,78,7800000,7800100,10896,18160,7900000,7900000
0,79,7900000,7900100,10896,18160,8000000,8000000
0,80,8000000,8000100,10896,18160,8100000,8100000
0,81,8100000,8100100,10896,18160,8200000,8200000
0,82,8200000,8200100,10896,18160,8300000,8300000
0,83,8300000,8300100,10896,18160,8400000,8400000
0,84,8400000,8400100,10896,18160,8500000,8500000
0,85,8500000,8500100,10896,18160,8600000,8600000
0,86,8600000,8600100,10896,18160,8700000,8700000
0,87,8700000,8700100,10896,18160,8800000,8800000
0,88,8800000,8800100,10896,18160,8900000,8900000
0,89,8900000,8900100,10896,18160,9000000,9000000
0,90,9000000,9000100,10896,18160,9100000,9100000
0,91,9100000,9100100,10896,18160,9200000,9200000
0,92,9200000,9200100,10896,18160,9300000,9300000
0,93,9300000,9300100,10896,18160,9400000,9400000
0,94,9400000,9400100,10896,18160,9500000,9500000
0,95,9500000,9500100,10896,18160,9600000,9600000
0,96,9600000,9600100,10896,18160,9700000,9700000
0,97,9700000,9700100,10896,18160,9800000,9800000
0,98,9800000,9800100,10896,18160,9900000,9900000
0,99,9900000,9900100,10896,18160,10000000,10000000
0,100,10000000,10000100,10896,18160,10100000,10100000
0,101,10100000,10100100,10896,18160,10200000,10200000
0,102,10200000,10200100,10896,18160,10300000,10300000
0,103,10300000,10300100,10896,18160,10400000,10400000
0,104,10400000,10400100,10896,18160,10500000,10500000
0,105,10500000,10500100,10896,18160,10600000,10600000
0,106,10600000,10600100,10896,18160,10700000,10700000
0,107,10700000,10700100,10896,18160,10800000,10800000
0,108,10800000,10800100,10896,18160,10900000,10900000
0,109,10900000,10900100,10896,18160,11000000,11000000
0,110,11000000,11000100,10896,18160,11100000,11100000
0,111,11100000,11100100,10896,18160,11200000,11200000
0,112,11200000,11200100,10896,18160,11300000,11300000
0,113,11300000,11300100,10896,18160,11400000,11400000
0,114,11400000,11400100,10896,18160,11500000,11500000
0,115,11500000,11500100,10896,18160,11600000,11600000
0,116,11600000,11600100,10896,18160,11700000,11700000
0,117,11700000,11700100,10896,18160,11800000,11800000
0,118,11800000,11800100,10896,18160,11900000,11900000
0,119,11900000,11900100,10896,18160,12000000,12000000
0,120,12000000,12000100,10896,18160,12100000,12100000
0,121,12100000,12100100,10896,18160,12200000,12200000
0,122,12200000,12200100,10896,18160,12300000,12300000
0,123,12300000,12300100,10896,18160,12400000,12400000
0,124,12400000,12400100,10896,18160,12500000,12500000
0,125,12500000,12500100,10896,18160,12600000,12600000
0,126,12600000,12600100,10896,18160,12700000,12700000
0,127,12700000,12700100,10896,18160,12800000,12800000
0,128,12800000,12800100,10896,18160,12900000,12900000
0,129,12900000,12900100,10896,18160,13000000,13000000
0,130,13000000,13000100,10896,18160,13100000,13100000
0,131,13100000,13100100,10896,18160,13200000,13200000
0,132,13200000,13200100,10896,18160,13300000,13300000
0,133,13300000,13300100,10896,18160,13400000,13400000
0,134,13400000,13400100,10896,18160,13500000,13500000
0,135,13500000,13500100,10896,18160,13600000,13600000
0,136,13600000,13600100,10896,18160,13700000,13700000
0,137,13700000,13700100,10896,18160,13800000,13800000
0,138,13800000,13800100,10896,18160,13900000,13900000
0,139,13900000,13900100,10896,18160,14000000,14000000
0,140,14000000,14000100,10896,18160,14100000,14100000
0,141,14100000,14100100,10896,18160,14200000,14200000
0,142,14200000,14200100,10896,18160,14300000,14300000
0,143,14300000,14300100,10896,18160,14400000,14400000
0,144,14400000,14400100,10896,18160,14500000,14500000
0,145,14500000,14500100,10896,18160,14600000,14600000
0,146,14600000,14600100,10896,18160,14700000,14700000
0,147,14700000,14700100,10896,18160,14800000,14800000
0,148,14800000,14800100,10896,18160,14900000,14900000
0,149,14900000,14900100,10896,18160,15000000,15000000
0,150,15000000,15000100,10896,18160,15100000,15100000
0,151,15100000,15100100,10896,18160,15200000,15200000
0,152,15200000,15200100,10896,18160,15300000,15300000
0,153,15300000,15300100,10896,18160,15400000,15400000
0,154,15400000,15400100,10896,18160,15500000,15500000
0,155,15500000,15500100,10896,18160,15600000,15600000
0,156,15600000,15600100,10896,18160,15700000,15700000
0,157,15700000,15700100,10896,18160,15800000,15800000
0,158,15800000,15800100,10896,18160,15900000,15900000
0,159,15900000,15900100,10896,18160,16000000,16000000
0,160,16000000,16000100,10896,18160,16100000,16100000
0,161,16100000,16100100,10896,18160,16200000,16200000
0,162,16200000,16200100,10896,18160,16300000,16300000
0,163,16300000,16300100,10896,18160,16400000,16400000
0,164,16400000,16400100,10896,18160,16500000,16500000
0,165,16500000,16500100,10896,18160,16600000,16600000
0,166,16600000,16600100,10896,18160,16700000,16700000
0,167,16700000,16700100,10896,18160,16800000,16800000
0,168,16800000,16800100,10896,18160,16900000,16900000
0,169,16900000,16900100,10896,18160,17000000,17000000
0,170,17000000,17000100,10896,18160,17100000,17100000
0,171,17100000,17100100,10896,18160,17200000,17200000
0,172,17200000,17200100,10896,18160,17300000,17300000
0,173,17300000,17300100,10896,18160,17400000,17400000
0,174,17400000,17400100,10896,18160,17500000,17500000
0,175,17500000,17500100,10896,18160,17600000,17600000
0,176,17600000,17600100,10896,18160,17700000,17700000
0,177,17700000,17700100,10896,18160,17800000,17800000
0,178,17800000,17800100,10896,18160,17900000,17900000
0,179,17900000,17900100,10896,18160,18000000,18000000
0,180,18000000,18000100,10896,18160,18100000,18100000
0,181,18100000,18100100,10896,18160,18200000,18200000
0,182,18200000,18200100,10896,18160,18300000,18300000
0,183,18300000,18300100,10896,18160,18400000,18400000
0,184,18400000,18400100,10896,18160,18500000,18500000
0,185,18500000,18500100,10896,18160,18600000,18600000
0,186,18600000,18600100,10896,18160,18700000,18700000
0,187,18700000,18700100,10896,18160,18800000,18800000
0,188,18800000,18800100,10896,18160,18900000,18900000
0,189,18900000,18900100,10896,18160,19000000,19000000
0,190,19000000,19000100,10896,18160,19100000,19100000
0,191,19100000,19100100,10896,18160,19200000,19200000
0,192,19200000,19200100,10896,18160,19300000,19300000
0,193,19300000,19300100,10896,18160,19400000,19400000
0,194,19400000,19400100,10896,18160,19500000,19500000
0,195,19500000,19500100,10896,18160,19600000,19600000
0,196,19600000,19600100,10896,18160,19700000,19700000
0,197,19700000,19700100,10896,18160,19800000,19800000
0,198,19800000,19800100,10896,18160,19900000,19900000
0,199,19900000,19900100,10896,18160,20000000,20000000
0,200,20000000,20000100,10896,18160,20100000,20100000
0,201,20100000,20100100,10896,18160,20200000,20200000
0,202,20200000,20200100,10896,18160,20300000,20300000
0,203,20300000,20300100,10896,18160,20400000,20400000
0,204,20400000,20400100,10896,18160,20500000,20500000
0,205,20500000,20500100,10896,18160,20600000,20600000
0,206,20600000,20600100,10896,18160,20700000,20700000
0,207,20700000,20700100,10896,18160,20800000,20800000
0,208,20800000,20800100,10896,18160,20900000,20900000
0,209,20900000,20900100,10896,18160,21000000,21000000
0,210,21000000,21000100,10896,18160,21100000,21100000
0,211,21100000,21100100,10896,18160,21200000,21200000
0,212,21200000,21200100,10896,18160,21300000,21300000
0,213,21300000,21300100,10896,18160,21400000,21400000
0,214,21400000,21400100,10896,18160,21500000,21500000
0,215,21500000,21500100,10896,18160,21600000,21600000
0,216,21600000,21600100,10896,18160,21700000,21700000
0,217,21700000,21700100,10896,18160,21800000,21800000
0,218,21800000,21800100,10896,18160,21900000,21900000
0,219,21900000,21900100,10896,18160,22000000,22000000
0,220,22000000,22000100,10896,18160,22100000,22100000
0,221,22100000,22100100,10896,18160,22200000,22200000
0,222,22200000,22200100,10896,18160,22300000,22300000
0,223,22300000,22300100,10896,18160,22400000,22400000
0,224,22400000,22400100,10896,18160,22500000,22500000
0,225,22500000,22500100,10896,18160,22600000,22600000
0,226,22600000,22600100,10896,18160,22700000,22700000
0,227,22700000,22700100,10896,18160,22800000,22800000
0,228,22800000,22800100,10896,18160,22900000,22900000
0,229,22900000,22900100,10896,18160,23000000,23000000
0,230,23000000,23000100,10896,18160,23100000,23100000
0,231,23100000,23100100,10896,18160,23200000,23200000
0,232,23200000,23200100,10896,18160,23300000,23300000
0,233,23300000,23300100,10896,18160,23400000,23400000
0,234,23400000,23400100,10896,18160,23500000,23500000
0,235,23500000,23500100,10896,18160,23600000,23600000
0,236,23600000,23600100,10896,18160,23700000,23700000
0,237,23700000,23700100,10896,18160,23800000,23800000
0,238,23800000,23800100,10896,18160,23900000,23900000
0,239,23900000,23900100,10896,18160,24000000,24000000
0,240,24000000,24000100,10896,18160,24100000,24100000
0,241,24100000,24100100,10896,18160,24200000,24200000
0,242,24200000,24200100,10896,18160,24300000,24300000
0,243,24300000,24300100,10896,18160,24400000,24400000
0,244,24400000,24400100,10896,18160,24500000,24500000
0,245,24500000,24500100,10896,18160,24600000,24600000
0,246,24600000,24600100,10896,18160,24700000,24700000
0,247,24700000,24700100,10896,18160,24800000,24800000
0,248,24800000,24800100,10896,18160,24900000,24900000
0,249,24900000,24900100,10896,18160,25000000,25000000
0,250,25000000,25000100,10896,18160,25100000,25100000
0,251,25100000,25100100,10896,18160,25200000,25200000
0,252,25200000,25200100,10896,18160,25300000,25300000
0,253,25300000,25300100,10896,18160,25400000,25400000
0,254,25400000,25400100,10896,18160,25500000,25500000
0,255,25500000,25500100,10896,18160,25600000,25600000
0,256,25600000,25600100,10896,18160,25700000,25700000
0,257,25700000,25700100,10896,18160,25800000,25800000
0,258,25800000,25800100,10896,18160,25900000,25900000
0,259,25900000,25900100,10896,18160,26000000,26000000
0,260,26000000,26000100,10896,18160,26100000,26100000
0,261,26100000,26100100,10896,18160,26200000,26200000
0,262,26200000,26200100,10896,18160,26300000,26300000
0,263,26300000,26300100,10896,18160,26400000,26400000
0,264,26400000,26400100,10896,18160,26500000,26500000
0,265,26500000,26500100,10896,18160,26600000,26600000
0,266,26600000,26600100,10896,18160,26700000,26700000
0,267,26700000,26700100,10896,18160,26800000,26800000
0,268,26800000,26800100,10896,18160,26900000,26900000
0,269,26900000,26900100,10896,18160,27000000,27000000
0,270,27000000,27000100,10896,18160,27100000,27100000
0,271,27100000,27100100,10896,18160,27200000,27200000
0,272,27200000,27200100,10896,18160,27300000,27300000
0,273,27300000,27300100,10896,18160,27400000,27400000
0,274,27400000,27400100,10896,18160,27500000,27500000
0,275,27500000,27500100,10896,18160,27600000,27600000
0,276,27600000,27600100,10896,18160,27700000,27700000
0,277,27700000,27700100,10896,18160,27800000,27800000
0,278,27800000,27800100,10896,18160,27900000,27900000
0,279,27900000,27900100,10896,18160,28000000,28000000
0,280,28000000,28000100,10896,18160,28100000,28100000
0,281,28100000,28100100,10896,18160,28200000,28200000
0,282,28200000,28200100,10896,18160,28300000,28300000
0,283,28300000,28300100,10896,18160,28400000,28400000
0,284,28400000,28400100,10896,18160,28500000,28500000
0,285,28500000,28500100,10896,18160,28600000,28600000
0,286,28600000,28600100,10896,18160,28700000,28700000
0,287,28700000,28700100,10896,18160,28800000,28800000
0,288,28800000,28800100,10896,18160,28900000,28900000
0,289,28900000,28900100,10896,18160,29000000,29000000
0,290,29000000,29000100,10896,18160,29100000,29100000
0,291,29100000,29100100,10896,18160,29200000,29200000
0,292,29200000,29200100,10896,18160,29300000,29300000
0,293,29300000,29300100,10896,18160,29400000,29400000
0,294,29400000,29400100,10896,18160,29500000,29500000
0,295,29500000,29500100,10896,18160,29600000,29600000
0,296,29600000,29600100,10896,18160,29700000,29700000
0,297,29700000,29700100,10896,18160,29800000,29800000
0,298,29800000,29800100,10896,18160,29900000,29900000
0,299,29900000,29900100,10896,18160,30000000,30000000
0,300,30000000,30000100,10896,18160,30100000,30100000
0,301,30100000,30100100,10896,18160,30200000,30200000
0,302,30200000,30200100,10896,18160,30300000,30300000
0,303,30300000,30300100,10896,18160,30400000,30400000
0,304,30400000,30400100,10896,18160,30500000,30500000
0,305,30500000,30500100,10896,18160,30600000,30600000
0,306,30600000,30600100,10896,18160,30700000,30700000
0,307,30700000,30700100,10896,18160,30800000,30800000
0,308,30800000,30800100,10896,18160,30900000,30900000
0,309,30900000,30900100,10896,18160,31000000,31000000
0,310,31000000,31000100,10896,18160,31100000,31100000
0,311,31100000,31100100,10896,18160,31200000,31200000
0,312,31200000,31200100,10896,18160,31300000,31300000
0,313,31300000,31300100,10896,18160,31400000,31400000
0,314,31400000,31400100,10896,18160,31500000,31500000
0,315,31500000,31500100,10896,18160,31600000,31600000
0,316,31600000,31600100,10896,18160,31700000,31700000
0,317,31700000,31700100,10896,18160,31800000,31800000
0,318,31800000,31800100,10896,18160,31900000,31900000
0,319,31900000,31900100,10896,18160,32000000,32000000
0,320,32000000,32000100,10896,18160,32100000,32100000
0,321,32100000,32100100,10896,18160,32200000,32200000
0,322,32200000,32200100,10896,18160,32300000,32300000
0,323,32300000,32300100,10896,18160,32400000,32400000
0,324,32400000,32400100,10896,18160,32500000,32500000
0,325,32500000,32500100,10896,18160,32600000,32600000
0,326,32600000,32600100,10896,18160,32700000,32700000
0,327,32700000,32700100,10896,18160,32800000,32800000
0,328,32800000,32800100,10896,18160,32900000,32900000
0,329,32900000,32900100,10896,18160,33000000,33000000
0,330,33000000,33000100,10896,18160,33100000,33100000
0,331,33100000,33100100,10896,18160,33200000,33200000
0,332,33200000,33200100,10896,18160,33300000,33300000
0,333,33300000,33300100,10896,18160,33400000,33400000
0,334,33400000,33400100,10896,18160,33500000,33500000
0,335,33500000,33500100,10896,18160,33600000,33600000
0,336,33600000,33600100,10896,18160,33700000,33700000
0,337,33700000,33700100,10896,18160,33800000,33800000
0,338,33800000,33800100,10896,18160,33900000,33900000
0,339,33900000,33900100,10896,18160,34000000,34000000
0,340,34000000,34000100,10896,18160,34100000,34100000
0,341,34100000,34100100,10896,18160,34200000,34200000
0,342,34200000,34200100,10896,18160,34300000,34300000
0,343,34300000,34300100,10896,18160,34400000,34400000
0,344,34400000,34400100,10896,18160,34500000,34500000
0,345,34500000,34500100,10896,18160,34600000,34600000
0,346,34600000,34600100,10896,18160,34700000,34700000
0,347,34700000,34700100,10896,18160,34800000,34800000
0,348,34800000,34800100,10896,18160,34900000,34900000
0,349,34900000,34900100,10896,18160,35000000,35000000
0,350,35000000,35000100,10896,18160,35100000,35100000
0,351,35100000,35100100,10896,18160,35200000,35200000
0,352,35200000,35200100,10896,18160,35300000,35300000
0,353,35300000,35300100,10896,18160,35400000,35400000
0,354,35400000,35400100,10896,18160,35500000,35500000
0,355,35500000,35500100,10896,18160,35600000,35600000
0,356,35600000,35600100,10896,18160,35700000,35700000
0,357,35700000,35700100,10896,18160,35800000,35800000
0,358,35800000,35800100,10896,18160,35900000,35900000
0,359,35900000,35900100,10896,18160,36000000,36000000
0,360,36000000,36000100,10896,18160,36100000,36100000
0,361,36100000,36100100,10896,18160,36200000,36200000
0,362,36200000,36200100,10896,18160,36300000,36300000
0,363,36300000,36300100,10896,18160,36400000,36400000
0,364,36400000,36400100,10896,18160,36500000,36500000
0,365,36500000,36500100,10896,18160,36600000,36600000
0,366,36600000,36600100,10896,18160,36700000,36700000
0,367,36700000,36700100,10896,18160,36800000,36800000
0,368,36800000,36800100,10896,18160,36900000,36900000
0,369,36900000,36900100,10896,18160,37000000,37000000
0,370,37000000,37000100,10896,18160,37100000,37100000
0,371,37100000,37100100,10896,18160,37200000,37200000
0,372,37200000,37200100,10896,18160,37300000,37300000
0,373,37300000,37300100,10896,18160,37400000,37400000
0,374,37400000,37400100,10896,18160,37500000,37500000
0,375,37500000,37500100,10896,18160,37600000,37600000
0,376,37600000,37600100,10896,18160,37700000,37700000
0,377,37700000,37700100,10896,18160,37800000,37800000
0,378,37800000,37800100,10896,18160,37900000,37900000
0,379,37900000,37900100,10896,18160,38000000,38000000
0,380,38000000,38000100,10896,18160,38100000,38100000
0,381,38100000,38100100,10896,18160,38200000,38200000
0,382,38200000,38200100,10896,18160,38300000,38300000
0,383,38300000,38300100,10896,18160,38400000,38400000
0,384,38400000,38400100,10896,18160,38500000,38500000
0,385,38500000,38500100,10896,18160,38600000,38600000
0,386,38600000,38600100,10896,18160,38700000,38700000
0,387,38700000,38700100,10896,18160,38800000,38800000
0,388,38800000,38800100,10896,18160,38900000,38900000
0,389,38900000,38900100,10896,18160,39000000,39000000
0,390,39000000,39000100,10896,18160,39100000,39100000
0,391,39100000,39100100,10896,18160,39200000,39200000
0,392,39200000,39200100,10896,18160,39300000,39300000
0,393,39300000,39300100,10896,18160,39400000,39400000
0,394,39400000,39400100,10896,18160,39500000,39500000
0,395,39500000,39500100,10896,18160,39600000,39600000
0,396,39600000,39600100,10896,18160,39700000,39700000
0,397,39700000,39700100,10896,18160,39800000,39800000
0,398,39800000,39800100,10896,18160,39900000,39900000
0,399,39900000,39900100,10896,18160,40000000,40000000
0,400,40000000,40000100,10896,18160,40100000,40100000
0,401,40100000,40100100,10896,18160,40200000,40200000
0,402,40200000,40200100,10896,18160,40300000,40300000
0,403,40300000,40300100,10896,18160,40400000,40400000
0,404,40400000,40400100,10896,18160,40500000,40500000
0,405,40500000,40500100,10896,18160,40600000,40600000
0,406,40600000,40600100,10896,18160,40700000,40700000
0,407,40700000,40700100,10896,18160,40800000,40800000
0,408,40800000,40800100,10896,18160,40900000,40900000
0,409,40900000,40900100,10896,18160,41000000,41000000
0,410,41000000,41000100,10896,18160,41100000,41100000
0,411,41100000,41100100,10896,18160,41200000,41200000
0,412,41200000,41200100,10896,18160,41300000,41300000
0,413,41300000,41300100,10896,18160,41400000,41400000
0,414,41400000,41400100,10896,18160,41500000,41500000
0,415,41500000,41500100,10896,18160,41600000,41600000
0,416,41600000,41600100,10896,18160,41700000,41700000
0,417,41700000,41700100,10896,18160,41800000,41800000
0,418,41800000,41800100,10896,18160,41900000,41900000
0,419,41900000,41900100,10896,18160,42000000,42000000
0,420,42000000,42000100,10896,18160,42100000,42100000
0,421,42100000,42100100,10896,18160,42200000,42200000
0,422,42200000,42200100,10896,18160,42300000,42300000
0,423,42300000,42300100,10896,18160,42400000,42400000
0,424,42400000,42400100,10896,18160,42500000,42500000
0,425,42500000,42500100,10896,18160,42600000,42600000
0,426,42600000,42600100,10896,18160,42700000,42700000
0,427,42700000,42700100,10896,18160,42800000,42800000
0,428,42800000,42800100,10896,18160,42900000,42900000
0,429,42900000,42900100,10896,18160,43000000,43000000
0,430,43000000,43000100,10896,18160,43100000,43100000
0,431,43100000,43100100,10896,18160,43200000,43200000
0,432,43200000,43200100,10896,18160,43300000,43300000
0,433,43300000,43300100,10896,18160,43400000,43400000
0,434,43400000,43400100,10896,18160,43500000,43500000
0,435,43500000,43500100,10896,18160,43600000,43600000
0,436,43600000,43600100,10896,18160,43700000,43700000
0,437,43700000,43700100,10896,18160,43800000,43800000
0,438,43800000,43800100,10896,18160,43900000,43900000
0,439,43900000,43900100,10896,18160,44000000,44000000
0,440,44000000,44000100,10896,18160,44100000,44100000
0,441,44100000,44100100,10896,18160,44200000,44200000
0,442,44200000,44200100,10896,18160,44300000,44300000
0,443,44300000,44300100,10896,18160,44400000,44400000
0,444,44400000,44400100,10896,18160,44500000,44500000
0,445,44500000,44500100,10896,18160,44600000,44600000
0,446,44600000,44600100,10896,18160,44700000,44700000
0,447,44700000,44700100,10896,18160,44800000,44800000
0,448,44800000,44800100,10896,18160,44900000,44900000
0,449,44900000,44900100,10896,18160,45000000,45000000
0,450,45000000,45000100,10896,18160,45100000,45100000
0,451,45100000,45100100,10896,18160,45200000,45200000
0,452,45200000,45200100,10896,18160,45300000,45300000
0,453,45300000,45300100,10896,18160,45400000,45400000
0,454,45400000,45400100,10896,18160,45500000,45500000
0,455,45500000,45500100,10896,18160,45600000,45600000
0,456,45600000,45600100,10896,18160,45700000,45700000
0,457,45700000,45700100,10896,18160,45800000,45800000
0,458,45800000,45800100,10896,18160,45900000,45900000
0,459,45900000,45900100,10896,18160,46000000,46000000
0,460,46000000,46000100,10896,18160,46100000,46100000
0,461,46100000,46100100,10896,18160,46200000,46200000
0,462,46200000,46200100,10896,18160,46300000,46300000
0,463,46300000,46300100,10896,18160,46400000,46400000
0,464,46400000,46400100,10896,18160,46500000,46500000
0,465,46500000,46500100,10896,18160,46600000,46600000
0,466,46600000,46600100,10896,18160,46700000,46700000
0,467,46700000,46700100,10896,18160,46800000,46800000
0,468,46800000,46800100,10896,18160,46900000,46900000
0,469,46900000,46900100,10896,18160,47000000,47000000
0,470,47000000,47000100,10896,18160,47100000,47100000
0,471,47100000,47100100,10896,18160,47200000,47200000
0,472,47200000,47200100,10896,18160,47300000,47300000
0,473,47300000,47300100,10896,18160,47400000,47400000
0,474,47400000,47400100,10896,18160,47500000,47500000
0,475,47500000,47500100,10896,18160,47600000,47600000
0,476,47600000,47600100,10896,18160,47700000,47700000
0,477,47700000,47700100,10896,18160,47800000,47800000
0,478,47800000,47800100,10896,18160,47900000,47900000
0,479,47900000,47900100,10896,18160,48000000,48000000
0,480,48000000,48000100,10896,18160,48100000,48100000
0,481,48100000,48100100,10896,18160,48200000,48200000
0,482,48200000,48200100,10896,18160,48300000,48300000
0,483,48300000,48300100,10896,18160,48400000,48400000
0,484,48400000,48400100,10896,18160,48500000,48500000
0,485,48500000,48500100,10896,18160,48600000,48600000
0,486,48600000,48600100,10896,18160,48700000,48700000
0,487,48700000,48700100,10896,18160,48800000,48800000
0,488,48800000,48800100,10896,18160,48900000,48900000
0,489,48900000,48900100,10896,18160,49000000,49000000
0,490,49000000,49000100,10896,18160,49100000,49100000
0,491,49100000,49100100,10896,18160,49200000,49200000
0,492,49200000,49200100,10896,18160,49300000,49300000
0,493,49300000,49300100,10896,18160,49400000,49400000
0,494,49400000,49400100,10896,18160,49500000,49500000
0,495,49500000,49500100,10896,18160,49600000,49600000
0,496,49600000,49600100,10896,18160,49700000,49700000
0,497,49700000,49700100,10896,18160,49800000,49800000
0,498,49800000,49800100,10896,18160,49900000,49900000
0,499,49900000,49900100,10896,18160,50000000,50000000
0,500,50000000,50000100,10896,18160,50100000,50100000
0,501,50100000,50100100,10896,18160,50200000,50200000
0,502,50200000,50200100,10896,18160,50300000,50300000
0,503,50300000,50300100,10896,18160,50400000,50400000
0,504,50400000,50400100,10896,18160,50500000,50500000
0,505,50500000,50500100,10896,18160,50600000,50600000
0,506,50600000,50600100,10896,18160,50700000,50700000
0,507,50700000,50700100,10896,18160,50800000,50800000
0,508,50800000,50800100,10896,18160,50900000,50900000
0,509,50900000,50900100,10896,18160,51000000,51000000
0,510,51000000,51000100,10896,18160,51100000,51100000
0,511,51100000,51100100,10896,18160,51200000,51200000
0,512,51200000,51200100,10896,18160,51300000,51300000
0,513,51300000,51300100,10896,18160,51400000,51400000
0,514,51400000,51400100,10896,18160,51500000,51500000
0,515,51500000,51500100,10896,18160,51600000,51600000
0,516,51600000,51600100,10896,18160,51700000,51700000
0,517,51700000,51700100,10896,18160,51800000,51800000
0,518,51800000,51800100,10896,18160,51900000,51900000
0,519,51900000,51900100,10896,18160,52000000,52000000
0,520,52000000,52000100,10896,18160,52100000,52100000
0,521,52100000,52100100,10896,18160,52200000,52200000
0,522,52200000,52200100,10896,18160,52300000,52300000
0,523,52300000,52300100,10896,18160,52400000,52400000
0,524,52400000,52400100,10896,18160,52500000,52500000
0,525,52500000,52500100,10896,18160,52600000,52600000
0,526,52600000,52600100,10896,18160,52700000,52700000
0,527,52700000,52700100,10896,18160,52800000,52800000
0,528,52800000,52800100,10896,18160,52900000,52900000
0,529,52900000,52900100,10896,18160,53000000,53000000
0,530,53000000,53000100,10896,18160,53100000,53100000
0,531,53100000,53100100,10896,18160,53200000,53200000
0,532,53200000,53200100,10896,18160,53300000,53300000
0,533,53300000,53300100,10896,18160,53400000,53400000
0,534,53400000,53400100,10896,18160,53500000,53500000
0,535,53500000,53500100,10896,18160,53600000,53600000
0,536,53600000,53600100,10896,18160,53700000,53700000
0,537,53700000,53700100,10896,18160,53800000,53800000
0,538,53800000,53800100,10896,18160,53900000,53900000
0,539,53900000,53900100,10896,18160,54000000,54000000
0,540,54000000,54000100,10896,18160,54100000,54100000
0,541,54100000,54100100,10896,18160,54200000,54200000
0,542,54200000,54200100,10896,18160,54300000,54300000
0,543,54300000,54300100,10896,18160,54400000,54400000
0,544,54400000,54400100,10896,18160,54500000,54500000
0,545,54500000,54500100,10896,18160,54600000,54600000
0,546,54600000,54600100,10896,18160,54700000,54700000
0,547,54700000,54700100,10896,18160,54800000,54800000
0,548,54800000,54800100,10896,18160,54900000,54900000
0,549,54900000,54900100,10896,18160,55000000,55000000
0,550,55000000,55000100,10896,18160,55100000,55100000
0,551,55100000,55100100,10896,18160,55200000,55200000
0,552,55200000,55200100,10896,18160,55300000,55300000
0,553,55300000,55300100,10896,18160,55400000,55400000
0,554,55400000,55400100,10896,18160,55500000,55500000
0,555,55500000,55500100,10896,18160,55600000,55600000
0,556,55600000,55600100,10896,18160,55700000,55700000
0,557,55700000,55700100,10896,18160,55800000,55800000
0,558,55800000,55800100,10896,18160,55900000,55900000
0,559,55900000,55900100,10896,18160,56000000,56000000
0,560,56000000,56000100,10896,18160,56100000,56100000
0,561,56100000,56100100,10896,18160,56200000,56200000
0,562,56200000,56200100,10896,18160,56300000,56300000
0,563,56300000,56300100,10896,18160,56400000,56400000
0,564,56400000,56400100,10896,18160,56500000,56500000
0,565,56500000,56500100,10896,18160,56600000,56600000
0,566,56600000,56600100,10896,18160,56700000,56700000
0,567,56700000,56700100,10896,18160,56800000,56800000
0,568,56800000,56800100,10896,18160,56900000,56900000
0,569,56900000,56900100,10896,18160,57000000,57000000
0,570,57000000,57000100,10896,18160,57100000,57100000
0,571,57100000,57100100,10896,18160,57200000,57200000
0,572,57200000,57200100,10896,18160,57300000,57300000
0,573,57300000,57300100,10896,18160,57400000,57400000
0,574,57400000,57400100,10896,18160,57500000,57500000
0,575,57500000,57500100,10896,18160,57600000,57600000
0,576,57600000,57600100,10896,18160,57700000,57700000
0,577,57700000,57700100,10896,18160,57800000,57800000
0,578,57800000,57800100,10896,18160,57900000,57900000
0,579,57900000,57900100,10896,18160,58000000,58000000
0,580,58000000,58000100,10896,18160,58100000,58100000
0,581,58100000,58100100,10896,18160,58200000,58200000
0,582,58200000,58200100,10896,18160,58300000,58300000
0,583,58300000,58300100,10896,18160,58400000,58400000
0,584,58400000,58400100,10896,18160,58500000,58500000
0,585,58500000,58500100,10896,18160,58600000,58600000
0,586,58600000,58600100,10896,18160,58700000,58700000
0,587,58700000,58700100,10896,18160,58800000,58800000
0,588,58800000,58800100,10896,18160,58900000,58900000
0,589,58900000,58900100,10896,18160,59000000,59000000
0,590,59000000,59000100,10896,18160,59100000,59100000
0,591,59100000,59100100,10896,18160,59200000,59200000
0,592,59200000,59200100,10896,18160,59300000,59300000
0,593,59300000,59300100,10896,18160,59400000,59400000
0,594,59400000,59400100,10896,18160,59500000,59500000
0,595,59500000,59500100,10896,18160,59600000,59600000
0,596,59600000,59600100,10896,18160,59700000,59700000
0,597,59700000,59700100,10896,18160,59800000,59800000
0,598,59800000,59800100,10896,18160,59900000,59900000
0,599,59900000,59900100,10896,18160,60000000,60000000
0,600,60000000,60000100,10896,18160,60100000,60100000
0,601,60100000,60100100,10896,18160,60200000,60200000
0,602,60200000,60200100,10896,18160,60300000,60300000
0,603,60300000,60300100,10896,18160,60400000,60400000
0,604,60400000,60400100,10896,18160,60500000,60500000
0,605,60500000,60500100,10896,18160,60600000,60600000
0,606,60600000,60600100,10896,18160,60700000,60700000
0,607,60700000,60700100,10896,18160,60800000,60800000
0,608,60800000,60800100,10896,18160,60900000,60900000
0,609,60900000,60900100,10896,18160,61000000,61000000
0,610,61000000,61000100,10896,18160,61100000,61100000
0,611,61100000,61100100,10896,18160,61200000,61200000
0,612,61200000,61200100,10896,18160,61300000,61300000
0,613,61300000,61300100,10896,18160,61400000,61400000
0,614,61400000,61400100,10896,18160,61500000,61500000
0,615,61500000,61500100,10896,18160,61600000,61600000
0,616,61600000,61600100,10896,18160,61700000,61700000
0,617,61700000,61700100,10896,18160,61800000,61800000
0,618,61800000,61800100,10896,18160,61900000,61900000
0,619,61900000,61900100,10896,18160,62000000,62000000
0,620,62000000,62000100,10896,18160,62100000,62100000
0,621,62100000,62100100,10896,18160,62200000,62200000
0,622,62200000,62200100,10896,18160,62300000,62300000
0,623,62300000,62300100,10896,18160,62400000,62400000
0,624,62400000,62400100,10896,18160,62500000,62500000
0,625,62500000,62500100,10896,18160,62600000,62600000
0,626,62600000,62600100,10896,18160,62700000,62700000
0,627,62700000,62700100,10896,18160,62800000,62800000
0,628,62800000,62800100,10896,18160,62900000,62900000
0,629,62900000,62900100,10896,18160,63000000,63000000
0,630,63000000,63000100,10896,18160,63100000,63100000
0,631,63100000,63100100,10896,18160,63200000,63200000
0,632,63200000,63200100,10896,18160,63300000,63300000
0,633,63300000,63300100,10896,18160,63400000,63400000
0,634,63400000,63400100,10896,18160,63500000,63500000
0,635,63500000,63500100,10896,18160,63600000,63600000
0,636,63600000,63600100,10896,18160,63700000,63700000
0,637,63700000,63700100,10896,18160,63800000,63800000
0,638,63800000,63800100,10896,18160,63900000,63900000
0,639,63900000,63900100,10896,18160,64000000,64000000
0,640,64000000,64000100,10896,18160,64100000,64100000
0,641,64100000,64100100,10896,18160,64200000,64200000
0,642,64200000,64200100,10896,18160,64300000,64300000
0,643,64300000,64300100,10896,18160,64400000,64400000
0,644,64400000,64400100,10896,18160,64500000,64500000
0,645,64500000,64500100,10896,18160,64600000,64600000
0,646,64600000,64600100,10896,18160,64700000,64700000
0,647,64700000,64700100,10896,18160,64800000,64800000
0,648,64800000,64800100,10896,18160,64900000,64900000
0,649,64900000,64900100,10896,18160,65000000,65000000
0,650,65000000,65000100,10896,18160,65100000,65100000
0,651,65100000,65100100,10896,18160,65200000,65200000
0,652,65200000,65200100,10896,18160,65300000,65300000
0,653,65300000,65300100,10896,18160,65400000,65400000
0,654,65400000,65400100,10896,18160,65500000,65500000
0,655,65500000,65500100,10896,18160,65600000,65600000
0,656,65600000,65600100,10896,18160,65700000,65700000
0,657,65700000,65700100,10896,18160,65800000,65800000
0,658,65800000,65800100,10896,18160,65900000,65900000
0,659,65900000,65900100,10896,18160,66000000,66000000
0,660,66000000,66000100,10896,18160,66100000,66100000
0,661,66100000,66100100,10896,18160,66200000,66200000
0,662,66200000,66200100,10896,18160,66300000,66300000
0,663,66300000,66300100,10896,18160,66400000,66400000
0,664,66400000,66400100,10896,18160,66500000,66500000
0,665,66500000,66500100,10896,18160,66600000,66600000
0,666,66600000,66600100,10896,18160,66700000,66700000
0,667,66700000,66700100,10896,18160,66800000,66800000
0,668,66800000,66800100,10896,18160,66900000,66900000
0,669,66900000,66900100,10896,18160,67000000,67000000
0,670,67000000,67000100,10896,18160,67100000,67100000
0,671,67100000,67100100,10896,18160,67200000,67200000
0,672,67200000,67200100,10896,18160,67300000,67300000
0,673,67300000,67300100,10896,18160,67400000,67400000
0,674,67400000,67400100,10896,18160,67500000,67500000
0,675,67500000,67500100,10896,18160,67600000,67600000
0,676,67600000,67600100,10896,18160,67700000,67700000
0,677,67700000,67700100,10896,18160,67800000,67800000
0,678,67800000,67800100,10896,18160,67900000,67900000
0,679,67900000,67900100,10896,18160,68000000,68000000
0,680,68000000,68000100,10896,18160,68100000,68100000
0,681,68100000,68100100,10896,18160,68200000,68200000
0,682,68200000,68200100,10896,18160,68300000,68300000
0,683,68300000,68300100,10896,18160,68400000,68400000
0,684,68400000,68400100,10896,18160,68500000,68500000
0,685,68500000,68500100,10896,18160,68600000,68600000
0,686,68600000,68600100,10896,18160,68700000,68700000
0,687,68700000,68700100,10896,18160,68800000,68800000
0,688,68800000,68800100,10896,18160,68900000,68900000
0,689,68900000,68900100,10896,18160,69000000,69000000
0,690,69000000,69000100,10896,18160,69100000,69100000
0,691,69100000,69100100,10896,18160,69200000,69200000
0,692,69200000,69200100,10896,18160,69300000,69300000
0,693,69300000,69300100,10896,18160,69400000,69400000
0,694,69400000,69400100,10896,18160,69500000,69500000
0,695,69500000,69500100,10896,18160,69600000,69600000
0,696,69600000,69600100,10896,18160,69700000,69700000
0,697,69700000,69700100,10896,18160,69800000,69800000
0,698,69800000,69800100,10896,18160,69900000,69900000
0,699,69900000,69900100,10896,18160,70000000,70000000
0,700,70000000,70000100,10896,18160,70100000,70100000
0,701,70100000,70100100,10896,18160,70200000,70200000
0,702,70200000,70200100,10896,18160,70300000,70300000
0,703,70300000,70300100,10896,18160,70400000,70400000
0,704,70400000,70400100,10896,18160,70500000,70500000
0,705,70500000,70500100,10896,18160,70600000,70600000
0,706,70600000,70600100,10896,18160,70700000,70700000
0,707,70700000,70700100,10896,18160,70800000,70800000
0,708,70800000,70800100,10896,18160,70900000,70900000
0,709,70900000,70900100,10896,18160,71000000,71000000
0,710,71000000,71000100,10896,18160,71100000,71100000
0,711,71100000,71100100,10896,18160,71200000,71200000
0,712,71200000,71200100,10896,18160,71300000,71300000
0,713,71300000,71300100,10896,18160,71400000,71400000
0,714,71400000,71400100,10896,18160,71500000,71500000
0,715,71500000,71500100,10896,18160,71600000,71600000
0,716,71600000,71600100,10896,18160,71700000,71700000
0,717,71700000,71700100,10896,18160,71800000,71800000
0,718,71800000,71800100,10896,18160,71900000,71900000
0,719,71900000,71900100,10896,18160,72000000,72000000
0,720,72000000,72000100,10896,18160,72100000,72100000
0,721,72100000,72100100,10896,18160,72200000,72200000
0,722,72200000,72200100,10896,18160,72300000,72300000
0,723,72300000,72300100,10896,18160,72400000,72400000
0,724,72400000,72400100,10896,18160,72500000,72500000
0,725,72500000,72500100,10896,18160,72600000,72600000
0,726,72600000,72600100,10896,18160,72700000,72700000
0,727,72700000,72700100,10896,18160,72800000,72800000
0,728,72800000,72800100,10896,18160,72900000,72900000
0,729,72900000,72900100,10896,18160,73000000,73000000
0,730,73000000,73000100,10896,18160,73100000,73100000
0,731,73100000,73100100,10896,18160,73200000,73200000
0,732,73200000,73200100,10896,18160,73300000,73300000
0,733,73300000,73300100,10896,18160,73400000,73400000
0,734,73400000,73400100,10896,18160,73500000,73500000
0,735,73500000,73500100,10896,18160,73600000,73600000
0,736,73600000,73600100,10896,18160,73700000,73700000
0,737,73700000,73700100,10896,18160,73800000,73800000
0,738,73800000,73800100,10896,18160,73900000,73900000
0,739,73900000,73900100,10896,18160,74000000,74000000
0,740,74000000,74000100,10896,18160,74100000,74100000
0,741,74100000,74100100,10896,18160,74200000,74200000
0,742,74200000,74200100,10896,18160,74300000,74300000
0,743,74300000,74300100,10896,18160,74400000,74400000
0,744,74400000,74400100,10896,18160,74500000,74500000
0,745,74500000,74500100,10896,18160,74600000,74600000
0,746,74600000,74600100,10896,18160,74700000,74700000
0,747,74700000,74700100,10896,18160,74800000,74800000
0,748,74800000,74800100,10896,18160,74900000,74900000
0,749,74900000,74900100,10896,18160,75000000,75000000
0,750,75000000,75000100,10896,18160,75100000,75100000
0,751,75100000,75100100,10896,18160,75200000,75200000
0,752,75200000,75200100,10896,18160,75300000,75300000
0,753,75300000,75300100,10896,18160,75400000,75400000
0,754,75400000,75400100,10896,18160,75500000,75500000
0,755,75500000,75500100,10896,18160,75600000,75600000
0,756,75600000,75600100,10896,18160,75700000,75700000
0,757,75700000,75700100,10896,18160,75800000,75800000
0,758,75800000,75800100,10896,18160,75900000,75900000
0,759,75900000,75900100,10896,18160,76000000,76000000
0,760,76000000,76000100,10896,18160,76100000,76100000
0,761,76100000,76100100,10896,18160,76200000,76200000
0,762,76200000,76200100,10896,18160,76300000,76300000
0,763,76300000,76300100,10896,18160,76400000,76400000
0,764,76400000,76400100,10896,18160,76500000,76500000
0,765,76500000,76500100,10896,18160,76600000,76600000
0,766,76600000,76600100,10896,18160,76700000,76700000
0,767,76700000,76700100,10896,18160,76800000,76800000
0,768,76800000,76800100,10896,18160,76900000,76900000
0,769,76900000,76900100,10896,18160,77000000,77000000
0,770,77000000,77000100,10896,18160,77100000,77100000
0,771,77100000,77100100,10896,18160,77200000,77200000
0,772,77200000,77200100,10896,18160,77300000,77300000
0,773,77300000,77300100,10896,18160,77400000,77400000
0,774,77400000,77400100,10896,18160,77500000,77500000
0,775,77500000,77500100,10896,18160,77600000,77600000
0,776,77600000,77600100,10896,18160,77700000,77700000
0,777,77700000,77700100,10896,18160,77800000,77800000
0,778,77800000,77800100,10896,18160,77900000,77900000
0,779,77900000,77900100,10896,18160,78000000,78000000
0,780,78000000,78000100,10896,18160,78100000,78100000
0,781,78100000,78100100,10896,18160,78200000,78200000
0,782,78200000,78200100,10896,18160,78300000,78300000
0,783,78300000,78300100,10896,18160,78400000,78400000
0,784,78400000,78400100,10896,18160,78500000,78500000
0,785,78500000,78500100,10896,18160,78600000,78600000
0,786,78600000,78600100,10896,18160,78700000,78700000
0,787,78700000,78700100,10896,18160,78800000,78800000
0,788,78800000,78800100,10896,18160,78900000,78900000
0,789,78900000,78900100,10896,18160,79000000,79000000
0,790,79000000,79000100,10896,18160,79100000,79100000
0,791,79100000,79100100,10896,18160,79200000,79200000
0,792,79200000,79200100,10896,18160,79300000,79300000
0,793,79300000,79300100,10896,18160,79400000,79400000
0,794,79400000,79400100,10896,18160,79500000,79500000
0,795,79500000,79500100,10896,18160,79600000,79600000
0,796,79600000,79600100,10896,18160,79700000,79700000
0,797,79700000,79700100,10896,18160,79800000,79800000
0,798,79800000,79800100,10896,18160,79900000,79900000
0,799,79900000,79900100,10896,18160,80000000,80000000
0,800,80000000,80000100,10896,18160,80100000,80100000
0,801,80100000,80100100,10896,18160,80200000,80200000
0,802,80200000,80200100,10896,18160,80300000,80300000
0,803,80300000,80300100,10896,18160,80400000,80400000
0,804,80400000,80400100,10896,18160,80500000,80500000
0,805,80500000,80500100,10896,18160,80600000,80600000
0,806,80600000,80600100,10896,18160,80700000,80700000
0,807,80700000,80700100,10896,18160,80800000,80800000
0,808,80800000,80800100,10896,18160,80900000,80900000
0,809,80900000,80900100,10896,18160,81000000,81000000
0,810,81000000,81000100,10896,18160,81100000,81100000
0,811,81100000,81100100,10896,18160,81200000,81200000
0,812,81200000,81200100,10896,18160,81300000,81300000
0,813,81300000,81300100,10896,18160,81400000,81400000
0,814,81400000,81400100,10896,18160,81500000,81500000
0,815,81500000,81500100,10896,18160,81600000,81600000
0,816,81600000,81600100,10896,18160,81700000,81700000
0,817,81700000,81700100,10896,18160,81800000,81800000
0,818,81800000,81800100,10896,18160,81900000,81900000
0,819,81900000,81900100,10896,18160,82000000,82000000
0,820,82000000,82000100,10896,18160,82100000,82100000
0,821,82100000,82100100,10896,18160,82200000,82200000
0,822,82200000,82200100,10896,18160,82300000,82300000
0,823,82300000,82300100,10896,18160,82400000,82400000
0,824,82400000,82400100,10896,18160,82500000,82500000
0,825,82500000,82500100,10896,18160,82600000,82600000
0,826,82600000,82600100,10896,18160,82700000,82700000
0,827,82700000,82700100,10896,18160,82800000,82800000
0,828,82800000,82800100,10896,18160,82900000,82900000
0,829,82900000,82900100,10896,18160,83000000,83000000
0,830,83000000,83000100,10896,18160,83100000,83100000
0,831,83100000,83100100,10896,18160,83200000,83200000
0,832,83200000,83200100,10896,18160,83300000,83300000
0,833,83300000,83300100,10896,18160,83400000,83400000
0,834,83400000,83400100,10896,18160,83500000,83500000
0,835,83500000,83500100,10896,18160,83600000,83600000
0,836,83600000,83600100,10896,18160,83700000,83700000
0,837,83700000,83700100,10896,18160,83800000,83800000
0,838,83800000,83800100,10896,18160,83900000,83900000
0,839,83900000,83900100,10896,18160,84000000,84000000
0,840,84000000,84000100,10896,18160,84100000,84100000
0,841,84100000,84100100,10896,18160,84200000,84200000
0,842,84200000,84200100,10896,18160,84300000,84300000
0,843,84300000,84300100,10896,18160,84400000,84400000
0,844,84400000,84400100,10896,18160,84500000,84500000
0,845,84500000,84500100,10896,18160,84600000,84600000
0,846,84600000,84600100,10896,18160,84700000,84700000
0,847,84700000,84700100,10896,18160,84800000,84800000
0,848,84800000,84800100,10896,18160,84900000,84900000
0,849,84900000,84900100,10896,18160,85000000,85000000
0,850,85000000,85000100,10896,18160,85100000,85100000
0,851,85100000,85100100,10896,18160,85200000,85200000
0,852,85200000,85200100,10896,18160,85300000,85300000
0,853,85300000,85300100,10896,18160,85400000,85400000
0,854,85400000,85400100,10896,18160,85500000,85500000
0,855,85500000,85500100,10896,18160,85600000,85600000
0,856,85600000,85600100,10896,18160,85700000,85700000
0,857,85700000,85700100,10896,18160,85800000,85800000
0,858,85800000,85800100,10896,18160,85900000,85900000
0,859,85900000,85900100,10896,18160,86000000,86000000
0,860,86000000,86000100,10896,18160,86100000,86100000
0,861,86100000,86100100,10896,18160,86200000,86200000
0,862,86200000,86200100,10896,18160,86300000,86300000
0,863,86300000,86300100,10896,18160,86400000,86400000
0,864,86400000,86400100,10896,18160,86500000,86500000
0,865,86500000,86500100,10896,18160,86600000,86600000
0,866,86600000,86600100,10896,18160,86700000,86700000
0,867,86700000,86700100,10896,18160,86800000,86800000
0,868,86800000,86800100,10896,18160,86900000,86900000
0,869,86900000,86900100,10896,18160,87000000,87000000
0,870,87000000,87000100,10896,18160,87100000,87100000
0,871,87100000,87100100,10896,18160,87200000,87200000
0,872,87200000,87200100,10896,18160,87300000,87300000
0,873,87300000,87300100,10896,18160,87400000,87400000
0,874,87400000,87400100,10896,18160,87500000,87500000
0,875,87500000,87500100,10896,18160,87600000,87600000
0,876,87600000,87600100,10896,18160,87700000,87700000
0,877,87700000,87700100,10896,18160,87800000,87800000
0,878,87800000,87800100,10896,18160,87900000,87900000
0,879,87900000,87900100,10896,18160,88000000,88000000
0,880,88000000,88000100,10896,18160,88100000,88100000
0,881,88100000,88100100,10896,18160,88200000,88200000
0,882,88200000,88200100,10896,18160,88300000,88300000
0,883,88300000,88300100,10896,18160,88400000,88400000
0,884,88400000,88400100,10896,18160,88500000,88500000
0,885,88500000,88500100,10896,18160,88600000,88600000
0,886,88600000,88600100,10896,18160,88700000,88700000
0,887,88700000,88700100,10896,18160,88800000,88800000
0,888,88800000,88800100,10896,18160,88900000,88900000
0,889,88900000,88900100,10896,18160,89000000,89000000
0,890,89000000,89000100,10896,18160,89100000,89100000
0,891,89100000,89100100,10896,18160,89200000,89200000
0,892,89200000,89200100,10896,18160,89300000,89300000
0,893,89300000,89300100,10896,18160,89400000,89400000
0,894,89400000,89400100,10896,18160,89500000,89500000
0,895,89500000,89500100,10896,18160,89600000,89600000
0,896,89600000,89600100,10896,18160,89700000,89700000
0,897,89700000,89700100,10896,18160,89800000,89800000
0,898,89800000,89800100,10896,18160,89900000,89900000
0,899,89900000,89900100,10896,18160,90000000,90000000
0,900,90000000,90000100,10896,18160,90100000,90100000
0,901,90100000,90100100,10896,18160,90200000,90200000
0,902,90200000,90200100,10896,18160,90300000,90300000
0,903,90300000,90300100,10896,18160,90400000,90400000
0,904,90400000,90400100,10896,18160,90500000,90500000
0,905,90500000,90500100,10896,18160,90600000,90600000
0,906,90600000,90600100,10896,18160,90700000,90700000
0,907,90700000,90700100,10896,18160,90800000,90800000
0,908,90800000,90800100,10896,18160,90900000,90900000
0,909,90900000,90900100,10896,18160,91000000,91000000
0,910,91000000,91000100,10896,18160,91100000,91100000
0,911,91100000,91100100,10896,18160,91200000,91200000
0,912,91200000,91200100,10896,18160,91300000,91300000
0,913,91300000,91300100,10896,18160,91400000,91400000
0,914,91400000,91400100,10896,18160,91500000,91500000
0,915,91500000,91500100,10896,18160,91600000,91600000
0,916,91600000,91600100,10896,18160,91700000,91700000
0,917,91700000,91700100,10896,18160,91800000,91800000
0,918,91800000,91800100,10896,18160,91900000,91900000
0,919,91900000,91900100,10896,18160,92000000,92000000
0,920,92000000,92000100,10896,18160,92100000,92100000
0,921,92100000,92100100,10896,18160,92200000,92200000
0,922,92200000,92200100,10896,18160,92300000,92300000
0,923,92300000,92300100,10896,18160,92400000,92400000
0,924,92400000,92400100,10896,18160,92500000,92500000
0,925,92500000,92500100,10896,18160,92600000,92600000
0,926,92600000,92600100,10896,18160,92700000,92700000
0,927,92700000,92700100,10896,18160,92800000,92800000
0,928,92800000,92800100,10896,18160,92900000,92900000
0,929,92900000,92900100,10896,18160,93000000,93000000
0,930,93000000,93000100,10896,18160,93100000,93100000
0,931,93100000,93100100,10896,18160,93200000,93200000
0,932,93200000,93200100,10896,18160,93300000,93300000
0,933,93300000,93300100,10896,18160,93400000,93400000
0,934,93400000,93400100,10896,18160,93500000,93500000
0,935,93500000,93500100,10896,18160,93600000,93600000
0,936,93600000,93600100,10896,18160,93700000,93700000
0,937,93700000,93700100,10896,18160,93800000,93800000
0,938,93800000,93800100,10896,18160,93900000,93900000
0,939,93900000,93900100,10896,18160,94000000,94000000
0,940,94000000,94000100,10896,18160,94100000,94100000
0,941,94100000,94100100,10896,18160,94200000,94200000
0,942,94200000,94200100,10896,18160,94300000,94300000
0,943,94300000,94300100,10896,18160,94400000,94400000
0,944,94400000,94400100,10896,18160,94500000,94500000
0,945,94500000,94500100,10896,18160,94600000,94600000
0,946,94600000,94600100,10896,18160,94700000,94700000
0,947,94700000,94700100,10896,18160,94800000,94800000
0,948,94800000,94800100,10896,18160,94900000,94900000
0,949,94900000,94900100,10896,18160,95000000,95000000
0,950,95000000,95000100,10896,18160,95100000,95100000
0,951,95100000,95100100,10896,18160,95200000,95200000
0,952,95200000,95200100,10896,18160,95300000,95300000
0,953,95300000,95300100,10896,18160,95400000,95400000
0,954,95400000,95400100,10896,18160,95500000,95500000
0,955,95500000,95500100,10896,18160,95600000,95600000
0,956,95600000,95600100,10896,18160,95700000,95700000
0,957,95700000,95700100,10896,18160,95800000,95800000
0,958,95800000,95800100,10896,18160,95900000,95900000
0,959,95900000,95900100,10896,18160,96000000,96000000
0,960,96000000,96000100,10896,18160,96100000,96100000
0,961,96100000,96100100,10896,18160,96200000,96200000
0,962,96200000,96200100,10896,18160,96300000,96300000
0,963,96300000,96300100,10896,18160,96400000,96400000
0,964,96400000,96400100,10896,18160,96500000,96500000
0,965,96500000,96500100,10896,18160,96600000,96600000
0,966,96600000,96600100,10896,18160,96700000,96700000
0,967,96700000,96700100,10896,18160,96800000,96800000
0,968,96800000,96800100,10896,18160,96900000,96900000
0,969,96900000,96900100,10896,18160,97000000,97000000
0,970,97000000,97000100,10896,18160,97100000,97100000
0,971,97100000,97100100,10896,18160,97200000,97200000
0,972,97200000,97200100,10896,18160,97300000,97300000
0,973,97300000,97300100,10896,18160,97400000,97400000
0,974,97400000,97400100,10896,18160,97500000,97500000
0,975,97500000,97500100,10896,18160,97600000,97600000
0,976,97600000,97600100,10896,18160,97700000,97700000
0,977,97700000,97700100,10896,18160,97800000,97800000
0,978,97800000,97800100,10896,18160,97900000,97900000
0,979,97900000,97900100,10896,18160,98000000,98000000
0,980,98000000,98000100,10896,18160,98100000,98100000
0,981,98100000,98100100,10896,18160,98200000,98200000
0,982,98200000,98200100,10896,18160,98300000,98300000
0,983,98300000,98300100,10896,18160,98400000,98400000
0,984,98400000,98400100,10896,18160,98500000,98500000
0,985,98500000,98500100,10896,18160,98600000,98600000
0,986,98600000,98600100,10896,18160,98700000,98700000
0,987,98700000,98700100,10896,18160,98800000,98800000
0,988,98800000,98800100,10896,18160,98900000,98900000
0,989,98900000,98900100,10896,18160,99000000,99000000
0,990,99000000,99000100,10896,18160,99100000,99100000
0,991,99100000,99100100,10896,18160,99200000,99200000
0,992,99200000,99200100,10896,18160,99300000,99300000
0,993,99300000,99300100,10896,18160,99400000,99400000
0,994,99400000,99400100,10896,18160,99500000,99500000
0,995,99500000,99500100,10896,18160,99600000,99600000
0,996,99600000,99600100,10896,18160,99700000,99700000
0,997,99700000,99700100,10896,18160,99800000,99800000
0,998,99800000,99800100,10896,18160,99900000,99900000
0,999,99900000,99900100,10896,18160,100000000,100000000
0,1000,100000000,100000100,10896,18160,100100000,100100000
0,1001,100100000,100100100,10896,18160,100200000,100200000
0,1002,100200000,100200100,10896,18160,100300000,100300000
0,1003,100300000,100300100,10896,18160,100400000,100400000
0,1004,100400000,100400100,10896,18160,100500000,100500000
0,1005,100500000,100500100,10896,18160,100600000,100600000
0,1006,100600000,100600100,10896,18160,100700000,100700000
0,1007,100700000,100700100,10896,18160,100800000,100800000
0,1008,100800000,100800100,10896,18160,100900000,100900000
0,1009,100900000,100900100,10896,18160,101000000,101000000
0,1010,101000000,101000100,10896,18160,101100000,101100000
0,1011,101100000,101100100,10896,18160,101200000,101200000
0,1012,101200000,101200100,10896,18160,101300000,101300000
0,1013,101300000,101300100,10896,18160,101400000,101400000
0,1014,101400000,101400100,10896,18160,101500000,101500000
0,1015,101500000,101500100,10896,18160,101600000,101600000
0,1016,101600000,101600100,10896,18160,101700000,101700000
0,1017,101700000,101700100,10896,18160,101800000,101800000
0,1018,101800000,101800100,10896,18160,101900000,101900000
0,1019,101900000,101900100,10896,18160,102000000,102000000
0,1020,102000000,102000100,10896,18160,102100000,102100000
0,1021,102100000,102100100,10896,18160,102200000,102200000
0,1022,102200000,102200100,10896,18160,102300000,102300000
0,1023,102300000,102300100,10896,18160,102400000,102400000
0,1024,102400000,102400100,10896,18160,102500000,102500000
0,1025,102500000,102500100,10896,18160,102600000,102600000
0,1026,102600000,102600100,10896,18160,102700000,102700000
0,1027,102700000,102700100,10896,18160,102800000,102800000
0,1028,102800000,102800100,10896,18160,102900000,102900000
0,1029,102900000,102900100,10896,18160,103000000,103000000
0,1030,103000000,103000100,10896,18160,103100000,103100000
0,1031,103100000,103100100,10896,18160,103200000,103200000
0,1032,103200000,103200100,10896,18160,103300000,103300000
0,1033,103300000,103300100,10896,18160,103400000,103400000
0,1034,103400000,103400100,10896,18160,103500000,103500000
0,1035,103500000,103500100,10896,18160,103600000,103600000
0,1036,103600000,103600100,10896,18160,103700000,103700000
0,1037,103700000,103700100,10896,18160,103800000,103800000
0,1038,103800000,103800100,10896,18160,103900000,103900000
0,1039,103900000,103900100,10896,18160,104000000,104000000
0,1040,104000000,104000100,10896,18160,104100000,104100000
0,1041,104100000,104100100,10896,18160,104200000,104200000
0,1042,104200000,104200100,10896,18160,104300000,104300000
0,1043,104300000,104300100,10896,18160,104400000,104400000
0,1044,104400000,104400100,10896,18160,104500000,104500000
0,1045,104500000,104500100,10896,18160,104600000,104600000
0,1046,104600000,104600100,10896,18160,104700000,104700000
0,1047,104700000,104700100,10896,18160,104800000,104800000
0,1048,104800000,104800100,10896,18160,104900000,104900000
0,1049,104900000,104900100,10896,18160,105000000,105000000
0,1050,105000000,105000100,10896,18160,105100000,105100000
0,1051,105100000,105100100,10896,18160,105200000,105200000
0,1052,105200000,105200100,10896,18160,105300000,105300000
0,1053,105300000,105300100,10896,18160,105400000,105400000
0,1054,105400000,105400100,10896,18160,105500000,105500000
0,1055,105500000,105500100,10896,18160,105600000,105600000
0,1056,105600000,105600100,10896,18160,105700000,105700000
0,1057,105700000,105700100,10896,18160,105800000,105800000
0,1058,105800000,105800100,10896,18160,105900000,105900000
0,1059,105900000,105900100,10896,18160,106000000,106000000
0,1060,106000000,106000100,10896,18160,106100000,106100000
0,1061,106100000,106100100,10896,18160,106200000,106200000
0,1062,106200000,106200100,10896,18160,106300000,106300000
0,1063,106300000,106300100,10896,18160,106400000,106400000
0,1064,106400000,106400100,10896,18160,106500000,106500000
0,1065,106500000,106500100,10896,18160,106600000,106600000
0,1066,106600000,106600100,10896,18160,106700000,106700000
0,1067,106700000,106700100,10896,18160,106800000,106800000
0,1068,106800000,106800100,10896,18160,106900000,106900000
0,1069,106900000,106900100,10896,18160,107000000,107000000
0,1070,107000000,107000100,10896,18160,107100000,107100000
0,1071,107100000,107100100,10896,18160,107200000,107200000
0,1072,107200000,107200100,10896,18160,107300000,107300000
0,1073,107300000,107300100,10896,18160,107400000,107400000
0,1074,107400000,107400100,10896,18160,107500000,107500000
0,1075,107500000,107500100,10896,18160,107600000,107600000
0,1076,107600000,107600100,10896,18160,107700000,107700000
0,1077,107700000,107700100,10896,18160,107800000,107800000
0,1078,107800000,107800100,10896,18160,107900000,107900000
0,1079,107900000,107900100,10896,18160,108000000,108000000
0,1080,108000000,108000100,10896,18160,108100000,108100000
0,1081,108100000,108100100,10896,18160,108200000,108200000
0,1082,108200000,108200100,10896,18160,108300000,108300000
0,1083,108300000,108300100,10896,18160,108400000,108400000
0,1084,108400000,108400100,10896,18160,108500000,108500000
0,1085,108500000,108500100,10896,18160,108600000,108600000
0,1086,108600000,108600100,10896,18160,108700000,108700000
0,1087,108700000,108700100,10896,18160,108800000,108800000
0,1088,108800000,108800100,10896,18160,108900000,108900000
0,1089,108900000,108900100,10896,18160,109000000,109000000
0,1090,109000000,109000100,10896,18160,109100000,109100000
0,1091,109100000,109100100,10896,18160,109200000,109200000
0,1092,109200000,109200100,10896,18160,109300000,109300000
0,1093,109300000,109300100,10896,18160,109400000,109400000
0,1094,109400000,109400100,10896,18160,109500000,109500000
0,1095,109500000,109500100,10896,18160,109600000,109600000
0,1096,109600000,109600100,10896,18160,109700000,109700000
0,1097,109700000,109700100,10896,18160,109800000,109800000
0,1098,109800000,109800100,10896,18160,109900000,109900000
0,1099,109900000,109900100,10896,18160,110000000,110000000
0,1100,110000000,110000100,10896,18160,110100000,110100000
0,1101,110100000,110100100,10896,18160,110200000,110200000
0,1102,110200000,110200100,10896,18160,110300000,110300000
0,1103,110300000,110300100,10896,18160,110400000,110400000
0,1104,110400000,110400100,10896,18160,110500000,110500000
0,1105,110500000,110500100,10896,18160,110600000,110600000
0,1106,110600000,110600100,10896,18160,110700000,110700000
0,1107,110700000,110700100,10896,18160,110800000,110800000
0,1108,110800000,110800100,10896,18160,110900000,110900000
0,1109,110900000,110900100,10896,18160,111000000,111000000
0,1110,111000000,111000100,10896,18160,111100000,111100000
0,1111,111100000,111100100,10896,18160,111200000,111200000
0,1112,111200000,111200100,10896,18160,111300000,111300000
0,1113,111300000,111300100,10896,18160,111400000,111400000
0,1114,111400000,111400100,10896,18160,111500000,111500000
0,1115,111500000,111500100,10896,18160,111600000,111600000
0,1116,111600000,111600100,10896,18160,111700000,111700000
0,1117,111700000,111700100,10896,18160,111800000,111800000
0,1118,111800000,111800100,10896,18160,111900000,111900000
0,1119,111900000,111900100,10896,18160,112000000,112000000
0,1120,112000000,112000100,10896,18160,112100000,112100000
0,1121,112100000,112100100,10896,18160,112200000,112200000
0,1122,112200000,112200100,10896,18160,112300000,112300000
0,1123,112300000,112300100,10896,18160,112400000,112400000
0,1124,112400000,112400100,10896,18160,112500000,112500000
0,1125,112500000,112500100,10896,18160,112600000,112600000
0,1126,112600000,112600100,10896,18160,112700000,112700000
0,1127,112700000,112700100,10896,18160,112800000,112800000
0,1128,112800000,112800100,10896,18160,112900000,112900000
0,1129,112900000,112900100,10896,18160,113000000,113000000
0,1130,113000000,113000100,10896,18160,113100000,113100000
0,1131,113100000,113100100,10896,18160,113200000,113200000
0,1132,113200000,113200100,10896,18160,113300000,113300000
0,1133,113300000,113300100,10896,18160,113400000,113400000
0,1134,113400000,113400100,10896,18160,113500000,113500000
0,1135,113500000,113500100,10896,18160,113600000,113600000
0,1136,113600000,113600100,10896,18160,113700000,113700000
0,1137,113700000,113700100,10896,18160,113800000,113800000
0,1138,113800000,113800100,10896,18160,113900000,113900000
0,1139,113900000,113900100,10896,18160,114000000,114000000
0,1140,114000000,114000100,10896,18160,114100000,114100000
0,1141,114100000,114100100,10896,18160,114200000,114200000
0,1142,114200000,114200100,10896,18160,114300000,114300000
0,1143,114300000,114300100,10896,18160,114400000,114400000
0,1144,114400000,114400100,10896,18160,114500000,114500000
0,1145,114500000,114500100,10896,18160,114600000,114600000
0,1146,114600000,114600100,10896,18160,114700000,114700000
0,1147,114700000,114700100,10896,18160,114800000,114800000
0,1148,114800000,114800100,10896,18160,114900000,114900000
0,1149,114900000,114900100,10896,18160,115000000,115000000
0,1150,115000000,115000100,10896,18160,115100000,115100000
0,1151,115100000,115100100,10896,18160,115200000,115200000
0,1152,115200000,115200100,10896,18160,115300000,115300000
0,1153,115300000,115300100,10896,18160,115400000,115400000
0,1154,115400000,115400100,10896,18160,115500000,115500000
0,1155,115500000,115500100,10896,18160,115600000,115600000
0,1156,115600000,115600100,10896,18160,115700000,115700000
0,1157,115700000,115700100,10896,18160,115800000,115800000
0,1158,115800000,115800100,10896,18160,115900000,115900000
0,1159,115900000,115900100,10896,18160,116000000,116000000
0,1160,116000000,116000100,10896,18160,116100000,116100000
0,1161,116100000,116100100,10896,18160,116200000,116200000
0,1162,116200000,116200100,10896,18160,116300000,116300000
0,1163,116300000,116300100,10896,18160,116400000,116400000
0,1164,116400000,116400100,10896,18160,116500000,116500000
0,1165,116500000,116500100,10896,18160,116600000,116600000
0,1166,116600000,116600100,10896,18160,116700000,116700000
0,1167,116700000,116700100,10896,18160,116800000,116800000
0,1168,116800000,116800100,10896,18160,116900000,116900000
0,1169,116900000,116900100,10896,18160,117000000,117000000
0,1170,117000000,117000100,10896,18160,117100000,117100000
0,1171,117100000,117100100,10896,18160,117200000,117200000
0,1172,117200000,117200100,10896,18160,117300000,117300000
0,1173,117300000,117300100,10896,18160,117400000,117400000
0,1174,117400000,117400100,10896,18160,117500000,117500000
0,1175,117500000,117500100,10896,18160,117600000,117600000
0,1176,117600000,117600100,10896,18160,117700000,117700000
0,1177,117700000,117700100,10896,18160,117800000,117800000
0,1178,117800000,117800100,10896,18160,117900000,117900000
0,1179,117900000,117900100,10896,18160,118000000,118000000
0,1180,118000000,118000100,10896,18160,118100000,118100000
0,1181,118100000,118100100,10896,18160,118200000,118200000
0,1182,118200000,118200100,10896,18160,118300000,118300000
0,1183,118300000,118300100,10896,18160,118400000,118400000
0,1184,118400000,118400100,10896,18160,118500000,118500000
0,1185,118500000,118500100,10896,18160,118600000,118600000
0,1186,118600000,118600100,10896,18160,118700000,118700000
0,1187,118700000,118700100,10896,18160,118800000,118800000
0,1188,118800000,118800100,10896,18160,118900000,118900000
0,1189,118900000,118900100,10896,18160,119000000,119000000
0,1190,119000000,119000100,10896,18160,119100000,119100000
0,1191,119100000,119100100,10896,18160,119200000,119200000
0,1192,119200000,119200100,10896,18160,119300000,119300000
0,1193,119300000,119300100,10896,18160,119400000,119400000
0,1194,119400000,119400100,10896,18160,119500000,119500000
0,1195,119500000,119500100,10896,18160,119600000,119600000
0,1196,119600000,119600100,10896,18160,119700000,119700000
0,1197,119700000,119700100,10896,18160,119800000,119800000
0,1198,119800000,119800100,10896,18160,119900000,119900000
0,1199,119900000,119900100,10896,18160,120000000,120000000
0,1200,120000000,120000100,10896,18160,120100000,120100000
0,1201,120100000,120100100,10896,18160,120200000,120200000
0,1202,120200000,120200100,10896,18160,120300000,120300000
0,1203,120300000,120300100,10896,18160,120400000,120400000
0,1204,120400000,120400100,10896,18160,120500000,120500000
0,1205,120500000,120500100,10896,18160,120600000,120600000
0,1206,120600000,120600100,10896,18160,120700000,120700000
0,1207,120700000,120700100,10896,18160,120800000,120800000
0,1208,120800000,120800100,10896,18160,120900000,120900000
0,1209,120900000,120900100,10896,18160,121000000,121000000
0,1210,121000000,121000100,10896,18160,121100000,121100000
0,1211,121100000,121100100,10896,18160,121200000,121200000
0,1212,121200000,121200100,10896,18160,121300000,121300000
0,1213,121300000,121300100,10896,18160,121400000,121400000
0,1214,121400000,121400100,10896,18160,121500000,121500000
0,1215,121500000,121500100,10896,18160,121600000,121600000
0,1216,121600000,121600100,10896,18160,121700000,121700000
0,1217,121700000,121700100,10896,18160,121800000,121800000
0,1218,121800000,121800100,10896,18160,121900000,121900000
0,1219,121900000,121900100,10896,18160,122000000,122000000
0,1220,122000000,122000100,10896,18160,122100000,122100000
0,1221,122100000,122100100,10896,18160,122200000,122200000
0,1222,122200000,122200100,10896,18160,122300000,122300000
0,1223,122300000,122300100,10896,18160,122400000,122400000
0,1224,122400000,122400100,10896,18160,122500000,122500000
0,1225,122500000,122500100,10896,18160,122600000,122600000
0,1226,122600000,122600100,10896,18160,122700000,122700000
0,1227,122700000,122700100,10896,18160,122800000,122800000
0,1228,122800000,122800100,10896,18160,122900000,122900000
0,1229,122900000,122900100,10896,18160,123000000,123000000
0,1230,123000000,123000100,10896,18160,123100000,123100000
0,1231,123100000,123100100,10896,18160,123200000,123200000
0,1232,123200000,123200100,10896,18160,123300000,123300000
0,1233,123300000,123300100,10896,18160,123400000,123400000
0,1234,123400000,123400100,10896,18160,123500000,123500000
0,1235,123500000,123500100,10896,18160,123600000,123600000
0,1236,123600000,123600100,10896,18160,123700000,123700000
0,1237,123700000,123700100,10896,18160,123800000,123800000
0,1238,123800000,123800100,10896,18160,123900000,123900000
0,1239,123900000,123900100,10896,18160,124000000,124000000
0,1240,124000000,124000100,10896,18160,124100000,124100000
0,1241,124100000,124100100,10896,18160,124200000,124200000
0,1242,124200000,124200100,10896,18160,124300000,124300000
0,1243,124300000,124300100,10896,18160,124400000,124400000
0,1244,124400000,124400100,10896,18160,124500000,124500000
0,1245,124500000,124500100,10896,18160,124600000,124600000
0,1246,124600000,124600100,10896,18160,124700000,124700000
0,1247,124700000,124700100,10896,18160,124800000,124800000
0,1248,124800000,124800100,10896,18160,124900000,124900000
0,1249,124900000,124900100,10896,18160,125000000,125000000
0,1250,125000000,125000100,10896,18160,125100000,125100000
0,1251,125100000,125100100,10896,18160,125200000,125200000
0,1252,125200000,125200100,10896,18160,125300000,125300000
0,1253,125300000,125300100,10896,18160,125400000,125400000
0,1254,125400000,125400100,10896,18160,125500000,125500000
0,1255,125500000,125500100,10896,18160,125600000,125600000
0,1256,125600000,125600100,10896,18160,125700000,125700000
0,1257,125700000,125700100,10896,18160,125800000,125800000
0,1258,125800000,125800100,10896,18160,125900000,125900000
0,1259,125900000,125900100,10896,18160,126000000,126000000
0,1260,126000000,126000100,10896,18160,126100000,126100000
0,1261,126100000,126100100,10896,18160,126200000,126200000
0,1262,126200000,126200100,10896,18160,126300000,126300000
0,1263,126300000,126300100,10896,18160,126400000,126400000
0,1264,126400000,126400100,10896,18160,126500000,126500000
0,1265,126500000,126500100,10896,18160,126600000,126600000
0,1266,126600000,126600100,10896,18160,126700000,126700000
0,1267,126700000,126700100,10896,18160,126800000,126800000
0,1268,126800000,126800100,10896,18160,126900000,126900000
0,1269,126900000,126900100,10896,18160,127000000,127000000
0,1270,127000000,127000100,10896,18160,127100000,127100000
0,1271,127100000,127100100,10896,18160,127200000,127200000
0,1272,127200000,127200100,10896,18160,127300000,127300000
0,1273,127300000,127300100,10896,18160,127400000,127400000
0,1274,127400000,127400100,10896,18160,127500000,127500000
0,1275,127500000,127500100,10896,18160,127600000,127600000
0,1276,127600000,127600100,10896,18160,127700000,127700000
0,1277,127700000,127700100,10896,18160,127800000,127800000
0,1278,127800000,127800100,10896,18160,127900000,127900000
0,1279,127900000,127900100,10896,18160,128000000,128000000
0,1280,128000000,128000100,10896,18160,128100000,128100000
0,1281,128100000,128100100,10896,18160,128200000,128200000
0,1282,128200000,128200100,10896,18160,128300000,128300000
0,1283,128300000,128300100,10896,18160,128400000,128400000
0,1284,128400000,128400100,10896,18160,128500000,128500000
0,1285,128500000,128500100,10896,18160,128600000,128600000
0,1286,128600000,128600100,10896,18160,128700000,128700000
0,1287,128700000,128700100,10896,18160,128800000,128800000
0,1288,128800000,128800100,10896,18160,128900000,128900000
0,1289,128900000,128900100,10896,18160,129000000,129000000
0,1290,129000000,129000100,10896,18160,129100000,129100000
0,1291,129100000,129100100,10896,18160,129200000,129200000
0,1292,129200000,129200100,10896,18160,129300000,129300000
0,1293,129300000,129300100,10896,18160,129400000,129400000
0,1294,129400000,129400100,10896,18160,129500000,129500000
0,1295,129500000,129500100,10896,18160,129600000,129600000
0,1296,129600000,129600100,10896,18160,129700000,129700000
0,1297,129700000,129700100,10896,18160,129800000,129800000
0,1298,129800000,129800100,10896,18160,129900000,129900000
0,1299,129900000,129900100,10896,18160,130000000,130000000
0,1300,130000000,130000100,10896,18160,130100000,130100000
0,1301,130100000,130100100,10896,18160,130200000,130200000
0,1302,130200000,130200100,10896,18160,130300000,130300000
0,1303,130300000,130300100,10896,18160,130400000,130400000
0,1304,130400000,130400100,10896,18160,130500000,130500000
0,1305,130500000,130500100,10896,18160,130600000,130600000
0,1306,130600000,130600100,10896,18160,130700000,130700000
0,1307,130700000,130700100,10896,18160,130800000,130800000
0,1308,130800000,130800100,10896,18160,130900000,130900000
0,1309,130900000,130900100,10896,18160,131000000,131000000
0,1310,131000000,131000100,10896,18160,131100000,131100000
0,1311,131100000,131100100,10896,18160,131200000,131200000
0,1312,131200000,131200100,10896,18160,131300000,131300000
0,1313,131300000,131300100,10896,18160,131400000,131400000
0,1314,131400000,131400100,10896,18160,131500000,131500000
0,1315,131500000,131500100,10896,18160,131600000,131600000
0,1316,131600000,131600100,10896,18160,131700000,131700000
0,1317,131700000,131700100,10896,18160,131800000,131800000
0,1318,131800000,131800100,10896,18160,131900000,131900000
0,1319,131900000,131900100,10896,18160,132000000,132000000
0,1320,132000000,132000100,10896,18160,132100000,132100000
0,1321,132100000,132100100,10896,18160,132200000,132200000
0,1322,132200000,132200100,10896,18160,132300000,132300000
0,1323,132300000,132300100,10896,18160,132400000,132400000
0,1324,132400000,132400100,10896,18160,132500000,132500000
0,1325,132500000,132500100,10896,18160,132600000,132600000
0,1326,132600000,132600100,10896,18160,132700000,132700000
0,1327,132700000,132700100,10896,18160,132800000,132800000
0,1328,132800000,132800100,10896,18160,132900000,132900000
0,1329,132900000,132900100,10896,18160,133000000,133000000
0,1330,133000000,133000100,10896,18160,133100000,133100000
0,1331,133100000,133100100,10896,18160,133200000,133200000
0,1332,133200000,133200100,10896,18160,133300000,133300000
0,1333,133300000,133300100,10896,18160,133400000,133400000
0,1334,133400000,133400100,10896,18160,133500000,133500000
0,1335,133500000,133500100,10896,18160,133600000,133600000
0,1336,133600000,133600100,10896,18160,133700000,133700000
0,1337,133700000,133700100,10896,18160,133800000,133800000
0,1338,133800000,133800100,10896,18160,133900000,133900000
0,1339,133900000,133900100,10896,18160,134000000,134000000
0,1340,134000000,134000100,10896,18160,134100000,134100000
0,1341,134100000,134100100,10896,18160,134200000,134200000
0,1342,134200000,134200100,10896,18160,134300000,134300000
0,1343,134300000,134300100,10896,18160,134400000,134400000
0,1344,134400000,134400100,10896,18160,134500000,134500000
0,1345,134500000,134500100,10896,18160,134600000,134600000
0,1346,134600000,134600100,10896,18160,134700000,134700000
0,1347,134700000,134700100,10896,18160,134800000,134800000
0,1348,134800000,134800100,10896,18160,134900000,134900000
0,1349,134900000,134900100,10896,18160,135000000,135000000
0,1350,135000000,135000100,10896,18160,135100000,135100000
0,1351,135100000,135100100,10896,18160,135200000,135200000
0,1352,135200000,135200100,10896,18160,135300000,135300000
0,1353,135300000,135300100,10896,18160,135400000,135400000
0,1354,135400000,135400100,10896,18160,135500000,135500000
0,1355,135500000,135500100,10896,18160,135600000,135600000
0,1356,135600000,135600100,10896,18160,135700000,135700000
0,1357,135700000,135700100,10896,18160,135800000,135800000
0,1358,135800000,135800100,10896,18160,135900000,135900000
0,1359,135900000,135900100,10896,18160,136000000,136000000
0,1360,136000000,136000100,10896,18160,136100000,136100000
0,1361,136100000,136100100,10896,18160,136200000,136200000
0,1362,136200000,136200100,10896,18160,136300000,136300000
0,1363,136300000,136300100,10896,18160,136400000,136400000
0,1364,136400000,136400100,10896,18160,136500000,136500000
0,1365,136500000,136500100,10896,18160,136600000,136600000
0,1366,136600000,136600100,10896,18160,136700000,136700000
0,1367,136700000,136700100,10896,18160,136800000,136800000
0,1368,136800000,136800100,10896,18160,136900000,136900000
0,1369,136900000,136900100,10896,18160,137000000,137000000
0,1370,137000000,137000100,10896,18160,137100000,137100000
0,1371,137100000,137100100,10896,18160,137200000,137200000
0,1372,137200000,137200100,10896,18160,137300000,137300000
0,1373,137300000,137300100,10896,18160,137400000,137400000
0,1374,137400000,137400100,10896,18160,137500000,137500000
0,1375,137500000,137500100,10896,18160,137600000,137600000
0,1376,137600000,137600100,10896,18160,137700000,137700000
0,1377,137700000,137700100,10896,18160,137800000,137800000
0,1378,137800000,137800100,10896,18160,137900000,137900000
0,1379,137900000,137900100,10896,18160,138000000,138000000
0,1380,138000000,138000100,10896,18160,138100000,138100000
0,1381,138100000,138100100,10896,18160,138200000,138200000
0,1382,138200000,138200100,10896,18160,138300000,138300000
0,1383,138300000,138300100,10896,18160,138400000,138400000
0,1384,138400000,138400100,10896,18160,138500000,138500000
0,1385,138500000,138500100,10896,18160,138600000,138600000
0,1386,138600000,138600100,10896,18160,138700000,138700000
0,1387,138700000,138700100,10896,18160,138800000,138800000
0,1388,138800000,138800100,10896,18160,138900000,138900000
0,1389,138900000,138900100,10896,18160,139000000,139000000
0,1390,139000000,139000100,10896,18160,139100000,139100000
0,1391,139100000,139100100,10896,18160,139200000,139200000
0,1392,139200000,139200100,10896,18160,139300000,139300000
0,1393,139300000,139300100,10896,18160,139400000,139400000
0,1394,139400000,139400100,10896,18160,139500000,139500000
0,1395,139500000,139500100,10896,18160,139600000,139600000
0,1396,139600000,139600100,10896,18160,139700000,139700000
0,1397,139700000,139700100,10896,18160,139800000,139800000
0,1398,139800000,139800100,10896,18160,139900000,139900000
0,1399,139900000,139900100,10896,18160,140000000,140000000
0,1400,140000000,140000100,10896,18160,140100000,140100000
0,1401,140100000,140100100,10896,18160,140200000,140200000
0,1402,140200000,140200100,10896,18160,140300000,140300000
0,1403,140300000,140300100,10896,18160,140400000,140400000
0,1404,140400000,140400100,10896,18160,140500000,140500000
0,1405,140500000,140500100,10896,18160,140600000,140600000
0,1406,140600000,140600100,10896,18160,140700000,140700000
0,1407,140700000,140700100,10896,18160,140800000,140800000
0,1408,140800000,140800100,10896,18160,140900000,140900000
0,1409,140900000,140900100,10896,18160,141000000,141000000
0,1410,141000000,141000100,10896,18160,141100000,141100000
0,1411,141100000,141100100,10896,18160,141200000,141200000
0,1412,141200000,141200100,10896,18160,141300000,141300000
0,1413,141300000,141300100,10896,18160,141400000,141400000
0,1414,141400000,141400100,10896,18160,141500000,141500000
0,1415,141500000,141500100,10896,18160,141600000,141600000
0,1416,141600000,141600100,10896,18160,141700000,141700000
0,1417,141700000,141700100,10896,18160,141800000,141800000
0,1418,141800000,141800100,10896,18160,141900000,141900000
0,1419,141900000,141900100,10896,18160,142000000,142000000
0,1420,142000000,142000100,10896,18160,142100000,142100000
0,1421,142100000,142100100,10896,18160,142200000,142200000
0,1422,142200000,142200100,10896,18160,142300000,142300000
0,1423,142300000,142300100,10896,18160,142400000,142400000
0,1424,142400000,142400100,10896,18160,142500000,142500000
0,1425,142500000,142500100,10896,18160,142600000,142600000
0,1426,142600000,142600100,10896,18160,142700000,142700000
0,1427,142700000,142700100,10896,18160,142800000,142800000
0,1428,142800000,142800100,10896,18160,142900000,142900000
0,1429,142900000,142900100,10896,18160,143000000,143000000
0,1430,143000000,143000100,10896,18160,143100000,143100000
0,1431,143100000,143100100,10896,18160,143200000,143200000
0,1432,143200000,143200100,10896,18160,143300000,143300000
0,1433,143300000,143300100,10896,18160,143400000,143400000
0,1434,143400000,143400100,10896,18160,143500000,143500000
0,1435,143500000,143500100,10896,18160,143600000,143600000
0,1436,143600000,143600100,10896,18160,143700000,143700000
0,1437,143700000,143700100,10896,18160,143800000,143800000
0,1438,143800000,143800100,10896,18160,143900000,143900000
0,1439,143900000,143900100,10896,18160,144000000,144000000
0,1440,144000000,144000100,10896,18160,144100000,144100000
0,1441,144100000,144100100,10896,18160,144200000,144200000
0,1442,144200000,144200100,10896,18160,144300000,144300000
0,1443,144300000,144300100,10896,18160,144400000,144400000
0,1444,144400000,144400100,10896,18160,144500000,144500000
0,1445,144500000,144500100,10896,18160,144600000,144600000
0,1446,144600000,144600100,10896,18160,144700000,144700000
0,1447,144700000,144700100,10896,18160,144800000,144800000
0,1448,144800000,144800100,10896,18160,144900000,144900000
0,1449,144900000,144900100,10896,18160,145000000,145000000
0,1450,145000000,145000100,10896,18160,145100000,145100000
0,1451,145100000,145100100,10896,18160,145200000,145200000
0,1452,145200000,145200100,10896,18160,145300000,145300000
0,1453,145300000,145300100,10896,18160,145400000,145400000
0,1454,145400000,145400100,10896,18160,145500000,145500000
0,1455,145500000,145500100,10896,18160,145600000,145600000
0,1456,145600000,145600100,10896,18160,145700000,145700000
0,1457,145700000,145700100,10896,18160,145800000,145800000
0,1458,145800000,145800100,10896,18160,145900000,145900000
0,1459,145900000,145900100,10896,18160,146000000,146000000
0,1460,146000000,146000100,10896,18160,146100000,146100000
0,1461,146100000,146100100,10896,18160,146200000,146200000
0,1462,146200000,146200100,10896,18160,146300000,146300000
0,1463,146300000,146300100,10896,18160,146400000,146400000
0,1464,146400000,146400100,10896,18160,146500000,146500000
0,1465,146500000,146500100,10896,18160,146600000,146600000
0,1466,146600000,146600100,10896,18160,146700000,146700000
0,1467,146700000,146700100,10896,18160,146800000,146800000
0,1468,146800000,146800100,10896,18160,146900000,146900000
0,1469,146900000,146900100,10896,18160,147000000,147000000
0,1470,147000000,147000100,10896,18160,147100000,147100000
0,1471,147100000,147100100,10896,18160,147200000,147200000
0,1472,147200000,147200100,10896,18160,147300000,147300000
0,1473,147300000,147300100,10896,18160,147400000,147400000
0,1474,147400000,147400100,10896,18160,147500000,147500000
0,1475,147500000,147500100,10896,18160,147600000,147600000
0,1476,147600000,147600100,10896,18160,147700000,147700000
0,1477,147700000,147700100,10896,18160,147800000,147800000
0,1478,147800000,147800100,10896,18160,147900000,147900000
0,1479,147900000,147900100,10896,18160,148000000,148000000
0,1480,148000000,148000100,10896,18160,148100000,148100000
0,1481,148100000,148100100,10896,18160,148200000,148200000
0,1482,148200000,148200100,10896,18160,148300000,148300000
0,1483,148300000,148300100,10896,18160,148400000,148400000
0,1484,148400000,148400100,10896,18160,148500000,148500000
0,1485,148500000,148500100,10896,18160,148600000,148600000
0,1486,148600000,148600100,10896,18160,148700000,148700000
0,1487,148700000,148700100,10896,18160,148800000,148800000
0,1488,148800000,148800100,10896,18160,148900000,148900000
0,1489,148900000,148900100,10896,18160,149000000,149000000
0,1490,149000000,149000100,10896,18160,149100000,149100000
0,1491,149100000,149100100,10896,18160,149200000,149200000
0,1492,149200000,149200100,10896,18160,149300000,149300000
0,1493,149300000,149300100,10896,18160,149400000,149400000
0,1494,149400000,149400100,10896,18160,149500000,149500000
0,1495,149500000,149500100,10896,18160,149600000,149600000
0,1496,149600000,149600100,10896,18160,149700000,149700000
0,1497,149700000,149700100,10896,18160,149800000,149800000
0,1498,149800000,149800100,10896,18160,149900000,149900000
0,1499,149900000,149900100,10896,18160,150000000,150000000
0,1500,150000000,150000100,10896,18160,150100000,150100000
0,1501,150100000,150100100,10896,18160,150200000,150200000
0,1502,150200000,150200100,10896,18160,150300000,150300000
0,1503,150300000,150300100,10896,18160,150400000,150400000
0,1504,150400000,150400100,10896,18160,150500000,150500000
0,1505,150500000,150500100,10896,18160,150600000,150600000
0,1506,150600000,150600100,10896,18160,150700000,150700000
0,1507,150700000,150700100,10896,18160,150800000,150800000
0,1508,150800000,150800100,10896,18160,150900000,150900000
0,1509,150900000,150900100,10896,18160,151000000,151000000
0,1510,151000000,151000100,10896,18160,151100000,151100000
0,1511,151100000,151100100,10896,18160,151200000,151200000
0,1512,151200000,151200100,10896,18160,151300000,151300000
0,1513,151300000,151300100,10896,18160,151400000,151400000
0,1514,151400000,151400100,10896,18160,151500000,151500000
0,1515,151500000,151500100,10896,18160,151600000,151600000
0,1516,151600000,151600100,10896,18160,151700000,151700000
0,1517,151700000,151700100,10896,18160,151800000,151800000
0,1518,151800000,151800100,10896,18160,151900000,151900000
0,1519,151900000,151900100,10896,18160,152000000,152000000
0,1520,152000000,152000100,10896,18160,152100000,152100000
0,1521,152100000,152100100,10896,18160,152200000,152200000
0,1522,152200000,152200100,10896,18160,152300000,152300000
0,1523,152300000,152300100,10896,18160,152400000,152400000
0,1524,152400000,152400100,10896,18160,152500000,152500000
0,1525,152500000,152500100,10896,18160,152600000,152600000
0,1526,152600000,152600100,10896,18160,152700000,152700000
0,1527,152700000,152700100,10896,18160,152800000,152800000
0,1528,152800000,152800100,10896,18160,152900000,152900000
0,1529,152900000,152900100,10896,18160,153000000,153000000
0,1530,153000000,153000100,10896,18160,153100000,153100000
0,1531,153100000,153100100,10896,18160,153200000,153200000
0,1532,153200000,153200100,10896,18160,153300000,153300000
0,1533,153300000,153300100,10896,18160,153400000,153400000
0,1534,153400000,153400100,10896,18160,153500000,153500000
0,1535,153500000,153500100,10896,18160,153600000,153600000
0,1536,153600000,153600100,10896,18160,153700000,153700000
0,1537,153700000,153700100,10896,18160,153800000,153800000
0,1538,153800000,153800100,10896,18160,153900000,153900000
0,1539,153900000,153900100,10896,18160,154000000,154000000
0,1540,154000000,154000100,10896,18160,154100000,154100000
0,1541,154100000,154100100,10896,18160,154200000,154200000
0,1542,154200000,154200100,10896,18160,154300000,154300000
0,1543,154300000,154300100,10896,18160,154400000,154400000
0,1544,154400000,154400100,10896,18160,154500000,154500000
0,1545,154500000,154500100,10896,18160,154600000,154600000
0,1546,154600000,154600100,10896,18160,154700000,154700000
0,1547,154700000,154700100,10896,18160,154800000,154800000
0,1548,154800000,154800100,10896,18160,154900000,154900000
0,1549,154900000,154900100,10896,18160,155000000,155000000
0,1550,155000000,155000100,10896,18160,155100000,155100000
0,1551,155100000,155100100,10896,18160,155200000,155200000
0,1552,155200000,155200100,10896,18160,155300000,155300000
0,1553,155300000,155300100,10896,18160,155400000,155400000
0,1554,155400000,155400100,10896,18160,155500000,155500000
0,1555,155500000,155500100,10896,18160,155600000,155600000
0,1556,155600000,155600100,10896,18160,155700000,155700000
0,1557,155700000,155700100,10896,18160,155800000,155800000
0,1558,155800000,155800100,10896,18160,155900000,155900000
0,1559,155900000,155900100,10896,18160,156000000,156000000
0,1560,156000000,156000100,10896,18160,156100000,156100000
0,1561,156100000,156100100,10896,18160,156200000,156200000
0,1562,156200000,156200100,10896,18160,156300000,156300000
0,1563,156300000,156300100,10896,18160,156400000,156400000
0,1564,156400000,156400100,10896,18160,156500000,156500000
0,1565,156500000,156500100,10896,18160,156600000,156600000
0,1566,156600000,156600100,10896,18160,156700000,156700000
0,1567,156700000,156700100,10896,18160,156800000,156800000
0,1568,156800000,156800100,10896,18160,156900000,156900000
0,1569,156900000,156900100,10896,18160,157000000,157000000
0,1570,157000000,157000100,10896,18160,157100000,157100000
0,1571,157100000,157100100,10896,18160,157200000,157200000
0,1572,157200000,157200100,10896,18160,157300000,157300000
0,1573,157300000,157300100,10896,18160,157400000,157400000
0,1574,157400000,157400100,10896,18160,157500000,157500000
0,1575,157500000,157500100,10896,18160,157600000,157600000
0,1576,157600000,157600100,10896,18160,157700000,157700000
0,1577,157700000,157700100,10896,18160,157800000,157800000
0,1578,157800000,157800100,10896,18160,157900000,157900000
0,1579,157900000,157900100,10896,18160,158000000,158000000
0,1580,158000000,158000100,10896,18160,158100000,158100000
0,1581,158100000,158100100,10896,18160,158200000,158200000
0,1582,158200000,158200100,10896,18160,158300000,158300000
0,1583,158300000,158300100,10896,18160,158400000,158400000
0,1584,158400000,158400100,10896,18160,158500000,158500000
0,1585,158500000,158500100,10896,18160,158600000,158600000
0,1586,158600000,158600100,10896,18160,158700000,158700000
0,1587,158700000,158700100,10896,18160,158800000,158800000
0,1588,158800000,158800100,10896,18160,158900000,158900000
0,1589,158900000,158900100,10896,18160,159000000,159000000
0,1590,159000000,159000100,10896,18160,159100000,159100000
0,1591,159100000,159100100,10896,18160,159200000,159200000
0,1592,159200000,159200100,10896,18160,159300000,159300000
0,1593,159300000,159300100,10896,18160,159400000,159400000
0,1594,159400000,159400100,10896,18160,159500000,159500000
0,1595,159500000,159500100,10896,18160,159600000,159600000
0,1596,159600000,159600100,10896,18160,159700000,159700000
0,1597,159700000,159700100,10896,18160,159800000,159800000
0,1598,159800000,159800100,10896,18160,159900000,159900000
0,1599,159900000,159900100,10896,18160,160000000,160000000
0,1600,160000000,160000100,10896,18160,160100000,160100000
0,1601,160100000,160100100,10896,18160,160200000,160200000
0,1602,160200000,160200100,10896,18160,160300000,160300000
0,1603,160300000,160300100,10896,18160,160400000,160400000
0,1604,160400000,160400100,10896,18160,160500000,160500000
0,1605,160500000,160500100,10896,18160,160600000,160600000
0,1606,160600000,160600100,10896,18160,160700000,160700000
0,1607,160700000,160700100,10896,18160,160800000,160800000
0,1608,160800000,160800100,10896,18160,160900000,160900000
0,1609,160900000,160900100,10896,18160,161000000,161000000
0,1610,161000000,161000100,10896,18160,161100000,161100000
0,1611,161100000,161100100,10896,18160,161200000,161200000
0,1612,161200000,161200100,10896,18160,161300000,161300000
0,1613,161300000,161300100,10896,18160,161400000,161400000
0,1614,161400000,161400100,10896,18160,161500000,161500000
0,1615,161500000,161500100,10896,18160,161600000,161600000
0,1616,161600000,161600100,10896,18160,161700000,161700000
0,1617,161700000,161700100,10896,18160,161800000,161800000
0,1618,161800000,161800100,10896,18160,161900000,161900000
0,1619,161900000,161900100,10896,18160,162000000,162000000
0,1620,162000000,162000100,10896,18160,162100000,162100000
0,1621,162100000,162100100,10896,18160,162200000,162200000
0,1622,162200000,162200100,10896,18160,162300000,162300000
0,1623,162300000,162300100,10896,18160,162400000,162400000
0,1624,162400000,162400100,10896,18160,162500000,162500000
0,1625,162500000,162500100,10896,18160,162600000,162600000
0,1626,162600000,162600100,10896,18160,162700000,162700000
0,1627,162700000,162700100,10896,18160,162800000,162800000
0,1628,162800000,162800100,10896,18160,162900000,162900000
0,1629,162900000,162900100,10896,18160,163000000,163000000
0,1630,163000000,163000100,10896,18160,163100000,163100000
0,1631,163100000,163100100,10896,18160,163200000,163200000
0,1632,163200000,163200100,10896,18160,163300000,163300000
0,1633,163300000,163300100,10896,18160,163400000,163400000
0,1634,163400000,163400100,10896,18160,163500000,163500000
0,1635,163500000,163500100,10896,18160,163600000,163600000
0,1636,163600000,163600100,10896,18160,163700000,163700000
0,1637,163700000,163700100,10896,18160,163800000,163800000
1,0,0,100,6440,10734,200000,200000
1,1,200000,200100,6440,10734,400000,400000
1,2,400000,400100,6440,10734,600000,600000
1,3,600000,600100,6440,10734,800000,800000
1,4,800000,800100,6440,10734,1000000,1000000
1,5,1000000,1000100,6440,10734,1200000,1200000
1,6,1200000,1200100,6440,10734,1400000,1400000
1,7,1400000,1400100,6440,10734,1600000,1600000
1,8,1600000,1600100,6440,10734,1800000,1800000
1,9,1800000,1800100,6440,10734,2000000,2000000
1,10,2000000,2000100,6440,10734,2200000,2200000
1,11,2200000,2200100,6440,10734,2400000,2400000
1,12,2400000,2400100,6440,10734,2600000,2600000
1,13,2600000,2600100,6440,10734,2800000,2800000
1,14,2800000,2800100,6440,10734,3000000,3000000
1,15,3000000,3000100,6440,10734,3200000,3200000
1,16,3200000,3200100,6440,10734,3400000,3400000
1,17,3400000,3400100,6440,10734,3600000,3600000
1,18,3600000,3600100,6440,10734,3800000,3800000
1,19,3800000,3800100,6440,10734,4000000,4000000
1,20,4000000,4000100,6440,10734,4200000,4200000
1,21,4200000,4200100,6440,10734,4400000,4400000
1,22,4400000,4400100,6440,10734,4600000,4600000
1,23,4600000,4600100,6440,10734,4800000,4800000
1,24,4800000,4800100,6440,10734,5000000,5000000
1,25,5000000,5000100,6440,10734,5200000,5200000
1,26,5200000,5200100,6440,10734,5400000,5400000
1,27,5400000,5400100,6440,10734,5600000,5600000
1,28,5600000,5600100,6440,10734,5800000,5800000
1,29,5800000,5800100,6440,10734,6000000,6000000
1,30,6000000,6000100,6440,10734,6200000,6200000
1,31,6200000,6200100,6440,10734,6400000,6400000
1,32,6400000,6400100,6440,10734,6600000,6600000
1,33,6600000,6600100,6440,10734,6800000,6800000
1,34,6800000,6800100,6440,10734,7000000,7000000
1,35,7000000,7000100,6440,10734,7200000,7200000
1,36,7200000,7200100,6440,10734,7400000,7400000
1,37,7400000,7400100,6440,10734,7600000,7600000
1,38,7600000,7600100,6440,10734,7800000,7800000
1,39,7800000,7800100,6440,10734,8000000,8000000
1,40,8000000,8000100,6440,10734,8200000,8200000
1,41,8200000,8200100,6440,10734,8400000,8400000
1,42,8400000,8400100,6440,10734,8600000,8600000
1,43,8600000,8600100,6440,10734,8800000,8800000
1,44,8800000,8800100,6440,10734,9000000,9000000
1,45,9000000,9000100,6440,10734,9200000,9200000
1,46,9200000,9200100,6440,10734,9400000,9400000
1,47,9400000,9400100,6440,10734,9600000,9600000
1,48,9600000,9600100,6440,10734,9800000,9800000
1,49,9800000,9800100,6440,10734,10000000,10000000
1,50,10000000,10000100,6440,10734,10200000,10200000
1,51,10200000,10200100,6440,10734,10400000,10400000
1,52,10400000,10400100,6440,10734,10600000,10600000
1,53,10600000,10600100,6440,10734,10800000,10800000
1,54,10800000,10800100,6440,10734,11000000,11000000
1,55,11000000,11000100,6440,10734,11200000,11200000
1,56,11200000,11200100,6440,10734,11400000,11400000
1,57,11400000,11400100,6440,10734,11600000,11600000
1,58,11600000,11600100,6440,10734,11800000,11800000
1,59,11800000,11800100,6440,10734,12000000,12000000
1,60,12000000,12000100,6440,10734,12200000,12200000
1,61,12200000,12200100,6440,10734,12400000,12400000
1,62,12400000,12400100,6440,10734,12600000,12600000
1,63,12600000,12600100,6440,10734,12800000,12800000
1,64,12800000,12800100,6440,10734,13000000,13000000
1,65,13000000,13000100,6440,10734,13200000,13200000
1,66,13200000,13200100,6440,10734,13400000,13400000
1,67,13400000,13400100,6440,10734,13600000,13600000
1,68,13600000,13600100,6440,10734,13800000,13800000
1,69,13800000,13800100,6440,10734,14000000,14000000
1,70,14000000,14000100,6440,10734,14200000,14200000
1,71,14200000,14200100,6440,10734,14400000,14400000
1,72,14400000,14400100,6440,10734,14600000,14600000
1,73,14600000,14600100,6440,10734,14800000,14800000
1,74,14800000,14800100,6440,10734,15000000,15000000
1,75,15000000,15000100,6440,10734,15200000,15200000
1,76,15200000,15200100,6440,10734,15400000,15400000
1,77,15400000,15400100,6440,10734,15600000,15600000
1,78,15600000,15600100,6440,10734,15800000,15800000
1,79,15800000,15800100,6440,10734,16000000,16000000
1,80,16000000,16000100,6440,10734,16200000,16200000
1,81,16200000,16200100,6440,10734,16400000,16400000
1,82,16400000,16400100,6440,10734,16600000,16600000
1,83,16600000,16600100,6440,10734,16800000,16800000
1,84,16800000,16800100,6440,10734,17000000,17000000
1,85,17000000,17000100,6440,10734,17200000,17200000
1,86,17200000,17200100,6440,10734,17400000,17400000
1,87,17400000,17400100,6440,10734,17600000,17600000
1,88,17600000,17600100,6440,10734,17800000,17800000
1,89,17800000,17800100,6440,10734,18000000,18000000
1,90,18000000,18000100,6440,10734,18200000,18200000
1,91,18200000,18200100,6440,10734,18400000,18400000
1,92,18400000,18400100,6440,10734,18600000,18600000
1,93,18600000,18600100,6440,10734,18800000,18800000
1,94,18800000,18800100,6440,10734,19000000,19000000
1,95,19000000,19000100,6440,10734,19200000,19200000
1,96,19200000,19200100,6440,10734,19400000,19400000
1,97,19400000,19400100,6440,10734,19600000,19600000
1,98,19600000,19600100,6440,10734,19800000,19800000
1,99,19800000,19800100,6440,10734,20000000,20000000
1,100,20000000,20000100,6440,10734,20200000,20200000
1,101,20200000,20200100,6440,10734,20400000,20400000
1,102,20400000,20400100,6440,10734,20600000,20600000
1,103,20600000,20600100,6440,10734,20800000,20800000
1,104,20800000,20800100,6440,10734,21000000,21000000
1,105,21000000,21000100,6440,10734,21200000,21200000
1,106,21200000,21200100,6440,10734,21400000,21400000
1,107,21400000,21400100,6440,10734,21600000,21600000
1,108,21600000,21600100,6440,10734,21800000,21800000
1,109,21800000,21800100,6440,10734,22000000,22000000
1,110,22000000,22000100,6440,10734,22200000,22200000
1,111,22200000,22200100,6440,10734,22400000,22400000
1,112,22400000,22400100,6440,10734,22600000,22600000
1,113,22600000,22600100,6440,10734,22800000,22800000
1,114,22800000,22800100,6440,10734,23000000,23000000
1,115,23000000,23000100,6440,10734,23200000,23200000
1,116,23200000,23200100,6440,10734,23400000,23400000
1,117,23400000,23400100,6440,10734,23600000,23600000
1,118,23600000,23600100,6440,10734,23800000,23800000
1,119,23800000,23800100,6440,10734,24000000,24000000
1,120,24000000,24000100,6440,10734,24200000,24200000
1,121,24200000,24200100,6440,10734,24400000,24400000
1,122,24400000,24400100,6440,10734,24600000,24600000
1,123,24600000,24600100,6440,10734,24800000,24800000
1,124,24800000,24800100,6440,10734,25000000,25000000
1,125,25000000,25000100,6440,10734,25200000,25200000
1,126,25200000,25200100,6440,10734,25400000,25400000
1,127,25400000,25400100,6440,10734,25600000,25600000
1,128,25600000,25600100,6440,10734,25800000,25800000
1,129,25800000,25800100,6440,10734,26000000,26000000
1,130,26000000,26000100,6440,10734,26200000,26200000
1,131,26200000,26200100,6440,10734,26400000,26400000
1,132,26400000,26400100,6440,10734,26600000,26600000
1,133,26600000,26600100,6440,10734,26800000,26800000
1,134,26800000,26800100,6440,10734,27000000,27000000
1,135,27000000,27000100,6440,10734,27200000,27200000
1,136,27200000,27200100,6440,10734,27400000,27400000
1,137,27400000,27400100,6440,10734,27600000,27600000
1,138,27600000,27600100,6440,10734,27800000,27800000
1,139,27800000,27800100,6440,10734,28000000,28000000
1,140,28000000,28000100,6440,10734,28200000,28200000
1,141,28200000,28200100,6440,10734,28400000,28400000
1,142,28400000,28400100,6440,10734,28600000,28600000
1,143,28600000,28600100,6440,10734,28800000,28800000
1,144,28800000,28800100,6440,10734,29000000,29000000
1,145,29000000,29000100,6440,10734,29200000,29200000
1,146,29200000,29200100,6440,10734,29400000,29400000
1,147,29400000,29400100,6440,10734,29600000,29600000
1,148,29600000,29600100,6440,10734,29800000,29800000
1,149,29800000,29800100,6440,10734,30000000,30000000
1,150,30000000,30000100,6440,10734,30200000,30200000
1,151,30200000,30200100,6440,10734,30400000,30400000
1,152,30400000,30400100,6440,10734,30600000,30600000
1,153,30600000,30600100,6440,10734,30800000,30800000
1,154,30800000,30800100,6440,10734,31000000,31000000
1,155,31000000,31000100,6440,10734,31200000,31200000
1,156,31200000,31200100,6440,10734,31400000,31400000
1,157,31400000,31400100,6440,10734,31600000,31600000
1,158,31600000,31600100,6440,10734,31800000,31800000
1,159,31800000,31800100,6440,10734,32000000,32000000
1,160,32000000,32000100,6440,10734,32200000,32200000
1,161,32200000,32200100,6440,10734,32400000,32400000
1,162,32400000,32400100,6440,10734,32600000,32600000
1,163,32600000,32600100,6440,10734,32800000,32800000
1,164,32800000,32800100,6440,10734,33000000,33000000
1,165,33000000,33000100,6440,10734,33200000,33200000
1,166,33200000,33200100,6440,10734,33400000,33400000
1,167,33400000,33400100,6440,10734,33600000,33600000
1,168,33600000,33600100,6440,10734,33800000,33800000
1,169,33800000,33800100,6440,10734,34000000,34000000
1,170,34000000,34000100,6440,10734,34200000,34200000
1,171,34200000,34200100,6440,10734,34400000,34400000
1,172,34400000,34400100,6440,10734,34600000,34600000
1,173,34600000,34600100,6440,10734,34800000,34800000
1,174,34800000,34800100,6440,10734,35000000,35000000
1,175,35000000,35000100,6440,10734,35200000,35200000
1,176,35200000,35200100,6440,10734,35400000,35400000
1,177,35400000,35400100,6440,10734,35600000,35600000
1,178,35600000,35600100,6440,10734,35800000,35800000
1,179,35800000,35800100,6440,10734,36000000,36000000
1,180,36000000,36000100,6440,10734,36200000,36200000
1,181,36200000,36200100,6440,10734,36400000,36400000
1,182,36400000,36400100,6440,10734,36600000,36600000
1,183,36600000,36600100,6440,10734,36800000,36800000
1,184,36800000,36800100,6440,10734,37000000,37000000
1,185,37000000,37000100,6440,10734,37200000,37200000
1,186,37200000,37200100,6440,10734,37400000,37400000
1,187,37400000,37400100,6440,10734,37600000,37600000
1,188,37600000,37600100,6440,10734,37800000,37800000
1,189,37800000,37800100,6440,10734,38000000,38000000
1,190,38000000,38000100,6440,10734,38200000,38200000
1,191,38200000,38200100,6440,10734,38400000,38400000
1,192,38400000,38400100,6440,10734,38600000,38600000
1,193,38600000,38600100,6440,10734,38800000,38800000
1,194,38800000,38800100,6440,10734,39000000,39000000
1,195,39000000,39000100,6440,10734,39200000,39200000
1,196,39200000,39200100,6440,10734,39400000,39400000
1,197,39400000,39400100,6440,10734,39600000,39600000
1,198,39600000,39600100,6440,10734,39800000,39800000
1,199,39800000,39800100,6440,10734,40000000,40000000
1,200,40000000,40000100,6440,10734,40200000,40200000
1,201,40200000,40200100,6440,10734,40400000,40400000
1,202,40400000,40400100,6440,10734,40600000,40600000
1,203,40600000,40600100,6440,10734,40800000,40800000
1,204,40800000,40800100,6440,10734,41000000,41000000
1,205,41000000,41000100,6440,10734,41200000,41200000
1,206,41200000,41200100,6440,10734,41400000,41400000
1,207,41400000,41400100,6440,10734,41600000,41600000
1,208,41600000,41600100,6440,10734,41800000,41800000
1,209,41800000,41800100,6440,10734,42000000,42000000
1,210,42000000,42000100,6440,10734,42200000,42200000
1,211,42200000,42200100,6440,10734,42400000,42400000
1,212,42400000,42400100,6440,10734,42600000,42600000
1,213,42600000,42600100,6440,10734,42800000,42800000
1,214,42800000,42800100,6440,10734,43000000,43000000
1,215,43000000,43000100,6440,10734,43200000,43200000
1,216,43200000,43200100,6440,10734,43400000,43400000
1,217,43400000,43400100,6440,10734,43600000,43600000
1,218,43600000,43600100,6440,10734,43800000,43800000
1,219,43800000,43800100,6440,10734,44000000,44000000
1,220,44000000,44000100,6440,10734,44200000,44200000
1,221,44200000,44200100,6440,10734,44400000,44400000
1,222,44400000,44400100,6440,10734,44600000,44600000
1,223,44600000,44600100,6440,10734,44800000,44800000
1,224,44800000,44800100,6440,10734,45000000,45000000
1,225,45000000,45000100,6440,10734,45200000,45200000
1,226,45200000,45200100,6440,10734,45400000,45400000
1,227,45400000,45400100,6440,10734,45600000,45600000
1,228,45600000,45600100,6440,10734,45800000,45800000
1,229,45800000,45800100,6440,10734,46000000,46000000
1,230,46000000,46000100,6440,10734,46200000,46200000
1,231,46200000,46200100,6440,10734,46400000,46400000
1,232,46400000,46400100,6440,10734,46600000,46600000
1,233,46600000,46600100,6440,10734,46800000,46800000
1,234,46800000,46800100,6440,10734,47000000,47000000
1,235,47000000,47000100,6440,10734,47200000,47200000
1,236,47200000,47200100,6440,10734,47400000,47400000
1,237,47400000,47400100,6440,10734,47600000,47600000
1,238,47600000,47600100,6440,10734,47800000,47800000
1,239,47800000,47800100,6440,10734,48000000,48000000
1,240,48000000,48000100,6440,10734,48200000,48200000
1,241,48200000,48200100,6440,10734,48400000,48400000
1,242,48400000,48400100,6440,10734,48600000,48600000
1,243,48600000,48600100,6440,10734,48800000,48800000
1,244,48800000,48800100,6440,10734,49000000,49000000
1,245,49000000,49000100,6440,10734,49200000,49200000
1,246,49200000,49200100,6440,10734,49400000,49400000
1,247,49400000,49400100,6440,10734,49600000,49600000
1,248,49600000,49600100,6440,10734,49800000,49800000
1,249,49800000,49800100,6440,10734,50000000,50000000
1,250,50000000,50000100,6440,10734,50200000,50200000
1,251,50200000,50200100,6440,10734,50400000,50400000
1,252,50400000,50400100,6440,10734,50600000,50600000
1,253,50600000,50600100,6440,10734,50800000,50800000
1,254,50800000,50800100,6440,10734,51000000,51000000
1,255,51000000,51000100,6440,10734,51200000,51200000
1,256,51200000,51200100,6440,10734,51400000,51400000
1,257,51400000,51400100,6440,10734,51600000,51600000
1,258,51600000,51600100,6440,10734,51800000,51800000
1,259,51800000,51800100,6440,10734,52000000,52000000
1,260,52000000,52000100,6440,10734,52200000,52200000
1,261,52200000,52200100,6440,10734,52400000,52400000
1,262,52400000,52400100,6440,10734,52600000,52600000
1,263,52600000,52600100,6440,10734,52800000,52800000
1,264,52800000,52800100,6440,10734,53000000,53000000
1,265,53000000,53000100,6440,10734,53200000,53200000
1,266,53200000,53200100,6440,10734,53400000,53400000
1,267,53400000,53400100,6440,10734,53600000,53600000
1,268,53600000,53600100,6440,10734,53800000,53800000
1,269,53800000,53800100,6440,10734,54000000,54000000
1,270,54000000,54000100,6440,10734,54200000,54200000
1,271,54200000,54200100,6440,10734,54400000,54400000
1,272,54400000,54400100,6440,10734,54600000,54600000
1,273,54600000,54600100,6440,10734,54800000,54800000
1,274,54800000,54800100,6440,10734,55000000,55000000
1,275,55000000,55000100,6440,10734,55200000,55200000
1,276,55200000,55200100,6440,10734,55400000,55400000
1,277,55400000,55400100,6440,10734,55600000,55600000
1,278,55600000,55600100,6440,10734,55800000,55800000
1,279,55800000,55800100,6440,10734,56000000,56000000
1,280,56000000,56000100,6440,10734,56200000,56200000
1,281,56200000,56200100,6440,10734,56400000,56400000
1,282,56400000,56400100,6440,10734,56600000,56600000
1,283,56600000,56600100,6440,10734,56800000,56800000
1,284,56800000,56800100,6440,10734,57000000,57000000
1,285,57000000,57000100,6440,10734,57200000,57200000
1,286,57200000,57200100,6440,10734,57400000,57400000
1,287,57400000,57400100,6440,10734,57600000,57600000
1,288,57600000,57600100,6440,10734,57800000,57800000
1,289,57800000,57800100,6440,10734,58000000,58000000
1,290,58000000,58000100,6440,10734,58200000,58200000
1,291,58200000,58200100,6440,10734,58400000,58400000
1,292,58400000,58400100,6440,10734,58600000,58600000
1,293,58600000,58600100,6440,10734,58800000,58800000
1,294,58800000,58800100,6440,10734,59000000,59000000
1,295,59000000,59000100,6440,10734,59200000,59200000
1,296,59200000,59200100,6440,10734,59400000,59400000
1,297,59400000,59400100,6440,10734,59600000,59600000
1,298,59600000,59600100,6440,10734,59800000,59800000
1,299,59800000,59800100,6440,10734,60000000,60000000
1,300,60000000,60000100,6440,10734,60200000,60200000
1,301,60200000,60200100,6440,10734,60400000,60400000
1,302,60400000,60400100,6440,10734,60600000,60600000
1,303,60600000,60600100,6440,10734,60800000,60800000
1,304,60800000,60800100,6440,10734,61000000,61000000
1,305,61000000,61000100,6440,10734,61200000,61200000
1,306,61200000,61200100,6440,10734,61400000,61400000
1,307,61400000,61400100,6440,10734,61600000,61600000
1,308,61600000,61600100,6440,10734,61800000,61800000
1,309,61800000,61800100,6440,10734,62000000,62000000
1,310,62000000,62000100,6440,10734,62200000,62200000
1,311,62200000,62200100,6440,10734,62400000,62400000
1,312,62400000,62400100,6440,10734,62600000,62600000
1,313,62600000,62600100,6440,10734,62800000,62800000
1,314,62800000,62800100,6440,10734,63000000,63000000
1,315,63000000,63000100,6440,10734,63200000,63200000
1,316,63200000,63200100,6440,10734,63400000,63400000
1,317,63400000,63400100,6440,10734,63600000,63600000
1,318,63600000,63600100,6440,10734,63800000,63800000
1,319,63800000,63800100,6440,10734,64000000,64000000
1,320,64000000,64000100,6440,10734,64200000,64200000
1,321,64200000,64200100,6440,10734,64400000,64400000
1,322,64400000,64400100,6440,10734,64600000,64600000
1,323,64600000,64600100,6440,10734,64800000,64800000
1,324,64800000,64800100,6440,10734,65000000,65000000
1,325,65000000,65000100,6440,10734,65200000,65200000
1,326,65200000,65200100,6440,10734,65400000,65400000
1,327,65400000,65400100,6440,10734,65600000,65600000
1,328,65600000,65600100,6440,10734,65800000,65800000
1,329,65800000,65800100,6440,10734,66000000,66000000
1,330,66000000,66000100,6440,10734,66200000,66200000
1,331,66200000,66200100,6440,10734,66400000,66400000
1,332,66400000,66400100,6440,10734,66600000,66600000
1,333,66600000,66600100,6440,10734,66800000,66800000
1,334,66800000,66800100,6440,10734,67000000,67000000
1,335,67000000,67000100,6440,10734,67200000,67200000
1,336,67200000,67200100,6440,10734,67400000,67400000
1,337,67400000,67400100,6440,10734,67600000,67600000
1,338,67600000,67600100,6440,10734,67800000,67800000
1,339,67800000,67800100,6440,10734,68000000,68000000
1,340,68000000,68000100,6440,10734,68200000,68200000
1,341,68200000,68200100,6440,10734,68400000,68400000
1,342,68400000,68400100,6440,10734,68600000,68600000
1,343,68600000,68600100,6440,10734,68800000,68800000
1,344,68800000,68800100,6440,10734,69000000,69000000
1,345,69000000,69000100,6440,10734,69200000,69200000
1,346,69200000,69200100,6440,10734,69400000,69400000
1,347,69400000,69400100,6440,10734,69600000,69600000
1,348,69600000,69600100,6440,10734,69800000,69800000
1,349,69800000,69800100,6440,10734,70000000,70000000
1,350,70000000,70000100,6440,10734,70200000,70200000
1,351,70200000,70200100,6440,10734,70400000,70400000
1,352,70400000,70400100,6440,10734,70600000,70600000
1,353,70600000,70600100,6440,10734,70800000,70800000
1,354,70800000,70800100,6440,10734,71000000,71000000
1,355,71000000,71000100,6440,10734,71200000,71200000
1,356,71200000,71200100,6440,10734,71400000,71400000
1,357,71400000,71400100,6440,10734,71600000,71600000
1,358,71600000,71600100,6440,10734,71800000,71800000
1,359,71800000,71800100,6440,10734,72000000,72000000
1,360,72000000,72000100,6440,10734,72200000,72200000
1,361,72200000,72200100,6440,10734,72400000,72400000
1,362,72400000,72400100,6440,10734,72600000,72600000
1,363,72600000,72600100,6440,10734,72800000,72800000
1,364,72800000,72800100,6440,10734,73000000,73000000
1,365,73000000,73000100,6440,10734,73200000,73200000
1,366,73200000,73200100,6440,10734,73400000,73400000
1,367,73400000,73400100,6440,10734,73600000,73600000
1,368,73600000,73600100,6440,10734,73800000,73800000
1,369,73800000,73800100,6440,10734,74000000,74000000
1,370,74000000,74000100,6440,10734,74200000,74200000
1,371,74200000,74200100,6440,10734,74400000,74400000
1,372,74400000,74400100,6440,10734,74600000,74600000
1,373,74600000,74600100,6440,10734,74800000,74800000
1,374,74800000,74800100,6440,10734,75000000,75000000
1,375,75000000,75000100,6440,10734,75200000,75200000
1,376,75200000,75200100,6440,10734,75400000,75400000
1,377,75400000,75400100,6440,10734,75600000,75600000
1,378,75600000,75600100,6440,10734,75800000,75800000
1,379,75800000,75800100,6440,10734,76000000,76000000
1,380,76000000,76000100,6440,10734,76200000,76200000
1,381,76200000,76200100,6440,10734,76400000,76400000
1,382,76400000,76400100,6440,10734,76600000,76600000
1,383,76600000,76600100,6440,10734,76800000,76800000
1,384,76800000,76800100,6440,10734,77000000,77000000
1,385,77000000,77000100,6440,10734,77200000,77200000
1,386,77200000,77200100,6440,10734,77400000,77400000
1,387,77400000,77400100,6440,10734,77600000,77600000
1,388,77600000,77600100,6440,10734,77800000,77800000
1,389,77800000,77800100,6440,10734,78000000,78000000
1,390,78000000,78000100,6440,10734,78200000,78200000
1,391,78200000,78200100,6440,10734,78400000,78400000
1,392,78400000,78400100,6440,10734,78600000,78600000
1,393,78600000,78600100,6440,10734,78800000,78800000
1,394,78800000,78800100,6440,10734,79000000,79000000
1,395,79000000,79000100,6440,10734,79200000,79200000
1,396,79200000,79200100,6440,10734,79400000,79400000
1,397,79400000,79400100,6440,10734,79600000,79600000
1,398,79600000,79600100,6440,10734,79800000,79800000
1,399,79800000,79800100,6440,10734,80000000,80000000
1,400,80000000,80000100,6440,10734,80200000,80200000
1,401,80200000,80200100,6440,10734,80400000,80400000
1,402,80400000,80400100,6440,10734,80600000,80600000
1,403,80600000,80600100,6440,10734,80800000,80800000
1,404,80800000,80800100,6440,10734,81000000,81000000
1,405,81000000,81000100,6440,10734,81200000,81200000
1,406,81200000,81200100,6440,10734,81400000,81400000
1,407,81400000,81400100,6440,10734,81600000,81600000
1,408,81600000,81600100,6440,10734,81800000,81800000
1,409,81800000,81800100,6440,10734,82000000,82000000
1,410,82000000,82000100,6440,10734,82200000,82200000
1,411,82200000,82200100,6440,10734,82400000,82400000
1,412,82400000,82400100,6440,10734,82600000,82600000
1,413,82600000,82600100,6440,10734,82800000,82800000
1,414,82800000,82800100,6440,10734,83000000,83000000
1,415,83000000,83000100,6440,10734,83200000,83200000
1,416,83200000,83200100,6440,10734,83400000,83400000
1,417,83400000,83400100,6440,10734,83600000,83600000
1,418,83600000,83600100,6440,10734,83800000,83800000
1,419,83800000,83800100,6440,10734,84000000,84000000
1,420,84000000,84000100,6440,10734,84200000,84200000
1,421,84200000,84200100,6440,10734,84400000,84400000
1,422,84400000,84400100,6440,10734,84600000,84600000
1,423,84600000,84600100,6440,10734,84800000,84800000
1,424,84800000,84800100,6440,10734,85000000,85000000
1,425,85000000,85000100,6440,10734,85200000,85200000
1,426,85200000,85200100,6440,10734,85400000,85400000
1,427,85400000,85400100,6440,10734,85600000,85600000
1,428,85600000,85600100,6440,10734,85800000,85800000
1,429,85800000,85800100,6440,10734,86000000,86000000
1,430,86000000,86000100,6440,10734,86200000,86200000
1,431,86200000,86200100,6440,10734,86400000,86400000
1,432,86400000,86400100,6440,10734,86600000,86600000
1,433,86600000,86600100,6440,10734,86800000,86800000
1,434,86800000,86800100,6440,10734,87000000,87000000
1,435,87000000,87000100,6440,10734,87200000,87200000
1,436,87200000,87200100,6440,10734,87400000,87400000
1,437,87400000,87400100,6440,10734,87600000,87600000
1,438,87600000,87600100,6440,10734,87800000,87800000
1,439,87800000,87800100,6440,10734,88000000,88000000
1,440,88000000,88000100,6440,10734,88200000,88200000
1,441,88200000,88200100,6440,10734,88400000,88400000
1,442,88400000,88400100,6440,10734,88600000,88600000
1,443,88600000,88600100,6440,10734,88800000,88800000
1,444,88800000,88800100,6440,10734,89000000,89000000
1,445,89000000,89000100,6440,10734,89200000,89200000
1,446,89200000,89200100,6440,10734,89400000,89400000
1,447,89400000,89400100,6440,10734,89600000,89600000
1,448,89600000,89600100,6440,10734,89800000,89800000
1,449,89800000,89800100,6440,10734,90000000,90000000
1,450,90000000,90000100,6440,10734,90200000,90200000
1,451,90200000,90200100,6440,10734,90400000,90400000
1,452,90400000,90400100,6440,10734,90600000,90600000
1,453,90600000,90600100,6440,10734,90800000,90800000
1,454,90800000,90800100,6440,10734,91000000,91000000
1,455,91000000,91000100,6440,10734,91200000,91200000
1,456,91200000,91200100,6440,10734,91400000,91400000
1,457,91400000,91400100,6440,10734,91600000,91600000
1,458,91600000,91600100,6440,10734,91800000,91800000
1,459,91800000,91800100,6440,10734,92000000,92000000
1,460,92000000,92000100,6440,10734,92200000,92200000
1,461,92200000,92200100,6440,10734,92400000,92400000
1,462,92400000,92400100,6440,10734,92600000,92600000
1,463,92600000,92600100,6440,10734,92800000,92800000
1,464,92800000,92800100,6440,10734,93000000,93000000
1,465,93000000,93000100,6440,10734,93200000,93200000
1,466,93200000,93200100,6440,10734,93400000,93400000
1,467,93400000,93400100,6440,10734,93600000,93600000
1,468,93600000,93600100,6440,10734,93800000,93800000
1,469,93800000,93800100,6440,10734,94000000,94000000
1,470,94000000,94000100,6440,10734,94200000,94200000
1,471,94200000,94200100,6440,10734,94400000,94400000
1,472,94400000,94400100,6440,10734,94600000,94600000
1,473,94600000,94600100,6440,10734,94800000,94800000
1,474,94800000,94800100,6440,10734,95000000,95000000
1,475,95000000,95000100,6440,10734,95200000,95200000
1,476,95200000,95200100,6440,10734,95400000,95400000
1,477,95400000,95400100,6440,10734,95600000,95600000
1,478,95600000,95600100,6440,10734,95800000,95800000
1,479,95800000,95800100,6440,10734,96000000,96000000
1,480,96000000,96000100,6440,10734,96200000,96200000
1,481,96200000,96200100,6440,10734,96400000,96400000
1,482,96400000,96400100,6440,10734,96600000,96600000
1,483,96600000,96600100,6440,10734,96800000,96800000
1,484,96800000,96800100,6440,10734,97000000,97000000
1,485,97000000,97000100,6440,10734,97200000,97200000
1,486,97200000,97200100,6440,10734,97400000,97400000
1,487,97400000,97400100,6440,10734,97600000,97600000
1,488,97600000,97600100,6440,10734,97800000,97800000
1,489,97800000,97800100,6440,10734,98000000,98000000
1,490,98000000,98000100,6440,10734,98200000,98200000
1,491,98200000,98200100,6440,10734,98400000,98400000
1,492,98400000,98400100,6440,10734,98600000,98600000
1,493,98600000,98600100,6440,10734,98800000,98800000
1,494,98800000,98800100,6440,10734,99000000,99000000
1,495,99000000,99000100,6440,10734,99200000,99200000
1,496,99200000,99200100,6440,10734,99400000,99400000
1,497,99400000,99400100,6440,10734,99600000,99600000
1,498,99600000,99600100,6440,10734,99800000,99800000
1,499,99800000,99800100,6440,10734,100000000,100000000
1,500,100000000,100000100,6440,10734,100200000,100200000
1,501,100200000,100200100,6440,10734,100400000,100400000
1,502,100400000,100400100,6440,10734,100600000,100600000
1,503,100600000,100600100,6440,10734,100800000,100800000
1,504,100800000,100800100,6440,10734,101000000,101000000
1,505,101000000,101000100,6440,10734,101200000,101200000
1,506,101200000,101200100,6440,10734,101400000,101400000
1,507,101400000,101400100,6440,10734,101600000,101600000
1,508,101600000,101600100,6440,10734,101800000,101800000
1,509,101800000,101800100,6440,10734,102000000,102000000
1,510,102000000,102000100,6440,10734,102200000,102200000
1,511,102200000,102200100,6440,10734,102400000,102400000
1,512,102400000,102400100,6440,10734,102600000,102600000
1,513,102600000,102600100,6440,10734,102800000,102800000
1,514,102800000,102800100,6440,10734,103000000,103000000
1,515,103000000,103000100,6440,10734,103200000,103200000
1,516,103200000,103200100,6440,10734,103400000,103400000
1,517,103400000,103400100,6440,10734,103600000,103600000
1,518,103600000,103600100,6440,10734,103800000,103800000
1,519,103800000,103800100,6440,10734,104000000,104000000
1,520,104000000,104000100,6440,10734,104200000,104200000
1,521,104200000,104200100,6440,10734,104400000,104400000
1,522,104400000,104400100,6440,10734,104600000,104600000
1,523,104600000,104600100,6440,10734,104800000,104800000
1,524,104800000,104800100,6440,10734,105000000,105000000
1,525,105000000,105000100,6440,10734,105200000,105200000
1,526,105200000,105200100,6440,10734,105400000,105400000
1,527,105400000,105400100,6440,10734,105600000,105600000
1,528,105600000,105600100,6440,10734,105800000,105800000
1,529,105800000,105800100,6440,10734,106000000,106000000
1,530,106000000,106000100,6440,10734,106200000,106200000
1,531,106200000,106200100,6440,10734,106400000,106400000
1,532,106400000,106400100,6440,10734,106600000,106600000
1,533,106600000,106600100,6440,10734,106800000,106800000
1,534,106800000,106800100,6440,10734,107000000,107000000
1,535,107000000,107000100,6440,10734,107200000,107200000
1,536,107200000,107200100,6440,10734,107400000,107400000
1,537,107400000,107400100,6440,10734,107600000,107600000
1,538,107600000,107600100,6440,10734,107800000,107800000
1,539,107800000,107800100,6440,10734,108000000,108000000
1,540,108000000,108000100,6440,10734,108200000,108200000
1,541,108200000,108200100,6440,10734,108400000,108400000
1,542,108400000,108400100,6440,10734,108600000,108600000
1,543,108600000,108600100,6440,10734,108800000,108800000
1,544,108800000,108800100,6440,10734,109000000,109000000
1,545,109000000,109000100,6440,10734,109200000,109200000
1,546,109200000,109200100,6440,10734,109400000,109400000
1,547,109400000,109400100,6440,10734,109600000,109600000
1,548,109600000,109600100,6440,10734,109800000,109800000
1,549,109800000,109800100,6440,10734,110000000,110000000
1,550,110000000,110000100,6440,10734,110200000,110200000
1,551,110200000,110200100,6440,10734,110400000,110400000
1,552,110400000,110400100,6440,10734,110600000,110600000
1,553,110600000,110600100,6440,10734,110800000,110800000
1,554,110800000,110800100,6440,10734,111000000,111000000
1,555,111000000,111000100,6440,10734,111200000,111200000
1,556,111200000,111200100,6440,10734,111400000,111400000
1,557,111400000,111400100,6440,10734,111600000,111600000
1,558,111600000,111600100,6440,10734,111800000,111800000
1,559,111800000,111800100,6440,10734,112000000,112000000
1,560,112000000,112000100,6440,10734,112200000,112200000
1,561,112200000,112200100,6440,10734,112400000,112400000
1,562,112400000,112400100,6440,10734,112600000,112600000
1,563,112600000,112600100,6440,10734,112800000,112800000
1,564,112800000,112800100,6440,10734,113000000,113000000
1,565,113000000,113000100,6440,10734,113200000,113200000
1,566,113200000,113200100,6440,10734,113400000,113400000
1,567,113400000,113400100,6440,10734,113600000,113600000
1,568,113600000,113600100,6440,10734,113800000,113800000
1,569,113800000,113800100,6440,10734,114000000,114000000
1,570,114000000,114000100,6440,10734,114200000,114200000
1,571,114200000,114200100,6440,10734,114400000,114400000
1,572,114400000,114400100,6440,10734,114600000,114600000
1,573,114600000,114600100,6440,10734,114800000,114800000
1,574,114800000,114800100,6440,10734,115000000,115000000
1,575,115000000,115000100,6440,10734,115200000,115200000
1,576,115200000,115200100,6440,10734,115400000,115400000
1,577,115400000,115400100,6440,10734,115600000,115600000
1,578,115600000,115600100,6440,10734,115800000,115800000
1,579,115800000,115800100,6440,10734,116000000,116000000
1,580,116000000,116000100,6440,10734,116200000,116200000
1,581,116200000,116200100,6440,10734,116400000,116400000
1,582,116400000,116400100,6440,10734,116600000,116600000
1,583,116600000,116600100,6440,10734,116800000,116800000
1,584,116800000,116800100,6440,10734,117000000,117000000
1,585,117000000,117000100,6440,10734,117200000,117200000
1,586,117200000,117200100,6440,10734,117400000,117400000
1,587,117400000,117400100,6440,10734,117600000,117600000
1,588,117600000,117600100,6440,10734,117800000,117800000
1,589,117800000,117800100,6440,10734,118000000,118000000
1,590,118000000,118000100,6440,10734,118200000,118200000
1,591,118200000,118200100,6440,10734,118400000,118400000
1,592,118400000,118400100,6440,10734,118600000,118600000
1,593,118600000,118600100,6440,10734,118800000,118800000
1,594,118800000,118800100,6440,10734,119000000,119000000
1,595,119000000,119000100,6440,10734,119200000,119200000
1,596,119200000,119200100,6440,10734,119400000,119400000
1,597,119400000,119400100,6440,10734,119600000,119600000
1,598,119600000,119600100,6440,10734,119800000,119800000
1,599,119800000,119800100,6440,10734,120000000,120000000
1,600,120000000,120000100,6440,10734,120200000,120200000
1,601,120200000,120200100,6440,10734,120400000,120400000
1,602,120400000,120400100,6440,10734,120600000,120600000
1,603,120600000,120600100,6440,10734,120800000,120800000
1,604,120800000,120800100,6440,10734,121000000,121000000
1,605,121000000,121000100,6440,10734,121200000,121200000
1,606,121200000,121200100,6440,10734,121400000,121400000
1,607,121400000,121400100,6440,10734,121600000,121600000
1,608,121600000,121600100,6440,10734,121800000,121800000
1,609,121800000,121800100,6440,10734,122000000,122000000
1,610,122000000,122000100,6440,10734,122200000,122200000
1,611,122200000,122200100,6440,10734,122400000,122400000
1,612,122400000,122400100,6440,10734,122600000,122600000
1,613,122600000,122600100,6440,10734,122800000,122800000
1,614,122800000,122800100,6440,10734,123000000,123000000
1,615,123000000,123000100,6440,10734,123200000,123200000
1,616,123200000,123200100,6440,10734,123400000,123400000
1,617,123400000,123400100,6440,10734,123600000,123600000
1,618,123600000,123600100,6440,10734,123800000,123800000
1,619,123800000,123800100,6440,10734,124000000,124000000
1,620,124000000,124000100,6440,10734,124200000,124200000
1,621,124200000,124200100,6440,10734,124400000,124400000
1,622,124400000,124400100,6440,10734,124600000,124600000
1,623,124600000,124600100,6440,10734,124800000,124800000
1,624,124800000,124800100,6440,10734,125000000,125000000
1,625,125000000,125000100,6440,10734,125200000,125200000
1,626,125200000,125200100,6440,10734,125400000,125400000
1,627,125400000,125400100,6440,10734,125600000,125600000
1,628,125600000,125600100,6440,10734,125800000,125800000
1,629,125800000,125800100,6440,10734,126000000,126000000
1,630,126000000,126000100,6440,10734,126200000,126200000
1,631,126200000,126200100,6440,10734,126400000,126400000
1,632,126400000,126400100,6440,10734,126600000,126600000
1,633,126600000,126600100,6440,10734,126800000,126800000
1,634,126800000,126800100,6440,10734,127000000,127000000
1,635,127000000,127000100,6440,10734,127200000,127200000
1,636,127200000,127200100,6440,10734,127400000,127400000
1,637,127400000,127400100,6440,10734,127600000,127600000
1,638,127600000,127600100,6440,10734,127800000,127800000
1,639,127800000,127800100,6440,10734,128000000,128000000
1,640,128000000,128000100,6440,10734,128200000,128200000
1,641,128200000,128200100,6440,10734,128400000,128400000
1,642,128400000,128400100,6440,10734,128600000,128600000
1,643,128600000,128600100,6440,10734,128800000,128800000
1,644,128800000,128800100,6440,10734,129000000,129000000
1,645,129000000,129000100,6440,10734,129200000,129200000
1,646,129200000,129200100,6440,10734,129400000,129400000
1,647,129400000,129400100,6440,10734,129600000,129600000
1,648,129600000,129600100,6440,10734,129800000,129800000
1,649,129800000,129800100,6440,10734,130000000,130000000
1,650,130000000,130000100,6440,10734,130200000,130200000
1,651,130200000,130200100,6440,10734,130400000,130400000
1,652,130400000,130400100,6440,10734,130600000,130600000
1,653,130600000,130600100,6440,10734,130800000,130800000
1,654,130800000,130800100,6440,10734,131000000,131000000
1,655,131000000,131000100,6440,10734,131200000,131200000
1,656,131200000,131200100,6440,10734,131400000,131400000
1,657,131400000,131400100,6440,10734,131600000,131600000
1,658,131600000,131600100,6440,10734,131800000,131800000
1,659,131800000,131800100,6440,10734,132000000,132000000
1,660,132000000,132000100,6440,10734,132200000,132200000
1,661,132200000,132200100,6440,10734,132400000,132400000
1,662,132400000,132400100,6440,10734,132600000,132600000
1,663,132600000,132600100,6440,10734,132800000,132800000
1,664,132800000,132800100,6440,10734,133000000,133000000
1,665,133000000,133000100,6440,10734,133200000,133200000
1,666,133200000,133200100,6440,10734,133400000,133400000
1,667,133400000,133400100,6440,10734,133600000,133600000
1,668,133600000,133600100,6440,10734,133800000,133800000
1,669,133800000,133800100,6440,10734,134000000,134000000
1,670,134000000,134000100,6440,10734,134200000,134200000
1,671,134200000,134200100,6440,10734,134400000,134400000
1,672,134400000,134400100,6440,10734,134600000,134600000
1,673,134600000,134600100,6440,10734,134800000,134800000
1,674,134800000,134800100,6440,10734,135000000,135000000
1,675,135000000,135000100,6440,10734,135200000,135200000
1,676,135200000,135200100,6440,10734,135400000,135400000
1,677,135400000,135400100,6440,10734,135600000,135600000
1,678,135600000,135600100,6440,10734,135800000,135800000
1,679,135800000,135800100,6440,10734,136000000,136000000
1,680,136000000,136000100,6440,10734,136200000,136200000
1,681,136200000,136200100,6440,10734,136400000,136400000
1,682,136400000,136400100,6440,10734,136600000,136600000
1,683,136600000,136600100,6440,10734,136800000,136800000
1,684,136800000,136800100,6440,10734,137000000,137000000
1,685,137000000,137000100,6440,10734,137200000,137200000
1,686,137200000,137200100,6440,10734,137400000,137400000
1,687,137400000,137400100,6440,10734,137600000,137600000
1,688,137600000,137600100,6440,10734,137800000,137800000
1,689,137800000,137800100,6440,10734,138000000,138000000
1,690,138000000,138000100,6440,10734,138200000,138200000
1,691,138200000,138200100,6440,10734,138400000,138400000
1,692,138400000,138400100,6440,10734,138600000,138600000
1,693,138600000,138600100,6440,10734,138800000,138800000
1,694,138800000,138800100,6440,10734,139000000,139000000
1,695,139000000,139000100,6440,10734,139200000,139200000
1,696,139200000,139200100,6440,10734,139400000,139400000
1,697,139400000,139400100,6440,10734,139600000,139600000
1,698,139600000,139600100,6440,10734,139800000,139800000
1,699,139800000,139800100,6440,10734,140000000,140000000
1,700,140000000,140000100,6440,10734,140200000,140200000
1,701,140200000,140200100,6440,10734,140400000,140400000
1,702,140400000,140400100,6440,10734,140600000,140600000
1,703,140600000,140600100,6440,10734,140800000,140800000
1,704,140800000,140800100,6440,10734,141000000,141000000
1,705,141000000,141000100,6440,10734,141200000,141200000
1,706,141200000,141200100,6440,10734,141400000,141400000
1,707,141400000,141400100,6440,10734,141600000,141600000
1,708,141600000,141600100,6440,10734,141800000,141800000
1,709,141800000,141800100,6440,10734,142000000,142000000
1,710,142000000,142000100,6440,10734,142200000,142200000
1,711,142200000,142200100,6440,10734,142400000,142400000
1,712,142400000,142400100,6440,10734,142600000,142600000
1,713,142600000,142600100,6440,10734,142800000,142800000
1,714,142800000,142800100,6440,10734,143000000,143000000
1,715,143000000,143000100,6440,10734,143200000,143200000
1,716,143200000,143200100,6440,10734,143400000,143400000
1,717,143400000,143400100,6440,10734,143600000,143600000
1,718,143600000,143600100,6440,10734,143800000,143800000
1,719,143800000,143800100,6440,10734,144000000,144000000
1,720,144000000,144000100,6440,10734,144200000,144200000
1,721,144200000,144200100,6440,10734,144400000,144400000
1,722,144400000,144400100,6440,10734,144600000,144600000
1,723,144600000,144600100,6440,10734,144800000,144800000
1,724,144800000,144800100,6440,10734,145000000,145000000
1,725,145000000,145000100,6440,10734,145200000,145200000
1,726,145200000,145200100,6440,10734,145400000,145400000
1,727,145400000,145400100,6440,10734,145600000,145600000
1,728,145600000,145600100,6440,10734,145800000,145800000
1,729,145800000,145800100,6440,10734,146000000,146000000
1,730,146000000,146000100,6440,10734,146200000,146200000
1,731,146200000,146200100,6440,10734,146400000,146400000
1,732,146400000,146400100,6440,10734,146600000,146600000
1,733,146600000,146600100,6440,10734,146800000,146800000
1,734,146800000,146800100,6440,10734,147000000,147000000
1,735,147000000,147000100,6440,10734,147200000,147200000
1,736,147200000,147200100,6440,10734,147400000,147400000
1,737,147400000,147400100,6440,10734,147600000,147600000
1,738,147600000,147600100,6440,10734,147800000,147800000
1,739,147800000,147800100,6440,10734,148000000,148000000
1,740,148000000,148000100,6440,10734,148200000,148200000
1,741,148200000,148200100,6440,10734,148400000,148400000
1,742,148400000,148400100,6440,10734,148600000,148600000
1,743,148600000,148600100,6440,10734,148800000,148800000
1,744,148800000,148800100,6440,10734,149000000,149000000
1,745,149000000,149000100,6440,10734,149200000,149200000
1,746,149200000,149200100,6440,10734,149400000,149400000
1,747,149400000,149400100,6440,10734,149600000,149600000
1,748,149600000,149600100,6440,10734,149800000,149800000
1,749,149800000,149800100,6440,10734,150000000,150000000
1,750,150000000,150000100,6440,10734,150200000,150200000
1,751,150200000,150200100,6440,10734,150400000,150400000
1,752,150400000,150400100,6440,10734,150600000,150600000
1,753,150600000,150600100,6440,10734,150800000,150800000
1,754,150800000,150800100,6440,10734,151000000,151000000
1,755,151000000,151000100,6440,10734,151200000,151200000
1,756,151200000,151200100,6440,10734,151400000,151400000
1,757,151400000,151400100,6440,10734,151600000,151600000
1,758,151600000,151600100,6440,10734,151800000,151800000
1,759,151800000,151800100,6440,10734,152000000,152000000
1,760,152000000,152000100,6440,10734,152200000,152200000
1,761,152200000,152200100,6440,10734,152400000,152400000
1,762,152400000,152400100,6440,10734,152600000,152600000
1,763,152600000,152600100,6440,10734,152800000,152800000
1,764,152800000,152800100,6440,10734,153000000,153000000
1,765,153000000,153000100,6440,10734,153200000,153200000
1,766,153200000,153200100,6440,10734,153400000,153400000
1,767,153400000,153400100,6440,10734,153600000,153600000
1,768,153600000,153600100,6440,10734,153800000,153800000
1,769,153800000,153800100,6440,10734,154000000,154000000
1,770,154000000,154000100,6440,10734,154200000,154200000
1,771,154200000,154200100,6440,10734,154400000,154400000
1,772,154400000,154400100,6440,10734,154600000,154600000
1,773,154600000,154600100,6440,10734,154800000,154800000
1,774,154800000,154800100,6440,10734,155000000,155000000
1,775,155000000,155000100,6440,10734,155200000,155200000
1,776,155200000,155200100,6440,10734,155400000,155400000
1,777,155400000,155400100,6440,10734,155600000,155600000
1,778,155600000,155600100,6440,10734,155800000,155800000
1,779,155800000,155800100,6440,10734,156000000,156000000
1,780,156000000,156000100,6440,10734,156200000,156200000
1,781,156200000,156200100,6440,10734,156400000,156400000
1,782,156400000,156400100,6440,10734,156600000,156600000
1,783,156600000,156600100,6440,10734,156800000,156800000
1,784,156800000,156800100,6440,10734,157000000,157000000
1,785,157000000,157000100,6440,10734,157200000,157200000
1,786,157200000,157200100,6440,10734,157400000,157400000
1,787,157400000,157400100,6440,10734,157600000,157600000
1,788,157600000,157600100,6440,10734,157800000,157800000
1,789,157800000,157800100,6440,10734,158000000,158000000
1,790,158000000,158000100,6440,10734,158200000,158200000
1,791,158200000,158200100,6440,10734,158400000,158400000
1,792,158400000,158400100,6440,10734,158600000,158600000
1,793,158600000,158600100,6440,10734,158800000,158800000
1,794,158800000,158800100,6440,10734,159000000,159000000
1,795,159000000,159000100,6440,10734,159200000,159200000
1,796,159200000,159200100,6440,10734,159400000,159400000
1,797,159400000,159400100,6440,10734,159600000,159600000
1,798,159600000,159600100,6440,10734,159800000,159800000
1,799,159800000,159800100,6440,10734,160000000,160000000
1,800,160000000,160000100,6440,10734,160200000,160200000
1,801,160200000,160200100,6440,10734,160400000,160400000
1,802,160400000,160400100,6440,10734,160600000,160600000
1,803,160600000,160600100,6440,10734,160800000,160800000
1,804,160800000,160800100,6440,10734,161000000,161000000
1,805,161000000,161000100,6440,10734,161200000,161200000
1,806,161200000,161200100,6440,10734,161400000,161400000
1,807,161400000,161400100,6440,10734,161600000,161600000
1,808,161600000,161600100,6440,10734,161800000,161800000
1,809,161800000,161800100,6440,10734,162000000,162000000
1,810,162000000,162000100,6440,10734,162200000,162200000
1,811,162200000,162200100,6440,10734,162400000,162400000
1,812,162400000,162400100,6440,10734,162600000,162600000
1,813,162600000,162600100,6440,10734,162800000,162800000
1,814,162800000,162800100,6440,10734,163000000,163000000
1,815,163000000,163000100,6440,10734,163200000,163200000
1,816,163200000,163200100,6440,10734,163400000,163400000
1,817,163400000,163400100,6440,10734,163600000,163600000
1,818,163600000,163600100,6440,10734,163800000,163800000
2,0,0,100,27086,45144,350000,350000
2,1,350000,350100,27086,45144,700000,700000
2,2,700000,700100,27086,45144,1050000,1050000
2,3,1050000,1050100,27086,45144,1400000,1400000
2,4,1400000,1400100,27086,45144,1750000,1750000
2,5,1750000,1750100,27086,45144,2100000,2100000
2,6,2100000,2100100,27086,45144,2450000,2450000
2,7,2450000,2450100,27086,45144,2800000,2800000
2,8,2800000,2800100,27086,45144,3150000,3150000
2,9,3150000,3150100,27086,45144,3500000,3500000
2,10,3500000,3500100,27086,45144,3850000,3850000
2,11,3850000,3850100,27086,45144,4200000,4200000
2,12,4200000,4200100,27086,45144,4550000,4550000
2,13,4550000,4550100,27086,45144,4900000,4900000
2,14,4900000,4900100,27086,45144,5250000,5250000
2,15,5250000,5250100,27086,45144,5600000,5600000
2,16,5600000,5600100,27086,45144,5950000,5950000
2,17,5950000,5950100,27086,45144,6300000,6300000
2,18,6300000,6300100,27086,45144,6650000,6650000
2,19,6650000,6650100,27086,45144,7000000,7000000
2,20,7000000,7000100,27086,45144,7350000,7350000
2,21,7350000,7350100,27086,45144,7700000,7700000
2,22,7700000,7700100,27086,45144,8050000,8050000
2,23,8050000,8050100,27086,45144,8400000,8400000
2,24,8400000,8400100,27086,45144,8750000,8750000
2,25,8750000,8750100,27086,45144,9100000,9100000
2,26,9100000,9100100,27086,45144,9450000,9450000
2,27,9450000,9450100,27086,45144,9800000,9800000
2,28,9800000,9800100,27086,45144,10150000,10150000
2,29,10150000,10150100,27086,45144,10500000,10500000
2,30,10500000,10500100,27086,45144,10850000,10850000
2,31,10850000,10850100,27086,45144,11200000,11200000
2,32,11200000,11200100,27086,45144,11550000,11550000
2,33,11550000,11550100,27086,45144,11900000,11900000
2,34,11900000,11900100,27086,45144,12250000,12250000
2,35,12250000,12250100,27086,45144,12600000,12600000
2,36,12600000,12600100,27086,45144,12950000,12950000
2,37,12950000,12950100,27086,45144,13300000,13300000
2,38,13300000,13300100,27086,45144,13650000,13650000
2,39,13650000,13650100,27086,45144,14000000,14000000
2,40,14000000,14000100,27086,45144,14350000,14350000
2,41,14350000,14350100,27086,45144,14700000,14700000
2,42,14700000,14700100,27086,45144,15050000,15050000
2,43,15050000,15050100,27086,45144,15400000,15400000
2,44,15400000,15400100,27086,45144,15750000,15750000
2,45,15750000,15750100,27086,45144,16100000,16100000
2,46,16100000,16100100,27086,45144,16450000,16450000
2,47,16450000,16450100,27086,45144,16800000,16800000
2,48,16800000,16800100,27086,45144,17150000,17150000
2,49,17150000,17150100,27086,45144,17500000,17500000
2,50,17500000,17500100,27086,45144,17850000,17850000
2,51,17850000,17850100,27086,45144,18200000,18200000
2,52,18200000,18200100,27086,45144,18550000,18550000
2,53,18550000,18550100,27086,45144,18900000,18900000
2,54,18900000,18900100,27086,45144,19250000,19250000
2,55,19250000,19250100,27086,45144,19600000,19600000
2,56,19600000,19600100,27086,45144,19950000,19950000
2,57,19950000,19950100,27086,45144,20300000,20300000
2,58,20300000,20300100,27086,45144,20650000,20650000
2,59,20650000,20650100,27086,45144,21000000,21000000
2,60,21000000,21000100,27086,45144,21350000,21350000
2,61,21350000,21350100,27086,45144,21700000,21700000
2,62,21700000,21700100,27086,45144,22050000,22050000
2,63,22050000,22050100,27086,45144,22400000,22400000
2,64,22400000,22400100,27086,45144,22750000,22750000
2,65,22750000,22750100,27086,45144,23100000,23100000
2,66,23100000,23100100,27086,45144,23450000,23450000
2,67,23450000,23450100,27086,45144,23800000,23800000
2,68,23800000,23800100,27086,45144,24150000,24150000
2,69,24150000,24150100,27086,45144,24500000,24500000
2,70,24500000,24500100,27086,45144,24850000,24850000
2,71,24850000,24850100,27086,45144,25200000,25200000
2,72,25200000,25200100,27086,45144,25550000,25550000
2,73,25550000,25550100,27086,45144,25900000,25900000
2,74,25900000,25900100,27086,45144,26250000,26250000
2,75,26250000,26250100,27086,45144,26600000,26600000
2,76,26600000,26600100,27086,45144,26950000,26950000
2,77,26950000,26950100,27086,45144,27300000,27300000
2,78,27300000,27300100,27086,45144,27650000,27650000
2,79,27650000,27650100,27086,45144,28000000,28000000
2,80,28000000,28000100,27086,45144,28350000,28350000
2,81,28350000,28350100,27086,45144,28700000,28700000
2,82,28700000,28700100,27086,45144,29050000,29050000
2,83,29050000,29050100,27086,45144,29400000,29400000
2,84,29400000,29400100,27086,45144,29750000,29750000
2,85,29750000,29750100,27086,45144,30100000,30100000
2,86,30100000,30100100,27086,45144,30450000,30450000
2,87,30450000,30450100,27086,45144,30800000,30800000
2,88,30800000,30800100,27086,45144,31150000,31150000
2,89,31150000,31150100,27086,45144,31500000,31500000
2,90,31500000,31500100,27086,45144,31850000,31850000
2,91,31850000,31850100,27086,45144,32200000,32200000
2,92,32200000,32200100,27086,45144,32550000,32550000
2,93,32550000,32550100,27086,45144,32900000,32900000
2,94,32900000,32900100,27086,45144,33250000,33250000
2,95,33250000,33250100,27086,45144,33600000,33600000
2,96,33600000,33600100,27086,45144,33950000,33950000
2,97,33950000,33950100,27086,45144,34300000,34300000
2,98,34300000,34300100,27086,45144,34650000,34650000
2,99,34650000,34650100,27086,45144,35000000,35000000
2,100,35000000,35000100,27086,45144,35350000,35350000
2,101,35350000,35350100,27086,45144,35700000,35700000
2,102,35700000,35700100,27086,45144,36050000,36050000
2,103,36050000,36050100,27086,45144,36400000,36400000
2,104,36400000,36400100,27086,45144,36750000,36750000
2,105,36750000,36750100,27086,45144,37100000,37100000
2,106,37100000,37100100,27086,45144,37450000,37450000
2,107,37450000,37450100,27086,45144,37800000,37800000
2,108,37800000,37800100,27086,45144,38150000,38150000
2,109,38150000,38150100,27086,45144,38500000,38500000
2,110,38500000,38500100,27086,45144,38850000,38850000
2,111,38850000,38850100,27086,45144,39200000,39200000
2,112,39200000,39200100,27086,45144,39550000,39550000
2,113,39550000,39550100,27086,45144,39900000,39900000
2,114,39900000,39900100,27086,45144,40250000,40250000
2,115,40250000,40250100,27086,45144,40600000,40600000
2,116,40600000,40600100,27086,45144,40950000,40950000
2,117,40950000,40950100,27086,45144,41300000,41300000
2,118,41300000,41300100,27086,45144,41650000,41650000
2,119,41650000,41650100,27086,45144,42000000,42000000
2,120,42000000,42000100,27086,45144,42350000,42350000
2,121,42350000,42350100,27086,45144,42700000,42700000
2,122,42700000,42700100,27086,45144,43050000,43050000
2,123,43050000,43050100,27086,45144,43400000,43400000
2,124,43400000,43400100,27086,45144,43750000,43750000
2,125,43750000,43750100,27086,45144,44100000,44100000
2,126,44100000,44100100,27086,45144,44450000,44450000
2,127,44450000,44450100,27086,45144,44800000,44800000
2,128,44800000,44800100,27086,45144,45150000,45150000
2,129,45150000,45150100,27086,45144,45500000,45500000
2,130,45500000,45500100,27086,45144,45850000,45850000
2,131,45850000,45850100,27086,45144,46200000,46200000
2,132,46200000,46200100,27086,45144,46550000,46550000
2,133,46550000,46550100,27086,45144,46900000,46900000
2,134,46900000,46900100,27086,45144,47250000,47250000
2,135,47250000,47250100,27086,45144,47600000,47600000
2,136,47600000,47600100,27086,45144,47950000,47950000
2,137,47950000,47950100,27086,45144,48300000,48300000
2,138,48300000,48300100,27086,45144,48650000,48650000
2,139,48650000,48650100,27086,45144,49000000,49000000
2,140,49000000,49000100,27086,45144,49350000,49350000
2,141,49350000,49350100,27086,45144,49700000,49700000
2,142,49700000,49700100,27086,45144,50050000,50050000
2,143,50050000,50050100,27086,45144,50400000,50400000
2,144,50400000,50400100,27086,45144,50750000,50750000
2,145,50750000,50750100,27086,45144,51100000,51100000
2,146,51100000,51100100,27086,45144,51450000,51450000
2,147,51450000,51450100,27086,45144,51800000,51800000
2,148,51800000,51800100,27086,45144,52150000,52150000
2,149,52150000,52150100,27086,45144,52500000,52500000
2,150,52500000,52500100,27086,45144,52850000,52850000
2,151,52850000,52850100,27086,45144,53200000,53200000
2,152,53200000,53200100,27086,45144,53550000,53550000
2,153,53550000,53550100,27086,45144,53900000,53900000
2,154,53900000,53900100,27086,45144,54250000,54250000
2,155,54250000,54250100,27086,45144,54600000,54600000
2,156,54600000,54600100,27086,45144,54950000,54950000
2,157,54950000,54950100,27086,45144,55300000,55300000
2,158,55300000,55300100,27086,45144,55650000,55650000
2,159,55650000,55650100,27086,45144,56000000,56000000
2,160,56000000,56000100,27086,45144,56350000,56350000
2,161,56350000,56350100,27086,45144,56700000,56700000
2,162,56700000,56700100,27086,45144,57050000,57050000
2,163,57050000,57050100,27086,45144,57400000,57400000
2,164,57400000,57400100,27086,45144,57750000,57750000
2,165,57750000,57750100,27086,45144,58100000,58100000
2,166,58100000,58100100,27086,45144,58450000,58450000
2,167,58450000,58450100,27086,45144,58800000,58800000
2,168,58800000,58800100,27086,45144,59150000,59150000
2,169,59150000,59150100,27086,45144,59500000,59500000
2,170,59500000,59500100,27086,45144,59850000,59850000
2,171,59850000,59850100,27086,45144,60200000,60200000
2,172,60200000,60200100,27086,45144,60550000,60550000
2,173,60550000,60550100,27086,45144,60900000,60900000
2,174,60900000,60900100,27086,45144,61250000,61250000
2,175,61250000,61250100,27086,45144,61600000,61600000
2,176,61600000,61600100,27086,45144,61950000,61950000
2,177,61950000,61950100,27086,45144,62300000,62300000
2,178,62300000,62300100,27086,45144,62650000,62650000
2,179,62650000,62650100,27086,45144,63000000,63000000
2,180,63000000,63000100,27086,45144,63350000,63350000
2,181,63350000,63350100,27086,45144,63700000,63700000
2,182,63700000,63700100,27086,45144,64050000,64050000
2,183,64050000,64050100,27086,45144,64400000,64400000
2,184,64400000,64400100,27086,45144,64750000,64750000
2,185,64750000,64750100,27086,45144,65100000,65100000
2,186,65100000,65100100,27086,45144,65450000,65450000
2,187,65450000,65450100,27086,45144,65800000,65800000
2,188,65800000,65800100,27086,45144,66150000,66150000
2,189,66150000,66150100,27086,45144,66500000,66500000
2,190,66500000,66500100,27086,45144,66850000,66850000
2,191,66850000,66850100,27086,45144,67200000,67200000
2,192,67200000,67200100,27086,45144,67550000,67550000
2,193,67550000,67550100,27086,45144,67900000,67900000
2,194,67900000,67900100,27086,45144,68250000,68250000
2,195,68250000,68250100,27086,45144,68600000,68600000
2,196,68600000,68600100,27086,45144,68950000,68950000
2,197,68950000,68950100,27086,45144,69300000,69300000
2,198,69300000,69300100,27086,45144,69650000,69650000
2,199,69650000,69650100,27086,45144,70000000,70000000
2,200,70000000,70000100,27086,45144,70350000,70350000
2,201,70350000,70350100,27086,45144,70700000,70700000
2,202,70700000,70700100,27086,45144,71050000,71050000
2,203,71050000,71050100,27086,45144,71400000,71400000
2,204,71400000,71400100,27086,45144,71750000,71750000
2,205,71750000,71750100,27086,45144,72100000,72100000
2,206,72100000,72100100,27086,45144,72450000,72450000
2,207,72450000,72450100,27086,45144,72800000,72800000
2,208,72800000,72800100,27086,45144,73150000,73150000
2,209,73150000,73150100,27086,45144,73500000,73500000
2,210,73500000,73500100,27086,45144,73850000,73850000
2,211,73850000,73850100,27086,45144,74200000,74200000
2,212,74200000,74200100,27086,45144,74550000,74550000
2,213,74550000,74550100,27086,45144,74900000,74900000
2,214,74900000,74900100,27086,45144,75250000,75250000
2,215,75250000,75250100,27086,45144,75600000,75600000
2,216,75600000,75600100,27086,45144,75950000,75950000
2,217,75950000,75950100,27086,45144,76300000,76300000
2,218,76300000,76300100,27086,45144,76650000,76650000
2,219,76650000,76650100,27086,45144,77000000,77000000
2,220,77000000,77000100,27086,45144,77350000,77350000
2,221,77350000,77350100,27086,45144,77700000,77700000
2,222,77700000,77700100,27086,45144,78050000,78050000
2,223,78050000,78050100,27086,45144,78400000,78400000
2,224,78400000,78400100,27086,45144,78750000,78750000
2,225,78750000,78750100,27086,45144,79100000,79100000
2,226,79100000,79100100,27086,45144,79450000,79450000
2,227,79450000,79450100,27086,45144,79800000,79800000
2,228,79800000,79800100,27086,45144,80150000,80150000
2,229,80150000,80150100,27086,45144,80500000,80500000
2,230,80500000,80500100,27086,45144,80850000,80850000
2,231,80850000,80850100,27086,45144,81200000,81200000
2,232,81200000,81200100,27086,45144,81550000,81550000
2,233,81550000,81550100,27086,45144,81900000,81900000
2,234,81900000,81900100,27086,45144,82250000,82250000
2,235,82250000,82250100,27086,45144,82600000,82600000
2,236,82600000,82600100,27086,45144,82950000,82950000
2,237,82950000,82950100,27086,45144,83300000,83300000
2,238,83300000,83300100,27086,45144,83650000,83650000
2,239,83650000,83650100,27086,45144,84000000,84000000
2,240,84000000,84000100,27086,45144,84350000,84350000
2,241,84350000,84350100,27086,45144,84700000,84700000
2,242,84700000,84700100,27086,45144,85050000,85050000
2,243,85050000,85050100,27086,45144,85400000,85400000
2,244,85400000,85400100,27086,45144,85750000,85750000
2,245,85750000,85750100,27086,45144,86100000,86100000
2,246,86100000,86100100,27086,45144,86450000,86450000
2,247,86450000,86450100,27086,45144,86800000,86800000
2,248,86800000,86800100,27086,45144,87150000,87150000
2,249,87150000,87150100,27086,45144,87500000,87500000
2,250,87500000,87500100,27086,45144,87850000,87850000
2,251,87850000,87850100,27086,45144,88200000,88200000
2,252,88200000,88200100,27086,45144,88550000,88550000
2,253,88550000,88550100,27086,45144,88900000,88900000
2,254,88900000,88900100,27086,45144,89250000,89250000
2,255,89250000,89250100,27086,45144,89600000,89600000
2,256,89600000,89600100,27086,45144,89950000,89950000
2,257,89950000,89950100,27086,45144,90300000,90300000
2,258,90300000,90300100,27086,45144,90650000,90650000
2,259,90650000,90650100,27086,45144,91000000,91000000
2,260,91000000,91000100,27086,45144,91350000,91350000
2,261,91350000,91350100,27086,45144,91700000,91700000
2,262,91700000,91700100,27086,45144,92050000,92050000
2,263,92050000,92050100,27086,45144,92400000,92400000
2,264,92400000,92400100,27086,45144,92750000,92750000
2,265,92750000,92750100,27086,45144,93100000,93100000
2,266,93100000,93100100,27086,45144,93450000,93450000
2,267,93450000,93450100,27086,45144,93800000,93800000
2,268,93800000,93800100,27086,45144,94150000,94150000
2,269,94150000,94150100,27086,45144,94500000,94500000
2,270,94500000,94500100,27086,45144,94850000,94850000
2,271,94850000,94850100,27086,45144,95200000,95200000
2,272,95200000,95200100,27086,45144,95550000,95550000
2,273,95550000,95550100,27086,45144,95900000,95900000
2,274,95900000,95900100,27086,45144,96250000,96250000
2,275,96250000,96250100,27086,45144,96600000,96600000
2,276,96600000,96600100,27086,45144,96950000,96950000
2,277,96950000,96950100,27086,45144,97300000,97300000
2,278,97300000,97300100,27086,45144,97650000,97650000
2,279,97650000,97650100,27086,45144,98000000,98000000
2,280,98000000,98000100,27086,45144,98350000,98350000
2,281,98350000,98350100,27086,45144,98700000,98700000
2,282,98700000,98700100,27086,45144,99050000,99050000
2,283,99050000,99050100,27086,45144,99400000,99400000
2,284,99400000,99400100,27086,45144,99750000,99750000
2,285,99750000,99750100,27086,45144,100100000,100100000
2,286,100100000,100100100,27086,45144,100450000,100450000
2,287,100450000,100450100,27086,45144,100800000,100800000
2,288,100800000,100800100,27086,45144,101150000,101150000
2,289,101150000,101150100,27086,45144,101500000,101500000
2,290,101500000,101500100,27086,45144,101850000,101850000
2,291,101850000,101850100,27086,45144,102200000,102200000
2,292,102200000,102200100,27086,45144,102550000,102550000
2,293,102550000,102550100,27086,45144,102900000,102900000
2,294,102900000,102900100,27086,45144,103250000,103250000
2,295,103250000,103250100,27086,45144,103600000,103600000
2,296,103600000,103600100,27086,45144,103950000,103950000
2,297,103950000,103950100,27086,45144,104300000,104300000
2,298,104300000,104300100,27086,45144,104650000,104650000
2,299,104650000,104650100,27086,45144,105000000,105000000
2,300,105000000,105000100,27086,45144,105350000,105350000
2,301,105350000,105350100,27086,45144,105700000,105700000
2,302,105700000,105700100,27086,45144,106050000,106050000
2,303,106050000,106050100,27086,45144,106400000,106400000
2,304,106400000,106400100,27086,45144,106750000,106750000
2,305,106750000,106750100,27086,45144,107100000,107100000
2,306,107100000,107100100,27086,45144,107450000,107450000
2,307,107450000,107450100,27086,45144,107800000,107800000
2,308,107800000,107800100,27086,45144,108150000,108150000
2,309,108150000,108150100,27086,45144,108500000,108500000
2,310,108500000,108500100,27086,45144,108850000,108850000
2,311,108850000,108850100,27086,45144,109200000,109200000
2,312,109200000,109200100,27086,45144,109550000,109550000
2,313,109550000,109550100,27086,45144,109900000,109900000
2,314,109900000,109900100,27086,45144,110250000,110250000
2,315,110250000,110250100,27086,45144,110600000,110600000
2,316,110600000,110600100,27086,45144,110950000,110950000
2,317,110950000,110950100,27086,45144,111300000,111300000
2,318,111300000,111300100,27086,45144,111650000,111650000
2,319,111650000,111650100,27086,45144,112000000,112000000
2,320,112000000,112000100,27086,45144,112350000,112350000
2,321,112350000,112350100,27086,45144,112700000,112700000
2,322,112700000,112700100,27086,45144,113050000,113050000
2,323,113050000,113050100,27086,45144,113400000,113400000
2,324,113400000,113400100,27086,45144,113750000,113750000
2,325,113750000,113750100,27086,45144,114100000,114100000
2,326,114100000,114100100,27086,45144,114450000,114450000
2,327,114450000,114450100,27086,45144,114800000,114800000
2,328,114800000,114800100,27086,45144,115150000,115150000
2,329,115150000,115150100,27086,45144,115500000,115500000
2,330,115500000,115500100,27086,45144,115850000,115850000
2,331,115850000,115850100,27086,45144,116200000,116200000
2,332,116200000,116200100,27086,45144,116550000,116550000
2,333,116550000,116550100,27086,45144,116900000,116900000
2,334,116900000,116900100,27086,45144,117250000,117250000
2,335,117250000,117250100,27086,45144,117600000,117600000
2,336,117600000,117600100,27086,45144,117950000,117950000
2,337,117950000,117950100,27086,45144,118300000,118300000
2,338,118300000,118300100,27086,45144,118650000,118650000
2,339,118650000,118650100,27086,45144,119000000,119000000
2,340,119000000,119000100,27086,45144,119350000,119350000
2,341,119350000,119350100,27086,45144,119700000,119700000
2,342,119700000,119700100,27086,45144,120050000,120050000
2,343,120050000,120050100,27086,45144,120400000,120400000
2,344,120400000,120400100,27086,45144,120750000,120750000
2,345,120750000,120750100,27086,45144,121100000,121100000
2,346,121100000,121100100,27086,45144,121450000,121450000
2,347,121450000,121450100,27086,45144,121800000,121800000
2,348,121800000,121800100,27086,45144,122150000,122150000
2,349,122150000,122150100,27086,45144,122500000,122500000
2,350,122500000,122500100,27086,45144,122850000,122850000
2,351,122850000,122850100,27086,45144,123200000,123200000
2,352,123200000,123200100,27086,45144,123550000,123550000
2,353,123550000,123550100,27086,45144,123900000,123900000
2,354,123900000,123900100,27086,45144,124250000,124250000
2,355,124250000,124250100,27086,45144,124600000,124600000
2,356,124600000,124600100,27086,45144,124950000,124950000
2,357,124950000,124950100,27086,45144,125300000,125300000
2,358,125300000,125300100,27086,45144,125650000,125650000
2,359,125650000,125650100,27086,45144,126000000,126000000
2,360,126000000,126000100,27086,45144,126350000,126350000
2,361,126350000,126350100,27086,45144,126700000,126700000
2,362,126700000,126700100,27086,45144,127050000,127050000
2,363,127050000,127050100,27086,45144,127400000,127400000
2,364,127400000,127400100,27086,45144,127750000,127750000
2,365,127750000,127750100,27086,45144,128100000,128100000
2,366,128100000,128100100,27086,45144,128450000,128450000
2,367,128450000,128450100,27086,45144,128800000,128800000
2,368,128800000,128800100,27086,45144,129150000,129150000
2,369,129150000,129150100,27086,45144,129500000,129500000
2,370,129500000,129500100,27086,45144,129850000,129850000
2,371,129850000,129850100,27086,45144,130200000,130200000
2,372,130200000,130200100,27086,45144,130550000,130550000
2,373,130550000,130550100,27086,45144,130900000,130900000
2,374,130900000,130900100,27086,45144,131250000,131250000
2,375,131250000,131250100,27086,45144,131600000,131600000
2,376,131600000,131600100,27086,45144,131950000,131950000
2,377,131950000,131950100,27086,45144,132300000,132300000
2,378,132300000,132300100,27086,45144,132650000,132650000
2,379,132650000,132650100,27086,45144,133000000,133000000
2,380,133000000,133000100,27086,45144,133350000,133350000
2,381,133350000,133350100,27086,45144,133700000,133700000
2,382,133700000,133700100,27086,45144,134050000,134050000
2,383,134050000,134050100,27086,45144,134400000,134400000
2,384,134400000,134400100,27086,45144,134750000,134750000
2,385,134750000,134750100,27086,45144,135100000,135100000
2,386,135100000,135100100,27086,45144,135450000,135450000
2,387,135450000,135450100,27086,45144,135800000,135800000
2,388,135800000,135800100,27086,45144,136150000,136150000
2,389,136150000,136150100,27086,45144,136500000,136500000
2,390,136500000,136500100,27086,45144,136850000,136850000
2,391,136850000,136850100,27086,45144,137200000,137200000
2,392,137200000,137200100,27086,45144,137550000,137550000
2,393,137550000,137550100,27086,45144,137900000,137900000
2,394,137900000,137900100,27086,45144,138250000,138250000
2,395,138250000,138250100,27086,45144,138600000,138600000
2,396,138600000,138600100,27086,45144,138950000,138950000
2,397,138950000,138950100,27086,45144,139300000,139300000
2,398,139300000,139300100,27086,45144,139650000,139650000
2,399,139650000,139650100,27086,45144,140000000,140000000
2,400,140000000,140000100,27086,45144,140350000,140350000
2,401,140350000,140350100,27086,45144,140700000,140700000
2,402,140700000,140700100,27086,45144,141050000,141050000
2,403,141050000,141050100,27086,45144,141400000,141400000
2,404,141400000,141400100,27086,45144,141750000,141750000
2,405,141750000,141750100,27086,45144,142100000,142100000
2,406,142100000,142100100,27086,45144,142450000,142450000
2,407,142450000,142450100,27086,45144,142800000,142800000
2,408,142800000,142800100,27086,45144,143150000,143150000
2,409,143150000,143150100,27086,45144,143500000,143500000
2,410,143500000,143500100,27086,45144,143850000,143850000
2,411,143850000,143850100,27086,45144,144200000,144200000
2,412,144200000,144200100,27086,45144,144550000,144550000
2,413,144550000,144550100,27086,45144,144900000,144900000
2,414,144900000,144900100,27086,45144,145250000,145250000
2,415,145250000,145250100,27086,45144,145600000,145600000
2,416,145600000,145600100,27086,45144,145950000,145950000
2,417,145950000,145950100,27086,45144,146300000,146300000
2,418,146300000,146300100,27086,45144,146650000,146650000
2,419,146650000,146650100,27086,45144,147000000,147000000
2,420,147000000,147000100,27086,45144,147350000,147350000
2,421,147350000,147350100,27086,45144,147700000,147700000
2,422,147700000,147700100,27086,45144,148050000,148050000
2,423,148050000,148050100,27086,45144,148400000,148400000
2,424,148400000,148400100,27086,45144,148750000,148750000
2,425,148750000,148750100,27086,45144,149100000,149100000
2,426,149100000,149100100,27086,45144,149450000,149450000
2,427,149450000,149450100,27086,45144,149800000,149800000
2,428,149800000,149800100,27086,45144,150150000,150150000
2,429,150150000,150150100,27086,45144,150500000,150500000
2,430,150500000,150500100,27086,45144,150850000,150850000
2,431,150850000,150850100,27086,45144,151200000,151200000
2,432,151200000,151200100,27086,45144,151550000,151550000
2,433,151550000,151550100,27086,45144,151900000,151900000
2,434,151900000,151900100,27086,45144,152250000,152250000
2,435,152250000,152250100,27086,45144,152600000,152600000
2,436,152600000,152600100,27086,45144,152950000,152950000
2,437,152950000,152950100,27086,45144,153300000,153300000
2,438,153300000,153300100,27086,45144,153650000,153650000
2,439,153650000,153650100,27086,45144,154000000,154000000
2,440,154000000,154000100,27086,45144,154350000,154350000
2,441,154350000,154350100,27086,45144,154700000,154700000
2,442,154700000,154700100,27086,45144,155050000,155050000
2,443,155050000,155050100,27086,45144,155400000,155400000
2,444,155400000,155400100,27086,45144,155750000,155750000
2,445,155750000,155750100,27086,45144,156100000,156100000
2,446,156100000,156100100,27086,45144,156450000,156450000
2,447,156450000,156450100,27086,45144,156800000,156800000
2,448,156800000,156800100,27086,45144,157150000,157150000
2,449,157150000,157150100,27086,45144,157500000,157500000
2,450,157500000,157500100,27086,45144,157850000,157850000
2,451,157850000,157850100,27086,45144,158200000,158200000
2,452,158200000,158200100,27086,45144,158550000,158550000
2,453,158550000,158550100,27086,45144,158900000,158900000
2,454,158900000,158900100,27086,45144,159250000,159250000
2,455,159250000,159250100,27086,45144,159600000,159600000
2,456,159600000,159600100,27086,45144,159950000,159950000
2,457,159950000,159950100,27086,45144,160300000,160300000
2,458,160300000,160300100,27086,45144,160650000,160650000
2,459,160650000,160650100,27086,45144,161000000,161000000
2,460,161000000,161000100,27086,45144,161350000,161350000
2,461,161350000,161350100,27086,45144,161700000,161700000
2,462,161700000,161700100,27086,45144,162050000,162050000
2,463,162050000,162050100,27086,45144,162400000,162400000
2,464,162400000,162400100,27086,45144,162750000,162750000
2,465,162750000,162750100,27086,45144,163100000,163100000
2,466,163100000,163100100,27086,45144,163450000,163450000
2,467,163450000,163450100,27086,45144,163800000,163800000
3,0,0,100,68407,114012,450000,450000
3,1,450000,450100,68407,114012,900000,900000
3,2,900000,900100,68407,114012,1350000,1350000
3,3,1350000,1350100,68407,114012,1800000,1800000
3,4,1800000,1800100,68407,114012,2250000,2250000
3,5,2250000,2250100,68407,114012,2700000,2700000
3,6,2700000,2700100,68407,114012,3150000,3150000
3,7,3150000,3150100,68407,114012,3600000,3600000
3,8,3600000,3600100,68407,114012,4050000,4050000
3,9,4050000,4050100,68407,114012,4500000,4500000
3,10,4500000,4500100,68407,114012,4950000,4950000
3,11,4950000,4950100,68407,114012,5400000,5400000
3,12,5400000,5400100,68407,114012,5850000,5850000
3,13,5850000,5850100,68407,114012,6300000,6300000
3,14,6300000,6300100,68407,114012,6750000,6750000
3,15,6750000,6750100,68407,114012,7200000,7200000
3,16,7200000,7200100,68407,114012,7650000,7650000
3,17,7650000,7650100,68407,114012,8100000,8100000
3,18,8100000,8100100,68407,114012,8550000,8550000
3,19,8550000,8550100,68407,114012,9000000,9000000
3,20,9000000,9000100,68407,114012,9450000,9450000
3,21,9450000,9450100,68407,114012,9900000,9900000
3,22,9900000,9900100,68407,114012,10350000,10350000
3,23,10350000,10350100,68407,114012,10800000,10800000
3,24,10800000,10800100,68407,114012,11250000,11250000
3,25,11250000,11250100,68407,114012,11700000,11700000
3,26,11700000,11700100,68407,114012,12150000,12150000
3,27,12150000,12150100,68407,114012,12600000,12600000
3,28,12600000,12600100,68407,114012,13050000,13050000
3,29,13050000,13050100,68407,114012,13500000,13500000
3,30,13500000,13500100,68407,114012,13950000,13950000
3,31,13950000,13950100,68407,114012,14400000,14400000
3,32,14400000,14400100,68407,114012,14850000,14850000
3,33,14850000,14850100,68407,114012,15300000,15300000
3,34,15300000,15300100,68407,114012,15750000,15750000
3,35,15750000,15750100,68407,114012,16200000,16200000
3,36,16200000,16200100,68407,114012,16650000,16650000
3,37,16650000,16650100,68407,114012,17100000,17100000
3,38,17100000,17100100,68407,114012,17550000,17550000
3,39,17550000,17550100,68407,114012,18000000,18000000
3,40,18000000,18000100,68407,114012,18450000,18450000
3,41,18450000,18450100,68407,114012,18900000,18900000
3,42,18900000,18900100,68407,114012,19350000,19350000
3,43,19350000,19350100,68407,114012,19800000,19800000
3,44,19800000,19800100,68407,114012,20250000,20250000
3,45,20250000,20250100,68407,114012,20700000,20700000
3,46,20700000,20700100,68407,114012,21150000,21150000
3,47,21150000,21150100,68407,114012,21600000,21600000
3,48,21600000,21600100,68407,114012,22050000,22050000
3,49,22050000,22050100,68407,114012,22500000,22500000
3,50,22500000,22500100,68407,114012,22950000,22950000
3,51,22950000,22950100,68407,114012,23400000,23400000
3,52,23400000,23400100,68407,114012,23850000,23850000
3,53,23850000,23850100,68407,114012,24300000,24300000
3,54,24300000,24300100,68407,114012,24750000,24750000
3,55,24750000,24750100,68407,114012,25200000,25200000
3,56,25200000,25200100,68407,114012,25650000,25650000
3,57,25650000,25650100,68407,114012,26100000,26100000
3,58,26100000,26100100,68407,114012,26550000,26550000
3,59,26550000,26550100,68407,114012,27000000,27000000
3,60,27000000,27000100,68407,114012,27450000,27450000
3,61,27450000,27450100,68407,114012,27900000,27900000
3,62,27900000,27900100,68407,114012,28350000,28350000
3,63,28350000,28350100,68407,114012,28800000,28800000
3,64,28800000,28800100,68407,114012,29250000,29250000
3,65,29250000,29250100,68407,114012,29700000,29700000
3,66,29700000,29700100,68407,114012,30150000,30150000
3,67,30150000,30150100,68407,114012,30600000,30600000
3,68,30600000,30600100,68407,114012,31050000,31050000
3,69,31050000,31050100,68407,114012,31500000,31500000
3,70,31500000,31500100,68407,114012,31950000,31950000
3,71,31950000,31950100,68407,114012,32400000,32400000
3,72,32400000,32400100,68407,114012,32850000,32850000
3,73,32850000,32850100,68407,114012,33300000,33300000
3,74,33300000,33300100,68407,114012,33750000,33750000
3,75,33750000,33750100,68407,114012,34200000,34200000
3,76,34200000,34200100,68407,114012,34650000,34650000
3,77,34650000,34650100,68407,114012,35100000,35100000
3,78,35100000,35100100,68407,114012,35550000,35550000
3,79,35550000,35550100,68407,114012,36000000,36000000
3,80,36000000,36000100,68407,114012,36450000,36450000
3,81,36450000,36450100,68407,114012,36900000,36900000
3,82,36900000,36900100,68407,114012,37350000,37350000
3,83,37350000,37350100,68407,114012,37800000,37800000
3,84,37800000,37800100,68407,114012,38250000,38250000
3,85,38250000,38250100,68407,114012,38700000,38700000
3,86,38700000,38700100,68407,114012,39150000,39150000
3,87,39150000,39150100,68407,114012,39600000,39600000
3,88,39600000,39600100,68407,114012,40050000,40050000
3,89,40050000,40050100,68407,114012,40500000,40500000
3,90,40500000,40500100,68407,114012,40950000,40950000
3,91,40950000,40950100,68407,114012,41400000,41400000
3,92,41400000,41400100,68407,114012,41850000,41850000
3,93,41850000,41850100,68407,114012,42300000,42300000
3,94,42300000,42300100,68407,114012,42750000,42750000
3,95,42750000,42750100,68407,114012,43200000,43200000
3,96,43200000,43200100,68407,114012,43650000,43650000
3,97,43650000,43650100,68407,114012,44100000,44100000
3,98,44100000,44100100,68407,114012,44550000,44550000
3,99,44550000,44550100,68407,114012,45000000,45000000
3,100,45000000,45000100,68407,114012,45450000,45450000
3,101,45450000,45450100,68407,114012,45900000,45900000
3,102,45900000,45900100,68407,114012,46350000,46350000
3,103,46350000,46350100,68407,114012,46800000,46800000
3,104,46800000,46800100,68407,114012,47250000,47250000
3,105,47250000,47250100,68407,114012,47700000,47700000
3,106,47700000,47700100,68407,114012,48150000,48150000
3,107,48150000,48150100,68407,114012,48600000,48600000
3,108,48600000,48600100,68407,114012,49050000,49050000
3,109,49050000,49050100,68407,114012,49500000,49500000
3,110,49500000,49500100,68407,114012,49950000,49950000
3,111,49950000,49950100,68407,114012,50400000,50400000
3,112,50400000,50400100,68407,114012,50850000,50850000
3,113,50850000,50850100,68407,114012,51300000,51300000
3,114,51300000,51300100,68407,114012,51750000,51750000
3,115,51750000,51750100,68407,114012,52200000,52200000
3,116,52200000,52200100,68407,114012,52650000,52650000
3,117,52650000,52650100,68407,114012,53100000,53100000
3,118,53100000,53100100,68407,114012,53550000,53550000
3,119,53550000,53550100,68407,114012,54000000,54000000
3,120,54000000,54000100,68407,114012,54450000,54450000
3,121,54450000,54450100,68407,114012,54900000,54900000
3,122,54900000,54900100,68407,114012,55350000,55350000
3,123,55350000,55350100,68407,114012,55800000,55800000
3,124,55800000,55800100,68407,114012,56250000,56250000
3,125,56250000,56250100,68407,114012,56700000,56700000
3,126,56700000,56700100,68407,114012,57150000,57150000
3,127,57150000,57150100,68407,114012,57600000,57600000
3,128,57600000,57600100,68407,114012,58050000,58050000
3,129,58050000,58050100,68407,114012,58500000,58500000
3,130,58500000,58500100,68407,114012,58950000,58950000
3,131,58950000,58950100,68407,114012,59400000,59400000
3,132,59400000,59400100,68407,114012,59850000,59850000
3,133,59850000,59850100,68407,114012,60300000,60300000
3,134,60300000,60300100,68407,114012,60750000,60750000
3,135,60750000,60750100,68407,114012,61200000,61200000
3,136,61200000,61200100,68407,114012,61650000,61650000
3,137,61650000,61650100,68407,114012,62100000,62100000
3,138,62100000,62100100,68407,114012,62550000,62550000
3,139,62550000,62550100,68407,114012,63000000,63000000
3,140,63000000,63000100,68407,114012,63450000,63450000
3,141,63450000,63450100,68407,114012,63900000,63900000
3,142,63900000,63900100,68407,114012,64350000,64350000
3,143,64350000,64350100,68407,114012,64800000,64800000
3,144,64800000,64800100,68407,114012,65250000,65250000
3,145,65250000,65250100,68407,114012,65700000,65700000
3,146,65700000,65700100,68407,114012,66150000,66150000
3,147,66150000,66150100,68407,114012,66600000,66600000
3,148,66600000,66600100,68407,114012,67050000,67050000
3,149,67050000,67050100,68407,114012,67500000,67500000
3,150,67500000,67500100,68407,114012,67950000,67950000
3,151,67950000,67950100,68407,114012,68400000,68400000
3,152,68400000,68400100,68407,114012,68850000,68850000
3,153,68850000,68850100,68407,114012,69300000,69300000
3,154,69300000,69300100,68407,114012,69750000,69750000
3,155,69750000,69750100,68407,114012,70200000,70200000
3,156,70200000,70200100,68407,114012,70650000,70650000
3,157,70650000,70650100,68407,114012,71100000,71100000
3,158,71100000,71100100,68407,114012,71550000,71550000
3,159,71550000,71550100,68407,114012,72000000,72000000
3,160,72000000,72000100,68407,114012,72450000,72450000
3,161,72450000,72450100,68407,114012,72900000,72900000
3,162,72900000,72900100,68407,114012,73350000,73350000
3,163,73350000,73350100,68407,114012,73800000,73800000
3,164,73800000,73800100,68407,114012,74250000,74250000
3,165,74250000,74250100,68407,114012,74700000,74700000
3,166,74700000,74700100,68407,114012,75150000,75150000
3,167,75150000,75150100,68407,114012,75600000,75600000
3,168,75600000,75600100,68407,114012,76050000,76050000
3,169,76050000,76050100,68407,114012,76500000,76500000
3,170,76500000,76500100,68407,114012,76950000,76950000
3,171,76950000,76950100,68407,114012,77400000,77400000
3,172,77400000,77400100,68407,114012,77850000,77850000
3,173,77850000,77850100,68407,114012,78300000,78300000
3,174,78300000,78300100,68407,114012,78750000,78750000
3,175,78750000,78750100,68407,114012,79200000,79200000
3,176,79200000,79200100,68407,114012,79650000,79650000
3,177,79650000,79650100,68407,114012,80100000,80100000
3,178,80100000,80100100,68407,114012,80550000,80550000
3,179,80550000,80550100,68407,114012,81000000,81000000
3,180,81000000,81000100,68407,114012,81450000,81450000
3,181,81450000,81450100,68407,114012,81900000,81900000
3,182,81900000,81900100,68407,114012,82350000,82350000
3,183,82350000,82350100,68407,114012,82800000,82800000
3,184,82800000,82800100,68407,114012,83250000,83250000
3,185,83250000,83250100,68407,114012,83700000,83700000
3,186,83700000,83700100,68407,114012,84150000,84150000
3,187,84150000,84150100,68407,114012,84600000,84600000
3,188,84600000,84600100,68407,114012,85050000,85050000
3,189,85050000,85050100,68407,114012,85500000,85500000
3,190,85500000,85500100,68407,114012,85950000,85950000
3,191,85950000,85950100,68407,114012,86400000,86400000
3,192,86400000,86400100,68407,114012,86850000,86850000
3,193,86850000,86850100,68407,114012,87300000,87300000
3,194,87300000,87300100,68407,114012,87750000,87750000
3,195,87750000,87750100,68407,114012,88200000,88200000
3,196,88200000,88200100,68407,114012,88650000,88650000
3,197,88650000,88650100,68407,114012,89100000,89100000
3,198,89100000,89100100,68407,114012,89550000,89550000
3,199,89550000,89550100,68407,114012,90000000,90000000
3,200,90000000,90000100,68407,114012,90450000,90450000
3,201,90450000,90450100,68407,114012,90900000,90900000
3,202,90900000,90900100,68407,114012,91350000,91350000
3,203,91350000,91350100,68407,114012,91800000,91800000
3,204,91800000,91800100,68407,114012,92250000,92250000
3,205,92250000,92250100,68407,114012,92700000,92700000
3,206,92700000,92700100,68407,114012,93150000,93150000
3,207,93150000,93150100,68407,114012,93600000,93600000
3,208,93600000,93600100,68407,114012,94050000,94050000
3,209,94050000,94050100,68407,114012,94500000,94500000
3,210,94500000,94500100,68407,114012,94950000,94950000
3,211,94950000,94950100,68407,114012,95400000,95400000
3,212,95400000,95400100,68407,114012,95850000,95850000
3,213,95850000,95850100,68407,114012,96300000,96300000
3,214,96300000,96300100,68407,114012,96750000,96750000
3,215,96750000,96750100,68407,114012,97200000,97200000
3,216,97200000,97200100,68407,114012,97650000,97650000
3,217,97650000,97650100,68407,114012,98100000,98100000
3,218,98100000,98100100,68407,114012,98550000,98550000
3,219,98550000,98550100,68407,114012,99000000,99000000
3,220,99000000,99000100,68407,114012,99450000,99450000
3,221,99450000,99450100,68407,114012,99900000,99900000
3,222,99900000,99900100,68407,114012,100350000,100350000
3,223,100350000,100350100,68407,114012,100800000,100800000
3,224,100800000,100800100,68407,114012,101250000,101250000
3,225,101250000,101250100,68407,114012,101700000,101700000
3,226,101700000,101700100,68407,114012,102150000,102150000
3,227,102150000,102150100,68407,114012,102600000,102600000
3,228,102600000,102600100,68407,114012,103050000,103050000
3,229,103050000,103050100,68407,114012,103500000,103500000
3,230,103500000,103500100,68407,114012,103950000,103950000
3,231,103950000,103950100,68407,114012,104400000,104400000
3,232,104400000,104400100,68407,114012,104850000,104850000
3,233,104850000,104850100,68407,114012,105300000,105300000
3,234,105300000,105300100,68407,114012,105750000,105750000
3,235,105750000,105750100,68407,114012,106200000,106200000
3,236,106200000,106200100,68407,114012,106650000,106650000
3,237,106650000,106650100,68407,114012,107100000,107100000
3,238,107100000,107100100,68407,114012,107550000,107550000
3,239,107550000,107550100,68407,114012,108000000,108000000
3,240,108000000,108000100,68407,114012,108450000,108450000
3,241,108450000,108450100,68407,114012,108900000,108900000
3,242,108900000,108900100,68407,114012,109350000,109350000
3,243,109350000,109350100,68407,114012,109800000,109800000
3,244,109800000,109800100,68407,114012,110250000,110250000
3,245,110250000,110250100,68407,114012,110700000,110700000
3,246,110700000,110700100,68407,114012,111150000,111150000
3,247,111150000,111150100,68407,114012,111600000,111600000
3,248,111600000,111600100,68407,114012,112050000,112050000
3,249,112050000,112050100,68407,114012,112500000,112500000
3,250,112500000,112500100,68407,114012,112950000,112950000
3,251,112950000,112950100,68407,114012,113400000,113400000
3,252,113400000,113400100,68407,114012,113850000,113850000
3,253,113850000,113850100,68407,114012,114300000,114300000
3,254,114300000,114300100,68407,114012,114750000,114750000
3,255,114750000,114750100,68407,114012,115200000,115200000
3,256,115200000,115200100,68407,114012,115650000,115650000
3,257,115650000,115650100,68407,114012,116100000,116100000
3,258,116100000,116100100,68407,114012,116550000,116550000
3,259,116550000,116550100,68407,114012,117000000,117000000
3,260,117000000,117000100,68407,114012,117450000,117450000
3,261,117450000,117450100,68407,114012,117900000,117900000
3,262,117900000,117900100,68407,114012,118350000,118350000
3,263,118350000,118350100,68407,114012,118800000,118800000
3,264,118800000,118800100,68407,114012,119250000,119250000
3,265,119250000,119250100,68407,114012,119700000,119700000
3,266,119700000,119700100,68407,114012,120150000,120150000
3,267,120150000,120150100,68407,114012,120600000,120600000
3,268,120600000,120600100,68407,114012,121050000,121050000
3,269,121050000,121050100,68407,114012,121500000,121500000
3,270,121500000,121500100,68407,114012,121950000,121950000
3,271,121950000,121950100,68407,114012,122400000,122400000
3,272,122400000,122400100,68407,114012,122850000,122850000
3,273,122850000,122850100,68407,114012,123300000,123300000
3,274,123300000,123300100,68407,114012,123750000,123750000
3,275,123750000,123750100,68407,114012,124200000,124200000
3,276,124200000,124200100,68407,114012,124650000,124650000
3,277,124650000,124650100,68407,114012,125100000,125100000
3,278,125100000,125100100,68407,114012,125550000,125550000
3,279,125550000,125550100,68407,114012,126000000,126000000
3,280,126000000,126000100,68407,114012,126450000,126450000
3,281,126450000,126450100,68407,114012,126900000,126900000
3,282,126900000,126900100,68407,114012,127350000,127350000
3,283,127350000,127350100,68407,114012,127800000,127800000
3,284,127800000,127800100,68407,114012,128250000,128250000
3,285,128250000,128250100,68407,114012,128700000,128700000
3,286,128700000,128700100,68407,114012,129150000,129150000
3,287,129150000,129150100,68407,114012,129600000,129600000
3,288,129600000,129600100,68407,114012,130050000,130050000
3,289,130050000,130050100,68407,114012,130500000,130500000
3,290,130500000,130500100,68407,114012,130950000,130950000
3,291,130950000,130950100,68407,114012,131400000,131400000
3,292,131400000,131400100,68407,114012,131850000,131850000
3,293,131850000,131850100,68407,114012,132300000,132300000
3,294,132300000,132300100,68407,114012,132750000,132750000
3,295,132750000,132750100,68407,114012,133200000,133200000
3,296,133200000,133200100,68407,114012,133650000,133650000
3,297,133650000,133650100,68407,114012,134100000,134100000
3,298,134100000,134100100,68407,114012,134550000,134550000
3,299,134550000,134550100,68407,114012,135000000,135000000
3,300,135000000,135000100,68407,114012,135450000,135450000
3,301,135450000,135450100,68407,114012,135900000,135900000
3,302,135900000,135900100,68407,114012,136350000,136350000
3,303,136350000,136350100,68407,114012,136800000,136800000
3,304,136800000,136800100,68407,114012,137250000,137250000
3,305,137250000,137250100,68407,114012,137700000,137700000
3,306,137700000,137700100,68407,114012,138150000,138150000
3,307,138150000,138150100,68407,114012,138600000,138600000
3,308,138600000,138600100,68407,114012,139050000,139050000
3,309,139050000,139050100,68407,114012,139500000,139500000
3,310,139500000,139500100,68407,114012,139950000,139950000
3,311,139950000,139950100,68407,114012,140400000,140400000
3,312,140400000,140400100,68407,114012,140850000,140850000
3,313,140850000,140850100,68407,114012,141300000,141300000
3,314,141300000,141300100,68407,114012,141750000,141750000
3,315,141750000,141750100,68407,114012,142200000,142200000
3,316,142200000,142200100,68407,114012,142650000,142650000
3,317,142650000,142650100,68407,114012,143100000,143100000
3,318,143100000,143100100,68407,114012,143550000,143550000
3,319,143550000,143550100,68407,114012,144000000,144000000
3,320,144000000,144000100,68407,114012,144450000,144450000
3,321,144450000,144450100,68407,114012,144900000,144900000
3,322,144900000,144900100,68407,114012,145350000,145350000
3,323,145350000,145350100,68407,114012,145800000,145800000
3,324,145800000,145800100,68407,114012,146250000,146250000
3,325,146250000,146250100,68407,114012,146700000,146700000
3,326,146700000,146700100,68407,114012,147150000,147150000
3,327,147150000,147150100,68407,114012,147600000,147600000
3,328,147600000,147600100,68407,114012,148050000,148050000
3,329,148050000,148050100,68407,114012,148500000,148500000
3,330,148500000,148500100,68407,114012,148950000,148950000
3,331,148950000,148950100,68407,114012,149400000,149400000
3,332,149400000,149400100,68407,114012,149850000,149850000
3,333,149850000,149850100,68407,114012,150300000,150300000
3,334,150300000,150300100,68407,114012,150750000,150750000
3,335,150750000,150750100,68407,114012,151200000,151200000
3,336,151200000,151200100,68407,114012,151650000,151650000
3,337,151650000,151650100,68407,114012,152100000,152100000
3,338,152100000,152100100,68407,114012,152550000,152550000
3,339,152550000,152550100,68407,114012,153000000,153000000
3,340,153000000,153000100,68407,114012,153450000,153450000
3,341,153450000,153450100,68407,114012,153900000,153900000
3,342,153900000,153900100,68407,114012,154350000,154350000
3,343,154350000,154350100,68407,114012,154800000,154800000
3,344,154800000,154800100,68407,114012,155250000,155250000
3,345,155250000,155250100,68407,114012,155700000,155700000
3,346,155700000,155700100,68407,114012,156150000,156150000
3,347,156150000,156150100,68407,114012,156600000,156600000
3,348,156600000,156600100,68407,114012,157050000,157050000
3,349,157050000,157050100,68407,114012,157500000,157500000
3,350,157500000,157500100,68407,114012,157950000,157950000
3,351,157950000,157950100,68407,114012,158400000,158400000
3,352,158400000,158400100,68407,114012,158850000,158850000
3,353,158850000,158850100,68407,114012,159300000,159300000
3,354,159300000,159300100,68407,114012,159750000,159750000
3,355,159750000,159750100,68407,114012,160200000,160200000
3,356,160200000,160200100,68407,114012,160650000,160650000
3,357,160650000,160650100,68407,114012,161100000,161100000
3,358,161100000,161100100,68407,114012,161550000,161550000
3,359,161550000,161550100,68407,114012,162000000,162000000
3,360,162000000,162000100,68407,114012,162450000,162450000
3,361,162450000,162450100,68407,114012,162900000,162900000
3,362,162900000,162900100,68407,114012,163350000,163350000
3,363,163350000,163350100,68407,114012,163800000,163800000
4,0,0,100,8966,14944,600000,600000
4,1,600000,600100,8966,14944,1200000,1200000
4,2,1200000,1200100,8966,14944,1800000,1800000
4,3,1800000,1800100,8966,14944,2400000,2400000
4,4,2400000,2400100,8966,14944,3000000,3000000
4,5,3000000,3000100,8966,14944,3600000,3600000
4,6,3600000,3600100,8966,14944,4200000,4200000
4,7,4200000,4200100,8966,14944,4800000,4800000
4,8,4800000,4800100,8966,14944,5400000,5400000
4,9,5400000,5400100,8966,14944,6000000,6000000
4,10,6000000,6000100,8966,14944,6600000,6600000
4,11,6600000,6600100,8966,14944,7200000,7200000
4,12,7200000,7200100,8966,14944,7800000,7800000
4,13,7800000,7800100,8966,14944,8400000,8400000
4,14,8400000,8400100,8966,14944,9000000,9000000
4,15,9000000,9000100,8966,14944,9600000,9600000
4,16,9600000,9600100,8966,14944,10200000,10200000
4,17,10200000,10200100,8966,14944,10800000,10800000
4,18,10800000,10800100,8966,14944,11400000,11400000
4,19,11400000,11400100,8966,14944,12000000,12000000
4,20,12000000,12000100,8966,14944,12600000,12600000
4,21,12600000,12600100,8966,14944,13200000,13200000
4,22,13200000,13200100,8966,14944,13800000,13800000
4,23,13800000,13800100,8966,14944,14400000,14400000
4,24,14400000,14400100,8966,14944,15000000,15000000
4,25,15000000,15000100,8966,14944,15600000,15600000
4,26,15600000,15600100,8966,14944,16200000,16200000
4,27,16200000,16200100,8966,14944,16800000,16800000
4,28,16800000,16800100,8966,14944,17400000,17400000
4,29,17400000,17400100,8966,14944,18000000,18000000
4,30,18000000,18000100,8966,14944,18600000,18600000
4,31,18600000,18600100,8966,14944,19200000,19200000
4,32,19200000,19200100,8966,14944,19800000,19800000
4,33,19800000,19800100,8966,14944,20400000,20400000
4,34,20400000,20400100,8966,14944,21000000,21000000
4,35,21000000,21000100,8966,14944,21600000,21600000
4,36,21600000,21600100,8966,14944,22200000,22200000
4,37,22200000,22200100,8966,14944,22800000,22800000
4,38,22800000,22800100,8966,14944,23400000,23400000
4,39,23400000,23400100,8966,14944,24000000,24000000
4,40,24000000,24000100,8966,14944,24600000,24600000
4,41,24600000,24600100,8966,14944,25200000,25200000
4,42,25200000,25200100,8966,14944,25800000,25800000
4,43,25800000,25800100,8966,14944,26400000,26400000
4,44,26400000,26400100,8966,14944,27000000,27000000
4,45,27000000,27000100,8966,14944,27600000,27600000
4,46,27600000,27600100,8966,14944,28200000,28200000
4,47,28200000,28200100,8966,14944,28800000,28800000
4,48,28800000,28800100,8966,14944,29400000,29400000
4,49,29400000,29400100,8966,14944,30000000,30000000
4,50,30000000,30000100,8966,14944,30600000,30600000
4,51,30600000,30600100,8966,14944,31200000,31200000
4,52,31200000,31200100,8966,14944,31800000,31800000
4,53,31800000,31800100,8966,14944,32400000,32400000
4,54,32400000,32400100,8966,14944,33000000,33000000
4,55,33000000,33000100,8966,14944,33600000,33600000
4,56,33600000,33600100,8966,14944,34200000,34200000
4,57,34200000,34200100,8966,14944,34800000,34800000
4,58,34800000,34800100,8966,14944,35400000,35400000
4,59,35400000,35400100,8966,14944,36000000,36000000
4,60,36000000,36000100,8966,14944,36600000,36600000
4,61,36600000,36600100,8966,14944,37200000,37200000
4,62,37200000,37200100,8966,14944,37800000,37800000
4,63,37800000,37800100,8966,14944,38400000,38400000
4,64,38400000,38400100,8966,14944,39000000,39000000
4,65,39000000,39000100,8966,14944,39600000,39600000
4,66,39600000,39600100,8966,14944,40200000,40200000
4,67,40200000,40200100,8966,14944,40800000,40800000
4,68,40800000,40800100,8966,14944,41400000,41400000
4,69,41400000,41400100,8966,14944,42000000,42000000
4,70,42000000,42000100,8966,14944,42600000,42600000
4,71,42600000,42600100,8966,14944,43200000,43200000
4,72,43200000,43200100,8966,14944,43800000,43800000
4,73,43800000,43800100,8966,14944,44400000,44400000
4,74,44400000,44400100,8966,14944,45000000,45000000
4,75,45000000,45000100,8966,14944,45600000,45600000
4,76,45600000,45600100,8966,14944,46200000,46200000
4,77,46200000,46200100,8966,14944,46800000,46800000
4,78,46800000,46800100,8966,14944,47400000,47400000
4,79,47400000,47400100,8966,14944,48000000,48000000
4,80,48000000,48000100,8966,14944,48600000,48600000
4,81,48600000,48600100,8966,14944,49200000,49200000
4,82,49200000,49200100,8966,14944,49800000,49800000
4,83,49800000,49800100,8966,14944,50400000,50400000
4,84,50400000,50400100,8966,14944,51000000,51000000
4,85,51000000,51000100,8966,14944,51600000,51600000
4,86,51600000,51600100,8966,14944,52200000,52200000
4,87,52200000,52200100,8966,14944,52800000,52800000
4,88,52800000,52800100,8966,14944,53400000,53400000
4,89,53400000,53400100,8966,14944,54000000,54000000
4,90,54000000,54000100,8966,14944,54600000,54600000
4,91,54600000,54600100,8966,14944,55200000,55200000
4,92,55200000,55200100,8966,14944,55800000,55800000
4,93,55800000,55800100,8966,14944,56400000,56400000
4,94,56400000,56400100,8966,14944,57000000,57000000
4,95,57000000,57000100,8966,14944,57600000,57600000
4,96,57600000,57600100,8966,14944,58200000,58200000
4,97,58200000,58200100,8966,14944,58800000,58800000
4,98,58800000,58800100,8966,14944,59400000,59400000
4,99,59400000,59400100,8966,14944,60000000,60000000
4,100,60000000,60000100,8966,14944,60600000,60600000
4,101,60600000,60600100,8966,14944,61200000,61200000
4,102,61200000,61200100,8966,14944,61800000,61800000
4,103,61800000,61800100,8966,14944,62400000,62400000
4,104,62400000,62400100,8966,14944,63000000,63000000
4,105,63000000,63000100,8966,14944,63600000,63600000
4,106,63600000,63600100,8966,14944,64200000,64200000
4,107,64200000,64200100,8966,14944,64800000,64800000
4,108,64800000,64800100,8966,14944,65400000,65400000
4,109,65400000,65400100,8966,14944,66000000,66000000
4,110,66000000,66000100,8966,14944,66600000,66600000
4,111,66600000,66600100,8966,14944,67200000,67200000
4,112,67200000,67200100,8966,14944,67800000,67800000
4,113,67800000,67800100,8966,14944,68400000,68400000
4,114,68400000,68400100,8966,14944,69000000,69000000
4,115,69000000,69000100,8966,14944,69600000,69600000
4,116,69600000,69600100,8966,14944,70200000,70200000
4,117,70200000,70200100,8966,14944,70800000,70800000
4,118,70800000,70800100,8966,14944,71400000,71400000
4,119,71400000,71400100,8966,14944,72000000,72000000
4,120,72000000,72000100,8966,14944,72600000,72600000
4,121,72600000,72600100,8966,14944,73200000,73200000
4,122,73200000,73200100,8966,14944,73800000,73800000
4,123,73800000,73800100,8966,14944,74400000,74400000
4,124,74400000,74400100,8966,14944,75000000,75000000
4,125,75000000,75000100,8966,14944,75600000,75600000
4,126,75600000,75600100,8966,14944,76200000,76200000
4,127,76200000,76200100,8966,14944,76800000,76800000
4,128,76800000,76800100,8966,14944,77400000,77400000
4,129,77400000,77400100,8966,14944,78000000,78000000
4,130,78000000,78000100,8966,14944,78600000,78600000
4,131,78600000,78600100,8966,14944,79200000,79200000
4,132,79200000,79200100,8966,14944,79800000,79800000
4,133,79800000,79800100,8966,14944,80400000,80400000
4,134,80400000,80400100,8966,14944,81000000,81000000
4,135,81000000,81000100,8966,14944,81600000,81600000
4,136,81600000,81600100,8966,14944,82200000,82200000
4,137,82200000,82200100,8966,14944,82800000,82800000
4,138,82800000,82800100,8966,14944,83400000,83400000
4,139,83400000,83400100,8966,14944,84000000,84000000
4,140,84000000,84000100,8966,14944,84600000,84600000
4,141,84600000,84600100,8966,14944,85200000,85200000
4,142,85200000,85200100,8966,14944,85800000,85800000
4,143,85800000,85800100,8966,14944,86400000,86400000
4,144,86400000,86400100,8966,14944,87000000,87000000
4,145,87000000,87000100,8966,14944,87600000,87600000
4,146,87600000,87600100,8966,14944,88200000,88200000
4,147,88200000,88200100,8966,14944,88800000,88800000
4,148,88800000,88800100,8966,14944,89400000,89400000
4,149,89400000,89400100,8966,14944,90000000,90000000
4,150,90000000,90000100,8966,14944,90600000,90600000
4,151,90600000,90600100,8966,14944,91200000,91200000
4,152,91200000,91200100,8966,14944,91800000,91800000
4,153,91800000,91800100,8966,14944,92400000,92400000
4,154,92400000,92400100,8966,14944,93000000,93000000
4,155,93000000,93000100,8966,14944,93600000,93600000
4,156,93600000,93600100,8966,14944,94200000,94200000
4,157,94200000,94200100,8966,14944,94800000,94800000
4,158,94800000,94800100,8966,14944,95400000,95400000
4,159,95400000,95400100,8966,14944,96000000,96000000
4,160,96000000,96000100,8966,14944,96600000,96600000
4,161,96600000,96600100,8966,14944,97200000,97200000
4,162,97200000,97200100,8966,14944,97800000,97800000
4,163,97800000,97800100,8966,14944,98400000,98400000
4,164,98400000,98400100,8966,14944,99000000,99000000
4,165,99000000,99000100,8966,14944,99600000,99600000
4,166,99600000,99600100,8966,14944,100200000,100200000
4,167,100200000,100200100,8966,14944,100800000,100800000
4,168,100800000,100800100,8966,14944,101400000,101400000
4,169,101400000,101400100,8966,14944,102000000,102000000
4,170,102000000,102000100,8966,14944,102600000,102600000
4,171,102600000,102600100,8966,14944,103200000,103200000
4,172,103200000,103200100,8966,14944,103800000,103800000
4,173,103800000,103800100,8966,14944,104400000,104400000
4,174,104400000,104400100,8966,14944,105000000,105000000
4,175,105000000,105000100,8966,14944,105600000,105600000
4,176,105600000,105600100,8966,14944,106200000,106200000
4,177,106200000,106200100,8966,14944,106800000,106800000
4,178,106800000,106800100,8966,14944,107400000,107400000
4,179,107400000,107400100,8966,14944,108000000,108000000
4,180,108000000,108000100,8966,14944,108600000,108600000
4,181,108600000,108600100,8966,14944,109200000,109200000
4,182,109200000,109200100,8966,14944,109800000,109800000
4,183,109800000,109800100,8966,14944,110400000,110400000
4,184,110400000,110400100,8966,14944,111000000,111000000
4,185,111000000,111000100,8966,14944,111600000,111600000
4,186,111600000,111600100,8966,14944,112200000,112200000
4,187,112200000,112200100,8966,14944,112800000,112800000
4,188,112800000,112800100,8966,14944,113400000,113400000
4,189,113400000,113400100,8966,14944,114000000,114000000
4,190,114000000,114000100,8966,14944,114600000,114600000
4,191,114600000,114600100,8966,14944,115200000,115200000
4,192,115200000,115200100,8966,14944,115800000,115800000
4,193,115800000,115800100,8966,14944,116400000,116400000
4,194,116400000,116400100,8966,14944,117000000,117000000
4,195,117000000,117000100,8966,14944,117600000,117600000
4,196,117600000,117600100,8966,14944,118200000,118200000
4,197,118200000,118200100,8966,14944,118800000,118800000
4,198,118800000,118800100,8966,14944,119400000,119400000
4,199,119400000,119400100,8966,14944,120000000,120000000
4,200,120000000,120000100,8966,14944,120600000,120600000
4,201,120600000,120600100,8966,14944,121200000,121200000
4,202,121200000,121200100,8966,14944,121800000,121800000
4,203,121800000,121800100,8966,14944,122400000,122400000
4,204,122400000,122400100,8966,14944,123000000,123000000
4,205,123000000,123000100,8966,14944,123600000,123600000
4,206,123600000,123600100,8966,14944,124200000,124200000
4,207,124200000,124200100,8966,14944,124800000,124800000
4,208,124800000,124800100,8966,14944,125400000,125400000
4,209,125400000,125400100,8966,14944,126000000,126000000
4,210,126000000,126000100,8966,14944,126600000,126600000
4,211,126600000,126600100,8966,14944,127200000,127200000
4,212,127200000,127200100,8966,14944,127800000,127800000
4,213,127800000,127800100,8966,14944,128400000,128400000
4,214,128400000,128400100,8966,14944,129000000,129000000
4,215,129000000,129000100,8966,14944,129600000,129600000
4,216,129600000,129600100,8966,14944,130200000,130200000
4,217,130200000,130200100,8966,14944,130800000,130800000
4,218,130800000,130800100,8966,14944,131400000,131400000
4,219,131400000,131400100,8966,14944,132000000,132000000
4,220,132000000,132000100,8966,14944,132600000,132600000
4,221,132600000,132600100,8966,14944,133200000,133200000
4,222,133200000,133200100,8966,14944,133800000,133800000
4,223,133800000,133800100,8966,14944,134400000,134400000
4,224,134400000,134400100,8966,14944,135000000,135000000
4,225,135000000,135000100,8966,14944,135600000,135600000
4,226,135600000,135600100,8966,14944,136200000,136200000
4,227,136200000,136200100,8966,14944,136800000,136800000
4,228,136800000,136800100,8966,14944,137400000,137400000
4,229,137400000,137400100,8966,14944,138000000,138000000
4,230,138000000,138000100,8966,14944,138600000,138600000
4,231,138600000,138600100,8966,14944,139200000,139200000
4,232,139200000,139200100,8966,14944,139800000,139800000
4,233,139800000,139800100,8966,14944,140400000,140400000
4,234,140400000,140400100,8966,14944,141000000,141000000
4,235,141000000,141000100,8966,14944,141600000,141600000
4,236,141600000,141600100,8966,14944,142200000,142200000
4,237,142200000,142200100,8966,14944,142800000,142800000
4,238,142800000,142800100,8966,14944,143400000,143400000
4,239,143400000,143400100,8966,14944,144000000,144000000
4,240,144000000,144000100,8966,14944,144600000,144600000
4,241,144600000,144600100,8966,14944,145200000,145200000
4,242,145200000,145200100,8966,14944,145800000,145800000
4,243,145800000,145800100,8966,14944,146400000,146400000
4,244,146400000,146400100,8966,14944,147000000,147000000
4,245,147000000,147000100,8966,14944,147600000,147600000
4,246,147600000,147600100,8966,14944,148200000,148200000
4,247,148200000,148200100,8966,14944,148800000,148800000
4,248,148800000,148800100,8966,14944,149400000,149400000
4,249,149400000,149400100,8966,14944,150000000,150000000
4,250,150000000,150000100,8966,14944,150600000,150600000
4,251,150600000,150600100,8966,14944,151200000,151200000
4,252,151200000,151200100,8966,14944,151800000,151800000
4,253,151800000,151800100,8966,14944,152400000,152400000
4,254,152400000,152400100,8966,14944,153000000,153000000
4,255,153000000,153000100,8966,14944,153600000,153600000
4,256,153600000,153600100,8966,14944,154200000,154200000
4,257,154200000,154200100,8966,14944,154800000,154800000
4,258,154800000,154800100,8966,14944,155400000,155400000
4,259,155400000,155400100,8966,14944,156000000,156000000
4,260,156000000,156000100,8966,14944,156600000,156600000
4,261,156600000,156600100,8966,14944,157200000,157200000
4,262,157200000,157200100,8966,14944,157800000,157800000
4,263,157800000,157800100,8966,14944,158400000,158400000
4,264,158400000,158400100,8966,14944,159000000,159000000
4,265,159000000,159000100,8966,14944,159600000,159600000
4,266,159600000,159600100,8966,14944,160200000,160200000
4,267,160200000,160200100,8966,14944,160800000,160800000
4,268,160800000,160800100,8966,14944,161400000,161400000
4,269,161400000,161400100,8966,14944,162000000,162000000
4,270,162000000,162000100,8966,14944,162600000,162600000
4,271,162600000,162600100,8966,14944,163200000,163200000
4,272,163200000,163200100,8966,14944,163800000,163800000
5,0,0,100,182332,303888,600000,600000
5,1,600000,600100,182332,303888,1200000,1200000
5,2,1200000,1200100,182332,303888,1800000,1800000
5,3,1800000,1800100,182332,303888,2400000,2400000
5,4,2400000,2400100,182332,303888,3000000,3000000
5,5,3000000,3000100,182332,303888,3600000,3600000
5,6,3600000,3600100,182332,303888,4200000,4200000
5,7,4200000,4200100,182332,303888,4800000,4800000
5,8,4800000,4800100,182332,303888,5400000,5400000
5,9,5400000,5400100,182332,303888,6000000,6000000
5,10,6000000,6000100,182332,303888,6600000,6600000
5,11,6600000,6600100,182332,303888,7200000,7200000
5,12,7200000,7200100,182332,303888,7800000,7800000
5,13,7800000,7800100,182332,303888,8400000,8400000
5,14,8400000,8400100,182332,303888,9000000,9000000
5,15,9000000,9000100,182332,303888,9600000,9600000
5,16,9600000,9600100,182332,303888,10200000,10200000
5,17,10200000,10200100,182332,303888,10800000,10800000
5,18,10800000,10800100,182332,303888,11400000,11400000
5,19,11400000,11400100,182332,303888,12000000,12000000
5,20,12000000,12000100,182332,303888,12600000,12600000
5,21,12600000,12600100,182332,303888,13200000,13200000
5,22,13200000,13200100,182332,303888,13800000,13800000
5,23,13800000,13800100,182332,303888,14400000,14400000
5,24,14400000,14400100,182332,303888,15000000,15000000
5,25,15000000,15000100,182332,303888,15600000,15600000
5,26,15600000,15600100,182332,303888,16200000,16200000
5,27,16200000,16200100,182332,303888,16800000,16800000
5,28,16800000,16800100,182332,303888,17400000,17400000
5,29,17400000,17400100,182332,303888,18000000,18000000
5,30,18000000,18000100,182332,303888,18600000,18600000
5,31,18600000,18600100,182332,303888,19200000,19200000
5,32,19200000,19200100,182332,303888,19800000,19800000
5,33,19800000,19800100,182332,303888,20400000,20400000
5,34,20400000,20400100,182332,303888,21000000,21000000
5,35,21000000,21000100,182332,303888,21600000,21600000
5,36,21600000,21600100,182332,303888,22200000,22200000
5,37,22200000,22200100,182332,303888,22800000,22800000
5,38,22800000,22800100,182332,303888,23400000,23400000
5,39,23400000,23400100,182332,303888,24000000,24000000
5,40,24000000,24000100,182332,303888,24600000,24600000
5,41,24600000,24600100,182332,303888,25200000,25200000
5,42,25200000,25200100,182332,303888,25800000,25800000
5,43,25800000,25800100,182332,303888,26400000,26400000
5,44,26400000,26400100,182332,303888,27000000,27000000
5,45,27000000,27000100,182332,303888,27600000,27600000
5,46,27600000,27600100,182332,303888,28200000,28200000
5,47,28200000,28200100,182332,303888,28800000,28800000
5,48,28800000,28800100,182332,303888,29400000,29400000
5,49,29400000,29400100,182332,303888,30000000,30000000
5,50,30000000,30000100,182332,303888,30600000,30600000
5,51,30600000,30600100,182332,303888,31200000,31200000
5,52,31200000,31200100,182332,303888,31800000,31800000
5,53,31800000,31800100,182332,303888,32400000,32400000
5,54,32400000,32400100,182332,303888,33000000,33000000
5,55,33000000,33000100,182332,303888,33600000,33600000
5,56,33600000,33600100,182332,303888,34200000,34200000
5,57,34200000,34200100,182332,303888,34800000,34800000
5,58,34800000,34800100,182332,303888,35400000,35400000
5,59,35400000,35400100,182332,303888,36000000,36000000
5,60,36000000,36000100,182332,303888,36600000,36600000
5,61,36600000,36600100,182332,303888,37200000,37200000
5,62,37200000,37200100,182332,303888,37800000,37800000
5,63,37800000,37800100,182332,303888,38400000,38400000
5,64,38400000,38400100,182332,303888,39000000,39000000
5,65,39000000,39000100,182332,303888,39600000,39600000
5,66,39600000,39600100,182332,303888,40200000,40200000
5,67,40200000,40200100,182332,303888,40800000,40800000
5,68,40800000,40800100,182332,303888,41400000,41400000
5,69,41400000,41400100,182332,303888,42000000,42000000
5,70,42000000,42000100,182332,303888,42600000,42600000
5,71,42600000,42600100,182332,303888,43200000,43200000
5,72,43200000,43200100,182332,303888,43800000,43800000
5,73,43800000,43800100,182332,303888,44400000,44400000
5,74,44400000,44400100,182332,303888,45000000,45000000
5,75,45000000,45000100,182332,303888,45600000,45600000
5,76,45600000,45600100,182332,303888,46200000,46200000
5,77,46200000,46200100,182332,303888,46800000,46800000
5,78,46800000,46800100,182332,303888,47400000,47400000
5,79,47400000,47400100,182332,303888,48000000,48000000
5,80,48000000,48000100,182332,303888,48600000,48600000
5,81,48600000,48600100,182332,303888,49200000,49200000
5,82,49200000,49200100,182332,303888,49800000,49800000
5,83,49800000,49800100,182332,303888,50400000,50400000
5,84,50400000,50400100,182332,303888,51000000,51000000
5,85,51000000,51000100,182332,303888,51600000,51600000
5,86,51600000,51600100,182332,303888,52200000,52200000
5,87,52200000,52200100,182332,303888,52800000,52800000
5,88,52800000,52800100,182332,303888,53400000,53400000
5,89,53400000,53400100,182332,303888,54000000,54000000
5,90,54000000,54000100,182332,303888,54600000,54600000
5,91,54600000,54600100,182332,303888,55200000,55200000
5,92,55200000,55200100,182332,303888,55800000,55800000
5,93,55800000,55800100,182332,303888,56400000,56400000
5,94,56400000,56400100,182332,303888,57000000,57000000
5,95,57000000,57000100,182332,303888,57600000,57600000
5,96,57600000,57600100,182332,303888,58200000,58200000
5,97,58200000,58200100,182332,303888,58800000,58800000
5,98,58800000,58800100,182332,303888,59400000,59400000
5,99,59400000,59400100,182332,303888,60000000,60000000
5,100,60000000,60000100,182332,303888,60600000,60600000
5,101,60600000,60600100,182332,303888,61200000,61200000
5,102,61200000,61200100,182332,303888,61800000,61800000
5,103,61800000,61800100,182332,303888,62400000,62400000
5,104,62400000,62400100,182332,303888,63000000,63000000
5,105,63000000,63000100,182332,303888,63600000,63600000
5,106,63600000,63600100,182332,303888,64200000,64200000
5,107,64200000,64200100,182332,303888,64800000,64800000
5,108,64800000,64800100,182332,303888,65400000,65400000
5,109,65400000,65400100,182332,303888,66000000,66000000
5,110,66000000,66000100,182332,303888,66600000,66600000
5,111,66600000,66600100,182332,303888,67200000,67200000
5,112,67200000,67200100,182332,303888,67800000,67800000
5,113,67800000,67800100,182332,303888,68400000,68400000
5,114,68400000,68400100,182332,303888,69000000,69000000
5,115,69000000,69000100,182332,303888,69600000,69600000
5,116,69600000,69600100,182332,303888,70200000,70200000
5,117,70200000,70200100,182332,303888,70800000,70800000
5,118,70800000,70800100,182332,303888,71400000,71400000
5,119,71400000,71400100,182332,303888,72000000,72000000
5,120,72000000,72000100,182332,303888,72600000,72600000
5,121,72600000,72600100,182332,303888,73200000,73200000
5,122,73200000,73200100,182332,303888,73800000,73800000
5,123,73800000,73800100,182332,303888,74400000,74400000
5,124,74400000,74400100,182332,303888,75000000,75000000
5,125,75000000,75000100,182332,303888,75600000,75600000
5,126,75600000,75600100,182332,303888,76200000,76200000
5,127,76200000,76200100,182332,303888,76800000,76800000
5,128,76800000,76800100,182332,303888,77400000,77400000
5,129,77400000,77400100,182332,303888,78000000,78000000
5,130,78000000,78000100,182332,303888,78600000,78600000
5,131,78600000,78600100,182332,303888,79200000,79200000
5,132,79200000,79200100,182332,303888,79800000,79800000
5,133,79800000,79800100,182332,303888,80400000,80400000
5,134,80400000,80400100,182332,303888,81000000,81000000
5,135,81000000,81000100,182332,303888,81600000,81600000
5,136,81600000,81600100,182332,303888,82200000,82200000
5,137,82200000,82200100,182332,303888,82800000,82800000
5,138,82800000,82800100,182332,303888,83400000,83400000
5,139,83400000,83400100,182332,303888,84000000,84000000
5,140,84000000,84000100,182332,303888,84600000,84600000
5,141,84600000,84600100,182332,303888,85200000,85200000
5,142,85200000,85200100,182332,303888,85800000,85800000
5,143,85800000,85800100,182332,303888,86400000,86400000
5,144,86400000,86400100,182332,303888,87000000,87000000
5,145,87000000,87000100,182332,303888,87600000,87600000
5,146,87600000,87600100,182332,303888,88200000,88200000
5,147,88200000,88200100,182332,303888,88800000,88800000
5,148,88800000,88800100,182332,303888,89400000,89400000
5,149,89400000,89400100,182332,303888,90000000,90000000
5,150,90000000,90000100,182332,303888,90600000,90600000
5,151,90600000,90600100,182332,303888,91200000,91200000
5,152,91200000,91200100,182332,303888,91800000,91800000
5,153,91800000,91800100,182332,303888,92400000,92400000
5,154,92400000,92400100,182332,303888,93000000,93000000
5,155,93000000,93000100,182332,303888,93600000,93600000
5,156,93600000,93600100,182332,303888,94200000,94200000
5,157,94200000,94200100,182332,303888,94800000,94800000
5,158,94800000,94800100,182332,303888,95400000,95400000
5,159,95400000,95400100,182332,303888,96000000,96000000
5,160,96000000,96000100,182332,303888,96600000,96600000
5,161,96600000,96600100,182332,303888,97200000,97200000
5,162,97200000,97200100,182332,303888,97800000,97800000
5,163,97800000,97800100,182332,303888,98400000,98400000
5,164,98400000,98400100,182332,303888,99000000,99000000
5,165,99000000,99000100,182332,303888,99600000,99600000
5,166,99600000,99600100,182332,303888,100200000,100200000
5,167,100200000,100200100,182332,303888,100800000,100800000
5,168,100800000,100800100,182332,303888,101400000,101400000
5,169,101400000,101400100,182332,303888,102000000,102000000
5,170,102000000,102000100,182332,303888,102600000,102600000
5,171,102600000,102600100,182332,303888,103200000,103200000
5,172,103200000,103200100,182332,303888,103800000,103800000
5,173,103800000,103800100,182332,303888,104400000,104400000
5,174,104400000,104400100,182332,303888,105000000,105000000
5,175,105000000,105000100,182332,303888,105600000,105600000
5,176,105600000,105600100,182332,303888,106200000,106200000
5,177,106200000,106200100,182332,303888,106800000,106800000
5,178,106800000,106800100,182332,303888,107400000,107400000
5,179,107400000,107400100,182332,303888,108000000,108000000
5,180,108000000,108000100,182332,303888,108600000,108600000
5,181,108600000,108600100,182332,303888,109200000,109200000
5,182,109200000,109200100,182332,303888,109800000,109800000
5,183,109800000,109800100,182332,303888,110400000,110400000
5,184,110400000,110400100,182332,303888,111000000,111000000
5,185,111000000,111000100,182332,303888,111600000,111600000
5,186,111600000,111600100,182332,303888,112200000,112200000
5,187,112200000,112200100,182332,303888,112800000,112800000
5,188,112800000,112800100,182332,303888,113400000,113400000
5,189,113400000,113400100,182332,303888,114000000,114000000
5,190,114000000,114000100,182332,303888,114600000,114600000
5,191,114600000,114600100,182332,303888,115200000,115200000
5,192,115200000,115200100,182332,303888,115800000,115800000
5,193,115800000,115800100,182332,303888,116400000,116400000
5,194,116400000,116400100,182332,303888,117000000,117000000
5,195,117000000,117000100,182332,303888,117600000,117600000
5,196,117600000,117600100,182332,303888,118200000,118200000
5,197,118200000,118200100,182332,303888,118800000,118800000
5,198,118800000,118800100,182332,303888,119400000,119400000
5,199,119400000,119400100,182332,303888,120000000,120000000
5,200,120000000,120000100,182332,303888,120600000,120600000
5,201,120600000,120600100,182332,303888,121200000,121200000
5,202,121200000,121200100,182332,303888,121800000,121800000
5,203,121800000,121800100,182332,303888,122400000,122400000
5,204,122400000,122400100,182332,303888,123000000,123000000
5,205,123000000,123000100,182332,303888,123600000,123600000
5,206,123600000,123600100,182332,303888,124200000,124200000
5,207,124200000,124200100,182332,303888,124800000,124800000
5,208,124800000,124800100,182332,303888,125400000,125400000
5,209,125400000,125400100,182332,303888,126000000,126000000
5,210,126000000,126000100,182332,303888,126600000,126600000
5,211,126600000,126600100,182332,303888,127200000,127200000
5,212,127200000,127200100,182332,303888,127800000,127800000
5,213,127800000,127800100,182332,303888,128400000,128400000
5,214,128400000,128400100,182332,303888,129000000,129000000
5,215,129000000,129000100,182332,303888,129600000,129600000
5,216,129600000,129600100,182332,303888,130200000,130200000
5,217,130200000,130200100,182332,303888,130800000,130800000
5,218,130800000,130800100,182332,303888,131400000,131400000
5,219,131400000,131400100,182332,303888,132000000,132000000
5,220,132000000,132000100,182332,303888,132600000,132600000
5,221,132600000,132600100,182332,303888,133200000,133200000
5,222,133200000,133200100,182332,303888,133800000,133800000
5,223,133800000,133800100,182332,303888,134400000,134400000
5,224,134400000,134400100,182332,303888,135000000,135000000
5,225,135000000,135000100,182332,303888,135600000,135600000
5,226,135600000,135600100,182332,303888,136200000,136200000
5,227,136200000,136200100,182332,303888,136800000,136800000
5,228,136800000,136800100,182332,303888,137400000,137400000
5,229,137400000,137400100,182332,303888,138000000,138000000
5,230,138000000,138000100,182332,303888,138600000,138600000
5,231,138600000,138600100,182332,303888,139200000,139200000
5,232,139200000,139200100,182332,303888,139800000,139800000
5,233,139800000,139800100,182332,303888,140400000,140400000
5,234,140400000,140400100,182332,303888,141000000,141000000
5,235,141000000,141000100,182332,303888,141600000,141600000
5,236,141600000,141600100,182332,303888,142200000,142200000
5,237,142200000,142200100,182332,303888,142800000,142800000
5,238,142800000,142800100,182332,303888,143400000,143400000
5,239,143400000,143400100,182332,303888,144000000,144000000
5,240,144000000,144000100,182332,303888,144600000,144600000
5,241,144600000,144600100,182332,303888,145200000,145200000
5,242,145200000,145200100,182332,303888,145800000,145800000
5,243,145800000,145800100,182332,303888,146400000,146400000
5,244,146400000,146400100,182332,303888,147000000,147000000
5,245,147000000,147000100,182332,303888,147600000,147600000
5,246,147600000,147600100,182332,303888,148200000,148200000
5,247,148200000,148200100,182332,303888,148800000,148800000
5,248,148800000,148800100,182332,303888,149400000,149400000
5,249,149400000,149400100,182332,303888,150000000,150000000
5,250,150000000,150000100,182332,303888,150600000,150600000
5,251,150600000,150600100,182332,303888,151200000,151200000
5,252,151200000,151200100,182332,303888,151800000,151800000
5,253,151800000,151800100,182332,303888,152400000,152400000
5,254,152400000,152400100,182332,303888,153000000,153000000
5,255,153000000,153000100,182332,303888,153600000,153600000
5,256,153600000,153600100,182332,303888,154200000,154200000
5,257,154200000,154200100,182332,303888,154800000,154800000
5,258,154800000,154800100,182332,303888,155400000,155400000
5,259,155400000,155400100,182332,303888,156000000,156000000
5,260,156000000,156000100,182332,303888,156600000,156600000
5,261,156600000,156600100,182332,303888,157200000,157200000
5,262,157200000,157200100,182332,303888,157800000,157800000
5,263,157800000,157800100,182332,303888,158400000,158400000
5,264,158400000,158400100,182332,303888,159000000,159000000
5,265,159000000,159000100,182332,303888,159600000,159600000
5,266,159600000,159600100,182332,303888,160200000,160200000
5,267,160200000,160200100,182332,303888,160800000,160800000
5,268,160800000,160800100,182332,303888,161400000,161400000
5,269,161400000,161400100,182332,303888,162000000,162000000
5,270,162000000,162000100,182332,303888,162600000,162600000
5,271,162600000,162600100,182332,303888,163200000,163200000
5,272,163200000,163200100,182332,303888,163800000,163800000
6,0,0,100,34176,56961,650000,650000
6,1,650000,650100,34176,56961,1300000,1300000
6,2,1300000,1300100,34176,56961,1950000,1950000
6,3,1950000,1950100,34176,56961,2600000,2600000
6,4,2600000,2600100,34176,56961,3250000,3250000
6,5,3250000,3250100,34176,56961,3900000,3900000
6,6,3900000,3900100,34176,56961,4550000,4550000
6,7,4550000,4550100,34176,56961,5200000,5200000
6,8,5200000,5200100,34176,56961,5850000,5850000
6,9,5850000,5850100,34176,56961,6500000,6500000
6,10,6500000,6500100,34176,56961,7150000,7150000
6,11,7150000,7150100,34176,56961,7800000,7800000
6,12,7800000,7800100,34176,56961,8450000,8450000
6,13,8450000,8450100,34176,56961,9100000,9100000
6,14,9100000,9100100,34176,56961,9750000,9750000
6,15,9750000,9750100,34176,56961,10400000,10400000
6,16,10400000,10400100,34176,56961,11050000,11050000
6,17,11050000,11050100,34176,56961,11700000,11700000
6,18,11700000,11700100,34176,56961,12350000,12350000
6,19,12350000,12350100,34176,56961,13000000,13000000
6,20,13000000,13000100,34176,56961,13650000,13650000
6,21,13650000,13650100,34176,56961,14300000,14300000
6,22,14300000,14300100,34176,56961,14950000,14950000
6,23,14950000,14950100,34176,56961,15600000,15600000
6,24,15600000,15600100,34176,56961,16250000,16250000
6,25,16250000,16250100,34176,56961,16900000,16900000
6,26,16900000,16900100,34176,56961,17550000,17550000
6,27,17550000,17550100,34176,56961,18200000,18200000
6,28,18200000,18200100,34176,56961,18850000,18850000
6,29,18850000,18850100,34176,56961,19500000,19500000
6,30,19500000,19500100,34176,56961,20150000,20150000
6,31,20150000,20150100,34176,56961,20800000,20800000
6,32,20800000,20800100,34176,56961,21450000,21450000
6,33,21450000,21450100,34176,56961,22100000,22100000
6,34,22100000,22100100,34176,56961,22750000,22750000
6,35,22750000,22750100,34176,56961,23400000,23400000
6,36,23400000,23400100,34176,56961,24050000,24050000
6,37,24050000,24050100,34176,56961,24700000,24700000
6,38,24700000,24700100,34176,56961,25350000,25350000
6,39,25350000,25350100,34176,56961,26000000,26000000
6,40,26000000,26000100,34176,56961,26650000,26650000
6,41,26650000,26650100,34176,56961,27300000,27300000
6,42,27300000,27300100,34176,56961,27950000,27950000
6,43,27950000,27950100,34176,56961,28600000,28600000
6,44,28600000,28600100,34176,56961,29250000,29250000
6,45,29250000,29250100,34176,56961,29900000,29900000
6,46,29900000,29900100,34176,56961,30550000,30550000
6,47,30550000,30550100,34176,56961,31200000,31200000
6,48,31200000,31200100,34176,56961,31850000,31850000
6,49,31850000,31850100,34176,56961,32500000,32500000
6,50,32500000,32500100,34176,56961,33150000,33150000
6,51,33150000,33150100,34176,56961,33800000,33800000
6,52,33800000,33800100,34176,56961,34450000,34450000
6,53,34450000,34450100,34176,56961,35100000,35100000
6,54,35100000,35100100,34176,56961,35750000,35750000
6,55,35750000,35750100,34176,56961,36400000,36400000
6,56,36400000,36400100,34176,56961,37050000,37050000
6,57,37050000,37050100,34176,56961,37700000,37700000
6,58,37700000,37700100,34176,56961,38350000,38350000
6,59,38350000,38350100,34176,56961,39000000,39000000
6,60,39000000,39000100,34176,56961,39650000,39650000
6,61,39650000,39650100,34176,56961,40300000,40300000
6,62,40300000,40300100,34176,56961,40950000,40950000
6,63,40950000,40950100,34176,56961,41600000,41600000
6,64,41600000,41600100,34176,56961,42250000,42250000
6,65,42250000,42250100,34176,56961,42900000,42900000
6,66,42900000,42900100,34176,56961,43550000,43550000
6,67,43550000,43550100,34176,56961,44200000,44200000
6,68,44200000,44200100,34176,56961,44850000,44850000
6,69,44850000,44850100,34176,56961,45500000,45500000
6,70,45500000,45500100,34176,56961,46150000,46150000
6,71,46150000,46150100,34176,56961,46800000,46800000
6,72,46800000,46800100,34176,56961,47450000,47450000
6,73,47450000,47450100,34176,56961,48100000,48100000
6,74,48100000,48100100,34176,56961,48750000,48750000
6,75,48750000,48750100,34176,56961,49400000,49400000
6,76,49400000,49400100,34176,56961,50050000,50050000
6,77,50050000,50050100,34176,56961,50700000,50700000
6,78,50700000,50700100,34176,56961,51350000,51350000
6,79,51350000,51350100,34176,56961,52000000,52000000
6,80,52000000,52000100,34176,56961,52650000,52650000
6,81,52650000,52650100,34176,56961,53300000,53300000
6,82,53300000,53300100,34176,56961,53950000,53950000
6,83,53950000,53950100,34176,56961,54600000,54600000
6,84,54600000,54600100,34176,56961,55250000,55250000
6,85,55250000,55250100,34176,56961,55900000,55900000
6,86,55900000,55900100,34176,56961,56550000,56550000
6,87,56550000,56550100,34176,56961,57200000,57200000
6,88,57200000,57200100,34176,56961,57850000,57850000
6,89,57850000,57850100,34176,56961,58500000,58500000
6,90,58500000,58500100,34176,56961,59150000,59150000
6,91,59150000,59150100,34176,56961,59800000,59800000
6,92,59800000,59800100,34176,56961,60450000,60450000
6,93,60450000,60450100,34176,56961,61100000,61100000
6,94,61100000,61100100,34176,56961,61750000,61750000
6,95,61750000,61750100,34176,56961,62400000,62400000
6,96,62400000,62400100,34176,56961,63050000,63050000
6,97,63050000,63050100,34176,56961,63700000,63700000
6,98,63700000,63700100,34176,56961,64350000,64350000
6,99,64350000,64350100,34176,56961,65000000,65000000
6,100,65000000,65000100,34176,56961,65650000,65650000
6,101,65650000,65650100,34176,56961,66300000,66300000
6,102,66300000,66300100,34176,56961,66950000,66950000
6,103,66950000,66950100,34176,56961,67600000,67600000
6,104,67600000,67600100,34176,56961,68250000,68250000
6,105,68250000,68250100,34176,56961,68900000,68900000
6,106,68900000,68900100,34176,56961,69550000,69550000
6,107,69550000,69550100,34176,56961,70200000,70200000
6,108,70200000,70200100,34176,56961,70850000,70850000
6,109,70850000,70850100,34176,56961,71500000,71500000
6,110,71500000,71500100,34176,56961,72150000,72150000
6,111,72150000,72150100,34176,56961,72800000,72800000
6,112,72800000,72800100,34176,56961,73450000,73450000
6,113,73450000,73450100,34176,56961,74100000,74100000
6,114,74100000,74100100,34176,56961,74750000,74750000
6,115,74750000,74750100,34176,56961,75400000,75400000
6,116,75400000,75400100,34176,56961,76050000,76050000
6,117,76050000,76050100,34176,56961,76700000,76700000
6,118,76700000,76700100,34176,56961,77350000,77350000
6,119,77350000,77350100,34176,56961,78000000,78000000
6,120,78000000,78000100,34176,56961,78650000,78650000
6,121,78650000,78650100,34176,56961,79300000,79300000
6,122,79300000,79300100,34176,56961,79950000,79950000
6,123,79950000,79950100,34176,56961,80600000,80600000
6,124,80600000,80600100,34176,56961,81250000,81250000
6,125,81250000,81250100,34176,56961,81900000,81900000
6,126,81900000,81900100,34176,56961,82550000,82550000
6,127,82550000,82550100,34176,56961,83200000,83200000
6,128,83200000,83200100,34176,56961,83850000,83850000
6,129,83850000,83850100,34176,56961,84500000,84500000
6,130,84500000,84500100,34176,56961,85150000,85150000
6,131,85150000,85150100,34176,56961,85800000,85800000
6,132,85800000,85800100,34176,56961,86450000,86450000
6,133,86450000,86450100,34176,56961,87100000,87100000
6,134,87100000,87100100,34176,56961,87750000,87750000
6,135,87750000,87750100,34176,56961,88400000,88400000
6,136,88400000,88400100,34176,56961,89050000,89050000
6,137,89050000,89050100,34176,56961,89700000,89700000
6,138,89700000,89700100,34176,56961,90350000,90350000
6,139,90350000,90350100,34176,56961,91000000,91000000
6,140,91000000,91000100,34176,56961,91650000,91650000
6,141,91650000,91650100,34176,56961,92300000,92300000
6,142,92300000,92300100,34176,56961,92950000,92950000
6,143,92950000,92950100,34176,56961,93600000,93600000
6,144,93600000,93600100,34176,56961,94250000,94250000
6,145,94250000,94250100,34176,56961,94900000,94900000
6,146,94900000,94900100,34176,56961,95550000,95550000
6,147,95550000,95550100,34176,56961,96200000,96200000
6,148,96200000,96200100,34176,56961,96850000,96850000
6,149,96850000,96850100,34176,56961,97500000,97500000
6,150,97500000,97500100,34176,56961,98150000,98150000
6,151,98150000,98150100,34176,56961,98800000,98800000
6,152,98800000,98800100,34176,56961,99450000,99450000
6,153,99450000,99450100,34176,56961,100100000,100100000
6,154,100100000,100100100,34176,56961,100750000,100750000
6,155,100750000,100750100,34176,56961,101400000,101400000
6,156,101400000,101400100,34176,56961,102050000,102050000
6,157,102050000,102050100,34176,56961,102700000,102700000
6,158,102700000,102700100,34176,56961,103350000,103350000
6,159,103350000,103350100,34176,56961,104000000,104000000
6,160,104000000,104000100,34176,56961,104650000,104650000
6,161,104650000,104650100,34176,56961,105300000,105300000
6,162,105300000,105300100,34176,56961,105950000,105950000
6,163,105950000,105950100,34176,56961,106600000,106600000
6,164,106600000,106600100,34176,56961,107250000,107250000
6,165,107250000,107250100,34176,56961,107900000,107900000
6,166,107900000,107900100,34176,56961,108550000,108550000
6,167,108550000,108550100,34176,56961,109200000,109200000
6,168,109200000,109200100,34176,56961,109850000,109850000
6,169,109850000,109850100,34176,56961,110500000,110500000
6,170,110500000,110500100,34176,56961,111150000,111150000
6,171,111150000,111150100,34176,56961,111800000,111800000
6,172,111800000,111800100,34176,56961,112450000,112450000
6,173,112450000,112450100,34176,56961,113100000,113100000
6,174,113100000,113100100,34176,56961,113750000,113750000
6,175,113750000,113750100,34176,56961,114400000,114400000
6,176,114400000,114400100,34176,56961,115050000,115050000
6,177,115050000,115050100,34176,56961,115700000,115700000
6,178,115700000,115700100,34176,56961,116350000,116350000
6,179,116350000,116350100,34176,56961,117000000,117000000
6,180,117000000,117000100,34176,56961,117650000,117650000
6,181,117650000,117650100,34176,56961,118300000,118300000
6,182,118300000,118300100,34176,56961,118950000,118950000
6,183,118950000,118950100,34176,56961,119600000,119600000
6,184,119600000,119600100,34176,56961,120250000,120250000
6,185,120250000,120250100,34176,56961,120900000,120900000
6,186,120900000,120900100,34176,56961,121550000,121550000
6,187,121550000,121550100,34176,56961,122200000,122200000
6,188,122200000,122200100,34176,56961,122850000,122850000
6,189,122850000,122850100,34176,56961,123500000,123500000
6,190,123500000,123500100,34176,56961,124150000,124150000
6,191,124150000,124150100,34176,56961,124800000,124800000
6,192,124800000,124800100,34176,56961,125450000,125450000
6,193,125450000,125450100,34176,56961,126100000,126100000
6,194,126100000,126100100,34176,56961,126750000,126750000
6,195,126750000,126750100,34176,56961,127400000,127400000
6,196,127400000,127400100,34176,56961,128050000,128050000
6,197,128050000,128050100,34176,56961,128700000,128700000
6,198,128700000,128700100,34176,56961,129350000,129350000
6,199,129350000,129350100,34176,56961,130000000,130000000
6,200,130000000,130000100,34176,56961,130650000,130650000
6,201,130650000,130650100,34176,56961,131300000,131300000
6,202,131300000,131300100,34176,56961,131950000,131950000
6,203,131950000,131950100,34176,56961,132600000,132600000
6,204,132600000,132600100,34176,56961,133250000,133250000
6,205,133250000,133250100,34176,56961,133900000,133900000
6,206,133900000,133900100,34176,56961,134550000,134550000
6,207,134550000,134550100,34176,56961,135200000,135200000
6,208,135200000,135200100,34176,56961,135850000,135850000
6,209,135850000,135850100,34176,56961,136500000,136500000
6,210,136500000,136500100,34176,56961,137150000,137150000
6,211,137150000,137150100,34176,56961,137800000,137800000
6,212,137800000,137800100,34176,56961,138450000,138450000
6,213,138450000,138450100,34176,56961,139100000,139100000
6,214,139100000,139100100,34176,56961,139750000,139750000
6,215,139750000,139750100,34176,56961,140400000,140400000
6,216,140400000,140400100,34176,56961,141050000,141050000
6,217,141050000,141050100,34176,56961,141700000,141700000
6,218,141700000,141700100,34176,56961,142350000,142350000
6,219,142350000,142350100,34176,56961,143000000,143000000
6,220,143000000,143000100,34176,56961,143650000,143650000
6,221,143650000,143650100,34176,56961,144300000,144300000
6,222,144300000,144300100,34176,56961,144950000,144950000
6,223,144950000,144950100,34176,56961,145600000,145600000
6,224,145600000,145600100,34176,56961,146250000,146250000
6,225,146250000,146250100,34176,56961,146900000,146900000
6,226,146900000,146900100,34176,56961,147550000,147550000
6,227,147550000,147550100,34176,56961,148200000,148200000
6,228,148200000,148200100,34176,56961,148850000,148850000
6,229,148850000,148850100,34176,56961,149500000,149500000
6,230,149500000,149500100,34176,56961,150150000,150150000
6,231,150150000,150150100,34176,56961,150800000,150800000
6,232,150800000,150800100,34176,56961,151450000,151450000
6,233,151450000,151450100,34176,56961,152100000,152100000
6,234,152100000,152100100,34176,56961,152750000,152750000
6,235,152750000,152750100,34176,56961,153400000,153400000
6,236,153400000,153400100,34176,56961,154050000,154050000
6,237,154050000,154050100,34176,56961,154700000,154700000
6,238,154700000,154700100,34176,56961,155350000,155350000
6,239,155350000,155350100,34176,56961,156000000,156000000
6,240,156000000,156000100,34176,56961,156650000,156650000
6,241,156650000,156650100,34176,56961,157300000,157300000
6,242,157300000,157300100,34176,56961,157950000,157950000
6,243,157950000,157950100,34176,56961,158600000,158600000
6,244,158600000,158600100,34176,56961,159250000,159250000
6,245,159250000,159250100,34176,56961,159900000,159900000
6,246,159900000,159900100,34176,56961,160550000,160550000
6,247,160550000,160550100,34176,56961,161200000,161200000
6,248,161200000,161200100,34176,56961,161850000,161850000
6,249,161850000,161850100,34176,56961,162500000,162500000
6,250,162500000,162500100,34176,56961,163150000,163150000
6,251,163150000,163150100,34176,56961,163800000,163800000
7,0,0,100,152611,254352,700000,700000
7,1,700000,700100,152611,254352,1400000,1400000
7,2,1400000,1400100,152611,254352,2100000,2100000
7,3,2100000,2100100,152611,254352,2800000,2800000
7,4,2800000,2800100,152611,254352,3500000,3500000
7,5,3500000,3500100,152611,254352,4200000,4200000
7,6,4200000,4200100,152611,254352,4900000,4900000
7,7,4900000,4900100,152611,254352,5600000,5600000
7,8,5600000,5600100,152611,254352,6300000,6300000
7,9,6300000,6300100,152611,254352,7000000,7000000
7,10,7000000,7000100,152611,254352,7700000,7700000
7,11,7700000,7700100,152611,254352,8400000,8400000
7,12,8400000,8400100,152611,254352,9100000,9100000
7,13,9100000,9100100,152611,254352,9800000,9800000
7,14,9800000,9800100,152611,254352,10500000,10500000
7,15,10500000,10500100,152611,254352,11200000,11200000
7,16,11200000,11200100,152611,254352,11900000,11900000
7,17,11900000,11900100,152611,254352,12600000,12600000
7,18,12600000,12600100,152611,254352,13300000,13300000
7,19,13300000,13300100,152611,254352,14000000,14000000
7,20,14000000,14000100,152611,254352,14700000,14700000
7,21,14700000,14700100,152611,254352,15400000,15400000
7,22,15400000,15400100,152611,254352,16100000,16100000
7,23,16100000,16100100,152611,254352,16800000,16800000
7,24,16800000,16800100,152611,254352,17500000,17500000
7,25,17500000,17500100,152611,254352,18200000,18200000
7,26,18200000,18200100,152611,254352,18900000,18900000
7,27,18900000,18900100,152611,254352,19600000,19600000
7,28,19600000,19600100,152611,254352,20300000,20300000
7,29,20300000,20300100,152611,254352,21000000,21000000
7,30,21000000,21000100,152611,254352,21700000,21700000
7,31,21700000,21700100,152611,254352,22400000,22400000
7,32,22400000,22400100,152611,254352,23100000,23100000
7,33,23100000,23100100,152611,254352,23800000,23800000
7,34,23800000,23800100,152611,254352,24500000,24500000
7,35,24500000,24500100,152611,254352,25200000,25200000
7,36,25200000,25200100,152611,254352,25900000,25900000
7,37,25900000,25900100,152611,254352,26600000,26600000
7,38,26600000,26600100,152611,254352,27300000,27300000
7,39,27300000,27300100,152611,254352,28000000,28000000
7,40,28000000,28000100,152611,254352,28700000,28700000
7,41,28700000,28700100,152611,254352,29400000,29400000
7,42,29400000,29400100,152611,254352,30100000,30100000
7,43,30100000,30100100,152611,254352,30800000,30800000
7,44,30800000,30800100,152611,254352,31500000,31500000
7,45,31500000,31500100,152611,254352,32200000,32200000
7,46,32200000,32200100,152611,254352,32900000,32900000
7,47,32900000,32900100,152611,254352,33600000,33600000
7,48,33600000,33600100,152611,254352,34300000,34300000
7,49,34300000,34300100,152611,254352,35000000,35000000
7,50,35000000,35000100,152611,254352,35700000,35700000
7,51,35700000,35700100,152611,254352,36400000,36400000
7,52,36400000,36400100,152611,254352,37100000,37100000
7,53,37100000,37100100,152611,254352,37800000,37800000
7,54,37800000,37800100,152611,254352,38500000,38500000
7,55,38500000,38500100,152611,254352,39200000,39200000
7,56,39200000,39200100,152611,254352,39900000,39900000
7,57,39900000,39900100,152611,254352,40600000,40600000
7,58,40600000,40600100,152611,254352,41300000,41300000
7,59,41300000,41300100,152611,254352,42000000,42000000
7,60,42000000,42000100,152611,254352,42700000,42700000
7,61,42700000,42700100,152611,254352,43400000,43400000
7,62,43400000,43400100,152611,254352,44100000,44100000
7,63,44100000,44100100,152611,254352,44800000,44800000
7,64,44800000,44800100,152611,254352,45500000,45500000
7,65,45500000,45500100,152611,254352,46200000,46200000
7,66,46200000,46200100,152611,254352,46900000,46900000
7,67,46900000,46900100,152611,254352,47600000,47600000
7,68,47600000,47600100,152611,254352,48300000,48300000
7,69,48300000,48300100,152611,254352,49000000,49000000
7,70,49000000,49000100,152611,254352,49700000,49700000
7,71,49700000,49700100,152611,254352,50400000,50400000
7,72,50400000,50400100,152611,254352,51100000,51100000
7,73,51100000,51100100,152611,254352,51800000,51800000
7,74,51800000,51800100,152611,254352,52500000,52500000
7,75,52500000,52500100,152611,254352,53200000,53200000
7,76,53200000,53200100,152611,254352,53900000,53900000
7,77,53900000,53900100,152611,254352,54600000,54600000
7,78,54600000,54600100,152611,254352,55300000,55300000
7,79,55300000,55300100,152611,254352,56000000,56000000
7,80,56000000,56000100,152611,254352,56700000,56700000
7,81,56700000,56700100,152611,254352,57400000,57400000
7,82,57400000,57400100,152611,254352,58100000,58100000
7,83,58100000,58100100,152611,254352,58800000,58800000
7,84,58800000,58800100,152611,254352,59500000,59500000
7,85,59500000,59500100,152611,254352,60200000,60200000
7,86,60200000,60200100,152611,254352,60900000,60900000
7,87,60900000,60900100,152611,254352,61600000,61600000
7,88,61600000,61600100,152611,254352,62300000,62300000
7,89,62300000,62300100,152611,254352,63000000,63000000
7,90,63000000,63000100,152611,254352,63700000,63700000
7,91,63700000,63700100,152611,254352,64400000,64400000
7,92,64400000,64400100,152611,254352,65100000,65100000
7,93,65100000,65100100,152611,254352,65800000,65800000
7,94,65800000,65800100,152611,254352,66500000,66500000
7,95,66500000,66500100,152611,254352,67200000,67200000
7,96,67200000,67200100,152611,254352,67900000,67900000
7,97,67900000,67900100,152611,254352,68600000,68600000
7,98,68600000,68600100,152611,254352,69300000,69300000
7,99,69300000,69300100,152611,254352,70000000,70000000
7,100,70000000,70000100,152611,254352,70700000,70700000
7,101,70700000,70700100,152611,254352,71400000,71400000
7,102,71400000,71400100,152611,254352,72100000,72100000
7,103,72100000,72100100,152611,254352,72800000,72800000
7,104,72800000,72800100,152611,254352,73500000,73500000
7,105,73500000,73500100,152611,254352,74200000,74200000
7,106,74200000,74200100,152611,254352,74900000,74900000
7,107,74900000,74900100,152611,254352,75600000,75600000
7,108,75600000,75600100,152611,254352,76300000,76300000
7,109,76300000,76300100,152611,254352,77000000,77000000
7,110,77000000,77000100,152611,254352,77700000,77700000
7,111,77700000,77700100,152611,254352,78400000,78400000
7,112,78400000,78400100,152611,254352,79100000,79100000
7,113,79100000,79100100,152611,254352,79800000,79800000
7,114,79800000,79800100,152611,254352,80500000,80500000
7,115,80500000,80500100,152611,254352,81200000,81200000
7,116,81200000,81200100,152611,254352,81900000,81900000
7,117,81900000,81900100,152611,254352,82600000,82600000
7,118,82600000,82600100,152611,254352,83300000,83300000
7,119,83300000,83300100,152611,254352,84000000,84000000
7,120,84000000,84000100,152611,254352,84700000,84700000
7,121,84700000,84700100,152611,254352,85400000,85400000
7,122,85400000,85400100,152611,254352,86100000,86100000
7,123,86100000,86100100,152611,254352,86800000,86800000
7,124,86800000,86800100,152611,254352,87500000,87500000
7,125,87500000,87500100,152611,254352,88200000,88200000
7,126,88200000,88200100,152611,254352,88900000,88900000
7,127,88900000,88900100,152611,254352,89600000,89600000
7,128,89600000,89600100,152611,254352,90300000,90300000
7,129,90300000,90300100,152611,254352,91000000,91000000
7,130,91000000,91000100,152611,254352,91700000,91700000
7,131,91700000,91700100,152611,254352,92400000,92400000
7,132,92400000,92400100,152611,254352,93100000,93100000
7,133,93100000,93100100,152611,254352,93800000,93800000
7,134,93800000,93800100,152611,254352,94500000,94500000
7,135,94500000,94500100,152611,254352,95200000,95200000
7,136,95200000,95200100,152611,254352,95900000,95900000
7,137,95900000,95900100,152611,254352,96600000,96600000
7,138,96600000,96600100,152611,254352,97300000,97300000
7,139,97300000,97300100,152611,254352,98000000,98000000
7,140,98000000,98000100,152611,254352,98700000,98700000
7,141,98700000,98700100,152611,254352,99400000,99400000
7,142,99400000,99400100,152611,254352,100100000,100100000
7,143,100100000,100100100,152611,254352,100800000,100800000
7,144,100800000,100800100,152611,254352,101500000,101500000
7,145,101500000,101500100,152611,254352,102200000,102200000
7,146,102200000,102200100,152611,254352,102900000,102900000
7,147,102900000,102900100,152611,254352,103600000,103600000
7,148,103600000,103600100,152611,254352,104300000,104300000
7,149,104300000,104300100,152611,254352,105000000,105000000
7,150,105000000,105000100,152611,254352,105700000,105700000
7,151,105700000,105700100,152611,254352,106400000,106400000
7,152,106400000,106400100,152611,254352,107100000,107100000
7,153,107100000,107100100,152611,254352,107800000,107800000
7,154,107800000,107800100,152611,254352,108500000,108500000
7,155,108500000,108500100,152611,254352,109200000,109200000
7,156,109200000,109200100,152611,254352,109900000,109900000
7,157,109900000,109900100,152611,254352,110600000,110600000
7,158,110600000,110600100,152611,254352,111300000,111300000
7,159,111300000,111300100,152611,254352,112000000,112000000
7,160,112000000,112000100,152611,254352,112700000,112700000
7,161,112700000,112700100,152611,254352,113400000,113400000
7,162,113400000,113400100,152611,254352,114100000,114100000
7,163,114100000,114100100,152611,254352,114800000,114800000
7,164,114800000,114800100,152611,254352,115500000,115500000
7,165,115500000,115500100,152611,254352,116200000,116200000
7,166,116200000,116200100,152611,254352,116900000,116900000
7,167,116900000,116900100,152611,254352,117600000,117600000
7,168,117600000,117600100,152611,254352,118300000,118300000
7,169,118300000,118300100,152611,254352,119000000,119000000
7,170,119000000,119000100,152611,254352,119700000,119700000
7,171,119700000,119700100,152611,254352,120400000,120400000
7,172,120400000,120400100,152611,254352,121100000,121100000
7,173,121100000,121100100,152611,254352,121800000,121800000
7,174,121800000,121800100,152611,254352,122500000,122500000
7,175,122500000,122500100,152611,254352,123200000,123200000
7,176,123200000,123200100,152611,254352,123900000,123900000
7,177,123900000,123900100,152611,254352,124600000,124600000
7,178,124600000,124600100,152611,254352,125300000,125300000
7,179,125300000,125300100,152611,254352,126000000,126000000
7,180,126000000,126000100,152611,254352,126700000,126700000
7,181,126700000,126700100,152611,254352,127400000,127400000
7,182,127400000,127400100,152611,254352,128100000,128100000
7,183,128100000,128100100,152611,254352,128800000,128800000
7,184,128800000,128800100,152611,254352,129500000,129500000
7,185,129500000,129500100,152611,254352,130200000,130200000
7,186,130200000,130200100,152611,254352,130900000,130900000
7,187,130900000,130900100,152611,254352,131600000,131600000
7,188,131600000,131600100,152611,254352,132300000,132300000
7,189,132300000,132300100,152611,254352,133000000,133000000
7,190,133000000,133000100,152611,254352,133700000,133700000
7,191,133700000,133700100,152611,254352,134400000,134400000
7,192,134400000,134400100,152611,254352,135100000,135100000
7,193,135100000,135100100,152611,254352,135800000,135800000
7,194,135800000,135800100,152611,254352,136500000,136500000
7,195,136500000,136500100,152611,254352,137200000,137200000
7,196,137200000,137200100,152611,254352,137900000,137900000
7,197,137900000,137900100,152611,254352,138600000,138600000
7,198,138600000,138600100,152611,254352,139300000,139300000
7,199,139300000,139300100,152611,254352,140000000,140000000
7,200,140000000,140000100,152611,254352,140700000,140700000
7,201,140700000,140700100,152611,254352,141400000,141400000
7,202,141400000,141400100,152611,254352,142100000,142100000
7,203,142100000,142100100,152611,254352,142800000,142800000
7,204,142800000,142800100,152611,254352,143500000,143500000
7,205,143500000,143500100,152611,254352,144200000,144200000
7,206,144200000,144200100,152611,254352,144900000,144900000
7,207,144900000,144900100,152611,254352,145600000,145600000
7,208,145600000,145600100,152611,254352,146300000,146300000
7,209,146300000,146300100,152611,254352,147000000,147000000
7,210,147000000,147000100,152611,254352,147700000,147700000
7,211,147700000,147700100,152611,254352,148400000,148400000
7,212,148400000,148400100,152611,254352,149100000,149100000
7,213,149100000,149100100,152611,254352,149800000,149800000
7,214,149800000,149800100,152611,254352,150500000,150500000
7,215,150500000,150500100,152611,254352,151200000,151200000
7,216,151200000,151200100,152611,254352,151900000,151900000
7,217,151900000,151900100,152611,254352,152600000,152600000
7,218,152600000,152600100,152611,254352,153300000,153300000
7,219,153300000,153300100,152611,254352,154000000,154000000
7,220,154000000,154000100,152611,254352,154700000,154700000
7,221,154700000,154700100,152611,254352,155400000,155400000
7,222,155400000,155400100,152611,254352,156100000,156100000
7,223,156100000,156100100,152611,254352,156800000,156800000
7,224,156800000,156800100,152611,254352,157500000,157500000
7,225,157500000,157500100,152611,254352,158200000,158200000
7,226,158200000,158200100,152611,254352,158900000,158900000
7,227,158900000,158900100,152611,254352,159600000,159600000
7,228,159600000,159600100,152611,254352,160300000,160300000
7,229,160300000,160300100,152611,254352,161000000,161000000
7,230,161000000,161000100,152611,254352,161700000,161700000
7,231,161700000,161700100,152611,254352,162400000,162400000
7,232,162400000,162400100,152611,254352,163100000,163100000
7,233,163100000,163100100,152611,254352,163800000,163800000
