Task ID,Job ID,Arrival min,Arrival max,Cost min,Cost max,Deadline,Priority
0,0,0,100,5595,9326,100000,100000
0,1,100000,100100,5595,9326,200000,200000
0,2,200000,200100,5595,9326,300000,300000
0,3,300000,300100,5595,9326,400000,400000
0,4,400000,400100,5595,9326,500000,500000
0,5,500000,500100,5595,9326,600000,600000
0,6,600000,600100,5595,9326,700000,700000
0,7,700000,700100,5595,9326,800000,800000
0,8,800000,800100,5595,9326,900000,900000
0,9,900000,900100,5595,9326,1000000,1000000
0,10,1000000,1000100,5595,9326,1100000,1100000
0,11,1100000,1100100,5595,9326,1200000,1200000
0,12,1200000,1200100,5595,9326,1300000,1300000
0,13,1300000,1300100,5595,9326,1400000,1400000
0,14,1400000,1400100,5595,9326,1500000,1500000
0,15,1500000,1500100,5595,9326,1600000,1600000
0,16,1600000,1600100,5595,9326,1700000,1700000
0,17,1700000,1700100,5595,9326,1800000,1800000
0,18,1800000,1800100,5595,9326,1900000,1900000
0,19,1900000,1900100,5595,9326,2000000,2000000
0,20,2000000,2000100,5595,9326,2100000,2100000
0,21,2100000,2100100,5595,9326,2200000,2200000
0,22,2200000,2200100,5595,9326,2300000,2300000
0,23,2300000,2300100,5595,9326,2400000,2400000
0,24,2400000,2400100,5595,9326,2500000,2500000
0,25,2500000,2500100,5595,9326,2600000,2600000
0,26,2600000,2600100,5595,9326,2700000,2700000
0,27,2700000,2700100,5595,9326,2800000,2800000
0,28,2800000,2800100,5595,9326,2900000,2900000
0,29,2900000,2900100,5595,9326,3000000,3000000
0,30,3000000,3000100,5595,9326,3100000,3100000
0,31,3100000,3100100,5595,9326,3200000,3200000
0,32,3200000,3200100,5595,9326,3300000,3300000
0,33,3300000,3300100,5595,9326,3400000,3400000
0,34,3400000,3400100,5595,9326,3500000,3500000
0,35,3500000,3500100,5595,9326,3600000,3600000
0,36,3600000,3600100,5595,9326,3700000,3700000
0,37,3700000,3700100,5595,9326,3800000,3800000
0,38,3800000,3800100,5595,9326,3900000,3900000
0,39,3900000,3900100,5595,9326,4000000,4000000
0,40,4000000,4000100,5595,9326,4100000,4100000
0,41,4100000,4100100,5595,9326,4200000,4200000
0,42,4200000,4200100,5595,9326,4300000,4300000
0,43,4300000,4300100,5595,9326,4400000,4400000
0,44,4400000,4400100,5595,9326,4500000,4500000
0,45,4500000,4500100,5595,9326,4600000,4600000
0,46,4600000,4600100,5595,9326,4700000,4700000
0,47,4700000,4700100,5595,9326,4800000,4800000
0,48,4800000,4800100,5595,9326,4900000,4900000
0,49,4900000,4900100,5595,9326,5000000,5000000
0,50,5000000,5000100,5595,9326,5100000,5100000
0,51,5100000,5100100,5595,9326,5200000,5200000
0,52,5200000,5200100,5595,9326,5300000,5300000
0,53,5300000,5300100,5595,9326,5400000,5400000
0,54,5400000,5400100,5595,9326,5500000,5500000
0,55,5500000,5500100,5595,9326,5600000,5600000
0,56,5600000,5600100,5595,9326,5700000,5700000
0,57,5700000,5700100,5595,9326,5800000,5800000
0,58,5800000,5800100,5595,9326,5900000,5900000
0,59,5900000,5900100,5595,9326,6000000,6000000
0,60,6000000,6000100,5595,9326,6100000,6100000
0,61,6100000,6100100,5595,9326,6200000,6200000
0,62,6200000,6200100,5595,9326,6300000,6300000
0,63,6300000,6300100,5595,9326,6400000,6400000
0,64,6400000,6400100,5595,9326,6500000,6500000
0,65,6500000,6500100,5595,9326,6600000,6600000
0,66,6600000,6600100,5595,9326,6700000,6700000
0,67,6700000,6700100,5595,9326,6800000,6800000
0,68,6800000,6800100,5595,9326,6900000,6900000
0,69,6900000,6900100,5595,9326,7000000,7000000
0,70,7000000,7000100,5595,9326,7100000,7100000
0,71,7100000,7100100,5595,9326,7200000,7200000
0,72,7200000,7200100,5595,9326,7300000,7300000
0,73,7300000,7300100,5595,9326,7400000,7400000
0,74,7400000,7400100,5595,9326,7500000,7500000
0,75,7500000,7500100,5595,9326,7600000,7600000
0,76,7600000,7600100,5595,9326,7700000,7700000
0,77,7700000,7700100,5595,9326,7800000,7800000
0,78,7800000,7800100,5595,9326,7900000,7900000
0,79,7900000,7900100,5595,9326,8000000,8000000
0,80,8000000,8000100,5595,9326,8100000,8100000
0,81,8100000,8100100,5595,9326,8200000,8200000
0,82,8200000,8200100,5595,9326,8300000,8300000
0,83,8300000,8300100,5595,9326,8400000,8400000
0,84,8400000,8400100,5595,9326,8500000,8500000
0,85,8500000,8500100,5595,9326,8600000,8600000
0,86,8600000,8600100,5595,9326,8700000,8700000
0,87,8700000,8700100,5595,9326,8800000,8800000
0,88,8800000,8800100,5595,9326,8900000,8900000
0,89,8900000,8900100,5595,9326,9000000,9000000
0,90,9000000,9000100,5595,9326,9100000,9100000
0,91,9100000,9100100,5595,9326,9200000,9200000
0,92,9200000,9200100,5595,9326,9300000,9300000
0,93,9300000,9300100,5595,9326,9400000,9400000
0,94,9400000,9400100,5595,9326,9500000,9500000
0,95,9500000,9500100,5595,9326,9600000,9600000
0,96,9600000,9600100,5595,9326,9700000,9700000
0,97,9700000,9700100,5595,9326,9800000,9800000
0,98,9800000,9800100,5595,9326,9900000,9900000
0,99,9900000,9900100,5595,9326,10000000,10000000
0,100,10000000,10000100,5595,9326,10100000,10100000
0,101,10100000,10100100,5595,9326,10200000,10200000
0,102,10200000,10200100,5595,9326,10300000,10300000
0,103,10300000,10300100,5595,9326,10400000,10400000
0,104,10400000,10400100,5595,9326,10500000,10500000
0,105,10500000,10500100,5595,9326,10600000,10600000
0,106,10600000,10600100,5595,9326,10700000,10700000
0,107,10700000,10700100,5595,9326,10800000,10800000
0,108,10800000,10800100,5595,9326,10900000,10900000
0,109,10900000,10900100,5595,9326,11000000,11000000
0,110,11000000,11000100,5595,9326,11100000,11100000
0,111,11100000,11100100,5595,9326,11200000,11200000
0,112,11200000,11200100,5595,9326,11300000,11300000
0,113,11300000,11300100,5595,9326,11400000,11400000
0,114,11400000,11400100,5595,9326,11500000,11500000
0,115,11500000,11500100,5595,9326,11600000,11600000
0,116,11600000,11600100,5595,9326,11700000,11700000
0,117,11700000,11700100,5595,9326,11800000,11800000
0,118,11800000,11800100,5595,9326,11900000,11900000
0,119,11900000,11900100,5595,9326,12000000,12000000
0,120,12000000,12000100,5595,9326,12100000,12100000
0,121,12100000,12100100,5595,9326,12200000,12200000
0,122,12200000,12200100,5595,9326,12300000,12300000
0,123,12300000,12300100,5595,9326,12400000,12400000
0,124,12400000,12400100,5595,9326,12500000,12500000
0,125,12500000,12500100,5595,9326,12600000,12600000
0,126,12600000,12600100,5595,9326,12700000,12700000
0,127,12700000,12700100,5595,9326,12800000,12800000
0,128,12800000,12800100,5595,9326,12900000,12900000
0,129,12900000,12900100,5595,9326,13000000,13000000
0,130,13000000,13000100,5595,9326,13100000,13100000
0,131,13100000,13100100,5595,9326,13200000,13200000
0,132,13200000,13200100,5595,9326,13300000,13300000
0,133,13300000,13300100,5595,9326,13400000,13400000
0,134,13400000,13400100,5595,9326,13500000,13500000
0,135,13500000,13500100,5595,9326,13600000,13600000
0,136,13600000,13600100,5595,9326,13700000,13700000
0,137,13700000,13700100,5595,9326,13800000,13800000
0,138,13800000,13800100,5595,9326,13900000,13900000
0,139,13900000,13900100,5595,9326,14000000,14000000
0,140,14000000,14000100,5595,9326,14100000,14100000
0,141,14100000,14100100,5595,9326,14200000,14200000
0,142,14200000,14200100,5595,9326,14300000,14300000
0,143,14300000,14300100,5595,9326,14400000,14400000
0,144,14400000,14400100,5595,9326,14500000,14500000
0,145,14500000,14500100,5595,9326,14600000,14600000
0,146,14600000,14600100,5595,9326,14700000,14700000
0,147,14700000,14700100,5595,9326,14800000,14800000
0,148,14800000,14800100,5595,9326,14900000,14900000
0,149,14900000,14900100,5595,9326,15000000,15000000
0,150,15000000,15000100,5595,9326,15100000,15100000
0,151,15100000,15100100,5595,9326,15200000,15200000
0,152,15200000,15200100,5595,9326,15300000,15300000
0,153,15300000,15300100,5595,9326,15400000,15400000
0,154,15400000,15400100,5595,9326,15500000,15500000
0,155,15500000,15500100,5595,9326,15600000,15600000
0,156,15600000,15600100,5595,9326,15700000,15700000
0,157,15700000,15700100,5595,9326,15800000,15800000
0,158,15800000,15800100,5595,9326,15900000,15900000
0,159,15900000,15900100,5595,9326,16000000,16000000
0,160,16000000,16000100,5595,9326,16100000,16100000
0,161,16100000,16100100,5595,9326,16200000,16200000
0,162,16200000,16200100,5595,9326,16300000,16300000
0,163,16300000,16300100,5595,9326,16400000,16400000
0,164,16400000,16400100,5595,9326,16500000,16500000
0,165,16500000,16500100,5595,9326,16600000,16600000
0,166,16600000,16600100,5595,9326,16700000,16700000
0,167,16700000,16700100,5595,9326,16800000,16800000
0,168,16800000,16800100,5595,9326,16900000,16900000
0,169,16900000,16900100,5595,9326,17000000,17000000
0,170,17000000,17000100,5595,9326,17100000,17100000
0,171,17100000,17100100,5595,9326,17200000,17200000
0,172,17200000,17200100,5595,9326,17300000,17300000
0,173,17300000,17300100,5595,9326,17400000,17400000
0,174,17400000,17400100,5595,9326,17500000,17500000
0,175,17500000,17500100,5595,9326,17600000,17600000
0,176,17600000,17600100,5595,9326,17700000,17700000
0,177,17700000,17700100,5595,9326,17800000,17800000
0,178,17800000,17800100,5595,9326,17900000,17900000
0,179,17900000,17900100,5595,9326,18000000,18000000
0,180,18000000,18000100,5595,9326,18100000,18100000
0,181,18100000,18100100,5595,9326,18200000,18200000
0,182,18200000,18200100,5595,9326,18300000,18300000
0,183,18300000,18300100,5595,9326,18400000,18400000
0,184,18400000,18400100,5595,9326,18500000,18500000
0,185,18500000,18500100,5595,9326,18600000,18600000
0,186,18600000,18600100,5595,9326,18700000,18700000
0,187,18700000,18700100,5595,9326,18800000,18800000
0,188,18800000,18800100,5595,9326,18900000,18900000
0,189,18900000,18900100,5595,9326,19000000,19000000
0,190,19000000,19000100,5595,9326,19100000,19100000
0,191,19100000,19100100,5595,9326,19200000,19200000
0,192,19200000,19200100,5595,9326,19300000,19300000
0,193,19300000,19300100,5595,9326,19400000,19400000
0,194,19400000,19400100,5595,9326,19500000,19500000
0,195,19500000,19500100,5595,9326,19600000,19600000
0,196,19600000,19600100,5595,9326,19700000,19700000
0,197,19700000,19700100,5595,9326,19800000,19800000
0,198,19800000,19800100,5595,9326,19900000,19900000
0,199,19900000,19900100,5595,9326,20000000,20000000
0,200,20000000,20000100,5595,9326,20100000,20100000
0,201,20100000,20100100,5595,9326,20200000,20200000
0,202,20200000,20200100,5595,9326,20300000,20300000
0,203,20300000,20300100,5595,9326,20400000,20400000
0,204,20400000,20400100,5595,9326,20500000,20500000
0,205,20500000,20500100,5595,9326,20600000,20600000
0,206,20600000,20600100,5595,9326,20700000,20700000
0,207,20700000,20700100,5595,9326,20800000,20800000
0,208,20800000,20800100,5595,9326,20900000,20900000
0,209,20900000,20900100,5595,9326,21000000,21000000
0,210,21000000,21000100,5595,9326,21100000,21100000
0,211,21100000,21100100,5595,9326,21200000,21200000
0,212,21200000,21200100,5595,9326,21300000,21300000
0,213,21300000,21300100,5595,9326,21400000,21400000
0,214,21400000,21400100,5595,9326,21500000,21500000
0,215,21500000,21500100,5595,9326,21600000,21600000
0,216,21600000,21600100,5595,9326,21700000,21700000
0,217,21700000,21700100,5595,9326,21800000,21800000
0,218,21800000,21800100,5595,9326,21900000,21900000
0,219,21900000,21900100,5595,9326,22000000,22000000
0,220,22000000,22000100,5595,9326,22100000,22100000
0,221,22100000,22100100,5595,9326,22200000,22200000
0,222,22200000,22200100,5595,9326,22300000,22300000
0,223,22300000,22300100,5595,9326,22400000,22400000
0,224,22400000,22400100,5595,9326,22500000,22500000
0,225,22500000,22500100,5595,9326,22600000,22600000
0,226,22600000,22600100,5595,9326,22700000,22700000
0,227,22700000,22700100,5595,9326,22800000,22800000
0,228,22800000,22800100,5595,9326,22900000,22900000
0,229,22900000,22900100,5595,9326,23000000,23000000
0,230,23000000,23000100,5595,9326,23100000,23100000
0,231,23100000,23100100,5595,9326,23200000,23200000
0,232,23200000,23200100,5595,9326,23300000,23300000
0,233,23300000,23300100,5595,9326,23400000,23400000
0,234,23400000,23400100,5595,9326,23500000,23500000
0,235,23500000,23500100,5595,9326,23600000,23600000
0,236,23600000,23600100,5595,9326,23700000,23700000
0,237,23700000,23700100,5595,9326,23800000,23800000
0,238,23800000,23800100,5595,9326,23900000,23900000
0,239,23900000,23900100,5595,9326,24000000,24000000
0,240,24000000,24000100,5595,9326,24100000,24100000
0,241,24100000,24100100,5595,9326,24200000,24200000
0,242,24200000,24200100,5595,9326,24300000,24300000
0,243,24300000,24300100,5595,9326,24400000,24400000
0,244,24400000,24400100,5595,9326,24500000,24500000
0,245,24500000,24500100,5595,9326,24600000,24600000
0,246,24600000,24600100,5595,9326,24700000,24700000
0,247,24700000,24700100,5595,9326,24800000,24800000
0,248,24800000,24800100,5595,9326,24900000,24900000
0,249,24900000,24900100,5595,9326,25000000,25000000
0,250,25000000,25000100,5595,9326,25100000,25100000
0,251,25100000,25100100,5595,9326,25200000,25200000
0,252,25200000,25200100,5595,9326,25300000,25300000
0,253,25300000,25300100,5595,9326,25400000,25400000
0,254,25400000,25400100,5595,9326,25500000,25500000
0,255,25500000,25500100,5595,9326,25600000,25600000
0,256,25600000,25600100,5595,9326,25700000,25700000
0,257,25700000,25700100,5595,9326,25800000,25800000
0,258,25800000,25800100,5595,9326,25900000,25900000
0,259,25900000,25900100,5595,9326,26000000,26000000
0,260,26000000,26000100,5595,9326,26100000,26100000
0,261,26100000,26100100,5595,9326,26200000,26200000
0,262,26200000,26200100,5595,9326,26300000,26300000
0,263,26300000,26300100,5595,9326,26400000,26400000
0,264,26400000,26400100,5595,9326,26500000,26500000
0,265,26500000,26500100,5595,9326,26600000,26600000
0,266,26600000,26600100,5595,9326,26700000,26700000
0,267,26700000,26700100,5595,9326,26800000,26800000
0,268,26800000,26800100,5595,9326,26900000,26900000
0,269,26900000,26900100,5595,9326,27000000,27000000
0,270,27000000,27000100,5595,9326,27100000,27100000
0,271,27100000,27100100,5595,9326,27200000,27200000
0,272,27200000,27200100,5595,9326,27300000,27300000
0,273,27300000,27300100,5595,9326,27400000,27400000
0,274,27400000,27400100,5595,9326,27500000,27500000
0,275,27500000,27500100,5595,9326,27600000,27600000
0,276,27600000,27600100,5595,9326,27700000,27700000
0,277,27700000,27700100,5595,9326,27800000,27800000
0,278,27800000,27800100,5595,9326,27900000,27900000
0,279,27900000,27900100,5595,9326,28000000,28000000
0,280,28000000,28000100,5595,9326,28100000,28100000
0,281,28100000,28100100,5595,9326,28200000,28200000
0,282,28200000,28200100,5595,9326,28300000,28300000
0,283,28300000,28300100,5595,9326,28400000,28400000
0,284,28400000,28400100,5595,9326,28500000,28500000
0,285,28500000,28500100,5595,9326,28600000,28600000
0,286,28600000,28600100,5595,9326,28700000,28700000
0,287,28700000,28700100,5595,9326,28800000,28800000
0,288,28800000,28800100,5595,9326,28900000,28900000
0,289,28900000,28900100,5595,9326,29000000,29000000
0,290,29000000,29000100,5595,9326,29100000,29100000
0,291,29100000,29100100,5595,9326,29200000,29200000
0,292,29200000,29200100,5595,9326,29300000,29300000
0,293,29300000,29300100,5595,9326,29400000,29400000
0,294,29400000,29400100,5595,9326,29500000,29500000
0,295,29500000,29500100,5595,9326,29600000,29600000
0,296,29600000,29600100,5595,9326,29700000,29700000
0,297,29700000,29700100,5595,9326,29800000,29800000
0,298,29800000,29800100,5595,9326,29900000,29900000
0,299,29900000,29900100,5595,9326,30000000,30000000
0,300,30000000,30000100,5595,9326,30100000,30100000
0,301,30100000,30100100,5595,9326,30200000,30200000
0,302,30200000,30200100,5595,9326,30300000,30300000
0,303,30300000,30300100,5595,9326,30400000,30400000
0,304,30400000,30400100,5595,9326,30500000,30500000
0,305,30500000,30500100,5595,9326,30600000,30600000
0,306,30600000,30600100,5595,9326,30700000,30700000
0,307,30700000,30700100,5595,9326,30800000,30800000
0,308,30800000,30800100,5595,9326,30900000,30900000
0,309,30900000,30900100,5595,9326,31000000,31000000
0,310,31000000,31000100,5595,9326,31100000,31100000
0,311,31100000,31100100,5595,9326,31200000,31200000
0,312,31200000,31200100,5595,9326,31300000,31300000
0,313,31300000,31300100,5595,9326,31400000,31400000
0,314,31400000,31400100,5595,9326,31500000,31500000
0,315,31500000,31500100,5595,9326,31600000,31600000
0,316,31600000,31600100,5595,9326,31700000,31700000
0,317,31700000,31700100,5595,9326,31800000,31800000
0,318,31800000,31800100,5595,9326,31900000,31900000
0,319,31900000,31900100,5595,9326,32000000,32000000
0,320,32000000,32000100,5595,9326,32100000,32100000
0,321,32100000,32100100,5595,9326,32200000,32200000
0,322,32200000,32200100,5595,9326,32300000,32300000
0,323,32300000,32300100,5595,9326,32400000,32400000
0,324,32400000,32400100,5595,9326,32500000,32500000
0,325,32500000,32500100,5595,9326,32600000,32600000
0,326,32600000,32600100,5595,9326,32700000,32700000
0,327,32700000,32700100,5595,9326,32800000,32800000
0,328,32800000,32800100,5595,9326,32900000,32900000
0,329,32900000,32900100,5595,9326,33000000,33000000
0,330,33000000,33000100,5595,9326,33100000,33100000
0,331,33100000,33100100,5595,9326,33200000,33200000
0,332,33200000,33200100,5595,9326,33300000,33300000
0,333,33300000,33300100,5595,9326,33400000,33400000
0,334,33400000,33400100,5595,9326,33500000,33500000
0,335,33500000,33500100,5595,9326,33600000,33600000
0,336,33600000,33600100,5595,9326,33700000,33700000
0,337,33700000,33700100,5595,9326,33800000,33800000
0,338,33800000,33800100,5595,9326,33900000,33900000
0,339,33900000,33900100,5595,9326,34000000,34000000
0,340,34000000,34000100,5595,9326,34100000,34100000
0,341,34100000,34100100,5595,9326,34200000,34200000
0,342,34200000,34200100,5595,9326,34300000,34300000
0,343,34300000,34300100,5595,9326,34400000,34400000
0,344,34400000,34400100,5595,9326,34500000,34500000
0,345,34500000,34500100,5595,9326,34600000,34600000
0,346,34600000,34600100,5595,9326,34700000,34700000
0,347,34700000,34700100,5595,9326,34800000,34800000
0,348,34800000,34800100,5595,9326,34900000,34900000
0,349,34900000,34900100,5595,9326,35000000,35000000
0,350,35000000,35000100,5595,9326,35100000,35100000
0,351,35100000,35100100,5595,9326,35200000,35200000
0,352,35200000,35200100,5595,9326,35300000,35300000
0,353,35300000,35300100,5595,9326,35400000,35400000
0,354,35400000,35400100,5595,9326,35500000,35500000
0,355,35500000,35500100,5595,9326,35600000,35600000
0,356,35600000,35600100,5595,9326,35700000,35700000
0,357,35700000,35700100,5595,9326,35800000,35800000
0,358,35800000,35800100,5595,9326,35900000,35900000
0,359,35900000,35900100,5595,9326,36000000,36000000
0,360,36000000,36000100,5595,9326,36100000,36100000
0,361,36100000,36100100,5595,9326,36200000,36200000
0,362,36200000,36200100,5595,9326,36300000,36300000
0,363,36300000,36300100,5595,9326,36400000,36400000
0,364,36400000,36400100,5595,9326,36500000,36500000
0,365,36500000,36500100,5595,9326,36600000,36600000
0,366,36600000,36600100,5595,9326,36700000,36700000
0,367,36700000,36700100,5595,9326,36800000,36800000
0,368,36800000,36800100,5595,9326,36900000,36900000
0,369,36900000,36900100,5595,9326,37000000,37000000
0,370,37000000,37000100,5595,9326,37100000,37100000
0,371,37100000,37100100,5595,9326,37200000,37200000
0,372,37200000,37200100,5595,9326,37300000,37300000
0,373,37300000,37300100,5595,9326,37400000,37400000
0,374,37400000,37400100,5595,9326,37500000,37500000
0,375,37500000,37500100,5595,9326,37600000,37600000
0,376,37600000,37600100,5595,9326,37700000,37700000
0,377,37700000,37700100,5595,9326,37800000,37800000
0,378,37800000,37800100,5595,9326,37900000,37900000
0,379,37900000,37900100,5595,9326,38000000,38000000
0,380,38000000,38000100,5595,9326,38100000,38100000
0,381,38100000,38100100,5595,9326,38200000,38200000
0,382,38200000,38200100,5595,9326,38300000,38300000
0,383,38300000,38300100,5595,9326,38400000,38400000
0,384,38400000,38400100,5595,9326,38500000,38500000
0,385,38500000,38500100,5595,9326,38600000,38600000
0,386,38600000,38600100,5595,9326,38700000,38700000
0,387,38700000,38700100,5595,9326,38800000,38800000
0,388,38800000,38800100,5595,9326,38900000,38900000
0,389,38900000,38900100,5595,9326,39000000,39000000
0,390,39000000,39000100,5595,9326,39100000,39100000
0,391,39100000,39100100,5595,9326,39200000,39200000
0,392,39200000,39200100,5595,9326,39300000,39300000
0,393,39300000,39300100,5595,9326,39400000,39400000
0,394,39400000,39400100,5595,9326,39500000,39500000
0,395,39500000,39500100,5595,9326,39600000,39600000
0,396,39600000,39600100,5595,9326,39700000,39700000
0,397,39700000,39700100,5595,9326,39800000,39800000
0,398,39800000,39800100,5595,9326,39900000,39900000
0,399,39900000,39900100,5595,9326,40000000,40000000
0,400,40000000,40000100,5595,9326,40100000,40100000
0,401,40100000,40100100,5595,9326,40200000,40200000
0,402,40200000,40200100,5595,9326,40300000,40300000
0,403,40300000,40300100,5595,9326,40400000,40400000
0,404,40400000,40400100,5595,9326,40500000,40500000
0,405,40500000,40500100,5595,9326,40600000,40600000
0,406,40600000,40600100,5595,9326,40700000,40700000
0,407,40700000,40700100,5595,9326,40800000,40800000
0,408,40800000,40800100,5595,9326,40900000,40900000
0,409,40900000,40900100,5595,9326,41000000,41000000
0,410,41000000,41000100,5595,9326,41100000,41100000
0,411,41100000,41100100,5595,9326,41200000,41200000
0,412,41200000,41200100,5595,9326,41300000,41300000
0,413,41300000,41300100,5595,9326,41400000,41400000
0,414,41400000,41400100,5595,9326,41500000,41500000
0,415,41500000,41500100,5595,9326,41600000,41600000
0,416,41600000,41600100,5595,9326,41700000,41700000
0,417,41700000,41700100,5595,9326,41800000,41800000
0,418,41800000,41800100,5595,9326,41900000,41900000
0,419,41900000,41900100,5595,9326,42000000,42000000
0,420,42000000,42000100,5595,9326,42100000,42100000
0,421,42100000,42100100,5595,9326,42200000,42200000
0,422,42200000,42200100,5595,9326,42300000,42300000
0,423,42300000,42300100,5595,9326,42400000,42400000
0,424,42400000,42400100,5595,9326,42500000,42500000
0,425,42500000,42500100,5595,9326,42600000,42600000
0,426,42600000,42600100,5595,9326,42700000,42700000
0,427,42700000,42700100,5595,9326,42800000,42800000
0,428,42800000,42800100,5595,9326,42900000,42900000
0,429,42900000,42900100,5595,9326,43000000,43000000
0,430,43000000,43000100,5595,9326,43100000,43100000
0,431,43100000,43100100,5595,9326,43200000,43200000
0,432,43200000,43200100,5595,9326,43300000,43300000
0,433,43300000,43300100,5595,9326,43400000,43400000
0,434,43400000,43400100,5595,9326,43500000,43500000
0,435,43500000,43500100,5595,9326,43600000,43600000
0,436,43600000,43600100,5595,9326,43700000,43700000
0,437,43700000,43700100,5595,9326,43800000,43800000
0,438,43800000,43800100,5595,9326,43900000,43900000
0,439,43900000,43900100,5595,9326,44000000,44000000
0,440,44000000,44000100,5595,9326,44100000,44100000
0,441,44100000,44100100,5595,9326,44200000,44200000
0,442,44200000,44200100,5595,9326,44300000,44300000
0,443,44300000,44300100,5595,9326,44400000,44400000
0,444,44400000,44400100,5595,9326,44500000,44500000
0,445,44500000,44500100,5595,9326,44600000,44600000
0,446,44600000,44600100,5595,9326,44700000,44700000
0,447,44700000,44700100,5595,9326,44800000,44800000
0,448,44800000,44800100,5595,9326,44900000,44900000
0,449,44900000,44900100,5595,9326,45000000,45000000
0,450,45000000,45000100,5595,9326,45100000,45100000
0,451,45100000,45100100,5595,9326,45200000,45200000
0,452,45200000,45200100,5595,9326,45300000,45300000
0,453,45300000,45300100,5595,9326,45400000,45400000
0,454,45400000,45400100,5595,9326,45500000,45500000
0,455,45500000,45500100,5595,9326,45600000,45600000
0,456,45600000,45600100,5595,9326,45700000,45700000
0,457,45700000,45700100,5595,9326,45800000,45800000
0,458,45800000,45800100,5595,9326,45900000,45900000
0,459,45900000,45900100,5595,9326,46000000,46000000
0,460,46000000,46000100,5595,9326,46100000,46100000
0,461,46100000,46100100,5595,9326,46200000,46200000
0,462,46200000,46200100,5595,9326,46300000,46300000
0,463,46300000,46300100,5595,9326,46400000,46400000
0,464,46400000,46400100,5595,9326,46500000,46500000
0,465,46500000,46500100,5595,9326,46600000,46600000
0,466,46600000,46600100,5595,9326,46700000,46700000
0,467,46700000,46700100,5595,9326,46800000,46800000
0,468,46800000,46800100,5595,9326,46900000,46900000
0,469,46900000,46900100,5595,9326,47000000,47000000
0,470,47000000,47000100,5595,9326,47100000,47100000
0,471,47100000,47100100,5595,9326,47200000,47200000
0,472,47200000,47200100,5595,9326,47300000,47300000
0,473,47300000,47300100,5595,9326,47400000,47400000
0,474,47400000,47400100,5595,9326,47500000,47500000
0,475,47500000,47500100,5595,9326,47600000,47600000
0,476,47600000,47600100,5595,9326,47700000,47700000
0,477,47700000,47700100,5595,9326,47800000,47800000
0,478,47800000,47800100,5595,9326,47900000,47900000
0,479,47900000,47900100,5595,9326,48000000,48000000
0,480,48000000,48000100,5595,9326,48100000,48100000
0,481,48100000,48100100,5595,9326,48200000,48200000
0,482,48200000,48200100,5595,9326,48300000,48300000
0,483,48300000,48300100,5595,9326,48400000,48400000
0,484,48400000,48400100,5595,9326,48500000,48500000
0,485,48500000,48500100,5595,9326,48600000,48600000
0,486,48600000,48600100,5595,9326,48700000,48700000
0,487,48700000,48700100,5595,9326,48800000,48800000
0,488,48800000,48800100,5595,9326,48900000,48900000
0,489,48900000,48900100,5595,9326,49000000,49000000
0,490,49000000,49000100,5595,9326,49100000,49100000
0,491,49100000,49100100,5595,9326,49200000,49200000
0,492,49200000,49200100,5595,9326,49300000,49300000
0,493,49300000,49300100,5595,9326,49400000,49400000
0,494,49400000,49400100,5595,9326,49500000,49500000
0,495,49500000,49500100,5595,9326,49600000,49600000
0,496,49600000,49600100,5595,9326,49700000,49700000
0,497,49700000,49700100,5595,9326,49800000,49800000
0,498,49800000,49800100,5595,9326,49900000,49900000
0,499,49900000,49900100,5595,9326,50000000,50000000
0,500,50000000,50000100,5595,9326,50100000,50100000
0,501,50100000,50100100,5595,9326,50200000,50200000
0,502,50200000,50200100,5595,9326,50300000,50300000
0,503,50300000,50300100,5595,9326,50400000,50400000
0,504,50400000,50400100,5595,9326,50500000,50500000
0,505,50500000,50500100,5595,9326,50600000,50600000
0,506,50600000,50600100,5595,9326,50700000,50700000
0,507,50700000,50700100,5595,9326,50800000,50800000
0,508,50800000,50800100,5595,9326,50900000,50900000
0,509,50900000,50900100,5595,9326,51000000,51000000
0,510,51000000,51000100,5595,9326,51100000,51100000
0,511,51100000,51100100,5595,9326,51200000,51200000
0,512,51200000,51200100,5595,9326,51300000,51300000
0,513,51300000,51300100,5595,9326,51400000,51400000
0,514,51400000,51400100,5595,9326,51500000,51500000
0,515,51500000,51500100,5595,9326,51600000,51600000
0,516,51600000,51600100,5595,9326,51700000,51700000
0,517,51700000,51700100,5595,9326,51800000,51800000
0,518,51800000,51800100,5595,9326,51900000,51900000
0,519,51900000,51900100,5595,9326,52000000,52000000
0,520,52000000,52000100,5595,9326,52100000,52100000
0,521,52100000,52100100,5595,9326,52200000,52200000
0,522,52200000,52200100,5595,9326,52300000,52300000
0,523,52300000,52300100,5595,9326,52400000,52400000
0,524,52400000,52400100,5595,9326,52500000,52500000
0,525,52500000,52500100,5595,9326,52600000,52600000
0,526,52600000,52600100,5595,9326,52700000,52700000
0,527,52700000,52700100,5595,9326,52800000,52800000
0,528,52800000,52800100,5595,9326,52900000,52900000
0,529,52900000,52900100,5595,9326,53000000,53000000
0,530,53000000,53000100,5595,9326,53100000,53100000
0,531,53100000,53100100,5595,9326,53200000,53200000
0,532,53200000,53200100,5595,9326,53300000,53300000
0,533,53300000,53300100,5595,9326,53400000,53400000
0,534,53400000,53400100,5595,9326,53500000,53500000
0,535,53500000,53500100,5595,9326,53600000,53600000
0,536,53600000,53600100,5595,9326,53700000,53700000
0,537,53700000,53700100,5595,9326,53800000,53800000
0,538,53800000,53800100,5595,9326,53900000,53900000
0,539,53900000,53900100,5595,9326,54000000,54000000
0,540,54000000,54000100,5595,9326,54100000,54100000
0,541,54100000,54100100,5595,9326,54200000,54200000
0,542,54200000,54200100,5595,9326,54300000,54300000
0,543,54300000,54300100,5595,9326,54400000,54400000
0,544,54400000,54400100,5595,9326,54500000,54500000
0,545,54500000,54500100,5595,9326,54600000,54600000
0,546,54600000,54600100,5595,9326,54700000,54700000
0,547,54700000,54700100,5595,9326,54800000,54800000
0,548,54800000,54800100,5595,9326,54900000,54900000
0,549,54900000,54900100,5595,9326,55000000,55000000
0,550,55000000,55000100,5595,9326,55100000,55100000
0,551,55100000,55100100,5595,9326,55200000,55200000
0,552,55200000,55200100,5595,9326,55300000,55300000
0,553,55300000,55300100,5595,9326,55400000,55400000
0,554,55400000,55400100,5595,9326,55500000,55500000
0,555,55500000,55500100,5595,9326,55600000,55600000
0,556,55600000,55600100,5595,9326,55700000,55700000
0,557,55700000,55700100,5595,9326,55800000,55800000
0,558,55800000,55800100,5595,9326,55900000,55900000
0,559,55900000,55900100,5595,9326,56000000,56000000
0,560,56000000,56000100,5595,9326,56100000,56100000
0,561,56100000,56100100,5595,9326,56200000,56200000
0,562,56200000,56200100,5595,9326,56300000,56300000
0,563,56300000,56300100,5595,9326,56400000,56400000
0,564,56400000,56400100,5595,9326,56500000,56500000
0,565,56500000,56500100,5595,9326,56600000,56600000
0,566,56600000,56600100,5595,9326,56700000,56700000
0,567,56700000,56700100,5595,9326,56800000,56800000
0,568,56800000,56800100,5595,9326,56900000,56900000
0,569,56900000,56900100,5595,9326,57000000,57000000
0,570,57000000,57000100,5595,9326,57100000,57100000
0,571,57100000,57100100,5595,9326,57200000,57200000
0,572,57200000,57200100,5595,9326,57300000,57300000
0,573,57300000,57300100,5595,9326,57400000,57400000
0,574,57400000,57400100,5595,9326,57500000,57500000
0,575,57500000,57500100,5595,9326,57600000,57600000
0,576,57600000,57600100,5595,9326,57700000,57700000
0,577,57700000,57700100,5595,9326,57800000,57800000
0,578,57800000,57800100,5595,9326,57900000,57900000
0,579,57900000,57900100,5595,9326,58000000,58000000
0,580,58000000,58000100,5595,9326,58100000,58100000
0,581,58100000,58100100,5595,9326,58200000,58200000
0,582,58200000,58200100,5595,9326,58300000,58300000
0,583,58300000,58300100,5595,9326,58400000,58400000
0,584,58400000,58400100,5595,9326,58500000,58500000
0,585,58500000,58500100,5595,9326,58600000,58600000
0,586,58600000,58600100,5595,9326,58700000,58700000
0,587,58700000,58700100,5595,9326,58800000,58800000
0,588,58800000,58800100,5595,9326,58900000,58900000
0,589,58900000,58900100,5595,9326,59000000,59000000
0,590,59000000,59000100,5595,9326,59100000,59100000
0,591,59100000,59100100,5595,9326,59200000,59200000
0,592,59200000,59200100,5595,9326,59300000,59300000
0,593,59300000,59300100,5595,9326,59400000,59400000
0,594,59400000,59400100,5595,9326,59500000,59500000
0,595,59500000,59500100,5595,9326,59600000,59600000
0,596,59600000,59600100,5595,9326,59700000,59700000
0,597,59700000,59700100,5595,9326,59800000,59800000
0,598,59800000,59800100,5595,9326,59900000,59900000
0,599,59900000,59900100,5595,9326,60000000,60000000
0,600,60000000,60000100,5595,9326,60100000,60100000
0,601,60100000,60100100,5595,9326,60200000,60200000
0,602,60200000,60200100,5595,9326,60300000,60300000
0,603,60300000,60300100,5595,9326,60400000,60400000
0,604,60400000,60400100,5595,9326,60500000,60500000
0,605,60500000,60500100,5595,9326,60600000,60600000
0,606,60600000,60600100,5595,9326,60700000,60700000
0,607,60700000,60700100,5595,9326,60800000,60800000
0,608,60800000,60800100,5595,9326,60900000,60900000
0,609,60900000,60900100,5595,9326,61000000,61000000
0,610,61000000,61000100,5595,9326,61100000,61100000
0,611,61100000,61100100,5595,9326,61200000,61200000
0,612,61200000,61200100,5595,9326,61300000,61300000
0,613,61300000,61300100,5595,9326,61400000,61400000
0,614,61400000,61400100,5595,9326,61500000,61500000
0,615,61500000,61500100,5595,9326,61600000,61600000
0,616,61600000,61600100,5595,9326,61700000,61700000
0,617,61700000,61700100,5595,9326,61800000,61800000
0,618,61800000,61800100,5595,9326,61900000,61900000
0,619,61900000,61900100,5595,9326,62000000,62000000
0,620,62000000,62000100,5595,9326,62100000,62100000
0,621,62100000,62100100,5595,9326,62200000,62200000
0,622,62200000,62200100,5595,9326,62300000,62300000
0,623,62300000,62300100,5595,9326,62400000,62400000
0,624,62400000,62400100,5595,9326,62500000,62500000
0,625,62500000,62500100,5595,9326,62600000,62600000
0,626,62600000,62600100,5595,9326,62700000,62700000
0,627,62700000,62700100,5595,9326,62800000,62800000
0,628,62800000,62800100,5595,9326,62900000,62900000
0,629,62900000,62900100,5595,9326,63000000,63000000
0,630,63000000,63000100,5595,9326,63100000,63100000
0,631,63100000,63100100,5595,9326,63200000,63200000
0,632,63200000,63200100,5595,9326,63300000,63300000
0,633,63300000,63300100,5595,9326,63400000,63400000
0,634,63400000,63400100,5595,9326,63500000,63500000
0,635,63500000,63500100,5595,9326,63600000,63600000
0,636,63600000,63600100,5595,9326,63700000,63700000
0,637,63700000,63700100,5595,9326,63800000,63800000
0,638,63800000,63800100,5595,9326,63900000,63900000
0,639,63900000,63900100,5595,9326,64000000,64000000
0,640,64000000,64000100,5595,9326,64100000,64100000
0,641,64100000,64100100,5595,9326,64200000,64200000
0,642,64200000,64200100,5595,9326,64300000,64300000
0,643,64300000,64300100,5595,9326,64400000,64400000
0,644,64400000,64400100,5595,9326,64500000,64500000
0,645,64500000,64500100,5595,9326,64600000,64600000
0,646,64600000,64600100,5595,9326,64700000,64700000
0,647,64700000,64700100,5595,9326,64800000,64800000
0,648,64800000,64800100,5595,9326,64900000,64900000
0,649,64900000,64900100,5595,9326,65000000,65000000
0,650,65000000,65000100,5595,9326,65100000,65100000
0,651,65100000,65100100,5595,9326,65200000,65200000
0,652,65200000,65200100,5595,9326,65300000,65300000
0,653,65300000,65300100,5595,9326,65400000,65400000
0,654,65400000,65400100,5595,9326,65500000,65500000
0,655,65500000,65500100,5595,9326,65600000,65600000
0,656,65600000,65600100,5595,9326,65700000,65700000
0,657,65700000,65700100,5595,9326,65800000,65800000
0,658,65800000,65800100,5595,9326,65900000,65900000
0,659,65900000,65900100,5595,9326,66000000,66000000
0,660,66000000,66000100,5595,9326,66100000,66100000
0,661,66100000,66100100,5595,9326,66200000,66200000
0,662,66200000,66200100,5595,9326,66300000,66300000
0,663,66300000,66300100,5595,9326,66400000,66400000
0,664,66400000,66400100,5595,9326,66500000,66500000
0,665,66500000,66500100,5595,9326,66600000,66600000
0,666,66600000,66600100,5595,9326,66700000,66700000
0,667,66700000,66700100,5595,9326,66800000,66800000
0,668,66800000,66800100,5595,9326,66900000,66900000
0,669,66900000,66900100,5595,9326,67000000,67000000
0,670,67000000,67000100,5595,9326,67100000,67100000
0,671,67100000,67100100,5595,9326,67200000,67200000
0,672,67200000,67200100,5595,9326,67300000,67300000
0,673,67300000,67300100,5595,9326,67400000,67400000
0,674,67400000,67400100,5595,9326,67500000,67500000
0,675,67500000,67500100,5595,9326,67600000,67600000
0,676,67600000,67600100,5595,9326,67700000,67700000
0,677,67700000,67700100,5595,9326,67800000,67800000
0,678,67800000,67800100,5595,9326,67900000,67900000
0,679,67900000,67900100,5595,9326,68000000,68000000
0,680,68000000,68000100,5595,9326,68100000,68100000
0,681,68100000,68100100,5595,9326,68200000,68200000
0,682,68200000,68200100,5595,9326,68300000,68300000
0,683,68300000,68300100,5595,9326,68400000,68400000
0,684,68400000,68400100,5595,9326,68500000,68500000
0,685,68500000,68500100,5595,9326,68600000,68600000
0,686,68600000,68600100,5595,9326,68700000,68700000
0,687,68700000,68700100,5595,9326,68800000,68800000
0,688,68800000,68800100,5595,9326,68900000,68900000
0,689,68900000,68900100,5595,9326,69000000,69000000
0,690,69000000,69000100,5595,9326,69100000,69100000
0,691,69100000,69100100,5595,9326,69200000,69200000
0,692,69200000,69200100,5595,9326,69300000,69300000
0,693,69300000,69300100,5595,9326,69400000,69400000
0,694,69400000,69400100,5595,9326,69500000,69500000
0,695,69500000,69500100,5595,9326,69600000,69600000
0,696,69600000,69600100,5595,9326,69700000,69700000
0,697,69700000,69700100,5595,9326,69800000,69800000
0,698,69800000,69800100,5595,9326,69900000,69900000
0,699,69900000,69900100,5595,9326,70000000,70000000
0,700,70000000,70000100,5595,9326,70100000,70100000
0,701,70100000,70100100,5595,9326,70200000,70200000
0,702,70200000,70200100,5595,9326,70300000,70300000
0,703,70300000,70300100,5595,9326,70400000,70400000
0,704,70400000,70400100,5595,9326,70500000,70500000
0,705,70500000,70500100,5595,9326,70600000,70600000
0,706,70600000,70600100,5595,9326,70700000,70700000
0,707,70700000,70700100,5595,9326,70800000,70800000
0,708,70800000,70800100,5595,9326,70900000,70900000
0,709,70900000,70900100,5595,9326,71000000,71000000
0,710,71000000,71000100,5595,9326,71100000,71100000
0,711,71100000,71100100,5595,9326,71200000,71200000
0,712,71200000,71200100,5595,9326,71300000,71300000
0,713,71300000,71300100,5595,9326,71400000,71400000
0,714,71400000,71400100,5595,9326,71500000,71500000
0,715,71500000,71500100,5595,9326,71600000,71600000
0,716,71600000,71600100,5595,9326,71700000,71700000
0,717,71700000,71700100,5595,9326,71800000,71800000
0,718,71800000,71800100,5595,9326,71900000,71900000
0,719,71900000,71900100,5595,9326,72000000,72000000
0,720,72000000,72000100,5595,9326,72100000,72100000
0,721,72100000,72100100,5595,9326,72200000,72200000
0,722,72200000,72200100,5595,9326,72300000,72300000
0,723,72300000,72300100,5595,9326,72400000,72400000
0,724,72400000,72400100,5595,9326,72500000,72500000
0,725,72500000,72500100,5595,9326,72600000,72600000
0,726,72600000,72600100,5595,9326,72700000,72700000
0,727,72700000,72700100,5595,9326,72800000,72800000
0,728,72800000,72800100,5595,9326,72900000,72900000
0,729,72900000,72900100,5595,9326,73000000,73000000
0,730,73000000,73000100,5595,9326,73100000,73100000
0,731,73100000,73100100,5595,9326,73200000,73200000
0,732,73200000,73200100,5595,9326,73300000,73300000
0,733,73300000,73300100,5595,9326,73400000,73400000
0,734,73400000,73400100,5595,9326,73500000,73500000
0,735,73500000,73500100,5595,9326,73600000,73600000
0,736,73600000,73600100,5595,9326,73700000,73700000
0,737,73700000,73700100,5595,9326,73800000,73800000
0,738,73800000,73800100,5595,9326,73900000,73900000
0,739,73900000,73900100,5595,9326,74000000,74000000
0,740,74000000,74000100,5595,9326,74100000,74100000
0,741,74100000,74100100,5595,9326,74200000,74200000
0,742,74200000,74200100,5595,9326,74300000,74300000
0,743,74300000,74300100,5595,9326,74400000,74400000
0,744,74400000,74400100,5595,9326,74500000,74500000
0,745,74500000,74500100,5595,9326,74600000,74600000
0,746,74600000,74600100,5595,9326,74700000,74700000
0,747,74700000,74700100,5595,9326,74800000,74800000
0,748,74800000,74800100,5595,9326,74900000,74900000
0,749,74900000,74900100,5595,9326,75000000,75000000
0,750,75000000,75000100,5595,9326,75100000,75100000
0,751,75100000,75100100,5595,9326,75200000,75200000
0,752,75200000,75200100,5595,9326,75300000,75300000
0,753,75300000,75300100,5595,9326,75400000,75400000
0,754,75400000,75400100,5595,9326,75500000,75500000
0,755,75500000,75500100,5595,9326,75600000,75600000
0,756,75600000,75600100,5595,9326,75700000,75700000
0,757,75700000,75700100,5595,9326,75800000,75800000
0,758,75800000,75800100,5595,9326,75900000,75900000
0,759,75900000,75900100,5595,9326,76000000,76000000
0,760,76000000,76000100,5595,9326,76100000,76100000
0,761,76100000,76100100,5595,9326,76200000,76200000
0,762,76200000,76200100,5595,9326,76300000,76300000
0,763,76300000,76300100,5595,9326,76400000,76400000
0,764,76400000,76400100,5595,9326,76500000,76500000
0,765,76500000,76500100,5595,9326,76600000,76600000
0,766,76600000,76600100,5595,9326,76700000,76700000
0,767,76700000,76700100,5595,9326,76800000,76800000
0,768,76800000,76800100,5595,9326,76900000,76900000
0,769,76900000,76900100,5595,9326,77000000,77000000
0,770,77000000,77000100,5595,9326,77100000,77100000
0,771,77100000,77100100,5595,9326,77200000,77200000
0,772,77200000,77200100,5595,9326,77300000,77300000
0,773,77300000,77300100,5595,9326,77400000,77400000
0,774,77400000,77400100,5595,9326,77500000,77500000
0,775,77500000,77500100,5595,9326,77600000,77600000
0,776,77600000,77600100,5595,9326,77700000,77700000
0,777,77700000,77700100,5595,9326,77800000,77800000
0,778,77800000,77800100,5595,9326,77900000,77900000
0,779,77900000,77900100,5595,9326,78000000,78000000
0,780,78000000,78000100,5595,9326,78100000,78100000
0,781,78100000,78100100,5595,9326,78200000,78200000
0,782,78200000,78200100,5595,9326,78300000,78300000
0,783,78300000,78300100,5595,9326,78400000,78400000
0,784,78400000,78400100,5595,9326,78500000,78500000
0,785,78500000,78500100,5595,9326,78600000,78600000
0,786,78600000,78600100,5595,9326,78700000,78700000
0,787,78700000,78700100,5595,9326,78800000,78800000
0,788,78800000,78800100,5595,9326,78900000,78900000
0,789,78900000,78900100,5595,9326,79000000,79000000
0,790,79000000,79000100,5595,9326,79100000,79100000
0,791,79100000,79100100,5595,9326,79200000,79200000
0,792,79200000,79200100,5595,9326,79300000,79300000
0,793,79300000,79300100,5595,9326,79400000,79400000
0,794,79400000,79400100,5595,9326,79500000,79500000
0,795,79500000,79500100,5595,9326,79600000,79600000
0,796,79600000,79600100,5595,9326,79700000,79700000
0,797,79700000,79700100,5595,9326,79800000,79800000
0,798,79800000,79800100,5595,9326,79900000,79900000
0,799,79900000,79900100,5595,9326,80000000,80000000
0,800,80000000,80000100,5595,9326,80100000,80100000
0,801,80100000,80100100,5595,9326,80200000,80200000
0,802,80200000,80200100,5595,9326,80300000,80300000
0,803,80300000,80300100,5595,9326,80400000,80400000
0,804,80400000,80400100,5595,9326,80500000,80500000
0,805,80500000,80500100,5595,9326,80600000,80600000
0,806,80600000,80600100,5595,9326,80700000,80700000
0,807,80700000,80700100,5595,9326,80800000,80800000
0,808,80800000,80800100,5595,9326,80900000,80900000
0,809,80900000,80900100,5595,9326,81000000,81000000
0,810,81000000,81000100,5595,9326,81100000,81100000
0,811,81100000,81100100,5595,9326,81200000,81200000
0,812,81200000,81200100,5595,9326,81300000,81300000
0,813,81300000,81300100,5595,9326,81400000,81400000
0,814,81400000,81400100,5595,9326,81500000,81500000
0,815,81500000,81500100,5595,9326,81600000,81600000
0,816,81600000,81600100,5595,9326,81700000,81700000
0,817,81700000,81700100,5595,9326,81800000,81800000
0,818,81800000,81800100,5595,9326,81900000,81900000
0,819,81900000,81900100,5595,9326,82000000,82000000
0,820,82000000,82000100,5595,9326,82100000,82100000
0,821,82100000,82100100,5595,9326,82200000,82200000
0,822,82200000,82200100,5595,9326,82300000,82300000
0,823,82300000,82300100,5595,9326,82400000,82400000
0,824,82400000,82400100,5595,9326,82500000,82500000
0,825,82500000,82500100,5595,9326,82600000,82600000
0,826,82600000,82600100,5595,9326,82700000,82700000
0,827,82700000,82700100,5595,9326,82800000,82800000
0,828,82800000,82800100,5595,9326,82900000,82900000
0,829,82900000,82900100,5595,9326,83000000,83000000
0,830,83000000,83000100,5595,9326,83100000,83100000
0,831,83100000,83100100,5595,9326,83200000,83200000
0,832,83200000,83200100,5595,9326,83300000,83300000
0,833,83300000,83300100,5595,9326,83400000,83400000
0,834,83400000,83400100,5595,9326,83500000,83500000
0,835,83500000,83500100,5595,9326,83600000,83600000
0,836,83600000,83600100,5595,9326,83700000,83700000
0,837,83700000,83700100,5595,9326,83800000,83800000
0,838,83800000,83800100,5595,9326,83900000,83900000
0,839,83900000,83900100,5595,9326,84000000,84000000
0,840,84000000,84000100,5595,9326,84100000,84100000
0,841,84100000,84100100,5595,9326,84200000,84200000
0,842,84200000,84200100,5595,9326,84300000,84300000
0,843,84300000,84300100,5595,9326,84400000,84400000
0,844,84400000,84400100,5595,9326,84500000,84500000
0,845,84500000,84500100,5595,9326,84600000,84600000
0,846,84600000,84600100,5595,9326,84700000,84700000
0,847,84700000,84700100,5595,9326,84800000,84800000
0,848,84800000,84800100,5595,9326,84900000,84900000
0,849,84900000,84900100,5595,9326,85000000,85000000
0,850,85000000,85000100,5595,9326,85100000,85100000
0,851,85100000,85100100,5595,9326,85200000,85200000
0,852,85200000,85200100,5595,9326,85300000,85300000
0,853,85300000,85300100,5595,9326,85400000,85400000
0,854,85400000,85400100,5595,9326,85500000,85500000
0,855,85500000,85500100,5595,9326,85600000,85600000
0,856,85600000,85600100,5595,9326,85700000,85700000
0,857,85700000,85700100,5595,9326,85800000,85800000
0,858,85800000,85800100,5595,9326,85900000,85900000
0,859,85900000,85900100,5595,9326,86000000,86000000
0,860,86000000,86000100,5595,9326,86100000,86100000
0,861,86100000,86100100,5595,9326,86200000,86200000
0,862,86200000,86200100,5595,9326,86300000,86300000
0,863,86300000,86300100,5595,9326,86400000,86400000
0,864,86400000,86400100,5595,9326,86500000,86500000
0,865,86500000,86500100,5595,9326,86600000,86600000
0,866,86600000,86600100,5595,9326,86700000,86700000
0,867,86700000,86700100,5595,9326,86800000,86800000
0,868,86800000,86800100,5595,9326,86900000,86900000
0,869,86900000,86900100,5595,9326,87000000,87000000
0,870,87000000,87000100,5595,9326,87100000,87100000
0,871,87100000,87100100,5595,9326,87200000,87200000
0,872,87200000,87200100,5595,9326,87300000,87300000
0,873,87300000,87300100,5595,9326,87400000,87400000
0,874,87400000,87400100,5595,9326,87500000,87500000
0,875,87500000,87500100,5595,9326,87600000,87600000
0,876,87600000,87600100,5595,9326,87700000,87700000
0,877,87700000,87700100,5595,9326,87800000,87800000
0,878,87800000,87800100,5595,9326,87900000,87900000
0,879,87900000,87900100,5595,9326,88000000,88000000
0,880,88000000,88000100,5595,9326,88100000,88100000
0,881,88100000,88100100,5595,9326,88200000,88200000
0,882,88200000,88200100,5595,9326,88300000,88300000
0,883,88300000,88300100,5595,9326,88400000,88400000
0,884,88400000,88400100,5595,9326,88500000,88500000
0,885,88500000,88500100,5595,9326,88600000,88600000
0,886,88600000,88600100,5595,9326,88700000,88700000
0,887,88700000,88700100,5595,9326,88800000,88800000
0,888,88800000,88800100,5595,9326,88900000,88900000
0,889,88900000,88900100,5595,9326,89000000,89000000
0,890,89000000,89000100,5595,9326,89100000,89100000
0,891,89100000,89100100,5595,9326,89200000,89200000
0,892,89200000,89200100,5595,9326,89300000,89300000
0,893,89300000,89300100,5595,9326,89400000,89400000
0,894,89400000,89400100,5595,9326,89500000,89500000
0,895,89500000,89500100,5595,9326,89600000,89600000
0,896,89600000,89600100,5595,9326,89700000,89700000
0,897,89700000,89700100,5595,9326,89800000,89800000
0,898,89800000,89800100,5595,9326,89900000,89900000
0,899,89900000,89900100,5595,9326,90000000,90000000
0,900,90000000,90000100,5595,9326,90100000,90100000
0,901,90100000,90100100,5595,9326,90200000,90200000
0,902,90200000,90200100,5595,9326,90300000,90300000
0,903,90300000,90300100,5595,9326,90400000,90400000
0,904,90400000,90400100,5595,9326,90500000,90500000
0,905,90500000,90500100,5595,9326,90600000,90600000
0,906,90600000,90600100,5595,9326,90700000,90700000
0,907,90700000,90700100,5595,9326,90800000,90800000
0,908,90800000,90800100,5595,9326,90900000,90900000
0,909,90900000,90900100,5595,9326,91000000,91000000
0,910,91000000,91000100,5595,9326,91100000,91100000
0,911,91100000,91100100,5595,9326,91200000,91200000
0,912,91200000,91200100,5595,9326,91300000,91300000
0,913,91300000,91300100,5595,9326,91400000,91400000
0,914,91400000,91400100,5595,9326,91500000,91500000
0,915,91500000,91500100,5595,9326,91600000,91600000
0,916,91600000,91600100,5595,9326,91700000,91700000
0,917,91700000,91700100,5595,9326,91800000,91800000
0,918,91800000,91800100,5595,9326,91900000,91900000
0,919,91900000,91900100,5595,9326,92000000,92000000
0,920,92000000,92000100,5595,9326,92100000,92100000
0,921,92100000,92100100,5595,9326,92200000,92200000
0,922,92200000,92200100,5595,9326,92300000,92300000
0,923,92300000,92300100,5595,9326,92400000,92400000
0,924,92400000,92400100,5595,9326,92500000,92500000
0,925,92500000,92500100,5595,9326,92600000,92600000
0,926,92600000,92600100,5595,9326,92700000,92700000
0,927,92700000,92700100,5595,9326,92800000,92800000
0,928,92800000,92800100,5595,9326,92900000,92900000
0,929,92900000,92900100,5595,9326,93000000,93000000
0,930,93000000,93000100,5595,9326,93100000,93100000
0,931,93100000,93100100,5595,9326,93200000,93200000
0,932,93200000,93200100,5595,9326,93300000,93300000
0,933,93300000,93300100,5595,9326,93400000,93400000
0,934,93400000,93400100,5595,9326,93500000,93500000
0,935,93500000,93500100,5595,9326,93600000,93600000
1,0,0,100,9070,15118,100000,100000
1,1,100000,100100,9070,15118,200000,200000
1,2,200000,200100,9070,15118,300000,300000
1,3,300000,300100,9070,15118,400000,400000
1,4,400000,400100,9070,15118,500000,500000
1,5,500000,500100,9070,15118,600000,600000
1,6,600000,600100,9070,15118,700000,700000
1,7,700000,700100,9070,15118,800000,800000
1,8,800000,800100,9070,15118,900000,900000
1,9,900000,900100,9070,15118,1000000,1000000
1,10,1000000,1000100,9070,15118,1100000,1100000
1,11,1100000,1100100,9070,15118,1200000,1200000
1,12,1200000,1200100,9070,15118,1300000,1300000
1,13,1300000,1300100,9070,15118,1400000,1400000
1,14,1400000,1400100,9070,15118,1500000,1500000
1,15,1500000,1500100,9070,15118,1600000,1600000
1,16,1600000,1600100,9070,15118,1700000,1700000
1,17,1700000,1700100,9070,15118,1800000,1800000
1,18,1800000,1800100,9070,15118,1900000,1900000
1,19,1900000,1900100,9070,15118,2000000,2000000
1,20,2000000,2000100,9070,15118,2100000,2100000
1,21,2100000,2100100,9070,15118,2200000,2200000
1,22,2200000,2200100,9070,15118,2300000,2300000
1,23,2300000,2300100,9070,15118,2400000,2400000
1,24,2400000,2400100,9070,15118,2500000,2500000
1,25,2500000,2500100,9070,15118,2600000,2600000
1,26,2600000,2600100,9070,15118,2700000,2700000
1,27,2700000,2700100,9070,15118,2800000,2800000
1,28,2800000,2800100,9070,15118,2900000,2900000
1,29,2900000,2900100,9070,15118,3000000,3000000
1,30,3000000,3000100,9070,15118,3100000,3100000
1,31,3100000,3100100,9070,15118,3200000,3200000
1,32,3200000,3200100,9070,15118,3300000,3300000
1,33,3300000,3300100,9070,15118,3400000,3400000
1,34,3400000,3400100,9070,15118,3500000,3500000
1,35,3500000,3500100,9070,15118,3600000,3600000
1,36,3600000,3600100,9070,15118,3700000,3700000
1,37,3700000,3700100,9070,15118,3800000,3800000
1,38,3800000,3800100,9070,15118,3900000,3900000
1,39,3900000,3900100,9070,15118,4000000,4000000
1,40,4000000,4000100,9070,15118,4100000,4100000
1,41,4100000,4100100,9070,15118,4200000,4200000
1,42,4200000,4200100,9070,15118,4300000,4300000
1,43,4300000,4300100,9070,15118,4400000,4400000
1,44,4400000,4400100,9070,15118,4500000,4500000
1,45,4500000,4500100,9070,15118,4600000,4600000
1,46,4600000,4600100,9070,15118,4700000,4700000
1,47,4700000,4700100,9070,15118,4800000,4800000
1,48,4800000,4800100,9070,15118,4900000,4900000
1,49,4900000,4900100,9070,15118,5000000,5000000
1,50,5000000,5000100,9070,15118,5100000,5100000
1,51,5100000,5100100,9070,15118,5200000,5200000
1,52,5200000,5200100,9070,15118,5300000,5300000
1,53,5300000,5300100,9070,15118,5400000,5400000
1,54,5400000,5400100,9070,15118,5500000,5500000
1,55,5500000,5500100,9070,15118,5600000,5600000
1,56,5600000,5600100,9070,15118,5700000,5700000
1,57,5700000,5700100,9070,15118,5800000,5800000
1,58,5800000,5800100,9070,15118,5900000,5900000
1,59,5900000,5900100,9070,15118,6000000,6000000
1,60,6000000,6000100,9070,15118,6100000,6100000
1,61,6100000,6100100,9070,15118,6200000,6200000
1,62,6200000,6200100,9070,15118,6300000,6300000
1,63,6300000,6300100,9070,15118,6400000,6400000
1,64,6400000,6400100,9070,15118,6500000,6500000
1,65,6500000,6500100,9070,15118,6600000,6600000
1,66,6600000,6600100,9070,15118,6700000,6700000
1,67,6700000,6700100,9070,15118,6800000,6800000
1,68,6800000,6800100,9070,15118,6900000,6900000
1,69,6900000,6900100,9070,15118,7000000,7000000
1,70,7000000,7000100,9070,15118,7100000,7100000
1,71,7100000,7100100,9070,15118,7200000,7200000
1,72,7200000,7200100,9070,15118,7300000,7300000
1,73,7300000,7300100,9070,15118,7400000,7400000
1,74,7400000,7400100,9070,15118,7500000,7500000
1,75,7500000,7500100,9070,15118,7600000,7600000
1,76,7600000,7600100,9070,15118,7700000,7700000
1,77,7700000,7700100,9070,15118,7800000,7800000
1,78,7800000,7800100,9070,15118,7900000,7900000
1,79,7900000,7900100,9070,15118,8000000,8000000
1,80,8000000,8000100,9070,15118,8100000,8100000
1,81,8100000,8100100,9070,15118,8200000,8200000
1,82,8200000,8200100,9070,15118,8300000,8300000
1,83,8300000,8300100,9070,15118,8400000,8400000
1,84,8400000,8400100,9070,15118,8500000,8500000
1,85,8500000,8500100,9070,15118,8600000,8600000
1,86,8600000,8600100,9070,15118,8700000,8700000
1,87,8700000,8700100,9070,15118,8800000,8800000
1,88,8800000,8800100,9070,15118,8900000,8900000
1,89,8900000,8900100,9070,15118,9000000,9000000
1,90,9000000,9000100,9070,15118,9100000,9100000
1,91,9100000,9100100,9070,15118,9200000,9200000
1,92,9200000,9200100,9070,15118,9300000,9300000
1,93,9300000,9300100,9070,15118,9400000,9400000
1,94,9400000,9400100,9070,15118,9500000,9500000
1,95,9500000,9500100,9070,15118,9600000,9600000
1,96,9600000,9600100,9070,15118,9700000,9700000
1,97,9700000,9700100,9070,15118,9800000,9800000
1,98,9800000,9800100,9070,15118,9900000,9900000
1,99,9900000,9900100,9070,15118,10000000,10000000
1,100,10000000,10000100,9070,15118,10100000,10100000
1,101,10100000,10100100,9070,15118,10200000,10200000
1,102,10200000,10200100,9070,15118,10300000,10300000
1,103,10300000,10300100,9070,15118,10400000,10400000
1,104,10400000,10400100,9070,15118,10500000,10500000
1,105,10500000,10500100,9070,15118,10600000,10600000
1,106,10600000,10600100,9070,15118,10700000,10700000
1,107,10700000,10700100,9070,15118,10800000,10800000
1,108,10800000,10800100,9070,15118,10900000,10900000
1,109,10900000,10900100,9070,15118,11000000,11000000
1,110,11000000,11000100,9070,15118,11100000,11100000
1,111,11100000,11100100,9070,15118,11200000,11200000
1,112,11200000,11200100,9070,15118,11300000,11300000
1,113,11300000,11300100,9070,15118,11400000,11400000
1,114,11400000,11400100,9070,15118,11500000,11500000
1,115,11500000,11500100,9070,15118,11600000,11600000
1,116,11600000,11600100,9070,15118,11700000,11700000
1,117,11700000,11700100,9070,15118,11800000,11800000
1,118,11800000,11800100,9070,15118,11900000,11900000
1,119,11900000,11900100,9070,15118,12000000,12000000
1,120,12000000,12000100,9070,15118,12100000,12100000
1,121,12100000,12100100,9070,15118,12200000,12200000
1,122,12200000,12200100,9070,15118,12300000,12300000
1,123,12300000,12300100,9070,15118,12400000,12400000
1,124,12400000,12400100,9070,15118,12500000,12500000
1,125,12500000,12500100,9070,15118,12600000,12600000
1,126,12600000,12600100,9070,15118,12700000,12700000
1,127,12700000,12700100,9070,15118,12800000,12800000
1,128,12800000,12800100,9070,15118,12900000,12900000
1,129,12900000,12900100,9070,15118,13000000,13000000
1,130,13000000,13000100,9070,15118,13100000,13100000
1,131,13100000,13100100,9070,15118,13200000,13200000
1,132,13200000,13200100,9070,15118,13300000,13300000
1,133,13300000,13300100,9070,15118,13400000,13400000
1,134,13400000,13400100,9070,15118,13500000,13500000
1,135,13500000,13500100,9070,15118,13600000,13600000
1,136,13600000,13600100,9070,15118,13700000,13700000
1,137,13700000,13700100,9070,15118,13800000,13800000
1,138,13800000,13800100,9070,15118,13900000,13900000
1,139,13900000,13900100,9070,15118,14000000,14000000
1,140,14000000,14000100,9070,15118,14100000,14100000
1,141,14100000,14100100,9070,15118,14200000,14200000
1,142,14200000,14200100,9070,15118,14300000,14300000
1,143,14300000,14300100,9070,15118,14400000,14400000
1,144,14400000,14400100,9070,15118,14500000,14500000
1,145,14500000,14500100,9070,15118,14600000,14600000
1,146,14600000,14600100,9070,15118,14700000,14700000
1,147,14700000,14700100,9070,15118,14800000,14800000
1,148,14800000,14800100,9070,15118,14900000,14900000
1,149,14900000,14900100,9070,15118,15000000,15000000
1,150,15000000,15000100,9070,15118,15100000,15100000
1,151,15100000,15100100,9070,15118,15200000,15200000
1,152,15200000,15200100,9070,15118,15300000,15300000
1,153,15300000,15300100,9070,15118,15400000,15400000
1,154,15400000,15400100,9070,15118,15500000,15500000
1,155,15500000,15500100,9070,15118,15600000,15600000
1,156,15600000,15600100,9070,15118,15700000,15700000
1,157,15700000,15700100,9070,15118,15800000,15800000
1,158,15800000,15800100,9070,15118,15900000,15900000
1,159,15900000,15900100,9070,15118,16000000,16000000
1,160,16000000,16000100,9070,15118,16100000,16100000
1,161,16100000,16100100,9070,15118,16200000,16200000
1,162,16200000,16200100,9070,15118,16300000,16300000
1,163,16300000,16300100,9070,15118,16400000,16400000
1,164,16400000,16400100,9070,15118,16500000,16500000
1,165,16500000,16500100,9070,15118,16600000,16600000
1,166,16600000,16600100,9070,15118,16700000,16700000
1,167,16700000,16700100,9070,15118,16800000,16800000
1,168,16800000,16800100,9070,15118,16900000,16900000
1,169,16900000,16900100,9070,15118,17000000,17000000
1,170,17000000,17000100,9070,15118,17100000,17100000
1,171,17100000,17100100,9070,15118,17200000,17200000
1,172,17200000,17200100,9070,15118,17300000,17300000
1,173,17300000,17300100,9070,15118,17400000,17400000
1,174,17400000,17400100,9070,15118,17500000,17500000
1,175,17500000,17500100,9070,15118,17600000,17600000
1,176,17600000,17600100,9070,15118,17700000,17700000
1,177,17700000,17700100,9070,15118,17800000,17800000
1,178,17800000,17800100,9070,15118,17900000,17900000
1,179,17900000,17900100,9070,15118,18000000,18000000
1,180,18000000,18000100,9070,15118,18100000,18100000
1,181,18100000,18100100,9070,15118,18200000,18200000
1,182,18200000,18200100,9070,15118,18300000,18300000
1,183,18300000,18300100,9070,15118,18400000,18400000
1,184,18400000,18400100,9070,15118,18500000,18500000
1,185,18500000,18500100,9070,15118,18600000,18600000
1,186,18600000,18600100,9070,15118,18700000,18700000
1,187,18700000,18700100,9070,15118,18800000,18800000
1,188,18800000,18800100,9070,15118,18900000,18900000
1,189,18900000,18900100,9070,15118,19000000,19000000
1,190,19000000,19000100,9070,15118,19100000,19100000
1,191,19100000,19100100,9070,15118,19200000,19200000
1,192,19200000,19200100,9070,15118,19300000,19300000
1,193,19300000,19300100,9070,15118,19400000,19400000
1,194,19400000,19400100,9070,15118,19500000,19500000
1,195,19500000,19500100,9070,15118,19600000,19600000
1,196,19600000,19600100,9070,15118,19700000,19700000
1,197,19700000,19700100,9070,15118,19800000,19800000
1,198,19800000,19800100,9070,15118,19900000,19900000
1,199,19900000,19900100,9070,15118,20000000,20000000
1,200,20000000,20000100,9070,15118,20100000,20100000
1,201,20100000,20100100,9070,15118,20200000,20200000
1,202,20200000,20200100,9070,15118,20300000,20300000
1,203,20300000,20300100,9070,15118,20400000,20400000
1,204,20400000,20400100,9070,15118,20500000,20500000
1,205,20500000,20500100,9070,15118,20600000,20600000
1,206,20600000,20600100,9070,15118,20700000,20700000
1,207,20700000,20700100,9070,15118,20800000,20800000
1,208,20800000,20800100,9070,15118,20900000,20900000
1,209,20900000,20900100,9070,15118,21000000,21000000
1,210,21000000,21000100,9070,15118,21100000,21100000
1,211,21100000,21100100,9070,15118,21200000,21200000
1,212,21200000,21200100,9070,15118,21300000,21300000
1,213,21300000,21300100,9070,15118,21400000,21400000
1,214,21400000,21400100,9070,15118,21500000,21500000
1,215,21500000,21500100,9070,15118,21600000,21600000
1,216,21600000,21600100,9070,15118,21700000,21700000
1,217,21700000,21700100,9070,15118,21800000,21800000
1,218,21800000,21800100,9070,15118,21900000,21900000
1,219,21900000,21900100,9070,15118,22000000,22000000
1,220,22000000,22000100,9070,15118,22100000,22100000
1,221,22100000,22100100,9070,15118,22200000,22200000
1,222,22200000,22200100,9070,15118,22300000,22300000
1,223,22300000,22300100,9070,15118,22400000,22400000
1,224,22400000,22400100,9070,15118,22500000,22500000
1,225,22500000,22500100,9070,15118,22600000,22600000
1,226,22600000,22600100,9070,15118,22700000,22700000
1,227,22700000,22700100,9070,15118,22800000,22800000
1,228,22800000,22800100,9070,15118,22900000,22900000
1,229,22900000,22900100,9070,15118,23000000,23000000
1,230,23000000,23000100,9070,15118,23100000,23100000
1,231,23100000,23100100,9070,15118,23200000,23200000
1,232,23200000,23200100,9070,15118,23300000,23300000
1,233,23300000,23300100,9070,15118,23400000,23400000
1,234,23400000,23400100,9070,15118,23500000,23500000
1,235,23500000,23500100,9070,15118,23600000,23600000
1,236,23600000,23600100,9070,15118,23700000,23700000
1,237,23700000,23700100,9070,15118,23800000,23800000
1,238,23800000,23800100,9070,15118,23900000,23900000
1,239,23900000,23900100,9070,15118,24000000,24000000
1,240,24000000,24000100,9070,15118,24100000,24100000
1,241,24100000,24100100,9070,15118,24200000,24200000
1,242,24200000,24200100,9070,15118,24300000,24300000
1,243,24300000,24300100,9070,15118,24400000,24400000
1,244,24400000,24400100,9070,15118,24500000,24500000
1,245,24500000,24500100,9070,15118,24600000,24600000
1,246,24600000,24600100,9070,15118,24700000,24700000
1,247,24700000,24700100,9070,15118,24800000,24800000
1,248,24800000,24800100,9070,15118,24900000,24900000
1,249,24900000,24900100,9070,15118,25000000,25000000
1,250,25000000,25000100,9070,15118,25100000,25100000
1,251,25100000,25100100,9070,15118,25200000,25200000
1,252,25200000,25200100,9070,15118,25300000,25300000
1,253,25300000,25300100,9070,15118,25400000,25400000
1,254,25400000,25400100,9070,15118,25500000,25500000
1,255,25500000,25500100,9070,15118,25600000,25600000
1,256,25600000,25600100,9070,15118,25700000,25700000
1,257,25700000,25700100,9070,15118,25800000,25800000
1,258,25800000,25800100,9070,15118,25900000,25900000
1,259,25900000,25900100,9070,15118,26000000,26000000
1,260,26000000,26000100,9070,15118,26100000,26100000
1,261,26100000,26100100,9070,15118,26200000,26200000
1,262,26200000,26200100,9070,15118,26300000,26300000
1,263,26300000,26300100,9070,15118,26400000,26400000
1,264,26400000,26400100,9070,15118,26500000,26500000
1,265,26500000,26500100,9070,15118,26600000,26600000
1,266,26600000,26600100,9070,15118,26700000,26700000
1,267,26700000,26700100,9070,15118,26800000,26800000
1,268,26800000,26800100,9070,15118,26900000,26900000
1,269,26900000,26900100,9070,15118,27000000,27000000
1,270,27000000,27000100,9070,15118,27100000,27100000
1,271,27100000,27100100,9070,15118,27200000,27200000
1,272,27200000,27200100,9070,15118,27300000,27300000
1,273,27300000,27300100,9070,15118,27400000,27400000
1,274,27400000,27400100,9070,15118,27500000,27500000
1,275,27500000,27500100,9070,15118,27600000,27600000
1,276,27600000,27600100,9070,15118,27700000,27700000
1,277,27700000,27700100,9070,15118,27800000,27800000
1,278,27800000,27800100,9070,15118,27900000,27900000
1,279,27900000,27900100,9070,15118,28000000,28000000
1,280,28000000,28000100,9070,15118,28100000,28100000
1,281,28100000,28100100,9070,15118,28200000,28200000
1,282,28200000,28200100,9070,15118,28300000,28300000
1,283,28300000,28300100,9070,15118,28400000,28400000
1,284,28400000,28400100,9070,15118,28500000,28500000
1,285,28500000,28500100,9070,15118,28600000,28600000
1,286,28600000,28600100,9070,15118,28700000,28700000
1,287,28700000,28700100,9070,15118,28800000,28800000
1,288,28800000,28800100,9070,15118,28900000,28900000
1,289,28900000,28900100,9070,15118,29000000,29000000
1,290,29000000,29000100,9070,15118,29100000,29100000
1,291,29100000,29100100,9070,15118,29200000,29200000
1,292,29200000,29200100,9070,15118,29300000,29300000
1,293,29300000,29300100,9070,15118,29400000,29400000
1,294,29400000,29400100,9070,15118,29500000,29500000
1,295,29500000,29500100,9070,15118,29600000,29600000
1,296,29600000,29600100,9070,15118,29700000,29700000
1,297,29700000,29700100,9070,15118,29800000,29800000
1,298,29800000,29800100,9070,15118,29900000,29900000
1,299,29900000,29900100,9070,15118,30000000,30000000
1,300,30000000,30000100,9070,15118,30100000,30100000
1,301,30100000,30100100,9070,15118,30200000,30200000
1,302,30200000,30200100,9070,15118,30300000,30300000
1,303,30300000,30300100,9070,15118,30400000,30400000
1,304,30400000,30400100,9070,15118,30500000,30500000
1,305,30500000,30500100,9070,15118,30600000,30600000
1,306,30600000,30600100,9070,15118,30700000,30700000
1,307,30700000,30700100,9070,15118,30800000,30800000
1,308,30800000,30800100,9070,15118,30900000,30900000
1,309,30900000,30900100,9070,15118,31000000,31000000
1,310,31000000,31000100,9070,15118,31100000,31100000
1,311,31100000,31100100,9070,15118,31200000,31200000
1,312,31200000,31200100,9070,15118,31300000,31300000
1,313,31300000,31300100,9070,15118,31400000,31400000
1,314,31400000,31400100,9070,15118,31500000,31500000
1,315,31500000,31500100,9070,15118,31600000,31600000
1,316,31600000,31600100,9070,15118,31700000,31700000
1,317,31700000,31700100,9070,15118,31800000,31800000
1,318,31800000,31800100,9070,15118,31900000,31900000
1,319,31900000,31900100,9070,15118,32000000,32000000
1,320,32000000,32000100,9070,15118,32100000,32100000
1,321,32100000,32100100,9070,15118,32200000,32200000
1,322,32200000,32200100,9070,15118,32300000,32300000
1,323,32300000,32300100,9070,15118,32400000,32400000
1,324,32400000,32400100,9070,15118,32500000,32500000
1,325,32500000,32500100,9070,15118,32600000,32600000
1,326,32600000,32600100,9070,15118,32700000,32700000
1,327,32700000,32700100,9070,15118,32800000,32800000
1,328,32800000,32800100,9070,15118,32900000,32900000
1,329,32900000,32900100,9070,15118,33000000,33000000
1,330,33000000,33000100,9070,15118,33100000,33100000
1,331,33100000,33100100,9070,15118,33200000,33200000
1,332,33200000,33200100,9070,15118,33300000,33300000
1,333,33300000,33300100,9070,15118,33400000,33400000
1,334,33400000,33400100,9070,15118,33500000,33500000
1,335,33500000,33500100,9070,15118,33600000,33600000
1,336,33600000,33600100,9070,15118,33700000,33700000
1,337,33700000,33700100,9070,15118,33800000,33800000
1,338,33800000,33800100,9070,15118,33900000,33900000
1,339,33900000,33900100,9070,15118,34000000,34000000
1,340,34000000,34000100,9070,15118,34100000,34100000
1,341,34100000,34100100,9070,15118,34200000,34200000
1,342,34200000,34200100,9070,15118,34300000,34300000
1,343,34300000,34300100,9070,15118,34400000,34400000
1,344,34400000,34400100,9070,15118,34500000,34500000
1,345,34500000,34500100,9070,15118,34600000,34600000
1,346,34600000,34600100,9070,15118,34700000,34700000
1,347,34700000,34700100,9070,15118,34800000,34800000
1,348,34800000,34800100,9070,15118,34900000,34900000
1,349,34900000,34900100,9070,15118,35000000,35000000
1,350,35000000,35000100,9070,15118,35100000,35100000
1,351,35100000,35100100,9070,15118,35200000,35200000
1,352,35200000,35200100,9070,15118,35300000,35300000
1,353,35300000,35300100,9070,15118,35400000,35400000
1,354,35400000,35400100,9070,15118,35500000,35500000
1,355,35500000,35500100,9070,15118,35600000,35600000
1,356,35600000,35600100,9070,15118,35700000,35700000
1,357,35700000,35700100,9070,15118,35800000,35800000
1,358,35800000,35800100,9070,15118,35900000,35900000
1,359,35900000,35900100,9070,15118,36000000,36000000
1,360,36000000,36000100,9070,15118,36100000,36100000
1,361,36100000,36100100,9070,15118,36200000,36200000
1,362,36200000,36200100,9070,15118,36300000,36300000
1,363,36300000,36300100,9070,15118,36400000,36400000
1,364,36400000,36400100,9070,15118,36500000,36500000
1,365,36500000,36500100,9070,15118,36600000,36600000
1,366,36600000,36600100,9070,15118,36700000,36700000
1,367,36700000,36700100,9070,15118,36800000,36800000
1,368,36800000,36800100,9070,15118,36900000,36900000
1,369,36900000,36900100,9070,15118,37000000,37000000
1,370,37000000,37000100,9070,15118,37100000,37100000
1,371,37100000,37100100,9070,15118,37200000,37200000
1,372,37200000,37200100,9070,15118,37300000,37300000
1,373,37300000,37300100,9070,15118,37400000,37400000
1,374,37400000,37400100,9070,15118,37500000,37500000
1,375,37500000,37500100,9070,15118,37600000,37600000
1,376,37600000,37600100,9070,15118,37700000,37700000
1,377,37700000,37700100,9070,15118,37800000,37800000
1,378,37800000,37800100,9070,15118,37900000,37900000
1,379,37900000,37900100,9070,15118,38000000,38000000
1,380,38000000,38000100,9070,15118,38100000,38100000
1,381,38100000,38100100,9070,15118,38200000,38200000
1,382,38200000,38200100,9070,15118,38300000,38300000
1,383,38300000,38300100,9070,15118,38400000,38400000
1,384,38400000,38400100,9070,15118,38500000,38500000
1,385,38500000,38500100,9070,15118,38600000,38600000
1,386,38600000,38600100,9070,15118,38700000,38700000
1,387,38700000,38700100,9070,15118,38800000,38800000
1,388,38800000,38800100,9070,15118,38900000,38900000
1,389,38900000,38900100,9070,15118,39000000,39000000
1,390,39000000,39000100,9070,15118,39100000,39100000
1,391,39100000,39100100,9070,15118,39200000,39200000
1,392,39200000,39200100,9070,15118,39300000,39300000
1,393,39300000,39300100,9070,15118,39400000,39400000
1,394,39400000,39400100,9070,15118,39500000,39500000
1,395,39500000,39500100,9070,15118,39600000,39600000
1,396,39600000,39600100,9070,15118,39700000,39700000
1,397,39700000,39700100,9070,15118,39800000,39800000
1,398,39800000,39800100,9070,15118,39900000,39900000
1,399,39900000,39900100,9070,15118,40000000,40000000
1,400,40000000,40000100,9070,15118,40100000,40100000
1,401,40100000,40100100,9070,15118,40200000,40200000
1,402,40200000,40200100,9070,15118,40300000,40300000
1,403,40300000,40300100,9070,15118,40400000,40400000
1,404,40400000,40400100,9070,15118,40500000,40500000
1,405,40500000,40500100,9070,15118,40600000,40600000
1,406,40600000,40600100,9070,15118,40700000,40700000
1,407,40700000,40700100,9070,15118,40800000,40800000
1,408,40800000,40800100,9070,15118,40900000,40900000
1,409,40900000,40900100,9070,15118,41000000,41000000
1,410,41000000,41000100,9070,15118,41100000,41100000
1,411,41100000,41100100,9070,15118,41200000,41200000
1,412,41200000,41200100,9070,15118,41300000,41300000
1,413,41300000,41300100,9070,15118,41400000,41400000
1,414,41400000,41400100,9070,15118,41500000,41500000
1,415,41500000,41500100,9070,15118,41600000,41600000
1,416,41600000,41600100,9070,15118,41700000,41700000
1,417,41700000,41700100,9070,15118,41800000,41800000
1,418,41800000,41800100,9070,15118,41900000,41900000
1,419,41900000,41900100,9070,15118,42000000,42000000
1,420,42000000,42000100,9070,15118,42100000,42100000
1,421,42100000,42100100,9070,15118,42200000,42200000
1,422,42200000,42200100,9070,15118,42300000,42300000
1,423,42300000,42300100,9070,15118,42400000,42400000
1,424,42400000,42400100,9070,15118,42500000,42500000
1,425,42500000,42500100,9070,15118,42600000,42600000
1,426,42600000,42600100,9070,15118,42700000,42700000
1,427,42700000,42700100,9070,15118,42800000,42800000
1,428,42800000,42800100,9070,15118,42900000,42900000
1,429,42900000,42900100,9070,15118,43000000,43000000
1,430,43000000,43000100,9070,15118,43100000,43100000
1,431,43100000,43100100,9070,15118,43200000,43200000
1,432,43200000,43200100,9070,15118,43300000,43300000
1,433,43300000,43300100,9070,15118,43400000,43400000
1,434,43400000,43400100,9070,15118,43500000,43500000
1,435,43500000,43500100,9070,15118,43600000,43600000
1,436,43600000,43600100,9070,15118,43700000,43700000
1,437,43700000,43700100,9070,15118,43800000,43800000
1,438,43800000,43800100,9070,15118,43900000,43900000
1,439,43900000,43900100,9070,15118,44000000,44000000
1,440,44000000,44000100,9070,15118,44100000,44100000
1,441,44100000,44100100,9070,15118,44200000,44200000
1,442,44200000,44200100,9070,15118,44300000,44300000
1,443,44300000,44300100,9070,15118,44400000,44400000
1,444,44400000,44400100,9070,15118,44500000,44500000
1,445,44500000,44500100,9070,15118,44600000,44600000
1,446,44600000,44600100,9070,15118,44700000,44700000
1,447,44700000,44700100,9070,15118,44800000,44800000
1,448,44800000,44800100,9070,15118,44900000,44900000
1,449,44900000,44900100,9070,15118,45000000,45000000
1,450,45000000,45000100,9070,15118,45100000,45100000
1,451,45100000,45100100,9070,15118,45200000,45200000
1,452,45200000,45200100,9070,15118,45300000,45300000
1,453,45300000,45300100,9070,15118,45400000,45400000
1,454,45400000,45400100,9070,15118,45500000,45500000
1,455,45500000,45500100,9070,15118,45600000,45600000
1,456,45600000,45600100,9070,15118,45700000,45700000
1,457,45700000,45700100,9070,15118,45800000,45800000
1,458,45800000,45800100,9070,15118,45900000,45900000
1,459,45900000,45900100,9070,15118,46000000,46000000
1,460,46000000,46000100,9070,15118,46100000,46100000
1,461,46100000,46100100,9070,15118,46200000,46200000
1,462,46200000,46200100,9070,15118,46300000,46300000
1,463,46300000,46300100,9070,15118,46400000,46400000
1,464,46400000,46400100,9070,15118,46500000,46500000
1,465,46500000,46500100,9070,15118,46600000,46600000
1,466,46600000,46600100,9070,15118,46700000,46700000
1,467,46700000,46700100,9070,15118,46800000,46800000
1,468,46800000,46800100,9070,15118,46900000,46900000
1,469,46900000,46900100,9070,15118,47000000,47000000
1,470,47000000,47000100,9070,15118,47100000,47100000
1,471,47100000,47100100,9070,15118,47200000,47200000
1,472,47200000,47200100,9070,15118,47300000,47300000
1,473,47300000,47300100,9070,15118,47400000,47400000
1,474,47400000,47400100,9070,15118,47500000,47500000
1,475,47500000,47500100,9070,15118,47600000,47600000
1,476,47600000,47600100,9070,15118,47700000,47700000
1,477,47700000,47700100,9070,15118,47800000,47800000
1,478,47800000,47800100,9070,15118,47900000,47900000
1,479,47900000,47900100,9070,15118,48000000,48000000
1,480,48000000,48000100,9070,15118,48100000,48100000
1,481,48100000,48100100,9070,15118,48200000,48200000
1,482,48200000,48200100,9070,15118,48300000,48300000
1,483,48300000,48300100,9070,15118,48400000,48400000
1,484,48400000,48400100,9070,15118,48500000,48500000
1,485,48500000,48500100,9070,15118,48600000,48600000
1,486,48600000,48600100,9070,15118,48700000,48700000
1,487,48700000,48700100,9070,15118,48800000,48800000
1,488,48800000,48800100,9070,15118,48900000,48900000
1,489,48900000,48900100,9070,15118,49000000,49000000
1,490,49000000,49000100,9070,15118,49100000,49100000
1,491,49100000,49100100,9070,15118,49200000,49200000
1,492,49200000,49200100,9070,15118,49300000,49300000
1,493,49300000,49300100,9070,15118,49400000,49400000
1,494,49400000,49400100,9070,15118,49500000,49500000
1,495,49500000,49500100,9070,15118,49600000,49600000
1,496,49600000,49600100,9070,15118,49700000,49700000
1,497,49700000,49700100,9070,15118,49800000,49800000
1,498,49800000,49800100,9070,15118,49900000,49900000
1,499,49900000,49900100,9070,15118,50000000,50000000
1,500,50000000,50000100,9070,15118,50100000,50100000
1,501,50100000,50100100,9070,15118,50200000,50200000
1,502,50200000,50200100,9070,15118,50300000,50300000
1,503,50300000,50300100,9070,15118,50400000,50400000
1,504,50400000,50400100,9070,15118,50500000,50500000
1,505,50500000,50500100,9070,15118,50600000,50600000
1,506,50600000,50600100,9070,15118,50700000,50700000
1,507,50700000,50700100,9070,15118,50800000,50800000
1,508,50800000,50800100,9070,15118,50900000,50900000
1,509,50900000,50900100,9070,15118,51000000,51000000
1,510,51000000,51000100,9070,15118,51100000,51100000
1,511,51100000,51100100,9070,15118,51200000,51200000
1,512,51200000,51200100,9070,15118,51300000,51300000
1,513,51300000,51300100,9070,15118,51400000,51400000
1,514,51400000,51400100,9070,15118,51500000,51500000
1,515,51500000,51500100,9070,15118,51600000,51600000
1,516,51600000,51600100,9070,15118,51700000,51700000
1,517,51700000,51700100,9070,15118,51800000,51800000
1,518,51800000,51800100,9070,15118,51900000,51900000
1,519,51900000,51900100,9070,15118,52000000,52000000
1,520,52000000,52000100,9070,15118,52100000,52100000
1,521,52100000,52100100,9070,15118,52200000,52200000
1,522,52200000,52200100,9070,15118,52300000,52300000
1,523,52300000,52300100,9070,15118,52400000,52400000
1,524,52400000,52400100,9070,15118,52500000,52500000
1,525,52500000,52500100,9070,15118,52600000,52600000
1,526,52600000,52600100,9070,15118,52700000,52700000
1,527,52700000,52700100,9070,15118,52800000,52800000
1,528,52800000,52800100,9070,15118,52900000,52900000
1,529,52900000,52900100,9070,15118,53000000,53000000
1,530,53000000,53000100,9070,15118,53100000,53100000
1,531,53100000,53100100,9070,15118,53200000,53200000
1,532,53200000,53200100,9070,15118,53300000,53300000
1,533,53300000,53300100,9070,15118,53400000,53400000
1,534,53400000,53400100,9070,15118,53500000,53500000
1,535,53500000,53500100,9070,15118,53600000,53600000
1,536,53600000,53600100,9070,15118,53700000,53700000
1,537,53700000,53700100,9070,15118,53800000,53800000
1,538,53800000,53800100,9070,15118,53900000,53900000
1,539,53900000,53900100,9070,15118,54000000,54000000
1,540,54000000,54000100,9070,15118,54100000,54100000
1,541,54100000,54100100,9070,15118,54200000,54200000
1,542,54200000,54200100,9070,15118,54300000,54300000
1,543,54300000,54300100,9070,15118,54400000,54400000
1,544,54400000,54400100,9070,15118,54500000,54500000
1,545,54500000,54500100,9070,15118,54600000,54600000
1,546,54600000,54600100,9070,15118,54700000,54700000
1,547,54700000,54700100,9070,15118,54800000,54800000
1,548,54800000,54800100,9070,15118,54900000,54900000
1,549,54900000,54900100,9070,15118,55000000,55000000
1,550,55000000,55000100,9070,15118,55100000,55100000
1,551,55100000,55100100,9070,15118,55200000,55200000
1,552,55200000,55200100,9070,15118,55300000,55300000
1,553,55300000,55300100,9070,15118,55400000,55400000
1,554,55400000,55400100,9070,15118,55500000,55500000
1,555,55500000,55500100,9070,15118,55600000,55600000
1,556,55600000,55600100,9070,15118,55700000,55700000
1,557,55700000,55700100,9070,15118,55800000,55800000
1,558,55800000,55800100,9070,15118,55900000,55900000
1,559,55900000,55900100,9070,15118,56000000,56000000
1,560,56000000,56000100,9070,15118,56100000,56100000
1,561,56100000,56100100,9070,15118,56200000,56200000
1,562,56200000,56200100,9070,15118,56300000,56300000
1,563,56300000,56300100,9070,15118,56400000,56400000
1,564,56400000,56400100,9070,15118,56500000,56500000
1,565,56500000,56500100,9070,15118,56600000,56600000
1,566,56600000,56600100,9070,15118,56700000,56700000
1,567,56700000,56700100,9070,15118,56800000,56800000
1,568,56800000,56800100,9070,15118,56900000,56900000
1,569,56900000,56900100,9070,15118,57000000,57000000
1,570,57000000,57000100,9070,15118,57100000,57100000
1,571,57100000,57100100,9070,15118,57200000,57200000
1,572,57200000,57200100,9070,15118,57300000,57300000
1,573,57300000,57300100,9070,15118,57400000,57400000
1,574,57400000,57400100,9070,15118,57500000,57500000
1,575,57500000,57500100,9070,15118,57600000,57600000
1,576,57600000,57600100,9070,15118,57700000,57700000
1,577,57700000,57700100,9070,15118,57800000,57800000
1,578,57800000,57800100,9070,15118,57900000,57900000
1,579,57900000,57900100,9070,15118,58000000,58000000
1,580,58000000,58000100,9070,15118,58100000,58100000
1,581,58100000,58100100,9070,15118,58200000,58200000
1,582,58200000,58200100,9070,15118,58300000,58300000
1,583,58300000,58300100,9070,15118,58400000,58400000
1,584,58400000,58400100,9070,15118,58500000,58500000
1,585,58500000,58500100,9070,15118,58600000,58600000
1,586,58600000,58600100,9070,15118,58700000,58700000
1,587,58700000,58700100,9070,15118,58800000,58800000
1,588,58800000,58800100,9070,15118,58900000,58900000
1,589,58900000,58900100,9070,15118,59000000,59000000
1,590,59000000,59000100,9070,15118,59100000,59100000
1,591,59100000,59100100,9070,15118,59200000,59200000
1,592,59200000,59200100,9070,15118,59300000,59300000
1,593,59300000,59300100,9070,15118,59400000,59400000
1,594,59400000,59400100,9070,15118,59500000,59500000
1,595,59500000,59500100,9070,15118,59600000,59600000
1,596,59600000,59600100,9070,15118,59700000,59700000
1,597,59700000,59700100,9070,15118,59800000,59800000
1,598,59800000,59800100,9070,15118,59900000,59900000
1,599,59900000,59900100,9070,15118,60000000,60000000
1,600,60000000,60000100,9070,15118,60100000,60100000
1,601,60100000,60100100,9070,15118,60200000,60200000
1,602,60200000,60200100,9070,15118,60300000,60300000
1,603,60300000,60300100,9070,15118,60400000,60400000
1,604,60400000,60400100,9070,15118,60500000,60500000
1,605,60500000,60500100,9070,15118,60600000,60600000
1,606,60600000,60600100,9070,15118,60700000,60700000
1,607,60700000,60700100,9070,15118,60800000,60800000
1,608,60800000,60800100,9070,15118,60900000,60900000
1,609,60900000,60900100,9070,15118,61000000,61000000
1,610,61000000,61000100,9070,15118,61100000,61100000
1,611,61100000,61100100,9070,15118,61200000,61200000
1,612,61200000,61200100,9070,15118,61300000,61300000
1,613,61300000,61300100,9070,15118,61400000,61400000
1,614,61400000,61400100,9070,15118,61500000,61500000
1,615,61500000,61500100,9070,15118,61600000,61600000
1,616,61600000,61600100,9070,15118,61700000,61700000
1,617,61700000,61700100,9070,15118,61800000,61800000
1,618,61800000,61800100,9070,15118,61900000,61900000
1,619,61900000,61900100,9070,15118,62000000,62000000
1,620,62000000,62000100,9070,15118,62100000,62100000
1,621,62100000,62100100,9070,15118,62200000,62200000
1,622,62200000,62200100,9070,15118,62300000,62300000
1,623,62300000,62300100,9070,15118,62400000,62400000
1,624,62400000,62400100,9070,15118,62500000,62500000
1,625,62500000,62500100,9070,15118,62600000,62600000
1,626,62600000,62600100,9070,15118,62700000,62700000
1,627,62700000,62700100,9070,15118,62800000,62800000
1,628,62800000,62800100,9070,15118,62900000,62900000
1,629,62900000,62900100,9070,15118,63000000,63000000
1,630,63000000,63000100,9070,15118,63100000,63100000
1,631,63100000,63100100,9070,15118,63200000,63200000
1,632,63200000,63200100,9070,15118,63300000,63300000
1,633,63300000,63300100,9070,15118,63400000,63400000
1,634,63400000,63400100,9070,15118,63500000,63500000
1,635,63500000,63500100,9070,15118,63600000,63600000
1,636,63600000,63600100,9070,15118,63700000,63700000
1,637,63700000,63700100,9070,15118,63800000,63800000
1,638,63800000,63800100,9070,15118,63900000,63900000
1,639,63900000,63900100,9070,15118,64000000,64000000
1,640,64000000,64000100,9070,15118,64100000,64100000
1,641,64100000,64100100,9070,15118,64200000,64200000
1,642,64200000,64200100,9070,15118,64300000,64300000
1,643,64300000,64300100,9070,15118,64400000,64400000
1,644,64400000,64400100,9070,15118,64500000,64500000
1,645,64500000,64500100,9070,15118,64600000,64600000
1,646,64600000,64600100,9070,15118,64700000,64700000
1,647,64700000,64700100,9070,15118,64800000,64800000
1,648,64800000,64800100,9070,15118,64900000,64900000
1,649,64900000,64900100,9070,15118,65000000,65000000
1,650,65000000,65000100,9070,15118,65100000,65100000
1,651,65100000,65100100,9070,15118,65200000,65200000
1,652,65200000,65200100,9070,15118,65300000,65300000
1,653,65300000,65300100,9070,15118,65400000,65400000
1,654,65400000,65400100,9070,15118,65500000,65500000
1,655,65500000,65500100,9070,15118,65600000,65600000
1,656,65600000,65600100,9070,15118,65700000,65700000
1,657,65700000,65700100,9070,15118,65800000,65800000
1,658,65800000,65800100,9070,15118,65900000,65900000
1,659,65900000,65900100,9070,15118,66000000,66000000
1,660,66000000,66000100,9070,15118,66100000,66100000
1,661,66100000,66100100,9070,15118,66200000,66200000
1,662,66200000,66200100,9070,15118,66300000,66300000
1,663,66300000,66300100,9070,15118,66400000,66400000
1,664,66400000,66400100,9070,15118,66500000,66500000
1,665,66500000,66500100,9070,15118,66600000,66600000
1,666,66600000,66600100,9070,15118,66700000,66700000
1,667,66700000,66700100,9070,15118,66800000,66800000
1,668,66800000,66800100,9070,15118,66900000,66900000
1,669,66900000,66900100,9070,15118,67000000,67000000
1,670,67000000,67000100,9070,15118,67100000,67100000
1,671,67100000,67100100,9070,15118,67200000,67200000
1,672,67200000,67200100,9070,15118,67300000,67300000
1,673,67300000,67300100,9070,15118,67400000,67400000
1,674,67400000,67400100,9070,15118,67500000,67500000
1,675,67500000,67500100,9070,15118,67600000,67600000
1,676,67600000,67600100,9070,15118,67700000,67700000
1,677,67700000,67700100,9070,15118,67800000,67800000
1,678,67800000,67800100,9070,15118,67900000,67900000
1,679,67900000,67900100,9070,15118,68000000,68000000
1,680,68000000,68000100,9070,15118,68100000,68100000
1,681,68100000,68100100,9070,15118,68200000,68200000
1,682,68200000,68200100,9070,15118,68300000,68300000
1,683,68300000,68300100,9070,15118,68400000,68400000
1,684,68400000,68400100,9070,15118,68500000,68500000
1,685,68500000,68500100,9070,15118,68600000,68600000
1,686,68600000,68600100,9070,15118,68700000,68700000
1,687,68700000,68700100,9070,15118,68800000,68800000
1,688,68800000,68800100,9070,15118,68900000,68900000
1,689,68900000,68900100,9070,15118,69000000,69000000
1,690,69000000,69000100,9070,15118,69100000,69100000
1,691,69100000,69100100,9070,15118,69200000,69200000
1,692,69200000,69200100,9070,15118,69300000,69300000
1,693,69300000,69300100,9070,15118,69400000,69400000
1,694,69400000,69400100,9070,15118,69500000,69500000
1,695,69500000,69500100,9070,15118,69600000,69600000
1,696,69600000,69600100,9070,15118,69700000,69700000
1,697,69700000,69700100,9070,15118,69800000,69800000
1,698,69800000,69800100,9070,15118,69900000,69900000
1,699,69900000,69900100,9070,15118,70000000,70000000
1,700,70000000,70000100,9070,15118,70100000,70100000
1,701,70100000,70100100,9070,15118,70200000,70200000
1,702,70200000,70200100,9070,15118,70300000,70300000
1,703,70300000,70300100,9070,15118,70400000,70400000
1,704,70400000,70400100,9070,15118,70500000,70500000
1,705,70500000,70500100,9070,15118,70600000,70600000
1,706,70600000,70600100,9070,15118,70700000,70700000
1,707,70700000,70700100,9070,15118,70800000,70800000
1,708,70800000,70800100,9070,15118,70900000,70900000
1,709,70900000,70900100,9070,15118,71000000,71000000
1,710,71000000,71000100,9070,15118,71100000,71100000
1,711,71100000,71100100,9070,15118,71200000,71200000
1,712,71200000,71200100,9070,15118,71300000,71300000
1,713,71300000,71300100,9070,15118,71400000,71400000
1,714,71400000,71400100,9070,15118,71500000,71500000
1,715,71500000,71500100,9070,15118,71600000,71600000
1,716,71600000,71600100,9070,15118,71700000,71700000
1,717,71700000,71700100,9070,15118,71800000,71800000
1,718,71800000,71800100,9070,15118,71900000,71900000
1,719,71900000,71900100,9070,15118,72000000,72000000
1,720,72000000,72000100,9070,15118,72100000,72100000
1,721,72100000,72100100,9070,15118,72200000,72200000
1,722,72200000,72200100,9070,15118,72300000,72300000
1,723,72300000,72300100,9070,15118,72400000,72400000
1,724,72400000,72400100,9070,15118,72500000,72500000
1,725,72500000,72500100,9070,15118,72600000,72600000
1,726,72600000,72600100,9070,15118,72700000,72700000
1,727,72700000,72700100,9070,15118,72800000,72800000
1,728,72800000,72800100,9070,15118,72900000,72900000
1,729,72900000,72900100,9070,15118,73000000,73000000
1,730,73000000,73000100,9070,15118,73100000,73100000
1,731,73100000,73100100,9070,15118,73200000,73200000
1,732,73200000,73200100,9070,15118,73300000,73300000
1,733,73300000,73300100,9070,15118,73400000,73400000
1,734,73400000,73400100,9070,15118,73500000,73500000
1,735,73500000,73500100,9070,15118,73600000,73600000
1,736,73600000,73600100,9070,15118,73700000,73700000
1,737,73700000,73700100,9070,15118,73800000,73800000
1,738,73800000,73800100,9070,15118,73900000,73900000
1,739,73900000,73900100,9070,15118,74000000,74000000
1,740,74000000,74000100,9070,15118,74100000,74100000
1,741,74100000,74100100,9070,15118,74200000,74200000
1,742,74200000,74200100,9070,15118,74300000,74300000
1,743,74300000,74300100,9070,15118,74400000,74400000
1,744,74400000,74400100,9070,15118,74500000,74500000
1,745,74500000,74500100,9070,15118,74600000,74600000
1,746,74600000,74600100,9070,15118,74700000,74700000
1,747,74700000,74700100,9070,15118,74800000,74800000
1,748,74800000,74800100,9070,15118,74900000,74900000
1,749,74900000,74900100,9070,15118,75000000,75000000
1,750,75000000,75000100,9070,15118,75100000,75100000
1,751,75100000,75100100,9070,15118,75200000,75200000
1,752,75200000,75200100,9070,15118,75300000,75300000
1,753,75300000,75300100,9070,15118,75400000,75400000
1,754,75400000,75400100,9070,15118,75500000,75500000
1,755,75500000,75500100,9070,15118,75600000,75600000
1,756,75600000,75600100,9070,15118,75700000,75700000
1,757,75700000,75700100,9070,15118,75800000,75800000
1,758,75800000,75800100,9070,15118,75900000,75900000
1,759,75900000,75900100,9070,15118,76000000,76000000
1,760,76000000,76000100,9070,15118,76100000,76100000
1,761,76100000,76100100,9070,15118,76200000,76200000
1,762,76200000,76200100,9070,15118,76300000,76300000
1,763,76300000,76300100,9070,15118,76400000,76400000
1,764,76400000,76400100,9070,15118,76500000,76500000
1,765,76500000,76500100,9070,15118,76600000,76600000
1,766,76600000,76600100,9070,15118,76700000,76700000
1,767,76700000,76700100,9070,15118,76800000,76800000
1,768,76800000,76800100,9070,15118,76900000,76900000
1,769,76900000,76900100,9070,15118,77000000,77000000
1,770,77000000,77000100,9070,15118,77100000,77100000
1,771,77100000,77100100,9070,15118,77200000,77200000
1,772,77200000,77200100,9070,15118,77300000,77300000
1,773,77300000,77300100,9070,15118,77400000,77400000
1,774,77400000,77400100,9070,15118,77500000,77500000
1,775,77500000,77500100,9070,15118,77600000,77600000
1,776,77600000,77600100,9070,15118,77700000,77700000
1,777,77700000,77700100,9070,15118,77800000,77800000
1,778,77800000,77800100,9070,15118,77900000,77900000
1,779,77900000,77900100,9070,15118,78000000,78000000
1,780,78000000,78000100,9070,15118,78100000,78100000
1,781,78100000,78100100,9070,15118,78200000,78200000
1,782,78200000,78200100,9070,15118,78300000,78300000
1,783,78300000,78300100,9070,15118,78400000,78400000
1,784,78400000,78400100,9070,15118,78500000,78500000
1,785,78500000,78500100,9070,15118,78600000,78600000
1,786,78600000,78600100,9070,15118,78700000,78700000
1,787,78700000,78700100,9070,15118,78800000,78800000
1,788,78800000,78800100,9070,15118,78900000,78900000
1,789,78900000,78900100,9070,15118,79000000,79000000
1,790,79000000,79000100,9070,15118,79100000,79100000
1,791,79100000,79100100,9070,15118,79200000,79200000
1,792,79200000,79200100,9070,15118,79300000,79300000
1,793,79300000,79300100,9070,15118,79400000,79400000
1,794,79400000,79400100,9070,15118,79500000,79500000
1,795,79500000,79500100,9070,15118,79600000,79600000
1,796,79600000,79600100,9070,15118,79700000,79700000
1,797,79700000,79700100,9070,15118,79800000,79800000
1,798,79800000,79800100,9070,15118,79900000,79900000
1,799,79900000,79900100,9070,15118,80000000,80000000
1,800,80000000,80000100,9070,15118,80100000,80100000
1,801,80100000,80100100,9070,15118,80200000,80200000
1,802,80200000,80200100,9070,15118,80300000,80300000
1,803,80300000,80300100,9070,15118,80400000,80400000
1,804,80400000,80400100,9070,15118,80500000,80500000
1,805,80500000,80500100,9070,15118,80600000,80600000
1,806,80600000,80600100,9070,15118,80700000,80700000
1,807,80700000,80700100,9070,15118,80800000,80800000
1,808,80800000,80800100,9070,15118,80900000,80900000
1,809,80900000,80900100,9070,15118,81000000,81000000
1,810,81000000,81000100,9070,15118,81100000,81100000
1,811,81100000,81100100,9070,15118,81200000,81200000
1,812,81200000,81200100,9070,15118,81300000,81300000
1,813,81300000,81300100,9070,15118,81400000,81400000
1,814,81400000,81400100,9070,15118,81500000,81500000
1,815,81500000,81500100,9070,15118,81600000,81600000
1,816,81600000,81600100,9070,15118,81700000,81700000
1,817,81700000,81700100,9070,15118,81800000,81800000
1,818,81800000,81800100,9070,15118,81900000,81900000
1,819,81900000,81900100,9070,15118,82000000,82000000
1,820,82000000,82000100,9070,15118,82100000,82100000
1,821,82100000,82100100,9070,15118,82200000,82200000
1,822,82200000,82200100,9070,15118,82300000,82300000
1,823,82300000,82300100,9070,15118,82400000,82400000
1,824,82400000,82400100,9070,15118,82500000,82500000
1,825,82500000,82500100,9070,15118,82600000,82600000
1,826,82600000,82600100,9070,15118,82700000,82700000
1,827,82700000,82700100,9070,15118,82800000,82800000
1,828,82800000,82800100,9070,15118,82900000,82900000
1,829,82900000,82900100,9070,15118,83000000,83000000
1,830,83000000,83000100,9070,15118,83100000,83100000
1,831,83100000,83100100,9070,15118,83200000,83200000
1,832,83200000,83200100,9070,15118,83300000,83300000
1,833,83300000,83300100,9070,15118,83400000,83400000
1,834,83400000,83400100,9070,15118,83500000,83500000
1,835,83500000,83500100,9070,15118,83600000,83600000
1,836,83600000,83600100,9070,15118,83700000,83700000
1,837,83700000,83700100,9070,15118,83800000,83800000
1,838,83800000,83800100,9070,15118,83900000,83900000
1,839,83900000,83900100,9070,15118,84000000,84000000
1,840,84000000,84000100,9070,15118,84100000,84100000
1,841,84100000,84100100,9070,15118,84200000,84200000
1,842,84200000,84200100,9070,15118,84300000,84300000
1,843,84300000,84300100,9070,15118,84400000,84400000
1,844,84400000,84400100,9070,15118,84500000,84500000
1,845,84500000,84500100,9070,15118,84600000,84600000
1,846,84600000,84600100,9070,15118,84700000,84700000
1,847,84700000,84700100,9070,15118,84800000,84800000
1,848,84800000,84800100,9070,15118,84900000,84900000
1,849,84900000,84900100,9070,15118,85000000,85000000
1,850,85000000,85000100,9070,15118,85100000,85100000
1,851,85100000,85100100,9070,15118,85200000,85200000
1,852,85200000,85200100,9070,15118,85300000,85300000
1,853,85300000,85300100,9070,15118,85400000,85400000
1,854,85400000,85400100,9070,15118,85500000,85500000
1,855,85500000,85500100,9070,15118,85600000,85600000
1,856,85600000,85600100,9070,15118,85700000,85700000
1,857,85700000,85700100,9070,15118,85800000,85800000
1,858,85800000,85800100,9070,15118,85900000,85900000
1,859,85900000,85900100,9070,15118,86000000,86000000
1,860,86000000,86000100,9070,15118,86100000,86100000
1,861,86100000,86100100,9070,15118,86200000,86200000
1,862,86200000,86200100,9070,15118,86300000,86300000
1,863,86300000,86300100,9070,15118,86400000,86400000
1,864,86400000,86400100,9070,15118,86500000,86500000
1,865,86500000,86500100,9070,15118,86600000,86600000
1,866,86600000,86600100,9070,15118,86700000,86700000
1,867,86700000,86700100,9070,15118,86800000,86800000
1,868,86800000,86800100,9070,15118,86900000,86900000
1,869,86900000,86900100,9070,15118,87000000,87000000
1,870,87000000,87000100,9070,15118,87100000,87100000
1,871,87100000,87100100,9070,15118,87200000,87200000
1,872,87200000,87200100,9070,15118,87300000,87300000
1,873,87300000,87300100,9070,15118,87400000,87400000
1,874,87400000,87400100,9070,15118,87500000,87500000
1,875,87500000,87500100,9070,15118,87600000,87600000
1,876,87600000,87600100,9070,15118,87700000,87700000
1,877,87700000,87700100,9070,15118,87800000,87800000
1,878,87800000,87800100,9070,15118,87900000,87900000
1,879,87900000,87900100,9070,15118,88000000,88000000
1,880,88000000,88000100,9070,15118,88100000,88100000
1,881,88100000,88100100,9070,15118,88200000,88200000
1,882,88200000,88200100,9070,15118,88300000,88300000
1,883,88300000,88300100,9070,15118,88400000,88400000
1,884,88400000,88400100,9070,15118,88500000,88500000
1,885,88500000,88500100,9070,15118,88600000,88600000
1,886,88600000,88600100,9070,15118,88700000,88700000
1,887,88700000,88700100,9070,15118,88800000,88800000
1,888,88800000,88800100,9070,15118,88900000,88900000
1,889,88900000,88900100,9070,15118,89000000,89000000
1,890,89000000,89000100,9070,15118,89100000,89100000
1,891,89100000,89100100,9070,15118,89200000,89200000
1,892,89200000,89200100,9070,15118,89300000,89300000
1,893,89300000,89300100,9070,15118,89400000,89400000
1,894,89400000,89400100,9070,15118,89500000,89500000
1,895,89500000,89500100,9070,15118,89600000,89600000
1,896,89600000,89600100,9070,15118,89700000,89700000
1,897,89700000,89700100,9070,15118,89800000,89800000
1,898,89800000,89800100,9070,15118,89900000,89900000
1,899,89900000,89900100,9070,15118,90000000,90000000
1,900,90000000,90000100,9070,15118,90100000,90100000
1,901,90100000,90100100,9070,15118,90200000,90200000
1,902,90200000,90200100,9070,15118,90300000,90300000
1,903,90300000,90300100,9070,15118,90400000,90400000
1,904,90400000,90400100,9070,15118,90500000,90500000
1,905,90500000,90500100,9070,15118,90600000,90600000
1,906,90600000,90600100,9070,15118,90700000,90700000
1,907,90700000,90700100,9070,15118,90800000,90800000
1,908,90800000,90800100,9070,15118,90900000,90900000
1,909,90900000,90900100,9070,15118,91000000,91000000
1,910,91000000,91000100,9070,15118,91100000,91100000
1,911,91100000,91100100,9070,15118,91200000,91200000
1,912,91200000,91200100,9070,15118,91300000,91300000
1,913,91300000,91300100,9070,15118,91400000,91400000
1,914,91400000,91400100,9070,15118,91500000,91500000
1,915,91500000,91500100,9070,15118,91600000,91600000
1,916,91600000,91600100,9070,15118,91700000,91700000
1,917,91700000,91700100,9070,15118,91800000,91800000
1,918,91800000,91800100,9070,15118,91900000,91900000
1,919,91900000,91900100,9070,15118,92000000,92000000
1,920,92000000,92000100,9070,15118,92100000,92100000
1,921,92100000,92100100,9070,15118,92200000,92200000
1,922,92200000,92200100,9070,15118,92300000,92300000
1,923,92300000,92300100,9070,15118,92400000,92400000
1,924,92400000,92400100,9070,15118,92500000,92500000
1,925,92500000,92500100,9070,15118,92600000,92600000
1,926,92600000,92600100,9070,15118,92700000,92700000
1,927,92700000,92700100,9070,15118,92800000,92800000
1,928,92800000,92800100,9070,15118,92900000,92900000
1,929,92900000,92900100,9070,15118,93000000,93000000
1,930,93000000,93000100,9070,15118,93100000,93100000
1,931,93100000,93100100,9070,15118,93200000,93200000
1,932,93200000,93200100,9070,15118,93300000,93300000
1,933,93300000,93300100,9070,15118,93400000,93400000
1,934,93400000,93400100,9070,15118,93500000,93500000
1,935,93500000,93500100,9070,15118,93600000,93600000
2,0,0,100,25727,42879,150000,150000
2,1,150000,150100,25727,42879,300000,300000
2,2,300000,300100,25727,42879,450000,450000
2,3,450000,450100,25727,42879,600000,600000
2,4,600000,600100,25727,42879,750000,750000
2,5,750000,750100,25727,42879,900000,900000
2,6,900000,900100,25727,42879,1050000,1050000
2,7,1050000,1050100,25727,42879,1200000,1200000
2,8,1200000,1200100,25727,42879,1350000,1350000
2,9,1350000,1350100,25727,42879,1500000,1500000
2,10,1500000,1500100,25727,42879,1650000,1650000
2,11,1650000,1650100,25727,42879,1800000,1800000
2,12,1800000,1800100,25727,42879,1950000,1950000
2,13,1950000,1950100,25727,42879,2100000,2100000
2,14,2100000,2100100,25727,42879,2250000,2250000
2,15,2250000,2250100,25727,42879,2400000,2400000
2,16,2400000,2400100,25727,42879,2550000,2550000
2,17,2550000,2550100,25727,42879,2700000,2700000
2,18,2700000,2700100,25727,42879,2850000,2850000
2,19,2850000,2850100,25727,42879,3000000,3000000
2,20,3000000,3000100,25727,42879,3150000,3150000
2,21,3150000,3150100,25727,42879,3300000,3300000
2,22,3300000,3300100,25727,42879,3450000,3450000
2,23,3450000,3450100,25727,42879,3600000,3600000
2,24,3600000,3600100,25727,42879,3750000,3750000
2,25,3750000,3750100,25727,42879,3900000,3900000
2,26,3900000,3900100,25727,42879,4050000,4050000
2,27,4050000,4050100,25727,42879,4200000,4200000
2,28,4200000,4200100,25727,42879,4350000,4350000
2,29,4350000,4350100,25727,42879,4500000,4500000
2,30,4500000,4500100,25727,42879,4650000,4650000
2,31,4650000,4650100,25727,42879,4800000,4800000
2,32,4800000,4800100,25727,42879,4950000,4950000
2,33,4950000,4950100,25727,42879,5100000,5100000
2,34,5100000,5100100,25727,42879,5250000,5250000
2,35,5250000,5250100,25727,42879,5400000,5400000
2,36,5400000,5400100,25727,42879,5550000,5550000
2,37,5550000,5550100,25727,42879,5700000,5700000
2,38,5700000,5700100,25727,42879,5850000,5850000
2,39,5850000,5850100,25727,42879,6000000,6000000
2,40,6000000,6000100,25727,42879,6150000,6150000
2,41,6150000,6150100,25727,42879,6300000,6300000
2,42,6300000,6300100,25727,42879,6450000,6450000
2,43,6450000,6450100,25727,42879,6600000,6600000
2,44,6600000,6600100,25727,42879,6750000,6750000
2,45,6750000,6750100,25727,42879,6900000,6900000
2,46,6900000,6900100,25727,42879,7050000,7050000
2,47,7050000,7050100,25727,42879,7200000,7200000
2,48,7200000,7200100,25727,42879,7350000,7350000
2,49,7350000,7350100,25727,42879,7500000,7500000
2,50,7500000,7500100,25727,42879,7650000,7650000
2,51,7650000,7650100,25727,42879,7800000,7800000
2,52,7800000,7800100,25727,42879,7950000,7950000
2,53,7950000,7950100,25727,42879,8100000,8100000
2,54,8100000,8100100,25727,42879,8250000,8250000
2,55,8250000,8250100,25727,42879,8400000,8400000
2,56,8400000,8400100,25727,42879,8550000,8550000
2,57,8550000,8550100,25727,42879,8700000,8700000
2,58,8700000,8700100,25727,42879,8850000,8850000
2,59,8850000,8850100,25727,42879,9000000,9000000
2,60,9000000,9000100,25727,42879,9150000,9150000
2,61,9150000,9150100,25727,42879,9300000,9300000
2,62,9300000,9300100,25727,42879,9450000,9450000
2,63,9450000,9450100,25727,42879,9600000,9600000
2,64,9600000,9600100,25727,42879,9750000,9750000
2,65,9750000,9750100,25727,42879,9900000,9900000
2,66,9900000,9900100,25727,42879,10050000,10050000
2,67,10050000,10050100,25727,42879,10200000,10200000
2,68,10200000,10200100,25727,42879,10350000,10350000
2,69,10350000,10350100,25727,42879,10500000,10500000
2,70,10500000,10500100,25727,42879,10650000,10650000
2,71,10650000,10650100,25727,42879,10800000,10800000
2,72,10800000,10800100,25727,42879,10950000,10950000
2,73,10950000,10950100,25727,42879,11100000,11100000
2,74,11100000,11100100,25727,42879,11250000,11250000
2,75,11250000,11250100,25727,42879,11400000,11400000
2,76,11400000,11400100,25727,42879,11550000,11550000
2,77,11550000,11550100,25727,42879,11700000,11700000
2,78,11700000,11700100,25727,42879,11850000,11850000
2,79,11850000,11850100,25727,42879,12000000,12000000
2,80,12000000,12000100,25727,42879,12150000,12150000
2,81,12150000,12150100,25727,42879,12300000,12300000
2,82,12300000,12300100,25727,42879,12450000,12450000
2,83,12450000,12450100,25727,42879,12600000,12600000
2,84,12600000,12600100,25727,42879,12750000,12750000
2,85,12750000,12750100,25727,42879,12900000,12900000
2,86,12900000,12900100,25727,42879,13050000,13050000
2,87,13050000,13050100,25727,42879,13200000,13200000
2,88,13200000,13200100,25727,42879,13350000,13350000
2,89,13350000,13350100,25727,42879,13500000,13500000
2,90,13500000,13500100,25727,42879,13650000,13650000
2,91,13650000,13650100,25727,42879,13800000,13800000
2,92,13800000,13800100,25727,42879,13950000,13950000
2,93,13950000,13950100,25727,42879,14100000,14100000
2,94,14100000,14100100,25727,42879,14250000,14250000
2,95,14250000,14250100,25727,42879,14400000,14400000
2,96,14400000,14400100,25727,42879,14550000,14550000
2,97,14550000,14550100,25727,42879,14700000,14700000
2,98,14700000,14700100,25727,42879,14850000,14850000
2,99,14850000,14850100,25727,42879,15000000,15000000
2,100,15000000,15000100,25727,42879,15150000,15150000
2,101,15150000,15150100,25727,42879,15300000,15300000
2,102,15300000,15300100,25727,42879,15450000,15450000
2,103,15450000,15450100,25727,42879,15600000,15600000
2,104,15600000,15600100,25727,42879,15750000,15750000
2,105,15750000,15750100,25727,42879,15900000,15900000
2,106,15900000,15900100,25727,42879,16050000,16050000
2,107,16050000,16050100,25727,42879,16200000,16200000
2,108,16200000,16200100,25727,42879,16350000,16350000
2,109,16350000,16350100,25727,42879,16500000,16500000
2,110,16500000,16500100,25727,42879,16650000,16650000
2,111,16650000,16650100,25727,42879,16800000,16800000
2,112,16800000,16800100,25727,42879,16950000,16950000
2,113,16950000,16950100,25727,42879,17100000,17100000
2,114,17100000,17100100,25727,42879,17250000,17250000
2,115,17250000,17250100,25727,42879,17400000,17400000
2,116,17400000,17400100,25727,42879,17550000,17550000
2,117,17550000,17550100,25727,42879,17700000,17700000
2,118,17700000,17700100,25727,42879,17850000,17850000
2,119,17850000,17850100,25727,42879,18000000,18000000
2,120,18000000,18000100,25727,42879,18150000,18150000
2,121,18150000,18150100,25727,42879,18300000,18300000
2,122,18300000,18300100,25727,42879,18450000,18450000
2,123,18450000,18450100,25727,42879,18600000,18600000
2,124,18600000,18600100,25727,42879,18750000,18750000
2,125,18750000,18750100,25727,42879,18900000,18900000
2,126,18900000,18900100,25727,42879,19050000,19050000
2,127,19050000,19050100,25727,42879,19200000,19200000
2,128,19200000,19200100,25727,42879,19350000,19350000
2,129,19350000,19350100,25727,42879,19500000,19500000
2,130,19500000,19500100,25727,42879,19650000,19650000
2,131,19650000,19650100,25727,42879,19800000,19800000
2,132,19800000,19800100,25727,42879,19950000,19950000
2,133,19950000,19950100,25727,42879,20100000,20100000
2,134,20100000,20100100,25727,42879,20250000,20250000
2,135,20250000,20250100,25727,42879,20400000,20400000
2,136,20400000,20400100,25727,42879,20550000,20550000
2,137,20550000,20550100,25727,42879,20700000,20700000
2,138,20700000,20700100,25727,42879,20850000,20850000
2,139,20850000,20850100,25727,42879,21000000,21000000
2,140,21000000,21000100,25727,42879,21150000,21150000
2,141,21150000,21150100,25727,42879,21300000,21300000
2,142,21300000,21300100,25727,42879,21450000,21450000
2,143,21450000,21450100,25727,42879,21600000,21600000
2,144,21600000,21600100,25727,42879,21750000,21750000
2,145,21750000,21750100,25727,42879,21900000,21900000
2,146,21900000,21900100,25727,42879,22050000,22050000
2,147,22050000,22050100,25727,42879,22200000,22200000
2,148,22200000,22200100,25727,42879,22350000,22350000
2,149,22350000,22350100,25727,42879,22500000,22500000
2,150,22500000,22500100,25727,42879,22650000,22650000
2,151,22650000,22650100,25727,42879,22800000,22800000
2,152,22800000,22800100,25727,42879,22950000,22950000
2,153,22950000,22950100,25727,42879,23100000,23100000
2,154,23100000,23100100,25727,42879,23250000,23250000
2,155,23250000,23250100,25727,42879,23400000,23400000
2,156,23400000,23400100,25727,42879,23550000,23550000
2,157,23550000,23550100,25727,42879,23700000,23700000
2,158,23700000,23700100,25727,42879,23850000,23850000
2,159,23850000,23850100,25727,42879,24000000,24000000
2,160,24000000,24000100,25727,42879,24150000,24150000
2,161,24150000,24150100,25727,42879,24300000,24300000
2,162,24300000,24300100,25727,42879,24450000,24450000
2,163,24450000,24450100,25727,42879,24600000,24600000
2,164,24600000,24600100,25727,42879,24750000,24750000
2,165,24750000,24750100,25727,42879,24900000,24900000
2,166,24900000,24900100,25727,42879,25050000,25050000
2,167,25050000,25050100,25727,42879,25200000,25200000
2,168,25200000,25200100,25727,42879,25350000,25350000
2,169,25350000,25350100,25727,42879,25500000,25500000
2,170,25500000,25500100,25727,42879,25650000,25650000
2,171,25650000,25650100,25727,42879,25800000,25800000
2,172,25800000,25800100,25727,42879,25950000,25950000
2,173,25950000,25950100,25727,42879,26100000,26100000
2,174,26100000,26100100,25727,42879,26250000,26250000
2,175,26250000,26250100,25727,42879,26400000,26400000
2,176,26400000,26400100,25727,42879,26550000,26550000
2,177,26550000,26550100,25727,42879,26700000,26700000
2,178,26700000,26700100,25727,42879,26850000,26850000
2,179,26850000,26850100,25727,42879,27000000,27000000
2,180,27000000,27000100,25727,42879,27150000,27150000
2,181,27150000,27150100,25727,42879,27300000,27300000
2,182,27300000,27300100,25727,42879,27450000,27450000
2,183,27450000,27450100,25727,42879,27600000,27600000
2,184,27600000,27600100,25727,42879,27750000,27750000
2,185,27750000,27750100,25727,42879,27900000,27900000
2,186,27900000,27900100,25727,42879,28050000,28050000
2,187,28050000,28050100,25727,42879,28200000,28200000
2,188,28200000,28200100,25727,42879,28350000,28350000
2,189,28350000,28350100,25727,42879,28500000,28500000
2,190,28500000,28500100,25727,42879,28650000,28650000
2,191,28650000,28650100,25727,42879,28800000,28800000
2,192,28800000,28800100,25727,42879,28950000,28950000
2,193,28950000,28950100,25727,42879,29100000,29100000
2,194,29100000,29100100,25727,42879,29250000,29250000
2,195,29250000,29250100,25727,42879,29400000,29400000
2,196,29400000,29400100,25727,42879,29550000,29550000
2,197,29550000,29550100,25727,42879,29700000,29700000
2,198,29700000,29700100,25727,42879,29850000,29850000
2,199,29850000,29850100,25727,42879,30000000,30000000
2,200,30000000,30000100,25727,42879,30150000,30150000
2,201,30150000,30150100,25727,42879,30300000,30300000
2,202,30300000,30300100,25727,42879,30450000,30450000
2,203,30450000,30450100,25727,42879,30600000,30600000
2,204,30600000,30600100,25727,42879,30750000,30750000
2,205,30750000,30750100,25727,42879,30900000,30900000
2,206,30900000,30900100,25727,42879,31050000,31050000
2,207,31050000,31050100,25727,42879,31200000,31200000
2,208,31200000,31200100,25727,42879,31350000,31350000
2,209,31350000,31350100,25727,42879,31500000,31500000
2,210,31500000,31500100,25727,42879,31650000,31650000
2,211,31650000,31650100,25727,42879,31800000,31800000
2,212,31800000,31800100,25727,42879,31950000,31950000
2,213,31950000,31950100,25727,42879,32100000,32100000
2,214,32100000,32100100,25727,42879,32250000,32250000
2,215,32250000,32250100,25727,42879,32400000,32400000
2,216,32400000,32400100,25727,42879,32550000,32550000
2,217,32550000,32550100,25727,42879,32700000,32700000
2,218,32700000,32700100,25727,42879,32850000,32850000
2,219,32850000,32850100,25727,42879,33000000,33000000
2,220,33000000,33000100,25727,42879,33150000,33150000
2,221,33150000,33150100,25727,42879,33300000,33300000
2,222,33300000,33300100,25727,42879,33450000,33450000
2,223,33450000,33450100,25727,42879,33600000,33600000
2,224,33600000,33600100,25727,42879,33750000,33750000
2,225,33750000,33750100,25727,42879,33900000,33900000
2,226,33900000,33900100,25727,42879,34050000,34050000
2,227,34050000,34050100,25727,42879,34200000,34200000
2,228,34200000,34200100,25727,42879,34350000,34350000
2,229,34350000,34350100,25727,42879,34500000,34500000
2,230,34500000,34500100,25727,42879,34650000,34650000
2,231,34650000,34650100,25727,42879,34800000,34800000
2,232,34800000,34800100,25727,42879,34950000,34950000
2,233,34950000,34950100,25727,42879,35100000,35100000
2,234,35100000,35100100,25727,42879,35250000,35250000
2,235,35250000,35250100,25727,42879,35400000,35400000
2,236,35400000,35400100,25727,42879,35550000,35550000
2,237,35550000,35550100,25727,42879,35700000,35700000
2,238,35700000,35700100,25727,42879,35850000,35850000
2,239,35850000,35850100,25727,42879,36000000,36000000
2,240,36000000,36000100,25727,42879,36150000,36150000
2,241,36150000,36150100,25727,42879,36300000,36300000
2,242,36300000,36300100,25727,42879,36450000,36450000
2,243,36450000,36450100,25727,42879,36600000,36600000
2,244,36600000,36600100,25727,42879,36750000,36750000
2,245,36750000,36750100,25727,42879,36900000,36900000
2,246,36900000,36900100,25727,42879,37050000,37050000
2,247,37050000,37050100,25727,42879,37200000,37200000
2,248,37200000,37200100,25727,42879,37350000,37350000
2,249,37350000,37350100,25727,42879,37500000,37500000
2,250,37500000,37500100,25727,42879,37650000,37650000
2,251,37650000,37650100,25727,42879,37800000,37800000
2,252,37800000,37800100,25727,42879,37950000,37950000
2,253,37950000,37950100,25727,42879,38100000,38100000
2,254,38100000,38100100,25727,42879,38250000,38250000
2,255,38250000,38250100,25727,42879,38400000,38400000
2,256,38400000,38400100,25727,42879,38550000,38550000
2,257,38550000,38550100,25727,42879,38700000,38700000
2,258,38700000,38700100,25727,42879,38850000,38850000
2,259,38850000,38850100,25727,42879,39000000,39000000
2,260,39000000,39000100,25727,42879,39150000,39150000
2,261,39150000,39150100,25727,42879,39300000,39300000
2,262,39300000,39300100,25727,42879,39450000,39450000
2,263,39450000,39450100,25727,42879,39600000,39600000
2,264,39600000,39600100,25727,42879,39750000,39750000
2,265,39750000,39750100,25727,42879,39900000,39900000
2,266,39900000,39900100,25727,42879,40050000,40050000
2,267,40050000,40050100,25727,42879,40200000,40200000
2,268,40200000,40200100,25727,42879,40350000,40350000
2,269,40350000,40350100,25727,42879,40500000,40500000
2,270,40500000,40500100,25727,42879,40650000,40650000
2,271,40650000,40650100,25727,42879,40800000,40800000
2,272,40800000,40800100,25727,42879,40950000,40950000
2,273,40950000,40950100,25727,42879,41100000,41100000
2,274,41100000,41100100,25727,42879,41250000,41250000
2,275,41250000,41250100,25727,42879,41400000,41400000
2,276,41400000,41400100,25727,42879,41550000,41550000
2,277,41550000,41550100,25727,42879,41700000,41700000
2,278,41700000,41700100,25727,42879,41850000,41850000
2,279,41850000,41850100,25727,42879,42000000,42000000
2,280,42000000,42000100,25727,42879,42150000,42150000
2,281,42150000,42150100,25727,42879,42300000,42300000
2,282,42300000,42300100,25727,42879,42450000,42450000
2,283,42450000,42450100,25727,42879,42600000,42600000
2,284,42600000,42600100,25727,42879,42750000,42750000
2,285,42750000,42750100,25727,42879,42900000,42900000
2,286,42900000,42900100,25727,42879,43050000,43050000
2,287,43050000,43050100,25727,42879,43200000,43200000
2,288,43200000,43200100,25727,42879,43350000,43350000
2,289,43350000,43350100,25727,42879,43500000,43500000
2,290,43500000,43500100,25727,42879,43650000,43650000
2,291,43650000,43650100,25727,42879,43800000,43800000
2,292,43800000,43800100,25727,42879,43950000,43950000
2,293,43950000,43950100,25727,42879,44100000,44100000
2,294,44100000,44100100,25727,42879,44250000,44250000
2,295,44250000,44250100,25727,42879,44400000,44400000
2,296,44400000,44400100,25727,42879,44550000,44550000
2,297,44550000,44550100,25727,42879,44700000,44700000
2,298,44700000,44700100,25727,42879,44850000,44850000
2,299,44850000,44850100,25727,42879,45000000,45000000
2,300,45000000,45000100,25727,42879,45150000,45150000
2,301,45150000,45150100,25727,42879,45300000,45300000
2,302,45300000,45300100,25727,42879,45450000,45450000
2,303,45450000,45450100,25727,42879,45600000,45600000
2,304,45600000,45600100,25727,42879,45750000,45750000
2,305,45750000,45750100,25727,42879,45900000,45900000
2,306,45900000,45900100,25727,42879,46050000,46050000
2,307,46050000,46050100,25727,42879,46200000,46200000
2,308,46200000,46200100,25727,42879,46350000,46350000
2,309,46350000,46350100,25727,42879,46500000,46500000
2,310,46500000,46500100,25727,42879,46650000,46650000
2,311,46650000,46650100,25727,42879,46800000,46800000
2,312,46800000,46800100,25727,42879,46950000,46950000
2,313,46950000,46950100,25727,42879,47100000,47100000
2,314,47100000,47100100,25727,42879,47250000,47250000
2,315,47250000,47250100,25727,42879,47400000,47400000
2,316,47400000,47400100,25727,42879,47550000,47550000
2,317,47550000,47550100,25727,42879,47700000,47700000
2,318,47700000,47700100,25727,42879,47850000,47850000
2,319,47850000,47850100,25727,42879,48000000,48000000
2,320,48000000,48000100,25727,42879,48150000,48150000
2,321,48150000,48150100,25727,42879,48300000,48300000
2,322,48300000,48300100,25727,42879,48450000,48450000
2,323,48450000,48450100,25727,42879,48600000,48600000
2,324,48600000,48600100,25727,42879,48750000,48750000
2,325,48750000,48750100,25727,42879,48900000,48900000
2,326,48900000,48900100,25727,42879,49050000,49050000
2,327,49050000,49050100,25727,42879,49200000,49200000
2,328,49200000,49200100,25727,42879,49350000,49350000
2,329,49350000,49350100,25727,42879,49500000,49500000
2,330,49500000,49500100,25727,42879,49650000,49650000
2,331,49650000,49650100,25727,42879,49800000,49800000
2,332,49800000,49800100,25727,42879,49950000,49950000
2,333,49950000,49950100,25727,42879,50100000,50100000
2,334,50100000,50100100,25727,42879,50250000,50250000
2,335,50250000,50250100,25727,42879,50400000,50400000
2,336,50400000,50400100,25727,42879,50550000,50550000
2,337,50550000,50550100,25727,42879,50700000,50700000
2,338,50700000,50700100,25727,42879,50850000,50850000
2,339,50850000,50850100,25727,42879,51000000,51000000
2,340,51000000,51000100,25727,42879,51150000,51150000
2,341,51150000,51150100,25727,42879,51300000,51300000
2,342,51300000,51300100,25727,42879,51450000,51450000
2,343,51450000,51450100,25727,42879,51600000,51600000
2,344,51600000,51600100,25727,42879,51750000,51750000
2,345,51750000,51750100,25727,42879,51900000,51900000
2,346,51900000,51900100,25727,42879,52050000,52050000
2,347,52050000,52050100,25727,42879,52200000,52200000
2,348,52200000,52200100,25727,42879,52350000,52350000
2,349,52350000,52350100,25727,42879,52500000,52500000
2,350,52500000,52500100,25727,42879,52650000,52650000
2,351,52650000,52650100,25727,42879,52800000,52800000
2,352,52800000,52800100,25727,42879,52950000,52950000
2,353,52950000,52950100,25727,42879,53100000,53100000
2,354,53100000,53100100,25727,42879,53250000,53250000
2,355,53250000,53250100,25727,42879,53400000,53400000
2,356,53400000,53400100,25727,42879,53550000,53550000
2,357,53550000,53550100,25727,42879,53700000,53700000
2,358,53700000,53700100,25727,42879,53850000,53850000
2,359,53850000,53850100,25727,42879,54000000,54000000
2,360,54000000,54000100,25727,42879,54150000,54150000
2,361,54150000,54150100,25727,42879,54300000,54300000
2,362,54300000,54300100,25727,42879,54450000,54450000
2,363,54450000,54450100,25727,42879,54600000,54600000
2,364,54600000,54600100,25727,42879,54750000,54750000
2,365,54750000,54750100,25727,42879,54900000,54900000
2,366,54900000,54900100,25727,42879,55050000,55050000
2,367,55050000,55050100,25727,42879,55200000,55200000
2,368,55200000,55200100,25727,42879,55350000,55350000
2,369,55350000,55350100,25727,42879,55500000,55500000
2,370,55500000,55500100,25727,42879,55650000,55650000
2,371,55650000,55650100,25727,42879,55800000,55800000
2,372,55800000,55800100,25727,42879,55950000,55950000
2,373,55950000,55950100,25727,42879,56100000,56100000
2,374,56100000,56100100,25727,42879,56250000,56250000
2,375,56250000,56250100,25727,42879,56400000,56400000
2,376,56400000,56400100,25727,42879,56550000,56550000
2,377,56550000,56550100,25727,42879,56700000,56700000
2,378,56700000,56700100,25727,42879,56850000,56850000
2,379,56850000,56850100,25727,42879,57000000,57000000
2,380,57000000,57000100,25727,42879,57150000,57150000
2,381,57150000,57150100,25727,42879,57300000,57300000
2,382,57300000,57300100,25727,42879,57450000,57450000
2,383,57450000,57450100,25727,42879,57600000,57600000
2,384,57600000,57600100,25727,42879,57750000,57750000
2,385,57750000,57750100,25727,42879,57900000,57900000
2,386,57900000,57900100,25727,42879,58050000,58050000
2,387,58050000,58050100,25727,42879,58200000,58200000
2,388,58200000,58200100,25727,42879,58350000,58350000
2,389,58350000,58350100,25727,42879,58500000,58500000
2,390,58500000,58500100,25727,42879,58650000,58650000
2,391,58650000,58650100,25727,42879,58800000,58800000
2,392,58800000,58800100,25727,42879,58950000,58950000
2,393,58950000,58950100,25727,42879,59100000,59100000
2,394,59100000,59100100,25727,42879,59250000,59250000
2,395,59250000,59250100,25727,42879,59400000,59400000
2,396,59400000,59400100,25727,42879,59550000,59550000
2,397,59550000,59550100,25727,42879,59700000,59700000
2,398,59700000,59700100,25727,42879,59850000,59850000
2,399,59850000,59850100,25727,42879,60000000,60000000
2,400,60000000,60000100,25727,42879,60150000,60150000
2,401,60150000,60150100,25727,42879,60300000,60300000
2,402,60300000,60300100,25727,42879,60450000,60450000
2,403,60450000,60450100,25727,42879,60600000,60600000
2,404,60600000,60600100,25727,42879,60750000,60750000
2,405,60750000,60750100,25727,42879,60900000,60900000
2,406,60900000,60900100,25727,42879,61050000,61050000
2,407,61050000,61050100,25727,42879,61200000,61200000
2,408,61200000,61200100,25727,42879,61350000,61350000
2,409,61350000,61350100,25727,42879,61500000,61500000
2,410,61500000,61500100,25727,42879,61650000,61650000
2,411,61650000,61650100,25727,42879,61800000,61800000
2,412,61800000,61800100,25727,42879,61950000,61950000
2,413,61950000,61950100,25727,42879,62100000,62100000
2,414,62100000,62100100,25727,42879,62250000,62250000
2,415,62250000,62250100,25727,42879,62400000,62400000
2,416,62400000,62400100,25727,42879,62550000,62550000
2,417,62550000,62550100,25727,42879,62700000,62700000
2,418,62700000,62700100,25727,42879,62850000,62850000
2,419,62850000,62850100,25727,42879,63000000,63000000
2,420,63000000,63000100,25727,42879,63150000,63150000
2,421,63150000,63150100,25727,42879,63300000,63300000
2,422,63300000,63300100,25727,42879,63450000,63450000
2,423,63450000,63450100,25727,42879,63600000,63600000
2,424,63600000,63600100,25727,42879,63750000,63750000
2,425,63750000,63750100,25727,42879,63900000,63900000
2,426,63900000,63900100,25727,42879,64050000,64050000
2,427,64050000,64050100,25727,42879,64200000,64200000
2,428,64200000,64200100,25727,42879,64350000,64350000
2,429,64350000,64350100,25727,42879,64500000,64500000
2,430,64500000,64500100,25727,42879,64650000,64650000
2,431,64650000,64650100,25727,42879,64800000,64800000
2,432,64800000,64800100,25727,42879,64950000,64950000
2,433,64950000,64950100,25727,42879,65100000,65100000
2,434,65100000,65100100,25727,42879,65250000,65250000
2,435,65250000,65250100,25727,42879,65400000,65400000
2,436,65400000,65400100,25727,42879,65550000,65550000
2,437,65550000,65550100,25727,42879,65700000,65700000
2,438,65700000,65700100,25727,42879,65850000,65850000
2,439,65850000,65850100,25727,42879,66000000,66000000
2,440,66000000,66000100,25727,42879,66150000,66150000
2,441,66150000,66150100,25727,42879,66300000,66300000
2,442,66300000,66300100,25727,42879,66450000,66450000
2,443,66450000,66450100,25727,42879,66600000,66600000
2,444,66600000,66600100,25727,42879,66750000,66750000
2,445,66750000,66750100,25727,42879,66900000,66900000
2,446,66900000,66900100,25727,42879,67050000,67050000
2,447,67050000,67050100,25727,42879,67200000,67200000
2,448,67200000,67200100,25727,42879,67350000,67350000
2,449,67350000,67350100,25727,42879,67500000,67500000
2,450,67500000,67500100,25727,42879,67650000,67650000
2,451,67650000,67650100,25727,42879,67800000,67800000
2,452,67800000,67800100,25727,42879,67950000,67950000
2,453,67950000,67950100,25727,42879,68100000,68100000
2,454,68100000,68100100,25727,42879,68250000,68250000
2,455,68250000,68250100,25727,42879,68400000,68400000
2,456,68400000,68400100,25727,42879,68550000,68550000
2,457,68550000,68550100,25727,42879,68700000,68700000
2,458,68700000,68700100,25727,42879,68850000,68850000
2,459,68850000,68850100,25727,42879,69000000,69000000
2,460,69000000,69000100,25727,42879,69150000,69150000
2,461,69150000,69150100,25727,42879,69300000,69300000
2,462,69300000,69300100,25727,42879,69450000,69450000
2,463,69450000,69450100,25727,42879,69600000,69600000
2,464,69600000,69600100,25727,42879,69750000,69750000
2,465,69750000,69750100,25727,42879,69900000,69900000
2,466,69900000,69900100,25727,42879,70050000,70050000
2,467,70050000,70050100,25727,42879,70200000,70200000
2,468,70200000,70200100,25727,42879,70350000,70350000
2,469,70350000,70350100,25727,42879,70500000,70500000
2,470,70500000,70500100,25727,42879,70650000,70650000
2,471,70650000,70650100,25727,42879,70800000,70800000
2,472,70800000,70800100,25727,42879,70950000,70950000
2,473,70950000,70950100,25727,42879,71100000,71100000
2,474,71100000,71100100,25727,42879,71250000,71250000
2,475,71250000,71250100,25727,42879,71400000,71400000
2,476,71400000,71400100,25727,42879,71550000,71550000
2,477,71550000,71550100,25727,42879,71700000,71700000
2,478,71700000,71700100,25727,42879,71850000,71850000
2,479,71850000,71850100,25727,42879,72000000,72000000
2,480,72000000,72000100,25727,42879,72150000,72150000
2,481,72150000,72150100,25727,42879,72300000,72300000
2,482,72300000,72300100,25727,42879,72450000,72450000
2,483,72450000,72450100,25727,42879,72600000,72600000
2,484,72600000,72600100,25727,42879,72750000,72750000
2,485,72750000,72750100,25727,42879,72900000,72900000
2,486,72900000,72900100,25727,42879,73050000,73050000
2,487,73050000,73050100,25727,42879,73200000,73200000
2,488,73200000,73200100,25727,42879,73350000,73350000
2,489,73350000,73350100,25727,42879,73500000,73500000
2,490,73500000,73500100,25727,42879,73650000,73650000
2,491,73650000,73650100,25727,42879,73800000,73800000
2,492,73800000,73800100,25727,42879,73950000,73950000
2,493,73950000,73950100,25727,42879,74100000,74100000
2,494,74100000,74100100,25727,42879,74250000,74250000
2,495,74250000,74250100,25727,42879,74400000,74400000
2,496,74400000,74400100,25727,42879,74550000,74550000
2,497,74550000,74550100,25727,42879,74700000,74700000
2,498,74700000,74700100,25727,42879,74850000,74850000
2,499,74850000,74850100,25727,42879,75000000,75000000
2,500,75000000,75000100,25727,42879,75150000,75150000
2,501,75150000,75150100,25727,42879,75300000,75300000
2,502,75300000,75300100,25727,42879,75450000,75450000
2,503,75450000,75450100,25727,42879,75600000,75600000
2,504,75600000,75600100,25727,42879,75750000,75750000
2,505,75750000,75750100,25727,42879,75900000,75900000
2,506,75900000,75900100,25727,42879,76050000,76050000
2,507,76050000,76050100,25727,42879,76200000,76200000
2,508,76200000,76200100,25727,42879,76350000,76350000
2,509,76350000,76350100,25727,42879,76500000,76500000
2,510,76500000,76500100,25727,42879,76650000,76650000
2,511,76650000,76650100,25727,42879,76800000,76800000
2,512,76800000,76800100,25727,42879,76950000,76950000
2,513,76950000,76950100,25727,42879,77100000,77100000
2,514,77100000,77100100,25727,42879,77250000,77250000
2,515,77250000,77250100,25727,42879,77400000,77400000
2,516,77400000,77400100,25727,42879,77550000,77550000
2,517,77550000,77550100,25727,42879,77700000,77700000
2,518,77700000,77700100,25727,42879,77850000,77850000
2,519,77850000,77850100,25727,42879,78000000,78000000
2,520,78000000,78000100,25727,42879,78150000,78150000
2,521,78150000,78150100,25727,42879,78300000,78300000
2,522,78300000,78300100,25727,42879,78450000,78450000
2,523,78450000,78450100,25727,42879,78600000,78600000
2,524,78600000,78600100,25727,42879,78750000,78750000
2,525,78750000,78750100,25727,42879,78900000,78900000
2,526,78900000,78900100,25727,42879,79050000,79050000
2,527,79050000,79050100,25727,42879,79200000,79200000
2,528,79200000,79200100,25727,42879,79350000,79350000
2,529,79350000,79350100,25727,42879,79500000,79500000
2,530,79500000,79500100,25727,42879,79650000,79650000
2,531,79650000,79650100,25727,42879,79800000,79800000
2,532,79800000,79800100,25727,42879,79950000,79950000
2,533,79950000,79950100,25727,42879,80100000,80100000
2,534,80100000,80100100,25727,42879,80250000,80250000
2,535,80250000,80250100,25727,42879,80400000,80400000
2,536,80400000,80400100,25727,42879,80550000,80550000
2,537,80550000,80550100,25727,42879,80700000,80700000
2,538,80700000,80700100,25727,42879,80850000,80850000
2,539,80850000,80850100,25727,42879,81000000,81000000
2,540,81000000,81000100,25727,42879,81150000,81150000
2,541,81150000,81150100,25727,42879,81300000,81300000
2,542,81300000,81300100,25727,42879,81450000,81450000
2,543,81450000,81450100,25727,42879,81600000,81600000
2,544,81600000,81600100,25727,42879,81750000,81750000
2,545,81750000,81750100,25727,42879,81900000,81900000
2,546,81900000,81900100,25727,42879,82050000,82050000
2,547,82050000,82050100,25727,42879,82200000,82200000
2,548,82200000,82200100,25727,42879,82350000,82350000
2,549,82350000,82350100,25727,42879,82500000,82500000
2,550,82500000,82500100,25727,42879,82650000,82650000
2,551,82650000,82650100,25727,42879,82800000,82800000
2,552,82800000,82800100,25727,42879,82950000,82950000
2,553,82950000,82950100,25727,42879,83100000,83100000
2,554,83100000,83100100,25727,42879,83250000,83250000
2,555,83250000,83250100,25727,42879,83400000,83400000
2,556,83400000,83400100,25727,42879,83550000,83550000
2,557,83550000,83550100,25727,42879,83700000,83700000
2,558,83700000,83700100,25727,42879,83850000,83850000
2,559,83850000,83850100,25727,42879,84000000,84000000
2,560,84000000,84000100,25727,42879,84150000,84150000
2,561,84150000,84150100,25727,42879,84300000,84300000
2,562,84300000,84300100,25727,42879,84450000,84450000
2,563,84450000,84450100,25727,42879,84600000,84600000
2,564,84600000,84600100,25727,42879,84750000,84750000
2,565,84750000,84750100,25727,42879,84900000,84900000
2,566,84900000,84900100,25727,42879,85050000,85050000
2,567,85050000,85050100,25727,42879,85200000,85200000
2,568,85200000,85200100,25727,42879,85350000,85350000
2,569,85350000,85350100,25727,42879,85500000,85500000
2,570,85500000,85500100,25727,42879,85650000,85650000
2,571,85650000,85650100,25727,42879,85800000,85800000
2,572,85800000,85800100,25727,42879,85950000,85950000
2,573,85950000,85950100,25727,42879,86100000,86100000
2,574,86100000,86100100,25727,42879,86250000,86250000
2,575,86250000,86250100,25727,42879,86400000,86400000
2,576,86400000,86400100,25727,42879,86550000,86550000
2,577,86550000,86550100,25727,42879,86700000,86700000
2,578,86700000,86700100,25727,42879,86850000,86850000
2,579,86850000,86850100,25727,42879,87000000,87000000
2,580,87000000,87000100,25727,42879,87150000,87150000
2,581,87150000,87150100,25727,42879,87300000,87300000
2,582,87300000,87300100,25727,42879,87450000,87450000
2,583,87450000,87450100,25727,42879,87600000,87600000
2,584,87600000,87600100,25727,42879,87750000,87750000
2,585,87750000,87750100,25727,42879,87900000,87900000
2,586,87900000,87900100,25727,42879,88050000,88050000
2,587,88050000,88050100,25727,42879,88200000,88200000
2,588,88200000,88200100,25727,42879,88350000,88350000
2,589,88350000,88350100,25727,42879,88500000,88500000
2,590,88500000,88500100,25727,42879,88650000,88650000
2,591,88650000,88650100,25727,42879,88800000,88800000
2,592,88800000,88800100,25727,42879,88950000,88950000
2,593,88950000,88950100,25727,42879,89100000,89100000
2,594,89100000,89100100,25727,42879,89250000,89250000
2,595,89250000,89250100,25727,42879,89400000,89400000
2,596,89400000,89400100,25727,42879,89550000,89550000
2,597,89550000,89550100,25727,42879,89700000,89700000
2,598,89700000,89700100,25727,42879,89850000,89850000
2,599,89850000,89850100,25727,42879,90000000,90000000
2,600,90000000,90000100,25727,42879,90150000,90150000
2,601,90150000,90150100,25727,42879,90300000,90300000
2,602,90300000,90300100,25727,42879,90450000,90450000
2,603,90450000,90450100,25727,42879,90600000,90600000
2,604,90600000,90600100,25727,42879,90750000,90750000
2,605,90750000,90750100,25727,42879,90900000,90900000
2,606,90900000,90900100,25727,42879,91050000,91050000
2,607,91050000,91050100,25727,42879,91200000,91200000
2,608,91200000,91200100,25727,42879,91350000,91350000
2,609,91350000,91350100,25727,42879,91500000,91500000
2,610,91500000,91500100,25727,42879,91650000,91650000
2,611,91650000,91650100,25727,42879,91800000,91800000
2,612,91800000,91800100,25727,42879,91950000,91950000
2,613,91950000,91950100,25727,42879,92100000,92100000
2,614,92100000,92100100,25727,42879,92250000,92250000
2,615,92250000,92250100,25727,42879,92400000,92400000
2,616,92400000,92400100,25727,42879,92550000,92550000
2,617,92550000,92550100,25727,42879,92700000,92700000
2,618,92700000,92700100,25727,42879,92850000,92850000
2,619,92850000,92850100,25727,42879,93000000,93000000
2,620,93000000,93000100,25727,42879,93150000,93150000
2,621,93150000,93150100,25727,42879,93300000,93300000
2,622,93300000,93300100,25727,42879,93450000,93450000
2,623,93450000,93450100,25727,42879,93600000,93600000
3,0,0,100,1728,2881,300000,300000
3,1,300000,300100,1728,2881,600000,600000
3,2,600000,600100,1728,2881,900000,900000
3,3,900000,900100,1728,2881,1200000,1200000
3,4,1200000,1200100,1728,2881,1500000,1500000
3,5,1500000,1500100,1728,2881,1800000,1800000
3,6,1800000,1800100,1728,2881,2100000,2100000
3,7,2100000,2100100,1728,2881,2400000,2400000
3,8,2400000,2400100,1728,2881,2700000,2700000
3,9,2700000,2700100,1728,2881,3000000,3000000
3,10,3000000,3000100,1728,2881,3300000,3300000
3,11,3300000,3300100,1728,2881,3600000,3600000
3,12,3600000,3600100,1728,2881,3900000,3900000
3,13,3900000,3900100,1728,2881,4200000,4200000
3,14,4200000,4200100,1728,2881,4500000,4500000
3,15,4500000,4500100,1728,2881,4800000,4800000
3,16,4800000,4800100,1728,2881,5100000,5100000
3,17,5100000,5100100,1728,2881,5400000,5400000
3,18,5400000,5400100,1728,2881,5700000,5700000
3,19,5700000,5700100,1728,2881,6000000,6000000
3,20,6000000,6000100,1728,2881,6300000,6300000
3,21,6300000,6300100,1728,2881,6600000,6600000
3,22,6600000,6600100,1728,2881,6900000,6900000
3,23,6900000,6900100,1728,2881,7200000,7200000
3,24,7200000,7200100,1728,2881,7500000,7500000
3,25,7500000,7500100,1728,2881,7800000,7800000
3,26,7800000,7800100,1728,2881,8100000,8100000
3,27,8100000,8100100,1728,2881,8400000,8400000
3,28,8400000,8400100,1728,2881,8700000,8700000
3,29,8700000,8700100,1728,2881,9000000,9000000
3,30,9000000,9000100,1728,2881,9300000,9300000
3,31,9300000,9300100,1728,2881,9600000,9600000
3,32,9600000,9600100,1728,2881,9900000,9900000
3,33,9900000,9900100,1728,2881,10200000,10200000
3,34,10200000,10200100,1728,2881,10500000,10500000
3,35,10500000,10500100,1728,2881,10800000,10800000
3,36,10800000,10800100,1728,2881,11100000,11100000
3,37,11100000,11100100,1728,2881,11400000,11400000
3,38,11400000,11400100,1728,2881,11700000,11700000
3,39,11700000,11700100,1728,2881,12000000,12000000
3,40,12000000,12000100,1728,2881,12300000,12300000
3,41,12300000,12300100,1728,2881,12600000,12600000
3,42,12600000,12600100,1728,2881,12900000,12900000
3,43,12900000,12900100,1728,2881,13200000,13200000
3,44,13200000,13200100,1728,2881,13500000,13500000
3,45,13500000,13500100,1728,2881,13800000,13800000
3,46,13800000,13800100,1728,2881,14100000,14100000
3,47,14100000,14100100,1728,2881,14400000,14400000
3,48,14400000,14400100,1728,2881,14700000,14700000
3,49,14700000,14700100,1728,2881,15000000,15000000
3,50,15000000,15000100,1728,2881,15300000,15300000
3,51,15300000,15300100,1728,2881,15600000,15600000
3,52,15600000,15600100,1728,2881,15900000,15900000
3,53,15900000,15900100,1728,2881,16200000,16200000
3,54,16200000,16200100,1728,2881,16500000,16500000
3,55,16500000,16500100,1728,2881,16800000,16800000
3,56,16800000,16800100,1728,2881,17100000,17100000
3,57,17100000,17100100,1728,2881,17400000,17400000
3,58,17400000,17400100,1728,2881,17700000,17700000
3,59,17700000,17700100,1728,2881,18000000,18000000
3,60,18000000,18000100,1728,2881,18300000,18300000
3,61,18300000,18300100,1728,2881,18600000,18600000
3,62,18600000,18600100,1728,2881,18900000,18900000
3,63,18900000,18900100,1728,2881,19200000,19200000
3,64,19200000,19200100,1728,2881,19500000,19500000
3,65,19500000,19500100,1728,2881,19800000,19800000
3,66,19800000,19800100,1728,2881,20100000,20100000
3,67,20100000,20100100,1728,2881,20400000,20400000
3,68,20400000,20400100,1728,2881,20700000,20700000
3,69,20700000,20700100,1728,2881,21000000,21000000
3,70,21000000,21000100,1728,2881,21300000,21300000
3,71,21300000,21300100,1728,2881,21600000,21600000
3,72,21600000,21600100,1728,2881,21900000,21900000
3,73,21900000,21900100,1728,2881,22200000,22200000
3,74,22200000,22200100,1728,2881,22500000,22500000
3,75,22500000,22500100,1728,2881,22800000,22800000
3,76,22800000,22800100,1728,2881,23100000,23100000
3,77,23100000,23100100,1728,2881,23400000,23400000
3,78,23400000,23400100,1728,2881,23700000,23700000
3,79,23700000,23700100,1728,2881,24000000,24000000
3,80,24000000,24000100,1728,2881,24300000,24300000
3,81,24300000,24300100,1728,2881,24600000,24600000
3,82,24600000,24600100,1728,2881,24900000,24900000
3,83,24900000,24900100,1728,2881,25200000,25200000
3,84,25200000,25200100,1728,2881,25500000,25500000
3,85,25500000,25500100,1728,2881,25800000,25800000
3,86,25800000,25800100,1728,2881,26100000,26100000
3,87,26100000,26100100,1728,2881,26400000,26400000
3,88,26400000,26400100,1728,2881,26700000,26700000
3,89,26700000,26700100,1728,2881,27000000,27000000
3,90,27000000,27000100,1728,2881,27300000,27300000
3,91,27300000,27300100,1728,2881,27600000,27600000
3,92,27600000,27600100,1728,2881,27900000,27900000
3,93,27900000,27900100,1728,2881,28200000,28200000
3,94,28200000,28200100,1728,2881,28500000,28500000
3,95,28500000,28500100,1728,2881,28800000,28800000
3,96,28800000,28800100,1728,2881,29100000,29100000
3,97,29100000,29100100,1728,2881,29400000,29400000
3,98,29400000,29400100,1728,2881,29700000,29700000
3,99,29700000,29700100,1728,2881,30000000,30000000
3,100,30000000,30000100,1728,2881,30300000,30300000
3,101,30300000,30300100,1728,2881,30600000,30600000
3,102,30600000,30600100,1728,2881,30900000,30900000
3,103,30900000,30900100,1728,2881,31200000,31200000
3,104,31200000,31200100,1728,2881,31500000,31500000
3,105,31500000,31500100,1728,2881,31800000,31800000
3,106,31800000,31800100,1728,2881,32100000,32100000
3,107,32100000,32100100,1728,2881,32400000,32400000
3,108,32400000,32400100,1728,2881,32700000,32700000
3,109,32700000,32700100,1728,2881,33000000,33000000
3,110,33000000,33000100,1728,2881,33300000,33300000
3,111,33300000,33300100,1728,2881,33600000,33600000
3,112,33600000,33600100,1728,2881,33900000,33900000
3,113,33900000,33900100,1728,2881,34200000,34200000
3,114,34200000,34200100,1728,2881,34500000,34500000
3,115,34500000,34500100,1728,2881,34800000,34800000
3,116,34800000,34800100,1728,2881,35100000,35100000
3,117,35100000,35100100,1728,2881,35400000,35400000
3,118,35400000,35400100,1728,2881,35700000,35700000
3,119,35700000,35700100,1728,2881,36000000,36000000
3,120,36000000,36000100,1728,2881,36300000,36300000
3,121,36300000,36300100,1728,2881,36600000,36600000
3,122,36600000,36600100,1728,2881,36900000,36900000
3,123,36900000,36900100,1728,2881,37200000,37200000
3,124,37200000,37200100,1728,2881,37500000,37500000
3,125,37500000,37500100,1728,2881,37800000,37800000
3,126,37800000,37800100,1728,2881,38100000,38100000
3,127,38100000,38100100,1728,2881,38400000,38400000
3,128,38400000,38400100,1728,2881,38700000,38700000
3,129,38700000,38700100,1728,2881,39000000,39000000
3,130,39000000,39000100,1728,2881,39300000,39300000
3,131,39300000,39300100,1728,2881,39600000,39600000
3,132,39600000,39600100,1728,2881,39900000,39900000
3,133,39900000,39900100,1728,2881,40200000,40200000
3,134,40200000,40200100,1728,2881,40500000,40500000
3,135,40500000,40500100,1728,2881,40800000,40800000
3,136,40800000,40800100,1728,2881,41100000,41100000
3,137,41100000,41100100,1728,2881,41400000,41400000
3,138,41400000,41400100,1728,2881,41700000,41700000
3,139,41700000,41700100,1728,2881,42000000,42000000
3,140,42000000,42000100,1728,2881,42300000,42300000
3,141,42300000,42300100,1728,2881,42600000,42600000
3,142,42600000,42600100,1728,2881,42900000,42900000
3,143,42900000,42900100,1728,2881,43200000,43200000
3,144,43200000,43200100,1728,2881,43500000,43500000
3,145,43500000,43500100,1728,2881,43800000,43800000
3,146,43800000,43800100,1728,2881,44100000,44100000
3,147,44100000,44100100,1728,2881,44400000,44400000
3,148,44400000,44400100,1728,2881,44700000,44700000
3,149,44700000,44700100,1728,2881,45000000,45000000
3,150,45000000,45000100,1728,2881,45300000,45300000
3,151,45300000,45300100,1728,2881,45600000,45600000
3,152,45600000,45600100,1728,2881,45900000,45900000
3,153,45900000,45900100,1728,2881,46200000,46200000
3,154,46200000,46200100,1728,2881,46500000,46500000
3,155,46500000,46500100,1728,2881,46800000,46800000
3,156,46800000,46800100,1728,2881,47100000,47100000
3,157,47100000,47100100,1728,2881,47400000,47400000
3,158,47400000,47400100,1728,2881,47700000,47700000
3,159,47700000,47700100,1728,2881,48000000,48000000
3,160,48000000,48000100,1728,2881,48300000,48300000
3,161,48300000,48300100,1728,2881,48600000,48600000
3,162,48600000,48600100,1728,2881,48900000,48900000
3,163,48900000,48900100,1728,2881,49200000,49200000
3,164,49200000,49200100,1728,2881,49500000,49500000
3,165,49500000,49500100,1728,2881,49800000,49800000
3,166,49800000,49800100,1728,2881,50100000,50100000
3,167,50100000,50100100,1728,2881,50400000,50400000
3,168,50400000,50400100,1728,2881,50700000,50700000
3,169,50700000,50700100,1728,2881,51000000,51000000
3,170,51000000,51000100,1728,2881,51300000,51300000
3,171,51300000,51300100,1728,2881,51600000,51600000
3,172,51600000,51600100,1728,2881,51900000,51900000
3,173,51900000,51900100,1728,2881,52200000,52200000
3,174,52200000,52200100,1728,2881,52500000,52500000
3,175,52500000,52500100,1728,2881,52800000,52800000
3,176,52800000,52800100,1728,2881,53100000,53100000
3,177,53100000,53100100,1728,2881,53400000,53400000
3,178,53400000,53400100,1728,2881,53700000,53700000
3,179,53700000,53700100,1728,2881,54000000,54000000
3,180,54000000,54000100,1728,2881,54300000,54300000
3,181,54300000,54300100,1728,2881,54600000,54600000
3,182,54600000,54600100,1728,2881,54900000,54900000
3,183,54900000,54900100,1728,2881,55200000,55200000
3,184,55200000,55200100,1728,2881,55500000,55500000
3,185,55500000,55500100,1728,2881,55800000,55800000
3,186,55800000,55800100,1728,2881,56100000,56100000
3,187,56100000,56100100,1728,2881,56400000,56400000
3,188,56400000,56400100,1728,2881,56700000,56700000
3,189,56700000,56700100,1728,2881,57000000,57000000
3,190,57000000,57000100,1728,2881,57300000,57300000
3,191,57300000,57300100,1728,2881,57600000,57600000
3,192,57600000,57600100,1728,2881,57900000,57900000
3,193,57900000,57900100,1728,2881,58200000,58200000
3,194,58200000,58200100,1728,2881,58500000,58500000
3,195,58500000,58500100,1728,2881,58800000,58800000
3,196,58800000,58800100,1728,2881,59100000,59100000
3,197,59100000,59100100,1728,2881,59400000,59400000
3,198,59400000,59400100,1728,2881,59700000,59700000
3,199,59700000,59700100,1728,2881,60000000,60000000
3,200,60000000,60000100,1728,2881,60300000,60300000
3,201,60300000,60300100,1728,2881,60600000,60600000
3,202,60600000,60600100,1728,2881,60900000,60900000
3,203,60900000,60900100,1728,2881,61200000,61200000
3,204,61200000,61200100,1728,2881,61500000,61500000
3,205,61500000,61500100,1728,2881,61800000,61800000
3,206,61800000,61800100,1728,2881,62100000,62100000
3,207,62100000,62100100,1728,2881,62400000,62400000
3,208,62400000,62400100,1728,2881,62700000,62700000
3,209,62700000,62700100,1728,2881,63000000,63000000
3,210,63000000,63000100,1728,2881,63300000,63300000
3,211,63300000,63300100,1728,2881,63600000,63600000
3,212,63600000,63600100,1728,2881,63900000,63900000
3,213,63900000,63900100,1728,2881,64200000,64200000
3,214,64200000,64200100,1728,2881,64500000,64500000
3,215,64500000,64500100,1728,2881,64800000,64800000
3,216,64800000,64800100,1728,2881,65100000,65100000
3,217,65100000,65100100,1728,2881,65400000,65400000
3,218,65400000,65400100,1728,2881,65700000,65700000
3,219,65700000,65700100,1728,2881,66000000,66000000
3,220,66000000,66000100,1728,2881,66300000,66300000
3,221,66300000,66300100,1728,2881,66600000,66600000
3,222,66600000,66600100,1728,2881,66900000,66900000
3,223,66900000,66900100,1728,2881,67200000,67200000
3,224,67200000,67200100,1728,2881,67500000,67500000
3,225,67500000,67500100,1728,2881,67800000,67800000
3,226,67800000,67800100,1728,2881,68100000,68100000
3,227,68100000,68100100,1728,2881,68400000,68400000
3,228,68400000,68400100,1728,2881,68700000,68700000
3,229,68700000,68700100,1728,2881,69000000,69000000
3,230,69000000,69000100,1728,2881,69300000,69300000
3,231,69300000,69300100,1728,2881,69600000,69600000
3,232,69600000,69600100,1728,2881,69900000,69900000
3,233,69900000,69900100,1728,2881,70200000,70200000
3,234,70200000,70200100,1728,2881,70500000,70500000
3,235,70500000,70500100,1728,2881,70800000,70800000
3,236,70800000,70800100,1728,2881,71100000,71100000
3,237,71100000,71100100,1728,2881,71400000,71400000
3,238,71400000,71400100,1728,2881,71700000,71700000
3,239,71700000,71700100,1728,2881,72000000,72000000
3,240,72000000,72000100,1728,2881,72300000,72300000
3,241,72300000,72300100,1728,2881,72600000,72600000
3,242,72600000,72600100,1728,2881,72900000,72900000
3,243,72900000,72900100,1728,2881,73200000,73200000
3,244,73200000,73200100,1728,2881,73500000,73500000
3,245,73500000,73500100,1728,2881,73800000,73800000
3,246,73800000,73800100,1728,2881,74100000,74100000
3,247,74100000,74100100,1728,2881,74400000,74400000
3,248,74400000,74400100,1728,2881,74700000,74700000
3,249,74700000,74700100,1728,2881,75000000,75000000
3,250,75000000,75000100,1728,2881,75300000,75300000
3,251,75300000,75300100,1728,2881,75600000,75600000
3,252,75600000,75600100,1728,2881,75900000,75900000
3,253,75900000,75900100,1728,2881,76200000,76200000
3,254,76200000,76200100,1728,2881,76500000,76500000
3,255,76500000,76500100,1728,2881,76800000,76800000
3,256,76800000,76800100,1728,2881,77100000,77100000
3,257,77100000,77100100,1728,2881,77400000,77400000
3,258,77400000,77400100,1728,2881,77700000,77700000
3,259,77700000,77700100,1728,2881,78000000,78000000
3,260,78000000,78000100,1728,2881,78300000,78300000
3,261,78300000,78300100,1728,2881,78600000,78600000
3,262,78600000,78600100,1728,2881,78900000,78900000
3,263,78900000,78900100,1728,2881,79200000,79200000
3,264,79200000,79200100,1728,2881,79500000,79500000
3,265,79500000,79500100,1728,2881,79800000,79800000
3,266,79800000,79800100,1728,2881,80100000,80100000
3,267,80100000,80100100,1728,2881,80400000,80400000
3,268,80400000,80400100,1728,2881,80700000,80700000
3,269,80700000,80700100,1728,2881,81000000,81000000
3,270,81000000,81000100,1728,2881,81300000,81300000
3,271,81300000,81300100,1728,2881,81600000,81600000
3,272,81600000,81600100,1728,2881,81900000,81900000
3,273,81900000,81900100,1728,2881,82200000,82200000
3,274,82200000,82200100,1728,2881,82500000,82500000
3,275,82500000,82500100,1728,2881,82800000,82800000
3,276,82800000,82800100,1728,2881,83100000,83100000
3,277,83100000,83100100,1728,2881,83400000,83400000
3,278,83400000,83400100,1728,2881,83700000,83700000
3,279,83700000,83700100,1728,2881,84000000,84000000
3,280,84000000,84000100,1728,2881,84300000,84300000
3,281,84300000,84300100,1728,2881,84600000,84600000
3,282,84600000,84600100,1728,2881,84900000,84900000
3,283,84900000,84900100,1728,2881,85200000,85200000
3,284,85200000,85200100,1728,2881,85500000,85500000
3,285,85500000,85500100,1728,2881,85800000,85800000
3,286,85800000,85800100,1728,2881,86100000,86100000
3,287,86100000,86100100,1728,2881,86400000,86400000
3,288,86400000,86400100,1728,2881,86700000,86700000
3,289,86700000,86700100,1728,2881,87000000,87000000
3,290,87000000,87000100,1728,2881,87300000,87300000
3,291,87300000,87300100,1728,2881,87600000,87600000
3,292,87600000,87600100,1728,2881,87900000,87900000
3,293,87900000,87900100,1728,2881,88200000,88200000
3,294,88200000,88200100,1728,2881,88500000,88500000
3,295,88500000,88500100,1728,2881,88800000,88800000
3,296,88800000,88800100,1728,2881,89100000,89100000
3,297,89100000,89100100,1728,2881,89400000,89400000
3,298,89400000,89400100,1728,2881,89700000,89700000
3,299,89700000,89700100,1728,2881,90000000,90000000
3,300,90000000,90000100,1728,2881,90300000,90300000
3,301,90300000,90300100,1728,2881,90600000,90600000
3,302,90600000,90600100,1728,2881,90900000,90900000
3,303,90900000,90900100,1728,2881,91200000,91200000
3,304,91200000,91200100,1728,2881,91500000,91500000
3,305,91500000,91500100,1728,2881,91800000,91800000
3,306,91800000,91800100,1728,2881,92100000,92100000
3,307,92100000,92100100,1728,2881,92400000,92400000
3,308,92400000,92400100,1728,2881,92700000,92700000
3,309,92700000,92700100,1728,2881,93000000,93000000
3,310,93000000,93000100,1728,2881,93300000,93300000
3,311,93300000,93300100,1728,2881,93600000,93600000
4,0,0,100,6786,11311,300000,300000
4,1,300000,300100,6786,11311,600000,600000
4,2,600000,600100,6786,11311,900000,900000
4,3,900000,900100,6786,11311,1200000,1200000
4,4,1200000,1200100,6786,11311,1500000,1500000
4,5,1500000,1500100,6786,11311,1800000,1800000
4,6,1800000,1800100,6786,11311,2100000,2100000
4,7,2100000,2100100,6786,11311,2400000,2400000
4,8,2400000,2400100,6786,11311,2700000,2700000
4,9,2700000,2700100,6786,11311,3000000,3000000
4,10,3000000,3000100,6786,11311,3300000,3300000
4,11,3300000,3300100,6786,11311,3600000,3600000
4,12,3600000,3600100,6786,11311,3900000,3900000
4,13,3900000,3900100,6786,11311,4200000,4200000
4,14,4200000,4200100,6786,11311,4500000,4500000
4,15,4500000,4500100,6786,11311,4800000,4800000
4,16,4800000,4800100,6786,11311,5100000,5100000
4,17,5100000,5100100,6786,11311,5400000,5400000
4,18,5400000,5400100,6786,11311,5700000,5700000
4,19,5700000,5700100,6786,11311,6000000,6000000
4,20,6000000,6000100,6786,11311,6300000,6300000
4,21,6300000,6300100,6786,11311,6600000,6600000
4,22,6600000,6600100,6786,11311,6900000,6900000
4,23,6900000,6900100,6786,11311,7200000,7200000
4,24,7200000,7200100,6786,11311,7500000,7500000
4,25,7500000,7500100,6786,11311,7800000,7800000
4,26,7800000,7800100,6786,11311,8100000,8100000
4,27,8100000,8100100,6786,11311,8400000,8400000
4,28,8400000,8400100,6786,11311,8700000,8700000
4,29,8700000,8700100,6786,11311,9000000,9000000
4,30,9000000,9000100,6786,11311,9300000,9300000
4,31,9300000,9300100,6786,11311,9600000,9600000
4,32,9600000,9600100,6786,11311,9900000,9900000
4,33,9900000,9900100,6786,11311,10200000,10200000
4,34,10200000,10200100,6786,11311,10500000,10500000
4,35,10500000,10500100,6786,11311,10800000,10800000
4,36,10800000,10800100,6786,11311,11100000,11100000
4,37,11100000,11100100,6786,11311,11400000,11400000
4,38,11400000,11400100,6786,11311,11700000,11700000
4,39,11700000,11700100,6786,11311,12000000,12000000
4,40,12000000,12000100,6786,11311,12300000,12300000
4,41,12300000,12300100,6786,11311,12600000,12600000
4,42,12600000,12600100,6786,11311,12900000,12900000
4,43,12900000,12900100,6786,11311,13200000,13200000
4,44,13200000,13200100,6786,11311,13500000,13500000
4,45,13500000,13500100,6786,11311,13800000,13800000
4,46,13800000,13800100,6786,11311,14100000,14100000
4,47,14100000,14100100,6786,11311,14400000,14400000
4,48,14400000,14400100,6786,11311,14700000,14700000
4,49,14700000,14700100,6786,11311,15000000,15000000
4,50,15000000,15000100,6786,11311,15300000,15300000
4,51,15300000,15300100,6786,11311,15600000,15600000
4,52,15600000,15600100,6786,11311,15900000,15900000
4,53,15900000,15900100,6786,11311,16200000,16200000
4,54,16200000,16200100,6786,11311,16500000,16500000
4,55,16500000,16500100,6786,11311,16800000,16800000
4,56,16800000,16800100,6786,11311,17100000,17100000
4,57,17100000,17100100,6786,11311,17400000,17400000
4,58,17400000,17400100,6786,11311,17700000,17700000
4,59,17700000,17700100,6786,11311,18000000,18000000
4,60,18000000,18000100,6786,11311,18300000,18300000
4,61,18300000,18300100,6786,11311,18600000,18600000
4,62,18600000,18600100,6786,11311,18900000,18900000
4,63,18900000,18900100,6786,11311,19200000,19200000
4,64,19200000,19200100,6786,11311,19500000,19500000
4,65,19500000,19500100,6786,11311,19800000,19800000
4,66,19800000,19800100,6786,11311,20100000,20100000
4,67,20100000,20100100,6786,11311,20400000,20400000
4,68,20400000,20400100,6786,11311,20700000,20700000
4,69,20700000,20700100,6786,11311,21000000,21000000
4,70,21000000,21000100,6786,11311,21300000,21300000
4,71,21300000,21300100,6786,11311,21600000,21600000
4,72,21600000,21600100,6786,11311,21900000,21900000
4,73,21900000,21900100,6786,11311,22200000,22200000
4,74,22200000,22200100,6786,11311,22500000,22500000
4,75,22500000,22500100,6786,11311,22800000,22800000
4,76,22800000,22800100,6786,11311,23100000,23100000
4,77,23100000,23100100,6786,11311,23400000,23400000
4,78,23400000,23400100,6786,11311,23700000,23700000
4,79,23700000,23700100,6786,11311,24000000,24000000
4,80,24000000,24000100,6786,11311,24300000,24300000
4,81,24300000,24300100,6786,11311,24600000,24600000
4,82,24600000,24600100,6786,11311,24900000,24900000
4,83,24900000,24900100,6786,11311,25200000,25200000
4,84,25200000,25200100,6786,11311,25500000,25500000
4,85,25500000,25500100,6786,11311,25800000,25800000
4,86,25800000,25800100,6786,11311,26100000,26100000
4,87,26100000,26100100,6786,11311,26400000,26400000
4,88,26400000,26400100,6786,11311,26700000,26700000
4,89,26700000,26700100,6786,11311,27000000,27000000
4,90,27000000,27000100,6786,11311,27300000,27300000
4,91,27300000,27300100,6786,11311,27600000,27600000
4,92,27600000,27600100,6786,11311,27900000,27900000
4,93,27900000,27900100,6786,11311,28200000,28200000
4,94,28200000,28200100,6786,11311,28500000,28500000
4,95,28500000,28500100,6786,11311,28800000,28800000
4,96,28800000,28800100,6786,11311,29100000,29100000
4,97,29100000,29100100,6786,11311,29400000,29400000
4,98,29400000,29400100,6786,11311,29700000,29700000
4,99,29700000,29700100,6786,11311,30000000,30000000
4,100,30000000,30000100,6786,11311,30300000,30300000
4,101,30300000,30300100,6786,11311,30600000,30600000
4,102,30600000,30600100,6786,11311,30900000,30900000
4,103,30900000,30900100,6786,11311,31200000,31200000
4,104,31200000,31200100,6786,11311,31500000,31500000
4,105,31500000,31500100,6786,11311,31800000,31800000
4,106,31800000,31800100,6786,11311,32100000,32100000
4,107,32100000,32100100,6786,11311,32400000,32400000
4,108,32400000,32400100,6786,11311,32700000,32700000
4,109,32700000,32700100,6786,11311,33000000,33000000
4,110,33000000,33000100,6786,11311,33300000,33300000
4,111,33300000,33300100,6786,11311,33600000,33600000
4,112,33600000,33600100,6786,11311,33900000,33900000
4,113,33900000,33900100,6786,11311,34200000,34200000
4,114,34200000,34200100,6786,11311,34500000,34500000
4,115,34500000,34500100,6786,11311,34800000,34800000
4,116,34800000,34800100,6786,11311,35100000,35100000
4,117,35100000,35100100,6786,11311,35400000,35400000
4,118,35400000,35400100,6786,11311,35700000,35700000
4,119,35700000,35700100,6786,11311,36000000,36000000
4,120,36000000,36000100,6786,11311,36300000,36300000
4,121,36300000,36300100,6786,11311,36600000,36600000
4,122,36600000,36600100,6786,11311,36900000,36900000
4,123,36900000,36900100,6786,11311,37200000,37200000
4,124,37200000,37200100,6786,11311,37500000,37500000
4,125,37500000,37500100,6786,11311,37800000,37800000
4,126,37800000,37800100,6786,11311,38100000,38100000
4,127,38100000,38100100,6786,11311,38400000,38400000
4,128,38400000,38400100,6786,11311,38700000,38700000
4,129,38700000,38700100,6786,11311,39000000,39000000
4,130,39000000,39000100,6786,11311,39300000,39300000
4,131,39300000,39300100,6786,11311,39600000,39600000
4,132,39600000,39600100,6786,11311,39900000,39900000
4,133,39900000,39900100,6786,11311,40200000,40200000
4,134,40200000,40200100,6786,11311,40500000,40500000
4,135,40500000,40500100,6786,11311,40800000,40800000
4,136,40800000,40800100,6786,11311,41100000,41100000
4,137,41100000,41100100,6786,11311,41400000,41400000
4,138,41400000,41400100,6786,11311,41700000,41700000
4,139,41700000,41700100,6786,11311,42000000,42000000
4,140,42000000,42000100,6786,11311,42300000,42300000
4,141,42300000,42300100,6786,11311,42600000,42600000
4,142,42600000,42600100,6786,11311,42900000,42900000
4,143,42900000,42900100,6786,11311,43200000,43200000
4,144,43200000,43200100,6786,11311,43500000,43500000
4,145,43500000,43500100,6786,11311,43800000,43800000
4,146,43800000,43800100,6786,11311,44100000,44100000
4,147,44100000,44100100,6786,11311,44400000,44400000
4,148,44400000,44400100,6786,11311,44700000,44700000
4,149,44700000,44700100,6786,11311,45000000,45000000
4,150,45000000,45000100,6786,11311,45300000,45300000
4,151,45300000,45300100,6786,11311,45600000,45600000
4,152,45600000,45600100,6786,11311,45900000,45900000
4,153,45900000,45900100,6786,11311,46200000,46200000
4,154,46200000,46200100,6786,11311,46500000,46500000
4,155,46500000,46500100,6786,11311,46800000,46800000
4,156,46800000,46800100,6786,11311,47100000,47100000
4,157,47100000,47100100,6786,11311,47400000,47400000
4,158,47400000,47400100,6786,11311,47700000,47700000
4,159,47700000,47700100,6786,11311,48000000,48000000
4,160,48000000,48000100,6786,11311,48300000,48300000
4,161,48300000,48300100,6786,11311,48600000,48600000
4,162,48600000,48600100,6786,11311,48900000,48900000
4,163,48900000,48900100,6786,11311,49200000,49200000
4,164,49200000,49200100,6786,11311,49500000,49500000
4,165,49500000,49500100,6786,11311,49800000,49800000
4,166,49800000,49800100,6786,11311,50100000,50100000
4,167,50100000,50100100,6786,11311,50400000,50400000
4,168,50400000,50400100,6786,11311,50700000,50700000
4,169,50700000,50700100,6786,11311,51000000,51000000
4,170,51000000,51000100,6786,11311,51300000,51300000
4,171,51300000,51300100,6786,11311,51600000,51600000
4,172,51600000,51600100,6786,11311,51900000,51900000
4,173,51900000,51900100,6786,11311,52200000,52200000
4,174,52200000,52200100,6786,11311,52500000,52500000
4,175,52500000,52500100,6786,11311,52800000,52800000
4,176,52800000,52800100,6786,11311,53100000,53100000
4,177,53100000,53100100,6786,11311,53400000,53400000
4,178,53400000,53400100,6786,11311,53700000,53700000
4,179,53700000,53700100,6786,11311,54000000,54000000
4,180,54000000,54000100,6786,11311,54300000,54300000
4,181,54300000,54300100,6786,11311,54600000,54600000
4,182,54600000,54600100,6786,11311,54900000,54900000
4,183,54900000,54900100,6786,11311,55200000,55200000
4,184,55200000,55200100,6786,11311,55500000,55500000
4,185,55500000,55500100,6786,11311,55800000,55800000
4,186,55800000,55800100,6786,11311,56100000,56100000
4,187,56100000,56100100,6786,11311,56400000,56400000
4,188,56400000,56400100,6786,11311,56700000,56700000
4,189,56700000,56700100,6786,11311,57000000,57000000
4,190,57000000,57000100,6786,11311,57300000,57300000
4,191,57300000,57300100,6786,11311,57600000,57600000
4,192,57600000,57600100,6786,11311,57900000,57900000
4,193,57900000,57900100,6786,11311,58200000,58200000
4,194,58200000,58200100,6786,11311,58500000,58500000
4,195,58500000,58500100,6786,11311,58800000,58800000
4,196,58800000,58800100,6786,11311,59100000,59100000
4,197,59100000,59100100,6786,11311,59400000,59400000
4,198,59400000,59400100,6786,11311,59700000,59700000
4,199,59700000,59700100,6786,11311,60000000,60000000
4,200,60000000,60000100,6786,11311,60300000,60300000
4,201,60300000,60300100,6786,11311,60600000,60600000
4,202,60600000,60600100,6786,11311,60900000,60900000
4,203,60900000,60900100,6786,11311,61200000,61200000
4,204,61200000,61200100,6786,11311,61500000,61500000
4,205,61500000,61500100,6786,11311,61800000,61800000
4,206,61800000,61800100,6786,11311,62100000,62100000
4,207,62100000,62100100,6786,11311,62400000,62400000
4,208,62400000,62400100,6786,11311,62700000,62700000
4,209,62700000,62700100,6786,11311,63000000,63000000
4,210,63000000,63000100,6786,11311,63300000,63300000
4,211,63300000,63300100,6786,11311,63600000,63600000
4,212,63600000,63600100,6786,11311,63900000,63900000
4,213,63900000,63900100,6786,11311,64200000,64200000
4,214,64200000,64200100,6786,11311,64500000,64500000
4,215,64500000,64500100,6786,11311,64800000,64800000
4,216,64800000,64800100,6786,11311,65100000,65100000
4,217,65100000,65100100,6786,11311,65400000,65400000
4,218,65400000,65400100,6786,11311,65700000,65700000
4,219,65700000,65700100,6786,11311,66000000,66000000
4,220,66000000,66000100,6786,11311,66300000,66300000
4,221,66300000,66300100,6786,11311,66600000,66600000
4,222,66600000,66600100,6786,11311,66900000,66900000
4,223,66900000,66900100,6786,11311,67200000,67200000
4,224,67200000,67200100,6786,11311,67500000,67500000
4,225,67500000,67500100,6786,11311,67800000,67800000
4,226,67800000,67800100,6786,11311,68100000,68100000
4,227,68100000,68100100,6786,11311,68400000,68400000
4,228,68400000,68400100,6786,11311,68700000,68700000
4,229,68700000,68700100,6786,11311,69000000,69000000
4,230,69000000,69000100,6786,11311,69300000,69300000
4,231,69300000,69300100,6786,11311,69600000,69600000
4,232,69600000,69600100,6786,11311,69900000,69900000
4,233,69900000,69900100,6786,11311,70200000,70200000
4,234,70200000,70200100,6786,11311,70500000,70500000
4,235,70500000,70500100,6786,11311,70800000,70800000
4,236,70800000,70800100,6786,11311,71100000,71100000
4,237,71100000,71100100,6786,11311,71400000,71400000
4,238,71400000,71400100,6786,11311,71700000,71700000
4,239,71700000,71700100,6786,11311,72000000,72000000
4,240,72000000,72000100,6786,11311,72300000,72300000
4,241,72300000,72300100,6786,11311,72600000,72600000
4,242,72600000,72600100,6786,11311,72900000,72900000
4,243,72900000,72900100,6786,11311,73200000,73200000
4,244,73200000,73200100,6786,11311,73500000,73500000
4,245,73500000,73500100,6786,11311,73800000,73800000
4,246,73800000,73800100,6786,11311,74100000,74100000
4,247,74100000,74100100,6786,11311,74400000,74400000
4,248,74400000,74400100,6786,11311,74700000,74700000
4,249,74700000,74700100,6786,11311,75000000,75000000
4,250,75000000,75000100,6786,11311,75300000,75300000
4,251,75300000,75300100,6786,11311,75600000,75600000
4,252,75600000,75600100,6786,11311,75900000,75900000
4,253,75900000,75900100,6786,11311,76200000,76200000
4,254,76200000,76200100,6786,11311,76500000,76500000
4,255,76500000,76500100,6786,11311,76800000,76800000
4,256,76800000,76800100,6786,11311,77100000,77100000
4,257,77100000,77100100,6786,11311,77400000,77400000
4,258,77400000,77400100,6786,11311,77700000,77700000
4,259,77700000,77700100,6786,11311,78000000,78000000
4,260,78000000,78000100,6786,11311,78300000,78300000
4,261,78300000,78300100,6786,11311,78600000,78600000
4,262,78600000,78600100,6786,11311,78900000,78900000
4,263,78900000,78900100,6786,11311,79200000,79200000
4,264,79200000,79200100,6786,11311,79500000,79500000
4,265,79500000,79500100,6786,11311,79800000,79800000
4,266,79800000,79800100,6786,11311,80100000,80100000
4,267,80100000,80100100,6786,11311,80400000,80400000
4,268,80400000,80400100,6786,11311,80700000,80700000
4,269,80700000,80700100,6786,11311,81000000,81000000
4,270,81000000,81000100,6786,11311,81300000,81300000
4,271,81300000,81300100,6786,11311,81600000,81600000
4,272,81600000,81600100,6786,11311,81900000,81900000
4,273,81900000,81900100,6786,11311,82200000,82200000
4,274,82200000,82200100,6786,11311,82500000,82500000
4,275,82500000,82500100,6786,11311,82800000,82800000
4,276,82800000,82800100,6786,11311,83100000,83100000
4,277,83100000,83100100,6786,11311,83400000,83400000
4,278,83400000,83400100,6786,11311,83700000,83700000
4,279,83700000,83700100,6786,11311,84000000,84000000
4,280,84000000,84000100,6786,11311,84300000,84300000
4,281,84300000,84300100,6786,11311,84600000,84600000
4,282,84600000,84600100,6786,11311,84900000,84900000
4,283,84900000,84900100,6786,11311,85200000,85200000
4,284,85200000,85200100,6786,11311,85500000,85500000
4,285,85500000,85500100,6786,11311,85800000,85800000
4,286,85800000,85800100,6786,11311,86100000,86100000
4,287,86100000,86100100,6786,11311,86400000,86400000
4,288,86400000,86400100,6786,11311,86700000,86700000
4,289,86700000,86700100,6786,11311,87000000,87000000
4,290,87000000,87000100,6786,11311,87300000,87300000
4,291,87300000,87300100,6786,11311,87600000,87600000
4,292,87600000,87600100,6786,11311,87900000,87900000
4,293,87900000,87900100,6786,11311,88200000,88200000
4,294,88200000,88200100,6786,11311,88500000,88500000
4,295,88500000,88500100,6786,11311,88800000,88800000
4,296,88800000,88800100,6786,11311,89100000,89100000
4,297,89100000,89100100,6786,11311,89400000,89400000
4,298,89400000,89400100,6786,11311,89700000,89700000
4,299,89700000,89700100,6786,11311,90000000,90000000
4,300,90000000,90000100,6786,11311,90300000,90300000
4,301,90300000,90300100,6786,11311,90600000,90600000
4,302,90600000,90600100,6786,11311,90900000,90900000
4,303,90900000,90900100,6786,11311,91200000,91200000
4,304,91200000,91200100,6786,11311,91500000,91500000
4,305,91500000,91500100,6786,11311,91800000,91800000
4,306,91800000,91800100,6786,11311,92100000,92100000
4,307,92100000,92100100,6786,11311,92400000,92400000
4,308,92400000,92400100,6786,11311,92700000,92700000
4,309,92700000,92700100,6786,11311,93000000,93000000
4,310,93000000,93000100,6786,11311,93300000,93300000
4,311,93300000,93300100,6786,11311,93600000,93600000
5,0,0,100,23346,38910,650000,650000
5,1,650000,650100,23346,38910,1300000,1300000
5,2,1300000,1300100,23346,38910,1950000,1950000
5,3,1950000,1950100,23346,38910,2600000,2600000
5,4,2600000,2600100,23346,38910,3250000,3250000
5,5,3250000,3250100,23346,38910,3900000,3900000
5,6,3900000,3900100,23346,38910,4550000,4550000
5,7,4550000,4550100,23346,38910,5200000,5200000
5,8,5200000,5200100,23346,38910,5850000,5850000
5,9,5850000,5850100,23346,38910,6500000,6500000
5,10,6500000,6500100,23346,38910,7150000,7150000
5,11,7150000,7150100,23346,38910,7800000,7800000
5,12,7800000,7800100,23346,38910,8450000,8450000
5,13,8450000,8450100,23346,38910,9100000,9100000
5,14,9100000,9100100,23346,38910,9750000,9750000
5,15,9750000,9750100,23346,38910,10400000,10400000
5,16,10400000,10400100,23346,38910,11050000,11050000
5,17,11050000,11050100,23346,38910,11700000,11700000
5,18,11700000,11700100,23346,38910,12350000,12350000
5,19,12350000,12350100,23346,38910,13000000,13000000
5,20,13000000,13000100,23346,38910,13650000,13650000
5,21,13650000,13650100,23346,38910,14300000,14300000
5,22,14300000,14300100,23346,38910,14950000,14950000
5,23,14950000,14950100,23346,38910,15600000,15600000
5,24,15600000,15600100,23346,38910,16250000,16250000
5,25,16250000,16250100,23346,38910,16900000,16900000
5,26,16900000,16900100,23346,38910,17550000,17550000
5,27,17550000,17550100,23346,38910,18200000,18200000
5,28,18200000,18200100,23346,38910,18850000,18850000
5,29,18850000,18850100,23346,38910,19500000,19500000
5,30,19500000,19500100,23346,38910,20150000,20150000
5,31,20150000,20150100,23346,38910,20800000,20800000
5,32,20800000,20800100,23346,38910,21450000,21450000
5,33,21450000,21450100,23346,38910,22100000,22100000
5,34,22100000,22100100,23346,38910,22750000,22750000
5,35,22750000,22750100,23346,38910,23400000,23400000
5,36,23400000,23400100,23346,38910,24050000,24050000
5,37,24050000,24050100,23346,38910,24700000,24700000
5,38,24700000,24700100,23346,38910,25350000,25350000
5,39,25350000,25350100,23346,38910,26000000,26000000
5,40,26000000,26000100,23346,38910,26650000,26650000
5,41,26650000,26650100,23346,38910,27300000,27300000
5,42,27300000,27300100,23346,38910,27950000,27950000
5,43,27950000,27950100,23346,38910,28600000,28600000
5,44,28600000,28600100,23346,38910,29250000,29250000
5,45,29250000,29250100,23346,38910,29900000,29900000
5,46,29900000,29900100,23346,38910,30550000,30550000
5,47,30550000,30550100,23346,38910,31200000,31200000
5,48,31200000,31200100,23346,38910,31850000,31850000
5,49,31850000,31850100,23346,38910,32500000,32500000
5,50,32500000,32500100,23346,38910,33150000,33150000
5,51,33150000,33150100,23346,38910,33800000,33800000
5,52,33800000,33800100,23346,38910,34450000,34450000
5,53,34450000,34450100,23346,38910,35100000,35100000
5,54,35100000,35100100,23346,38910,35750000,35750000
5,55,35750000,35750100,23346,38910,36400000,36400000
5,56,36400000,36400100,23346,38910,37050000,37050000
5,57,37050000,37050100,23346,38910,37700000,37700000
5,58,37700000,37700100,23346,38910,38350000,38350000
5,59,38350000,38350100,23346,38910,39000000,39000000
5,60,39000000,39000100,23346,38910,39650000,39650000
5,61,39650000,39650100,23346,38910,40300000,40300000
5,62,40300000,40300100,23346,38910,40950000,40950000
5,63,40950000,40950100,23346,38910,41600000,41600000
5,64,41600000,41600100,23346,38910,42250000,42250000
5,65,42250000,42250100,23346,38910,42900000,42900000
5,66,42900000,42900100,23346,38910,43550000,43550000
5,67,43550000,43550100,23346,38910,44200000,44200000
5,68,44200000,44200100,23346,38910,44850000,44850000
5,69,44850000,44850100,23346,38910,45500000,45500000
5,70,45500000,45500100,23346,38910,46150000,46150000
5,71,46150000,46150100,23346,38910,46800000,46800000
5,72,46800000,46800100,23346,38910,47450000,47450000
5,73,47450000,47450100,23346,38910,48100000,48100000
5,74,48100000,48100100,23346,38910,48750000,48750000
5,75,48750000,48750100,23346,38910,49400000,49400000
5,76,49400000,49400100,23346,38910,50050000,50050000
5,77,50050000,50050100,23346,38910,50700000,50700000
5,78,50700000,50700100,23346,38910,51350000,51350000
5,79,51350000,51350100,23346,38910,52000000,52000000
5,80,52000000,52000100,23346,38910,52650000,52650000
5,81,52650000,52650100,23346,38910,53300000,53300000
5,82,53300000,53300100,23346,38910,53950000,53950000
5,83,53950000,53950100,23346,38910,54600000,54600000
5,84,54600000,54600100,23346,38910,55250000,55250000
5,85,55250000,55250100,23346,38910,55900000,55900000
5,86,55900000,55900100,23346,38910,56550000,56550000
5,87,56550000,56550100,23346,38910,57200000,57200000
5,88,57200000,57200100,23346,38910,57850000,57850000
5,89,57850000,57850100,23346,38910,58500000,58500000
5,90,58500000,58500100,23346,38910,59150000,59150000
5,91,59150000,59150100,23346,38910,59800000,59800000
5,92,59800000,59800100,23346,38910,60450000,60450000
5,93,60450000,60450100,23346,38910,61100000,61100000
5,94,61100000,61100100,23346,38910,61750000,61750000
5,95,61750000,61750100,23346,38910,62400000,62400000
5,96,62400000,62400100,23346,38910,63050000,63050000
5,97,63050000,63050100,23346,38910,63700000,63700000
5,98,63700000,63700100,23346,38910,64350000,64350000
5,99,64350000,64350100,23346,38910,65000000,65000000
5,100,65000000,65000100,23346,38910,65650000,65650000
5,101,65650000,65650100,23346,38910,66300000,66300000
5,102,66300000,66300100,23346,38910,66950000,66950000
5,103,66950000,66950100,23346,38910,67600000,67600000
5,104,67600000,67600100,23346,38910,68250000,68250000
5,105,68250000,68250100,23346,38910,68900000,68900000
5,106,68900000,68900100,23346,38910,69550000,69550000
5,107,69550000,69550100,23346,38910,70200000,70200000
5,108,70200000,70200100,23346,38910,70850000,70850000
5,109,70850000,70850100,23346,38910,71500000,71500000
5,110,71500000,71500100,23346,38910,72150000,72150000
5,111,72150000,72150100,23346,38910,72800000,72800000
5,112,72800000,72800100,23346,38910,73450000,73450000
5,113,73450000,73450100,23346,38910,74100000,74100000
5,114,74100000,74100100,23346,38910,74750000,74750000
5,115,74750000,74750100,23346,38910,75400000,75400000
5,116,75400000,75400100,23346,38910,76050000,76050000
5,117,76050000,76050100,23346,38910,76700000,76700000
5,118,76700000,76700100,23346,38910,77350000,77350000
5,119,77350000,77350100,23346,38910,78000000,78000000
5,120,78000000,78000100,23346,38910,78650000,78650000
5,121,78650000,78650100,23346,38910,79300000,79300000
5,122,79300000,79300100,23346,38910,79950000,79950000
5,123,79950000,79950100,23346,38910,80600000,80600000
5,124,80600000,80600100,23346,38910,81250000,81250000
5,125,81250000,81250100,23346,38910,81900000,81900000
5,126,81900000,81900100,23346,38910,82550000,82550000
5,127,82550000,82550100,23346,38910,83200000,83200000
5,128,83200000,83200100,23346,38910,83850000,83850000
5,129,83850000,83850100,23346,38910,84500000,84500000
5,130,84500000,84500100,23346,38910,85150000,85150000
5,131,85150000,85150100,23346,38910,85800000,85800000
5,132,85800000,85800100,23346,38910,86450000,86450000
5,133,86450000,86450100,23346,38910,87100000,87100000
5,134,87100000,87100100,23346,38910,87750000,87750000
5,135,87750000,87750100,23346,38910,88400000,88400000
5,136,88400000,88400100,23346,38910,89050000,89050000
5,137,89050000,89050100,23346,38910,89700000,89700000
5,138,89700000,89700100,23346,38910,90350000,90350000
5,139,90350000,90350100,23346,38910,91000000,91000000
5,140,91000000,91000100,23346,38910,91650000,91650000
5,141,91650000,91650100,23346,38910,92300000,92300000
5,142,92300000,92300100,23346,38910,92950000,92950000
5,143,92950000,92950100,23346,38910,93600000,93600000
6,0,0,100,10438,17397,800000,800000
6,1,800000,800100,10438,17397,1600000,1600000
6,2,1600000,1600100,10438,17397,2400000,2400000
6,3,2400000,2400100,10438,17397,3200000,3200000
6,4,3200000,3200100,10438,17397,4000000,4000000
6,5,4000000,4000100,10438,17397,4800000,4800000
6,6,4800000,4800100,10438,17397,5600000,5600000
6,7,5600000,5600100,10438,17397,6400000,6400000
6,8,6400000,6400100,10438,17397,7200000,7200000
6,9,7200000,7200100,10438,17397,8000000,8000000
6,10,8000000,8000100,10438,17397,8800000,8800000
6,11,8800000,8800100,10438,17397,9600000,9600000
6,12,9600000,9600100,10438,17397,10400000,10400000
6,13,10400000,10400100,10438,17397,11200000,11200000
6,14,11200000,11200100,10438,17397,12000000,12000000
6,15,12000000,12000100,10438,17397,12800000,12800000
6,16,12800000,12800100,10438,17397,13600000,13600000
6,17,13600000,13600100,10438,17397,14400000,14400000
6,18,14400000,14400100,10438,17397,15200000,15200000
6,19,15200000,15200100,10438,17397,16000000,16000000
6,20,16000000,16000100,10438,17397,16800000,16800000
6,21,16800000,16800100,10438,17397,17600000,17600000
6,22,17600000,17600100,10438,17397,18400000,18400000
6,23,18400000,18400100,10438,17397,19200000,19200000
6,24,19200000,19200100,10438,17397,20000000,20000000
6,25,20000000,20000100,10438,17397,20800000,20800000
6,26,20800000,20800100,10438,17397,21600000,21600000
6,27,21600000,21600100,10438,17397,22400000,22400000
6,28,22400000,22400100,10438,17397,23200000,23200000
6,29,23200000,23200100,10438,17397,24000000,24000000
6,30,24000000,24000100,10438,17397,24800000,24800000
6,31,24800000,24800100,10438,17397,25600000,25600000
6,32,25600000,25600100,10438,17397,26400000,26400000
6,33,26400000,26400100,10438,17397,27200000,27200000
6,34,27200000,27200100,10438,17397,28000000,28000000
6,35,28000000,28000100,10438,17397,28800000,28800000
6,36,28800000,28800100,10438,17397,29600000,29600000
6,37,29600000,29600100,10438,17397,30400000,30400000
6,38,30400000,30400100,10438,17397,31200000,31200000
6,39,31200000,31200100,10438,17397,32000000,32000000
6,40,32000000,32000100,10438,17397,32800000,32800000
6,41,32800000,32800100,10438,17397,33600000,33600000
6,42,33600000,33600100,10438,17397,34400000,34400000
6,43,34400000,34400100,10438,17397,35200000,35200000
6,44,35200000,35200100,10438,17397,36000000,36000000
6,45,36000000,36000100,10438,17397,36800000,36800000
6,46,36800000,36800100,10438,17397,37600000,37600000
6,47,37600000,37600100,10438,17397,38400000,38400000
6,48,38400000,38400100,10438,17397,39200000,39200000
6,49,39200000,39200100,10438,17397,40000000,40000000
6,50,40000000,40000100,10438,17397,40800000,40800000
6,51,40800000,40800100,10438,17397,41600000,41600000
6,52,41600000,41600100,10438,17397,42400000,42400000
6,53,42400000,42400100,10438,17397,43200000,43200000
6,54,43200000,43200100,10438,17397,44000000,44000000
6,55,44000000,44000100,10438,17397,44800000,44800000
6,56,44800000,44800100,10438,17397,45600000,45600000
6,57,45600000,45600100,10438,17397,46400000,46400000
6,58,46400000,46400100,10438,17397,47200000,47200000
6,59,47200000,47200100,10438,17397,48000000,48000000
6,60,48000000,48000100,10438,17397,48800000,48800000
6,61,48800000,48800100,10438,17397,49600000,49600000
6,62,49600000,49600100,10438,17397,50400000,50400000
6,63,50400000,50400100,10438,17397,51200000,51200000
6,64,51200000,51200100,10438,17397,52000000,52000000
6,65,52000000,52000100,10438,17397,52800000,52800000
6,66,52800000,52800100,10438,17397,53600000,53600000
6,67,53600000,53600100,10438,17397,54400000,54400000
6,68,54400000,54400100,10438,17397,55200000,55200000
6,69,55200000,55200100,10438,17397,56000000,56000000
6,70,56000000,56000100,10438,17397,56800000,56800000
6,71,56800000,56800100,10438,17397,57600000,57600000
6,72,57600000,57600100,10438,17397,58400000,58400000
6,73,58400000,58400100,10438,17397,59200000,59200000
6,74,59200000,59200100,10438,17397,60000000,60000000
6,75,60000000,60000100,10438,17397,60800000,60800000
6,76,60800000,60800100,10438,17397,61600000,61600000
6,77,61600000,61600100,10438,17397,62400000,62400000
6,78,62400000,62400100,10438,17397,63200000,63200000
6,79,63200000,63200100,10438,17397,64000000,64000000
6,80,64000000,64000100,10438,17397,64800000,64800000
6,81,64800000,64800100,10438,17397,65600000,65600000
6,82,65600000,65600100,10438,17397,66400000,66400000
6,83,66400000,66400100,10438,17397,67200000,67200000
6,84,67200000,67200100,10438,17397,68000000,68000000
6,85,68000000,68000100,10438,17397,68800000,68800000
6,86,68800000,68800100,10438,17397,69600000,69600000
6,87,69600000,69600100,10438,17397,70400000,70400000
6,88,70400000,70400100,10438,17397,71200000,71200000
6,89,71200000,71200100,10438,17397,72000000,72000000
6,90,72000000,72000100,10438,17397,72800000,72800000
6,91,72800000,72800100,10438,17397,73600000,73600000
6,92,73600000,73600100,10438,17397,74400000,74400000
6,93,74400000,74400100,10438,17397,75200000,75200000
6,94,75200000,75200100,10438,17397,76000000,76000000
6,95,76000000,76000100,10438,17397,76800000,76800000
6,96,76800000,76800100,10438,17397,77600000,77600000
6,97,77600000,77600100,10438,17397,78400000,78400000
6,98,78400000,78400100,10438,17397,79200000,79200000
6,99,79200000,79200100,10438,17397,80000000,80000000
6,100,80000000,80000100,10438,17397,80800000,80800000
6,101,80800000,80800100,10438,17397,81600000,81600000
6,102,81600000,81600100,10438,17397,82400000,82400000
6,103,82400000,82400100,10438,17397,83200000,83200000
6,104,83200000,83200100,10438,17397,84000000,84000000
6,105,84000000,84000100,10438,17397,84800000,84800000
6,106,84800000,84800100,10438,17397,85600000,85600000
6,107,85600000,85600100,10438,17397,86400000,86400000
6,108,86400000,86400100,10438,17397,87200000,87200000
6,109,87200000,87200100,10438,17397,88000000,88000000
6,110,88000000,88000100,10438,17397,88800000,88800000
6,111,88800000,88800100,10438,17397,89600000,89600000
6,112,89600000,89600100,10438,17397,90400000,90400000
6,113,90400000,90400100,10438,17397,91200000,91200000
6,114,91200000,91200100,10438,17397,92000000,92000000
6,115,92000000,92000100,10438,17397,92800000,92800000
6,116,92800000,92800100,10438,17397,93600000,93600000
7,0,0,100,508012,846687,900000,900000
7,1,900000,900100,508012,846687,1800000,1800000
7,2,1800000,1800100,508012,846687,2700000,2700000
7,3,2700000,2700100,508012,846687,3600000,3600000
7,4,3600000,3600100,508012,846687,4500000,4500000
7,5,4500000,4500100,508012,846687,5400000,5400000
7,6,5400000,5400100,508012,846687,6300000,6300000
7,7,6300000,6300100,508012,846687,7200000,7200000
7,8,7200000,7200100,508012,846687,8100000,8100000
7,9,8100000,8100100,508012,846687,9000000,9000000
7,10,9000000,9000100,508012,846687,9900000,9900000
7,11,9900000,9900100,508012,846687,10800000,10800000
7,12,10800000,10800100,508012,846687,11700000,11700000
7,13,11700000,11700100,508012,846687,12600000,12600000
7,14,12600000,12600100,508012,846687,13500000,13500000
7,15,13500000,13500100,508012,846687,14400000,14400000
7,16,14400000,14400100,508012,846687,15300000,15300000
7,17,15300000,15300100,508012,846687,16200000,16200000
7,18,16200000,16200100,508012,846687,17100000,17100000
7,19,17100000,17100100,508012,846687,18000000,18000000
7,20,18000000,18000100,508012,846687,18900000,18900000
7,21,18900000,18900100,508012,846687,19800000,19800000
7,22,19800000,19800100,508012,846687,20700000,20700000
7,23,20700000,20700100,508012,846687,21600000,21600000
7,24,21600000,21600100,508012,846687,22500000,22500000
7,25,22500000,22500100,508012,846687,23400000,23400000
7,26,23400000,23400100,508012,846687,24300000,24300000
7,27,24300000,24300100,508012,846687,25200000,25200000
7,28,25200000,25200100,508012,846687,26100000,26100000
7,29,26100000,26100100,508012,846687,27000000,27000000
7,30,27000000,27000100,508012,846687,27900000,27900000
7,31,27900000,27900100,508012,846687,28800000,28800000
7,32,28800000,28800100,508012,846687,29700000,29700000
7,33,29700000,29700100,508012,846687,30600000,30600000
7,34,30600000,30600100,508012,846687,31500000,31500000
7,35,31500000,31500100,508012,846687,32400000,32400000
7,36,32400000,32400100,508012,846687,33300000,33300000
7,37,33300000,33300100,508012,846687,34200000,34200000
7,38,34200000,34200100,508012,846687,35100000,35100000
7,39,35100000,35100100,508012,846687,36000000,36000000
7,40,36000000,36000100,508012,846687,36900000,36900000
7,41,36900000,36900100,508012,846687,37800000,37800000
7,42,37800000,37800100,508012,846687,38700000,38700000
7,43,38700000,38700100,508012,846687,39600000,39600000
7,44,39600000,39600100,508012,846687,40500000,40500000
7,45,40500000,40500100,508012,846687,41400000,41400000
7,46,41400000,41400100,508012,846687,42300000,42300000
7,47,42300000,42300100,508012,846687,43200000,43200000
7,48,43200000,43200100,508012,846687,44100000,44100000
7,49,44100000,44100100,508012,846687,45000000,45000000
7,50,45000000,45000100,508012,846687,45900000,45900000
7,51,45900000,45900100,508012,846687,46800000,46800000
7,52,46800000,46800100,508012,846687,47700000,47700000
7,53,47700000,47700100,508012,846687,48600000,48600000
7,54,48600000,48600100,508012,846687,49500000,49500000
7,55,49500000,49500100,508012,846687,50400000,50400000
7,56,50400000,50400100,508012,846687,51300000,51300000
7,57,51300000,51300100,508012,846687,52200000,52200000
7,58,52200000,52200100,508012,846687,53100000,53100000
7,59,53100000,53100100,508012,846687,54000000,54000000
7,60,54000000,54000100,508012,846687,54900000,54900000
7,61,54900000,54900100,508012,846687,55800000,55800000
7,62,55800000,55800100,508012,846687,56700000,56700000
7,63,56700000,56700100,508012,846687,57600000,57600000
7,64,57600000,57600100,508012,846687,58500000,58500000
7,65,58500000,58500100,508012,846687,59400000,59400000
7,66,59400000,59400100,508012,846687,60300000,60300000
7,67,60300000,60300100,508012,846687,61200000,61200000
7,68,61200000,61200100,508012,846687,62100000,62100000
7,69,62100000,62100100,508012,846687,63000000,63000000
7,70,63000000,63000100,508012,846687,63900000,63900000
7,71,63900000,63900100,508012,846687,64800000,64800000
7,72,64800000,64800100,508012,846687,65700000,65700000
7,73,65700000,65700100,508012,846687,66600000,66600000
7,74,66600000,66600100,508012,846687,67500000,67500000
7,75,67500000,67500100,508012,846687,68400000,68400000
7,76,68400000,68400100,508012,846687,69300000,69300000
7,77,69300000,69300100,508012,846687,70200000,70200000
7,78,70200000,70200100,508012,846687,71100000,71100000
7,79,71100000,71100100,508012,846687,72000000,72000000
7,80,72000000,72000100,508012,846687,72900000,72900000
7,81,72900000,72900100,508012,846687,73800000,73800000
7,82,73800000,73800100,508012,846687,74700000,74700000
7,83,74700000,74700100,508012,846687,75600000,75600000
7,84,75600000,75600100,508012,846687,76500000,76500000
7,85,76500000,76500100,508012,846687,77400000,77400000
7,86,77400000,77400100,508012,846687,78300000,78300000
7,87,78300000,78300100,508012,846687,79200000,79200000
7,88,79200000,79200100,508012,846687,80100000,80100000
7,89,80100000,80100100,508012,846687,81000000,81000000
7,90,81000000,81000100,508012,846687,81900000,81900000
7,91,81900000,81900100,508012,846687,82800000,82800000
7,92,82800000,82800100,508012,846687,83700000,83700000
7,93,83700000,83700100,508012,846687,84600000,84600000
7,94,84600000,84600100,508012,846687,85500000,85500000
7,95,85500000,85500100,508012,846687,86400000,86400000
7,96,86400000,86400100,508012,846687,87300000,87300000
7,97,87300000,87300100,508012,846687,88200000,88200000
7,98,88200000,88200100,508012,846687,89100000,89100000
7,99,89100000,89100100,508012,846687,90000000,90000000
7,100,90000000,90000100,508012,846687,90900000,90900000
7,101,90900000,90900100,508012,846687,91800000,91800000
7,102,91800000,91800100,508012,846687,92700000,92700000
7,103,92700000,92700100,508012,846687,93600000,93600000
