Task ID,Job ID,Arrival min,Arrival max,Cost min,Cost max,Deadline,Priority
0,0,0,100,1542,2570,250000,250000
0,1,250000,250100,1542,2570,500000,500000
0,2,500000,500100,1542,2570,750000,750000
0,3,750000,750100,1542,2570,1000000,1000000
0,4,1000000,1000100,1542,2570,1250000,1250000
0,5,1250000,1250100,1542,2570,1500000,1500000
0,6,1500000,1500100,1542,2570,1750000,1750000
0,7,1750000,1750100,1542,2570,2000000,2000000
0,8,2000000,2000100,1542,2570,2250000,2250000
0,9,2250000,2250100,1542,2570,2500000,2500000
0,10,2500000,2500100,1542,2570,2750000,2750000
0,11,2750000,2750100,1542,2570,3000000,3000000
0,12,3000000,3000100,1542,2570,3250000,3250000
0,13,3250000,3250100,1542,2570,3500000,3500000
0,14,3500000,3500100,1542,2570,3750000,3750000
0,15,3750000,3750100,1542,2570,4000000,4000000
0,16,4000000,4000100,1542,2570,4250000,4250000
0,17,4250000,4250100,1542,2570,4500000,4500000
0,18,4500000,4500100,1542,2570,4750000,4750000
0,19,4750000,4750100,1542,2570,5000000,5000000
0,20,5000000,5000100,1542,2570,5250000,5250000
0,21,5250000,5250100,1542,2570,5500000,5500000
0,22,5500000,5500100,1542,2570,5750000,5750000
0,23,5750000,5750100,1542,2570,6000000,6000000
0,24,6000000,6000100,1542,2570,6250000,6250000
0,25,6250000,6250100,1542,2570,6500000,6500000
0,26,6500000,6500100,1542,2570,6750000,6750000
0,27,6750000,6750100,1542,2570,7000000,7000000
0,28,7000000,7000100,1542,2570,7250000,7250000
0,29,7250000,7250100,1542,2570,7500000,7500000
0,30,7500000,7500100,1542,2570,7750000,7750000
0,31,7750000,7750100,1542,2570,8000000,8000000
0,32,8000000,8000100,1542,2570,8250000,8250000
0,33,8250000,8250100,1542,2570,8500000,8500000
0,34,8500000,8500100,1542,2570,8750000,8750000
0,35,8750000,8750100,1542,2570,9000000,9000000
0,36,9000000,9000100,1542,2570,9250000,9250000
0,37,9250000,9250100,1542,2570,9500000,9500000
0,38,9500000,9500100,1542,2570,9750000,9750000
0,39,9750000,9750100,1542,2570,10000000,10000000
0,40,10000000,10000100,1542,2570,10250000,10250000
0,41,10250000,10250100,1542,2570,10500000,10500000
0,42,10500000,10500100,1542,2570,10750000,10750000
0,43,10750000,10750100,1542,2570,11000000,11000000
0,44,11000000,11000100,1542,2570,11250000,11250000
0,45,11250000,11250100,1542,2570,11500000,11500000
0,46,11500000,11500100,1542,2570,11750000,11750000
0,47,11750000,11750100,1542,2570,12000000,12000000
0,48,12000000,12000100,1542,2570,12250000,12250000
0,49,12250000,12250100,1542,2570,12500000,12500000
0,50,12500000,12500100,1542,2570,12750000,12750000
0,51,12750000,12750100,1542,2570,13000000,13000000
0,52,13000000,13000100,1542,2570,13250000,13250000
0,53,13250000,13250100,1542,2570,13500000,13500000
0,54,13500000,13500100,1542,2570,13750000,13750000
0,55,13750000,13750100,1542,2570,14000000,14000000
0,56,14000000,14000100,1542,2570,14250000,14250000
0,57,14250000,14250100,1542,2570,14500000,14500000
0,58,14500000,14500100,1542,2570,14750000,14750000
0,59,14750000,14750100,1542,2570,15000000,15000000
0,60,15000000,15000100,1542,2570,15250000,15250000
0,61,15250000,15250100,1542,2570,15500000,15500000
0,62,15500000,15500100,1542,2570,15750000,15750000
0,63,15750000,15750100,1542,2570,16000000,16000000
0,64,16000000,16000100,1542,2570,16250000,16250000
0,65,16250000,16250100,1542,2570,16500000,16500000
0,66,16500000,16500100,1542,2570,16750000,16750000
0,67,16750000,16750100,1542,2570,17000000,17000000
0,68,17000000,17000100,1542,2570,17250000,17250000
0,69,17250000,17250100,1542,2570,17500000,17500000
0,70,17500000,17500100,1542,2570,17750000,17750000
0,71,17750000,17750100,1542,2570,18000000,18000000
0,72,18000000,18000100,1542,2570,18250000,18250000
0,73,18250000,18250100,1542,2570,18500000,18500000
0,74,18500000,18500100,1542,2570,18750000,18750000
0,75,18750000,18750100,1542,2570,19000000,19000000
0,76,19000000,19000100,1542,2570,19250000,19250000
0,77,19250000,19250100,1542,2570,19500000,19500000
0,78,19500000,19500100,1542,2570,19750000,19750000
0,79,19750000,19750100,1542,2570,20000000,20000000
0,80,20000000,20000100,1542,2570,20250000,20250000
0,81,20250000,20250100,1542,2570,20500000,20500000
0,82,20500000,20500100,1542,2570,20750000,20750000
0,83,20750000,20750100,1542,2570,21000000,21000000
0,84,21000000,21000100,1542,2570,21250000,21250000
0,85,21250000,21250100,1542,2570,21500000,21500000
0,86,21500000,21500100,1542,2570,21750000,21750000
0,87,21750000,21750100,1542,2570,22000000,22000000
0,88,22000000,22000100,1542,2570,22250000,22250000
0,89,22250000,22250100,1542,2570,22500000,22500000
0,90,22500000,22500100,1542,2570,22750000,22750000
0,91,22750000,22750100,1542,2570,23000000,23000000
0,92,23000000,23000100,1542,2570,23250000,23250000
0,93,23250000,23250100,1542,2570,23500000,23500000
0,94,23500000,23500100,1542,2570,23750000,23750000
0,95,23750000,23750100,1542,2570,24000000,24000000
0,96,24000000,24000100,1542,2570,24250000,24250000
0,97,24250000,24250100,1542,2570,24500000,24500000
0,98,24500000,24500100,1542,2570,24750000,24750000
0,99,24750000,24750100,1542,2570,25000000,25000000
0,100,25000000,25000100,1542,2570,25250000,25250000
0,101,25250000,25250100,1542,2570,25500000,25500000
0,102,25500000,25500100,1542,2570,25750000,25750000
0,103,25750000,25750100,1542,2570,26000000,26000000
0,104,26000000,26000100,1542,2570,26250000,26250000
0,105,26250000,26250100,1542,2570,26500000,26500000
0,106,26500000,26500100,1542,2570,26750000,26750000
0,107,26750000,26750100,1542,2570,27000000,27000000
0,108,27000000,27000100,1542,2570,27250000,27250000
0,109,27250000,27250100,1542,2570,27500000,27500000
0,110,27500000,27500100,1542,2570,27750000,27750000
0,111,27750000,27750100,1542,2570,28000000,28000000
0,112,28000000,28000100,1542,2570,28250000,28250000
0,113,28250000,28250100,1542,2570,28500000,28500000
0,114,28500000,28500100,1542,2570,28750000,28750000
0,115,28750000,28750100,1542,2570,29000000,29000000
0,116,29000000,29000100,1542,2570,29250000,29250000
0,117,29250000,29250100,1542,2570,29500000,29500000
0,118,29500000,29500100,1542,2570,29750000,29750000
0,119,29750000,29750100,1542,2570,30000000,30000000
0,120,30000000,30000100,1542,2570,30250000,30250000
0,121,30250000,30250100,1542,2570,30500000,30500000
0,122,30500000,30500100,1542,2570,30750000,30750000
0,123,30750000,30750100,1542,2570,31000000,31000000
0,124,31000000,31000100,1542,2570,31250000,31250000
0,125,31250000,31250100,1542,2570,31500000,31500000
0,126,31500000,31500100,1542,2570,31750000,31750000
0,127,31750000,31750100,1542,2570,32000000,32000000
0,128,32000000,32000100,1542,2570,32250000,32250000
0,129,32250000,32250100,1542,2570,32500000,32500000
0,130,32500000,32500100,1542,2570,32750000,32750000
0,131,32750000,32750100,1542,2570,33000000,33000000
0,132,33000000,33000100,1542,2570,33250000,33250000
0,133,33250000,33250100,1542,2570,33500000,33500000
0,134,33500000,33500100,1542,2570,33750000,33750000
0,135,33750000,33750100,1542,2570,34000000,34000000
0,136,34000000,34000100,1542,2570,34250000,34250000
0,137,34250000,34250100,1542,2570,34500000,34500000
0,138,34500000,34500100,1542,2570,34750000,34750000
0,139,34750000,34750100,1542,2570,35000000,35000000
0,140,35000000,35000100,1542,2570,35250000,35250000
0,141,35250000,35250100,1542,2570,35500000,35500000
0,142,35500000,35500100,1542,2570,35750000,35750000
0,143,35750000,35750100,1542,2570,36000000,36000000
0,144,36000000,36000100,1542,2570,36250000,36250000
0,145,36250000,36250100,1542,2570,36500000,36500000
0,146,36500000,36500100,1542,2570,36750000,36750000
0,147,36750000,36750100,1542,2570,37000000,37000000
0,148,37000000,37000100,1542,2570,37250000,37250000
0,149,37250000,37250100,1542,2570,37500000,37500000
0,150,37500000,37500100,1542,2570,37750000,37750000
0,151,37750000,37750100,1542,2570,38000000,38000000
0,152,38000000,38000100,1542,2570,38250000,38250000
0,153,38250000,38250100,1542,2570,38500000,38500000
0,154,38500000,38500100,1542,2570,38750000,38750000
0,155,38750000,38750100,1542,2570,39000000,39000000
0,156,39000000,39000100,1542,2570,39250000,39250000
0,157,39250000,39250100,1542,2570,39500000,39500000
0,158,39500000,39500100,1542,2570,39750000,39750000
0,159,39750000,39750100,1542,2570,40000000,40000000
0,160,40000000,40000100,1542,2570,40250000,40250000
0,161,40250000,40250100,1542,2570,40500000,40500000
0,162,40500000,40500100,1542,2570,40750000,40750000
0,163,40750000,40750100,1542,2570,41000000,41000000
0,164,41000000,41000100,1542,2570,41250000,41250000
0,165,41250000,41250100,1542,2570,41500000,41500000
0,166,41500000,41500100,1542,2570,41750000,41750000
0,167,41750000,41750100,1542,2570,42000000,42000000
0,168,42000000,42000100,1542,2570,42250000,42250000
0,169,42250000,42250100,1542,2570,42500000,42500000
0,170,42500000,42500100,1542,2570,42750000,42750000
0,171,42750000,42750100,1542,2570,43000000,43000000
0,172,43000000,43000100,1542,2570,43250000,43250000
0,173,43250000,43250100,1542,2570,43500000,43500000
0,174,43500000,43500100,1542,2570,43750000,43750000
0,175,43750000,43750100,1542,2570,44000000,44000000
0,176,44000000,44000100,1542,2570,44250000,44250000
0,177,44250000,44250100,1542,2570,44500000,44500000
0,178,44500000,44500100,1542,2570,44750000,44750000
0,179,44750000,44750100,1542,2570,45000000,45000000
0,180,45000000,45000100,1542,2570,45250000,45250000
0,181,45250000,45250100,1542,2570,45500000,45500000
0,182,45500000,45500100,1542,2570,45750000,45750000
0,183,45750000,45750100,1542,2570,46000000,46000000
0,184,46000000,46000100,1542,2570,46250000,46250000
0,185,46250000,46250100,1542,2570,46500000,46500000
0,186,46500000,46500100,1542,2570,46750000,46750000
0,187,46750000,46750100,1542,2570,47000000,47000000
0,188,47000000,47000100,1542,2570,47250000,47250000
0,189,47250000,47250100,1542,2570,47500000,47500000
0,190,47500000,47500100,1542,2570,47750000,47750000
0,191,47750000,47750100,1542,2570,48000000,48000000
0,192,48000000,48000100,1542,2570,48250000,48250000
0,193,48250000,48250100,1542,2570,48500000,48500000
0,194,48500000,48500100,1542,2570,48750000,48750000
0,195,48750000,48750100,1542,2570,49000000,49000000
0,196,49000000,49000100,1542,2570,49250000,49250000
0,197,49250000,49250100,1542,2570,49500000,49500000
0,198,49500000,49500100,1542,2570,49750000,49750000
0,199,49750000,49750100,1542,2570,50000000,50000000
0,200,50000000,50000100,1542,2570,50250000,50250000
0,201,50250000,50250100,1542,2570,50500000,50500000
0,202,50500000,50500100,1542,2570,50750000,50750000
0,203,50750000,50750100,1542,2570,51000000,51000000
0,204,51000000,51000100,1542,2570,51250000,51250000
0,205,51250000,51250100,1542,2570,51500000,51500000
0,206,51500000,51500100,1542,2570,51750000,51750000
0,207,51750000,51750100,1542,2570,52000000,52000000
0,208,52000000,52000100,1542,2570,52250000,52250000
0,209,52250000,52250100,1542,2570,52500000,52500000
0,210,52500000,52500100,1542,2570,52750000,52750000
0,211,52750000,52750100,1542,2570,53000000,53000000
0,212,53000000,53000100,1542,2570,53250000,53250000
0,213,53250000,53250100,1542,2570,53500000,53500000
0,214,53500000,53500100,1542,2570,53750000,53750000
0,215,53750000,53750100,1542,2570,54000000,54000000
0,216,54000000,54000100,1542,2570,54250000,54250000
0,217,54250000,54250100,1542,2570,54500000,54500000
0,218,54500000,54500100,1542,2570,54750000,54750000
0,219,54750000,54750100,1542,2570,55000000,55000000
0,220,55000000,55000100,1542,2570,55250000,55250000
0,221,55250000,55250100,1542,2570,55500000,55500000
0,222,55500000,55500100,1542,2570,55750000,55750000
0,223,55750000,55750100,1542,2570,56000000,56000000
0,224,56000000,56000100,1542,2570,56250000,56250000
0,225,56250000,56250100,1542,2570,56500000,56500000
0,226,56500000,56500100,1542,2570,56750000,56750000
0,227,56750000,56750100,1542,2570,57000000,57000000
0,228,57000000,57000100,1542,2570,57250000,57250000
0,229,57250000,57250100,1542,2570,57500000,57500000
0,230,57500000,57500100,1542,2570,57750000,57750000
0,231,57750000,57750100,1542,2570,58000000,58000000
0,232,58000000,58000100,1542,2570,58250000,58250000
0,233,58250000,58250100,1542,2570,58500000,58500000
0,234,58500000,58500100,1542,2570,58750000,58750000
0,235,58750000,58750100,1542,2570,59000000,59000000
0,236,59000000,59000100,1542,2570,59250000,59250000
0,237,59250000,59250100,1542,2570,59500000,59500000
0,238,59500000,59500100,1542,2570,59750000,59750000
0,239,59750000,59750100,1542,2570,60000000,60000000
0,240,60000000,60000100,1542,2570,60250000,60250000
0,241,60250000,60250100,1542,2570,60500000,60500000
0,242,60500000,60500100,1542,2570,60750000,60750000
0,243,60750000,60750100,1542,2570,61000000,61000000
0,244,61000000,61000100,1542,2570,61250000,61250000
0,245,61250000,61250100,1542,2570,61500000,61500000
0,246,61500000,61500100,1542,2570,61750000,61750000
0,247,61750000,61750100,1542,2570,62000000,62000000
0,248,62000000,62000100,1542,2570,62250000,62250000
0,249,62250000,62250100,1542,2570,62500000,62500000
0,250,62500000,62500100,1542,2570,62750000,62750000
0,251,62750000,62750100,1542,2570,63000000,63000000
0,252,63000000,63000100,1542,2570,63250000,63250000
0,253,63250000,63250100,1542,2570,63500000,63500000
0,254,63500000,63500100,1542,2570,63750000,63750000
0,255,63750000,63750100,1542,2570,64000000,64000000
0,256,64000000,64000100,1542,2570,64250000,64250000
0,257,64250000,64250100,1542,2570,64500000,64500000
0,258,64500000,64500100,1542,2570,64750000,64750000
0,259,64750000,64750100,1542,2570,65000000,65000000
0,260,65000000,65000100,1542,2570,65250000,65250000
0,261,65250000,65250100,1542,2570,65500000,65500000
0,262,65500000,65500100,1542,2570,65750000,65750000
0,263,65750000,65750100,1542,2570,66000000,66000000
0,264,66000000,66000100,1542,2570,66250000,66250000
0,265,66250000,66250100,1542,2570,66500000,66500000
0,266,66500000,66500100,1542,2570,66750000,66750000
0,267,66750000,66750100,1542,2570,67000000,67000000
0,268,67000000,67000100,1542,2570,67250000,67250000
0,269,67250000,67250100,1542,2570,67500000,67500000
0,270,67500000,67500100,1542,2570,67750000,67750000
0,271,67750000,67750100,1542,2570,68000000,68000000
0,272,68000000,68000100,1542,2570,68250000,68250000
0,273,68250000,68250100,1542,2570,68500000,68500000
0,274,68500000,68500100,1542,2570,68750000,68750000
0,275,68750000,68750100,1542,2570,69000000,69000000
0,276,69000000,69000100,1542,2570,69250000,69250000
0,277,69250000,69250100,1542,2570,69500000,69500000
0,278,69500000,69500100,1542,2570,69750000,69750000
0,279,69750000,69750100,1542,2570,70000000,70000000
0,280,70000000,70000100,1542,2570,70250000,70250000
0,281,70250000,70250100,1542,2570,70500000,70500000
0,282,70500000,70500100,1542,2570,70750000,70750000
0,283,70750000,70750100,1542,2570,71000000,71000000
0,284,71000000,71000100,1542,2570,71250000,71250000
0,285,71250000,71250100,1542,2570,71500000,71500000
0,286,71500000,71500100,1542,2570,71750000,71750000
0,287,71750000,71750100,1542,2570,72000000,72000000
0,288,72000000,72000100,1542,2570,72250000,72250000
0,289,72250000,72250100,1542,2570,72500000,72500000
0,290,72500000,72500100,1542,2570,72750000,72750000
0,291,72750000,72750100,1542,2570,73000000,73000000
0,292,73000000,73000100,1542,2570,73250000,73250000
0,293,73250000,73250100,1542,2570,73500000,73500000
0,294,73500000,73500100,1542,2570,73750000,73750000
0,295,73750000,73750100,1542,2570,74000000,74000000
0,296,74000000,74000100,1542,2570,74250000,74250000
0,297,74250000,74250100,1542,2570,74500000,74500000
0,298,74500000,74500100,1542,2570,74750000,74750000
0,299,74750000,74750100,1542,2570,75000000,75000000
0,300,75000000,75000100,1542,2570,75250000,75250000
0,301,75250000,75250100,1542,2570,75500000,75500000
0,302,75500000,75500100,1542,2570,75750000,75750000
0,303,75750000,75750100,1542,2570,76000000,76000000
0,304,76000000,76000100,1542,2570,76250000,76250000
0,305,76250000,76250100,1542,2570,76500000,76500000
0,306,76500000,76500100,1542,2570,76750000,76750000
0,307,76750000,76750100,1542,2570,77000000,77000000
0,308,77000000,77000100,1542,2570,77250000,77250000
0,309,77250000,77250100,1542,2570,77500000,77500000
0,310,77500000,77500100,1542,2570,77750000,77750000
0,311,77750000,77750100,1542,2570,78000000,78000000
0,312,78000000,78000100,1542,2570,78250000,78250000
0,313,78250000,78250100,1542,2570,78500000,78500000
0,314,78500000,78500100,1542,2570,78750000,78750000
0,315,78750000,78750100,1542,2570,79000000,79000000
0,316,79000000,79000100,1542,2570,79250000,79250000
0,317,79250000,79250100,1542,2570,79500000,79500000
0,318,79500000,79500100,1542,2570,79750000,79750000
0,319,79750000,79750100,1542,2570,80000000,80000000
0,320,80000000,80000100,1542,2570,80250000,80250000
0,321,80250000,80250100,1542,2570,80500000,80500000
0,322,80500000,80500100,1542,2570,80750000,80750000
0,323,80750000,80750100,1542,2570,81000000,81000000
0,324,81000000,81000100,1542,2570,81250000,81250000
0,325,81250000,81250100,1542,2570,81500000,81500000
0,326,81500000,81500100,1542,2570,81750000,81750000
0,327,81750000,81750100,1542,2570,82000000,82000000
0,328,82000000,82000100,1542,2570,82250000,82250000
0,329,82250000,82250100,1542,2570,82500000,82500000
0,330,82500000,82500100,1542,2570,82750000,82750000
0,331,82750000,82750100,1542,2570,83000000,83000000
0,332,83000000,83000100,1542,2570,83250000,83250000
0,333,83250000,83250100,1542,2570,83500000,83500000
0,334,83500000,83500100,1542,2570,83750000,83750000
0,335,83750000,83750100,1542,2570,84000000,84000000
0,336,84000000,84000100,1542,2570,84250000,84250000
0,337,84250000,84250100,1542,2570,84500000,84500000
0,338,84500000,84500100,1542,2570,84750000,84750000
0,339,84750000,84750100,1542,2570,85000000,85000000
0,340,85000000,85000100,1542,2570,85250000,85250000
0,341,85250000,85250100,1542,2570,85500000,85500000
0,342,85500000,85500100,1542,2570,85750000,85750000
0,343,85750000,85750100,1542,2570,86000000,86000000
0,344,86000000,86000100,1542,2570,86250000,86250000
0,345,86250000,86250100,1542,2570,86500000,86500000
0,346,86500000,86500100,1542,2570,86750000,86750000
0,347,86750000,86750100,1542,2570,87000000,87000000
0,348,87000000,87000100,1542,2570,87250000,87250000
0,349,87250000,87250100,1542,2570,87500000,87500000
0,350,87500000,87500100,1542,2570,87750000,87750000
0,351,87750000,87750100,1542,2570,88000000,88000000
0,352,88000000,88000100,1542,2570,88250000,88250000
0,353,88250000,88250100,1542,2570,88500000,88500000
0,354,88500000,88500100,1542,2570,88750000,88750000
0,355,88750000,88750100,1542,2570,89000000,89000000
0,356,89000000,89000100,1542,2570,89250000,89250000
0,357,89250000,89250100,1542,2570,89500000,89500000
0,358,89500000,89500100,1542,2570,89750000,89750000
0,359,89750000,89750100,1542,2570,90000000,90000000
0,360,90000000,90000100,1542,2570,90250000,90250000
0,361,90250000,90250100,1542,2570,90500000,90500000
0,362,90500000,90500100,1542,2570,90750000,90750000
0,363,90750000,90750100,1542,2570,91000000,91000000
0,364,91000000,91000100,1542,2570,91250000,91250000
0,365,91250000,91250100,1542,2570,91500000,91500000
0,366,91500000,91500100,1542,2570,91750000,91750000
0,367,91750000,91750100,1542,2570,92000000,92000000
0,368,92000000,92000100,1542,2570,92250000,92250000
0,369,92250000,92250100,1542,2570,92500000,92500000
0,370,92500000,92500100,1542,2570,92750000,92750000
0,371,92750000,92750100,1542,2570,93000000,93000000
0,372,93000000,93000100,1542,2570,93250000,93250000
0,373,93250000,93250100,1542,2570,93500000,93500000
0,374,93500000,93500100,1542,2570,93750000,93750000
0,375,93750000,93750100,1542,2570,94000000,94000000
0,376,94000000,94000100,1542,2570,94250000,94250000
0,377,94250000,94250100,1542,2570,94500000,94500000
0,378,94500000,94500100,1542,2570,94750000,94750000
0,379,94750000,94750100,1542,2570,95000000,95000000
0,380,95000000,95000100,1542,2570,95250000,95250000
0,381,95250000,95250100,1542,2570,95500000,95500000
0,382,95500000,95500100,1542,2570,95750000,95750000
0,383,95750000,95750100,1542,2570,96000000,96000000
0,384,96000000,96000100,1542,2570,96250000,96250000
0,385,96250000,96250100,1542,2570,96500000,96500000
0,386,96500000,96500100,1542,2570,96750000,96750000
0,387,96750000,96750100,1542,2570,97000000,97000000
0,388,97000000,97000100,1542,2570,97250000,97250000
0,389,97250000,97250100,1542,2570,97500000,97500000
0,390,97500000,97500100,1542,2570,97750000,97750000
0,391,97750000,97750100,1542,2570,98000000,98000000
0,392,98000000,98000100,1542,2570,98250000,98250000
0,393,98250000,98250100,1542,2570,98500000,98500000
0,394,98500000,98500100,1542,2570,98750000,98750000
0,395,98750000,98750100,1542,2570,99000000,99000000
0,396,99000000,99000100,1542,2570,99250000,99250000
0,397,99250000,99250100,1542,2570,99500000,99500000
0,398,99500000,99500100,1542,2570,99750000,99750000
0,399,99750000,99750100,1542,2570,100000000,100000000
0,400,100000000,100000100,1542,2570,100250000,100250000
0,401,100250000,100250100,1542,2570,100500000,100500000
0,402,100500000,100500100,1542,2570,100750000,100750000
0,403,100750000,100750100,1542,2570,101000000,101000000
0,404,101000000,101000100,1542,2570,101250000,101250000
0,405,101250000,101250100,1542,2570,101500000,101500000
0,406,101500000,101500100,1542,2570,101750000,101750000
0,407,101750000,101750100,1542,2570,102000000,102000000
0,408,102000000,102000100,1542,2570,102250000,102250000
0,409,102250000,102250100,1542,2570,102500000,102500000
0,410,102500000,102500100,1542,2570,102750000,102750000
0,411,102750000,102750100,1542,2570,103000000,103000000
0,412,103000000,103000100,1542,2570,103250000,103250000
0,413,103250000,103250100,1542,2570,103500000,103500000
0,414,103500000,103500100,1542,2570,103750000,103750000
0,415,103750000,103750100,1542,2570,104000000,104000000
0,416,104000000,104000100,1542,2570,104250000,104250000
0,417,104250000,104250100,1542,2570,104500000,104500000
0,418,104500000,104500100,1542,2570,104750000,104750000
0,419,104750000,104750100,1542,2570,105000000,105000000
0,420,105000000,105000100,1542,2570,105250000,105250000
0,421,105250000,105250100,1542,2570,105500000,105500000
0,422,105500000,105500100,1542,2570,105750000,105750000
0,423,105750000,105750100,1542,2570,106000000,106000000
0,424,106000000,106000100,1542,2570,106250000,106250000
0,425,106250000,106250100,1542,2570,106500000,106500000
0,426,106500000,106500100,1542,2570,106750000,106750000
0,427,106750000,106750100,1542,2570,107000000,107000000
0,428,107000000,107000100,1542,2570,107250000,107250000
0,429,107250000,107250100,1542,2570,107500000,107500000
0,430,107500000,107500100,1542,2570,107750000,107750000
0,431,107750000,107750100,1542,2570,108000000,108000000
0,432,108000000,108000100,1542,2570,108250000,108250000
0,433,108250000,108250100,1542,2570,108500000,108500000
0,434,108500000,108500100,1542,2570,108750000,108750000
0,435,108750000,108750100,1542,2570,109000000,109000000
0,436,109000000,109000100,1542,2570,109250000,109250000
0,437,109250000,109250100,1542,2570,109500000,109500000
0,438,109500000,109500100,1542,2570,109750000,109750000
0,439,109750000,109750100,1542,2570,110000000,110000000
0,440,110000000,110000100,1542,2570,110250000,110250000
0,441,110250000,110250100,1542,2570,110500000,110500000
0,442,110500000,110500100,1542,2570,110750000,110750000
0,443,110750000,110750100,1542,2570,111000000,111000000
0,444,111000000,111000100,1542,2570,111250000,111250000
0,445,111250000,111250100,1542,2570,111500000,111500000
0,446,111500000,111500100,1542,2570,111750000,111750000
0,447,111750000,111750100,1542,2570,112000000,112000000
0,448,112000000,112000100,1542,2570,112250000,112250000
0,449,112250000,112250100,1542,2570,112500000,112500000
0,450,112500000,112500100,1542,2570,112750000,112750000
0,451,112750000,112750100,1542,2570,113000000,113000000
0,452,113000000,113000100,1542,2570,113250000,113250000
0,453,113250000,113250100,1542,2570,113500000,113500000
0,454,113500000,113500100,1542,2570,113750000,113750000
0,455,113750000,113750100,1542,2570,114000000,114000000
0,456,114000000,114000100,1542,2570,114250000,114250000
0,457,114250000,114250100,1542,2570,114500000,114500000
0,458,114500000,114500100,1542,2570,114750000,114750000
0,459,114750000,114750100,1542,2570,115000000,115000000
0,460,115000000,115000100,1542,2570,115250000,115250000
0,461,115250000,115250100,1542,2570,115500000,115500000
0,462,115500000,115500100,1542,2570,115750000,115750000
0,463,115750000,115750100,1542,2570,116000000,116000000
0,464,116000000,116000100,1542,2570,116250000,116250000
0,465,116250000,116250100,1542,2570,116500000,116500000
0,466,116500000,116500100,1542,2570,116750000,116750000
0,467,116750000,116750100,1542,2570,117000000,117000000
0,468,117000000,117000100,1542,2570,117250000,117250000
0,469,117250000,117250100,1542,2570,117500000,117500000
0,470,117500000,117500100,1542,2570,117750000,117750000
0,471,117750000,117750100,1542,2570,118000000,118000000
0,472,118000000,118000100,1542,2570,118250000,118250000
0,473,118250000,118250100,1542,2570,118500000,118500000
0,474,118500000,118500100,1542,2570,118750000,118750000
0,475,118750000,118750100,1542,2570,119000000,119000000
0,476,119000000,119000100,1542,2570,119250000,119250000
0,477,119250000,119250100,1542,2570,119500000,119500000
0,478,119500000,119500100,1542,2570,119750000,119750000
0,479,119750000,119750100,1542,2570,120000000,120000000
0,480,120000000,120000100,1542,2570,120250000,120250000
0,481,120250000,120250100,1542,2570,120500000,120500000
0,482,120500000,120500100,1542,2570,120750000,120750000
0,483,120750000,120750100,1542,2570,121000000,121000000
0,484,121000000,121000100,1542,2570,121250000,121250000
0,485,121250000,121250100,1542,2570,121500000,121500000
0,486,121500000,121500100,1542,2570,121750000,121750000
0,487,121750000,121750100,1542,2570,122000000,122000000
0,488,122000000,122000100,1542,2570,122250000,122250000
0,489,122250000,122250100,1542,2570,122500000,122500000
0,490,122500000,122500100,1542,2570,122750000,122750000
0,491,122750000,122750100,1542,2570,123000000,123000000
0,492,123000000,123000100,1542,2570,123250000,123250000
0,493,123250000,123250100,1542,2570,123500000,123500000
0,494,123500000,123500100,1542,2570,123750000,123750000
0,495,123750000,123750100,1542,2570,124000000,124000000
0,496,124000000,124000100,1542,2570,124250000,124250000
0,497,124250000,124250100,1542,2570,124500000,124500000
0,498,124500000,124500100,1542,2570,124750000,124750000
0,499,124750000,124750100,1542,2570,125000000,125000000
0,500,125000000,125000100,1542,2570,125250000,125250000
0,501,125250000,125250100,1542,2570,125500000,125500000
0,502,125500000,125500100,1542,2570,125750000,125750000
0,503,125750000,125750100,1542,2570,126000000,126000000
0,504,126000000,126000100,1542,2570,126250000,126250000
0,505,126250000,126250100,1542,2570,126500000,126500000
0,506,126500000,126500100,1542,2570,126750000,126750000
0,507,126750000,126750100,1542,2570,127000000,127000000
0,508,127000000,127000100,1542,2570,127250000,127250000
0,509,127250000,127250100,1542,2570,127500000,127500000
0,510,127500000,127500100,1542,2570,127750000,127750000
0,511,127750000,127750100,1542,2570,128000000,128000000
0,512,128000000,128000100,1542,2570,128250000,128250000
0,513,128250000,128250100,1542,2570,128500000,128500000
0,514,128500000,128500100,1542,2570,128750000,128750000
0,515,128750000,128750100,1542,2570,129000000,129000000
0,516,129000000,129000100,1542,2570,129250000,129250000
0,517,129250000,129250100,1542,2570,129500000,129500000
0,518,129500000,129500100,1542,2570,129750000,129750000
0,519,129750000,129750100,1542,2570,130000000,130000000
0,520,130000000,130000100,1542,2570,130250000,130250000
0,521,130250000,130250100,1542,2570,130500000,130500000
0,522,130500000,130500100,1542,2570,130750000,130750000
0,523,130750000,130750100,1542,2570,131000000,131000000
0,524,131000000,131000100,1542,2570,131250000,131250000
0,525,131250000,131250100,1542,2570,131500000,131500000
0,526,131500000,131500100,1542,2570,131750000,131750000
0,527,131750000,131750100,1542,2570,132000000,132000000
0,528,132000000,132000100,1542,2570,132250000,132250000
0,529,132250000,132250100,1542,2570,132500000,132500000
0,530,132500000,132500100,1542,2570,132750000,132750000
0,531,132750000,132750100,1542,2570,133000000,133000000
0,532,133000000,133000100,1542,2570,133250000,133250000
0,533,133250000,133250100,1542,2570,133500000,133500000
0,534,133500000,133500100,1542,2570,133750000,133750000
0,535,133750000,133750100,1542,2570,134000000,134000000
0,536,134000000,134000100,1542,2570,134250000,134250000
0,537,134250000,134250100,1542,2570,134500000,134500000
0,538,134500000,134500100,1542,2570,134750000,134750000
0,539,134750000,134750100,1542,2570,135000000,135000000
0,540,135000000,135000100,1542,2570,135250000,135250000
0,541,135250000,135250100,1542,2570,135500000,135500000
0,542,135500000,135500100,1542,2570,135750000,135750000
0,543,135750000,135750100,1542,2570,136000000,136000000
0,544,136000000,136000100,1542,2570,136250000,136250000
0,545,136250000,136250100,1542,2570,136500000,136500000
0,546,136500000,136500100,1542,2570,136750000,136750000
0,547,136750000,136750100,1542,2570,137000000,137000000
0,548,137000000,137000100,1542,2570,137250000,137250000
0,549,137250000,137250100,1542,2570,137500000,137500000
0,550,137500000,137500100,1542,2570,137750000,137750000
0,551,137750000,137750100,1542,2570,138000000,138000000
0,552,138000000,138000100,1542,2570,138250000,138250000
0,553,138250000,138250100,1542,2570,138500000,138500000
0,554,138500000,138500100,1542,2570,138750000,138750000
0,555,138750000,138750100,1542,2570,139000000,139000000
0,556,139000000,139000100,1542,2570,139250000,139250000
0,557,139250000,139250100,1542,2570,139500000,139500000
0,558,139500000,139500100,1542,2570,139750000,139750000
0,559,139750000,139750100,1542,2570,140000000,140000000
0,560,140000000,140000100,1542,2570,140250000,140250000
0,561,140250000,140250100,1542,2570,140500000,140500000
0,562,140500000,140500100,1542,2570,140750000,140750000
0,563,140750000,140750100,1542,2570,141000000,141000000
0,564,141000000,141000100,1542,2570,141250000,141250000
0,565,141250000,141250100,1542,2570,141500000,141500000
0,566,141500000,141500100,1542,2570,141750000,141750000
0,567,141750000,141750100,1542,2570,142000000,142000000
0,568,142000000,142000100,1542,2570,142250000,142250000
0,569,142250000,142250100,1542,2570,142500000,142500000
0,570,142500000,142500100,1542,2570,142750000,142750000
0,571,142750000,142750100,1542,2570,143000000,143000000
0,572,143000000,143000100,1542,2570,143250000,143250000
0,573,143250000,143250100,1542,2570,143500000,143500000
0,574,143500000,143500100,1542,2570,143750000,143750000
0,575,143750000,143750100,1542,2570,144000000,144000000
0,576,144000000,144000100,1542,2570,144250000,144250000
0,577,144250000,144250100,1542,2570,144500000,144500000
0,578,144500000,144500100,1542,2570,144750000,144750000
0,579,144750000,144750100,1542,2570,145000000,145000000
0,580,145000000,145000100,1542,2570,145250000,145250000
0,581,145250000,145250100,1542,2570,145500000,145500000
0,582,145500000,145500100,1542,2570,145750000,145750000
0,583,145750000,145750100,1542,2570,146000000,146000000
0,584,146000000,146000100,1542,2570,146250000,146250000
0,585,146250000,146250100,1542,2570,146500000,146500000
0,586,146500000,146500100,1542,2570,146750000,146750000
0,587,146750000,146750100,1542,2570,147000000,147000000
0,588,147000000,147000100,1542,2570,147250000,147250000
0,589,147250000,147250100,1542,2570,147500000,147500000
0,590,147500000,147500100,1542,2570,147750000,147750000
0,591,147750000,147750100,1542,2570,148000000,148000000
0,592,148000000,148000100,1542,2570,148250000,148250000
0,593,148250000,148250100,1542,2570,148500000,148500000
0,594,148500000,148500100,1542,2570,148750000,148750000
0,595,148750000,148750100,1542,2570,149000000,149000000
0,596,149000000,149000100,1542,2570,149250000,149250000
0,597,149250000,149250100,1542,2570,149500000,149500000
0,598,149500000,149500100,1542,2570,149750000,149750000
0,599,149750000,149750100,1542,2570,150000000,150000000
0,600,150000000,150000100,1542,2570,150250000,150250000
0,601,150250000,150250100,1542,2570,150500000,150500000
0,602,150500000,150500100,1542,2570,150750000,150750000
0,603,150750000,150750100,1542,2570,151000000,151000000
0,604,151000000,151000100,1542,2570,151250000,151250000
0,605,151250000,151250100,1542,2570,151500000,151500000
0,606,151500000,151500100,1542,2570,151750000,151750000
0,607,151750000,151750100,1542,2570,152000000,152000000
0,608,152000000,152000100,1542,2570,152250000,152250000
0,609,152250000,152250100,1542,2570,152500000,152500000
0,610,152500000,152500100,1542,2570,152750000,152750000
0,611,152750000,152750100,1542,2570,153000000,153000000
0,612,153000000,153000100,1542,2570,153250000,153250000
0,613,153250000,153250100,1542,2570,153500000,153500000
0,614,153500000,153500100,1542,2570,153750000,153750000
0,615,153750000,153750100,1542,2570,154000000,154000000
0,616,154000000,154000100,1542,2570,154250000,154250000
0,617,154250000,154250100,1542,2570,154500000,154500000
0,618,154500000,154500100,1542,2570,154750000,154750000
0,619,154750000,154750100,1542,2570,155000000,155000000
0,620,155000000,155000100,1542,2570,155250000,155250000
0,621,155250000,155250100,1542,2570,155500000,155500000
0,622,155500000,155500100,1542,2570,155750000,155750000
0,623,155750000,155750100,1542,2570,156000000,156000000
0,624,156000000,156000100,1542,2570,156250000,156250000
0,625,156250000,156250100,1542,2570,156500000,156500000
0,626,156500000,156500100,1542,2570,156750000,156750000
0,627,156750000,156750100,1542,2570,157000000,157000000
0,628,157000000,157000100,1542,2570,157250000,157250000
0,629,157250000,157250100,1542,2570,157500000,157500000
0,630,157500000,157500100,1542,2570,157750000,157750000
0,631,157750000,157750100,1542,2570,158000000,158000000
0,632,158000000,158000100,1542,2570,158250000,158250000
0,633,158250000,158250100,1542,2570,158500000,158500000
0,634,158500000,158500100,1542,2570,158750000,158750000
0,635,158750000,158750100,1542,2570,159000000,159000000
0,636,159000000,159000100,1542,2570,159250000,159250000
0,637,159250000,159250100,1542,2570,159500000,159500000
0,638,159500000,159500100,1542,2570,159750000,159750000
0,639,159750000,159750100,1542,2570,160000000,160000000
0,640,160000000,160000100,1542,2570,160250000,160250000
0,641,160250000,160250100,1542,2570,160500000,160500000
0,642,160500000,160500100,1542,2570,160750000,160750000
0,643,160750000,160750100,1542,2570,161000000,161000000
0,644,161000000,161000100,1542,2570,161250000,161250000
0,645,161250000,161250100,1542,2570,161500000,161500000
0,646,161500000,161500100,1542,2570,161750000,161750000
0,647,161750000,161750100,1542,2570,162000000,162000000
0,648,162000000,162000100,1542,2570,162250000,162250000
0,649,162250000,162250100,1542,2570,162500000,162500000
0,650,162500000,162500100,1542,2570,162750000,162750000
0,651,162750000,162750100,1542,2570,163000000,163000000
0,652,163000000,163000100,1542,2570,163250000,163250000
0,653,163250000,163250100,1542,2570,163500000,163500000
0,654,163500000,163500100,1542,2570,163750000,163750000
0,655,163750000,163750100,1542,2570,164000000,164000000
0,656,164000000,164000100,1542,2570,164250000,164250000
0,657,164250000,164250100,1542,2570,164500000,164500000
0,658,164500000,164500100,1542,2570,164750000,164750000
0,659,164750000,164750100,1542,2570,165000000,165000000
0,660,165000000,165000100,1542,2570,165250000,165250000
0,661,165250000,165250100,1542,2570,165500000,165500000
0,662,165500000,165500100,1542,2570,165750000,165750000
0,663,165750000,165750100,1542,2570,166000000,166000000
0,664,166000000,166000100,1542,2570,166250000,166250000
0,665,166250000,166250100,1542,2570,166500000,166500000
0,666,166500000,166500100,1542,2570,166750000,166750000
0,667,166750000,166750100,1542,2570,167000000,167000000
0,668,167000000,167000100,1542,2570,167250000,167250000
0,669,167250000,167250100,1542,2570,167500000,167500000
0,670,167500000,167500100,1542,2570,167750000,167750000
0,671,167750000,167750100,1542,2570,168000000,168000000
0,672,168000000,168000100,1542,2570,168250000,168250000
0,673,168250000,168250100,1542,2570,168500000,168500000
0,674,168500000,168500100,1542,2570,168750000,168750000
0,675,168750000,168750100,1542,2570,169000000,169000000
0,676,169000000,169000100,1542,2570,169250000,169250000
0,677,169250000,169250100,1542,2570,169500000,169500000
0,678,169500000,169500100,1542,2570,169750000,169750000
0,679,169750000,169750100,1542,2570,170000000,170000000
0,680,170000000,170000100,1542,2570,170250000,170250000
0,681,170250000,170250100,1542,2570,170500000,170500000
0,682,170500000,170500100,1542,2570,170750000,170750000
0,683,170750000,170750100,1542,2570,171000000,171000000
0,684,171000000,171000100,1542,2570,171250000,171250000
0,685,171250000,171250100,1542,2570,171500000,171500000
0,686,171500000,171500100,1542,2570,171750000,171750000
0,687,171750000,171750100,1542,2570,172000000,172000000
0,688,172000000,172000100,1542,2570,172250000,172250000
0,689,172250000,172250100,1542,2570,172500000,172500000
0,690,172500000,172500100,1542,2570,172750000,172750000
0,691,172750000,172750100,1542,2570,173000000,173000000
0,692,173000000,173000100,1542,2570,173250000,173250000
0,693,173250000,173250100,1542,2570,173500000,173500000
0,694,173500000,173500100,1542,2570,173750000,173750000
0,695,173750000,173750100,1542,2570,174000000,174000000
0,696,174000000,174000100,1542,2570,174250000,174250000
0,697,174250000,174250100,1542,2570,174500000,174500000
0,698,174500000,174500100,1542,2570,174750000,174750000
0,699,174750000,174750100,1542,2570,175000000,175000000
0,700,175000000,175000100,1542,2570,175250000,175250000
0,701,175250000,175250100,1542,2570,175500000,175500000
0,702,175500000,175500100,1542,2570,175750000,175750000
0,703,175750000,175750100,1542,2570,176000000,176000000
0,704,176000000,176000100,1542,2570,176250000,176250000
0,705,176250000,176250100,1542,2570,176500000,176500000
0,706,176500000,176500100,1542,2570,176750000,176750000
0,707,176750000,176750100,1542,2570,177000000,177000000
0,708,177000000,177000100,1542,2570,177250000,177250000
0,709,177250000,177250100,1542,2570,177500000,177500000
0,710,177500000,177500100,1542,2570,177750000,177750000
0,711,177750000,177750100,1542,2570,178000000,178000000
0,712,178000000,178000100,1542,2570,178250000,178250000
0,713,178250000,178250100,1542,2570,178500000,178500000
0,714,178500000,178500100,1542,2570,178750000,178750000
0,715,178750000,178750100,1542,2570,179000000,179000000
0,716,179000000,179000100,1542,2570,179250000,179250000
0,717,179250000,179250100,1542,2570,179500000,179500000
0,718,179500000,179500100,1542,2570,179750000,179750000
0,719,179750000,179750100,1542,2570,180000000,180000000
0,720,180000000,180000100,1542,2570,180250000,180250000
0,721,180250000,180250100,1542,2570,180500000,180500000
0,722,180500000,180500100,1542,2570,180750000,180750000
0,723,180750000,180750100,1542,2570,181000000,181000000
0,724,181000000,181000100,1542,2570,181250000,181250000
0,725,181250000,181250100,1542,2570,181500000,181500000
0,726,181500000,181500100,1542,2570,181750000,181750000
0,727,181750000,181750100,1542,2570,182000000,182000000
0,728,182000000,182000100,1542,2570,182250000,182250000
0,729,182250000,182250100,1542,2570,182500000,182500000
0,730,182500000,182500100,1542,2570,182750000,182750000
0,731,182750000,182750100,1542,2570,183000000,183000000
0,732,183000000,183000100,1542,2570,183250000,183250000
0,733,183250000,183250100,1542,2570,183500000,183500000
0,734,183500000,183500100,1542,2570,183750000,183750000
0,735,183750000,183750100,1542,2570,184000000,184000000
0,736,184000000,184000100,1542,2570,184250000,184250000
0,737,184250000,184250100,1542,2570,184500000,184500000
0,738,184500000,184500100,1542,2570,184750000,184750000
0,739,184750000,184750100,1542,2570,185000000,185000000
0,740,185000000,185000100,1542,2570,185250000,185250000
0,741,185250000,185250100,1542,2570,185500000,185500000
0,742,185500000,185500100,1542,2570,185750000,185750000
0,743,185750000,185750100,1542,2570,186000000,186000000
0,744,186000000,186000100,1542,2570,186250000,186250000
0,745,186250000,186250100,1542,2570,186500000,186500000
0,746,186500000,186500100,1542,2570,186750000,186750000
0,747,186750000,186750100,1542,2570,187000000,187000000
0,748,187000000,187000100,1542,2570,187250000,187250000
0,749,187250000,187250100,1542,2570,187500000,187500000
0,750,187500000,187500100,1542,2570,187750000,187750000
0,751,187750000,187750100,1542,2570,188000000,188000000
0,752,188000000,188000100,1542,2570,188250000,188250000
0,753,188250000,188250100,1542,2570,188500000,188500000
0,754,188500000,188500100,1542,2570,188750000,188750000
0,755,188750000,188750100,1542,2570,189000000,189000000
0,756,189000000,189000100,1542,2570,189250000,189250000
0,757,189250000,189250100,1542,2570,189500000,189500000
0,758,189500000,189500100,1542,2570,189750000,189750000
0,759,189750000,189750100,1542,2570,190000000,190000000
0,760,190000000,190000100,1542,2570,190250000,190250000
0,761,190250000,190250100,1542,2570,190500000,190500000
0,762,190500000,190500100,1542,2570,190750000,190750000
0,763,190750000,190750100,1542,2570,191000000,191000000
0,764,191000000,191000100,1542,2570,191250000,191250000
0,765,191250000,191250100,1542,2570,191500000,191500000
0,766,191500000,191500100,1542,2570,191750000,191750000
0,767,191750000,191750100,1542,2570,192000000,192000000
0,768,192000000,192000100,1542,2570,192250000,192250000
0,769,192250000,192250100,1542,2570,192500000,192500000
0,770,192500000,192500100,1542,2570,192750000,192750000
0,771,192750000,192750100,1542,2570,193000000,193000000
0,772,193000000,193000100,1542,2570,193250000,193250000
0,773,193250000,193250100,1542,2570,193500000,193500000
0,774,193500000,193500100,1542,2570,193750000,193750000
0,775,193750000,193750100,1542,2570,194000000,194000000
0,776,194000000,194000100,1542,2570,194250000,194250000
0,777,194250000,194250100,1542,2570,194500000,194500000
0,778,194500000,194500100,1542,2570,194750000,194750000
0,779,194750000,194750100,1542,2570,195000000,195000000
0,780,195000000,195000100,1542,2570,195250000,195250000
0,781,195250000,195250100,1542,2570,195500000,195500000
0,782,195500000,195500100,1542,2570,195750000,195750000
0,783,195750000,195750100,1542,2570,196000000,196000000
0,784,196000000,196000100,1542,2570,196250000,196250000
0,785,196250000,196250100,1542,2570,196500000,196500000
0,786,196500000,196500100,1542,2570,196750000,196750000
0,787,196750000,196750100,1542,2570,197000000,197000000
0,788,197000000,197000100,1542,2570,197250000,197250000
0,789,197250000,197250100,1542,2570,197500000,197500000
0,790,197500000,197500100,1542,2570,197750000,197750000
0,791,197750000,197750100,1542,2570,198000000,198000000
0,792,198000000,198000100,1542,2570,198250000,198250000
0,793,198250000,198250100,1542,2570,198500000,198500000
0,794,198500000,198500100,1542,2570,198750000,198750000
0,795,198750000,198750100,1542,2570,199000000,199000000
0,796,199000000,199000100,1542,2570,199250000,199250000
0,797,199250000,199250100,1542,2570,199500000,199500000
0,798,199500000,199500100,1542,2570,199750000,199750000
0,799,199750000,199750100,1542,2570,200000000,200000000
0,800,200000000,200000100,1542,2570,200250000,200250000
0,801,200250000,200250100,1542,2570,200500000,200500000
0,802,200500000,200500100,1542,2570,200750000,200750000
0,803,200750000,200750100,1542,2570,201000000,201000000
0,804,201000000,201000100,1542,2570,201250000,201250000
0,805,201250000,201250100,1542,2570,201500000,201500000
0,806,201500000,201500100,1542,2570,201750000,201750000
0,807,201750000,201750100,1542,2570,202000000,202000000
0,808,202000000,202000100,1542,2570,202250000,202250000
0,809,202250000,202250100,1542,2570,202500000,202500000
0,810,202500000,202500100,1542,2570,202750000,202750000
0,811,202750000,202750100,1542,2570,203000000,203000000
0,812,203000000,203000100,1542,2570,203250000,203250000
0,813,203250000,203250100,1542,2570,203500000,203500000
0,814,203500000,203500100,1542,2570,203750000,203750000
0,815,203750000,203750100,1542,2570,204000000,204000000
0,816,204000000,204000100,1542,2570,204250000,204250000
0,817,204250000,204250100,1542,2570,204500000,204500000
0,818,204500000,204500100,1542,2570,204750000,204750000
0,819,204750000,204750100,1542,2570,205000000,205000000
0,820,205000000,205000100,1542,2570,205250000,205250000
0,821,205250000,205250100,1542,2570,205500000,205500000
0,822,205500000,205500100,1542,2570,205750000,205750000
0,823,205750000,205750100,1542,2570,206000000,206000000
0,824,206000000,206000100,1542,2570,206250000,206250000
0,825,206250000,206250100,1542,2570,206500000,206500000
0,826,206500000,206500100,1542,2570,206750000,206750000
0,827,206750000,206750100,1542,2570,207000000,207000000
0,828,207000000,207000100,1542,2570,207250000,207250000
0,829,207250000,207250100,1542,2570,207500000,207500000
0,830,207500000,207500100,1542,2570,207750000,207750000
0,831,207750000,207750100,1542,2570,208000000,208000000
0,832,208000000,208000100,1542,2570,208250000,208250000
0,833,208250000,208250100,1542,2570,208500000,208500000
0,834,208500000,208500100,1542,2570,208750000,208750000
0,835,208750000,208750100,1542,2570,209000000,209000000
0,836,209000000,209000100,1542,2570,209250000,209250000
0,837,209250000,209250100,1542,2570,209500000,209500000
0,838,209500000,209500100,1542,2570,209750000,209750000
0,839,209750000,209750100,1542,2570,210000000,210000000
0,840,210000000,210000100,1542,2570,210250000,210250000
0,841,210250000,210250100,1542,2570,210500000,210500000
0,842,210500000,210500100,1542,2570,210750000,210750000
0,843,210750000,210750100,1542,2570,211000000,211000000
0,844,211000000,211000100,1542,2570,211250000,211250000
0,845,211250000,211250100,1542,2570,211500000,211500000
0,846,211500000,211500100,1542,2570,211750000,211750000
0,847,211750000,211750100,1542,2570,212000000,212000000
0,848,212000000,212000100,1542,2570,212250000,212250000
0,849,212250000,212250100,1542,2570,212500000,212500000
0,850,212500000,212500100,1542,2570,212750000,212750000
0,851,212750000,212750100,1542,2570,213000000,213000000
0,852,213000000,213000100,1542,2570,213250000,213250000
0,853,213250000,213250100,1542,2570,213500000,213500000
0,854,213500000,213500100,1542,2570,213750000,213750000
0,855,213750000,213750100,1542,2570,214000000,214000000
0,856,214000000,214000100,1542,2570,214250000,214250000
0,857,214250000,214250100,1542,2570,214500000,214500000
0,858,214500000,214500100,1542,2570,214750000,214750000
0,859,214750000,214750100,1542,2570,215000000,215000000
0,860,215000000,215000100,1542,2570,215250000,215250000
0,861,215250000,215250100,1542,2570,215500000,215500000
0,862,215500000,215500100,1542,2570,215750000,215750000
0,863,215750000,215750100,1542,2570,216000000,216000000
0,864,216000000,216000100,1542,2570,216250000,216250000
0,865,216250000,216250100,1542,2570,216500000,216500000
0,866,216500000,216500100,1542,2570,216750000,216750000
0,867,216750000,216750100,1542,2570,217000000,217000000
0,868,217000000,217000100,1542,2570,217250000,217250000
0,869,217250000,217250100,1542,2570,217500000,217500000
0,870,217500000,217500100,1542,2570,217750000,217750000
0,871,217750000,217750100,1542,2570,218000000,218000000
0,872,218000000,218000100,1542,2570,218250000,218250000
0,873,218250000,218250100,1542,2570,218500000,218500000
0,874,218500000,218500100,1542,2570,218750000,218750000
0,875,218750000,218750100,1542,2570,219000000,219000000
0,876,219000000,219000100,1542,2570,219250000,219250000
0,877,219250000,219250100,1542,2570,219500000,219500000
0,878,219500000,219500100,1542,2570,219750000,219750000
0,879,219750000,219750100,1542,2570,220000000,220000000
0,880,220000000,220000100,1542,2570,220250000,220250000
0,881,220250000,220250100,1542,2570,220500000,220500000
0,882,220500000,220500100,1542,2570,220750000,220750000
0,883,220750000,220750100,1542,2570,221000000,221000000
0,884,221000000,221000100,1542,2570,221250000,221250000
0,885,221250000,221250100,1542,2570,221500000,221500000
0,886,221500000,221500100,1542,2570,221750000,221750000
0,887,221750000,221750100,1542,2570,222000000,222000000
0,888,222000000,222000100,1542,2570,222250000,222250000
0,889,222250000,222250100,1542,2570,222500000,222500000
0,890,222500000,222500100,1542,2570,222750000,222750000
0,891,222750000,222750100,1542,2570,223000000,223000000
0,892,223000000,223000100,1542,2570,223250000,223250000
0,893,223250000,223250100,1542,2570,223500000,223500000
0,894,223500000,223500100,1542,2570,223750000,223750000
0,895,223750000,223750100,1542,2570,224000000,224000000
0,896,224000000,224000100,1542,2570,224250000,224250000
0,897,224250000,224250100,1542,2570,224500000,224500000
0,898,224500000,224500100,1542,2570,224750000,224750000
0,899,224750000,224750100,1542,2570,225000000,225000000
0,900,225000000,225000100,1542,2570,225250000,225250000
0,901,225250000,225250100,1542,2570,225500000,225500000
0,902,225500000,225500100,1542,2570,225750000,225750000
0,903,225750000,225750100,1542,2570,226000000,226000000
0,904,226000000,226000100,1542,2570,226250000,226250000
0,905,226250000,226250100,1542,2570,226500000,226500000
0,906,226500000,226500100,1542,2570,226750000,226750000
0,907,226750000,226750100,1542,2570,227000000,227000000
0,908,227000000,227000100,1542,2570,227250000,227250000
0,909,227250000,227250100,1542,2570,227500000,227500000
0,910,227500000,227500100,1542,2570,227750000,227750000
0,911,227750000,227750100,1542,2570,228000000,228000000
0,912,228000000,228000100,1542,2570,228250000,228250000
0,913,228250000,228250100,1542,2570,228500000,228500000
0,914,228500000,228500100,1542,2570,228750000,228750000
0,915,228750000,228750100,1542,2570,229000000,229000000
0,916,229000000,229000100,1542,2570,229250000,229250000
0,917,229250000,229250100,1542,2570,229500000,229500000
0,918,229500000,229500100,1542,2570,229750000,229750000
0,919,229750000,229750100,1542,2570,230000000,230000000
0,920,230000000,230000100,1542,2570,230250000,230250000
0,921,230250000,230250100,1542,2570,230500000,230500000
0,922,230500000,230500100,1542,2570,230750000,230750000
0,923,230750000,230750100,1542,2570,231000000,231000000
0,924,231000000,231000100,1542,2570,231250000,231250000
0,925,231250000,231250100,1542,2570,231500000,231500000
0,926,231500000,231500100,1542,2570,231750000,231750000
0,927,231750000,231750100,1542,2570,232000000,232000000
0,928,232000000,232000100,1542,2570,232250000,232250000
0,929,232250000,232250100,1542,2570,232500000,232500000
0,930,232500000,232500100,1542,2570,232750000,232750000
0,931,232750000,232750100,1542,2570,233000000,233000000
0,932,233000000,233000100,1542,2570,233250000,233250000
0,933,233250000,233250100,1542,2570,233500000,233500000
0,934,233500000,233500100,1542,2570,233750000,233750000
0,935,233750000,233750100,1542,2570,234000000,234000000
0,936,234000000,234000100,1542,2570,234250000,234250000
0,937,234250000,234250100,1542,2570,234500000,234500000
0,938,234500000,234500100,1542,2570,234750000,234750000
0,939,234750000,234750100,1542,2570,235000000,235000000
0,940,235000000,235000100,1542,2570,235250000,235250000
0,941,235250000,235250100,1542,2570,235500000,235500000
0,942,235500000,235500100,1542,2570,235750000,235750000
0,943,235750000,235750100,1542,2570,236000000,236000000
0,944,236000000,236000100,1542,2570,236250000,236250000
0,945,236250000,236250100,1542,2570,236500000,236500000
0,946,236500000,236500100,1542,2570,236750000,236750000
0,947,236750000,236750100,1542,2570,237000000,237000000
0,948,237000000,237000100,1542,2570,237250000,237250000
0,949,237250000,237250100,1542,2570,237500000,237500000
0,950,237500000,237500100,1542,2570,237750000,237750000
0,951,237750000,237750100,1542,2570,238000000,238000000
0,952,238000000,238000100,1542,2570,238250000,238250000
0,953,238250000,238250100,1542,2570,238500000,238500000
0,954,238500000,238500100,1542,2570,238750000,238750000
0,955,238750000,238750100,1542,2570,239000000,239000000
0,956,239000000,239000100,1542,2570,239250000,239250000
0,957,239250000,239250100,1542,2570,239500000,239500000
0,958,239500000,239500100,1542,2570,239750000,239750000
0,959,239750000,239750100,1542,2570,240000000,240000000
0,960,240000000,240000100,1542,2570,240250000,240250000
0,961,240250000,240250100,1542,2570,240500000,240500000
0,962,240500000,240500100,1542,2570,240750000,240750000
0,963,240750000,240750100,1542,2570,241000000,241000000
0,964,241000000,241000100,1542,2570,241250000,241250000
0,965,241250000,241250100,1542,2570,241500000,241500000
0,966,241500000,241500100,1542,2570,241750000,241750000
0,967,241750000,241750100,1542,2570,242000000,242000000
0,968,242000000,242000100,1542,2570,242250000,242250000
0,969,242250000,242250100,1542,2570,242500000,242500000
0,970,242500000,242500100,1542,2570,242750000,242750000
0,971,242750000,242750100,1542,2570,243000000,243000000
0,972,243000000,243000100,1542,2570,243250000,243250000
0,973,243250000,243250100,1542,2570,243500000,243500000
0,974,243500000,243500100,1542,2570,243750000,243750000
0,975,243750000,243750100,1542,2570,244000000,244000000
0,976,244000000,244000100,1542,2570,244250000,244250000
0,977,244250000,244250100,1542,2570,244500000,244500000
0,978,244500000,244500100,1542,2570,244750000,244750000
0,979,244750000,244750100,1542,2570,245000000,245000000
0,980,245000000,245000100,1542,2570,245250000,245250000
0,981,245250000,245250100,1542,2570,245500000,245500000
0,982,245500000,245500100,1542,2570,245750000,245750000
0,983,245750000,245750100,1542,2570,246000000,246000000
0,984,246000000,246000100,1542,2570,246250000,246250000
0,985,246250000,246250100,1542,2570,246500000,246500000
0,986,246500000,246500100,1542,2570,246750000,246750000
0,987,246750000,246750100,1542,2570,247000000,247000000
0,988,247000000,247000100,1542,2570,247250000,247250000
0,989,247250000,247250100,1542,2570,247500000,247500000
0,990,247500000,247500100,1542,2570,247750000,247750000
0,991,247750000,247750100,1542,2570,248000000,248000000
0,992,248000000,248000100,1542,2570,248250000,248250000
0,993,248250000,248250100,1542,2570,248500000,248500000
0,994,248500000,248500100,1542,2570,248750000,248750000
0,995,248750000,248750100,1542,2570,249000000,249000000
0,996,249000000,249000100,1542,2570,249250000,249250000
0,997,249250000,249250100,1542,2570,249500000,249500000
0,998,249500000,249500100,1542,2570,249750000,249750000
0,999,249750000,249750100,1542,2570,250000000,250000000
0,1000,250000000,250000100,1542,2570,250250000,250250000
0,1001,250250000,250250100,1542,2570,250500000,250500000
0,1002,250500000,250500100,1542,2570,250750000,250750000
0,1003,250750000,250750100,1542,2570,251000000,251000000
0,1004,251000000,251000100,1542,2570,251250000,251250000
0,1005,251250000,251250100,1542,2570,251500000,251500000
0,1006,251500000,251500100,1542,2570,251750000,251750000
0,1007,251750000,251750100,1542,2570,252000000,252000000
0,1008,252000000,252000100,1542,2570,252250000,252250000
0,1009,252250000,252250100,1542,2570,252500000,252500000
0,1010,252500000,252500100,1542,2570,252750000,252750000
0,1011,252750000,252750100,1542,2570,253000000,253000000
0,1012,253000000,253000100,1542,2570,253250000,253250000
0,1013,253250000,253250100,1542,2570,253500000,253500000
0,1014,253500000,253500100,1542,2570,253750000,253750000
0,1015,253750000,253750100,1542,2570,254000000,254000000
0,1016,254000000,254000100,1542,2570,254250000,254250000
0,1017,254250000,254250100,1542,2570,254500000,254500000
0,1018,254500000,254500100,1542,2570,254750000,254750000
0,1019,254750000,254750100,1542,2570,255000000,255000000
0,1020,255000000,255000100,1542,2570,255250000,255250000
0,1021,255250000,255250100,1542,2570,255500000,255500000
0,1022,255500000,255500100,1542,2570,255750000,255750000
0,1023,255750000,255750100,1542,2570,256000000,256000000
0,1024,256000000,256000100,1542,2570,256250000,256250000
0,1025,256250000,256250100,1542,2570,256500000,256500000
0,1026,256500000,256500100,1542,2570,256750000,256750000
0,1027,256750000,256750100,1542,2570,257000000,257000000
0,1028,257000000,257000100,1542,2570,257250000,257250000
0,1029,257250000,257250100,1542,2570,257500000,257500000
0,1030,257500000,257500100,1542,2570,257750000,257750000
0,1031,257750000,257750100,1542,2570,258000000,258000000
0,1032,258000000,258000100,1542,2570,258250000,258250000
0,1033,258250000,258250100,1542,2570,258500000,258500000
0,1034,258500000,258500100,1542,2570,258750000,258750000
0,1035,258750000,258750100,1542,2570,259000000,259000000
0,1036,259000000,259000100,1542,2570,259250000,259250000
0,1037,259250000,259250100,1542,2570,259500000,259500000
0,1038,259500000,259500100,1542,2570,259750000,259750000
0,1039,259750000,259750100,1542,2570,260000000,260000000
0,1040,260000000,260000100,1542,2570,260250000,260250000
0,1041,260250000,260250100,1542,2570,260500000,260500000
0,1042,260500000,260500100,1542,2570,260750000,260750000
0,1043,260750000,260750100,1542,2570,261000000,261000000
0,1044,261000000,261000100,1542,2570,261250000,261250000
0,1045,261250000,261250100,1542,2570,261500000,261500000
0,1046,261500000,261500100,1542,2570,261750000,261750000
0,1047,261750000,261750100,1542,2570,262000000,262000000
0,1048,262000000,262000100,1542,2570,262250000,262250000
0,1049,262250000,262250100,1542,2570,262500000,262500000
0,1050,262500000,262500100,1542,2570,262750000,262750000
0,1051,262750000,262750100,1542,2570,263000000,263000000
0,1052,263000000,263000100,1542,2570,263250000,263250000
0,1053,263250000,263250100,1542,2570,263500000,263500000
0,1054,263500000,263500100,1542,2570,263750000,263750000
0,1055,263750000,263750100,1542,2570,264000000,264000000
0,1056,264000000,264000100,1542,2570,264250000,264250000
0,1057,264250000,264250100,1542,2570,264500000,264500000
0,1058,264500000,264500100,1542,2570,264750000,264750000
0,1059,264750000,264750100,1542,2570,265000000,265000000
0,1060,265000000,265000100,1542,2570,265250000,265250000
0,1061,265250000,265250100,1542,2570,265500000,265500000
0,1062,265500000,265500100,1542,2570,265750000,265750000
0,1063,265750000,265750100,1542,2570,266000000,266000000
0,1064,266000000,266000100,1542,2570,266250000,266250000
0,1065,266250000,266250100,1542,2570,266500000,266500000
0,1066,266500000,266500100,1542,2570,266750000,266750000
0,1067,266750000,266750100,1542,2570,267000000,267000000
0,1068,267000000,267000100,1542,2570,267250000,267250000
0,1069,267250000,267250100,1542,2570,267500000,267500000
0,1070,267500000,267500100,1542,2570,267750000,267750000
0,1071,267750000,267750100,1542,2570,268000000,268000000
0,1072,268000000,268000100,1542,2570,268250000,268250000
0,1073,268250000,268250100,1542,2570,268500000,268500000
0,1074,268500000,268500100,1542,2570,268750000,268750000
0,1075,268750000,268750100,1542,2570,269000000,269000000
0,1076,269000000,269000100,1542,2570,269250000,269250000
0,1077,269250000,269250100,1542,2570,269500000,269500000
0,1078,269500000,269500100,1542,2570,269750000,269750000
0,1079,269750000,269750100,1542,2570,270000000,270000000
0,1080,270000000,270000100,1542,2570,270250000,270250000
0,1081,270250000,270250100,1542,2570,270500000,270500000
0,1082,270500000,270500100,1542,2570,270750000,270750000
0,1083,270750000,270750100,1542,2570,271000000,271000000
0,1084,271000000,271000100,1542,2570,271250000,271250000
0,1085,271250000,271250100,1542,2570,271500000,271500000
0,1086,271500000,271500100,1542,2570,271750000,271750000
0,1087,271750000,271750100,1542,2570,272000000,272000000
0,1088,272000000,272000100,1542,2570,272250000,272250000
0,1089,272250000,272250100,1542,2570,272500000,272500000
0,1090,272500000,272500100,1542,2570,272750000,272750000
0,1091,272750000,272750100,1542,2570,273000000,273000000
0,1092,273000000,273000100,1542,2570,273250000,273250000
0,1093,273250000,273250100,1542,2570,273500000,273500000
0,1094,273500000,273500100,1542,2570,273750000,273750000
0,1095,273750000,273750100,1542,2570,274000000,274000000
0,1096,274000000,274000100,1542,2570,274250000,274250000
0,1097,274250000,274250100,1542,2570,274500000,274500000
0,1098,274500000,274500100,1542,2570,274750000,274750000
0,1099,274750000,274750100,1542,2570,275000000,275000000
0,1100,275000000,275000100,1542,2570,275250000,275250000
0,1101,275250000,275250100,1542,2570,275500000,275500000
0,1102,275500000,275500100,1542,2570,275750000,275750000
0,1103,275750000,275750100,1542,2570,276000000,276000000
0,1104,276000000,276000100,1542,2570,276250000,276250000
0,1105,276250000,276250100,1542,2570,276500000,276500000
0,1106,276500000,276500100,1542,2570,276750000,276750000
0,1107,276750000,276750100,1542,2570,277000000,277000000
0,1108,277000000,277000100,1542,2570,277250000,277250000
0,1109,277250000,277250100,1542,2570,277500000,277500000
0,1110,277500000,277500100,1542,2570,277750000,277750000
0,1111,277750000,277750100,1542,2570,278000000,278000000
0,1112,278000000,278000100,1542,2570,278250000,278250000
0,1113,278250000,278250100,1542,2570,278500000,278500000
0,1114,278500000,278500100,1542,2570,278750000,278750000
0,1115,278750000,278750100,1542,2570,279000000,279000000
0,1116,279000000,279000100,1542,2570,279250000,279250000
0,1117,279250000,279250100,1542,2570,279500000,279500000
0,1118,279500000,279500100,1542,2570,279750000,279750000
0,1119,279750000,279750100,1542,2570,280000000,280000000
0,1120,280000000,280000100,1542,2570,280250000,280250000
0,1121,280250000,280250100,1542,2570,280500000,280500000
0,1122,280500000,280500100,1542,2570,280750000,280750000
0,1123,280750000,280750100,1542,2570,281000000,281000000
0,1124,281000000,281000100,1542,2570,281250000,281250000
0,1125,281250000,281250100,1542,2570,281500000,281500000
0,1126,281500000,281500100,1542,2570,281750000,281750000
0,1127,281750000,281750100,1542,2570,282000000,282000000
0,1128,282000000,282000100,1542,2570,282250000,282250000
0,1129,282250000,282250100,1542,2570,282500000,282500000
0,1130,282500000,282500100,1542,2570,282750000,282750000
0,1131,282750000,282750100,1542,2570,283000000,283000000
0,1132,283000000,283000100,1542,2570,283250000,283250000
0,1133,283250000,283250100,1542,2570,283500000,283500000
0,1134,283500000,283500100,1542,2570,283750000,283750000
0,1135,283750000,283750100,1542,2570,284000000,284000000
0,1136,284000000,284000100,1542,2570,284250000,284250000
0,1137,284250000,284250100,1542,2570,284500000,284500000
0,1138,284500000,284500100,1542,2570,284750000,284750000
0,1139,284750000,284750100,1542,2570,285000000,285000000
0,1140,285000000,285000100,1542,2570,285250000,285250000
0,1141,285250000,285250100,1542,2570,285500000,285500000
0,1142,285500000,285500100,1542,2570,285750000,285750000
0,1143,285750000,285750100,1542,2570,286000000,286000000
0,1144,286000000,286000100,1542,2570,286250000,286250000
0,1145,286250000,286250100,1542,2570,286500000,286500000
0,1146,286500000,286500100,1542,2570,286750000,286750000
0,1147,286750000,286750100,1542,2570,287000000,287000000
0,1148,287000000,287000100,1542,2570,287250000,287250000
0,1149,287250000,287250100,1542,2570,287500000,287500000
0,1150,287500000,287500100,1542,2570,287750000,287750000
0,1151,287750000,287750100,1542,2570,288000000,288000000
0,1152,288000000,288000100,1542,2570,288250000,288250000
0,1153,288250000,288250100,1542,2570,288500000,288500000
0,1154,288500000,288500100,1542,2570,288750000,288750000
0,1155,288750000,288750100,1542,2570,289000000,289000000
0,1156,289000000,289000100,1542,2570,289250000,289250000
0,1157,289250000,289250100,1542,2570,289500000,289500000
0,1158,289500000,289500100,1542,2570,289750000,289750000
0,1159,289750000,289750100,1542,2570,290000000,290000000
0,1160,290000000,290000100,1542,2570,290250000,290250000
0,1161,290250000,290250100,1542,2570,290500000,290500000
0,1162,290500000,290500100,1542,2570,290750000,290750000
0,1163,290750000,290750100,1542,2570,291000000,291000000
0,1164,291000000,291000100,1542,2570,291250000,291250000
0,1165,291250000,291250100,1542,2570,291500000,291500000
0,1166,291500000,291500100,1542,2570,291750000,291750000
0,1167,291750000,291750100,1542,2570,292000000,292000000
0,1168,292000000,292000100,1542,2570,292250000,292250000
0,1169,292250000,292250100,1542,2570,292500000,292500000
0,1170,292500000,292500100,1542,2570,292750000,292750000
0,1171,292750000,292750100,1542,2570,293000000,293000000
0,1172,293000000,293000100,1542,2570,293250000,293250000
0,1173,293250000,293250100,1542,2570,293500000,293500000
0,1174,293500000,293500100,1542,2570,293750000,293750000
0,1175,293750000,293750100,1542,2570,294000000,294000000
0,1176,294000000,294000100,1542,2570,294250000,294250000
0,1177,294250000,294250100,1542,2570,294500000,294500000
0,1178,294500000,294500100,1542,2570,294750000,294750000
0,1179,294750000,294750100,1542,2570,295000000,295000000
0,1180,295000000,295000100,1542,2570,295250000,295250000
0,1181,295250000,295250100,1542,2570,295500000,295500000
0,1182,295500000,295500100,1542,2570,295750000,295750000
0,1183,295750000,295750100,1542,2570,296000000,296000000
0,1184,296000000,296000100,1542,2570,296250000,296250000
0,1185,296250000,296250100,1542,2570,296500000,296500000
0,1186,296500000,296500100,1542,2570,296750000,296750000
0,1187,296750000,296750100,1542,2570,297000000,297000000
0,1188,297000000,297000100,1542,2570,297250000,297250000
0,1189,297250000,297250100,1542,2570,297500000,297500000
0,1190,297500000,297500100,1542,2570,297750000,297750000
0,1191,297750000,297750100,1542,2570,298000000,298000000
0,1192,298000000,298000100,1542,2570,298250000,298250000
0,1193,298250000,298250100,1542,2570,298500000,298500000
0,1194,298500000,298500100,1542,2570,298750000,298750000
0,1195,298750000,298750100,1542,2570,299000000,299000000
0,1196,299000000,299000100,1542,2570,299250000,299250000
0,1197,299250000,299250100,1542,2570,299500000,299500000
0,1198,299500000,299500100,1542,2570,299750000,299750000
0,1199,299750000,299750100,1542,2570,300000000,300000000
0,1200,300000000,300000100,1542,2570,300250000,300250000
0,1201,300250000,300250100,1542,2570,300500000,300500000
0,1202,300500000,300500100,1542,2570,300750000,300750000
0,1203,300750000,300750100,1542,2570,301000000,301000000
0,1204,301000000,301000100,1542,2570,301250000,301250000
0,1205,301250000,301250100,1542,2570,301500000,301500000
0,1206,301500000,301500100,1542,2570,301750000,301750000
0,1207,301750000,301750100,1542,2570,302000000,302000000
0,1208,302000000,302000100,1542,2570,302250000,302250000
0,1209,302250000,302250100,1542,2570,302500000,302500000
0,1210,302500000,302500100,1542,2570,302750000,302750000
0,1211,302750000,302750100,1542,2570,303000000,303000000
0,1212,303000000,303000100,1542,2570,303250000,303250000
0,1213,303250000,303250100,1542,2570,303500000,303500000
0,1214,303500000,303500100,1542,2570,303750000,303750000
0,1215,303750000,303750100,1542,2570,304000000,304000000
0,1216,304000000,304000100,1542,2570,304250000,304250000
0,1217,304250000,304250100,1542,2570,304500000,304500000
0,1218,304500000,304500100,1542,2570,304750000,304750000
0,1219,304750000,304750100,1542,2570,305000000,305000000
0,1220,305000000,305000100,1542,2570,305250000,305250000
0,1221,305250000,305250100,1542,2570,305500000,305500000
0,1222,305500000,305500100,1542,2570,305750000,305750000
0,1223,305750000,305750100,1542,2570,306000000,306000000
0,1224,306000000,306000100,1542,2570,306250000,306250000
0,1225,306250000,306250100,1542,2570,306500000,306500000
0,1226,306500000,306500100,1542,2570,306750000,306750000
0,1227,306750000,306750100,1542,2570,307000000,307000000
0,1228,307000000,307000100,1542,2570,307250000,307250000
0,1229,307250000,307250100,1542,2570,307500000,307500000
0,1230,307500000,307500100,1542,2570,307750000,307750000
0,1231,307750000,307750100,1542,2570,308000000,308000000
0,1232,308000000,308000100,1542,2570,308250000,308250000
0,1233,308250000,308250100,1542,2570,308500000,308500000
0,1234,308500000,308500100,1542,2570,308750000,308750000
0,1235,308750000,308750100,1542,2570,309000000,309000000
0,1236,309000000,309000100,1542,2570,309250000,309250000
0,1237,309250000,309250100,1542,2570,309500000,309500000
0,1238,309500000,309500100,1542,2570,309750000,309750000
0,1239,309750000,309750100,1542,2570,310000000,310000000
0,1240,310000000,310000100,1542,2570,310250000,310250000
0,1241,310250000,310250100,1542,2570,310500000,310500000
0,1242,310500000,310500100,1542,2570,310750000,310750000
0,1243,310750000,310750100,1542,2570,311000000,311000000
0,1244,311000000,311000100,1542,2570,311250000,311250000
0,1245,311250000,311250100,1542,2570,311500000,311500000
0,1246,311500000,311500100,1542,2570,311750000,311750000
0,1247,311750000,311750100,1542,2570,312000000,312000000
0,1248,312000000,312000100,1542,2570,312250000,312250000
0,1249,312250000,312250100,1542,2570,312500000,312500000
0,1250,312500000,312500100,1542,2570,312750000,312750000
0,1251,312750000,312750100,1542,2570,313000000,313000000
0,1252,313000000,313000100,1542,2570,313250000,313250000
0,1253,313250000,313250100,1542,2570,313500000,313500000
0,1254,313500000,313500100,1542,2570,313750000,313750000
0,1255,313750000,313750100,1542,2570,314000000,314000000
0,1256,314000000,314000100,1542,2570,314250000,314250000
0,1257,314250000,314250100,1542,2570,314500000,314500000
0,1258,314500000,314500100,1542,2570,314750000,314750000
0,1259,314750000,314750100,1542,2570,315000000,315000000
0,1260,315000000,315000100,1542,2570,315250000,315250000
0,1261,315250000,315250100,1542,2570,315500000,315500000
0,1262,315500000,315500100,1542,2570,315750000,315750000
0,1263,315750000,315750100,1542,2570,316000000,316000000
0,1264,316000000,316000100,1542,2570,316250000,316250000
0,1265,316250000,316250100,1542,2570,316500000,316500000
0,1266,316500000,316500100,1542,2570,316750000,316750000
0,1267,316750000,316750100,1542,2570,317000000,317000000
0,1268,317000000,317000100,1542,2570,317250000,317250000
0,1269,317250000,317250100,1542,2570,317500000,317500000
0,1270,317500000,317500100,1542,2570,317750000,317750000
0,1271,317750000,317750100,1542,2570,318000000,318000000
0,1272,318000000,318000100,1542,2570,318250000,318250000
0,1273,318250000,318250100,1542,2570,318500000,318500000
0,1274,318500000,318500100,1542,2570,318750000,318750000
0,1275,318750000,318750100,1542,2570,319000000,319000000
0,1276,319000000,319000100,1542,2570,319250000,319250000
0,1277,319250000,319250100,1542,2570,319500000,319500000
0,1278,319500000,319500100,1542,2570,319750000,319750000
0,1279,319750000,319750100,1542,2570,320000000,320000000
0,1280,320000000,320000100,1542,2570,320250000,320250000
0,1281,320250000,320250100,1542,2570,320500000,320500000
0,1282,320500000,320500100,1542,2570,320750000,320750000
0,1283,320750000,320750100,1542,2570,321000000,321000000
0,1284,321000000,321000100,1542,2570,321250000,321250000
0,1285,321250000,321250100,1542,2570,321500000,321500000
0,1286,321500000,321500100,1542,2570,321750000,321750000
0,1287,321750000,321750100,1542,2570,322000000,322000000
0,1288,322000000,322000100,1542,2570,322250000,322250000
0,1289,322250000,322250100,1542,2570,322500000,322500000
0,1290,322500000,322500100,1542,2570,322750000,322750000
0,1291,322750000,322750100,1542,2570,323000000,323000000
0,1292,323000000,323000100,1542,2570,323250000,323250000
0,1293,323250000,323250100,1542,2570,323500000,323500000
0,1294,323500000,323500100,1542,2570,323750000,323750000
0,1295,323750000,323750100,1542,2570,324000000,324000000
0,1296,324000000,324000100,1542,2570,324250000,324250000
0,1297,324250000,324250100,1542,2570,324500000,324500000
0,1298,324500000,324500100,1542,2570,324750000,324750000
0,1299,324750000,324750100,1542,2570,325000000,325000000
0,1300,325000000,325000100,1542,2570,325250000,325250000
0,1301,325250000,325250100,1542,2570,325500000,325500000
0,1302,325500000,325500100,1542,2570,325750000,325750000
0,1303,325750000,325750100,1542,2570,326000000,326000000
0,1304,326000000,326000100,1542,2570,326250000,326250000
0,1305,326250000,326250100,1542,2570,326500000,326500000
0,1306,326500000,326500100,1542,2570,326750000,326750000
0,1307,326750000,326750100,1542,2570,327000000,327000000
0,1308,327000000,327000100,1542,2570,327250000,327250000
0,1309,327250000,327250100,1542,2570,327500000,327500000
0,1310,327500000,327500100,1542,2570,327750000,327750000
0,1311,327750000,327750100,1542,2570,328000000,328000000
0,1312,328000000,328000100,1542,2570,328250000,328250000
0,1313,328250000,328250100,1542,2570,328500000,328500000
0,1314,328500000,328500100,1542,2570,328750000,328750000
0,1315,328750000,328750100,1542,2570,329000000,329000000
0,1316,329000000,329000100,1542,2570,329250000,329250000
0,1317,329250000,329250100,1542,2570,329500000,329500000
0,1318,329500000,329500100,1542,2570,329750000,329750000
0,1319,329750000,329750100,1542,2570,330000000,330000000
0,1320,330000000,330000100,1542,2570,330250000,330250000
0,1321,330250000,330250100,1542,2570,330500000,330500000
0,1322,330500000,330500100,1542,2570,330750000,330750000
0,1323,330750000,330750100,1542,2570,331000000,331000000
0,1324,331000000,331000100,1542,2570,331250000,331250000
0,1325,331250000,331250100,1542,2570,331500000,331500000
0,1326,331500000,331500100,1542,2570,331750000,331750000
0,1327,331750000,331750100,1542,2570,332000000,332000000
0,1328,332000000,332000100,1542,2570,332250000,332250000
0,1329,332250000,332250100,1542,2570,332500000,332500000
0,1330,332500000,332500100,1542,2570,332750000,332750000
0,1331,332750000,332750100,1542,2570,333000000,333000000
0,1332,333000000,333000100,1542,2570,333250000,333250000
0,1333,333250000,333250100,1542,2570,333500000,333500000
0,1334,333500000,333500100,1542,2570,333750000,333750000
0,1335,333750000,333750100,1542,2570,334000000,334000000
0,1336,334000000,334000100,1542,2570,334250000,334250000
0,1337,334250000,334250100,1542,2570,334500000,334500000
0,1338,334500000,334500100,1542,2570,334750000,334750000
0,1339,334750000,334750100,1542,2570,335000000,335000000
0,1340,335000000,335000100,1542,2570,335250000,335250000
0,1341,335250000,335250100,1542,2570,335500000,335500000
0,1342,335500000,335500100,1542,2570,335750000,335750000
0,1343,335750000,335750100,1542,2570,336000000,336000000
0,1344,336000000,336000100,1542,2570,336250000,336250000
0,1345,336250000,336250100,1542,2570,336500000,336500000
0,1346,336500000,336500100,1542,2570,336750000,336750000
0,1347,336750000,336750100,1542,2570,337000000,337000000
0,1348,337000000,337000100,1542,2570,337250000,337250000
0,1349,337250000,337250100,1542,2570,337500000,337500000
0,1350,337500000,337500100,1542,2570,337750000,337750000
0,1351,337750000,337750100,1542,2570,338000000,338000000
0,1352,338000000,338000100,1542,2570,338250000,338250000
0,1353,338250000,338250100,1542,2570,338500000,338500000
0,1354,338500000,338500100,1542,2570,338750000,338750000
0,1355,338750000,338750100,1542,2570,339000000,339000000
0,1356,339000000,339000100,1542,2570,339250000,339250000
0,1357,339250000,339250100,1542,2570,339500000,339500000
0,1358,339500000,339500100,1542,2570,339750000,339750000
0,1359,339750000,339750100,1542,2570,340000000,340000000
0,1360,340000000,340000100,1542,2570,340250000,340250000
0,1361,340250000,340250100,1542,2570,340500000,340500000
0,1362,340500000,340500100,1542,2570,340750000,340750000
0,1363,340750000,340750100,1542,2570,341000000,341000000
0,1364,341000000,341000100,1542,2570,341250000,341250000
0,1365,341250000,341250100,1542,2570,341500000,341500000
0,1366,341500000,341500100,1542,2570,341750000,341750000
0,1367,341750000,341750100,1542,2570,342000000,342000000
0,1368,342000000,342000100,1542,2570,342250000,342250000
0,1369,342250000,342250100,1542,2570,342500000,342500000
0,1370,342500000,342500100,1542,2570,342750000,342750000
0,1371,342750000,342750100,1542,2570,343000000,343000000
0,1372,343000000,343000100,1542,2570,343250000,343250000
0,1373,343250000,343250100,1542,2570,343500000,343500000
0,1374,343500000,343500100,1542,2570,343750000,343750000
0,1375,343750000,343750100,1542,2570,344000000,344000000
0,1376,344000000,344000100,1542,2570,344250000,344250000
0,1377,344250000,344250100,1542,2570,344500000,344500000
0,1378,344500000,344500100,1542,2570,344750000,344750000
0,1379,344750000,344750100,1542,2570,345000000,345000000
0,1380,345000000,345000100,1542,2570,345250000,345250000
0,1381,345250000,345250100,1542,2570,345500000,345500000
0,1382,345500000,345500100,1542,2570,345750000,345750000
0,1383,345750000,345750100,1542,2570,346000000,346000000
0,1384,346000000,346000100,1542,2570,346250000,346250000
0,1385,346250000,346250100,1542,2570,346500000,346500000
0,1386,346500000,346500100,1542,2570,346750000,346750000
0,1387,346750000,346750100,1542,2570,347000000,347000000
0,1388,347000000,347000100,1542,2570,347250000,347250000
0,1389,347250000,347250100,1542,2570,347500000,347500000
0,1390,347500000,347500100,1542,2570,347750000,347750000
0,1391,347750000,347750100,1542,2570,348000000,348000000
0,1392,348000000,348000100,1542,2570,348250000,348250000
0,1393,348250000,348250100,1542,2570,348500000,348500000
0,1394,348500000,348500100,1542,2570,348750000,348750000
0,1395,348750000,348750100,1542,2570,349000000,349000000
0,1396,349000000,349000100,1542,2570,349250000,349250000
0,1397,349250000,349250100,1542,2570,349500000,349500000
0,1398,349500000,349500100,1542,2570,349750000,349750000
0,1399,349750000,349750100,1542,2570,350000000,350000000
0,1400,350000000,350000100,1542,2570,350250000,350250000
0,1401,350250000,350250100,1542,2570,350500000,350500000
0,1402,350500000,350500100,1542,2570,350750000,350750000
0,1403,350750000,350750100,1542,2570,351000000,351000000
0,1404,351000000,351000100,1542,2570,351250000,351250000
0,1405,351250000,351250100,1542,2570,351500000,351500000
0,1406,351500000,351500100,1542,2570,351750000,351750000
0,1407,351750000,351750100,1542,2570,352000000,352000000
0,1408,352000000,352000100,1542,2570,352250000,352250000
0,1409,352250000,352250100,1542,2570,352500000,352500000
0,1410,352500000,352500100,1542,2570,352750000,352750000
0,1411,352750000,352750100,1542,2570,353000000,353000000
0,1412,353000000,353000100,1542,2570,353250000,353250000
0,1413,353250000,353250100,1542,2570,353500000,353500000
0,1414,353500000,353500100,1542,2570,353750000,353750000
0,1415,353750000,353750100,1542,2570,354000000,354000000
0,1416,354000000,354000100,1542,2570,354250000,354250000
0,1417,354250000,354250100,1542,2570,354500000,354500000
0,1418,354500000,354500100,1542,2570,354750000,354750000
0,1419,354750000,354750100,1542,2570,355000000,355000000
0,1420,355000000,355000100,1542,2570,355250000,355250000
0,1421,355250000,355250100,1542,2570,355500000,355500000
0,1422,355500000,355500100,1542,2570,355750000,355750000
0,1423,355750000,355750100,1542,2570,356000000,356000000
0,1424,356000000,356000100,1542,2570,356250000,356250000
0,1425,356250000,356250100,1542,2570,356500000,356500000
0,1426,356500000,356500100,1542,2570,356750000,356750000
0,1427,356750000,356750100,1542,2570,357000000,357000000
0,1428,357000000,357000100,1542,2570,357250000,357250000
0,1429,357250000,357250100,1542,2570,357500000,357500000
0,1430,357500000,357500100,1542,2570,357750000,357750000
0,1431,357750000,357750100,1542,2570,358000000,358000000
0,1432,358000000,358000100,1542,2570,358250000,358250000
0,1433,358250000,358250100,1542,2570,358500000,358500000
0,1434,358500000,358500100,1542,2570,358750000,358750000
0,1435,358750000,358750100,1542,2570,359000000,359000000
0,1436,359000000,359000100,1542,2570,359250000,359250000
0,1437,359250000,359250100,1542,2570,359500000,359500000
0,1438,359500000,359500100,1542,2570,359750000,359750000
0,1439,359750000,359750100,1542,2570,360000000,360000000
0,1440,360000000,360000100,1542,2570,360250000,360250000
0,1441,360250000,360250100,1542,2570,360500000,360500000
0,1442,360500000,360500100,1542,2570,360750000,360750000
0,1443,360750000,360750100,1542,2570,361000000,361000000
0,1444,361000000,361000100,1542,2570,361250000,361250000
0,1445,361250000,361250100,1542,2570,361500000,361500000
0,1446,361500000,361500100,1542,2570,361750000,361750000
0,1447,361750000,361750100,1542,2570,362000000,362000000
0,1448,362000000,362000100,1542,2570,362250000,362250000
0,1449,362250000,362250100,1542,2570,362500000,362500000
0,1450,362500000,362500100,1542,2570,362750000,362750000
0,1451,362750000,362750100,1542,2570,363000000,363000000
0,1452,363000000,363000100,1542,2570,363250000,363250000
0,1453,363250000,363250100,1542,2570,363500000,363500000
0,1454,363500000,363500100,1542,2570,363750000,363750000
0,1455,363750000,363750100,1542,2570,364000000,364000000
0,1456,364000000,364000100,1542,2570,364250000,364250000
0,1457,364250000,364250100,1542,2570,364500000,364500000
0,1458,364500000,364500100,1542,2570,364750000,364750000
0,1459,364750000,364750100,1542,2570,365000000,365000000
0,1460,365000000,365000100,1542,2570,365250000,365250000
0,1461,365250000,365250100,1542,2570,365500000,365500000
0,1462,365500000,365500100,1542,2570,365750000,365750000
0,1463,365750000,365750100,1542,2570,366000000,366000000
0,1464,366000000,366000100,1542,2570,366250000,366250000
0,1465,366250000,366250100,1542,2570,366500000,366500000
0,1466,366500000,366500100,1542,2570,366750000,366750000
0,1467,366750000,366750100,1542,2570,367000000,367000000
0,1468,367000000,367000100,1542,2570,367250000,367250000
0,1469,367250000,367250100,1542,2570,367500000,367500000
0,1470,367500000,367500100,1542,2570,367750000,367750000
0,1471,367750000,367750100,1542,2570,368000000,368000000
0,1472,368000000,368000100,1542,2570,368250000,368250000
0,1473,368250000,368250100,1542,2570,368500000,368500000
0,1474,368500000,368500100,1542,2570,368750000,368750000
0,1475,368750000,368750100,1542,2570,369000000,369000000
0,1476,369000000,369000100,1542,2570,369250000,369250000
0,1477,369250000,369250100,1542,2570,369500000,369500000
0,1478,369500000,369500100,1542,2570,369750000,369750000
0,1479,369750000,369750100,1542,2570,370000000,370000000
0,1480,370000000,370000100,1542,2570,370250000,370250000
0,1481,370250000,370250100,1542,2570,370500000,370500000
0,1482,370500000,370500100,1542,2570,370750000,370750000
0,1483,370750000,370750100,1542,2570,371000000,371000000
0,1484,371000000,371000100,1542,2570,371250000,371250000
0,1485,371250000,371250100,1542,2570,371500000,371500000
0,1486,371500000,371500100,1542,2570,371750000,371750000
0,1487,371750000,371750100,1542,2570,372000000,372000000
0,1488,372000000,372000100,1542,2570,372250000,372250000
0,1489,372250000,372250100,1542,2570,372500000,372500000
0,1490,372500000,372500100,1542,2570,372750000,372750000
0,1491,372750000,372750100,1542,2570,373000000,373000000
0,1492,373000000,373000100,1542,2570,373250000,373250000
0,1493,373250000,373250100,1542,2570,373500000,373500000
0,1494,373500000,373500100,1542,2570,373750000,373750000
0,1495,373750000,373750100,1542,2570,374000000,374000000
0,1496,374000000,374000100,1542,2570,374250000,374250000
0,1497,374250000,374250100,1542,2570,374500000,374500000
0,1498,374500000,374500100,1542,2570,374750000,374750000
0,1499,374750000,374750100,1542,2570,375000000,375000000
0,1500,375000000,375000100,1542,2570,375250000,375250000
0,1501,375250000,375250100,1542,2570,375500000,375500000
0,1502,375500000,375500100,1542,2570,375750000,375750000
0,1503,375750000,375750100,1542,2570,376000000,376000000
0,1504,376000000,376000100,1542,2570,376250000,376250000
0,1505,376250000,376250100,1542,2570,376500000,376500000
0,1506,376500000,376500100,1542,2570,376750000,376750000
0,1507,376750000,376750100,1542,2570,377000000,377000000
0,1508,377000000,377000100,1542,2570,377250000,377250000
0,1509,377250000,377250100,1542,2570,377500000,377500000
0,1510,377500000,377500100,1542,2570,377750000,377750000
0,1511,377750000,377750100,1542,2570,378000000,378000000
0,1512,378000000,378000100,1542,2570,378250000,378250000
0,1513,378250000,378250100,1542,2570,378500000,378500000
0,1514,378500000,378500100,1542,2570,378750000,378750000
0,1515,378750000,378750100,1542,2570,379000000,379000000
0,1516,379000000,379000100,1542,2570,379250000,379250000
0,1517,379250000,379250100,1542,2570,379500000,379500000
0,1518,379500000,379500100,1542,2570,379750000,379750000
0,1519,379750000,379750100,1542,2570,380000000,380000000
0,1520,380000000,380000100,1542,2570,380250000,380250000
0,1521,380250000,380250100,1542,2570,380500000,380500000
0,1522,380500000,380500100,1542,2570,380750000,380750000
0,1523,380750000,380750100,1542,2570,381000000,381000000
0,1524,381000000,381000100,1542,2570,381250000,381250000
0,1525,381250000,381250100,1542,2570,381500000,381500000
0,1526,381500000,381500100,1542,2570,381750000,381750000
0,1527,381750000,381750100,1542,2570,382000000,382000000
0,1528,382000000,382000100,1542,2570,382250000,382250000
0,1529,382250000,382250100,1542,2570,382500000,382500000
0,1530,382500000,382500100,1542,2570,382750000,382750000
0,1531,382750000,382750100,1542,2570,383000000,383000000
0,1532,383000000,383000100,1542,2570,383250000,383250000
0,1533,383250000,383250100,1542,2570,383500000,383500000
0,1534,383500000,383500100,1542,2570,383750000,383750000
0,1535,383750000,383750100,1542,2570,384000000,384000000
0,1536,384000000,384000100,1542,2570,384250000,384250000
0,1537,384250000,384250100,1542,2570,384500000,384500000
0,1538,384500000,384500100,1542,2570,384750000,384750000
0,1539,384750000,384750100,1542,2570,385000000,385000000
0,1540,385000000,385000100,1542,2570,385250000,385250000
0,1541,385250000,385250100,1542,2570,385500000,385500000
0,1542,385500000,385500100,1542,2570,385750000,385750000
0,1543,385750000,385750100,1542,2570,386000000,386000000
0,1544,386000000,386000100,1542,2570,386250000,386250000
0,1545,386250000,386250100,1542,2570,386500000,386500000
0,1546,386500000,386500100,1542,2570,386750000,386750000
0,1547,386750000,386750100,1542,2570,387000000,387000000
0,1548,387000000,387000100,1542,2570,387250000,387250000
0,1549,387250000,387250100,1542,2570,387500000,387500000
0,1550,387500000,387500100,1542,2570,387750000,387750000
0,1551,387750000,387750100,1542,2570,388000000,388000000
0,1552,388000000,388000100,1542,2570,388250000,388250000
0,1553,388250000,388250100,1542,2570,388500000,388500000
0,1554,388500000,388500100,1542,2570,388750000,388750000
0,1555,388750000,388750100,1542,2570,389000000,389000000
0,1556,389000000,389000100,1542,2570,389250000,389250000
0,1557,389250000,389250100,1542,2570,389500000,389500000
0,1558,389500000,389500100,1542,2570,389750000,389750000
0,1559,389750000,389750100,1542,2570,390000000,390000000
0,1560,390000000,390000100,1542,2570,390250000,390250000
0,1561,390250000,390250100,1542,2570,390500000,390500000
0,1562,390500000,390500100,1542,2570,390750000,390750000
0,1563,390750000,390750100,1542,2570,391000000,391000000
0,1564,391000000,391000100,1542,2570,391250000,391250000
0,1565,391250000,391250100,1542,2570,391500000,391500000
0,1566,391500000,391500100,1542,2570,391750000,391750000
0,1567,391750000,391750100,1542,2570,392000000,392000000
0,1568,392000000,392000100,1542,2570,392250000,392250000
0,1569,392250000,392250100,1542,2570,392500000,392500000
0,1570,392500000,392500100,1542,2570,392750000,392750000
0,1571,392750000,392750100,1542,2570,393000000,393000000
0,1572,393000000,393000100,1542,2570,393250000,393250000
0,1573,393250000,393250100,1542,2570,393500000,393500000
0,1574,393500000,393500100,1542,2570,393750000,393750000
0,1575,393750000,393750100,1542,2570,394000000,394000000
0,1576,394000000,394000100,1542,2570,394250000,394250000
0,1577,394250000,394250100,1542,2570,394500000,394500000
0,1578,394500000,394500100,1542,2570,394750000,394750000
0,1579,394750000,394750100,1542,2570,395000000,395000000
0,1580,395000000,395000100,1542,2570,395250000,395250000
0,1581,395250000,395250100,1542,2570,395500000,395500000
0,1582,395500000,395500100,1542,2570,395750000,395750000
0,1583,395750000,395750100,1542,2570,396000000,396000000
0,1584,396000000,396000100,1542,2570,396250000,396250000
0,1585,396250000,396250100,1542,2570,396500000,396500000
0,1586,396500000,396500100,1542,2570,396750000,396750000
0,1587,396750000,396750100,1542,2570,397000000,397000000
0,1588,397000000,397000100,1542,2570,397250000,397250000
0,1589,397250000,397250100,1542,2570,397500000,397500000
0,1590,397500000,397500100,1542,2570,397750000,397750000
0,1591,397750000,397750100,1542,2570,398000000,398000000
0,1592,398000000,398000100,1542,2570,398250000,398250000
0,1593,398250000,398250100,1542,2570,398500000,398500000
0,1594,398500000,398500100,1542,2570,398750000,398750000
0,1595,398750000,398750100,1542,2570,399000000,399000000
0,1596,399000000,399000100,1542,2570,399250000,399250000
0,1597,399250000,399250100,1542,2570,399500000,399500000
0,1598,399500000,399500100,1542,2570,399750000,399750000
0,1599,399750000,399750100,1542,2570,400000000,400000000
0,1600,400000000,400000100,1542,2570,400250000,400250000
0,1601,400250000,400250100,1542,2570,400500000,400500000
0,1602,400500000,400500100,1542,2570,400750000,400750000
0,1603,400750000,400750100,1542,2570,401000000,401000000
0,1604,401000000,401000100,1542,2570,401250000,401250000
0,1605,401250000,401250100,1542,2570,401500000,401500000
0,1606,401500000,401500100,1542,2570,401750000,401750000
0,1607,401750000,401750100,1542,2570,402000000,402000000
0,1608,402000000,402000100,1542,2570,402250000,402250000
0,1609,402250000,402250100,1542,2570,402500000,402500000
0,1610,402500000,402500100,1542,2570,402750000,402750000
0,1611,402750000,402750100,1542,2570,403000000,403000000
0,1612,403000000,403000100,1542,2570,403250000,403250000
0,1613,403250000,403250100,1542,2570,403500000,403500000
0,1614,403500000,403500100,1542,2570,403750000,403750000
0,1615,403750000,403750100,1542,2570,404000000,404000000
0,1616,404000000,404000100,1542,2570,404250000,404250000
0,1617,404250000,404250100,1542,2570,404500000,404500000
0,1618,404500000,404500100,1542,2570,404750000,404750000
0,1619,404750000,404750100,1542,2570,405000000,405000000
0,1620,405000000,405000100,1542,2570,405250000,405250000
0,1621,405250000,405250100,1542,2570,405500000,405500000
0,1622,405500000,405500100,1542,2570,405750000,405750000
0,1623,405750000,405750100,1542,2570,406000000,406000000
0,1624,406000000,406000100,1542,2570,406250000,406250000
0,1625,406250000,406250100,1542,2570,406500000,406500000
0,1626,406500000,406500100,1542,2570,406750000,406750000
0,1627,406750000,406750100,1542,2570,407000000,407000000
0,1628,407000000,407000100,1542,2570,407250000,407250000
0,1629,407250000,407250100,1542,2570,407500000,407500000
0,1630,407500000,407500100,1542,2570,407750000,407750000
0,1631,407750000,407750100,1542,2570,408000000,408000000
0,1632,408000000,408000100,1542,2570,408250000,408250000
0,1633,408250000,408250100,1542,2570,408500000,408500000
0,1634,408500000,408500100,1542,2570,408750000,408750000
0,1635,408750000,408750100,1542,2570,409000000,409000000
0,1636,409000000,409000100,1542,2570,409250000,409250000
0,1637,409250000,409250100,1542,2570,409500000,409500000
0,1638,409500000,409500100,1542,2570,409750000,409750000
0,1639,409750000,409750100,1542,2570,410000000,410000000
0,1640,410000000,410000100,1542,2570,410250000,410250000
0,1641,410250000,410250100,1542,2570,410500000,410500000
0,1642,410500000,410500100,1542,2570,410750000,410750000
0,1643,410750000,410750100,1542,2570,411000000,411000000
0,1644,411000000,411000100,1542,2570,411250000,411250000
0,1645,411250000,411250100,1542,2570,411500000,411500000
0,1646,411500000,411500100,1542,2570,411750000,411750000
0,1647,411750000,411750100,1542,2570,412000000,412000000
0,1648,412000000,412000100,1542,2570,412250000,412250000
0,1649,412250000,412250100,1542,2570,412500000,412500000
0,1650,412500000,412500100,1542,2570,412750000,412750000
0,1651,412750000,412750100,1542,2570,413000000,413000000
0,1652,413000000,413000100,1542,2570,413250000,413250000
0,1653,413250000,413250100,1542,2570,413500000,413500000
0,1654,413500000,413500100,1542,2570,413750000,413750000
0,1655,413750000,413750100,1542,2570,414000000,414000000
0,1656,414000000,414000100,1542,2570,414250000,414250000
0,1657,414250000,414250100,1542,2570,414500000,414500000
0,1658,414500000,414500100,1542,2570,414750000,414750000
0,1659,414750000,414750100,1542,2570,415000000,415000000
0,1660,415000000,415000100,1542,2570,415250000,415250000
0,1661,415250000,415250100,1542,2570,415500000,415500000
0,1662,415500000,415500100,1542,2570,415750000,415750000
0,1663,415750000,415750100,1542,2570,416000000,416000000
0,1664,416000000,416000100,1542,2570,416250000,416250000
0,1665,416250000,416250100,1542,2570,416500000,416500000
0,1666,416500000,416500100,1542,2570,416750000,416750000
0,1667,416750000,416750100,1542,2570,417000000,417000000
0,1668,417000000,417000100,1542,2570,417250000,417250000
0,1669,417250000,417250100,1542,2570,417500000,417500000
0,1670,417500000,417500100,1542,2570,417750000,417750000
0,1671,417750000,417750100,1542,2570,418000000,418000000
0,1672,418000000,418000100,1542,2570,418250000,418250000
0,1673,418250000,418250100,1542,2570,418500000,418500000
0,1674,418500000,418500100,1542,2570,418750000,418750000
0,1675,418750000,418750100,1542,2570,419000000,419000000
0,1676,419000000,419000100,1542,2570,419250000,419250000
0,1677,419250000,419250100,1542,2570,419500000,419500000
0,1678,419500000,419500100,1542,2570,419750000,419750000
0,1679,419750000,419750100,1542,2570,420000000,420000000
0,1680,420000000,420000100,1542,2570,420250000,420250000
0,1681,420250000,420250100,1542,2570,420500000,420500000
0,1682,420500000,420500100,1542,2570,420750000,420750000
0,1683,420750000,420750100,1542,2570,421000000,421000000
0,1684,421000000,421000100,1542,2570,421250000,421250000
0,1685,421250000,421250100,1542,2570,421500000,421500000
0,1686,421500000,421500100,1542,2570,421750000,421750000
0,1687,421750000,421750100,1542,2570,422000000,422000000
0,1688,422000000,422000100,1542,2570,422250000,422250000
0,1689,422250000,422250100,1542,2570,422500000,422500000
0,1690,422500000,422500100,1542,2570,422750000,422750000
0,1691,422750000,422750100,1542,2570,423000000,423000000
0,1692,423000000,423000100,1542,2570,423250000,423250000
0,1693,423250000,423250100,1542,2570,423500000,423500000
0,1694,423500000,423500100,1542,2570,423750000,423750000
0,1695,423750000,423750100,1542,2570,424000000,424000000
0,1696,424000000,424000100,1542,2570,424250000,424250000
0,1697,424250000,424250100,1542,2570,424500000,424500000
0,1698,424500000,424500100,1542,2570,424750000,424750000
0,1699,424750000,424750100,1542,2570,425000000,425000000
0,1700,425000000,425000100,1542,2570,425250000,425250000
0,1701,425250000,425250100,1542,2570,425500000,425500000
0,1702,425500000,425500100,1542,2570,425750000,425750000
0,1703,425750000,425750100,1542,2570,426000000,426000000
0,1704,426000000,426000100,1542,2570,426250000,426250000
0,1705,426250000,426250100,1542,2570,426500000,426500000
0,1706,426500000,426500100,1542,2570,426750000,426750000
0,1707,426750000,426750100,1542,2570,427000000,427000000
0,1708,427000000,427000100,1542,2570,427250000,427250000
0,1709,427250000,427250100,1542,2570,427500000,427500000
0,1710,427500000,427500100,1542,2570,427750000,427750000
0,1711,427750000,427750100,1542,2570,428000000,428000000
0,1712,428000000,428000100,1542,2570,428250000,428250000
0,1713,428250000,428250100,1542,2570,428500000,428500000
0,1714,428500000,428500100,1542,2570,428750000,428750000
0,1715,428750000,428750100,1542,2570,429000000,429000000
0,1716,429000000,429000100,1542,2570,429250000,429250000
0,1717,429250000,429250100,1542,2570,429500000,429500000
0,1718,429500000,429500100,1542,2570,429750000,429750000
0,1719,429750000,429750100,1542,2570,430000000,430000000
0,1720,430000000,430000100,1542,2570,430250000,430250000
0,1721,430250000,430250100,1542,2570,430500000,430500000
0,1722,430500000,430500100,1542,2570,430750000,430750000
0,1723,430750000,430750100,1542,2570,431000000,431000000
0,1724,431000000,431000100,1542,2570,431250000,431250000
0,1725,431250000,431250100,1542,2570,431500000,431500000
0,1726,431500000,431500100,1542,2570,431750000,431750000
0,1727,431750000,431750100,1542,2570,432000000,432000000
0,1728,432000000,432000100,1542,2570,432250000,432250000
0,1729,432250000,432250100,1542,2570,432500000,432500000
0,1730,432500000,432500100,1542,2570,432750000,432750000
0,1731,432750000,432750100,1542,2570,433000000,433000000
0,1732,433000000,433000100,1542,2570,433250000,433250000
0,1733,433250000,433250100,1542,2570,433500000,433500000
0,1734,433500000,433500100,1542,2570,433750000,433750000
0,1735,433750000,433750100,1542,2570,434000000,434000000
0,1736,434000000,434000100,1542,2570,434250000,434250000
0,1737,434250000,434250100,1542,2570,434500000,434500000
0,1738,434500000,434500100,1542,2570,434750000,434750000
0,1739,434750000,434750100,1542,2570,435000000,435000000
0,1740,435000000,435000100,1542,2570,435250000,435250000
0,1741,435250000,435250100,1542,2570,435500000,435500000
0,1742,435500000,435500100,1542,2570,435750000,435750000
0,1743,435750000,435750100,1542,2570,436000000,436000000
0,1744,436000000,436000100,1542,2570,436250000,436250000
0,1745,436250000,436250100,1542,2570,436500000,436500000
0,1746,436500000,436500100,1542,2570,436750000,436750000
0,1747,436750000,436750100,1542,2570,437000000,437000000
0,1748,437000000,437000100,1542,2570,437250000,437250000
0,1749,437250000,437250100,1542,2570,437500000,437500000
0,1750,437500000,437500100,1542,2570,437750000,437750000
0,1751,437750000,437750100,1542,2570,438000000,438000000
0,1752,438000000,438000100,1542,2570,438250000,438250000
0,1753,438250000,438250100,1542,2570,438500000,438500000
0,1754,438500000,438500100,1542,2570,438750000,438750000
0,1755,438750000,438750100,1542,2570,439000000,439000000
0,1756,439000000,439000100,1542,2570,439250000,439250000
0,1757,439250000,439250100,1542,2570,439500000,439500000
0,1758,439500000,439500100,1542,2570,439750000,439750000
0,1759,439750000,439750100,1542,2570,440000000,440000000
0,1760,440000000,440000100,1542,2570,440250000,440250000
0,1761,440250000,440250100,1542,2570,440500000,440500000
0,1762,440500000,440500100,1542,2570,440750000,440750000
0,1763,440750000,440750100,1542,2570,441000000,441000000
0,1764,441000000,441000100,1542,2570,441250000,441250000
0,1765,441250000,441250100,1542,2570,441500000,441500000
0,1766,441500000,441500100,1542,2570,441750000,441750000
0,1767,441750000,441750100,1542,2570,442000000,442000000
0,1768,442000000,442000100,1542,2570,442250000,442250000
0,1769,442250000,442250100,1542,2570,442500000,442500000
0,1770,442500000,442500100,1542,2570,442750000,442750000
0,1771,442750000,442750100,1542,2570,443000000,443000000
0,1772,443000000,443000100,1542,2570,443250000,443250000
0,1773,443250000,443250100,1542,2570,443500000,443500000
0,1774,443500000,443500100,1542,2570,443750000,443750000
0,1775,443750000,443750100,1542,2570,444000000,444000000
0,1776,444000000,444000100,1542,2570,444250000,444250000
0,1777,444250000,444250100,1542,2570,444500000,444500000
0,1778,444500000,444500100,1542,2570,444750000,444750000
0,1779,444750000,444750100,1542,2570,445000000,445000000
0,1780,445000000,445000100,1542,2570,445250000,445250000
0,1781,445250000,445250100,1542,2570,445500000,445500000
0,1782,445500000,445500100,1542,2570,445750000,445750000
0,1783,445750000,445750100,1542,2570,446000000,446000000
0,1784,446000000,446000100,1542,2570,446250000,446250000
0,1785,446250000,446250100,1542,2570,446500000,446500000
0,1786,446500000,446500100,1542,2570,446750000,446750000
0,1787,446750000,446750100,1542,2570,447000000,447000000
0,1788,447000000,447000100,1542,2570,447250000,447250000
0,1789,447250000,447250100,1542,2570,447500000,447500000
0,1790,447500000,447500100,1542,2570,447750000,447750000
0,1791,447750000,447750100,1542,2570,448000000,448000000
0,1792,448000000,448000100,1542,2570,448250000,448250000
0,1793,448250000,448250100,1542,2570,448500000,448500000
0,1794,448500000,448500100,1542,2570,448750000,448750000
0,1795,448750000,448750100,1542,2570,449000000,449000000
0,1796,449000000,449000100,1542,2570,449250000,449250000
0,1797,449250000,449250100,1542,2570,449500000,449500000
0,1798,449500000,449500100,1542,2570,449750000,449750000
0,1799,449750000,449750100,1542,2570,450000000,450000000
0,1800,450000000,450000100,1542,2570,450250000,450250000
0,1801,450250000,450250100,1542,2570,450500000,450500000
0,1802,450500000,450500100,1542,2570,450750000,450750000
0,1803,450750000,450750100,1542,2570,451000000,451000000
0,1804,451000000,451000100,1542,2570,451250000,451250000
0,1805,451250000,451250100,1542,2570,451500000,451500000
0,1806,451500000,451500100,1542,2570,451750000,451750000
0,1807,451750000,451750100,1542,2570,452000000,452000000
0,1808,452000000,452000100,1542,2570,452250000,452250000
0,1809,452250000,452250100,1542,2570,452500000,452500000
0,1810,452500000,452500100,1542,2570,452750000,452750000
0,1811,452750000,452750100,1542,2570,453000000,453000000
0,1812,453000000,453000100,1542,2570,453250000,453250000
0,1813,453250000,453250100,1542,2570,453500000,453500000
0,1814,453500000,453500100,1542,2570,453750000,453750000
0,1815,453750000,453750100,1542,2570,454000000,454000000
0,1816,454000000,454000100,1542,2570,454250000,454250000
0,1817,454250000,454250100,1542,2570,454500000,454500000
0,1818,454500000,454500100,1542,2570,454750000,454750000
0,1819,454750000,454750100,1542,2570,455000000,455000000
0,1820,455000000,455000100,1542,2570,455250000,455250000
0,1821,455250000,455250100,1542,2570,455500000,455500000
0,1822,455500000,455500100,1542,2570,455750000,455750000
0,1823,455750000,455750100,1542,2570,456000000,456000000
0,1824,456000000,456000100,1542,2570,456250000,456250000
0,1825,456250000,456250100,1542,2570,456500000,456500000
0,1826,456500000,456500100,1542,2570,456750000,456750000
0,1827,456750000,456750100,1542,2570,457000000,457000000
0,1828,457000000,457000100,1542,2570,457250000,457250000
0,1829,457250000,457250100,1542,2570,457500000,457500000
0,1830,457500000,457500100,1542,2570,457750000,457750000
0,1831,457750000,457750100,1542,2570,458000000,458000000
0,1832,458000000,458000100,1542,2570,458250000,458250000
0,1833,458250000,458250100,1542,2570,458500000,458500000
0,1834,458500000,458500100,1542,2570,458750000,458750000
0,1835,458750000,458750100,1542,2570,459000000,459000000
0,1836,459000000,459000100,1542,2570,459250000,459250000
0,1837,459250000,459250100,1542,2570,459500000,459500000
0,1838,459500000,459500100,1542,2570,459750000,459750000
0,1839,459750000,459750100,1542,2570,460000000,460000000
0,1840,460000000,460000100,1542,2570,460250000,460250000
0,1841,460250000,460250100,1542,2570,460500000,460500000
0,1842,460500000,460500100,1542,2570,460750000,460750000
0,1843,460750000,460750100,1542,2570,461000000,461000000
0,1844,461000000,461000100,1542,2570,461250000,461250000
0,1845,461250000,461250100,1542,2570,461500000,461500000
0,1846,461500000,461500100,1542,2570,461750000,461750000
0,1847,461750000,461750100,1542,2570,462000000,462000000
0,1848,462000000,462000100,1542,2570,462250000,462250000
0,1849,462250000,462250100,1542,2570,462500000,462500000
0,1850,462500000,462500100,1542,2570,462750000,462750000
0,1851,462750000,462750100,1542,2570,463000000,463000000
0,1852,463000000,463000100,1542,2570,463250000,463250000
0,1853,463250000,463250100,1542,2570,463500000,463500000
0,1854,463500000,463500100,1542,2570,463750000,463750000
0,1855,463750000,463750100,1542,2570,464000000,464000000
0,1856,464000000,464000100,1542,2570,464250000,464250000
0,1857,464250000,464250100,1542,2570,464500000,464500000
0,1858,464500000,464500100,1542,2570,464750000,464750000
0,1859,464750000,464750100,1542,2570,465000000,465000000
0,1860,465000000,465000100,1542,2570,465250000,465250000
0,1861,465250000,465250100,1542,2570,465500000,465500000
0,1862,465500000,465500100,1542,2570,465750000,465750000
0,1863,465750000,465750100,1542,2570,466000000,466000000
0,1864,466000000,466000100,1542,2570,466250000,466250000
0,1865,466250000,466250100,1542,2570,466500000,466500000
0,1866,466500000,466500100,1542,2570,466750000,466750000
0,1867,466750000,466750100,1542,2570,467000000,467000000
0,1868,467000000,467000100,1542,2570,467250000,467250000
0,1869,467250000,467250100,1542,2570,467500000,467500000
0,1870,467500000,467500100,1542,2570,467750000,467750000
0,1871,467750000,467750100,1542,2570,468000000,468000000
0,1872,468000000,468000100,1542,2570,468250000,468250000
0,1873,468250000,468250100,1542,2570,468500000,468500000
0,1874,468500000,468500100,1542,2570,468750000,468750000
0,1875,468750000,468750100,1542,2570,469000000,469000000
0,1876,469000000,469000100,1542,2570,469250000,469250000
0,1877,469250000,469250100,1542,2570,469500000,469500000
0,1878,469500000,469500100,1542,2570,469750000,469750000
0,1879,469750000,469750100,1542,2570,470000000,470000000
0,1880,470000000,470000100,1542,2570,470250000,470250000
0,1881,470250000,470250100,1542,2570,470500000,470500000
0,1882,470500000,470500100,1542,2570,470750000,470750000
0,1883,470750000,470750100,1542,2570,471000000,471000000
0,1884,471000000,471000100,1542,2570,471250000,471250000
0,1885,471250000,471250100,1542,2570,471500000,471500000
0,1886,471500000,471500100,1542,2570,471750000,471750000
0,1887,471750000,471750100,1542,2570,472000000,472000000
0,1888,472000000,472000100,1542,2570,472250000,472250000
0,1889,472250000,472250100,1542,2570,472500000,472500000
0,1890,472500000,472500100,1542,2570,472750000,472750000
0,1891,472750000,472750100,1542,2570,473000000,473000000
0,1892,473000000,473000100,1542,2570,473250000,473250000
0,1893,473250000,473250100,1542,2570,473500000,473500000
0,1894,473500000,473500100,1542,2570,473750000,473750000
0,1895,473750000,473750100,1542,2570,474000000,474000000
0,1896,474000000,474000100,1542,2570,474250000,474250000
0,1897,474250000,474250100,1542,2570,474500000,474500000
0,1898,474500000,474500100,1542,2570,474750000,474750000
0,1899,474750000,474750100,1542,2570,475000000,475000000
0,1900,475000000,475000100,1542,2570,475250000,475250000
0,1901,475250000,475250100,1542,2570,475500000,475500000
0,1902,475500000,475500100,1542,2570,475750000,475750000
0,1903,475750000,475750100,1542,2570,476000000,476000000
0,1904,476000000,476000100,1542,2570,476250000,476250000
0,1905,476250000,476250100,1542,2570,476500000,476500000
0,1906,476500000,476500100,1542,2570,476750000,476750000
0,1907,476750000,476750100,1542,2570,477000000,477000000
0,1908,477000000,477000100,1542,2570,477250000,477250000
0,1909,477250000,477250100,1542,2570,477500000,477500000
0,1910,477500000,477500100,1542,2570,477750000,477750000
0,1911,477750000,477750100,1542,2570,478000000,478000000
0,1912,478000000,478000100,1542,2570,478250000,478250000
0,1913,478250000,478250100,1542,2570,478500000,478500000
0,1914,478500000,478500100,1542,2570,478750000,478750000
0,1915,478750000,478750100,1542,2570,479000000,479000000
0,1916,479000000,479000100,1542,2570,479250000,479250000
0,1917,479250000,479250100,1542,2570,479500000,479500000
0,1918,479500000,479500100,1542,2570,479750000,479750000
0,1919,479750000,479750100,1542,2570,480000000,480000000
0,1920,480000000,480000100,1542,2570,480250000,480250000
0,1921,480250000,480250100,1542,2570,480500000,480500000
0,1922,480500000,480500100,1542,2570,480750000,480750000
0,1923,480750000,480750100,1542,2570,481000000,481000000
0,1924,481000000,481000100,1542,2570,481250000,481250000
0,1925,481250000,481250100,1542,2570,481500000,481500000
0,1926,481500000,481500100,1542,2570,481750000,481750000
0,1927,481750000,481750100,1542,2570,482000000,482000000
0,1928,482000000,482000100,1542,2570,482250000,482250000
0,1929,482250000,482250100,1542,2570,482500000,482500000
0,1930,482500000,482500100,1542,2570,482750000,482750000
0,1931,482750000,482750100,1542,2570,483000000,483000000
0,1932,483000000,483000100,1542,2570,483250000,483250000
0,1933,483250000,483250100,1542,2570,483500000,483500000
0,1934,483500000,483500100,1542,2570,483750000,483750000
0,1935,483750000,483750100,1542,2570,484000000,484000000
0,1936,484000000,484000100,1542,2570,484250000,484250000
0,1937,484250000,484250100,1542,2570,484500000,484500000
0,1938,484500000,484500100,1542,2570,484750000,484750000
0,1939,484750000,484750100,1542,2570,485000000,485000000
0,1940,485000000,485000100,1542,2570,485250000,485250000
0,1941,485250000,485250100,1542,2570,485500000,485500000
0,1942,485500000,485500100,1542,2570,485750000,485750000
0,1943,485750000,485750100,1542,2570,486000000,486000000
0,1944,486000000,486000100,1542,2570,486250000,486250000
0,1945,486250000,486250100,1542,2570,486500000,486500000
0,1946,486500000,486500100,1542,2570,486750000,486750000
0,1947,486750000,486750100,1542,2570,487000000,487000000
0,1948,487000000,487000100,1542,2570,487250000,487250000
0,1949,487250000,487250100,1542,2570,487500000,487500000
0,1950,487500000,487500100,1542,2570,487750000,487750000
0,1951,487750000,487750100,1542,2570,488000000,488000000
0,1952,488000000,488000100,1542,2570,488250000,488250000
0,1953,488250000,488250100,1542,2570,488500000,488500000
0,1954,488500000,488500100,1542,2570,488750000,488750000
0,1955,488750000,488750100,1542,2570,489000000,489000000
0,1956,489000000,489000100,1542,2570,489250000,489250000
0,1957,489250000,489250100,1542,2570,489500000,489500000
0,1958,489500000,489500100,1542,2570,489750000,489750000
0,1959,489750000,489750100,1542,2570,490000000,490000000
0,1960,490000000,490000100,1542,2570,490250000,490250000
0,1961,490250000,490250100,1542,2570,490500000,490500000
0,1962,490500000,490500100,1542,2570,490750000,490750000
0,1963,490750000,490750100,1542,2570,491000000,491000000
0,1964,491000000,491000100,1542,2570,491250000,491250000
0,1965,491250000,491250100,1542,2570,491500000,491500000
0,1966,491500000,491500100,1542,2570,491750000,491750000
0,1967,491750000,491750100,1542,2570,492000000,492000000
0,1968,492000000,492000100,1542,2570,492250000,492250000
0,1969,492250000,492250100,1542,2570,492500000,492500000
0,1970,492500000,492500100,1542,2570,492750000,492750000
0,1971,492750000,492750100,1542,2570,493000000,493000000
0,1972,493000000,493000100,1542,2570,493250000,493250000
0,1973,493250000,493250100,1542,2570,493500000,493500000
0,1974,493500000,493500100,1542,2570,493750000,493750000
0,1975,493750000,493750100,1542,2570,494000000,494000000
0,1976,494000000,494000100,1542,2570,494250000,494250000
0,1977,494250000,494250100,1542,2570,494500000,494500000
0,1978,494500000,494500100,1542,2570,494750000,494750000
0,1979,494750000,494750100,1542,2570,495000000,495000000
0,1980,495000000,495000100,1542,2570,495250000,495250000
0,1981,495250000,495250100,1542,2570,495500000,495500000
0,1982,495500000,495500100,1542,2570,495750000,495750000
0,1983,495750000,495750100,1542,2570,496000000,496000000
0,1984,496000000,496000100,1542,2570,496250000,496250000
0,1985,496250000,496250100,1542,2570,496500000,496500000
0,1986,496500000,496500100,1542,2570,496750000,496750000
0,1987,496750000,496750100,1542,2570,497000000,497000000
0,1988,497000000,497000100,1542,2570,497250000,497250000
0,1989,497250000,497250100,1542,2570,497500000,497500000
0,1990,497500000,497500100,1542,2570,497750000,497750000
0,1991,497750000,497750100,1542,2570,498000000,498000000
0,1992,498000000,498000100,1542,2570,498250000,498250000
0,1993,498250000,498250100,1542,2570,498500000,498500000
0,1994,498500000,498500100,1542,2570,498750000,498750000
0,1995,498750000,498750100,1542,2570,499000000,499000000
0,1996,499000000,499000100,1542,2570,499250000,499250000
0,1997,499250000,499250100,1542,2570,499500000,499500000
0,1998,499500000,499500100,1542,2570,499750000,499750000
0,1999,499750000,499750100,1542,2570,500000000,500000000
0,2000,500000000,500000100,1542,2570,500250000,500250000
0,2001,500250000,500250100,1542,2570,500500000,500500000
0,2002,500500000,500500100,1542,2570,500750000,500750000
0,2003,500750000,500750100,1542,2570,501000000,501000000
0,2004,501000000,501000100,1542,2570,501250000,501250000
0,2005,501250000,501250100,1542,2570,501500000,501500000
0,2006,501500000,501500100,1542,2570,501750000,501750000
0,2007,501750000,501750100,1542,2570,502000000,502000000
0,2008,502000000,502000100,1542,2570,502250000,502250000
0,2009,502250000,502250100,1542,2570,502500000,502500000
0,2010,502500000,502500100,1542,2570,502750000,502750000
0,2011,502750000,502750100,1542,2570,503000000,503000000
0,2012,503000000,503000100,1542,2570,503250000,503250000
0,2013,503250000,503250100,1542,2570,503500000,503500000
0,2014,503500000,503500100,1542,2570,503750000,503750000
0,2015,503750000,503750100,1542,2570,504000000,504000000
0,2016,504000000,504000100,1542,2570,504250000,504250000
0,2017,504250000,504250100,1542,2570,504500000,504500000
0,2018,504500000,504500100,1542,2570,504750000,504750000
0,2019,504750000,504750100,1542,2570,505000000,505000000
0,2020,505000000,505000100,1542,2570,505250000,505250000
0,2021,505250000,505250100,1542,2570,505500000,505500000
0,2022,505500000,505500100,1542,2570,505750000,505750000
0,2023,505750000,505750100,1542,2570,506000000,506000000
0,2024,506000000,506000100,1542,2570,506250000,506250000
0,2025,506250000,506250100,1542,2570,506500000,506500000
0,2026,506500000,506500100,1542,2570,506750000,506750000
0,2027,506750000,506750100,1542,2570,507000000,507000000
0,2028,507000000,507000100,1542,2570,507250000,507250000
0,2029,507250000,507250100,1542,2570,507500000,507500000
0,2030,507500000,507500100,1542,2570,507750000,507750000
0,2031,507750000,507750100,1542,2570,508000000,508000000
0,2032,508000000,508000100,1542,2570,508250000,508250000
0,2033,508250000,508250100,1542,2570,508500000,508500000
0,2034,508500000,508500100,1542,2570,508750000,508750000
0,2035,508750000,508750100,1542,2570,509000000,509000000
0,2036,509000000,509000100,1542,2570,509250000,509250000
0,2037,509250000,509250100,1542,2570,509500000,509500000
0,2038,509500000,509500100,1542,2570,509750000,509750000
0,2039,509750000,509750100,1542,2570,510000000,510000000
0,2040,510000000,510000100,1542,2570,510250000,510250000
0,2041,510250000,510250100,1542,2570,510500000,510500000
0,2042,510500000,510500100,1542,2570,510750000,510750000
0,2043,510750000,510750100,1542,2570,511000000,511000000
0,2044,511000000,511000100,1542,2570,511250000,511250000
0,2045,511250000,511250100,1542,2570,511500000,511500000
0,2046,511500000,511500100,1542,2570,511750000,511750000
0,2047,511750000,511750100,1542,2570,512000000,512000000
0,2048,512000000,512000100,1542,2570,512250000,512250000
0,2049,512250000,512250100,1542,2570,512500000,512500000
0,2050,512500000,512500100,1542,2570,512750000,512750000
0,2051,512750000,512750100,1542,2570,513000000,513000000
0,2052,513000000,513000100,1542,2570,513250000,513250000
0,2053,513250000,513250100,1542,2570,513500000,513500000
0,2054,513500000,513500100,1542,2570,513750000,513750000
0,2055,513750000,513750100,1542,2570,514000000,514000000
0,2056,514000000,514000100,1542,2570,514250000,514250000
0,2057,514250000,514250100,1542,2570,514500000,514500000
0,2058,514500000,514500100,1542,2570,514750000,514750000
0,2059,514750000,514750100,1542,2570,515000000,515000000
0,2060,515000000,515000100,1542,2570,515250000,515250000
0,2061,515250000,515250100,1542,2570,515500000,515500000
0,2062,515500000,515500100,1542,2570,515750000,515750000
0,2063,515750000,515750100,1542,2570,516000000,516000000
0,2064,516000000,516000100,1542,2570,516250000,516250000
0,2065,516250000,516250100,1542,2570,516500000,516500000
0,2066,516500000,516500100,1542,2570,516750000,516750000
0,2067,516750000,516750100,1542,2570,517000000,517000000
0,2068,517000000,517000100,1542,2570,517250000,517250000
0,2069,517250000,517250100,1542,2570,517500000,517500000
0,2070,517500000,517500100,1542,2570,517750000,517750000
0,2071,517750000,517750100,1542,2570,518000000,518000000
0,2072,518000000,518000100,1542,2570,518250000,518250000
0,2073,518250000,518250100,1542,2570,518500000,518500000
0,2074,518500000,518500100,1542,2570,518750000,518750000
0,2075,518750000,518750100,1542,2570,519000000,519000000
0,2076,519000000,519000100,1542,2570,519250000,519250000
0,2077,519250000,519250100,1542,2570,519500000,519500000
0,2078,519500000,519500100,1542,2570,519750000,519750000
0,2079,519750000,519750100,1542,2570,520000000,520000000
0,2080,520000000,520000100,1542,2570,520250000,520250000
0,2081,520250000,520250100,1542,2570,520500000,520500000
0,2082,520500000,520500100,1542,2570,520750000,520750000
0,2083,520750000,520750100,1542,2570,521000000,521000000
0,2084,521000000,521000100,1542,2570,521250000,521250000
0,2085,521250000,521250100,1542,2570,521500000,521500000
0,2086,521500000,521500100,1542,2570,521750000,521750000
0,2087,521750000,521750100,1542,2570,522000000,522000000
0,2088,522000000,522000100,1542,2570,522250000,522250000
0,2089,522250000,522250100,1542,2570,522500000,522500000
0,2090,522500000,522500100,1542,2570,522750000,522750000
0,2091,522750000,522750100,1542,2570,523000000,523000000
0,2092,523000000,523000100,1542,2570,523250000,523250000
0,2093,523250000,523250100,1542,2570,523500000,523500000
0,2094,523500000,523500100,1542,2570,523750000,523750000
0,2095,523750000,523750100,1542,2570,524000000,524000000
0,2096,524000000,524000100,1542,2570,524250000,524250000
0,2097,524250000,524250100,1542,2570,524500000,524500000
0,2098,524500000,524500100,1542,2570,524750000,524750000
0,2099,524750000,524750100,1542,2570,525000000,525000000
0,2100,525000000,525000100,1542,2570,525250000,525250000
0,2101,525250000,525250100,1542,2570,525500000,525500000
0,2102,525500000,525500100,1542,2570,525750000,525750000
0,2103,525750000,525750100,1542,2570,526000000,526000000
0,2104,526000000,526000100,1542,2570,526250000,526250000
0,2105,526250000,526250100,1542,2570,526500000,526500000
0,2106,526500000,526500100,1542,2570,526750000,526750000
0,2107,526750000,526750100,1542,2570,527000000,527000000
0,2108,527000000,527000100,1542,2570,527250000,527250000
0,2109,527250000,527250100,1542,2570,527500000,527500000
0,2110,527500000,527500100,1542,2570,527750000,527750000
0,2111,527750000,527750100,1542,2570,528000000,528000000
0,2112,528000000,528000100,1542,2570,528250000,528250000
0,2113,528250000,528250100,1542,2570,528500000,528500000
0,2114,528500000,528500100,1542,2570,528750000,528750000
0,2115,528750000,528750100,1542,2570,529000000,529000000
0,2116,529000000,529000100,1542,2570,529250000,529250000
0,2117,529250000,529250100,1542,2570,529500000,529500000
0,2118,529500000,529500100,1542,2570,529750000,529750000
0,2119,529750000,529750100,1542,2570,530000000,530000000
0,2120,530000000,530000100,1542,2570,530250000,530250000
0,2121,530250000,530250100,1542,2570,530500000,530500000
0,2122,530500000,530500100,1542,2570,530750000,530750000
0,2123,530750000,530750100,1542,2570,531000000,531000000
0,2124,531000000,531000100,1542,2570,531250000,531250000
0,2125,531250000,531250100,1542,2570,531500000,531500000
0,2126,531500000,531500100,1542,2570,531750000,531750000
0,2127,531750000,531750100,1542,2570,532000000,532000000
0,2128,532000000,532000100,1542,2570,532250000,532250000
0,2129,532250000,532250100,1542,2570,532500000,532500000
0,2130,532500000,532500100,1542,2570,532750000,532750000
0,2131,532750000,532750100,1542,2570,533000000,533000000
0,2132,533000000,533000100,1542,2570,533250000,533250000
0,2133,533250000,533250100,1542,2570,533500000,533500000
0,2134,533500000,533500100,1542,2570,533750000,533750000
0,2135,533750000,533750100,1542,2570,534000000,534000000
0,2136,534000000,534000100,1542,2570,534250000,534250000
0,2137,534250000,534250100,1542,2570,534500000,534500000
0,2138,534500000,534500100,1542,2570,534750000,534750000
0,2139,534750000,534750100,1542,2570,535000000,535000000
0,2140,535000000,535000100,1542,2570,535250000,535250000
0,2141,535250000,535250100,1542,2570,535500000,535500000
0,2142,535500000,535500100,1542,2570,535750000,535750000
0,2143,535750000,535750100,1542,2570,536000000,536000000
0,2144,536000000,536000100,1542,2570,536250000,536250000
0,2145,536250000,536250100,1542,2570,536500000,536500000
0,2146,536500000,536500100,1542,2570,536750000,536750000
0,2147,536750000,536750100,1542,2570,537000000,537000000
0,2148,537000000,537000100,1542,2570,537250000,537250000
0,2149,537250000,537250100,1542,2570,537500000,537500000
0,2150,537500000,537500100,1542,2570,537750000,537750000
0,2151,537750000,537750100,1542,2570,538000000,538000000
0,2152,538000000,538000100,1542,2570,538250000,538250000
0,2153,538250000,538250100,1542,2570,538500000,538500000
0,2154,538500000,538500100,1542,2570,538750000,538750000
0,2155,538750000,538750100,1542,2570,539000000,539000000
0,2156,539000000,539000100,1542,2570,539250000,539250000
0,2157,539250000,539250100,1542,2570,539500000,539500000
0,2158,539500000,539500100,1542,2570,539750000,539750000
0,2159,539750000,539750100,1542,2570,540000000,540000000
0,2160,540000000,540000100,1542,2570,540250000,540250000
0,2161,540250000,540250100,1542,2570,540500000,540500000
0,2162,540500000,540500100,1542,2570,540750000,540750000
0,2163,540750000,540750100,1542,2570,541000000,541000000
0,2164,541000000,541000100,1542,2570,541250000,541250000
0,2165,541250000,541250100,1542,2570,541500000,541500000
0,2166,541500000,541500100,1542,2570,541750000,541750000
0,2167,541750000,541750100,1542,2570,542000000,542000000
0,2168,542000000,542000100,1542,2570,542250000,542250000
0,2169,542250000,542250100,1542,2570,542500000,542500000
0,2170,542500000,542500100,1542,2570,542750000,542750000
0,2171,542750000,542750100,1542,2570,543000000,543000000
0,2172,543000000,543000100,1542,2570,543250000,543250000
0,2173,543250000,543250100,1542,2570,543500000,543500000
0,2174,543500000,543500100,1542,2570,543750000,543750000
0,2175,543750000,543750100,1542,2570,544000000,544000000
0,2176,544000000,544000100,1542,2570,544250000,544250000
0,2177,544250000,544250100,1542,2570,544500000,544500000
0,2178,544500000,544500100,1542,2570,544750000,544750000
0,2179,544750000,544750100,1542,2570,545000000,545000000
0,2180,545000000,545000100,1542,2570,545250000,545250000
0,2181,545250000,545250100,1542,2570,545500000,545500000
0,2182,545500000,545500100,1542,2570,545750000,545750000
0,2183,545750000,545750100,1542,2570,546000000,546000000
0,2184,546000000,546000100,1542,2570,546250000,546250000
0,2185,546250000,546250100,1542,2570,546500000,546500000
0,2186,546500000,546500100,1542,2570,546750000,546750000
0,2187,546750000,546750100,1542,2570,547000000,547000000
0,2188,547000000,547000100,1542,2570,547250000,547250000
0,2189,547250000,547250100,1542,2570,547500000,547500000
0,2190,547500000,547500100,1542,2570,547750000,547750000
0,2191,547750000,547750100,1542,2570,548000000,548000000
0,2192,548000000,548000100,1542,2570,548250000,548250000
0,2193,548250000,548250100,1542,2570,548500000,548500000
0,2194,548500000,548500100,1542,2570,548750000,548750000
0,2195,548750000,548750100,1542,2570,549000000,549000000
0,2196,549000000,549000100,1542,2570,549250000,549250000
0,2197,549250000,549250100,1542,2570,549500000,549500000
0,2198,549500000,549500100,1542,2570,549750000,549750000
0,2199,549750000,549750100,1542,2570,550000000,550000000
0,2200,550000000,550000100,1542,2570,550250000,550250000
0,2201,550250000,550250100,1542,2570,550500000,550500000
0,2202,550500000,550500100,1542,2570,550750000,550750000
0,2203,550750000,550750100,1542,2570,551000000,551000000
0,2204,551000000,551000100,1542,2570,551250000,551250000
0,2205,551250000,551250100,1542,2570,551500000,551500000
0,2206,551500000,551500100,1542,2570,551750000,551750000
0,2207,551750000,551750100,1542,2570,552000000,552000000
0,2208,552000000,552000100,1542,2570,552250000,552250000
0,2209,552250000,552250100,1542,2570,552500000,552500000
0,2210,552500000,552500100,1542,2570,552750000,552750000
0,2211,552750000,552750100,1542,2570,553000000,553000000
0,2212,553000000,553000100,1542,2570,553250000,553250000
0,2213,553250000,553250100,1542,2570,553500000,553500000
0,2214,553500000,553500100,1542,2570,553750000,553750000
0,2215,553750000,553750100,1542,2570,554000000,554000000
0,2216,554000000,554000100,1542,2570,554250000,554250000
0,2217,554250000,554250100,1542,2570,554500000,554500000
0,2218,554500000,554500100,1542,2570,554750000,554750000
0,2219,554750000,554750100,1542,2570,555000000,555000000
0,2220,555000000,555000100,1542,2570,555250000,555250000
0,2221,555250000,555250100,1542,2570,555500000,555500000
0,2222,555500000,555500100,1542,2570,555750000,555750000
0,2223,555750000,555750100,1542,2570,556000000,556000000
0,2224,556000000,556000100,1542,2570,556250000,556250000
0,2225,556250000,556250100,1542,2570,556500000,556500000
0,2226,556500000,556500100,1542,2570,556750000,556750000
0,2227,556750000,556750100,1542,2570,557000000,557000000
0,2228,557000000,557000100,1542,2570,557250000,557250000
0,2229,557250000,557250100,1542,2570,557500000,557500000
0,2230,557500000,557500100,1542,2570,557750000,557750000
0,2231,557750000,557750100,1542,2570,558000000,558000000
0,2232,558000000,558000100,1542,2570,558250000,558250000
0,2233,558250000,558250100,1542,2570,558500000,558500000
0,2234,558500000,558500100,1542,2570,558750000,558750000
0,2235,558750000,558750100,1542,2570,559000000,559000000
0,2236,559000000,559000100,1542,2570,559250000,559250000
0,2237,559250000,559250100,1542,2570,559500000,559500000
0,2238,559500000,559500100,1542,2570,559750000,559750000
0,2239,559750000,559750100,1542,2570,560000000,560000000
0,2240,560000000,560000100,1542,2570,560250000,560250000
0,2241,560250000,560250100,1542,2570,560500000,560500000
0,2242,560500000,560500100,1542,2570,560750000,560750000
0,2243,560750000,560750100,1542,2570,561000000,561000000
0,2244,561000000,561000100,1542,2570,561250000,561250000
0,2245,561250000,561250100,1542,2570,561500000,561500000
0,2246,561500000,561500100,1542,2570,561750000,561750000
0,2247,561750000,561750100,1542,2570,562000000,562000000
0,2248,562000000,562000100,1542,2570,562250000,562250000
0,2249,562250000,562250100,1542,2570,562500000,562500000
0,2250,562500000,562500100,1542,2570,562750000,562750000
0,2251,562750000,562750100,1542,2570,563000000,563000000
0,2252,563000000,563000100,1542,2570,563250000,563250000
0,2253,563250000,563250100,1542,2570,563500000,563500000
0,2254,563500000,563500100,1542,2570,563750000,563750000
0,2255,563750000,563750100,1542,2570,564000000,564000000
0,2256,564000000,564000100,1542,2570,564250000,564250000
0,2257,564250000,564250100,1542,2570,564500000,564500000
0,2258,564500000,564500100,1542,2570,564750000,564750000
0,2259,564750000,564750100,1542,2570,565000000,565000000
0,2260,565000000,565000100,1542,2570,565250000,565250000
0,2261,565250000,565250100,1542,2570,565500000,565500000
0,2262,565500000,565500100,1542,2570,565750000,565750000
0,2263,565750000,565750100,1542,2570,566000000,566000000
0,2264,566000000,566000100,1542,2570,566250000,566250000
0,2265,566250000,566250100,1542,2570,566500000,566500000
0,2266,566500000,566500100,1542,2570,566750000,566750000
0,2267,566750000,566750100,1542,2570,567000000,567000000
0,2268,567000000,567000100,1542,2570,567250000,567250000
0,2269,567250000,567250100,1542,2570,567500000,567500000
0,2270,567500000,567500100,1542,2570,567750000,567750000
0,2271,567750000,567750100,1542,2570,568000000,568000000
0,2272,568000000,568000100,1542,2570,568250000,568250000
0,2273,568250000,568250100,1542,2570,568500000,568500000
0,2274,568500000,568500100,1542,2570,568750000,568750000
0,2275,568750000,568750100,1542,2570,569000000,569000000
0,2276,569000000,569000100,1542,2570,569250000,569250000
0,2277,569250000,569250100,1542,2570,569500000,569500000
0,2278,569500000,569500100,1542,2570,569750000,569750000
0,2279,569750000,569750100,1542,2570,570000000,570000000
0,2280,570000000,570000100,1542,2570,570250000,570250000
0,2281,570250000,570250100,1542,2570,570500000,570500000
0,2282,570500000,570500100,1542,2570,570750000,570750000
0,2283,570750000,570750100,1542,2570,571000000,571000000
0,2284,571000000,571000100,1542,2570,571250000,571250000
0,2285,571250000,571250100,1542,2570,571500000,571500000
0,2286,571500000,571500100,1542,2570,571750000,571750000
0,2287,571750000,571750100,1542,2570,572000000,572000000
0,2288,572000000,572000100,1542,2570,572250000,572250000
0,2289,572250000,572250100,1542,2570,572500000,572500000
0,2290,572500000,572500100,1542,2570,572750000,572750000
0,2291,572750000,572750100,1542,2570,573000000,573000000
0,2292,573000000,573000100,1542,2570,573250000,573250000
0,2293,573250000,573250100,1542,2570,573500000,573500000
0,2294,573500000,573500100,1542,2570,573750000,573750000
0,2295,573750000,573750100,1542,2570,574000000,574000000
0,2296,574000000,574000100,1542,2570,574250000,574250000
0,2297,574250000,574250100,1542,2570,574500000,574500000
0,2298,574500000,574500100,1542,2570,574750000,574750000
0,2299,574750000,574750100,1542,2570,575000000,575000000
0,2300,575000000,575000100,1542,2570,575250000,575250000
0,2301,575250000,575250100,1542,2570,575500000,575500000
0,2302,575500000,575500100,1542,2570,575750000,575750000
0,2303,575750000,575750100,1542,2570,576000000,576000000
0,2304,576000000,576000100,1542,2570,576250000,576250000
0,2305,576250000,576250100,1542,2570,576500000,576500000
0,2306,576500000,576500100,1542,2570,576750000,576750000
0,2307,576750000,576750100,1542,2570,577000000,577000000
0,2308,577000000,577000100,1542,2570,577250000,577250000
0,2309,577250000,577250100,1542,2570,577500000,577500000
0,2310,577500000,577500100,1542,2570,577750000,577750000
0,2311,577750000,577750100,1542,2570,578000000,578000000
0,2312,578000000,578000100,1542,2570,578250000,578250000
0,2313,578250000,578250100,1542,2570,578500000,578500000
0,2314,578500000,578500100,1542,2570,578750000,578750000
0,2315,578750000,578750100,1542,2570,579000000,579000000
0,2316,579000000,579000100,1542,2570,579250000,579250000
0,2317,579250000,579250100,1542,2570,579500000,579500000
0,2318,579500000,579500100,1542,2570,579750000,579750000
0,2319,579750000,579750100,1542,2570,580000000,580000000
0,2320,580000000,580000100,1542,2570,580250000,580250000
0,2321,580250000,580250100,1542,2570,580500000,580500000
0,2322,580500000,580500100,1542,2570,580750000,580750000
0,2323,580750000,580750100,1542,2570,581000000,581000000
0,2324,581000000,581000100,1542,2570,581250000,581250000
0,2325,581250000,581250100,1542,2570,581500000,581500000
0,2326,581500000,581500100,1542,2570,581750000,581750000
0,2327,581750000,581750100,1542,2570,582000000,582000000
0,2328,582000000,582000100,1542,2570,582250000,582250000
0,2329,582250000,582250100,1542,2570,582500000,582500000
0,2330,582500000,582500100,1542,2570,582750000,582750000
0,2331,582750000,582750100,1542,2570,583000000,583000000
0,2332,583000000,583000100,1542,2570,583250000,583250000
0,2333,583250000,583250100,1542,2570,583500000,583500000
0,2334,583500000,583500100,1542,2570,583750000,583750000
0,2335,583750000,583750100,1542,2570,584000000,584000000
0,2336,584000000,584000100,1542,2570,584250000,584250000
0,2337,584250000,584250100,1542,2570,584500000,584500000
0,2338,584500000,584500100,1542,2570,584750000,584750000
0,2339,584750000,584750100,1542,2570,585000000,585000000
0,2340,585000000,585000100,1542,2570,585250000,585250000
0,2341,585250000,585250100,1542,2570,585500000,585500000
0,2342,585500000,585500100,1542,2570,585750000,585750000
0,2343,585750000,585750100,1542,2570,586000000,586000000
0,2344,586000000,586000100,1542,2570,586250000,586250000
0,2345,586250000,586250100,1542,2570,586500000,586500000
0,2346,586500000,586500100,1542,2570,586750000,586750000
0,2347,586750000,586750100,1542,2570,587000000,587000000
0,2348,587000000,587000100,1542,2570,587250000,587250000
0,2349,587250000,587250100,1542,2570,587500000,587500000
0,2350,587500000,587500100,1542,2570,587750000,587750000
0,2351,587750000,587750100,1542,2570,588000000,588000000
0,2352,588000000,588000100,1542,2570,588250000,588250000
0,2353,588250000,588250100,1542,2570,588500000,588500000
0,2354,588500000,588500100,1542,2570,588750000,588750000
0,2355,588750000,588750100,1542,2570,589000000,589000000
0,2356,589000000,589000100,1542,2570,589250000,589250000
0,2357,589250000,589250100,1542,2570,589500000,589500000
0,2358,589500000,589500100,1542,2570,589750000,589750000
0,2359,589750000,589750100,1542,2570,590000000,590000000
0,2360,590000000,590000100,1542,2570,590250000,590250000
0,2361,590250000,590250100,1542,2570,590500000,590500000
0,2362,590500000,590500100,1542,2570,590750000,590750000
0,2363,590750000,590750100,1542,2570,591000000,591000000
0,2364,591000000,591000100,1542,2570,591250000,591250000
0,2365,591250000,591250100,1542,2570,591500000,591500000
0,2366,591500000,591500100,1542,2570,591750000,591750000
0,2367,591750000,591750100,1542,2570,592000000,592000000
0,2368,592000000,592000100,1542,2570,592250000,592250000
0,2369,592250000,592250100,1542,2570,592500000,592500000
0,2370,592500000,592500100,1542,2570,592750000,592750000
0,2371,592750000,592750100,1542,2570,593000000,593000000
0,2372,593000000,593000100,1542,2570,593250000,593250000
0,2373,593250000,593250100,1542,2570,593500000,593500000
0,2374,593500000,593500100,1542,2570,593750000,593750000
0,2375,593750000,593750100,1542,2570,594000000,594000000
0,2376,594000000,594000100,1542,2570,594250000,594250000
0,2377,594250000,594250100,1542,2570,594500000,594500000
0,2378,594500000,594500100,1542,2570,594750000,594750000
0,2379,594750000,594750100,1542,2570,595000000,595000000
0,2380,595000000,595000100,1542,2570,595250000,595250000
0,2381,595250000,595250100,1542,2570,595500000,595500000
0,2382,595500000,595500100,1542,2570,595750000,595750000
0,2383,595750000,595750100,1542,2570,596000000,596000000
0,2384,596000000,596000100,1542,2570,596250000,596250000
0,2385,596250000,596250100,1542,2570,596500000,596500000
0,2386,596500000,596500100,1542,2570,596750000,596750000
0,2387,596750000,596750100,1542,2570,597000000,597000000
0,2388,597000000,597000100,1542,2570,597250000,597250000
0,2389,597250000,597250100,1542,2570,597500000,597500000
0,2390,597500000,597500100,1542,2570,597750000,597750000
0,2391,597750000,597750100,1542,2570,598000000,598000000
0,2392,598000000,598000100,1542,2570,598250000,598250000
0,2393,598250000,598250100,1542,2570,598500000,598500000
1,0,0,100,7159,11932,300000,300000
1,1,300000,300100,7159,11932,600000,600000
1,2,600000,600100,7159,11932,900000,900000
1,3,900000,900100,7159,11932,1200000,1200000
1,4,1200000,1200100,7159,11932,1500000,1500000
1,5,1500000,1500100,7159,11932,1800000,1800000
1,6,1800000,1800100,7159,11932,2100000,2100000
1,7,2100000,2100100,7159,11932,2400000,2400000
1,8,2400000,2400100,7159,11932,2700000,2700000
1,9,2700000,2700100,7159,11932,3000000,3000000
1,10,3000000,3000100,7159,11932,3300000,3300000
1,11,3300000,3300100,7159,11932,3600000,3600000
1,12,3600000,3600100,7159,11932,3900000,3900000
1,13,3900000,3900100,7159,11932,4200000,4200000
1,14,4200000,4200100,7159,11932,4500000,4500000
1,15,4500000,4500100,7159,11932,4800000,4800000
1,16,4800000,4800100,7159,11932,5100000,5100000
1,17,5100000,5100100,7159,11932,5400000,5400000
1,18,5400000,5400100,7159,11932,5700000,5700000
1,19,5700000,5700100,7159,11932,6000000,6000000
1,20,6000000,6000100,7159,11932,6300000,6300000
1,21,6300000,6300100,7159,11932,6600000,6600000
1,22,6600000,6600100,7159,11932,6900000,6900000
1,23,6900000,6900100,7159,11932,7200000,7200000
1,24,7200000,7200100,7159,11932,7500000,7500000
1,25,7500000,7500100,7159,11932,7800000,7800000
1,26,7800000,7800100,7159,11932,8100000,8100000
1,27,8100000,8100100,7159,11932,8400000,8400000
1,28,8400000,8400100,7159,11932,8700000,8700000
1,29,8700000,8700100,7159,11932,9000000,9000000
1,30,9000000,9000100,7159,11932,9300000,9300000
1,31,9300000,9300100,7159,11932,9600000,9600000
1,32,9600000,9600100,7159,11932,9900000,9900000
1,33,9900000,9900100,7159,11932,10200000,10200000
1,34,10200000,10200100,7159,11932,10500000,10500000
1,35,10500000,10500100,7159,11932,10800000,10800000
1,36,10800000,10800100,7159,11932,11100000,11100000
1,37,11100000,11100100,7159,11932,11400000,11400000
1,38,11400000,11400100,7159,11932,11700000,11700000
1,39,11700000,11700100,7159,11932,12000000,12000000
1,40,12000000,12000100,7159,11932,12300000,12300000
1,41,12300000,12300100,7159,11932,12600000,12600000
1,42,12600000,12600100,7159,11932,12900000,12900000
1,43,12900000,12900100,7159,11932,13200000,13200000
1,44,13200000,13200100,7159,11932,13500000,13500000
1,45,13500000,13500100,7159,11932,13800000,13800000
1,46,13800000,13800100,7159,11932,14100000,14100000
1,47,14100000,14100100,7159,11932,14400000,14400000
1,48,14400000,14400100,7159,11932,14700000,14700000
1,49,14700000,14700100,7159,11932,15000000,15000000
1,50,15000000,15000100,7159,11932,15300000,15300000
1,51,15300000,15300100,7159,11932,15600000,15600000
1,52,15600000,15600100,7159,11932,15900000,15900000
1,53,15900000,15900100,7159,11932,16200000,16200000
1,54,16200000,16200100,7159,11932,16500000,16500000
1,55,16500000,16500100,7159,11932,16800000,16800000
1,56,16800000,16800100,7159,11932,17100000,17100000
1,57,17100000,17100100,7159,11932,17400000,17400000
1,58,17400000,17400100,7159,11932,17700000,17700000
1,59,17700000,17700100,7159,11932,18000000,18000000
1,60,18000000,18000100,7159,11932,18300000,18300000
1,61,18300000,18300100,7159,11932,18600000,18600000
1,62,18600000,18600100,7159,11932,18900000,18900000
1,63,18900000,18900100,7159,11932,19200000,19200000
1,64,19200000,19200100,7159,11932,19500000,19500000
1,65,19500000,19500100,7159,11932,19800000,19800000
1,66,19800000,19800100,7159,11932,20100000,20100000
1,67,20100000,20100100,7159,11932,20400000,20400000
1,68,20400000,20400100,7159,11932,20700000,20700000
1,69,20700000,20700100,7159,11932,21000000,21000000
1,70,21000000,21000100,7159,11932,21300000,21300000
1,71,21300000,21300100,7159,11932,21600000,21600000
1,72,21600000,21600100,7159,11932,21900000,21900000
1,73,21900000,21900100,7159,11932,22200000,22200000
1,74,22200000,22200100,7159,11932,22500000,22500000
1,75,22500000,22500100,7159,11932,22800000,22800000
1,76,22800000,22800100,7159,11932,23100000,23100000
1,77,23100000,23100100,7159,11932,23400000,23400000
1,78,23400000,23400100,7159,11932,23700000,23700000
1,79,23700000,23700100,7159,11932,24000000,24000000
1,80,24000000,24000100,7159,11932,24300000,24300000
1,81,24300000,24300100,7159,11932,24600000,24600000
1,82,24600000,24600100,7159,11932,24900000,24900000
1,83,24900000,24900100,7159,11932,25200000,25200000
1,84,25200000,25200100,7159,11932,25500000,25500000
1,85,25500000,25500100,7159,11932,25800000,25800000
1,86,25800000,25800100,7159,11932,26100000,26100000
1,87,26100000,26100100,7159,11932,26400000,26400000
1,88,26400000,26400100,7159,11932,26700000,26700000
1,89,26700000,26700100,7159,11932,27000000,27000000
1,90,27000000,27000100,7159,11932,27300000,27300000
1,91,27300000,27300100,7159,11932,27600000,27600000
1,92,27600000,27600100,7159,11932,27900000,27900000
1,93,27900000,27900100,7159,11932,28200000,28200000
1,94,28200000,28200100,7159,11932,28500000,28500000
1,95,28500000,28500100,7159,11932,28800000,28800000
1,96,28800000,28800100,7159,11932,29100000,29100000
1,97,29100000,29100100,7159,11932,29400000,29400000
1,98,29400000,29400100,7159,11932,29700000,29700000
1,99,29700000,29700100,7159,11932,30000000,30000000
1,100,30000000,30000100,7159,11932,30300000,30300000
1,101,30300000,30300100,7159,11932,30600000,30600000
1,102,30600000,30600100,7159,11932,30900000,30900000
1,103,30900000,30900100,7159,11932,31200000,31200000
1,104,31200000,31200100,7159,11932,31500000,31500000
1,105,31500000,31500100,7159,11932,31800000,31800000
1,106,31800000,31800100,7159,11932,32100000,32100000
1,107,32100000,32100100,7159,11932,32400000,32400000
1,108,32400000,32400100,7159,11932,32700000,32700000
1,109,32700000,32700100,7159,11932,33000000,33000000
1,110,33000000,33000100,7159,11932,33300000,33300000
1,111,33300000,33300100,7159,11932,33600000,33600000
1,112,33600000,33600100,7159,11932,33900000,33900000
1,113,33900000,33900100,7159,11932,34200000,34200000
1,114,34200000,34200100,7159,11932,34500000,34500000
1,115,34500000,34500100,7159,11932,34800000,34800000
1,116,34800000,34800100,7159,11932,35100000,35100000
1,117,35100000,35100100,7159,11932,35400000,35400000
1,118,35400000,35400100,7159,11932,35700000,35700000
1,119,35700000,35700100,7159,11932,36000000,36000000
1,120,36000000,36000100,7159,11932,36300000,36300000
1,121,36300000,36300100,7159,11932,36600000,36600000
1,122,36600000,36600100,7159,11932,36900000,36900000
1,123,36900000,36900100,7159,11932,37200000,37200000
1,124,37200000,37200100,7159,11932,37500000,37500000
1,125,37500000,37500100,7159,11932,37800000,37800000
1,126,37800000,37800100,7159,11932,38100000,38100000
1,127,38100000,38100100,7159,11932,38400000,38400000
1,128,38400000,38400100,7159,11932,38700000,38700000
1,129,38700000,38700100,7159,11932,39000000,39000000
1,130,39000000,39000100,7159,11932,39300000,39300000
1,131,39300000,39300100,7159,11932,39600000,39600000
1,132,39600000,39600100,7159,11932,39900000,39900000
1,133,39900000,39900100,7159,11932,40200000,40200000
1,134,40200000,40200100,7159,11932,40500000,40500000
1,135,40500000,40500100,7159,11932,40800000,40800000
1,136,40800000,40800100,7159,11932,41100000,41100000
1,137,41100000,41100100,7159,11932,41400000,41400000
1,138,41400000,41400100,7159,11932,41700000,41700000
1,139,41700000,41700100,7159,11932,42000000,42000000
1,140,42000000,42000100,7159,11932,42300000,42300000
1,141,42300000,42300100,7159,11932,42600000,42600000
1,142,42600000,42600100,7159,11932,42900000,42900000
1,143,42900000,42900100,7159,11932,43200000,43200000
1,144,43200000,43200100,7159,11932,43500000,43500000
1,145,43500000,43500100,7159,11932,43800000,43800000
1,146,43800000,43800100,7159,11932,44100000,44100000
1,147,44100000,44100100,7159,11932,44400000,44400000
1,148,44400000,44400100,7159,11932,44700000,44700000
1,149,44700000,44700100,7159,11932,45000000,45000000
1,150,45000000,45000100,7159,11932,45300000,45300000
1,151,45300000,45300100,7159,11932,45600000,45600000
1,152,45600000,45600100,7159,11932,45900000,45900000
1,153,45900000,45900100,7159,11932,46200000,46200000
1,154,46200000,46200100,7159,11932,46500000,46500000
1,155,46500000,46500100,7159,11932,46800000,46800000
1,156,46800000,46800100,7159,11932,47100000,47100000
1,157,47100000,47100100,7159,11932,47400000,47400000
1,158,47400000,47400100,7159,11932,47700000,47700000
1,159,47700000,47700100,7159,11932,48000000,48000000
1,160,48000000,48000100,7159,11932,48300000,48300000
1,161,48300000,48300100,7159,11932,48600000,48600000
1,162,48600000,48600100,7159,11932,48900000,48900000
1,163,48900000,48900100,7159,11932,49200000,49200000
1,164,49200000,49200100,7159,11932,49500000,49500000
1,165,49500000,49500100,7159,11932,49800000,49800000
1,166,49800000,49800100,7159,11932,50100000,50100000
1,167,50100000,50100100,7159,11932,50400000,50400000
1,168,50400000,50400100,7159,11932,50700000,50700000
1,169,50700000,50700100,7159,11932,51000000,51000000
1,170,51000000,51000100,7159,11932,51300000,51300000
1,171,51300000,51300100,7159,11932,51600000,51600000
1,172,51600000,51600100,7159,11932,51900000,51900000
1,173,51900000,51900100,7159,11932,52200000,52200000
1,174,52200000,52200100,7159,11932,52500000,52500000
1,175,52500000,52500100,7159,11932,52800000,52800000
1,176,52800000,52800100,7159,11932,53100000,53100000
1,177,53100000,53100100,7159,11932,53400000,53400000
1,178,53400000,53400100,7159,11932,53700000,53700000
1,179,53700000,53700100,7159,11932,54000000,54000000
1,180,54000000,54000100,7159,11932,54300000,54300000
1,181,54300000,54300100,7159,11932,54600000,54600000
1,182,54600000,54600100,7159,11932,54900000,54900000
1,183,54900000,54900100,7159,11932,55200000,55200000
1,184,55200000,55200100,7159,11932,55500000,55500000
1,185,55500000,55500100,7159,11932,55800000,55800000
1,186,55800000,55800100,7159,11932,56100000,56100000
1,187,56100000,56100100,7159,11932,56400000,56400000
1,188,56400000,56400100,7159,11932,56700000,56700000
1,189,56700000,56700100,7159,11932,57000000,57000000
1,190,57000000,57000100,7159,11932,57300000,57300000
1,191,57300000,57300100,7159,11932,57600000,57600000
1,192,57600000,57600100,7159,11932,57900000,57900000
1,193,57900000,57900100,7159,11932,58200000,58200000
1,194,58200000,58200100,7159,11932,58500000,58500000
1,195,58500000,58500100,7159,11932,58800000,58800000
1,196,58800000,58800100,7159,11932,59100000,59100000
1,197,59100000,59100100,7159,11932,59400000,59400000
1,198,59400000,59400100,7159,11932,59700000,59700000
1,199,59700000,59700100,7159,11932,60000000,60000000
1,200,60000000,60000100,7159,11932,60300000,60300000
1,201,60300000,60300100,7159,11932,60600000,60600000
1,202,60600000,60600100,7159,11932,60900000,60900000
1,203,60900000,60900100,7159,11932,61200000,61200000
1,204,61200000,61200100,7159,11932,61500000,61500000
1,205,61500000,61500100,7159,11932,61800000,61800000
1,206,61800000,61800100,7159,11932,62100000,62100000
1,207,62100000,62100100,7159,11932,62400000,62400000
1,208,62400000,62400100,7159,11932,62700000,62700000
1,209,62700000,62700100,7159,11932,63000000,63000000
1,210,63000000,63000100,7159,11932,63300000,63300000
1,211,63300000,63300100,7159,11932,63600000,63600000
1,212,63600000,63600100,7159,11932,63900000,63900000
1,213,63900000,63900100,7159,11932,64200000,64200000
1,214,64200000,64200100,7159,11932,64500000,64500000
1,215,64500000,64500100,7159,11932,64800000,64800000
1,216,64800000,64800100,7159,11932,65100000,65100000
1,217,65100000,65100100,7159,11932,65400000,65400000
1,218,65400000,65400100,7159,11932,65700000,65700000
1,219,65700000,65700100,7159,11932,66000000,66000000
1,220,66000000,66000100,7159,11932,66300000,66300000
1,221,66300000,66300100,7159,11932,66600000,66600000
1,222,66600000,66600100,7159,11932,66900000,66900000
1,223,66900000,66900100,7159,11932,67200000,67200000
1,224,67200000,67200100,7159,11932,67500000,67500000
1,225,67500000,67500100,7159,11932,67800000,67800000
1,226,67800000,67800100,7159,11932,68100000,68100000
1,227,68100000,68100100,7159,11932,68400000,68400000
1,228,68400000,68400100,7159,11932,68700000,68700000
1,229,68700000,68700100,7159,11932,69000000,69000000
1,230,69000000,69000100,7159,11932,69300000,69300000
1,231,69300000,69300100,7159,11932,69600000,69600000
1,232,69600000,69600100,7159,11932,69900000,69900000
1,233,69900000,69900100,7159,11932,70200000,70200000
1,234,70200000,70200100,7159,11932,70500000,70500000
1,235,70500000,70500100,7159,11932,70800000,70800000
1,236,70800000,70800100,7159,11932,71100000,71100000
1,237,71100000,71100100,7159,11932,71400000,71400000
1,238,71400000,71400100,7159,11932,71700000,71700000
1,239,71700000,71700100,7159,11932,72000000,72000000
1,240,72000000,72000100,7159,11932,72300000,72300000
1,241,72300000,72300100,7159,11932,72600000,72600000
1,242,72600000,72600100,7159,11932,72900000,72900000
1,243,72900000,72900100,7159,11932,73200000,73200000
1,244,73200000,73200100,7159,11932,73500000,73500000
1,245,73500000,73500100,7159,11932,73800000,73800000
1,246,73800000,73800100,7159,11932,74100000,74100000
1,247,74100000,74100100,7159,11932,74400000,74400000
1,248,74400000,74400100,7159,11932,74700000,74700000
1,249,74700000,74700100,7159,11932,75000000,75000000
1,250,75000000,75000100,7159,11932,75300000,75300000
1,251,75300000,75300100,7159,11932,75600000,75600000
1,252,75600000,75600100,7159,11932,75900000,75900000
1,253,75900000,75900100,7159,11932,76200000,76200000
1,254,76200000,76200100,7159,11932,76500000,76500000
1,255,76500000,76500100,7159,11932,76800000,76800000
1,256,76800000,76800100,7159,11932,77100000,77100000
1,257,77100000,77100100,7159,11932,77400000,77400000
1,258,77400000,77400100,7159,11932,77700000,77700000
1,259,77700000,77700100,7159,11932,78000000,78000000
1,260,78000000,78000100,7159,11932,78300000,78300000
1,261,78300000,78300100,7159,11932,78600000,78600000
1,262,78600000,78600100,7159,11932,78900000,78900000
1,263,78900000,78900100,7159,11932,79200000,79200000
1,264,79200000,79200100,7159,11932,79500000,79500000
1,265,79500000,79500100,7159,11932,79800000,79800000
1,266,79800000,79800100,7159,11932,80100000,80100000
1,267,80100000,80100100,7159,11932,80400000,80400000
1,268,80400000,80400100,7159,11932,80700000,80700000
1,269,80700000,80700100,7159,11932,81000000,81000000
1,270,81000000,81000100,7159,11932,81300000,81300000
1,271,81300000,81300100,7159,11932,81600000,81600000
1,272,81600000,81600100,7159,11932,81900000,81900000
1,273,81900000,81900100,7159,11932,82200000,82200000
1,274,82200000,82200100,7159,11932,82500000,82500000
1,275,82500000,82500100,7159,11932,82800000,82800000
1,276,82800000,82800100,7159,11932,83100000,83100000
1,277,83100000,83100100,7159,11932,83400000,83400000
1,278,83400000,83400100,7159,11932,83700000,83700000
1,279,83700000,83700100,7159,11932,84000000,84000000
1,280,84000000,84000100,7159,11932,84300000,84300000
1,281,84300000,84300100,7159,11932,84600000,84600000
1,282,84600000,84600100,7159,11932,84900000,84900000
1,283,84900000,84900100,7159,11932,85200000,85200000
1,284,85200000,85200100,7159,11932,85500000,85500000
1,285,85500000,85500100,7159,11932,85800000,85800000
1,286,85800000,85800100,7159,11932,86100000,86100000
1,287,86100000,86100100,7159,11932,86400000,86400000
1,288,86400000,86400100,7159,11932,86700000,86700000
1,289,86700000,86700100,7159,11932,87000000,87000000
1,290,87000000,87000100,7159,11932,87300000,87300000
1,291,87300000,87300100,7159,11932,87600000,87600000
1,292,87600000,87600100,7159,11932,87900000,87900000
1,293,87900000,87900100,7159,11932,88200000,88200000
1,294,88200000,88200100,7159,11932,88500000,88500000
1,295,88500000,88500100,7159,11932,88800000,88800000
1,296,88800000,88800100,7159,11932,89100000,89100000
1,297,89100000,89100100,7159,11932,89400000,89400000
1,298,89400000,89400100,7159,11932,89700000,89700000
1,299,89700000,89700100,7159,11932,90000000,90000000
1,300,90000000,90000100,7159,11932,90300000,90300000
1,301,90300000,90300100,7159,11932,90600000,90600000
1,302,90600000,90600100,7159,11932,90900000,90900000
1,303,90900000,90900100,7159,11932,91200000,91200000
1,304,91200000,91200100,7159,11932,91500000,91500000
1,305,91500000,91500100,7159,11932,91800000,91800000
1,306,91800000,91800100,7159,11932,92100000,92100000
1,307,92100000,92100100,7159,11932,92400000,92400000
1,308,92400000,92400100,7159,11932,92700000,92700000
1,309,92700000,92700100,7159,11932,93000000,93000000
1,310,93000000,93000100,7159,11932,93300000,93300000
1,311,93300000,93300100,7159,11932,93600000,93600000
1,312,93600000,93600100,7159,11932,93900000,93900000
1,313,93900000,93900100,7159,11932,94200000,94200000
1,314,94200000,94200100,7159,11932,94500000,94500000
1,315,94500000,94500100,7159,11932,94800000,94800000
1,316,94800000,94800100,7159,11932,95100000,95100000
1,317,95100000,95100100,7159,11932,95400000,95400000
1,318,95400000,95400100,7159,11932,95700000,95700000
1,319,95700000,95700100,7159,11932,96000000,96000000
1,320,96000000,96000100,7159,11932,96300000,96300000
1,321,96300000,96300100,7159,11932,96600000,96600000
1,322,96600000,96600100,7159,11932,96900000,96900000
1,323,96900000,96900100,7159,11932,97200000,97200000
1,324,97200000,97200100,7159,11932,97500000,97500000
1,325,97500000,97500100,7159,11932,97800000,97800000
1,326,97800000,97800100,7159,11932,98100000,98100000
1,327,98100000,98100100,7159,11932,98400000,98400000
1,328,98400000,98400100,7159,11932,98700000,98700000
1,329,98700000,98700100,7159,11932,99000000,99000000
1,330,99000000,99000100,7159,11932,99300000,99300000
1,331,99300000,99300100,7159,11932,99600000,99600000
1,332,99600000,99600100,7159,11932,99900000,99900000
1,333,99900000,99900100,7159,11932,100200000,100200000
1,334,100200000,100200100,7159,11932,100500000,100500000
1,335,100500000,100500100,7159,11932,100800000,100800000
1,336,100800000,100800100,7159,11932,101100000,101100000
1,337,101100000,101100100,7159,11932,101400000,101400000
1,338,101400000,101400100,7159,11932,101700000,101700000
1,339,101700000,101700100,7159,11932,102000000,102000000
1,340,102000000,102000100,7159,11932,102300000,102300000
1,341,102300000,102300100,7159,11932,102600000,102600000
1,342,102600000,102600100,7159,11932,102900000,102900000
1,343,102900000,102900100,7159,11932,103200000,103200000
1,344,103200000,103200100,7159,11932,103500000,103500000
1,345,103500000,103500100,7159,11932,103800000,103800000
1,346,103800000,103800100,7159,11932,104100000,104100000
1,347,104100000,104100100,7159,11932,104400000,104400000
1,348,104400000,104400100,7159,11932,104700000,104700000
1,349,104700000,104700100,7159,11932,105000000,105000000
1,350,105000000,105000100,7159,11932,105300000,105300000
1,351,105300000,105300100,7159,11932,105600000,105600000
1,352,105600000,105600100,7159,11932,105900000,105900000
1,353,105900000,105900100,7159,11932,106200000,106200000
1,354,106200000,106200100,7159,11932,106500000,106500000
1,355,106500000,106500100,7159,11932,106800000,106800000
1,356,106800000,106800100,7159,11932,107100000,107100000
1,357,107100000,107100100,7159,11932,107400000,107400000
1,358,107400000,107400100,7159,11932,107700000,107700000
1,359,107700000,107700100,7159,11932,108000000,108000000
1,360,108000000,108000100,7159,11932,108300000,108300000
1,361,108300000,108300100,7159,11932,108600000,108600000
1,362,108600000,108600100,7159,11932,108900000,108900000
1,363,108900000,108900100,7159,11932,109200000,109200000
1,364,109200000,109200100,7159,11932,109500000,109500000
1,365,109500000,109500100,7159,11932,109800000,109800000
1,366,109800000,109800100,7159,11932,110100000,110100000
1,367,110100000,110100100,7159,11932,110400000,110400000
1,368,110400000,110400100,7159,11932,110700000,110700000
1,369,110700000,110700100,7159,11932,111000000,111000000
1,370,111000000,111000100,7159,11932,111300000,111300000
1,371,111300000,111300100,7159,11932,111600000,111600000
1,372,111600000,111600100,7159,11932,111900000,111900000
1,373,111900000,111900100,7159,11932,112200000,112200000
1,374,112200000,112200100,7159,11932,112500000,112500000
1,375,112500000,112500100,7159,11932,112800000,112800000
1,376,112800000,112800100,7159,11932,113100000,113100000
1,377,113100000,113100100,7159,11932,113400000,113400000
1,378,113400000,113400100,7159,11932,113700000,113700000
1,379,113700000,113700100,7159,11932,114000000,114000000
1,380,114000000,114000100,7159,11932,114300000,114300000
1,381,114300000,114300100,7159,11932,114600000,114600000
1,382,114600000,114600100,7159,11932,114900000,114900000
1,383,114900000,114900100,7159,11932,115200000,115200000
1,384,115200000,115200100,7159,11932,115500000,115500000
1,385,115500000,115500100,7159,11932,115800000,115800000
1,386,115800000,115800100,7159,11932,116100000,116100000
1,387,116100000,116100100,7159,11932,116400000,116400000
1,388,116400000,116400100,7159,11932,116700000,116700000
1,389,116700000,116700100,7159,11932,117000000,117000000
1,390,117000000,117000100,7159,11932,117300000,117300000
1,391,117300000,117300100,7159,11932,117600000,117600000
1,392,117600000,117600100,7159,11932,117900000,117900000
1,393,117900000,117900100,7159,11932,118200000,118200000
1,394,118200000,118200100,7159,11932,118500000,118500000
1,395,118500000,118500100,7159,11932,118800000,118800000
1,396,118800000,118800100,7159,11932,119100000,119100000
1,397,119100000,119100100,7159,11932,119400000,119400000
1,398,119400000,119400100,7159,11932,119700000,119700000
1,399,119700000,119700100,7159,11932,120000000,120000000
1,400,120000000,120000100,7159,11932,120300000,120300000
1,401,120300000,120300100,7159,11932,120600000,120600000
1,402,120600000,120600100,7159,11932,120900000,120900000
1,403,120900000,120900100,7159,11932,121200000,121200000
1,404,121200000,121200100,7159,11932,121500000,121500000
1,405,121500000,121500100,7159,11932,121800000,121800000
1,406,121800000,121800100,7159,11932,122100000,122100000
1,407,122100000,122100100,7159,11932,122400000,122400000
1,408,122400000,122400100,7159,11932,122700000,122700000
1,409,122700000,122700100,7159,11932,123000000,123000000
1,410,123000000,123000100,7159,11932,123300000,123300000
1,411,123300000,123300100,7159,11932,123600000,123600000
1,412,123600000,123600100,7159,11932,123900000,123900000
1,413,123900000,123900100,7159,11932,124200000,124200000
1,414,124200000,124200100,7159,11932,124500000,124500000
1,415,124500000,124500100,7159,11932,124800000,124800000
1,416,124800000,124800100,7159,11932,125100000,125100000
1,417,125100000,125100100,7159,11932,125400000,125400000
1,418,125400000,125400100,7159,11932,125700000,125700000
1,419,125700000,125700100,7159,11932,126000000,126000000
1,420,126000000,126000100,7159,11932,126300000,126300000
1,421,126300000,126300100,7159,11932,126600000,126600000
1,422,126600000,126600100,7159,11932,126900000,126900000
1,423,126900000,126900100,7159,11932,127200000,127200000
1,424,127200000,127200100,7159,11932,127500000,127500000
1,425,127500000,127500100,7159,11932,127800000,127800000
1,426,127800000,127800100,7159,11932,128100000,128100000
1,427,128100000,128100100,7159,11932,128400000,128400000
1,428,128400000,128400100,7159,11932,128700000,128700000
1,429,128700000,128700100,7159,11932,129000000,129000000
1,430,129000000,129000100,7159,11932,129300000,129300000
1,431,129300000,129300100,7159,11932,129600000,129600000
1,432,129600000,129600100,7159,11932,129900000,129900000
1,433,129900000,129900100,7159,11932,130200000,130200000
1,434,130200000,130200100,7159,11932,130500000,130500000
1,435,130500000,130500100,7159,11932,130800000,130800000
1,436,130800000,130800100,7159,11932,131100000,131100000
1,437,131100000,131100100,7159,11932,131400000,131400000
1,438,131400000,131400100,7159,11932,131700000,131700000
1,439,131700000,131700100,7159,11932,132000000,132000000
1,440,132000000,132000100,7159,11932,132300000,132300000
1,441,132300000,132300100,7159,11932,132600000,132600000
1,442,132600000,132600100,7159,11932,132900000,132900000
1,443,132900000,132900100,7159,11932,133200000,133200000
1,444,133200000,133200100,7159,11932,133500000,133500000
1,445,133500000,133500100,7159,11932,133800000,133800000
1,446,133800000,133800100,7159,11932,134100000,134100000
1,447,134100000,134100100,7159,11932,134400000,134400000
1,448,134400000,134400100,7159,11932,134700000,134700000
1,449,134700000,134700100,7159,11932,135000000,135000000
1,450,135000000,135000100,7159,11932,135300000,135300000
1,451,135300000,135300100,7159,11932,135600000,135600000
1,452,135600000,135600100,7159,11932,135900000,135900000
1,453,135900000,135900100,7159,11932,136200000,136200000
1,454,136200000,136200100,7159,11932,136500000,136500000
1,455,136500000,136500100,7159,11932,136800000,136800000
1,456,136800000,136800100,7159,11932,137100000,137100000
1,457,137100000,137100100,7159,11932,137400000,137400000
1,458,137400000,137400100,7159,11932,137700000,137700000
1,459,137700000,137700100,7159,11932,138000000,138000000
1,460,138000000,138000100,7159,11932,138300000,138300000
1,461,138300000,138300100,7159,11932,138600000,138600000
1,462,138600000,138600100,7159,11932,138900000,138900000
1,463,138900000,138900100,7159,11932,139200000,139200000
1,464,139200000,139200100,7159,11932,139500000,139500000
1,465,139500000,139500100,7159,11932,139800000,139800000
1,466,139800000,139800100,7159,11932,140100000,140100000
1,467,140100000,140100100,7159,11932,140400000,140400000
1,468,140400000,140400100,7159,11932,140700000,140700000
1,469,140700000,140700100,7159,11932,141000000,141000000
1,470,141000000,141000100,7159,11932,141300000,141300000
1,471,141300000,141300100,7159,11932,141600000,141600000
1,472,141600000,141600100,7159,11932,141900000,141900000
1,473,141900000,141900100,7159,11932,142200000,142200000
1,474,142200000,142200100,7159,11932,142500000,142500000
1,475,142500000,142500100,7159,11932,142800000,142800000
1,476,142800000,142800100,7159,11932,143100000,143100000
1,477,143100000,143100100,7159,11932,143400000,143400000
1,478,143400000,143400100,7159,11932,143700000,143700000
1,479,143700000,143700100,7159,11932,144000000,144000000
1,480,144000000,144000100,7159,11932,144300000,144300000
1,481,144300000,144300100,7159,11932,144600000,144600000
1,482,144600000,144600100,7159,11932,144900000,144900000
1,483,144900000,144900100,7159,11932,145200000,145200000
1,484,145200000,145200100,7159,11932,145500000,145500000
1,485,145500000,145500100,7159,11932,145800000,145800000
1,486,145800000,145800100,7159,11932,146100000,146100000
1,487,146100000,146100100,7159,11932,146400000,146400000
1,488,146400000,146400100,7159,11932,146700000,146700000
1,489,146700000,146700100,7159,11932,147000000,147000000
1,490,147000000,147000100,7159,11932,147300000,147300000
1,491,147300000,147300100,7159,11932,147600000,147600000
1,492,147600000,147600100,7159,11932,147900000,147900000
1,493,147900000,147900100,7159,11932,148200000,148200000
1,494,148200000,148200100,7159,11932,148500000,148500000
1,495,148500000,148500100,7159,11932,148800000,148800000
1,496,148800000,148800100,7159,11932,149100000,149100000
1,497,149100000,149100100,7159,11932,149400000,149400000
1,498,149400000,149400100,7159,11932,149700000,149700000
1,499,149700000,149700100,7159,11932,150000000,150000000
1,500,150000000,150000100,7159,11932,150300000,150300000
1,501,150300000,150300100,7159,11932,150600000,150600000
1,502,150600000,150600100,7159,11932,150900000,150900000
1,503,150900000,150900100,7159,11932,151200000,151200000
1,504,151200000,151200100,7159,11932,151500000,151500000
1,505,151500000,151500100,7159,11932,151800000,151800000
1,506,151800000,151800100,7159,11932,152100000,152100000
1,507,152100000,152100100,7159,11932,152400000,152400000
1,508,152400000,152400100,7159,11932,152700000,152700000
1,509,152700000,152700100,7159,11932,153000000,153000000
1,510,153000000,153000100,7159,11932,153300000,153300000
1,511,153300000,153300100,7159,11932,153600000,153600000
1,512,153600000,153600100,7159,11932,153900000,153900000
1,513,153900000,153900100,7159,11932,154200000,154200000
1,514,154200000,154200100,7159,11932,154500000,154500000
1,515,154500000,154500100,7159,11932,154800000,154800000
1,516,154800000,154800100,7159,11932,155100000,155100000
1,517,155100000,155100100,7159,11932,155400000,155400000
1,518,155400000,155400100,7159,11932,155700000,155700000
1,519,155700000,155700100,7159,11932,156000000,156000000
1,520,156000000,156000100,7159,11932,156300000,156300000
1,521,156300000,156300100,7159,11932,156600000,156600000
1,522,156600000,156600100,7159,11932,156900000,156900000
1,523,156900000,156900100,7159,11932,157200000,157200000
1,524,157200000,157200100,7159,11932,157500000,157500000
1,525,157500000,157500100,7159,11932,157800000,157800000
1,526,157800000,157800100,7159,11932,158100000,158100000
1,527,158100000,158100100,7159,11932,158400000,158400000
1,528,158400000,158400100,7159,11932,158700000,158700000
1,529,158700000,158700100,7159,11932,159000000,159000000
1,530,159000000,159000100,7159,11932,159300000,159300000
1,531,159300000,159300100,7159,11932,159600000,159600000
1,532,159600000,159600100,7159,11932,159900000,159900000
1,533,159900000,159900100,7159,11932,160200000,160200000
1,534,160200000,160200100,7159,11932,160500000,160500000
1,535,160500000,160500100,7159,11932,160800000,160800000
1,536,160800000,160800100,7159,11932,161100000,161100000
1,537,161100000,161100100,7159,11932,161400000,161400000
1,538,161400000,161400100,7159,11932,161700000,161700000
1,539,161700000,161700100,7159,11932,162000000,162000000
1,540,162000000,162000100,7159,11932,162300000,162300000
1,541,162300000,162300100,7159,11932,162600000,162600000
1,542,162600000,162600100,7159,11932,162900000,162900000
1,543,162900000,162900100,7159,11932,163200000,163200000
1,544,163200000,163200100,7159,11932,163500000,163500000
1,545,163500000,163500100,7159,11932,163800000,163800000
1,546,163800000,163800100,7159,11932,164100000,164100000
1,547,164100000,164100100,7159,11932,164400000,164400000
1,548,164400000,164400100,7159,11932,164700000,164700000
1,549,164700000,164700100,7159,11932,165000000,165000000
1,550,165000000,165000100,7159,11932,165300000,165300000
1,551,165300000,165300100,7159,11932,165600000,165600000
1,552,165600000,165600100,7159,11932,165900000,165900000
1,553,165900000,165900100,7159,11932,166200000,166200000
1,554,166200000,166200100,7159,11932,166500000,166500000
1,555,166500000,166500100,7159,11932,166800000,166800000
1,556,166800000,166800100,7159,11932,167100000,167100000
1,557,167100000,167100100,7159,11932,167400000,167400000
1,558,167400000,167400100,7159,11932,167700000,167700000
1,559,167700000,167700100,7159,11932,168000000,168000000
1,560,168000000,168000100,7159,11932,168300000,168300000
1,561,168300000,168300100,7159,11932,168600000,168600000
1,562,168600000,168600100,7159,11932,168900000,168900000
1,563,168900000,168900100,7159,11932,169200000,169200000
1,564,169200000,169200100,7159,11932,169500000,169500000
1,565,169500000,169500100,7159,11932,169800000,169800000
1,566,169800000,169800100,7159,11932,170100000,170100000
1,567,170100000,170100100,7159,11932,170400000,170400000
1,568,170400000,170400100,7159,11932,170700000,170700000
1,569,170700000,170700100,7159,11932,171000000,171000000
1,570,171000000,171000100,7159,11932,171300000,171300000
1,571,171300000,171300100,7159,11932,171600000,171600000
1,572,171600000,171600100,7159,11932,171900000,171900000
1,573,171900000,171900100,7159,11932,172200000,172200000
1,574,172200000,172200100,7159,11932,172500000,172500000
1,575,172500000,172500100,7159,11932,172800000,172800000
1,576,172800000,172800100,7159,11932,173100000,173100000
1,577,173100000,173100100,7159,11932,173400000,173400000
1,578,173400000,173400100,7159,11932,173700000,173700000
1,579,173700000,173700100,7159,11932,174000000,174000000
1,580,174000000,174000100,7159,11932,174300000,174300000
1,581,174300000,174300100,7159,11932,174600000,174600000
1,582,174600000,174600100,7159,11932,174900000,174900000
1,583,174900000,174900100,7159,11932,175200000,175200000
1,584,175200000,175200100,7159,11932,175500000,175500000
1,585,175500000,175500100,7159,11932,175800000,175800000
1,586,175800000,175800100,7159,11932,176100000,176100000
1,587,176100000,176100100,7159,11932,176400000,176400000
1,588,176400000,176400100,7159,11932,176700000,176700000
1,589,176700000,176700100,7159,11932,177000000,177000000
1,590,177000000,177000100,7159,11932,177300000,177300000
1,591,177300000,177300100,7159,11932,177600000,177600000
1,592,177600000,177600100,7159,11932,177900000,177900000
1,593,177900000,177900100,7159,11932,178200000,178200000
1,594,178200000,178200100,7159,11932,178500000,178500000
1,595,178500000,178500100,7159,11932,178800000,178800000
1,596,178800000,178800100,7159,11932,179100000,179100000
1,597,179100000,179100100,7159,11932,179400000,179400000
1,598,179400000,179400100,7159,11932,179700000,179700000
1,599,179700000,179700100,7159,11932,180000000,180000000
1,600,180000000,180000100,7159,11932,180300000,180300000
1,601,180300000,180300100,7159,11932,180600000,180600000
1,602,180600000,180600100,7159,11932,180900000,180900000
1,603,180900000,180900100,7159,11932,181200000,181200000
1,604,181200000,181200100,7159,11932,181500000,181500000
1,605,181500000,181500100,7159,11932,181800000,181800000
1,606,181800000,181800100,7159,11932,182100000,182100000
1,607,182100000,182100100,7159,11932,182400000,182400000
1,608,182400000,182400100,7159,11932,182700000,182700000
1,609,182700000,182700100,7159,11932,183000000,183000000
1,610,183000000,183000100,7159,11932,183300000,183300000
1,611,183300000,183300100,7159,11932,183600000,183600000
1,612,183600000,183600100,7159,11932,183900000,183900000
1,613,183900000,183900100,7159,11932,184200000,184200000
1,614,184200000,184200100,7159,11932,184500000,184500000
1,615,184500000,184500100,7159,11932,184800000,184800000
1,616,184800000,184800100,7159,11932,185100000,185100000
1,617,185100000,185100100,7159,11932,185400000,185400000
1,618,185400000,185400100,7159,11932,185700000,185700000
1,619,185700000,185700100,7159,11932,186000000,186000000
1,620,186000000,186000100,7159,11932,186300000,186300000
1,621,186300000,186300100,7159,11932,186600000,186600000
1,622,186600000,186600100,7159,11932,186900000,186900000
1,623,186900000,186900100,7159,11932,187200000,187200000
1,624,187200000,187200100,7159,11932,187500000,187500000
1,625,187500000,187500100,7159,11932,187800000,187800000
1,626,187800000,187800100,7159,11932,188100000,188100000
1,627,188100000,188100100,7159,11932,188400000,188400000
1,628,188400000,188400100,7159,11932,188700000,188700000
1,629,188700000,188700100,7159,11932,189000000,189000000
1,630,189000000,189000100,7159,11932,189300000,189300000
1,631,189300000,189300100,7159,11932,189600000,189600000
1,632,189600000,189600100,7159,11932,189900000,189900000
1,633,189900000,189900100,7159,11932,190200000,190200000
1,634,190200000,190200100,7159,11932,190500000,190500000
1,635,190500000,190500100,7159,11932,190800000,190800000
1,636,190800000,190800100,7159,11932,191100000,191100000
1,637,191100000,191100100,7159,11932,191400000,191400000
1,638,191400000,191400100,7159,11932,191700000,191700000
1,639,191700000,191700100,7159,11932,192000000,192000000
1,640,192000000,192000100,7159,11932,192300000,192300000
1,641,192300000,192300100,7159,11932,192600000,192600000
1,642,192600000,192600100,7159,11932,192900000,192900000
1,643,192900000,192900100,7159,11932,193200000,193200000
1,644,193200000,193200100,7159,11932,193500000,193500000
1,645,193500000,193500100,7159,11932,193800000,193800000
1,646,193800000,193800100,7159,11932,194100000,194100000
1,647,194100000,194100100,7159,11932,194400000,194400000
1,648,194400000,194400100,7159,11932,194700000,194700000
1,649,194700000,194700100,7159,11932,195000000,195000000
1,650,195000000,195000100,7159,11932,195300000,195300000
1,651,195300000,195300100,7159,11932,195600000,195600000
1,652,195600000,195600100,7159,11932,195900000,195900000
1,653,195900000,195900100,7159,11932,196200000,196200000
1,654,196200000,196200100,7159,11932,196500000,196500000
1,655,196500000,196500100,7159,11932,196800000,196800000
1,656,196800000,196800100,7159,11932,197100000,197100000
1,657,197100000,197100100,7159,11932,197400000,197400000
1,658,197400000,197400100,7159,11932,197700000,197700000
1,659,197700000,197700100,7159,11932,198000000,198000000
1,660,198000000,198000100,7159,11932,198300000,198300000
1,661,198300000,198300100,7159,11932,198600000,198600000
1,662,198600000,198600100,7159,11932,198900000,198900000
1,663,198900000,198900100,7159,11932,199200000,199200000
1,664,199200000,199200100,7159,11932,199500000,199500000
1,665,199500000,199500100,7159,11932,199800000,199800000
1,666,199800000,199800100,7159,11932,200100000,200100000
1,667,200100000,200100100,7159,11932,200400000,200400000
1,668,200400000,200400100,7159,11932,200700000,200700000
1,669,200700000,200700100,7159,11932,201000000,201000000
1,670,201000000,201000100,7159,11932,201300000,201300000
1,671,201300000,201300100,7159,11932,201600000,201600000
1,672,201600000,201600100,7159,11932,201900000,201900000
1,673,201900000,201900100,7159,11932,202200000,202200000
1,674,202200000,202200100,7159,11932,202500000,202500000
1,675,202500000,202500100,7159,11932,202800000,202800000
1,676,202800000,202800100,7159,11932,203100000,203100000
1,677,203100000,203100100,7159,11932,203400000,203400000
1,678,203400000,203400100,7159,11932,203700000,203700000
1,679,203700000,203700100,7159,11932,204000000,204000000
1,680,204000000,204000100,7159,11932,204300000,204300000
1,681,204300000,204300100,7159,11932,204600000,204600000
1,682,204600000,204600100,7159,11932,204900000,204900000
1,683,204900000,204900100,7159,11932,205200000,205200000
1,684,205200000,205200100,7159,11932,205500000,205500000
1,685,205500000,205500100,7159,11932,205800000,205800000
1,686,205800000,205800100,7159,11932,206100000,206100000
1,687,206100000,206100100,7159,11932,206400000,206400000
1,688,206400000,206400100,7159,11932,206700000,206700000
1,689,206700000,206700100,7159,11932,207000000,207000000
1,690,207000000,207000100,7159,11932,207300000,207300000
1,691,207300000,207300100,7159,11932,207600000,207600000
1,692,207600000,207600100,7159,11932,207900000,207900000
1,693,207900000,207900100,7159,11932,208200000,208200000
1,694,208200000,208200100,7159,11932,208500000,208500000
1,695,208500000,208500100,7159,11932,208800000,208800000
1,696,208800000,208800100,7159,11932,209100000,209100000
1,697,209100000,209100100,7159,11932,209400000,209400000
1,698,209400000,209400100,7159,11932,209700000,209700000
1,699,209700000,209700100,7159,11932,210000000,210000000
1,700,210000000,210000100,7159,11932,210300000,210300000
1,701,210300000,210300100,7159,11932,210600000,210600000
1,702,210600000,210600100,7159,11932,210900000,210900000
1,703,210900000,210900100,7159,11932,211200000,211200000
1,704,211200000,211200100,7159,11932,211500000,211500000
1,705,211500000,211500100,7159,11932,211800000,211800000
1,706,211800000,211800100,7159,11932,212100000,212100000
1,707,212100000,212100100,7159,11932,212400000,212400000
1,708,212400000,212400100,7159,11932,212700000,212700000
1,709,212700000,212700100,7159,11932,213000000,213000000
1,710,213000000,213000100,7159,11932,213300000,213300000
1,711,213300000,213300100,7159,11932,213600000,213600000
1,712,213600000,213600100,7159,11932,213900000,213900000
1,713,213900000,213900100,7159,11932,214200000,214200000
1,714,214200000,214200100,7159,11932,214500000,214500000
1,715,214500000,214500100,7159,11932,214800000,214800000
1,716,214800000,214800100,7159,11932,215100000,215100000
1,717,215100000,215100100,7159,11932,215400000,215400000
1,718,215400000,215400100,7159,11932,215700000,215700000
1,719,215700000,215700100,7159,11932,216000000,216000000
1,720,216000000,216000100,7159,11932,216300000,216300000
1,721,216300000,216300100,7159,11932,216600000,216600000
1,722,216600000,216600100,7159,11932,216900000,216900000
1,723,216900000,216900100,7159,11932,217200000,217200000
1,724,217200000,217200100,7159,11932,217500000,217500000
1,725,217500000,217500100,7159,11932,217800000,217800000
1,726,217800000,217800100,7159,11932,218100000,218100000
1,727,218100000,218100100,7159,11932,218400000,218400000
1,728,218400000,218400100,7159,11932,218700000,218700000
1,729,218700000,218700100,7159,11932,219000000,219000000
1,730,219000000,219000100,7159,11932,219300000,219300000
1,731,219300000,219300100,7159,11932,219600000,219600000
1,732,219600000,219600100,7159,11932,219900000,219900000
1,733,219900000,219900100,7159,11932,220200000,220200000
1,734,220200000,220200100,7159,11932,220500000,220500000
1,735,220500000,220500100,7159,11932,220800000,220800000
1,736,220800000,220800100,7159,11932,221100000,221100000
1,737,221100000,221100100,7159,11932,221400000,221400000
1,738,221400000,221400100,7159,11932,221700000,221700000
1,739,221700000,221700100,7159,11932,222000000,222000000
1,740,222000000,222000100,7159,11932,222300000,222300000
1,741,222300000,222300100,7159,11932,222600000,222600000
1,742,222600000,222600100,7159,11932,222900000,222900000
1,743,222900000,222900100,7159,11932,223200000,223200000
1,744,223200000,223200100,7159,11932,223500000,223500000
1,745,223500000,223500100,7159,11932,223800000,223800000
1,746,223800000,223800100,7159,11932,224100000,224100000
1,747,224100000,224100100,7159,11932,224400000,224400000
1,748,224400000,224400100,7159,11932,224700000,224700000
1,749,224700000,224700100,7159,11932,225000000,225000000
1,750,225000000,225000100,7159,11932,225300000,225300000
1,751,225300000,225300100,7159,11932,225600000,225600000
1,752,225600000,225600100,7159,11932,225900000,225900000
1,753,225900000,225900100,7159,11932,226200000,226200000
1,754,226200000,226200100,7159,11932,226500000,226500000
1,755,226500000,226500100,7159,11932,226800000,226800000
1,756,226800000,226800100,7159,11932,227100000,227100000
1,757,227100000,227100100,7159,11932,227400000,227400000
1,758,227400000,227400100,7159,11932,227700000,227700000
1,759,227700000,227700100,7159,11932,228000000,228000000
1,760,228000000,228000100,7159,11932,228300000,228300000
1,761,228300000,228300100,7159,11932,228600000,228600000
1,762,228600000,228600100,7159,11932,228900000,228900000
1,763,228900000,228900100,7159,11932,229200000,229200000
1,764,229200000,229200100,7159,11932,229500000,229500000
1,765,229500000,229500100,7159,11932,229800000,229800000
1,766,229800000,229800100,7159,11932,230100000,230100000
1,767,230100000,230100100,7159,11932,230400000,230400000
1,768,230400000,230400100,7159,11932,230700000,230700000
1,769,230700000,230700100,7159,11932,231000000,231000000
1,770,231000000,231000100,7159,11932,231300000,231300000
1,771,231300000,231300100,7159,11932,231600000,231600000
1,772,231600000,231600100,7159,11932,231900000,231900000
1,773,231900000,231900100,7159,11932,232200000,232200000
1,774,232200000,232200100,7159,11932,232500000,232500000
1,775,232500000,232500100,7159,11932,232800000,232800000
1,776,232800000,232800100,7159,11932,233100000,233100000
1,777,233100000,233100100,7159,11932,233400000,233400000
1,778,233400000,233400100,7159,11932,233700000,233700000
1,779,233700000,233700100,7159,11932,234000000,234000000
1,780,234000000,234000100,7159,11932,234300000,234300000
1,781,234300000,234300100,7159,11932,234600000,234600000
1,782,234600000,234600100,7159,11932,234900000,234900000
1,783,234900000,234900100,7159,11932,235200000,235200000
1,784,235200000,235200100,7159,11932,235500000,235500000
1,785,235500000,235500100,7159,11932,235800000,235800000
1,786,235800000,235800100,7159,11932,236100000,236100000
1,787,236100000,236100100,7159,11932,236400000,236400000
1,788,236400000,236400100,7159,11932,236700000,236700000
1,789,236700000,236700100,7159,11932,237000000,237000000
1,790,237000000,237000100,7159,11932,237300000,237300000
1,791,237300000,237300100,7159,11932,237600000,237600000
1,792,237600000,237600100,7159,11932,237900000,237900000
1,793,237900000,237900100,7159,11932,238200000,238200000
1,794,238200000,238200100,7159,11932,238500000,238500000
1,795,238500000,238500100,7159,11932,238800000,238800000
1,796,238800000,238800100,7159,11932,239100000,239100000
1,797,239100000,239100100,7159,11932,239400000,239400000
1,798,239400000,239400100,7159,11932,239700000,239700000
1,799,239700000,239700100,7159,11932,240000000,240000000
1,800,240000000,240000100,7159,11932,240300000,240300000
1,801,240300000,240300100,7159,11932,240600000,240600000
1,802,240600000,240600100,7159,11932,240900000,240900000
1,803,240900000,240900100,7159,11932,241200000,241200000
1,804,241200000,241200100,7159,11932,241500000,241500000
1,805,241500000,241500100,7159,11932,241800000,241800000
1,806,241800000,241800100,7159,11932,242100000,242100000
1,807,242100000,242100100,7159,11932,242400000,242400000
1,808,242400000,242400100,7159,11932,242700000,242700000
1,809,242700000,242700100,7159,11932,243000000,243000000
1,810,243000000,243000100,7159,11932,243300000,243300000
1,811,243300000,243300100,7159,11932,243600000,243600000
1,812,243600000,243600100,7159,11932,243900000,243900000
1,813,243900000,243900100,7159,11932,244200000,244200000
1,814,244200000,244200100,7159,11932,244500000,244500000
1,815,244500000,244500100,7159,11932,244800000,244800000
1,816,244800000,244800100,7159,11932,245100000,245100000
1,817,245100000,245100100,7159,11932,245400000,245400000
1,818,245400000,245400100,7159,11932,245700000,245700000
1,819,245700000,245700100,7159,11932,246000000,246000000
1,820,246000000,246000100,7159,11932,246300000,246300000
1,821,246300000,246300100,7159,11932,246600000,246600000
1,822,246600000,246600100,7159,11932,246900000,246900000
1,823,246900000,246900100,7159,11932,247200000,247200000
1,824,247200000,247200100,7159,11932,247500000,247500000
1,825,247500000,247500100,7159,11932,247800000,247800000
1,826,247800000,247800100,7159,11932,248100000,248100000
1,827,248100000,248100100,7159,11932,248400000,248400000
1,828,248400000,248400100,7159,11932,248700000,248700000
1,829,248700000,248700100,7159,11932,249000000,249000000
1,830,249000000,249000100,7159,11932,249300000,249300000
1,831,249300000,249300100,7159,11932,249600000,249600000
1,832,249600000,249600100,7159,11932,249900000,249900000
1,833,249900000,249900100,7159,11932,250200000,250200000
1,834,250200000,250200100,7159,11932,250500000,250500000
1,835,250500000,250500100,7159,11932,250800000,250800000
1,836,250800000,250800100,7159,11932,251100000,251100000
1,837,251100000,251100100,7159,11932,251400000,251400000
1,838,251400000,251400100,7159,11932,251700000,251700000
1,839,251700000,251700100,7159,11932,252000000,252000000
1,840,252000000,252000100,7159,11932,252300000,252300000
1,841,252300000,252300100,7159,11932,252600000,252600000
1,842,252600000,252600100,7159,11932,252900000,252900000
1,843,252900000,252900100,7159,11932,253200000,253200000
1,844,253200000,253200100,7159,11932,253500000,253500000
1,845,253500000,253500100,7159,11932,253800000,253800000
1,846,253800000,253800100,7159,11932,254100000,254100000
1,847,254100000,254100100,7159,11932,254400000,254400000
1,848,254400000,254400100,7159,11932,254700000,254700000
1,849,254700000,254700100,7159,11932,255000000,255000000
1,850,255000000,255000100,7159,11932,255300000,255300000
1,851,255300000,255300100,7159,11932,255600000,255600000
1,852,255600000,255600100,7159,11932,255900000,255900000
1,853,255900000,255900100,7159,11932,256200000,256200000
1,854,256200000,256200100,7159,11932,256500000,256500000
1,855,256500000,256500100,7159,11932,256800000,256800000
1,856,256800000,256800100,7159,11932,257100000,257100000
1,857,257100000,257100100,7159,11932,257400000,257400000
1,858,257400000,257400100,7159,11932,257700000,257700000
1,859,257700000,257700100,7159,11932,258000000,258000000
1,860,258000000,258000100,7159,11932,258300000,258300000
1,861,258300000,258300100,7159,11932,258600000,258600000
1,862,258600000,258600100,7159,11932,258900000,258900000
1,863,258900000,258900100,7159,11932,259200000,259200000
1,864,259200000,259200100,7159,11932,259500000,259500000
1,865,259500000,259500100,7159,11932,259800000,259800000
1,866,259800000,259800100,7159,11932,260100000,260100000
1,867,260100000,260100100,7159,11932,260400000,260400000
1,868,260400000,260400100,7159,11932,260700000,260700000
1,869,260700000,260700100,7159,11932,261000000,261000000
1,870,261000000,261000100,7159,11932,261300000,261300000
1,871,261300000,261300100,7159,11932,261600000,261600000
1,872,261600000,261600100,7159,11932,261900000,261900000
1,873,261900000,261900100,7159,11932,262200000,262200000
1,874,262200000,262200100,7159,11932,262500000,262500000
1,875,262500000,262500100,7159,11932,262800000,262800000
1,876,262800000,262800100,7159,11932,263100000,263100000
1,877,263100000,263100100,7159,11932,263400000,263400000
1,878,263400000,263400100,7159,11932,263700000,263700000
1,879,263700000,263700100,7159,11932,264000000,264000000
1,880,264000000,264000100,7159,11932,264300000,264300000
1,881,264300000,264300100,7159,11932,264600000,264600000
1,882,264600000,264600100,7159,11932,264900000,264900000
1,883,264900000,264900100,7159,11932,265200000,265200000
1,884,265200000,265200100,7159,11932,265500000,265500000
1,885,265500000,265500100,7159,11932,265800000,265800000
1,886,265800000,265800100,7159,11932,266100000,266100000
1,887,266100000,266100100,7159,11932,266400000,266400000
1,888,266400000,266400100,7159,11932,266700000,266700000
1,889,266700000,266700100,7159,11932,267000000,267000000
1,890,267000000,267000100,7159,11932,267300000,267300000
1,891,267300000,267300100,7159,11932,267600000,267600000
1,892,267600000,267600100,7159,11932,267900000,267900000
1,893,267900000,267900100,7159,11932,268200000,268200000
1,894,268200000,268200100,7159,11932,268500000,268500000
1,895,268500000,268500100,7159,11932,268800000,268800000
1,896,268800000,268800100,7159,11932,269100000,269100000
1,897,269100000,269100100,7159,11932,269400000,269400000
1,898,269400000,269400100,7159,11932,269700000,269700000
1,899,269700000,269700100,7159,11932,270000000,270000000
1,900,270000000,270000100,7159,11932,270300000,270300000
1,901,270300000,270300100,7159,11932,270600000,270600000
1,902,270600000,270600100,7159,11932,270900000,270900000
1,903,270900000,270900100,7159,11932,271200000,271200000
1,904,271200000,271200100,7159,11932,271500000,271500000
1,905,271500000,271500100,7159,11932,271800000,271800000
1,906,271800000,271800100,7159,11932,272100000,272100000
1,907,272100000,272100100,7159,11932,272400000,272400000
1,908,272400000,272400100,7159,11932,272700000,272700000
1,909,272700000,272700100,7159,11932,273000000,273000000
1,910,273000000,273000100,7159,11932,273300000,273300000
1,911,273300000,273300100,7159,11932,273600000,273600000
1,912,273600000,273600100,7159,11932,273900000,273900000
1,913,273900000,273900100,7159,11932,274200000,274200000
1,914,274200000,274200100,7159,11932,274500000,274500000
1,915,274500000,274500100,7159,11932,274800000,274800000
1,916,274800000,274800100,7159,11932,275100000,275100000
1,917,275100000,275100100,7159,11932,275400000,275400000
1,918,275400000,275400100,7159,11932,275700000,275700000
1,919,275700000,275700100,7159,11932,276000000,276000000
1,920,276000000,276000100,7159,11932,276300000,276300000
1,921,276300000,276300100,7159,11932,276600000,276600000
1,922,276600000,276600100,7159,11932,276900000,276900000
1,923,276900000,276900100,7159,11932,277200000,277200000
1,924,277200000,277200100,7159,11932,277500000,277500000
1,925,277500000,277500100,7159,11932,277800000,277800000
1,926,277800000,277800100,7159,11932,278100000,278100000
1,927,278100000,278100100,7159,11932,278400000,278400000
1,928,278400000,278400100,7159,11932,278700000,278700000
1,929,278700000,278700100,7159,11932,279000000,279000000
1,930,279000000,279000100,7159,11932,279300000,279300000
1,931,279300000,279300100,7159,11932,279600000,279600000
1,932,279600000,279600100,7159,11932,279900000,279900000
1,933,279900000,279900100,7159,11932,280200000,280200000
1,934,280200000,280200100,7159,11932,280500000,280500000
1,935,280500000,280500100,7159,11932,280800000,280800000
1,936,280800000,280800100,7159,11932,281100000,281100000
1,937,281100000,281100100,7159,11932,281400000,281400000
1,938,281400000,281400100,7159,11932,281700000,281700000
1,939,281700000,281700100,7159,11932,282000000,282000000
1,940,282000000,282000100,7159,11932,282300000,282300000
1,941,282300000,282300100,7159,11932,282600000,282600000
1,942,282600000,282600100,7159,11932,282900000,282900000
1,943,282900000,282900100,7159,11932,283200000,283200000
1,944,283200000,283200100,7159,11932,283500000,283500000
1,945,283500000,283500100,7159,11932,283800000,283800000
1,946,283800000,283800100,7159,11932,284100000,284100000
1,947,284100000,284100100,7159,11932,284400000,284400000
1,948,284400000,284400100,7159,11932,284700000,284700000
1,949,284700000,284700100,7159,11932,285000000,285000000
1,950,285000000,285000100,7159,11932,285300000,285300000
1,951,285300000,285300100,7159,11932,285600000,285600000
1,952,285600000,285600100,7159,11932,285900000,285900000
1,953,285900000,285900100,7159,11932,286200000,286200000
1,954,286200000,286200100,7159,11932,286500000,286500000
1,955,286500000,286500100,7159,11932,286800000,286800000
1,956,286800000,286800100,7159,11932,287100000,287100000
1,957,287100000,287100100,7159,11932,287400000,287400000
1,958,287400000,287400100,7159,11932,287700000,287700000
1,959,287700000,287700100,7159,11932,288000000,288000000
1,960,288000000,288000100,7159,11932,288300000,288300000
1,961,288300000,288300100,7159,11932,288600000,288600000
1,962,288600000,288600100,7159,11932,288900000,288900000
1,963,288900000,288900100,7159,11932,289200000,289200000
1,964,289200000,289200100,7159,11932,289500000,289500000
1,965,289500000,289500100,7159,11932,289800000,289800000
1,966,289800000,289800100,7159,11932,290100000,290100000
1,967,290100000,290100100,7159,11932,290400000,290400000
1,968,290400000,290400100,7159,11932,290700000,290700000
1,969,290700000,290700100,7159,11932,291000000,291000000
1,970,291000000,291000100,7159,11932,291300000,291300000
1,971,291300000,291300100,7159,11932,291600000,291600000
1,972,291600000,291600100,7159,11932,291900000,291900000
1,973,291900000,291900100,7159,11932,292200000,292200000
1,974,292200000,292200100,7159,11932,292500000,292500000
1,975,292500000,292500100,7159,11932,292800000,292800000
1,976,292800000,292800100,7159,11932,293100000,293100000
1,977,293100000,293100100,7159,11932,293400000,293400000
1,978,293400000,293400100,7159,11932,293700000,293700000
1,979,293700000,293700100,7159,11932,294000000,294000000
1,980,294000000,294000100,7159,11932,294300000,294300000
1,981,294300000,294300100,7159,11932,294600000,294600000
1,982,294600000,294600100,7159,11932,294900000,294900000
1,983,294900000,294900100,7159,11932,295200000,295200000
1,984,295200000,295200100,7159,11932,295500000,295500000
1,985,295500000,295500100,7159,11932,295800000,295800000
1,986,295800000,295800100,7159,11932,296100000,296100000
1,987,296100000,296100100,7159,11932,296400000,296400000
1,988,296400000,296400100,7159,11932,296700000,296700000
1,989,296700000,296700100,7159,11932,297000000,297000000
1,990,297000000,297000100,7159,11932,297300000,297300000
1,991,297300000,297300100,7159,11932,297600000,297600000
1,992,297600000,297600100,7159,11932,297900000,297900000
1,993,297900000,297900100,7159,11932,298200000,298200000
1,994,298200000,298200100,7159,11932,298500000,298500000
1,995,298500000,298500100,7159,11932,298800000,298800000
1,996,298800000,298800100,7159,11932,299100000,299100000
1,997,299100000,299100100,7159,11932,299400000,299400000
1,998,299400000,299400100,7159,11932,299700000,299700000
1,999,299700000,299700100,7159,11932,300000000,300000000
1,1000,300000000,300000100,7159,11932,300300000,300300000
1,1001,300300000,300300100,7159,11932,300600000,300600000
1,1002,300600000,300600100,7159,11932,300900000,300900000
1,1003,300900000,300900100,7159,11932,301200000,301200000
1,1004,301200000,301200100,7159,11932,301500000,301500000
1,1005,301500000,301500100,7159,11932,301800000,301800000
1,1006,301800000,301800100,7159,11932,302100000,302100000
1,1007,302100000,302100100,7159,11932,302400000,302400000
1,1008,302400000,302400100,7159,11932,302700000,302700000
1,1009,302700000,302700100,7159,11932,303000000,303000000
1,1010,303000000,303000100,7159,11932,303300000,303300000
1,1011,303300000,303300100,7159,11932,303600000,303600000
1,1012,303600000,303600100,7159,11932,303900000,303900000
1,1013,303900000,303900100,7159,11932,304200000,304200000
1,1014,304200000,304200100,7159,11932,304500000,304500000
1,1015,304500000,304500100,7159,11932,304800000,304800000
1,1016,304800000,304800100,7159,11932,305100000,305100000
1,1017,305100000,305100100,7159,11932,305400000,305400000
1,1018,305400000,305400100,7159,11932,305700000,305700000
1,1019,305700000,305700100,7159,11932,306000000,306000000
1,1020,306000000,306000100,7159,11932,306300000,306300000
1,1021,306300000,306300100,7159,11932,306600000,306600000
1,1022,306600000,306600100,7159,11932,306900000,306900000
1,1023,306900000,306900100,7159,11932,307200000,307200000
1,1024,307200000,307200100,7159,11932,307500000,307500000
1,1025,307500000,307500100,7159,11932,307800000,307800000
1,1026,307800000,307800100,7159,11932,308100000,308100000
1,1027,308100000,308100100,7159,11932,308400000,308400000
1,1028,308400000,308400100,7159,11932,308700000,308700000
1,1029,308700000,308700100,7159,11932,309000000,309000000
1,1030,309000000,309000100,7159,11932,309300000,309300000
1,1031,309300000,309300100,7159,11932,309600000,309600000
1,1032,309600000,309600100,7159,11932,309900000,309900000
1,1033,309900000,309900100,7159,11932,310200000,310200000
1,1034,310200000,310200100,7159,11932,310500000,310500000
1,1035,310500000,310500100,7159,11932,310800000,310800000
1,1036,310800000,310800100,7159,11932,311100000,311100000
1,1037,311100000,311100100,7159,11932,311400000,311400000
1,1038,311400000,311400100,7159,11932,311700000,311700000
1,1039,311700000,311700100,7159,11932,312000000,312000000
1,1040,312000000,312000100,7159,11932,312300000,312300000
1,1041,312300000,312300100,7159,11932,312600000,312600000
1,1042,312600000,312600100,7159,11932,312900000,312900000
1,1043,312900000,312900100,7159,11932,313200000,313200000
1,1044,313200000,313200100,7159,11932,313500000,313500000
1,1045,313500000,313500100,7159,11932,313800000,313800000
1,1046,313800000,313800100,7159,11932,314100000,314100000
1,1047,314100000,314100100,7159,11932,314400000,314400000
1,1048,314400000,314400100,7159,11932,314700000,314700000
1,1049,314700000,314700100,7159,11932,315000000,315000000
1,1050,315000000,315000100,7159,11932,315300000,315300000
1,1051,315300000,315300100,7159,11932,315600000,315600000
1,1052,315600000,315600100,7159,11932,315900000,315900000
1,1053,315900000,315900100,7159,11932,316200000,316200000
1,1054,316200000,316200100,7159,11932,316500000,316500000
1,1055,316500000,316500100,7159,11932,316800000,316800000
1,1056,316800000,316800100,7159,11932,317100000,317100000
1,1057,317100000,317100100,7159,11932,317400000,317400000
1,1058,317400000,317400100,7159,11932,317700000,317700000
1,1059,317700000,317700100,7159,11932,318000000,318000000
1,1060,318000000,318000100,7159,11932,318300000,318300000
1,1061,318300000,318300100,7159,11932,318600000,318600000
1,1062,318600000,318600100,7159,11932,318900000,318900000
1,1063,318900000,318900100,7159,11932,319200000,319200000
1,1064,319200000,319200100,7159,11932,319500000,319500000
1,1065,319500000,319500100,7159,11932,319800000,319800000
1,1066,319800000,319800100,7159,11932,320100000,320100000
1,1067,320100000,320100100,7159,11932,320400000,320400000
1,1068,320400000,320400100,7159,11932,320700000,320700000
1,1069,320700000,320700100,7159,11932,321000000,321000000
1,1070,321000000,321000100,7159,11932,321300000,321300000
1,1071,321300000,321300100,7159,11932,321600000,321600000
1,1072,321600000,321600100,7159,11932,321900000,321900000
1,1073,321900000,321900100,7159,11932,322200000,322200000
1,1074,322200000,322200100,7159,11932,322500000,322500000
1,1075,322500000,322500100,7159,11932,322800000,322800000
1,1076,322800000,322800100,7159,11932,323100000,323100000
1,1077,323100000,323100100,7159,11932,323400000,323400000
1,1078,323400000,323400100,7159,11932,323700000,323700000
1,1079,323700000,323700100,7159,11932,324000000,324000000
1,1080,324000000,324000100,7159,11932,324300000,324300000
1,1081,324300000,324300100,7159,11932,324600000,324600000
1,1082,324600000,324600100,7159,11932,324900000,324900000
1,1083,324900000,324900100,7159,11932,325200000,325200000
1,1084,325200000,325200100,7159,11932,325500000,325500000
1,1085,325500000,325500100,7159,11932,325800000,325800000
1,1086,325800000,325800100,7159,11932,326100000,326100000
1,1087,326100000,326100100,7159,11932,326400000,326400000
1,1088,326400000,326400100,7159,11932,326700000,326700000
1,1089,326700000,326700100,7159,11932,327000000,327000000
1,1090,327000000,327000100,7159,11932,327300000,327300000
1,1091,327300000,327300100,7159,11932,327600000,327600000
1,1092,327600000,327600100,7159,11932,327900000,327900000
1,1093,327900000,327900100,7159,11932,328200000,328200000
1,1094,328200000,328200100,7159,11932,328500000,328500000
1,1095,328500000,328500100,7159,11932,328800000,328800000
1,1096,328800000,328800100,7159,11932,329100000,329100000
1,1097,329100000,329100100,7159,11932,329400000,329400000
1,1098,329400000,329400100,7159,11932,329700000,329700000
1,1099,329700000,329700100,7159,11932,330000000,330000000
1,1100,330000000,330000100,7159,11932,330300000,330300000
1,1101,330300000,330300100,7159,11932,330600000,330600000
1,1102,330600000,330600100,7159,11932,330900000,330900000
1,1103,330900000,330900100,7159,11932,331200000,331200000
1,1104,331200000,331200100,7159,11932,331500000,331500000
1,1105,331500000,331500100,7159,11932,331800000,331800000
1,1106,331800000,331800100,7159,11932,332100000,332100000
1,1107,332100000,332100100,7159,11932,332400000,332400000
1,1108,332400000,332400100,7159,11932,332700000,332700000
1,1109,332700000,332700100,7159,11932,333000000,333000000
1,1110,333000000,333000100,7159,11932,333300000,333300000
1,1111,333300000,333300100,7159,11932,333600000,333600000
1,1112,333600000,333600100,7159,11932,333900000,333900000
1,1113,333900000,333900100,7159,11932,334200000,334200000
1,1114,334200000,334200100,7159,11932,334500000,334500000
1,1115,334500000,334500100,7159,11932,334800000,334800000
1,1116,334800000,334800100,7159,11932,335100000,335100000
1,1117,335100000,335100100,7159,11932,335400000,335400000
1,1118,335400000,335400100,7159,11932,335700000,335700000
1,1119,335700000,335700100,7159,11932,336000000,336000000
1,1120,336000000,336000100,7159,11932,336300000,336300000
1,1121,336300000,336300100,7159,11932,336600000,336600000
1,1122,336600000,336600100,7159,11932,336900000,336900000
1,1123,336900000,336900100,7159,11932,337200000,337200000
1,1124,337200000,337200100,7159,11932,337500000,337500000
1,1125,337500000,337500100,7159,11932,337800000,337800000
1,1126,337800000,337800100,7159,11932,338100000,338100000
1,1127,338100000,338100100,7159,11932,338400000,338400000
1,1128,338400000,338400100,7159,11932,338700000,338700000
1,1129,338700000,338700100,7159,11932,339000000,339000000
1,1130,339000000,339000100,7159,11932,339300000,339300000
1,1131,339300000,339300100,7159,11932,339600000,339600000
1,1132,339600000,339600100,7159,11932,339900000,339900000
1,1133,339900000,339900100,7159,11932,340200000,340200000
1,1134,340200000,340200100,7159,11932,340500000,340500000
1,1135,340500000,340500100,7159,11932,340800000,340800000
1,1136,340800000,340800100,7159,11932,341100000,341100000
1,1137,341100000,341100100,7159,11932,341400000,341400000
1,1138,341400000,341400100,7159,11932,341700000,341700000
1,1139,341700000,341700100,7159,11932,342000000,342000000
1,1140,342000000,342000100,7159,11932,342300000,342300000
1,1141,342300000,342300100,7159,11932,342600000,342600000
1,1142,342600000,342600100,7159,11932,342900000,342900000
1,1143,342900000,342900100,7159,11932,343200000,343200000
1,1144,343200000,343200100,7159,11932,343500000,343500000
1,1145,343500000,343500100,7159,11932,343800000,343800000
1,1146,343800000,343800100,7159,11932,344100000,344100000
1,1147,344100000,344100100,7159,11932,344400000,344400000
1,1148,344400000,344400100,7159,11932,344700000,344700000
1,1149,344700000,344700100,7159,11932,345000000,345000000
1,1150,345000000,345000100,7159,11932,345300000,345300000
1,1151,345300000,345300100,7159,11932,345600000,345600000
1,1152,345600000,345600100,7159,11932,345900000,345900000
1,1153,345900000,345900100,7159,11932,346200000,346200000
1,1154,346200000,346200100,7159,11932,346500000,346500000
1,1155,346500000,346500100,7159,11932,346800000,346800000
1,1156,346800000,346800100,7159,11932,347100000,347100000
1,1157,347100000,347100100,7159,11932,347400000,347400000
1,1158,347400000,347400100,7159,11932,347700000,347700000
1,1159,347700000,347700100,7159,11932,348000000,348000000
1,1160,348000000,348000100,7159,11932,348300000,348300000
1,1161,348300000,348300100,7159,11932,348600000,348600000
1,1162,348600000,348600100,7159,11932,348900000,348900000
1,1163,348900000,348900100,7159,11932,349200000,349200000
1,1164,349200000,349200100,7159,11932,349500000,349500000
1,1165,349500000,349500100,7159,11932,349800000,349800000
1,1166,349800000,349800100,7159,11932,350100000,350100000
1,1167,350100000,350100100,7159,11932,350400000,350400000
1,1168,350400000,350400100,7159,11932,350700000,350700000
1,1169,350700000,350700100,7159,11932,351000000,351000000
1,1170,351000000,351000100,7159,11932,351300000,351300000
1,1171,351300000,351300100,7159,11932,351600000,351600000
1,1172,351600000,351600100,7159,11932,351900000,351900000
1,1173,351900000,351900100,7159,11932,352200000,352200000
1,1174,352200000,352200100,7159,11932,352500000,352500000
1,1175,352500000,352500100,7159,11932,352800000,352800000
1,1176,352800000,352800100,7159,11932,353100000,353100000
1,1177,353100000,353100100,7159,11932,353400000,353400000
1,1178,353400000,353400100,7159,11932,353700000,353700000
1,1179,353700000,353700100,7159,11932,354000000,354000000
1,1180,354000000,354000100,7159,11932,354300000,354300000
1,1181,354300000,354300100,7159,11932,354600000,354600000
1,1182,354600000,354600100,7159,11932,354900000,354900000
1,1183,354900000,354900100,7159,11932,355200000,355200000
1,1184,355200000,355200100,7159,11932,355500000,355500000
1,1185,355500000,355500100,7159,11932,355800000,355800000
1,1186,355800000,355800100,7159,11932,356100000,356100000
1,1187,356100000,356100100,7159,11932,356400000,356400000
1,1188,356400000,356400100,7159,11932,356700000,356700000
1,1189,356700000,356700100,7159,11932,357000000,357000000
1,1190,357000000,357000100,7159,11932,357300000,357300000
1,1191,357300000,357300100,7159,11932,357600000,357600000
1,1192,357600000,357600100,7159,11932,357900000,357900000
1,1193,357900000,357900100,7159,11932,358200000,358200000
1,1194,358200000,358200100,7159,11932,358500000,358500000
1,1195,358500000,358500100,7159,11932,358800000,358800000
1,1196,358800000,358800100,7159,11932,359100000,359100000
1,1197,359100000,359100100,7159,11932,359400000,359400000
1,1198,359400000,359400100,7159,11932,359700000,359700000
1,1199,359700000,359700100,7159,11932,360000000,360000000
1,1200,360000000,360000100,7159,11932,360300000,360300000
1,1201,360300000,360300100,7159,11932,360600000,360600000
1,1202,360600000,360600100,7159,11932,360900000,360900000
1,1203,360900000,360900100,7159,11932,361200000,361200000
1,1204,361200000,361200100,7159,11932,361500000,361500000
1,1205,361500000,361500100,7159,11932,361800000,361800000
1,1206,361800000,361800100,7159,11932,362100000,362100000
1,1207,362100000,362100100,7159,11932,362400000,362400000
1,1208,362400000,362400100,7159,11932,362700000,362700000
1,1209,362700000,362700100,7159,11932,363000000,363000000
1,1210,363000000,363000100,7159,11932,363300000,363300000
1,1211,363300000,363300100,7159,11932,363600000,363600000
1,1212,363600000,363600100,7159,11932,363900000,363900000
1,1213,363900000,363900100,7159,11932,364200000,364200000
1,1214,364200000,364200100,7159,11932,364500000,364500000
1,1215,364500000,364500100,7159,11932,364800000,364800000
1,1216,364800000,364800100,7159,11932,365100000,365100000
1,1217,365100000,365100100,7159,11932,365400000,365400000
1,1218,365400000,365400100,7159,11932,365700000,365700000
1,1219,365700000,365700100,7159,11932,366000000,366000000
1,1220,366000000,366000100,7159,11932,366300000,366300000
1,1221,366300000,366300100,7159,11932,366600000,366600000
1,1222,366600000,366600100,7159,11932,366900000,366900000
1,1223,366900000,366900100,7159,11932,367200000,367200000
1,1224,367200000,367200100,7159,11932,367500000,367500000
1,1225,367500000,367500100,7159,11932,367800000,367800000
1,1226,367800000,367800100,7159,11932,368100000,368100000
1,1227,368100000,368100100,7159,11932,368400000,368400000
1,1228,368400000,368400100,7159,11932,368700000,368700000
1,1229,368700000,368700100,7159,11932,369000000,369000000
1,1230,369000000,369000100,7159,11932,369300000,369300000
1,1231,369300000,369300100,7159,11932,369600000,369600000
1,1232,369600000,369600100,7159,11932,369900000,369900000
1,1233,369900000,369900100,7159,11932,370200000,370200000
1,1234,370200000,370200100,7159,11932,370500000,370500000
1,1235,370500000,370500100,7159,11932,370800000,370800000
1,1236,370800000,370800100,7159,11932,371100000,371100000
1,1237,371100000,371100100,7159,11932,371400000,371400000
1,1238,371400000,371400100,7159,11932,371700000,371700000
1,1239,371700000,371700100,7159,11932,372000000,372000000
1,1240,372000000,372000100,7159,11932,372300000,372300000
1,1241,372300000,372300100,7159,11932,372600000,372600000
1,1242,372600000,372600100,7159,11932,372900000,372900000
1,1243,372900000,372900100,7159,11932,373200000,373200000
1,1244,373200000,373200100,7159,11932,373500000,373500000
1,1245,373500000,373500100,7159,11932,373800000,373800000
1,1246,373800000,373800100,7159,11932,374100000,374100000
1,1247,374100000,374100100,7159,11932,374400000,374400000
1,1248,374400000,374400100,7159,11932,374700000,374700000
1,1249,374700000,374700100,7159,11932,375000000,375000000
1,1250,375000000,375000100,7159,11932,375300000,375300000
1,1251,375300000,375300100,7159,11932,375600000,375600000
1,1252,375600000,375600100,7159,11932,375900000,375900000
1,1253,375900000,375900100,7159,11932,376200000,376200000
1,1254,376200000,376200100,7159,11932,376500000,376500000
1,1255,376500000,376500100,7159,11932,376800000,376800000
1,1256,376800000,376800100,7159,11932,377100000,377100000
1,1257,377100000,377100100,7159,11932,377400000,377400000
1,1258,377400000,377400100,7159,11932,377700000,377700000
1,1259,377700000,377700100,7159,11932,378000000,378000000
1,1260,378000000,378000100,7159,11932,378300000,378300000
1,1261,378300000,378300100,7159,11932,378600000,378600000
1,1262,378600000,378600100,7159,11932,378900000,378900000
1,1263,378900000,378900100,7159,11932,379200000,379200000
1,1264,379200000,379200100,7159,11932,379500000,379500000
1,1265,379500000,379500100,7159,11932,379800000,379800000
1,1266,379800000,379800100,7159,11932,380100000,380100000
1,1267,380100000,380100100,7159,11932,380400000,380400000
1,1268,380400000,380400100,7159,11932,380700000,380700000
1,1269,380700000,380700100,7159,11932,381000000,381000000
1,1270,381000000,381000100,7159,11932,381300000,381300000
1,1271,381300000,381300100,7159,11932,381600000,381600000
1,1272,381600000,381600100,7159,11932,381900000,381900000
1,1273,381900000,381900100,7159,11932,382200000,382200000
1,1274,382200000,382200100,7159,11932,382500000,382500000
1,1275,382500000,382500100,7159,11932,382800000,382800000
1,1276,382800000,382800100,7159,11932,383100000,383100000
1,1277,383100000,383100100,7159,11932,383400000,383400000
1,1278,383400000,383400100,7159,11932,383700000,383700000
1,1279,383700000,383700100,7159,11932,384000000,384000000
1,1280,384000000,384000100,7159,11932,384300000,384300000
1,1281,384300000,384300100,7159,11932,384600000,384600000
1,1282,384600000,384600100,7159,11932,384900000,384900000
1,1283,384900000,384900100,7159,11932,385200000,385200000
1,1284,385200000,385200100,7159,11932,385500000,385500000
1,1285,385500000,385500100,7159,11932,385800000,385800000
1,1286,385800000,385800100,7159,11932,386100000,386100000
1,1287,386100000,386100100,7159,11932,386400000,386400000
1,1288,386400000,386400100,7159,11932,386700000,386700000
1,1289,386700000,386700100,7159,11932,387000000,387000000
1,1290,387000000,387000100,7159,11932,387300000,387300000
1,1291,387300000,387300100,7159,11932,387600000,387600000
1,1292,387600000,387600100,7159,11932,387900000,387900000
1,1293,387900000,387900100,7159,11932,388200000,388200000
1,1294,388200000,388200100,7159,11932,388500000,388500000
1,1295,388500000,388500100,7159,11932,388800000,388800000
1,1296,388800000,388800100,7159,11932,389100000,389100000
1,1297,389100000,389100100,7159,11932,389400000,389400000
1,1298,389400000,389400100,7159,11932,389700000,389700000
1,1299,389700000,389700100,7159,11932,390000000,390000000
1,1300,390000000,390000100,7159,11932,390300000,390300000
1,1301,390300000,390300100,7159,11932,390600000,390600000
1,1302,390600000,390600100,7159,11932,390900000,390900000
1,1303,390900000,390900100,7159,11932,391200000,391200000
1,1304,391200000,391200100,7159,11932,391500000,391500000
1,1305,391500000,391500100,7159,11932,391800000,391800000
1,1306,391800000,391800100,7159,11932,392100000,392100000
1,1307,392100000,392100100,7159,11932,392400000,392400000
1,1308,392400000,392400100,7159,11932,392700000,392700000
1,1309,392700000,392700100,7159,11932,393000000,393000000
1,1310,393000000,393000100,7159,11932,393300000,393300000
1,1311,393300000,393300100,7159,11932,393600000,393600000
1,1312,393600000,393600100,7159,11932,393900000,393900000
1,1313,393900000,393900100,7159,11932,394200000,394200000
1,1314,394200000,394200100,7159,11932,394500000,394500000
1,1315,394500000,394500100,7159,11932,394800000,394800000
1,1316,394800000,394800100,7159,11932,395100000,395100000
1,1317,395100000,395100100,7159,11932,395400000,395400000
1,1318,395400000,395400100,7159,11932,395700000,395700000
1,1319,395700000,395700100,7159,11932,396000000,396000000
1,1320,396000000,396000100,7159,11932,396300000,396300000
1,1321,396300000,396300100,7159,11932,396600000,396600000
1,1322,396600000,396600100,7159,11932,396900000,396900000
1,1323,396900000,396900100,7159,11932,397200000,397200000
1,1324,397200000,397200100,7159,11932,397500000,397500000
1,1325,397500000,397500100,7159,11932,397800000,397800000
1,1326,397800000,397800100,7159,11932,398100000,398100000
1,1327,398100000,398100100,7159,11932,398400000,398400000
1,1328,398400000,398400100,7159,11932,398700000,398700000
1,1329,398700000,398700100,7159,11932,399000000,399000000
1,1330,399000000,399000100,7159,11932,399300000,399300000
1,1331,399300000,399300100,7159,11932,399600000,399600000
1,1332,399600000,399600100,7159,11932,399900000,399900000
1,1333,399900000,399900100,7159,11932,400200000,400200000
1,1334,400200000,400200100,7159,11932,400500000,400500000
1,1335,400500000,400500100,7159,11932,400800000,400800000
1,1336,400800000,400800100,7159,11932,401100000,401100000
1,1337,401100000,401100100,7159,11932,401400000,401400000
1,1338,401400000,401400100,7159,11932,401700000,401700000
1,1339,401700000,401700100,7159,11932,402000000,402000000
1,1340,402000000,402000100,7159,11932,402300000,402300000
1,1341,402300000,402300100,7159,11932,402600000,402600000
1,1342,402600000,402600100,7159,11932,402900000,402900000
1,1343,402900000,402900100,7159,11932,403200000,403200000
1,1344,403200000,403200100,7159,11932,403500000,403500000
1,1345,403500000,403500100,7159,11932,403800000,403800000
1,1346,403800000,403800100,7159,11932,404100000,404100000
1,1347,404100000,404100100,7159,11932,404400000,404400000
1,1348,404400000,404400100,7159,11932,404700000,404700000
1,1349,404700000,404700100,7159,11932,405000000,405000000
1,1350,405000000,405000100,7159,11932,405300000,405300000
1,1351,405300000,405300100,7159,11932,405600000,405600000
1,1352,405600000,405600100,7159,11932,405900000,405900000
1,1353,405900000,405900100,7159,11932,406200000,406200000
1,1354,406200000,406200100,7159,11932,406500000,406500000
1,1355,406500000,406500100,7159,11932,406800000,406800000
1,1356,406800000,406800100,7159,11932,407100000,407100000
1,1357,407100000,407100100,7159,11932,407400000,407400000
1,1358,407400000,407400100,7159,11932,407700000,407700000
1,1359,407700000,407700100,7159,11932,408000000,408000000
1,1360,408000000,408000100,7159,11932,408300000,408300000
1,1361,408300000,408300100,7159,11932,408600000,408600000
1,1362,408600000,408600100,7159,11932,408900000,408900000
1,1363,408900000,408900100,7159,11932,409200000,409200000
1,1364,409200000,409200100,7159,11932,409500000,409500000
1,1365,409500000,409500100,7159,11932,409800000,409800000
1,1366,409800000,409800100,7159,11932,410100000,410100000
1,1367,410100000,410100100,7159,11932,410400000,410400000
1,1368,410400000,410400100,7159,11932,410700000,410700000
1,1369,410700000,410700100,7159,11932,411000000,411000000
1,1370,411000000,411000100,7159,11932,411300000,411300000
1,1371,411300000,411300100,7159,11932,411600000,411600000
1,1372,411600000,411600100,7159,11932,411900000,411900000
1,1373,411900000,411900100,7159,11932,412200000,412200000
1,1374,412200000,412200100,7159,11932,412500000,412500000
1,1375,412500000,412500100,7159,11932,412800000,412800000
1,1376,412800000,412800100,7159,11932,413100000,413100000
1,1377,413100000,413100100,7159,11932,413400000,413400000
1,1378,413400000,413400100,7159,11932,413700000,413700000
1,1379,413700000,413700100,7159,11932,414000000,414000000
1,1380,414000000,414000100,7159,11932,414300000,414300000
1,1381,414300000,414300100,7159,11932,414600000,414600000
1,1382,414600000,414600100,7159,11932,414900000,414900000
1,1383,414900000,414900100,7159,11932,415200000,415200000
1,1384,415200000,415200100,7159,11932,415500000,415500000
1,1385,415500000,415500100,7159,11932,415800000,415800000
1,1386,415800000,415800100,7159,11932,416100000,416100000
1,1387,416100000,416100100,7159,11932,416400000,416400000
1,1388,416400000,416400100,7159,11932,416700000,416700000
1,1389,416700000,416700100,7159,11932,417000000,417000000
1,1390,417000000,417000100,7159,11932,417300000,417300000
1,1391,417300000,417300100,7159,11932,417600000,417600000
1,1392,417600000,417600100,7159,11932,417900000,417900000
1,1393,417900000,417900100,7159,11932,418200000,418200000
1,1394,418200000,418200100,7159,11932,418500000,418500000
1,1395,418500000,418500100,7159,11932,418800000,418800000
1,1396,418800000,418800100,7159,11932,419100000,419100000
1,1397,419100000,419100100,7159,11932,419400000,419400000
1,1398,419400000,419400100,7159,11932,419700000,419700000
1,1399,419700000,419700100,7159,11932,420000000,420000000
1,1400,420000000,420000100,7159,11932,420300000,420300000
1,1401,420300000,420300100,7159,11932,420600000,420600000
1,1402,420600000,420600100,7159,11932,420900000,420900000
1,1403,420900000,420900100,7159,11932,421200000,421200000
1,1404,421200000,421200100,7159,11932,421500000,421500000
1,1405,421500000,421500100,7159,11932,421800000,421800000
1,1406,421800000,421800100,7159,11932,422100000,422100000
1,1407,422100000,422100100,7159,11932,422400000,422400000
1,1408,422400000,422400100,7159,11932,422700000,422700000
1,1409,422700000,422700100,7159,11932,423000000,423000000
1,1410,423000000,423000100,7159,11932,423300000,423300000
1,1411,423300000,423300100,7159,11932,423600000,423600000
1,1412,423600000,423600100,7159,11932,423900000,423900000
1,1413,423900000,423900100,7159,11932,424200000,424200000
1,1414,424200000,424200100,7159,11932,424500000,424500000
1,1415,424500000,424500100,7159,11932,424800000,424800000
1,1416,424800000,424800100,7159,11932,425100000,425100000
1,1417,425100000,425100100,7159,11932,425400000,425400000
1,1418,425400000,425400100,7159,11932,425700000,425700000
1,1419,425700000,425700100,7159,11932,426000000,426000000
1,1420,426000000,426000100,7159,11932,426300000,426300000
1,1421,426300000,426300100,7159,11932,426600000,426600000
1,1422,426600000,426600100,7159,11932,426900000,426900000
1,1423,426900000,426900100,7159,11932,427200000,427200000
1,1424,427200000,427200100,7159,11932,427500000,427500000
1,1425,427500000,427500100,7159,11932,427800000,427800000
1,1426,427800000,427800100,7159,11932,428100000,428100000
1,1427,428100000,428100100,7159,11932,428400000,428400000
1,1428,428400000,428400100,7159,11932,428700000,428700000
1,1429,428700000,428700100,7159,11932,429000000,429000000
1,1430,429000000,429000100,7159,11932,429300000,429300000
1,1431,429300000,429300100,7159,11932,429600000,429600000
1,1432,429600000,429600100,7159,11932,429900000,429900000
1,1433,429900000,429900100,7159,11932,430200000,430200000
1,1434,430200000,430200100,7159,11932,430500000,430500000
1,1435,430500000,430500100,7159,11932,430800000,430800000
1,1436,430800000,430800100,7159,11932,431100000,431100000
1,1437,431100000,431100100,7159,11932,431400000,431400000
1,1438,431400000,431400100,7159,11932,431700000,431700000
1,1439,431700000,431700100,7159,11932,432000000,432000000
1,1440,432000000,432000100,7159,11932,432300000,432300000
1,1441,432300000,432300100,7159,11932,432600000,432600000
1,1442,432600000,432600100,7159,11932,432900000,432900000
1,1443,432900000,432900100,7159,11932,433200000,433200000
1,1444,433200000,433200100,7159,11932,433500000,433500000
1,1445,433500000,433500100,7159,11932,433800000,433800000
1,1446,433800000,433800100,7159,11932,434100000,434100000
1,1447,434100000,434100100,7159,11932,434400000,434400000
1,1448,434400000,434400100,7159,11932,434700000,434700000
1,1449,434700000,434700100,7159,11932,435000000,435000000
1,1450,435000000,435000100,7159,11932,435300000,435300000
1,1451,435300000,435300100,7159,11932,435600000,435600000
1,1452,435600000,435600100,7159,11932,435900000,435900000
1,1453,435900000,435900100,7159,11932,436200000,436200000
1,1454,436200000,436200100,7159,11932,436500000,436500000
1,1455,436500000,436500100,7159,11932,436800000,436800000
1,1456,436800000,436800100,7159,11932,437100000,437100000
1,1457,437100000,437100100,7159,11932,437400000,437400000
1,1458,437400000,437400100,7159,11932,437700000,437700000
1,1459,437700000,437700100,7159,11932,438000000,438000000
1,1460,438000000,438000100,7159,11932,438300000,438300000
1,1461,438300000,438300100,7159,11932,438600000,438600000
1,1462,438600000,438600100,7159,11932,438900000,438900000
1,1463,438900000,438900100,7159,11932,439200000,439200000
1,1464,439200000,439200100,7159,11932,439500000,439500000
1,1465,439500000,439500100,7159,11932,439800000,439800000
1,1466,439800000,439800100,7159,11932,440100000,440100000
1,1467,440100000,440100100,7159,11932,440400000,440400000
1,1468,440400000,440400100,7159,11932,440700000,440700000
1,1469,440700000,440700100,7159,11932,441000000,441000000
1,1470,441000000,441000100,7159,11932,441300000,441300000
1,1471,441300000,441300100,7159,11932,441600000,441600000
1,1472,441600000,441600100,7159,11932,441900000,441900000
1,1473,441900000,441900100,7159,11932,442200000,442200000
1,1474,442200000,442200100,7159,11932,442500000,442500000
1,1475,442500000,442500100,7159,11932,442800000,442800000
1,1476,442800000,442800100,7159,11932,443100000,443100000
1,1477,443100000,443100100,7159,11932,443400000,443400000
1,1478,443400000,443400100,7159,11932,443700000,443700000
1,1479,443700000,443700100,7159,11932,444000000,444000000
1,1480,444000000,444000100,7159,11932,444300000,444300000
1,1481,444300000,444300100,7159,11932,444600000,444600000
1,1482,444600000,444600100,7159,11932,444900000,444900000
1,1483,444900000,444900100,7159,11932,445200000,445200000
1,1484,445200000,445200100,7159,11932,445500000,445500000
1,1485,445500000,445500100,7159,11932,445800000,445800000
1,1486,445800000,445800100,7159,11932,446100000,446100000
1,1487,446100000,446100100,7159,11932,446400000,446400000
1,1488,446400000,446400100,7159,11932,446700000,446700000
1,1489,446700000,446700100,7159,11932,447000000,447000000
1,1490,447000000,447000100,7159,11932,447300000,447300000
1,1491,447300000,447300100,7159,11932,447600000,447600000
1,1492,447600000,447600100,7159,11932,447900000,447900000
1,1493,447900000,447900100,7159,11932,448200000,448200000
1,1494,448200000,448200100,7159,11932,448500000,448500000
1,1495,448500000,448500100,7159,11932,448800000,448800000
1,1496,448800000,448800100,7159,11932,449100000,449100000
1,1497,449100000,449100100,7159,11932,449400000,449400000
1,1498,449400000,449400100,7159,11932,449700000,449700000
1,1499,449700000,449700100,7159,11932,450000000,450000000
1,1500,450000000,450000100,7159,11932,450300000,450300000
1,1501,450300000,450300100,7159,11932,450600000,450600000
1,1502,450600000,450600100,7159,11932,450900000,450900000
1,1503,450900000,450900100,7159,11932,451200000,451200000
1,1504,451200000,451200100,7159,11932,451500000,451500000
1,1505,451500000,451500100,7159,11932,451800000,451800000
1,1506,451800000,451800100,7159,11932,452100000,452100000
1,1507,452100000,452100100,7159,11932,452400000,452400000
1,1508,452400000,452400100,7159,11932,452700000,452700000
1,1509,452700000,452700100,7159,11932,453000000,453000000
1,1510,453000000,453000100,7159,11932,453300000,453300000
1,1511,453300000,453300100,7159,11932,453600000,453600000
1,1512,453600000,453600100,7159,11932,453900000,453900000
1,1513,453900000,453900100,7159,11932,454200000,454200000
1,1514,454200000,454200100,7159,11932,454500000,454500000
1,1515,454500000,454500100,7159,11932,454800000,454800000
1,1516,454800000,454800100,7159,11932,455100000,455100000
1,1517,455100000,455100100,7159,11932,455400000,455400000
1,1518,455400000,455400100,7159,11932,455700000,455700000
1,1519,455700000,455700100,7159,11932,456000000,456000000
1,1520,456000000,456000100,7159,11932,456300000,456300000
1,1521,456300000,456300100,7159,11932,456600000,456600000
1,1522,456600000,456600100,7159,11932,456900000,456900000
1,1523,456900000,456900100,7159,11932,457200000,457200000
1,1524,457200000,457200100,7159,11932,457500000,457500000
1,1525,457500000,457500100,7159,11932,457800000,457800000
1,1526,457800000,457800100,7159,11932,458100000,458100000
1,1527,458100000,458100100,7159,11932,458400000,458400000
1,1528,458400000,458400100,7159,11932,458700000,458700000
1,1529,458700000,458700100,7159,11932,459000000,459000000
1,1530,459000000,459000100,7159,11932,459300000,459300000
1,1531,459300000,459300100,7159,11932,459600000,459600000
1,1532,459600000,459600100,7159,11932,459900000,459900000
1,1533,459900000,459900100,7159,11932,460200000,460200000
1,1534,460200000,460200100,7159,11932,460500000,460500000
1,1535,460500000,460500100,7159,11932,460800000,460800000
1,1536,460800000,460800100,7159,11932,461100000,461100000
1,1537,461100000,461100100,7159,11932,461400000,461400000
1,1538,461400000,461400100,7159,11932,461700000,461700000
1,1539,461700000,461700100,7159,11932,462000000,462000000
1,1540,462000000,462000100,7159,11932,462300000,462300000
1,1541,462300000,462300100,7159,11932,462600000,462600000
1,1542,462600000,462600100,7159,11932,462900000,462900000
1,1543,462900000,462900100,7159,11932,463200000,463200000
1,1544,463200000,463200100,7159,11932,463500000,463500000
1,1545,463500000,463500100,7159,11932,463800000,463800000
1,1546,463800000,463800100,7159,11932,464100000,464100000
1,1547,464100000,464100100,7159,11932,464400000,464400000
1,1548,464400000,464400100,7159,11932,464700000,464700000
1,1549,464700000,464700100,7159,11932,465000000,465000000
1,1550,465000000,465000100,7159,11932,465300000,465300000
1,1551,465300000,465300100,7159,11932,465600000,465600000
1,1552,465600000,465600100,7159,11932,465900000,465900000
1,1553,465900000,465900100,7159,11932,466200000,466200000
1,1554,466200000,466200100,7159,11932,466500000,466500000
1,1555,466500000,466500100,7159,11932,466800000,466800000
1,1556,466800000,466800100,7159,11932,467100000,467100000
1,1557,467100000,467100100,7159,11932,467400000,467400000
1,1558,467400000,467400100,7159,11932,467700000,467700000
1,1559,467700000,467700100,7159,11932,468000000,468000000
1,1560,468000000,468000100,7159,11932,468300000,468300000
1,1561,468300000,468300100,7159,11932,468600000,468600000
1,1562,468600000,468600100,7159,11932,468900000,468900000
1,1563,468900000,468900100,7159,11932,469200000,469200000
1,1564,469200000,469200100,7159,11932,469500000,469500000
1,1565,469500000,469500100,7159,11932,469800000,469800000
1,1566,469800000,469800100,7159,11932,470100000,470100000
1,1567,470100000,470100100,7159,11932,470400000,470400000
1,1568,470400000,470400100,7159,11932,470700000,470700000
1,1569,470700000,470700100,7159,11932,471000000,471000000
1,1570,471000000,471000100,7159,11932,471300000,471300000
1,1571,471300000,471300100,7159,11932,471600000,471600000
1,1572,471600000,471600100,7159,11932,471900000,471900000
1,1573,471900000,471900100,7159,11932,472200000,472200000
1,1574,472200000,472200100,7159,11932,472500000,472500000
1,1575,472500000,472500100,7159,11932,472800000,472800000
1,1576,472800000,472800100,7159,11932,473100000,473100000
1,1577,473100000,473100100,7159,11932,473400000,473400000
1,1578,473400000,473400100,7159,11932,473700000,473700000
1,1579,473700000,473700100,7159,11932,474000000,474000000
1,1580,474000000,474000100,7159,11932,474300000,474300000
1,1581,474300000,474300100,7159,11932,474600000,474600000
1,1582,474600000,474600100,7159,11932,474900000,474900000
1,1583,474900000,474900100,7159,11932,475200000,475200000
1,1584,475200000,475200100,7159,11932,475500000,475500000
1,1585,475500000,475500100,7159,11932,475800000,475800000
1,1586,475800000,475800100,7159,11932,476100000,476100000
1,1587,476100000,476100100,7159,11932,476400000,476400000
1,1588,476400000,476400100,7159,11932,476700000,476700000
1,1589,476700000,476700100,7159,11932,477000000,477000000
1,1590,477000000,477000100,7159,11932,477300000,477300000
1,1591,477300000,477300100,7159,11932,477600000,477600000
1,1592,477600000,477600100,7159,11932,477900000,477900000
1,1593,477900000,477900100,7159,11932,478200000,478200000
1,1594,478200000,478200100,7159,11932,478500000,478500000
1,1595,478500000,478500100,7159,11932,478800000,478800000
1,1596,478800000,478800100,7159,11932,479100000,479100000
1,1597,479100000,479100100,7159,11932,479400000,479400000
1,1598,479400000,479400100,7159,11932,479700000,479700000
1,1599,479700000,479700100,7159,11932,480000000,480000000
1,1600,480000000,480000100,7159,11932,480300000,480300000
1,1601,480300000,480300100,7159,11932,480600000,480600000
1,1602,480600000,480600100,7159,11932,480900000,480900000
1,1603,480900000,480900100,7159,11932,481200000,481200000
1,1604,481200000,481200100,7159,11932,481500000,481500000
1,1605,481500000,481500100,7159,11932,481800000,481800000
1,1606,481800000,481800100,7159,11932,482100000,482100000
1,1607,482100000,482100100,7159,11932,482400000,482400000
1,1608,482400000,482400100,7159,11932,482700000,482700000
1,1609,482700000,482700100,7159,11932,483000000,483000000
1,1610,483000000,483000100,7159,11932,483300000,483300000
1,1611,483300000,483300100,7159,11932,483600000,483600000
1,1612,483600000,483600100,7159,11932,483900000,483900000
1,1613,483900000,483900100,7159,11932,484200000,484200000
1,1614,484200000,484200100,7159,11932,484500000,484500000
1,1615,484500000,484500100,7159,11932,484800000,484800000
1,1616,484800000,484800100,7159,11932,485100000,485100000
1,1617,485100000,485100100,7159,11932,485400000,485400000
1,1618,485400000,485400100,7159,11932,485700000,485700000
1,1619,485700000,485700100,7159,11932,486000000,486000000
1,1620,486000000,486000100,7159,11932,486300000,486300000
1,1621,486300000,486300100,7159,11932,486600000,486600000
1,1622,486600000,486600100,7159,11932,486900000,486900000
1,1623,486900000,486900100,7159,11932,487200000,487200000
1,1624,487200000,487200100,7159,11932,487500000,487500000
1,1625,487500000,487500100,7159,11932,487800000,487800000
1,1626,487800000,487800100,7159,11932,488100000,488100000
1,1627,488100000,488100100,7159,11932,488400000,488400000
1,1628,488400000,488400100,7159,11932,488700000,488700000
1,1629,488700000,488700100,7159,11932,489000000,489000000
1,1630,489000000,489000100,7159,11932,489300000,489300000
1,1631,489300000,489300100,7159,11932,489600000,489600000
1,1632,489600000,489600100,7159,11932,489900000,489900000
1,1633,489900000,489900100,7159,11932,490200000,490200000
1,1634,490200000,490200100,7159,11932,490500000,490500000
1,1635,490500000,490500100,7159,11932,490800000,490800000
1,1636,490800000,490800100,7159,11932,491100000,491100000
1,1637,491100000,491100100,7159,11932,491400000,491400000
1,1638,491400000,491400100,7159,11932,491700000,491700000
1,1639,491700000,491700100,7159,11932,492000000,492000000
1,1640,492000000,492000100,7159,11932,492300000,492300000
1,1641,492300000,492300100,7159,11932,492600000,492600000
1,1642,492600000,492600100,7159,11932,492900000,492900000
1,1643,492900000,492900100,7159,11932,493200000,493200000
1,1644,493200000,493200100,7159,11932,493500000,493500000
1,1645,493500000,493500100,7159,11932,493800000,493800000
1,1646,493800000,493800100,7159,11932,494100000,494100000
1,1647,494100000,494100100,7159,11932,494400000,494400000
1,1648,494400000,494400100,7159,11932,494700000,494700000
1,1649,494700000,494700100,7159,11932,495000000,495000000
1,1650,495000000,495000100,7159,11932,495300000,495300000
1,1651,495300000,495300100,7159,11932,495600000,495600000
1,1652,495600000,495600100,7159,11932,495900000,495900000
1,1653,495900000,495900100,7159,11932,496200000,496200000
1,1654,496200000,496200100,7159,11932,496500000,496500000
1,1655,496500000,496500100,7159,11932,496800000,496800000
1,1656,496800000,496800100,7159,11932,497100000,497100000
1,1657,497100000,497100100,7159,11932,497400000,497400000
1,1658,497400000,497400100,7159,11932,497700000,497700000
1,1659,497700000,497700100,7159,11932,498000000,498000000
1,1660,498000000,498000100,7159,11932,498300000,498300000
1,1661,498300000,498300100,7159,11932,498600000,498600000
1,1662,498600000,498600100,7159,11932,498900000,498900000
1,1663,498900000,498900100,7159,11932,499200000,499200000
1,1664,499200000,499200100,7159,11932,499500000,499500000
1,1665,499500000,499500100,7159,11932,499800000,499800000
1,1666,499800000,499800100,7159,11932,500100000,500100000
1,1667,500100000,500100100,7159,11932,500400000,500400000
1,1668,500400000,500400100,7159,11932,500700000,500700000
1,1669,500700000,500700100,7159,11932,501000000,501000000
1,1670,501000000,501000100,7159,11932,501300000,501300000
1,1671,501300000,501300100,7159,11932,501600000,501600000
1,1672,501600000,501600100,7159,11932,501900000,501900000
1,1673,501900000,501900100,7159,11932,502200000,502200000
1,1674,502200000,502200100,7159,11932,502500000,502500000
1,1675,502500000,502500100,7159,11932,502800000,502800000
1,1676,502800000,502800100,7159,11932,503100000,503100000
1,1677,503100000,503100100,7159,11932,503400000,503400000
1,1678,503400000,503400100,7159,11932,503700000,503700000
1,1679,503700000,503700100,7159,11932,504000000,504000000
1,1680,504000000,504000100,7159,11932,504300000,504300000
1,1681,504300000,504300100,7159,11932,504600000,504600000
1,1682,504600000,504600100,7159,11932,504900000,504900000
1,1683,504900000,504900100,7159,11932,505200000,505200000
1,1684,505200000,505200100,7159,11932,505500000,505500000
1,1685,505500000,505500100,7159,11932,505800000,505800000
1,1686,505800000,505800100,7159,11932,506100000,506100000
1,1687,506100000,506100100,7159,11932,506400000,506400000
1,1688,506400000,506400100,7159,11932,506700000,506700000
1,1689,506700000,506700100,7159,11932,507000000,507000000
1,1690,507000000,507000100,7159,11932,507300000,507300000
1,1691,507300000,507300100,7159,11932,507600000,507600000
1,1692,507600000,507600100,7159,11932,507900000,507900000
1,1693,507900000,507900100,7159,11932,508200000,508200000
1,1694,508200000,508200100,7159,11932,508500000,508500000
1,1695,508500000,508500100,7159,11932,508800000,508800000
1,1696,508800000,508800100,7159,11932,509100000,509100000
1,1697,509100000,509100100,7159,11932,509400000,509400000
1,1698,509400000,509400100,7159,11932,509700000,509700000
1,1699,509700000,509700100,7159,11932,510000000,510000000
1,1700,510000000,510000100,7159,11932,510300000,510300000
1,1701,510300000,510300100,7159,11932,510600000,510600000
1,1702,510600000,510600100,7159,11932,510900000,510900000
1,1703,510900000,510900100,7159,11932,511200000,511200000
1,1704,511200000,511200100,7159,11932,511500000,511500000
1,1705,511500000,511500100,7159,11932,511800000,511800000
1,1706,511800000,511800100,7159,11932,512100000,512100000
1,1707,512100000,512100100,7159,11932,512400000,512400000
1,1708,512400000,512400100,7159,11932,512700000,512700000
1,1709,512700000,512700100,7159,11932,513000000,513000000
1,1710,513000000,513000100,7159,11932,513300000,513300000
1,1711,513300000,513300100,7159,11932,513600000,513600000
1,1712,513600000,513600100,7159,11932,513900000,513900000
1,1713,513900000,513900100,7159,11932,514200000,514200000
1,1714,514200000,514200100,7159,11932,514500000,514500000
1,1715,514500000,514500100,7159,11932,514800000,514800000
1,1716,514800000,514800100,7159,11932,515100000,515100000
1,1717,515100000,515100100,7159,11932,515400000,515400000
1,1718,515400000,515400100,7159,11932,515700000,515700000
1,1719,515700000,515700100,7159,11932,516000000,516000000
1,1720,516000000,516000100,7159,11932,516300000,516300000
1,1721,516300000,516300100,7159,11932,516600000,516600000
1,1722,516600000,516600100,7159,11932,516900000,516900000
1,1723,516900000,516900100,7159,11932,517200000,517200000
1,1724,517200000,517200100,7159,11932,517500000,517500000
1,1725,517500000,517500100,7159,11932,517800000,517800000
1,1726,517800000,517800100,7159,11932,518100000,518100000
1,1727,518100000,518100100,7159,11932,518400000,518400000
1,1728,518400000,518400100,7159,11932,518700000,518700000
1,1729,518700000,518700100,7159,11932,519000000,519000000
1,1730,519000000,519000100,7159,11932,519300000,519300000
1,1731,519300000,519300100,7159,11932,519600000,519600000
1,1732,519600000,519600100,7159,11932,519900000,519900000
1,1733,519900000,519900100,7159,11932,520200000,520200000
1,1734,520200000,520200100,7159,11932,520500000,520500000
1,1735,520500000,520500100,7159,11932,520800000,520800000
1,1736,520800000,520800100,7159,11932,521100000,521100000
1,1737,521100000,521100100,7159,11932,521400000,521400000
1,1738,521400000,521400100,7159,11932,521700000,521700000
1,1739,521700000,521700100,7159,11932,522000000,522000000
1,1740,522000000,522000100,7159,11932,522300000,522300000
1,1741,522300000,522300100,7159,11932,522600000,522600000
1,1742,522600000,522600100,7159,11932,522900000,522900000
1,1743,522900000,522900100,7159,11932,523200000,523200000
1,1744,523200000,523200100,7159,11932,523500000,523500000
1,1745,523500000,523500100,7159,11932,523800000,523800000
1,1746,523800000,523800100,7159,11932,524100000,524100000
1,1747,524100000,524100100,7159,11932,524400000,524400000
1,1748,524400000,524400100,7159,11932,524700000,524700000
1,1749,524700000,524700100,7159,11932,525000000,525000000
1,1750,525000000,525000100,7159,11932,525300000,525300000
1,1751,525300000,525300100,7159,11932,525600000,525600000
1,1752,525600000,525600100,7159,11932,525900000,525900000
1,1753,525900000,525900100,7159,11932,526200000,526200000
1,1754,526200000,526200100,7159,11932,526500000,526500000
1,1755,526500000,526500100,7159,11932,526800000,526800000
1,1756,526800000,526800100,7159,11932,527100000,527100000
1,1757,527100000,527100100,7159,11932,527400000,527400000
1,1758,527400000,527400100,7159,11932,527700000,527700000
1,1759,527700000,527700100,7159,11932,528000000,528000000
1,1760,528000000,528000100,7159,11932,528300000,528300000
1,1761,528300000,528300100,7159,11932,528600000,528600000
1,1762,528600000,528600100,7159,11932,528900000,528900000
1,1763,528900000,528900100,7159,11932,529200000,529200000
1,1764,529200000,529200100,7159,11932,529500000,529500000
1,1765,529500000,529500100,7159,11932,529800000,529800000
1,1766,529800000,529800100,7159,11932,530100000,530100000
1,1767,530100000,530100100,7159,11932,530400000,530400000
1,1768,530400000,530400100,7159,11932,530700000,530700000
1,1769,530700000,530700100,7159,11932,531000000,531000000
1,1770,531000000,531000100,7159,11932,531300000,531300000
1,1771,531300000,531300100,7159,11932,531600000,531600000
1,1772,531600000,531600100,7159,11932,531900000,531900000
1,1773,531900000,531900100,7159,11932,532200000,532200000
1,1774,532200000,532200100,7159,11932,532500000,532500000
1,1775,532500000,532500100,7159,11932,532800000,532800000
1,1776,532800000,532800100,7159,11932,533100000,533100000
1,1777,533100000,533100100,7159,11932,533400000,533400000
1,1778,533400000,533400100,7159,11932,533700000,533700000
1,1779,533700000,533700100,7159,11932,534000000,534000000
1,1780,534000000,534000100,7159,11932,534300000,534300000
1,1781,534300000,534300100,7159,11932,534600000,534600000
1,1782,534600000,534600100,7159,11932,534900000,534900000
1,1783,534900000,534900100,7159,11932,535200000,535200000
1,1784,535200000,535200100,7159,11932,535500000,535500000
1,1785,535500000,535500100,7159,11932,535800000,535800000
1,1786,535800000,535800100,7159,11932,536100000,536100000
1,1787,536100000,536100100,7159,11932,536400000,536400000
1,1788,536400000,536400100,7159,11932,536700000,536700000
1,1789,536700000,536700100,7159,11932,537000000,537000000
1,1790,537000000,537000100,7159,11932,537300000,537300000
1,1791,537300000,537300100,7159,11932,537600000,537600000
1,1792,537600000,537600100,7159,11932,537900000,537900000
1,1793,537900000,537900100,7159,11932,538200000,538200000
1,1794,538200000,538200100,7159,11932,538500000,538500000
1,1795,538500000,538500100,7159,11932,538800000,538800000
1,1796,538800000,538800100,7159,11932,539100000,539100000
1,1797,539100000,539100100,7159,11932,539400000,539400000
1,1798,539400000,539400100,7159,11932,539700000,539700000
1,1799,539700000,539700100,7159,11932,540000000,540000000
1,1800,540000000,540000100,7159,11932,540300000,540300000
1,1801,540300000,540300100,7159,11932,540600000,540600000
1,1802,540600000,540600100,7159,11932,540900000,540900000
1,1803,540900000,540900100,7159,11932,541200000,541200000
1,1804,541200000,541200100,7159,11932,541500000,541500000
1,1805,541500000,541500100,7159,11932,541800000,541800000
1,1806,541800000,541800100,7159,11932,542100000,542100000
1,1807,542100000,542100100,7159,11932,542400000,542400000
1,1808,542400000,542400100,7159,11932,542700000,542700000
1,1809,542700000,542700100,7159,11932,543000000,543000000
1,1810,543000000,543000100,7159,11932,543300000,543300000
1,1811,543300000,543300100,7159,11932,543600000,543600000
1,1812,543600000,543600100,7159,11932,543900000,543900000
1,1813,543900000,543900100,7159,11932,544200000,544200000
1,1814,544200000,544200100,7159,11932,544500000,544500000
1,1815,544500000,544500100,7159,11932,544800000,544800000
1,1816,544800000,544800100,7159,11932,545100000,545100000
1,1817,545100000,545100100,7159,11932,545400000,545400000
1,1818,545400000,545400100,7159,11932,545700000,545700000
1,1819,545700000,545700100,7159,11932,546000000,546000000
1,1820,546000000,546000100,7159,11932,546300000,546300000
1,1821,546300000,546300100,7159,11932,546600000,546600000
1,1822,546600000,546600100,7159,11932,546900000,546900000
1,1823,546900000,546900100,7159,11932,547200000,547200000
1,1824,547200000,547200100,7159,11932,547500000,547500000
1,1825,547500000,547500100,7159,11932,547800000,547800000
1,1826,547800000,547800100,7159,11932,548100000,548100000
1,1827,548100000,548100100,7159,11932,548400000,548400000
1,1828,548400000,548400100,7159,11932,548700000,548700000
1,1829,548700000,548700100,7159,11932,549000000,549000000
1,1830,549000000,549000100,7159,11932,549300000,549300000
1,1831,549300000,549300100,7159,11932,549600000,549600000
1,1832,549600000,549600100,7159,11932,549900000,549900000
1,1833,549900000,549900100,7159,11932,550200000,550200000
1,1834,550200000,550200100,7159,11932,550500000,550500000
1,1835,550500000,550500100,7159,11932,550800000,550800000
1,1836,550800000,550800100,7159,11932,551100000,551100000
1,1837,551100000,551100100,7159,11932,551400000,551400000
1,1838,551400000,551400100,7159,11932,551700000,551700000
1,1839,551700000,551700100,7159,11932,552000000,552000000
1,1840,552000000,552000100,7159,11932,552300000,552300000
1,1841,552300000,552300100,7159,11932,552600000,552600000
1,1842,552600000,552600100,7159,11932,552900000,552900000
1,1843,552900000,552900100,7159,11932,553200000,553200000
1,1844,553200000,553200100,7159,11932,553500000,553500000
1,1845,553500000,553500100,7159,11932,553800000,553800000
1,1846,553800000,553800100,7159,11932,554100000,554100000
1,1847,554100000,554100100,7159,11932,554400000,554400000
1,1848,554400000,554400100,7159,11932,554700000,554700000
1,1849,554700000,554700100,7159,11932,555000000,555000000
1,1850,555000000,555000100,7159,11932,555300000,555300000
1,1851,555300000,555300100,7159,11932,555600000,555600000
1,1852,555600000,555600100,7159,11932,555900000,555900000
1,1853,555900000,555900100,7159,11932,556200000,556200000
1,1854,556200000,556200100,7159,11932,556500000,556500000
1,1855,556500000,556500100,7159,11932,556800000,556800000
1,1856,556800000,556800100,7159,11932,557100000,557100000
1,1857,557100000,557100100,7159,11932,557400000,557400000
1,1858,557400000,557400100,7159,11932,557700000,557700000
1,1859,557700000,557700100,7159,11932,558000000,558000000
1,1860,558000000,558000100,7159,11932,558300000,558300000
1,1861,558300000,558300100,7159,11932,558600000,558600000
1,1862,558600000,558600100,7159,11932,558900000,558900000
1,1863,558900000,558900100,7159,11932,559200000,559200000
1,1864,559200000,559200100,7159,11932,559500000,559500000
1,1865,559500000,559500100,7159,11932,559800000,559800000
1,1866,559800000,559800100,7159,11932,560100000,560100000
1,1867,560100000,560100100,7159,11932,560400000,560400000
1,1868,560400000,560400100,7159,11932,560700000,560700000
1,1869,560700000,560700100,7159,11932,561000000,561000000
1,1870,561000000,561000100,7159,11932,561300000,561300000
1,1871,561300000,561300100,7159,11932,561600000,561600000
1,1872,561600000,561600100,7159,11932,561900000,561900000
1,1873,561900000,561900100,7159,11932,562200000,562200000
1,1874,562200000,562200100,7159,11932,562500000,562500000
1,1875,562500000,562500100,7159,11932,562800000,562800000
1,1876,562800000,562800100,7159,11932,563100000,563100000
1,1877,563100000,563100100,7159,11932,563400000,563400000
1,1878,563400000,563400100,7159,11932,563700000,563700000
1,1879,563700000,563700100,7159,11932,564000000,564000000
1,1880,564000000,564000100,7159,11932,564300000,564300000
1,1881,564300000,564300100,7159,11932,564600000,564600000
1,1882,564600000,564600100,7159,11932,564900000,564900000
1,1883,564900000,564900100,7159,11932,565200000,565200000
1,1884,565200000,565200100,7159,11932,565500000,565500000
1,1885,565500000,565500100,7159,11932,565800000,565800000
1,1886,565800000,565800100,7159,11932,566100000,566100000
1,1887,566100000,566100100,7159,11932,566400000,566400000
1,1888,566400000,566400100,7159,11932,566700000,566700000
1,1889,566700000,566700100,7159,11932,567000000,567000000
1,1890,567000000,567000100,7159,11932,567300000,567300000
1,1891,567300000,567300100,7159,11932,567600000,567600000
1,1892,567600000,567600100,7159,11932,567900000,567900000
1,1893,567900000,567900100,7159,11932,568200000,568200000
1,1894,568200000,568200100,7159,11932,568500000,568500000
1,1895,568500000,568500100,7159,11932,568800000,568800000
1,1896,568800000,568800100,7159,11932,569100000,569100000
1,1897,569100000,569100100,7159,11932,569400000,569400000
1,1898,569400000,569400100,7159,11932,569700000,569700000
1,1899,569700000,569700100,7159,11932,570000000,570000000
1,1900,570000000,570000100,7159,11932,570300000,570300000
1,1901,570300000,570300100,7159,11932,570600000,570600000
1,1902,570600000,570600100,7159,11932,570900000,570900000
1,1903,570900000,570900100,7159,11932,571200000,571200000
1,1904,571200000,571200100,7159,11932,571500000,571500000
1,1905,571500000,571500100,7159,11932,571800000,571800000
1,1906,571800000,571800100,7159,11932,572100000,572100000
1,1907,572100000,572100100,7159,11932,572400000,572400000
1,1908,572400000,572400100,7159,11932,572700000,572700000
1,1909,572700000,572700100,7159,11932,573000000,573000000
1,1910,573000000,573000100,7159,11932,573300000,573300000
1,1911,573300000,573300100,7159,11932,573600000,573600000
1,1912,573600000,573600100,7159,11932,573900000,573900000
1,1913,573900000,573900100,7159,11932,574200000,574200000
1,1914,574200000,574200100,7159,11932,574500000,574500000
1,1915,574500000,574500100,7159,11932,574800000,574800000
1,1916,574800000,574800100,7159,11932,575100000,575100000
1,1917,575100000,575100100,7159,11932,575400000,575400000
1,1918,575400000,575400100,7159,11932,575700000,575700000
1,1919,575700000,575700100,7159,11932,576000000,576000000
1,1920,576000000,576000100,7159,11932,576300000,576300000
1,1921,576300000,576300100,7159,11932,576600000,576600000
1,1922,576600000,576600100,7159,11932,576900000,576900000
1,1923,576900000,576900100,7159,11932,577200000,577200000
1,1924,577200000,577200100,7159,11932,577500000,577500000
1,1925,577500000,577500100,7159,11932,577800000,577800000
1,1926,577800000,577800100,7159,11932,578100000,578100000
1,1927,578100000,578100100,7159,11932,578400000,578400000
1,1928,578400000,578400100,7159,11932,578700000,578700000
1,1929,578700000,578700100,7159,11932,579000000,579000000
1,1930,579000000,579000100,7159,11932,579300000,579300000
1,1931,579300000,579300100,7159,11932,579600000,579600000
1,1932,579600000,579600100,7159,11932,579900000,579900000
1,1933,579900000,579900100,7159,11932,580200000,580200000
1,1934,580200000,580200100,7159,11932,580500000,580500000
1,1935,580500000,580500100,7159,11932,580800000,580800000
1,1936,580800000,580800100,7159,11932,581100000,581100000
1,1937,581100000,581100100,7159,11932,581400000,581400000
1,1938,581400000,581400100,7159,11932,581700000,581700000
1,1939,581700000,581700100,7159,11932,582000000,582000000
1,1940,582000000,582000100,7159,11932,582300000,582300000
1,1941,582300000,582300100,7159,11932,582600000,582600000
1,1942,582600000,582600100,7159,11932,582900000,582900000
1,1943,582900000,582900100,7159,11932,583200000,583200000
1,1944,583200000,583200100,7159,11932,583500000,583500000
1,1945,583500000,583500100,7159,11932,583800000,583800000
1,1946,583800000,583800100,7159,11932,584100000,584100000
1,1947,584100000,584100100,7159,11932,584400000,584400000
1,1948,584400000,584400100,7159,11932,584700000,584700000
1,1949,584700000,584700100,7159,11932,585000000,585000000
1,1950,585000000,585000100,7159,11932,585300000,585300000
1,1951,585300000,585300100,7159,11932,585600000,585600000
1,1952,585600000,585600100,7159,11932,585900000,585900000
1,1953,585900000,585900100,7159,11932,586200000,586200000
1,1954,586200000,586200100,7159,11932,586500000,586500000
1,1955,586500000,586500100,7159,11932,586800000,586800000
1,1956,586800000,586800100,7159,11932,587100000,587100000
1,1957,587100000,587100100,7159,11932,587400000,587400000
1,1958,587400000,587400100,7159,11932,587700000,587700000
1,1959,587700000,587700100,7159,11932,588000000,588000000
1,1960,588000000,588000100,7159,11932,588300000,588300000
1,1961,588300000,588300100,7159,11932,588600000,588600000
1,1962,588600000,588600100,7159,11932,588900000,588900000
1,1963,588900000,588900100,7159,11932,589200000,589200000
1,1964,589200000,589200100,7159,11932,589500000,589500000
1,1965,589500000,589500100,7159,11932,589800000,589800000
1,1966,589800000,589800100,7159,11932,590100000,590100000
1,1967,590100000,590100100,7159,11932,590400000,590400000
1,1968,590400000,590400100,7159,11932,590700000,590700000
1,1969,590700000,590700100,7159,11932,591000000,591000000
1,1970,591000000,591000100,7159,11932,591300000,591300000
1,1971,591300000,591300100,7159,11932,591600000,591600000
1,1972,591600000,591600100,7159,11932,591900000,591900000
1,1973,591900000,591900100,7159,11932,592200000,592200000
1,1974,592200000,592200100,7159,11932,592500000,592500000
1,1975,592500000,592500100,7159,11932,592800000,592800000
1,1976,592800000,592800100,7159,11932,593100000,593100000
1,1977,593100000,593100100,7159,11932,593400000,593400000
1,1978,593400000,593400100,7159,11932,593700000,593700000
1,1979,593700000,593700100,7159,11932,594000000,594000000
1,1980,594000000,594000100,7159,11932,594300000,594300000
1,1981,594300000,594300100,7159,11932,594600000,594600000
1,1982,594600000,594600100,7159,11932,594900000,594900000
1,1983,594900000,594900100,7159,11932,595200000,595200000
1,1984,595200000,595200100,7159,11932,595500000,595500000
1,1985,595500000,595500100,7159,11932,595800000,595800000
1,1986,595800000,595800100,7159,11932,596100000,596100000
1,1987,596100000,596100100,7159,11932,596400000,596400000
1,1988,596400000,596400100,7159,11932,596700000,596700000
1,1989,596700000,596700100,7159,11932,597000000,597000000
1,1990,597000000,597000100,7159,11932,597300000,597300000
1,1991,597300000,597300100,7159,11932,597600000,597600000
1,1992,597600000,597600100,7159,11932,597900000,597900000
1,1993,597900000,597900100,7159,11932,598200000,598200000
1,1994,598200000,598200100,7159,11932,598500000,598500000
2,0,0,100,33864,56441,350000,350000
2,1,350000,350100,33864,56441,700000,700000
2,2,700000,700100,33864,56441,1050000,1050000
2,3,1050000,1050100,33864,56441,1400000,1400000
2,4,1400000,1400100,33864,56441,1750000,1750000
2,5,1750000,1750100,33864,56441,2100000,2100000
2,6,2100000,2100100,33864,56441,2450000,2450000
2,7,2450000,2450100,33864,56441,2800000,2800000
2,8,2800000,2800100,33864,56441,3150000,3150000
2,9,3150000,3150100,33864,56441,3500000,3500000
2,10,3500000,3500100,33864,56441,3850000,3850000
2,11,3850000,3850100,33864,56441,4200000,4200000
2,12,4200000,4200100,33864,56441,4550000,4550000
2,13,4550000,4550100,33864,56441,4900000,4900000
2,14,4900000,4900100,33864,56441,5250000,5250000
2,15,5250000,5250100,33864,56441,5600000,5600000
2,16,5600000,5600100,33864,56441,5950000,5950000
2,17,5950000,5950100,33864,56441,6300000,6300000
2,18,6300000,6300100,33864,56441,6650000,6650000
2,19,6650000,6650100,33864,56441,7000000,7000000
2,20,7000000,7000100,33864,56441,7350000,7350000
2,21,7350000,7350100,33864,56441,7700000,7700000
2,22,7700000,7700100,33864,56441,8050000,8050000
2,23,8050000,8050100,33864,56441,8400000,8400000
2,24,8400000,8400100,33864,56441,8750000,8750000
2,25,8750000,8750100,33864,56441,9100000,9100000
2,26,9100000,9100100,33864,56441,9450000,9450000
2,27,9450000,9450100,33864,56441,9800000,9800000
2,28,9800000,9800100,33864,56441,10150000,10150000
2,29,10150000,10150100,33864,56441,10500000,10500000
2,30,10500000,10500100,33864,56441,10850000,10850000
2,31,10850000,10850100,33864,56441,11200000,11200000
2,32,11200000,11200100,33864,56441,11550000,11550000
2,33,11550000,11550100,33864,56441,11900000,11900000
2,34,11900000,11900100,33864,56441,12250000,12250000
2,35,12250000,12250100,33864,56441,12600000,12600000
2,36,12600000,12600100,33864,56441,12950000,12950000
2,37,12950000,12950100,33864,56441,13300000,13300000
2,38,13300000,13300100,33864,56441,13650000,13650000
2,39,13650000,13650100,33864,56441,14000000,14000000
2,40,14000000,14000100,33864,56441,14350000,14350000
2,41,14350000,14350100,33864,56441,14700000,14700000
2,42,14700000,14700100,33864,56441,15050000,15050000
2,43,15050000,15050100,33864,56441,15400000,15400000
2,44,15400000,15400100,33864,56441,15750000,15750000
2,45,15750000,15750100,33864,56441,16100000,16100000
2,46,16100000,16100100,33864,56441,16450000,16450000
2,47,16450000,16450100,33864,56441,16800000,16800000
2,48,16800000,16800100,33864,56441,17150000,17150000
2,49,17150000,17150100,33864,56441,17500000,17500000
2,50,17500000,17500100,33864,56441,17850000,17850000
2,51,17850000,17850100,33864,56441,18200000,18200000
2,52,18200000,18200100,33864,56441,18550000,18550000
2,53,18550000,18550100,33864,56441,18900000,18900000
2,54,18900000,18900100,33864,56441,19250000,19250000
2,55,19250000,19250100,33864,56441,19600000,19600000
2,56,19600000,19600100,33864,56441,19950000,19950000
2,57,19950000,19950100,33864,56441,20300000,20300000
2,58,20300000,20300100,33864,56441,20650000,20650000
2,59,20650000,20650100,33864,56441,21000000,21000000
2,60,21000000,21000100,33864,56441,21350000,21350000
2,61,21350000,21350100,33864,56441,21700000,21700000
2,62,21700000,21700100,33864,56441,22050000,22050000
2,63,22050000,22050100,33864,56441,22400000,22400000
2,64,22400000,22400100,33864,56441,22750000,22750000
2,65,22750000,22750100,33864,56441,23100000,23100000
2,66,23100000,23100100,33864,56441,23450000,23450000
2,67,23450000,23450100,33864,56441,23800000,23800000
2,68,23800000,23800100,33864,56441,24150000,24150000
2,69,24150000,24150100,33864,56441,24500000,24500000
2,70,24500000,24500100,33864,56441,24850000,24850000
2,71,24850000,24850100,33864,56441,25200000,25200000
2,72,25200000,25200100,33864,56441,25550000,25550000
2,73,25550000,25550100,33864,56441,25900000,25900000
2,74,25900000,25900100,33864,56441,26250000,26250000
2,75,26250000,26250100,33864,56441,26600000,26600000
2,76,26600000,26600100,33864,56441,26950000,26950000
2,77,26950000,26950100,33864,56441,27300000,27300000
2,78,27300000,27300100,33864,56441,27650000,27650000
2,79,27650000,27650100,33864,56441,28000000,28000000
2,80,28000000,28000100,33864,56441,28350000,28350000
2,81,28350000,28350100,33864,56441,28700000,28700000
2,82,28700000,28700100,33864,56441,29050000,29050000
2,83,29050000,29050100,33864,56441,29400000,29400000
2,84,29400000,29400100,33864,56441,29750000,29750000
2,85,29750000,29750100,33864,56441,30100000,30100000
2,86,30100000,30100100,33864,56441,30450000,30450000
2,87,30450000,30450100,33864,56441,30800000,30800000
2,88,30800000,30800100,33864,56441,31150000,31150000
2,89,31150000,31150100,33864,56441,31500000,31500000
2,90,31500000,31500100,33864,56441,31850000,31850000
2,91,31850000,31850100,33864,56441,32200000,32200000
2,92,32200000,32200100,33864,56441,32550000,32550000
2,93,32550000,32550100,33864,56441,32900000,32900000
2,94,32900000,32900100,33864,56441,33250000,33250000
2,95,33250000,33250100,33864,56441,33600000,33600000
2,96,33600000,33600100,33864,56441,33950000,33950000
2,97,33950000,33950100,33864,56441,34300000,34300000
2,98,34300000,34300100,33864,56441,34650000,34650000
2,99,34650000,34650100,33864,56441,35000000,35000000
2,100,35000000,35000100,33864,56441,35350000,35350000
2,101,35350000,35350100,33864,56441,35700000,35700000
2,102,35700000,35700100,33864,56441,36050000,36050000
2,103,36050000,36050100,33864,56441,36400000,36400000
2,104,36400000,36400100,33864,56441,36750000,36750000
2,105,36750000,36750100,33864,56441,37100000,37100000
2,106,37100000,37100100,33864,56441,37450000,37450000
2,107,37450000,37450100,33864,56441,37800000,37800000
2,108,37800000,37800100,33864,56441,38150000,38150000
2,109,38150000,38150100,33864,56441,38500000,38500000
2,110,38500000,38500100,33864,56441,38850000,38850000
2,111,38850000,38850100,33864,56441,39200000,39200000
2,112,39200000,39200100,33864,56441,39550000,39550000
2,113,39550000,39550100,33864,56441,39900000,39900000
2,114,39900000,39900100,33864,56441,40250000,40250000
2,115,40250000,40250100,33864,56441,40600000,40600000
2,116,40600000,40600100,33864,56441,40950000,40950000
2,117,40950000,40950100,33864,56441,41300000,41300000
2,118,41300000,41300100,33864,56441,41650000,41650000
2,119,41650000,41650100,33864,56441,42000000,42000000
2,120,42000000,42000100,33864,56441,42350000,42350000
2,121,42350000,42350100,33864,56441,42700000,42700000
2,122,42700000,42700100,33864,56441,43050000,43050000
2,123,43050000,43050100,33864,56441,43400000,43400000
2,124,43400000,43400100,33864,56441,43750000,43750000
2,125,43750000,43750100,33864,56441,44100000,44100000
2,126,44100000,44100100,33864,56441,44450000,44450000
2,127,44450000,44450100,33864,56441,44800000,44800000
2,128,44800000,44800100,33864,56441,45150000,45150000
2,129,45150000,45150100,33864,56441,45500000,45500000
2,130,45500000,45500100,33864,56441,45850000,45850000
2,131,45850000,45850100,33864,56441,46200000,46200000
2,132,46200000,46200100,33864,56441,46550000,46550000
2,133,46550000,46550100,33864,56441,46900000,46900000
2,134,46900000,46900100,33864,56441,47250000,47250000
2,135,47250000,47250100,33864,56441,47600000,47600000
2,136,47600000,47600100,33864,56441,47950000,47950000
2,137,47950000,47950100,33864,56441,48300000,48300000
2,138,48300000,48300100,33864,56441,48650000,48650000
2,139,48650000,48650100,33864,56441,49000000,49000000
2,140,49000000,49000100,33864,56441,49350000,49350000
2,141,49350000,49350100,33864,56441,49700000,49700000
2,142,49700000,49700100,33864,56441,50050000,50050000
2,143,50050000,50050100,33864,56441,50400000,50400000
2,144,50400000,50400100,33864,56441,50750000,50750000
2,145,50750000,50750100,33864,56441,51100000,51100000
2,146,51100000,51100100,33864,56441,51450000,51450000
2,147,51450000,51450100,33864,56441,51800000,51800000
2,148,51800000,51800100,33864,56441,52150000,52150000
2,149,52150000,52150100,33864,56441,52500000,52500000
2,150,52500000,52500100,33864,56441,52850000,52850000
2,151,52850000,52850100,33864,56441,53200000,53200000
2,152,53200000,53200100,33864,56441,53550000,53550000
2,153,53550000,53550100,33864,56441,53900000,53900000
2,154,53900000,53900100,33864,56441,54250000,54250000
2,155,54250000,54250100,33864,56441,54600000,54600000
2,156,54600000,54600100,33864,56441,54950000,54950000
2,157,54950000,54950100,33864,56441,55300000,55300000
2,158,55300000,55300100,33864,56441,55650000,55650000
2,159,55650000,55650100,33864,56441,56000000,56000000
2,160,56000000,56000100,33864,56441,56350000,56350000
2,161,56350000,56350100,33864,56441,56700000,56700000
2,162,56700000,56700100,33864,56441,57050000,57050000
2,163,57050000,57050100,33864,56441,57400000,57400000
2,164,57400000,57400100,33864,56441,57750000,57750000
2,165,57750000,57750100,33864,56441,58100000,58100000
2,166,58100000,58100100,33864,56441,58450000,58450000
2,167,58450000,58450100,33864,56441,58800000,58800000
2,168,58800000,58800100,33864,56441,59150000,59150000
2,169,59150000,59150100,33864,56441,59500000,59500000
2,170,59500000,59500100,33864,56441,59850000,59850000
2,171,59850000,59850100,33864,56441,60200000,60200000
2,172,60200000,60200100,33864,56441,60550000,60550000
2,173,60550000,60550100,33864,56441,60900000,60900000
2,174,60900000,60900100,33864,56441,61250000,61250000
2,175,61250000,61250100,33864,56441,61600000,61600000
2,176,61600000,61600100,33864,56441,61950000,61950000
2,177,61950000,61950100,33864,56441,62300000,62300000
2,178,62300000,62300100,33864,56441,62650000,62650000
2,179,62650000,62650100,33864,56441,63000000,63000000
2,180,63000000,63000100,33864,56441,63350000,63350000
2,181,63350000,63350100,33864,56441,63700000,63700000
2,182,63700000,63700100,33864,56441,64050000,64050000
2,183,64050000,64050100,33864,56441,64400000,64400000
2,184,64400000,64400100,33864,56441,64750000,64750000
2,185,64750000,64750100,33864,56441,65100000,65100000
2,186,65100000,65100100,33864,56441,65450000,65450000
2,187,65450000,65450100,33864,56441,65800000,65800000
2,188,65800000,65800100,33864,56441,66150000,66150000
2,189,66150000,66150100,33864,56441,66500000,66500000
2,190,66500000,66500100,33864,56441,66850000,66850000
2,191,66850000,66850100,33864,56441,67200000,67200000
2,192,67200000,67200100,33864,56441,67550000,67550000
2,193,67550000,67550100,33864,56441,67900000,67900000
2,194,67900000,67900100,33864,56441,68250000,68250000
2,195,68250000,68250100,33864,56441,68600000,68600000
2,196,68600000,68600100,33864,56441,68950000,68950000
2,197,68950000,68950100,33864,56441,69300000,69300000
2,198,69300000,69300100,33864,56441,69650000,69650000
2,199,69650000,69650100,33864,56441,70000000,70000000
2,200,70000000,70000100,33864,56441,70350000,70350000
2,201,70350000,70350100,33864,56441,70700000,70700000
2,202,70700000,70700100,33864,56441,71050000,71050000
2,203,71050000,71050100,33864,56441,71400000,71400000
2,204,71400000,71400100,33864,56441,71750000,71750000
2,205,71750000,71750100,33864,56441,72100000,72100000
2,206,72100000,72100100,33864,56441,72450000,72450000
2,207,72450000,72450100,33864,56441,72800000,72800000
2,208,72800000,72800100,33864,56441,73150000,73150000
2,209,73150000,73150100,33864,56441,73500000,73500000
2,210,73500000,73500100,33864,56441,73850000,73850000
2,211,73850000,73850100,33864,56441,74200000,74200000
2,212,74200000,74200100,33864,56441,74550000,74550000
2,213,74550000,74550100,33864,56441,74900000,74900000
2,214,74900000,74900100,33864,56441,75250000,75250000
2,215,75250000,75250100,33864,56441,75600000,75600000
2,216,75600000,75600100,33864,56441,75950000,75950000
2,217,75950000,75950100,33864,56441,76300000,76300000
2,218,76300000,76300100,33864,56441,76650000,76650000
2,219,76650000,76650100,33864,56441,77000000,77000000
2,220,77000000,77000100,33864,56441,77350000,77350000
2,221,77350000,77350100,33864,56441,77700000,77700000
2,222,77700000,77700100,33864,56441,78050000,78050000
2,223,78050000,78050100,33864,56441,78400000,78400000
2,224,78400000,78400100,33864,56441,78750000,78750000
2,225,78750000,78750100,33864,56441,79100000,79100000
2,226,79100000,79100100,33864,56441,79450000,79450000
2,227,79450000,79450100,33864,56441,79800000,79800000
2,228,79800000,79800100,33864,56441,80150000,80150000
2,229,80150000,80150100,33864,56441,80500000,80500000
2,230,80500000,80500100,33864,56441,80850000,80850000
2,231,80850000,80850100,33864,56441,81200000,81200000
2,232,81200000,81200100,33864,56441,81550000,81550000
2,233,81550000,81550100,33864,56441,81900000,81900000
2,234,81900000,81900100,33864,56441,82250000,82250000
2,235,82250000,82250100,33864,56441,82600000,82600000
2,236,82600000,82600100,33864,56441,82950000,82950000
2,237,82950000,82950100,33864,56441,83300000,83300000
2,238,83300000,83300100,33864,56441,83650000,83650000
2,239,83650000,83650100,33864,56441,84000000,84000000
2,240,84000000,84000100,33864,56441,84350000,84350000
2,241,84350000,84350100,33864,56441,84700000,84700000
2,242,84700000,84700100,33864,56441,85050000,85050000
2,243,85050000,85050100,33864,56441,85400000,85400000
2,244,85400000,85400100,33864,56441,85750000,85750000
2,245,85750000,85750100,33864,56441,86100000,86100000
2,246,86100000,86100100,33864,56441,86450000,86450000
2,247,86450000,86450100,33864,56441,86800000,86800000
2,248,86800000,86800100,33864,56441,87150000,87150000
2,249,87150000,87150100,33864,56441,87500000,87500000
2,250,87500000,87500100,33864,56441,87850000,87850000
2,251,87850000,87850100,33864,56441,88200000,88200000
2,252,88200000,88200100,33864,56441,88550000,88550000
2,253,88550000,88550100,33864,56441,88900000,88900000
2,254,88900000,88900100,33864,56441,89250000,89250000
2,255,89250000,89250100,33864,56441,89600000,89600000
2,256,89600000,89600100,33864,56441,89950000,89950000
2,257,89950000,89950100,33864,56441,90300000,90300000
2,258,90300000,90300100,33864,56441,90650000,90650000
2,259,90650000,90650100,33864,56441,91000000,91000000
2,260,91000000,91000100,33864,56441,91350000,91350000
2,261,91350000,91350100,33864,56441,91700000,91700000
2,262,91700000,91700100,33864,56441,92050000,92050000
2,263,92050000,92050100,33864,56441,92400000,92400000
2,264,92400000,92400100,33864,56441,92750000,92750000
2,265,92750000,92750100,33864,56441,93100000,93100000
2,266,93100000,93100100,33864,56441,93450000,93450000
2,267,93450000,93450100,33864,56441,93800000,93800000
2,268,93800000,93800100,33864,56441,94150000,94150000
2,269,94150000,94150100,33864,56441,94500000,94500000
2,270,94500000,94500100,33864,56441,94850000,94850000
2,271,94850000,94850100,33864,56441,95200000,95200000
2,272,95200000,95200100,33864,56441,95550000,95550000
2,273,95550000,95550100,33864,56441,95900000,95900000
2,274,95900000,95900100,33864,56441,96250000,96250000
2,275,96250000,96250100,33864,56441,96600000,96600000
2,276,96600000,96600100,33864,56441,96950000,96950000
2,277,96950000,96950100,33864,56441,97300000,97300000
2,278,97300000,97300100,33864,56441,97650000,97650000
2,279,97650000,97650100,33864,56441,98000000,98000000
2,280,98000000,98000100,33864,56441,98350000,98350000
2,281,98350000,98350100,33864,56441,98700000,98700000
2,282,98700000,98700100,33864,56441,99050000,99050000
2,283,99050000,99050100,33864,56441,99400000,99400000
2,284,99400000,99400100,33864,56441,99750000,99750000
2,285,99750000,99750100,33864,56441,100100000,100100000
2,286,100100000,100100100,33864,56441,100450000,100450000
2,287,100450000,100450100,33864,56441,100800000,100800000
2,288,100800000,100800100,33864,56441,101150000,101150000
2,289,101150000,101150100,33864,56441,101500000,101500000
2,290,101500000,101500100,33864,56441,101850000,101850000
2,291,101850000,101850100,33864,56441,102200000,102200000
2,292,102200000,102200100,33864,56441,102550000,102550000
2,293,102550000,102550100,33864,56441,102900000,102900000
2,294,102900000,102900100,33864,56441,103250000,103250000
2,295,103250000,103250100,33864,56441,103600000,103600000
2,296,103600000,103600100,33864,56441,103950000,103950000
2,297,103950000,103950100,33864,56441,104300000,104300000
2,298,104300000,104300100,33864,56441,104650000,104650000
2,299,104650000,104650100,33864,56441,105000000,105000000
2,300,105000000,105000100,33864,56441,105350000,105350000
2,301,105350000,105350100,33864,56441,105700000,105700000
2,302,105700000,105700100,33864,56441,106050000,106050000
2,303,106050000,106050100,33864,56441,106400000,106400000
2,304,106400000,106400100,33864,56441,106750000,106750000
2,305,106750000,106750100,33864,56441,107100000,107100000
2,306,107100000,107100100,33864,56441,107450000,107450000
2,307,107450000,107450100,33864,56441,107800000,107800000
2,308,107800000,107800100,33864,56441,108150000,108150000
2,309,108150000,108150100,33864,56441,108500000,108500000
2,310,108500000,108500100,33864,56441,108850000,108850000
2,311,108850000,108850100,33864,56441,109200000,109200000
2,312,109200000,109200100,33864,56441,109550000,109550000
2,313,109550000,109550100,33864,56441,109900000,109900000
2,314,109900000,109900100,33864,56441,110250000,110250000
2,315,110250000,110250100,33864,56441,110600000,110600000
2,316,110600000,110600100,33864,56441,110950000,110950000
2,317,110950000,110950100,33864,56441,111300000,111300000
2,318,111300000,111300100,33864,56441,111650000,111650000
2,319,111650000,111650100,33864,56441,112000000,112000000
2,320,112000000,112000100,33864,56441,112350000,112350000
2,321,112350000,112350100,33864,56441,112700000,112700000
2,322,112700000,112700100,33864,56441,113050000,113050000
2,323,113050000,113050100,33864,56441,113400000,113400000
2,324,113400000,113400100,33864,56441,113750000,113750000
2,325,113750000,113750100,33864,56441,114100000,114100000
2,326,114100000,114100100,33864,56441,114450000,114450000
2,327,114450000,114450100,33864,56441,114800000,114800000
2,328,114800000,114800100,33864,56441,115150000,115150000
2,329,115150000,115150100,33864,56441,115500000,115500000
2,330,115500000,115500100,33864,56441,115850000,115850000
2,331,115850000,115850100,33864,56441,116200000,116200000
2,332,116200000,116200100,33864,56441,116550000,116550000
2,333,116550000,116550100,33864,56441,116900000,116900000
2,334,116900000,116900100,33864,56441,117250000,117250000
2,335,117250000,117250100,33864,56441,117600000,117600000
2,336,117600000,117600100,33864,56441,117950000,117950000
2,337,117950000,117950100,33864,56441,118300000,118300000
2,338,118300000,118300100,33864,56441,118650000,118650000
2,339,118650000,118650100,33864,56441,119000000,119000000
2,340,119000000,119000100,33864,56441,119350000,119350000
2,341,119350000,119350100,33864,56441,119700000,119700000
2,342,119700000,119700100,33864,56441,120050000,120050000
2,343,120050000,120050100,33864,56441,120400000,120400000
2,344,120400000,120400100,33864,56441,120750000,120750000
2,345,120750000,120750100,33864,56441,121100000,121100000
2,346,121100000,121100100,33864,56441,121450000,121450000
2,347,121450000,121450100,33864,56441,121800000,121800000
2,348,121800000,121800100,33864,56441,122150000,122150000
2,349,122150000,122150100,33864,56441,122500000,122500000
2,350,122500000,122500100,33864,56441,122850000,122850000
2,351,122850000,122850100,33864,56441,123200000,123200000
2,352,123200000,123200100,33864,56441,123550000,123550000
2,353,123550000,123550100,33864,56441,123900000,123900000
2,354,123900000,123900100,33864,56441,124250000,124250000
2,355,124250000,124250100,33864,56441,124600000,124600000
2,356,124600000,124600100,33864,56441,124950000,124950000
2,357,124950000,124950100,33864,56441,125300000,125300000
2,358,125300000,125300100,33864,56441,125650000,125650000
2,359,125650000,125650100,33864,56441,126000000,126000000
2,360,126000000,126000100,33864,56441,126350000,126350000
2,361,126350000,126350100,33864,56441,126700000,126700000
2,362,126700000,126700100,33864,56441,127050000,127050000
2,363,127050000,127050100,33864,56441,127400000,127400000
2,364,127400000,127400100,33864,56441,127750000,127750000
2,365,127750000,127750100,33864,56441,128100000,128100000
2,366,128100000,128100100,33864,56441,128450000,128450000
2,367,128450000,128450100,33864,56441,128800000,128800000
2,368,128800000,128800100,33864,56441,129150000,129150000
2,369,129150000,129150100,33864,56441,129500000,129500000
2,370,129500000,129500100,33864,56441,129850000,129850000
2,371,129850000,129850100,33864,56441,130200000,130200000
2,372,130200000,130200100,33864,56441,130550000,130550000
2,373,130550000,130550100,33864,56441,130900000,130900000
2,374,130900000,130900100,33864,56441,131250000,131250000
2,375,131250000,131250100,33864,56441,131600000,131600000
2,376,131600000,131600100,33864,56441,131950000,131950000
2,377,131950000,131950100,33864,56441,132300000,132300000
2,378,132300000,132300100,33864,56441,132650000,132650000
2,379,132650000,132650100,33864,56441,133000000,133000000
2,380,133000000,133000100,33864,56441,133350000,133350000
2,381,133350000,133350100,33864,56441,133700000,133700000
2,382,133700000,133700100,33864,56441,134050000,134050000
2,383,134050000,134050100,33864,56441,134400000,134400000
2,384,134400000,134400100,33864,56441,134750000,134750000
2,385,134750000,134750100,33864,56441,135100000,135100000
2,386,135100000,135100100,33864,56441,135450000,135450000
2,387,135450000,135450100,33864,56441,135800000,135800000
2,388,135800000,135800100,33864,56441,136150000,136150000
2,389,136150000,136150100,33864,56441,136500000,136500000
2,390,136500000,136500100,33864,56441,136850000,136850000
2,391,136850000,136850100,33864,56441,137200000,137200000
2,392,137200000,137200100,33864,56441,137550000,137550000
2,393,137550000,137550100,33864,56441,137900000,137900000
2,394,137900000,137900100,33864,56441,138250000,138250000
2,395,138250000,138250100,33864,56441,138600000,138600000
2,396,138600000,138600100,33864,56441,138950000,138950000
2,397,138950000,138950100,33864,56441,139300000,139300000
2,398,139300000,139300100,33864,56441,139650000,139650000
2,399,139650000,139650100,33864,56441,140000000,140000000
2,400,140000000,140000100,33864,56441,140350000,140350000
2,401,140350000,140350100,33864,56441,140700000,140700000
2,402,140700000,140700100,33864,56441,141050000,141050000
2,403,141050000,141050100,33864,56441,141400000,141400000
2,404,141400000,141400100,33864,56441,141750000,141750000
2,405,141750000,141750100,33864,56441,142100000,142100000
2,406,142100000,142100100,33864,56441,142450000,142450000
2,407,142450000,142450100,33864,56441,142800000,142800000
2,408,142800000,142800100,33864,56441,143150000,143150000
2,409,143150000,143150100,33864,56441,143500000,143500000
2,410,143500000,143500100,33864,56441,143850000,143850000
2,411,143850000,143850100,33864,56441,144200000,144200000
2,412,144200000,144200100,33864,56441,144550000,144550000
2,413,144550000,144550100,33864,56441,144900000,144900000
2,414,144900000,144900100,33864,56441,145250000,145250000
2,415,145250000,145250100,33864,56441,145600000,145600000
2,416,145600000,145600100,33864,56441,145950000,145950000
2,417,145950000,145950100,33864,56441,146300000,146300000
2,418,146300000,146300100,33864,56441,146650000,146650000
2,419,146650000,146650100,33864,56441,147000000,147000000
2,420,147000000,147000100,33864,56441,147350000,147350000
2,421,147350000,147350100,33864,56441,147700000,147700000
2,422,147700000,147700100,33864,56441,148050000,148050000
2,423,148050000,148050100,33864,56441,148400000,148400000
2,424,148400000,148400100,33864,56441,148750000,148750000
2,425,148750000,148750100,33864,56441,149100000,149100000
2,426,149100000,149100100,33864,56441,149450000,149450000
2,427,149450000,149450100,33864,56441,149800000,149800000
2,428,149800000,149800100,33864,56441,150150000,150150000
2,429,150150000,150150100,33864,56441,150500000,150500000
2,430,150500000,150500100,33864,56441,150850000,150850000
2,431,150850000,150850100,33864,56441,151200000,151200000
2,432,151200000,151200100,33864,56441,151550000,151550000
2,433,151550000,151550100,33864,56441,151900000,151900000
2,434,151900000,151900100,33864,56441,152250000,152250000
2,435,152250000,152250100,33864,56441,152600000,152600000
2,436,152600000,152600100,33864,56441,152950000,152950000
2,437,152950000,152950100,33864,56441,153300000,153300000
2,438,153300000,153300100,33864,56441,153650000,153650000
2,439,153650000,153650100,33864,56441,154000000,154000000
2,440,154000000,154000100,33864,56441,154350000,154350000
2,441,154350000,154350100,33864,56441,154700000,154700000
2,442,154700000,154700100,33864,56441,155050000,155050000
2,443,155050000,155050100,33864,56441,155400000,155400000
2,444,155400000,155400100,33864,56441,155750000,155750000
2,445,155750000,155750100,33864,56441,156100000,156100000
2,446,156100000,156100100,33864,56441,156450000,156450000
2,447,156450000,156450100,33864,56441,156800000,156800000
2,448,156800000,156800100,33864,56441,157150000,157150000
2,449,157150000,157150100,33864,56441,157500000,157500000
2,450,157500000,157500100,33864,56441,157850000,157850000
2,451,157850000,157850100,33864,56441,158200000,158200000
2,452,158200000,158200100,33864,56441,158550000,158550000
2,453,158550000,158550100,33864,56441,158900000,158900000
2,454,158900000,158900100,33864,56441,159250000,159250000
2,455,159250000,159250100,33864,56441,159600000,159600000
2,456,159600000,159600100,33864,56441,159950000,159950000
2,457,159950000,159950100,33864,56441,160300000,160300000
2,458,160300000,160300100,33864,56441,160650000,160650000
2,459,160650000,160650100,33864,56441,161000000,161000000
2,460,161000000,161000100,33864,56441,161350000,161350000
2,461,161350000,161350100,33864,56441,161700000,161700000
2,462,161700000,161700100,33864,56441,162050000,162050000
2,463,162050000,162050100,33864,56441,162400000,162400000
2,464,162400000,162400100,33864,56441,162750000,162750000
2,465,162750000,162750100,33864,56441,163100000,163100000
2,466,163100000,163100100,33864,56441,163450000,163450000
2,467,163450000,163450100,33864,56441,163800000,163800000
2,468,163800000,163800100,33864,56441,164150000,164150000
2,469,164150000,164150100,33864,56441,164500000,164500000
2,470,164500000,164500100,33864,56441,164850000,164850000
2,471,164850000,164850100,33864,56441,165200000,165200000
2,472,165200000,165200100,33864,56441,165550000,165550000
2,473,165550000,165550100,33864,56441,165900000,165900000
2,474,165900000,165900100,33864,56441,166250000,166250000
2,475,166250000,166250100,33864,56441,166600000,166600000
2,476,166600000,166600100,33864,56441,166950000,166950000
2,477,166950000,166950100,33864,56441,167300000,167300000
2,478,167300000,167300100,33864,56441,167650000,167650000
2,479,167650000,167650100,33864,56441,168000000,168000000
2,480,168000000,168000100,33864,56441,168350000,168350000
2,481,168350000,168350100,33864,56441,168700000,168700000
2,482,168700000,168700100,33864,56441,169050000,169050000
2,483,169050000,169050100,33864,56441,169400000,169400000
2,484,169400000,169400100,33864,56441,169750000,169750000
2,485,169750000,169750100,33864,56441,170100000,170100000
2,486,170100000,170100100,33864,56441,170450000,170450000
2,487,170450000,170450100,33864,56441,170800000,170800000
2,488,170800000,170800100,33864,56441,171150000,171150000
2,489,171150000,171150100,33864,56441,171500000,171500000
2,490,171500000,171500100,33864,56441,171850000,171850000
2,491,171850000,171850100,33864,56441,172200000,172200000
2,492,172200000,172200100,33864,56441,172550000,172550000
2,493,172550000,172550100,33864,56441,172900000,172900000
2,494,172900000,172900100,33864,56441,173250000,173250000
2,495,173250000,173250100,33864,56441,173600000,173600000
2,496,173600000,173600100,33864,56441,173950000,173950000
2,497,173950000,173950100,33864,56441,174300000,174300000
2,498,174300000,174300100,33864,56441,174650000,174650000
2,499,174650000,174650100,33864,56441,175000000,175000000
2,500,175000000,175000100,33864,56441,175350000,175350000
2,501,175350000,175350100,33864,56441,175700000,175700000
2,502,175700000,175700100,33864,56441,176050000,176050000
2,503,176050000,176050100,33864,56441,176400000,176400000
2,504,176400000,176400100,33864,56441,176750000,176750000
2,505,176750000,176750100,33864,56441,177100000,177100000
2,506,177100000,177100100,33864,56441,177450000,177450000
2,507,177450000,177450100,33864,56441,177800000,177800000
2,508,177800000,177800100,33864,56441,178150000,178150000
2,509,178150000,178150100,33864,56441,178500000,178500000
2,510,178500000,178500100,33864,56441,178850000,178850000
2,511,178850000,178850100,33864,56441,179200000,179200000
2,512,179200000,179200100,33864,56441,179550000,179550000
2,513,179550000,179550100,33864,56441,179900000,179900000
2,514,179900000,179900100,33864,56441,180250000,180250000
2,515,180250000,180250100,33864,56441,180600000,180600000
2,516,180600000,180600100,33864,56441,180950000,180950000
2,517,180950000,180950100,33864,56441,181300000,181300000
2,518,181300000,181300100,33864,56441,181650000,181650000
2,519,181650000,181650100,33864,56441,182000000,182000000
2,520,182000000,182000100,33864,56441,182350000,182350000
2,521,182350000,182350100,33864,56441,182700000,182700000
2,522,182700000,182700100,33864,56441,183050000,183050000
2,523,183050000,183050100,33864,56441,183400000,183400000
2,524,183400000,183400100,33864,56441,183750000,183750000
2,525,183750000,183750100,33864,56441,184100000,184100000
2,526,184100000,184100100,33864,56441,184450000,184450000
2,527,184450000,184450100,33864,56441,184800000,184800000
2,528,184800000,184800100,33864,56441,185150000,185150000
2,529,185150000,185150100,33864,56441,185500000,185500000
2,530,185500000,185500100,33864,56441,185850000,185850000
2,531,185850000,185850100,33864,56441,186200000,186200000
2,532,186200000,186200100,33864,56441,186550000,186550000
2,533,186550000,186550100,33864,56441,186900000,186900000
2,534,186900000,186900100,33864,56441,187250000,187250000
2,535,187250000,187250100,33864,56441,187600000,187600000
2,536,187600000,187600100,33864,56441,187950000,187950000
2,537,187950000,187950100,33864,56441,188300000,188300000
2,538,188300000,188300100,33864,56441,188650000,188650000
2,539,188650000,188650100,33864,56441,189000000,189000000
2,540,189000000,189000100,33864,56441,189350000,189350000
2,541,189350000,189350100,33864,56441,189700000,189700000
2,542,189700000,189700100,33864,56441,190050000,190050000
2,543,190050000,190050100,33864,56441,190400000,190400000
2,544,190400000,190400100,33864,56441,190750000,190750000
2,545,190750000,190750100,33864,56441,191100000,191100000
2,546,191100000,191100100,33864,56441,191450000,191450000
2,547,191450000,191450100,33864,56441,191800000,191800000
2,548,191800000,191800100,33864,56441,192150000,192150000
2,549,192150000,192150100,33864,56441,192500000,192500000
2,550,192500000,192500100,33864,56441,192850000,192850000
2,551,192850000,192850100,33864,56441,193200000,193200000
2,552,193200000,193200100,33864,56441,193550000,193550000
2,553,193550000,193550100,33864,56441,193900000,193900000
2,554,193900000,193900100,33864,56441,194250000,194250000
2,555,194250000,194250100,33864,56441,194600000,194600000
2,556,194600000,194600100,33864,56441,194950000,194950000
2,557,194950000,194950100,33864,56441,195300000,195300000
2,558,195300000,195300100,33864,56441,195650000,195650000
2,559,195650000,195650100,33864,56441,196000000,196000000
2,560,196000000,196000100,33864,56441,196350000,196350000
2,561,196350000,196350100,33864,56441,196700000,196700000
2,562,196700000,196700100,33864,56441,197050000,197050000
2,563,197050000,197050100,33864,56441,197400000,197400000
2,564,197400000,197400100,33864,56441,197750000,197750000
2,565,197750000,197750100,33864,56441,198100000,198100000
2,566,198100000,198100100,33864,56441,198450000,198450000
2,567,198450000,198450100,33864,56441,198800000,198800000
2,568,198800000,198800100,33864,56441,199150000,199150000
2,569,199150000,199150100,33864,56441,199500000,199500000
2,570,199500000,199500100,33864,56441,199850000,199850000
2,571,199850000,199850100,33864,56441,200200000,200200000
2,572,200200000,200200100,33864,56441,200550000,200550000
2,573,200550000,200550100,33864,56441,200900000,200900000
2,574,200900000,200900100,33864,56441,201250000,201250000
2,575,201250000,201250100,33864,56441,201600000,201600000
2,576,201600000,201600100,33864,56441,201950000,201950000
2,577,201950000,201950100,33864,56441,202300000,202300000
2,578,202300000,202300100,33864,56441,202650000,202650000
2,579,202650000,202650100,33864,56441,203000000,203000000
2,580,203000000,203000100,33864,56441,203350000,203350000
2,581,203350000,203350100,33864,56441,203700000,203700000
2,582,203700000,203700100,33864,56441,204050000,204050000
2,583,204050000,204050100,33864,56441,204400000,204400000
2,584,204400000,204400100,33864,56441,204750000,204750000
2,585,204750000,204750100,33864,56441,205100000,205100000
2,586,205100000,205100100,33864,56441,205450000,205450000
2,587,205450000,205450100,33864,56441,205800000,205800000
2,588,205800000,205800100,33864,56441,206150000,206150000
2,589,206150000,206150100,33864,56441,206500000,206500000
2,590,206500000,206500100,33864,56441,206850000,206850000
2,591,206850000,206850100,33864,56441,207200000,207200000
2,592,207200000,207200100,33864,56441,207550000,207550000
2,593,207550000,207550100,33864,56441,207900000,207900000
2,594,207900000,207900100,33864,56441,208250000,208250000
2,595,208250000,208250100,33864,56441,208600000,208600000
2,596,208600000,208600100,33864,56441,208950000,208950000
2,597,208950000,208950100,33864,56441,209300000,209300000
2,598,209300000,209300100,33864,56441,209650000,209650000
2,599,209650000,209650100,33864,56441,210000000,210000000
2,600,210000000,210000100,33864,56441,210350000,210350000
2,601,210350000,210350100,33864,56441,210700000,210700000
2,602,210700000,210700100,33864,56441,211050000,211050000
2,603,211050000,211050100,33864,56441,211400000,211400000
2,604,211400000,211400100,33864,56441,211750000,211750000
2,605,211750000,211750100,33864,56441,212100000,212100000
2,606,212100000,212100100,33864,56441,212450000,212450000
2,607,212450000,212450100,33864,56441,212800000,212800000
2,608,212800000,212800100,33864,56441,213150000,213150000
2,609,213150000,213150100,33864,56441,213500000,213500000
2,610,213500000,213500100,33864,56441,213850000,213850000
2,611,213850000,213850100,33864,56441,214200000,214200000
2,612,214200000,214200100,33864,56441,214550000,214550000
2,613,214550000,214550100,33864,56441,214900000,214900000
2,614,214900000,214900100,33864,56441,215250000,215250000
2,615,215250000,215250100,33864,56441,215600000,215600000
2,616,215600000,215600100,33864,56441,215950000,215950000
2,617,215950000,215950100,33864,56441,216300000,216300000
2,618,216300000,216300100,33864,56441,216650000,216650000
2,619,216650000,216650100,33864,56441,217000000,217000000
2,620,217000000,217000100,33864,56441,217350000,217350000
2,621,217350000,217350100,33864,56441,217700000,217700000
2,622,217700000,217700100,33864,56441,218050000,218050000
2,623,218050000,218050100,33864,56441,218400000,218400000
2,624,218400000,218400100,33864,56441,218750000,218750000
2,625,218750000,218750100,33864,56441,219100000,219100000
2,626,219100000,219100100,33864,56441,219450000,219450000
2,627,219450000,219450100,33864,56441,219800000,219800000
2,628,219800000,219800100,33864,56441,220150000,220150000
2,629,220150000,220150100,33864,56441,220500000,220500000
2,630,220500000,220500100,33864,56441,220850000,220850000
2,631,220850000,220850100,33864,56441,221200000,221200000
2,632,221200000,221200100,33864,56441,221550000,221550000
2,633,221550000,221550100,33864,56441,221900000,221900000
2,634,221900000,221900100,33864,56441,222250000,222250000
2,635,222250000,222250100,33864,56441,222600000,222600000
2,636,222600000,222600100,33864,56441,222950000,222950000
2,637,222950000,222950100,33864,56441,223300000,223300000
2,638,223300000,223300100,33864,56441,223650000,223650000
2,639,223650000,223650100,33864,56441,224000000,224000000
2,640,224000000,224000100,33864,56441,224350000,224350000
2,641,224350000,224350100,33864,56441,224700000,224700000
2,642,224700000,224700100,33864,56441,225050000,225050000
2,643,225050000,225050100,33864,56441,225400000,225400000
2,644,225400000,225400100,33864,56441,225750000,225750000
2,645,225750000,225750100,33864,56441,226100000,226100000
2,646,226100000,226100100,33864,56441,226450000,226450000
2,647,226450000,226450100,33864,56441,226800000,226800000
2,648,226800000,226800100,33864,56441,227150000,227150000
2,649,227150000,227150100,33864,56441,227500000,227500000
2,650,227500000,227500100,33864,56441,227850000,227850000
2,651,227850000,227850100,33864,56441,228200000,228200000
2,652,228200000,228200100,33864,56441,228550000,228550000
2,653,228550000,228550100,33864,56441,228900000,228900000
2,654,228900000,228900100,33864,56441,229250000,229250000
2,655,229250000,229250100,33864,56441,229600000,229600000
2,656,229600000,229600100,33864,56441,229950000,229950000
2,657,229950000,229950100,33864,56441,230300000,230300000
2,658,230300000,230300100,33864,56441,230650000,230650000
2,659,230650000,230650100,33864,56441,231000000,231000000
2,660,231000000,231000100,33864,56441,231350000,231350000
2,661,231350000,231350100,33864,56441,231700000,231700000
2,662,231700000,231700100,33864,56441,232050000,232050000
2,663,232050000,232050100,33864,56441,232400000,232400000
2,664,232400000,232400100,33864,56441,232750000,232750000
2,665,232750000,232750100,33864,56441,233100000,233100000
2,666,233100000,233100100,33864,56441,233450000,233450000
2,667,233450000,233450100,33864,56441,233800000,233800000
2,668,233800000,233800100,33864,56441,234150000,234150000
2,669,234150000,234150100,33864,56441,234500000,234500000
2,670,234500000,234500100,33864,56441,234850000,234850000
2,671,234850000,234850100,33864,56441,235200000,235200000
2,672,235200000,235200100,33864,56441,235550000,235550000
2,673,235550000,235550100,33864,56441,235900000,235900000
2,674,235900000,235900100,33864,56441,236250000,236250000
2,675,236250000,236250100,33864,56441,236600000,236600000
2,676,236600000,236600100,33864,56441,236950000,236950000
2,677,236950000,236950100,33864,56441,237300000,237300000
2,678,237300000,237300100,33864,56441,237650000,237650000
2,679,237650000,237650100,33864,56441,238000000,238000000
2,680,238000000,238000100,33864,56441,238350000,238350000
2,681,238350000,238350100,33864,56441,238700000,238700000
2,682,238700000,238700100,33864,56441,239050000,239050000
2,683,239050000,239050100,33864,56441,239400000,239400000
2,684,239400000,239400100,33864,56441,239750000,239750000
2,685,239750000,239750100,33864,56441,240100000,240100000
2,686,240100000,240100100,33864,56441,240450000,240450000
2,687,240450000,240450100,33864,56441,240800000,240800000
2,688,240800000,240800100,33864,56441,241150000,241150000
2,689,241150000,241150100,33864,56441,241500000,241500000
2,690,241500000,241500100,33864,56441,241850000,241850000
2,691,241850000,241850100,33864,56441,242200000,242200000
2,692,242200000,242200100,33864,56441,242550000,242550000
2,693,242550000,242550100,33864,56441,242900000,242900000
2,694,242900000,242900100,33864,56441,243250000,243250000
2,695,243250000,243250100,33864,56441,243600000,243600000
2,696,243600000,243600100,33864,56441,243950000,243950000
2,697,243950000,243950100,33864,56441,244300000,244300000
2,698,244300000,244300100,33864,56441,244650000,244650000
2,699,244650000,244650100,33864,56441,245000000,245000000
2,700,245000000,245000100,33864,56441,245350000,245350000
2,701,245350000,245350100,33864,56441,245700000,245700000
2,702,245700000,245700100,33864,56441,246050000,246050000
2,703,246050000,246050100,33864,56441,246400000,246400000
2,704,246400000,246400100,33864,56441,246750000,246750000
2,705,246750000,246750100,33864,56441,247100000,247100000
2,706,247100000,247100100,33864,56441,247450000,247450000
2,707,247450000,247450100,33864,56441,247800000,247800000
2,708,247800000,247800100,33864,56441,248150000,248150000
2,709,248150000,248150100,33864,56441,248500000,248500000
2,710,248500000,248500100,33864,56441,248850000,248850000
2,711,248850000,248850100,33864,56441,249200000,249200000
2,712,249200000,249200100,33864,56441,249550000,249550000
2,713,249550000,249550100,33864,56441,249900000,249900000
2,714,249900000,249900100,33864,56441,250250000,250250000
2,715,250250000,250250100,33864,56441,250600000,250600000
2,716,250600000,250600100,33864,56441,250950000,250950000
2,717,250950000,250950100,33864,56441,251300000,251300000
2,718,251300000,251300100,33864,56441,251650000,251650000
2,719,251650000,251650100,33864,56441,252000000,252000000
2,720,252000000,252000100,33864,56441,252350000,252350000
2,721,252350000,252350100,33864,56441,252700000,252700000
2,722,252700000,252700100,33864,56441,253050000,253050000
2,723,253050000,253050100,33864,56441,253400000,253400000
2,724,253400000,253400100,33864,56441,253750000,253750000
2,725,253750000,253750100,33864,56441,254100000,254100000
2,726,254100000,254100100,33864,56441,254450000,254450000
2,727,254450000,254450100,33864,56441,254800000,254800000
2,728,254800000,254800100,33864,56441,255150000,255150000
2,729,255150000,255150100,33864,56441,255500000,255500000
2,730,255500000,255500100,33864,56441,255850000,255850000
2,731,255850000,255850100,33864,56441,256200000,256200000
2,732,256200000,256200100,33864,56441,256550000,256550000
2,733,256550000,256550100,33864,56441,256900000,256900000
2,734,256900000,256900100,33864,56441,257250000,257250000
2,735,257250000,257250100,33864,56441,257600000,257600000
2,736,257600000,257600100,33864,56441,257950000,257950000
2,737,257950000,257950100,33864,56441,258300000,258300000
2,738,258300000,258300100,33864,56441,258650000,258650000
2,739,258650000,258650100,33864,56441,259000000,259000000
2,740,259000000,259000100,33864,56441,259350000,259350000
2,741,259350000,259350100,33864,56441,259700000,259700000
2,742,259700000,259700100,33864,56441,260050000,260050000
2,743,260050000,260050100,33864,56441,260400000,260400000
2,744,260400000,260400100,33864,56441,260750000,260750000
2,745,260750000,260750100,33864,56441,261100000,261100000
2,746,261100000,261100100,33864,56441,261450000,261450000
2,747,261450000,261450100,33864,56441,261800000,261800000
2,748,261800000,261800100,33864,56441,262150000,262150000
2,749,262150000,262150100,33864,56441,262500000,262500000
2,750,262500000,262500100,33864,56441,262850000,262850000
2,751,262850000,262850100,33864,56441,263200000,263200000
2,752,263200000,263200100,33864,56441,263550000,263550000
2,753,263550000,263550100,33864,56441,263900000,263900000
2,754,263900000,263900100,33864,56441,264250000,264250000
2,755,264250000,264250100,33864,56441,264600000,264600000
2,756,264600000,264600100,33864,56441,264950000,264950000
2,757,264950000,264950100,33864,56441,265300000,265300000
2,758,265300000,265300100,33864,56441,265650000,265650000
2,759,265650000,265650100,33864,56441,266000000,266000000
2,760,266000000,266000100,33864,56441,266350000,266350000
2,761,266350000,266350100,33864,56441,266700000,266700000
2,762,266700000,266700100,33864,56441,267050000,267050000
2,763,267050000,267050100,33864,56441,267400000,267400000
2,764,267400000,267400100,33864,56441,267750000,267750000
2,765,267750000,267750100,33864,56441,268100000,268100000
2,766,268100000,268100100,33864,56441,268450000,268450000
2,767,268450000,268450100,33864,56441,268800000,268800000
2,768,268800000,268800100,33864,56441,269150000,269150000
2,769,269150000,269150100,33864,56441,269500000,269500000
2,770,269500000,269500100,33864,56441,269850000,269850000
2,771,269850000,269850100,33864,56441,270200000,270200000
2,772,270200000,270200100,33864,56441,270550000,270550000
2,773,270550000,270550100,33864,56441,270900000,270900000
2,774,270900000,270900100,33864,56441,271250000,271250000
2,775,271250000,271250100,33864,56441,271600000,271600000
2,776,271600000,271600100,33864,56441,271950000,271950000
2,777,271950000,271950100,33864,56441,272300000,272300000
2,778,272300000,272300100,33864,56441,272650000,272650000
2,779,272650000,272650100,33864,56441,273000000,273000000
2,780,273000000,273000100,33864,56441,273350000,273350000
2,781,273350000,273350100,33864,56441,273700000,273700000
2,782,273700000,273700100,33864,56441,274050000,274050000
2,783,274050000,274050100,33864,56441,274400000,274400000
2,784,274400000,274400100,33864,56441,274750000,274750000
2,785,274750000,274750100,33864,56441,275100000,275100000
2,786,275100000,275100100,33864,56441,275450000,275450000
2,787,275450000,275450100,33864,56441,275800000,275800000
2,788,275800000,275800100,33864,56441,276150000,276150000
2,789,276150000,276150100,33864,56441,276500000,276500000
2,790,276500000,276500100,33864,56441,276850000,276850000
2,791,276850000,276850100,33864,56441,277200000,277200000
2,792,277200000,277200100,33864,56441,277550000,277550000
2,793,277550000,277550100,33864,56441,277900000,277900000
2,794,277900000,277900100,33864,56441,278250000,278250000
2,795,278250000,278250100,33864,56441,278600000,278600000
2,796,278600000,278600100,33864,56441,278950000,278950000
2,797,278950000,278950100,33864,56441,279300000,279300000
2,798,279300000,279300100,33864,56441,279650000,279650000
2,799,279650000,279650100,33864,56441,280000000,280000000
2,800,280000000,280000100,33864,56441,280350000,280350000
2,801,280350000,280350100,33864,56441,280700000,280700000
2,802,280700000,280700100,33864,56441,281050000,281050000
2,803,281050000,281050100,33864,56441,281400000,281400000
2,804,281400000,281400100,33864,56441,281750000,281750000
2,805,281750000,281750100,33864,56441,282100000,282100000
2,806,282100000,282100100,33864,56441,282450000,282450000
2,807,282450000,282450100,33864,56441,282800000,282800000
2,808,282800000,282800100,33864,56441,283150000,283150000
2,809,283150000,283150100,33864,56441,283500000,283500000
2,810,283500000,283500100,33864,56441,283850000,283850000
2,811,283850000,283850100,33864,56441,284200000,284200000
2,812,284200000,284200100,33864,56441,284550000,284550000
2,813,284550000,284550100,33864,56441,284900000,284900000
2,814,284900000,284900100,33864,56441,285250000,285250000
2,815,285250000,285250100,33864,56441,285600000,285600000
2,816,285600000,285600100,33864,56441,285950000,285950000
2,817,285950000,285950100,33864,56441,286300000,286300000
2,818,286300000,286300100,33864,56441,286650000,286650000
2,819,286650000,286650100,33864,56441,287000000,287000000
2,820,287000000,287000100,33864,56441,287350000,287350000
2,821,287350000,287350100,33864,56441,287700000,287700000
2,822,287700000,287700100,33864,56441,288050000,288050000
2,823,288050000,288050100,33864,56441,288400000,288400000
2,824,288400000,288400100,33864,56441,288750000,288750000
2,825,288750000,288750100,33864,56441,289100000,289100000
2,826,289100000,289100100,33864,56441,289450000,289450000
2,827,289450000,289450100,33864,56441,289800000,289800000
2,828,289800000,289800100,33864,56441,290150000,290150000
2,829,290150000,290150100,33864,56441,290500000,290500000
2,830,290500000,290500100,33864,56441,290850000,290850000
2,831,290850000,290850100,33864,56441,291200000,291200000
2,832,291200000,291200100,33864,56441,291550000,291550000
2,833,291550000,291550100,33864,56441,291900000,291900000
2,834,291900000,291900100,33864,56441,292250000,292250000
2,835,292250000,292250100,33864,56441,292600000,292600000
2,836,292600000,292600100,33864,56441,292950000,292950000
2,837,292950000,292950100,33864,56441,293300000,293300000
2,838,293300000,293300100,33864,56441,293650000,293650000
2,839,293650000,293650100,33864,56441,294000000,294000000
2,840,294000000,294000100,33864,56441,294350000,294350000
2,841,294350000,294350100,33864,56441,294700000,294700000
2,842,294700000,294700100,33864,56441,295050000,295050000
2,843,295050000,295050100,33864,56441,295400000,295400000
2,844,295400000,295400100,33864,56441,295750000,295750000
2,845,295750000,295750100,33864,56441,296100000,296100000
2,846,296100000,296100100,33864,56441,296450000,296450000
2,847,296450000,296450100,33864,56441,296800000,296800000
2,848,296800000,296800100,33864,56441,297150000,297150000
2,849,297150000,297150100,33864,56441,297500000,297500000
2,850,297500000,297500100,33864,56441,297850000,297850000
2,851,297850000,297850100,33864,56441,298200000,298200000
2,852,298200000,298200100,33864,56441,298550000,298550000
2,853,298550000,298550100,33864,56441,298900000,298900000
2,854,298900000,298900100,33864,56441,299250000,299250000
2,855,299250000,299250100,33864,56441,299600000,299600000
2,856,299600000,299600100,33864,56441,299950000,299950000
2,857,299950000,299950100,33864,56441,300300000,300300000
2,858,300300000,300300100,33864,56441,300650000,300650000
2,859,300650000,300650100,33864,56441,301000000,301000000
2,860,301000000,301000100,33864,56441,301350000,301350000
2,861,301350000,301350100,33864,56441,301700000,301700000
2,862,301700000,301700100,33864,56441,302050000,302050000
2,863,302050000,302050100,33864,56441,302400000,302400000
2,864,302400000,302400100,33864,56441,302750000,302750000
2,865,302750000,302750100,33864,56441,303100000,303100000
2,866,303100000,303100100,33864,56441,303450000,303450000
2,867,303450000,303450100,33864,56441,303800000,303800000
2,868,303800000,303800100,33864,56441,304150000,304150000
2,869,304150000,304150100,33864,56441,304500000,304500000
2,870,304500000,304500100,33864,56441,304850000,304850000
2,871,304850000,304850100,33864,56441,305200000,305200000
2,872,305200000,305200100,33864,56441,305550000,305550000
2,873,305550000,305550100,33864,56441,305900000,305900000
2,874,305900000,305900100,33864,56441,306250000,306250000
2,875,306250000,306250100,33864,56441,306600000,306600000
2,876,306600000,306600100,33864,56441,306950000,306950000
2,877,306950000,306950100,33864,56441,307300000,307300000
2,878,307300000,307300100,33864,56441,307650000,307650000
2,879,307650000,307650100,33864,56441,308000000,308000000
2,880,308000000,308000100,33864,56441,308350000,308350000
2,881,308350000,308350100,33864,56441,308700000,308700000
2,882,308700000,308700100,33864,56441,309050000,309050000
2,883,309050000,309050100,33864,56441,309400000,309400000
2,884,309400000,309400100,33864,56441,309750000,309750000
2,885,309750000,309750100,33864,56441,310100000,310100000
2,886,310100000,310100100,33864,56441,310450000,310450000
2,887,310450000,310450100,33864,56441,310800000,310800000
2,888,310800000,310800100,33864,56441,311150000,311150000
2,889,311150000,311150100,33864,56441,311500000,311500000
2,890,311500000,311500100,33864,56441,311850000,311850000
2,891,311850000,311850100,33864,56441,312200000,312200000
2,892,312200000,312200100,33864,56441,312550000,312550000
2,893,312550000,312550100,33864,56441,312900000,312900000
2,894,312900000,312900100,33864,56441,313250000,313250000
2,895,313250000,313250100,33864,56441,313600000,313600000
2,896,313600000,313600100,33864,56441,313950000,313950000
2,897,313950000,313950100,33864,56441,314300000,314300000
2,898,314300000,314300100,33864,56441,314650000,314650000
2,899,314650000,314650100,33864,56441,315000000,315000000
2,900,315000000,315000100,33864,56441,315350000,315350000
2,901,315350000,315350100,33864,56441,315700000,315700000
2,902,315700000,315700100,33864,56441,316050000,316050000
2,903,316050000,316050100,33864,56441,316400000,316400000
2,904,316400000,316400100,33864,56441,316750000,316750000
2,905,316750000,316750100,33864,56441,317100000,317100000
2,906,317100000,317100100,33864,56441,317450000,317450000
2,907,317450000,317450100,33864,56441,317800000,317800000
2,908,317800000,317800100,33864,56441,318150000,318150000
2,909,318150000,318150100,33864,56441,318500000,318500000
2,910,318500000,318500100,33864,56441,318850000,318850000
2,911,318850000,318850100,33864,56441,319200000,319200000
2,912,319200000,319200100,33864,56441,319550000,319550000
2,913,319550000,319550100,33864,56441,319900000,319900000
2,914,319900000,319900100,33864,56441,320250000,320250000
2,915,320250000,320250100,33864,56441,320600000,320600000
2,916,320600000,320600100,33864,56441,320950000,320950000
2,917,320950000,320950100,33864,56441,321300000,321300000
2,918,321300000,321300100,33864,56441,321650000,321650000
2,919,321650000,321650100,33864,56441,322000000,322000000
2,920,322000000,322000100,33864,56441,322350000,322350000
2,921,322350000,322350100,33864,56441,322700000,322700000
2,922,322700000,322700100,33864,56441,323050000,323050000
2,923,323050000,323050100,33864,56441,323400000,323400000
2,924,323400000,323400100,33864,56441,323750000,323750000
2,925,323750000,323750100,33864,56441,324100000,324100000
2,926,324100000,324100100,33864,56441,324450000,324450000
2,927,324450000,324450100,33864,56441,324800000,324800000
2,928,324800000,324800100,33864,56441,325150000,325150000
2,929,325150000,325150100,33864,56441,325500000,325500000
2,930,325500000,325500100,33864,56441,325850000,325850000
2,931,325850000,325850100,33864,56441,326200000,326200000
2,932,326200000,326200100,33864,56441,326550000,326550000
2,933,326550000,326550100,33864,56441,326900000,326900000
2,934,326900000,326900100,33864,56441,327250000,327250000
2,935,327250000,327250100,33864,56441,327600000,327600000
2,936,327600000,327600100,33864,56441,327950000,327950000
2,937,327950000,327950100,33864,56441,328300000,328300000
2,938,328300000,328300100,33864,56441,328650000,328650000
2,939,328650000,328650100,33864,56441,329000000,329000000
2,940,329000000,329000100,33864,56441,329350000,329350000
2,941,329350000,329350100,33864,56441,329700000,329700000
2,942,329700000,329700100,33864,56441,330050000,330050000
2,943,330050000,330050100,33864,56441,330400000,330400000
2,944,330400000,330400100,33864,56441,330750000,330750000
2,945,330750000,330750100,33864,56441,331100000,331100000
2,946,331100000,331100100,33864,56441,331450000,331450000
2,947,331450000,331450100,33864,56441,331800000,331800000
2,948,331800000,331800100,33864,56441,332150000,332150000
2,949,332150000,332150100,33864,56441,332500000,332500000
2,950,332500000,332500100,33864,56441,332850000,332850000
2,951,332850000,332850100,33864,56441,333200000,333200000
2,952,333200000,333200100,33864,56441,333550000,333550000
2,953,333550000,333550100,33864,56441,333900000,333900000
2,954,333900000,333900100,33864,56441,334250000,334250000
2,955,334250000,334250100,33864,56441,334600000,334600000
2,956,334600000,334600100,33864,56441,334950000,334950000
2,957,334950000,334950100,33864,56441,335300000,335300000
2,958,335300000,335300100,33864,56441,335650000,335650000
2,959,335650000,335650100,33864,56441,336000000,336000000
2,960,336000000,336000100,33864,56441,336350000,336350000
2,961,336350000,336350100,33864,56441,336700000,336700000
2,962,336700000,336700100,33864,56441,337050000,337050000
2,963,337050000,337050100,33864,56441,337400000,337400000
2,964,337400000,337400100,33864,56441,337750000,337750000
2,965,337750000,337750100,33864,56441,338100000,338100000
2,966,338100000,338100100,33864,56441,338450000,338450000
2,967,338450000,338450100,33864,56441,338800000,338800000
2,968,338800000,338800100,33864,56441,339150000,339150000
2,969,339150000,339150100,33864,56441,339500000,339500000
2,970,339500000,339500100,33864,56441,339850000,339850000
2,971,339850000,339850100,33864,56441,340200000,340200000
2,972,340200000,340200100,33864,56441,340550000,340550000
2,973,340550000,340550100,33864,56441,340900000,340900000
2,974,340900000,340900100,33864,56441,341250000,341250000
2,975,341250000,341250100,33864,56441,341600000,341600000
2,976,341600000,341600100,33864,56441,341950000,341950000
2,977,341950000,341950100,33864,56441,342300000,342300000
2,978,342300000,342300100,33864,56441,342650000,342650000
2,979,342650000,342650100,33864,56441,343000000,343000000
2,980,343000000,343000100,33864,56441,343350000,343350000
2,981,343350000,343350100,33864,56441,343700000,343700000
2,982,343700000,343700100,33864,56441,344050000,344050000
2,983,344050000,344050100,33864,56441,344400000,344400000
2,984,344400000,344400100,33864,56441,344750000,344750000
2,985,344750000,344750100,33864,56441,345100000,345100000
2,986,345100000,345100100,33864,56441,345450000,345450000
2,987,345450000,345450100,33864,56441,345800000,345800000
2,988,345800000,345800100,33864,56441,346150000,346150000
2,989,346150000,346150100,33864,56441,346500000,346500000
2,990,346500000,346500100,33864,56441,346850000,346850000
2,991,346850000,346850100,33864,56441,347200000,347200000
2,992,347200000,347200100,33864,56441,347550000,347550000
2,993,347550000,347550100,33864,56441,347900000,347900000
2,994,347900000,347900100,33864,56441,348250000,348250000
2,995,348250000,348250100,33864,56441,348600000,348600000
2,996,348600000,348600100,33864,56441,348950000,348950000
2,997,348950000,348950100,33864,56441,349300000,349300000
2,998,349300000,349300100,33864,56441,349650000,349650000
2,999,349650000,349650100,33864,56441,350000000,350000000
2,1000,350000000,350000100,33864,56441,350350000,350350000
2,1001,350350000,350350100,33864,56441,350700000,350700000
2,1002,350700000,350700100,33864,56441,351050000,351050000
2,1003,351050000,351050100,33864,56441,351400000,351400000
2,1004,351400000,351400100,33864,56441,351750000,351750000
2,1005,351750000,351750100,33864,56441,352100000,352100000
2,1006,352100000,352100100,33864,56441,352450000,352450000
2,1007,352450000,352450100,33864,56441,352800000,352800000
2,1008,352800000,352800100,33864,56441,353150000,353150000
2,1009,353150000,353150100,33864,56441,353500000,353500000
2,1010,353500000,353500100,33864,56441,353850000,353850000
2,1011,353850000,353850100,33864,56441,354200000,354200000
2,1012,354200000,354200100,33864,56441,354550000,354550000
2,1013,354550000,354550100,33864,56441,354900000,354900000
2,1014,354900000,354900100,33864,56441,355250000,355250000
2,1015,355250000,355250100,33864,56441,355600000,355600000
2,1016,355600000,355600100,33864,56441,355950000,355950000
2,1017,355950000,355950100,33864,56441,356300000,356300000
2,1018,356300000,356300100,33864,56441,356650000,356650000
2,1019,356650000,356650100,33864,56441,357000000,357000000
2,1020,357000000,357000100,33864,56441,357350000,357350000
2,1021,357350000,357350100,33864,56441,357700000,357700000
2,1022,357700000,357700100,33864,56441,358050000,358050000
2,1023,358050000,358050100,33864,56441,358400000,358400000
2,1024,358400000,358400100,33864,56441,358750000,358750000
2,1025,358750000,358750100,33864,56441,359100000,359100000
2,1026,359100000,359100100,33864,56441,359450000,359450000
2,1027,359450000,359450100,33864,56441,359800000,359800000
2,1028,359800000,359800100,33864,56441,360150000,360150000
2,1029,360150000,360150100,33864,56441,360500000,360500000
2,1030,360500000,360500100,33864,56441,360850000,360850000
2,1031,360850000,360850100,33864,56441,361200000,361200000
2,1032,361200000,361200100,33864,56441,361550000,361550000
2,1033,361550000,361550100,33864,56441,361900000,361900000
2,1034,361900000,361900100,33864,56441,362250000,362250000
2,1035,362250000,362250100,33864,56441,362600000,362600000
2,1036,362600000,362600100,33864,56441,362950000,362950000
2,1037,362950000,362950100,33864,56441,363300000,363300000
2,1038,363300000,363300100,33864,56441,363650000,363650000
2,1039,363650000,363650100,33864,56441,364000000,364000000
2,1040,364000000,364000100,33864,56441,364350000,364350000
2,1041,364350000,364350100,33864,56441,364700000,364700000
2,1042,364700000,364700100,33864,56441,365050000,365050000
2,1043,365050000,365050100,33864,56441,365400000,365400000
2,1044,365400000,365400100,33864,56441,365750000,365750000
2,1045,365750000,365750100,33864,56441,366100000,366100000
2,1046,366100000,366100100,33864,56441,366450000,366450000
2,1047,366450000,366450100,33864,56441,366800000,366800000
2,1048,366800000,366800100,33864,56441,367150000,367150000
2,1049,367150000,367150100,33864,56441,367500000,367500000
2,1050,367500000,367500100,33864,56441,367850000,367850000
2,1051,367850000,367850100,33864,56441,368200000,368200000
2,1052,368200000,368200100,33864,56441,368550000,368550000
2,1053,368550000,368550100,33864,56441,368900000,368900000
2,1054,368900000,368900100,33864,56441,369250000,369250000
2,1055,369250000,369250100,33864,56441,369600000,369600000
2,1056,369600000,369600100,33864,56441,369950000,369950000
2,1057,369950000,369950100,33864,56441,370300000,370300000
2,1058,370300000,370300100,33864,56441,370650000,370650000
2,1059,370650000,370650100,33864,56441,371000000,371000000
2,1060,371000000,371000100,33864,56441,371350000,371350000
2,1061,371350000,371350100,33864,56441,371700000,371700000
2,1062,371700000,371700100,33864,56441,372050000,372050000
2,1063,372050000,372050100,33864,56441,372400000,372400000
2,1064,372400000,372400100,33864,56441,372750000,372750000
2,1065,372750000,372750100,33864,56441,373100000,373100000
2,1066,373100000,373100100,33864,56441,373450000,373450000
2,1067,373450000,373450100,33864,56441,373800000,373800000
2,1068,373800000,373800100,33864,56441,374150000,374150000
2,1069,374150000,374150100,33864,56441,374500000,374500000
2,1070,374500000,374500100,33864,56441,374850000,374850000
2,1071,374850000,374850100,33864,56441,375200000,375200000
2,1072,375200000,375200100,33864,56441,375550000,375550000
2,1073,375550000,375550100,33864,56441,375900000,375900000
2,1074,375900000,375900100,33864,56441,376250000,376250000
2,1075,376250000,376250100,33864,56441,376600000,376600000
2,1076,376600000,376600100,33864,56441,376950000,376950000
2,1077,376950000,376950100,33864,56441,377300000,377300000
2,1078,377300000,377300100,33864,56441,377650000,377650000
2,1079,377650000,377650100,33864,56441,378000000,378000000
2,1080,378000000,378000100,33864,56441,378350000,378350000
2,1081,378350000,378350100,33864,56441,378700000,378700000
2,1082,378700000,378700100,33864,56441,379050000,379050000
2,1083,379050000,379050100,33864,56441,379400000,379400000
2,1084,379400000,379400100,33864,56441,379750000,379750000
2,1085,379750000,379750100,33864,56441,380100000,380100000
2,1086,380100000,380100100,33864,56441,380450000,380450000
2,1087,380450000,380450100,33864,56441,380800000,380800000
2,1088,380800000,380800100,33864,56441,381150000,381150000
2,1089,381150000,381150100,33864,56441,381500000,381500000
2,1090,381500000,381500100,33864,56441,381850000,381850000
2,1091,381850000,381850100,33864,56441,382200000,382200000
2,1092,382200000,382200100,33864,56441,382550000,382550000
2,1093,382550000,382550100,33864,56441,382900000,382900000
2,1094,382900000,382900100,33864,56441,383250000,383250000
2,1095,383250000,383250100,33864,56441,383600000,383600000
2,1096,383600000,383600100,33864,56441,383950000,383950000
2,1097,383950000,383950100,33864,56441,384300000,384300000
2,1098,384300000,384300100,33864,56441,384650000,384650000
2,1099,384650000,384650100,33864,56441,385000000,385000000
2,1100,385000000,385000100,33864,56441,385350000,385350000
2,1101,385350000,385350100,33864,56441,385700000,385700000
2,1102,385700000,385700100,33864,56441,386050000,386050000
2,1103,386050000,386050100,33864,56441,386400000,386400000
2,1104,386400000,386400100,33864,56441,386750000,386750000
2,1105,386750000,386750100,33864,56441,387100000,387100000
2,1106,387100000,387100100,33864,56441,387450000,387450000
2,1107,387450000,387450100,33864,56441,387800000,387800000
2,1108,387800000,387800100,33864,56441,388150000,388150000
2,1109,388150000,388150100,33864,56441,388500000,388500000
2,1110,388500000,388500100,33864,56441,388850000,388850000
2,1111,388850000,388850100,33864,56441,389200000,389200000
2,1112,389200000,389200100,33864,56441,389550000,389550000
2,1113,389550000,389550100,33864,56441,389900000,389900000
2,1114,389900000,389900100,33864,56441,390250000,390250000
2,1115,390250000,390250100,33864,56441,390600000,390600000
2,1116,390600000,390600100,33864,56441,390950000,390950000
2,1117,390950000,390950100,33864,56441,391300000,391300000
2,1118,391300000,391300100,33864,56441,391650000,391650000
2,1119,391650000,391650100,33864,56441,392000000,392000000
2,1120,392000000,392000100,33864,56441,392350000,392350000
2,1121,392350000,392350100,33864,56441,392700000,392700000
2,1122,392700000,392700100,33864,56441,393050000,393050000
2,1123,393050000,393050100,33864,56441,393400000,393400000
2,1124,393400000,393400100,33864,56441,393750000,393750000
2,1125,393750000,393750100,33864,56441,394100000,394100000
2,1126,394100000,394100100,33864,56441,394450000,394450000
2,1127,394450000,394450100,33864,56441,394800000,394800000
2,1128,394800000,394800100,33864,56441,395150000,395150000
2,1129,395150000,395150100,33864,56441,395500000,395500000
2,1130,395500000,395500100,33864,56441,395850000,395850000
2,1131,395850000,395850100,33864,56441,396200000,396200000
2,1132,396200000,396200100,33864,56441,396550000,396550000
2,1133,396550000,396550100,33864,56441,396900000,396900000
2,1134,396900000,396900100,33864,56441,397250000,397250000
2,1135,397250000,397250100,33864,56441,397600000,397600000
2,1136,397600000,397600100,33864,56441,397950000,397950000
2,1137,397950000,397950100,33864,56441,398300000,398300000
2,1138,398300000,398300100,33864,56441,398650000,398650000
2,1139,398650000,398650100,33864,56441,399000000,399000000
2,1140,399000000,399000100,33864,56441,399350000,399350000
2,1141,399350000,399350100,33864,56441,399700000,399700000
2,1142,399700000,399700100,33864,56441,400050000,400050000
2,1143,400050000,400050100,33864,56441,400400000,400400000
2,1144,400400000,400400100,33864,56441,400750000,400750000
2,1145,400750000,400750100,33864,56441,401100000,401100000
2,1146,401100000,401100100,33864,56441,401450000,401450000
2,1147,401450000,401450100,33864,56441,401800000,401800000
2,1148,401800000,401800100,33864,56441,402150000,402150000
2,1149,402150000,402150100,33864,56441,402500000,402500000
2,1150,402500000,402500100,33864,56441,402850000,402850000
2,1151,402850000,402850100,33864,56441,403200000,403200000
2,1152,403200000,403200100,33864,56441,403550000,403550000
2,1153,403550000,403550100,33864,56441,403900000,403900000
2,1154,403900000,403900100,33864,56441,404250000,404250000
2,1155,404250000,404250100,33864,56441,404600000,404600000
2,1156,404600000,404600100,33864,56441,404950000,404950000
2,1157,404950000,404950100,33864,56441,405300000,405300000
2,1158,405300000,405300100,33864,56441,405650000,405650000
2,1159,405650000,405650100,33864,56441,406000000,406000000
2,1160,406000000,406000100,33864,56441,406350000,406350000
2,1161,406350000,406350100,33864,56441,406700000,406700000
2,1162,406700000,406700100,33864,56441,407050000,407050000
2,1163,407050000,407050100,33864,56441,407400000,407400000
2,1164,407400000,407400100,33864,56441,407750000,407750000
2,1165,407750000,407750100,33864,56441,408100000,408100000
2,1166,408100000,408100100,33864,56441,408450000,408450000
2,1167,408450000,408450100,33864,56441,408800000,408800000
2,1168,408800000,408800100,33864,56441,409150000,409150000
2,1169,409150000,409150100,33864,56441,409500000,409500000
2,1170,409500000,409500100,33864,56441,409850000,409850000
2,1171,409850000,409850100,33864,56441,410200000,410200000
2,1172,410200000,410200100,33864,56441,410550000,410550000
2,1173,410550000,410550100,33864,56441,410900000,410900000
2,1174,410900000,410900100,33864,56441,411250000,411250000
2,1175,411250000,411250100,33864,56441,411600000,411600000
2,1176,411600000,411600100,33864,56441,411950000,411950000
2,1177,411950000,411950100,33864,56441,412300000,412300000
2,1178,412300000,412300100,33864,56441,412650000,412650000
2,1179,412650000,412650100,33864,56441,413000000,413000000
2,1180,413000000,413000100,33864,56441,413350000,413350000
2,1181,413350000,413350100,33864,56441,413700000,413700000
2,1182,413700000,413700100,33864,56441,414050000,414050000
2,1183,414050000,414050100,33864,56441,414400000,414400000
2,1184,414400000,414400100,33864,56441,414750000,414750000
2,1185,414750000,414750100,33864,56441,415100000,415100000
2,1186,415100000,415100100,33864,56441,415450000,415450000
2,1187,415450000,415450100,33864,56441,415800000,415800000
2,1188,415800000,415800100,33864,56441,416150000,416150000
2,1189,416150000,416150100,33864,56441,416500000,416500000
2,1190,416500000,416500100,33864,56441,416850000,416850000
2,1191,416850000,416850100,33864,56441,417200000,417200000
2,1192,417200000,417200100,33864,56441,417550000,417550000
2,1193,417550000,417550100,33864,56441,417900000,417900000
2,1194,417900000,417900100,33864,56441,418250000,418250000
2,1195,418250000,418250100,33864,56441,418600000,418600000
2,1196,418600000,418600100,33864,56441,418950000,418950000
2,1197,418950000,418950100,33864,56441,419300000,419300000
2,1198,419300000,419300100,33864,56441,419650000,419650000
2,1199,419650000,419650100,33864,56441,420000000,420000000
2,1200,420000000,420000100,33864,56441,420350000,420350000
2,1201,420350000,420350100,33864,56441,420700000,420700000
2,1202,420700000,420700100,33864,56441,421050000,421050000
2,1203,421050000,421050100,33864,56441,421400000,421400000
2,1204,421400000,421400100,33864,56441,421750000,421750000
2,1205,421750000,421750100,33864,56441,422100000,422100000
2,1206,422100000,422100100,33864,56441,422450000,422450000
2,1207,422450000,422450100,33864,56441,422800000,422800000
2,1208,422800000,422800100,33864,56441,423150000,423150000
2,1209,423150000,423150100,33864,56441,423500000,423500000
2,1210,423500000,423500100,33864,56441,423850000,423850000
2,1211,423850000,423850100,33864,56441,424200000,424200000
2,1212,424200000,424200100,33864,56441,424550000,424550000
2,1213,424550000,424550100,33864,56441,424900000,424900000
2,1214,424900000,424900100,33864,56441,425250000,425250000
2,1215,425250000,425250100,33864,56441,425600000,425600000
2,1216,425600000,425600100,33864,56441,425950000,425950000
2,1217,425950000,425950100,33864,56441,426300000,426300000
2,1218,426300000,426300100,33864,56441,426650000,426650000
2,1219,426650000,426650100,33864,56441,427000000,427000000
2,1220,427000000,427000100,33864,56441,427350000,427350000
2,1221,427350000,427350100,33864,56441,427700000,427700000
2,1222,427700000,427700100,33864,56441,428050000,428050000
2,1223,428050000,428050100,33864,56441,428400000,428400000
2,1224,428400000,428400100,33864,56441,428750000,428750000
2,1225,428750000,428750100,33864,56441,429100000,429100000
2,1226,429100000,429100100,33864,56441,429450000,429450000
2,1227,429450000,429450100,33864,56441,429800000,429800000
2,1228,429800000,429800100,33864,56441,430150000,430150000
2,1229,430150000,430150100,33864,56441,430500000,430500000
2,1230,430500000,430500100,33864,56441,430850000,430850000
2,1231,430850000,430850100,33864,56441,431200000,431200000
2,1232,431200000,431200100,33864,56441,431550000,431550000
2,1233,431550000,431550100,33864,56441,431900000,431900000
2,1234,431900000,431900100,33864,56441,432250000,432250000
2,1235,432250000,432250100,33864,56441,432600000,432600000
2,1236,432600000,432600100,33864,56441,432950000,432950000
2,1237,432950000,432950100,33864,56441,433300000,433300000
2,1238,433300000,433300100,33864,56441,433650000,433650000
2,1239,433650000,433650100,33864,56441,434000000,434000000
2,1240,434000000,434000100,33864,56441,434350000,434350000
2,1241,434350000,434350100,33864,56441,434700000,434700000
2,1242,434700000,434700100,33864,56441,435050000,435050000
2,1243,435050000,435050100,33864,56441,435400000,435400000
2,1244,435400000,435400100,33864,56441,435750000,435750000
2,1245,435750000,435750100,33864,56441,436100000,436100000
2,1246,436100000,436100100,33864,56441,436450000,436450000
2,1247,436450000,436450100,33864,56441,436800000,436800000
2,1248,436800000,436800100,33864,56441,437150000,437150000
2,1249,437150000,437150100,33864,56441,437500000,437500000
2,1250,437500000,437500100,33864,56441,437850000,437850000
2,1251,437850000,437850100,33864,56441,438200000,438200000
2,1252,438200000,438200100,33864,56441,438550000,438550000
2,1253,438550000,438550100,33864,56441,438900000,438900000
2,1254,438900000,438900100,33864,56441,439250000,439250000
2,1255,439250000,439250100,33864,56441,439600000,439600000
2,1256,439600000,439600100,33864,56441,439950000,439950000
2,1257,439950000,439950100,33864,56441,440300000,440300000
2,1258,440300000,440300100,33864,56441,440650000,440650000
2,1259,440650000,440650100,33864,56441,441000000,441000000
2,1260,441000000,441000100,33864,56441,441350000,441350000
2,1261,441350000,441350100,33864,56441,441700000,441700000
2,1262,441700000,441700100,33864,56441,442050000,442050000
2,1263,442050000,442050100,33864,56441,442400000,442400000
2,1264,442400000,442400100,33864,56441,442750000,442750000
2,1265,442750000,442750100,33864,56441,443100000,443100000
2,1266,443100000,443100100,33864,56441,443450000,443450000
2,1267,443450000,443450100,33864,56441,443800000,443800000
2,1268,443800000,443800100,33864,56441,444150000,444150000
2,1269,444150000,444150100,33864,56441,444500000,444500000
2,1270,444500000,444500100,33864,56441,444850000,444850000
2,1271,444850000,444850100,33864,56441,445200000,445200000
2,1272,445200000,445200100,33864,56441,445550000,445550000
2,1273,445550000,445550100,33864,56441,445900000,445900000
2,1274,445900000,445900100,33864,56441,446250000,446250000
2,1275,446250000,446250100,33864,56441,446600000,446600000
2,1276,446600000,446600100,33864,56441,446950000,446950000
2,1277,446950000,446950100,33864,56441,447300000,447300000
2,1278,447300000,447300100,33864,56441,447650000,447650000
2,1279,447650000,447650100,33864,56441,448000000,448000000
2,1280,448000000,448000100,33864,56441,448350000,448350000
2,1281,448350000,448350100,33864,56441,448700000,448700000
2,1282,448700000,448700100,33864,56441,449050000,449050000
2,1283,449050000,449050100,33864,56441,449400000,449400000
2,1284,449400000,449400100,33864,56441,449750000,449750000
2,1285,449750000,449750100,33864,56441,450100000,450100000
2,1286,450100000,450100100,33864,56441,450450000,450450000
2,1287,450450000,450450100,33864,56441,450800000,450800000
2,1288,450800000,450800100,33864,56441,451150000,451150000
2,1289,451150000,451150100,33864,56441,451500000,451500000
2,1290,451500000,451500100,33864,56441,451850000,451850000
2,1291,451850000,451850100,33864,56441,452200000,452200000
2,1292,452200000,452200100,33864,56441,452550000,452550000
2,1293,452550000,452550100,33864,56441,452900000,452900000
2,1294,452900000,452900100,33864,56441,453250000,453250000
2,1295,453250000,453250100,33864,56441,453600000,453600000
2,1296,453600000,453600100,33864,56441,453950000,453950000
2,1297,453950000,453950100,33864,56441,454300000,454300000
2,1298,454300000,454300100,33864,56441,454650000,454650000
2,1299,454650000,454650100,33864,56441,455000000,455000000
2,1300,455000000,455000100,33864,56441,455350000,455350000
2,1301,455350000,455350100,33864,56441,455700000,455700000
2,1302,455700000,455700100,33864,56441,456050000,456050000
2,1303,456050000,456050100,33864,56441,456400000,456400000
2,1304,456400000,456400100,33864,56441,456750000,456750000
2,1305,456750000,456750100,33864,56441,457100000,457100000
2,1306,457100000,457100100,33864,56441,457450000,457450000
2,1307,457450000,457450100,33864,56441,457800000,457800000
2,1308,457800000,457800100,33864,56441,458150000,458150000
2,1309,458150000,458150100,33864,56441,458500000,458500000
2,1310,458500000,458500100,33864,56441,458850000,458850000
2,1311,458850000,458850100,33864,56441,459200000,459200000
2,1312,459200000,459200100,33864,56441,459550000,459550000
2,1313,459550000,459550100,33864,56441,459900000,459900000
2,1314,459900000,459900100,33864,56441,460250000,460250000
2,1315,460250000,460250100,33864,56441,460600000,460600000
2,1316,460600000,460600100,33864,56441,460950000,460950000
2,1317,460950000,460950100,33864,56441,461300000,461300000
2,1318,461300000,461300100,33864,56441,461650000,461650000
2,1319,461650000,461650100,33864,56441,462000000,462000000
2,1320,462000000,462000100,33864,56441,462350000,462350000
2,1321,462350000,462350100,33864,56441,462700000,462700000
2,1322,462700000,462700100,33864,56441,463050000,463050000
2,1323,463050000,463050100,33864,56441,463400000,463400000
2,1324,463400000,463400100,33864,56441,463750000,463750000
2,1325,463750000,463750100,33864,56441,464100000,464100000
2,1326,464100000,464100100,33864,56441,464450000,464450000
2,1327,464450000,464450100,33864,56441,464800000,464800000
2,1328,464800000,464800100,33864,56441,465150000,465150000
2,1329,465150000,465150100,33864,56441,465500000,465500000
2,1330,465500000,465500100,33864,56441,465850000,465850000
2,1331,465850000,465850100,33864,56441,466200000,466200000
2,1332,466200000,466200100,33864,56441,466550000,466550000
2,1333,466550000,466550100,33864,56441,466900000,466900000
2,1334,466900000,466900100,33864,56441,467250000,467250000
2,1335,467250000,467250100,33864,56441,467600000,467600000
2,1336,467600000,467600100,33864,56441,467950000,467950000
2,1337,467950000,467950100,33864,56441,468300000,468300000
2,1338,468300000,468300100,33864,56441,468650000,468650000
2,1339,468650000,468650100,33864,56441,469000000,469000000
2,1340,469000000,469000100,33864,56441,469350000,469350000
2,1341,469350000,469350100,33864,56441,469700000,469700000
2,1342,469700000,469700100,33864,56441,470050000,470050000
2,1343,470050000,470050100,33864,56441,470400000,470400000
2,1344,470400000,470400100,33864,56441,470750000,470750000
2,1345,470750000,470750100,33864,56441,471100000,471100000
2,1346,471100000,471100100,33864,56441,471450000,471450000
2,1347,471450000,471450100,33864,56441,471800000,471800000
2,1348,471800000,471800100,33864,56441,472150000,472150000
2,1349,472150000,472150100,33864,56441,472500000,472500000
2,1350,472500000,472500100,33864,56441,472850000,472850000
2,1351,472850000,472850100,33864,56441,473200000,473200000
2,1352,473200000,473200100,33864,56441,473550000,473550000
2,1353,473550000,473550100,33864,56441,473900000,473900000
2,1354,473900000,473900100,33864,56441,474250000,474250000
2,1355,474250000,474250100,33864,56441,474600000,474600000
2,1356,474600000,474600100,33864,56441,474950000,474950000
2,1357,474950000,474950100,33864,56441,475300000,475300000
2,1358,475300000,475300100,33864,56441,475650000,475650000
2,1359,475650000,475650100,33864,56441,476000000,476000000
2,1360,476000000,476000100,33864,56441,476350000,476350000
2,1361,476350000,476350100,33864,56441,476700000,476700000
2,1362,476700000,476700100,33864,56441,477050000,477050000
2,1363,477050000,477050100,33864,56441,477400000,477400000
2,1364,477400000,477400100,33864,56441,477750000,477750000
2,1365,477750000,477750100,33864,56441,478100000,478100000
2,1366,478100000,478100100,33864,56441,478450000,478450000
2,1367,478450000,478450100,33864,56441,478800000,478800000
2,1368,478800000,478800100,33864,56441,479150000,479150000
2,1369,479150000,479150100,33864,56441,479500000,479500000
2,1370,479500000,479500100,33864,56441,479850000,479850000
2,1371,479850000,479850100,33864,56441,480200000,480200000
2,1372,480200000,480200100,33864,56441,480550000,480550000
2,1373,480550000,480550100,33864,56441,480900000,480900000
2,1374,480900000,480900100,33864,56441,481250000,481250000
2,1375,481250000,481250100,33864,56441,481600000,481600000
2,1376,481600000,481600100,33864,56441,481950000,481950000
2,1377,481950000,481950100,33864,56441,482300000,482300000
2,1378,482300000,482300100,33864,56441,482650000,482650000
2,1379,482650000,482650100,33864,56441,483000000,483000000
2,1380,483000000,483000100,33864,56441,483350000,483350000
2,1381,483350000,483350100,33864,56441,483700000,483700000
2,1382,483700000,483700100,33864,56441,484050000,484050000
2,1383,484050000,484050100,33864,56441,484400000,484400000
2,1384,484400000,484400100,33864,56441,484750000,484750000
2,1385,484750000,484750100,33864,56441,485100000,485100000
2,1386,485100000,485100100,33864,56441,485450000,485450000
2,1387,485450000,485450100,33864,56441,485800000,485800000
2,1388,485800000,485800100,33864,56441,486150000,486150000
2,1389,486150000,486150100,33864,56441,486500000,486500000
2,1390,486500000,486500100,33864,56441,486850000,486850000
2,1391,486850000,486850100,33864,56441,487200000,487200000
2,1392,487200000,487200100,33864,56441,487550000,487550000
2,1393,487550000,487550100,33864,56441,487900000,487900000
2,1394,487900000,487900100,33864,56441,488250000,488250000
2,1395,488250000,488250100,33864,56441,488600000,488600000
2,1396,488600000,488600100,33864,56441,488950000,488950000
2,1397,488950000,488950100,33864,56441,489300000,489300000
2,1398,489300000,489300100,33864,56441,489650000,489650000
2,1399,489650000,489650100,33864,56441,490000000,490000000
2,1400,490000000,490000100,33864,56441,490350000,490350000
2,1401,490350000,490350100,33864,56441,490700000,490700000
2,1402,490700000,490700100,33864,56441,491050000,491050000
2,1403,491050000,491050100,33864,56441,491400000,491400000
2,1404,491400000,491400100,33864,56441,491750000,491750000
2,1405,491750000,491750100,33864,56441,492100000,492100000
2,1406,492100000,492100100,33864,56441,492450000,492450000
2,1407,492450000,492450100,33864,56441,492800000,492800000
2,1408,492800000,492800100,33864,56441,493150000,493150000
2,1409,493150000,493150100,33864,56441,493500000,493500000
2,1410,493500000,493500100,33864,56441,493850000,493850000
2,1411,493850000,493850100,33864,56441,494200000,494200000
2,1412,494200000,494200100,33864,56441,494550000,494550000
2,1413,494550000,494550100,33864,56441,494900000,494900000
2,1414,494900000,494900100,33864,56441,495250000,495250000
2,1415,495250000,495250100,33864,56441,495600000,495600000
2,1416,495600000,495600100,33864,56441,495950000,495950000
2,1417,495950000,495950100,33864,56441,496300000,496300000
2,1418,496300000,496300100,33864,56441,496650000,496650000
2,1419,496650000,496650100,33864,56441,497000000,497000000
2,1420,497000000,497000100,33864,56441,497350000,497350000
2,1421,497350000,497350100,33864,56441,497700000,497700000
2,1422,497700000,497700100,33864,56441,498050000,498050000
2,1423,498050000,498050100,33864,56441,498400000,498400000
2,1424,498400000,498400100,33864,56441,498750000,498750000
2,1425,498750000,498750100,33864,56441,499100000,499100000
2,1426,499100000,499100100,33864,56441,499450000,499450000
2,1427,499450000,499450100,33864,56441,499800000,499800000
2,1428,499800000,499800100,33864,56441,500150000,500150000
2,1429,500150000,500150100,33864,56441,500500000,500500000
2,1430,500500000,500500100,33864,56441,500850000,500850000
2,1431,500850000,500850100,33864,56441,501200000,501200000
2,1432,501200000,501200100,33864,56441,501550000,501550000
2,1433,501550000,501550100,33864,56441,501900000,501900000
2,1434,501900000,501900100,33864,56441,502250000,502250000
2,1435,502250000,502250100,33864,56441,502600000,502600000
2,1436,502600000,502600100,33864,56441,502950000,502950000
2,1437,502950000,502950100,33864,56441,503300000,503300000
2,1438,503300000,503300100,33864,56441,503650000,503650000
2,1439,503650000,503650100,33864,56441,504000000,504000000
2,1440,504000000,504000100,33864,56441,504350000,504350000
2,1441,504350000,504350100,33864,56441,504700000,504700000
2,1442,504700000,504700100,33864,56441,505050000,505050000
2,1443,505050000,505050100,33864,56441,505400000,505400000
2,1444,505400000,505400100,33864,56441,505750000,505750000
2,1445,505750000,505750100,33864,56441,506100000,506100000
2,1446,506100000,506100100,33864,56441,506450000,506450000
2,1447,506450000,506450100,33864,56441,506800000,506800000
2,1448,506800000,506800100,33864,56441,507150000,507150000
2,1449,507150000,507150100,33864,56441,507500000,507500000
2,1450,507500000,507500100,33864,56441,507850000,507850000
2,1451,507850000,507850100,33864,56441,508200000,508200000
2,1452,508200000,508200100,33864,56441,508550000,508550000
2,1453,508550000,508550100,33864,56441,508900000,508900000
2,1454,508900000,508900100,33864,56441,509250000,509250000
2,1455,509250000,509250100,33864,56441,509600000,509600000
2,1456,509600000,509600100,33864,56441,509950000,509950000
2,1457,509950000,509950100,33864,56441,510300000,510300000
2,1458,510300000,510300100,33864,56441,510650000,510650000
2,1459,510650000,510650100,33864,56441,511000000,511000000
2,1460,511000000,511000100,33864,56441,511350000,511350000
2,1461,511350000,511350100,33864,56441,511700000,511700000
2,1462,511700000,511700100,33864,56441,512050000,512050000
2,1463,512050000,512050100,33864,56441,512400000,512400000
2,1464,512400000,512400100,33864,56441,512750000,512750000
2,1465,512750000,512750100,33864,56441,513100000,513100000
2,1466,513100000,513100100,33864,56441,513450000,513450000
2,1467,513450000,513450100,33864,56441,513800000,513800000
2,1468,513800000,513800100,33864,56441,514150000,514150000
2,1469,514150000,514150100,33864,56441,514500000,514500000
2,1470,514500000,514500100,33864,56441,514850000,514850000
2,1471,514850000,514850100,33864,56441,515200000,515200000
2,1472,515200000,515200100,33864,56441,515550000,515550000
2,1473,515550000,515550100,33864,56441,515900000,515900000
2,1474,515900000,515900100,33864,56441,516250000,516250000
2,1475,516250000,516250100,33864,56441,516600000,516600000
2,1476,516600000,516600100,33864,56441,516950000,516950000
2,1477,516950000,516950100,33864,56441,517300000,517300000
2,1478,517300000,517300100,33864,56441,517650000,517650000
2,1479,517650000,517650100,33864,56441,518000000,518000000
2,1480,518000000,518000100,33864,56441,518350000,518350000
2,1481,518350000,518350100,33864,56441,518700000,518700000
2,1482,518700000,518700100,33864,56441,519050000,519050000
2,1483,519050000,519050100,33864,56441,519400000,519400000
2,1484,519400000,519400100,33864,56441,519750000,519750000
2,1485,519750000,519750100,33864,56441,520100000,520100000
2,1486,520100000,520100100,33864,56441,520450000,520450000
2,1487,520450000,520450100,33864,56441,520800000,520800000
2,1488,520800000,520800100,33864,56441,521150000,521150000
2,1489,521150000,521150100,33864,56441,521500000,521500000
2,1490,521500000,521500100,33864,56441,521850000,521850000
2,1491,521850000,521850100,33864,56441,522200000,522200000
2,1492,522200000,522200100,33864,56441,522550000,522550000
2,1493,522550000,522550100,33864,56441,522900000,522900000
2,1494,522900000,522900100,33864,56441,523250000,523250000
2,1495,523250000,523250100,33864,56441,523600000,523600000
2,1496,523600000,523600100,33864,56441,523950000,523950000
2,1497,523950000,523950100,33864,56441,524300000,524300000
2,1498,524300000,524300100,33864,56441,524650000,524650000
2,1499,524650000,524650100,33864,56441,525000000,525000000
2,1500,525000000,525000100,33864,56441,525350000,525350000
2,1501,525350000,525350100,33864,56441,525700000,525700000
2,1502,525700000,525700100,33864,56441,526050000,526050000
2,1503,526050000,526050100,33864,56441,526400000,526400000
2,1504,526400000,526400100,33864,56441,526750000,526750000
2,1505,526750000,526750100,33864,56441,527100000,527100000
2,1506,527100000,527100100,33864,56441,527450000,527450000
2,1507,527450000,527450100,33864,56441,527800000,527800000
2,1508,527800000,527800100,33864,56441,528150000,528150000
2,1509,528150000,528150100,33864,56441,528500000,528500000
2,1510,528500000,528500100,33864,56441,528850000,528850000
2,1511,528850000,528850100,33864,56441,529200000,529200000
2,1512,529200000,529200100,33864,56441,529550000,529550000
2,1513,529550000,529550100,33864,56441,529900000,529900000
2,1514,529900000,529900100,33864,56441,530250000,530250000
2,1515,530250000,530250100,33864,56441,530600000,530600000
2,1516,530600000,530600100,33864,56441,530950000,530950000
2,1517,530950000,530950100,33864,56441,531300000,531300000
2,1518,531300000,531300100,33864,56441,531650000,531650000
2,1519,531650000,531650100,33864,56441,532000000,532000000
2,1520,532000000,532000100,33864,56441,532350000,532350000
2,1521,532350000,532350100,33864,56441,532700000,532700000
2,1522,532700000,532700100,33864,56441,533050000,533050000
2,1523,533050000,533050100,33864,56441,533400000,533400000
2,1524,533400000,533400100,33864,56441,533750000,533750000
2,1525,533750000,533750100,33864,56441,534100000,534100000
2,1526,534100000,534100100,33864,56441,534450000,534450000
2,1527,534450000,534450100,33864,56441,534800000,534800000
2,1528,534800000,534800100,33864,56441,535150000,535150000
2,1529,535150000,535150100,33864,56441,535500000,535500000
2,1530,535500000,535500100,33864,56441,535850000,535850000
2,1531,535850000,535850100,33864,56441,536200000,536200000
2,1532,536200000,536200100,33864,56441,536550000,536550000
2,1533,536550000,536550100,33864,56441,536900000,536900000
2,1534,536900000,536900100,33864,56441,537250000,537250000
2,1535,537250000,537250100,33864,56441,537600000,537600000
2,1536,537600000,537600100,33864,56441,537950000,537950000
2,1537,537950000,537950100,33864,56441,538300000,538300000
2,1538,538300000,538300100,33864,56441,538650000,538650000
2,1539,538650000,538650100,33864,56441,539000000,539000000
2,1540,539000000,539000100,33864,56441,539350000,539350000
2,1541,539350000,539350100,33864,56441,539700000,539700000
2,1542,539700000,539700100,33864,56441,540050000,540050000
2,1543,540050000,540050100,33864,56441,540400000,540400000
2,1544,540400000,540400100,33864,56441,540750000,540750000
2,1545,540750000,540750100,33864,56441,541100000,541100000
2,1546,541100000,541100100,33864,56441,541450000,541450000
2,1547,541450000,541450100,33864,56441,541800000,541800000
2,1548,541800000,541800100,33864,56441,542150000,542150000
2,1549,542150000,542150100,33864,56441,542500000,542500000
2,1550,542500000,542500100,33864,56441,542850000,542850000
2,1551,542850000,542850100,33864,56441,543200000,543200000
2,1552,543200000,543200100,33864,56441,543550000,543550000
2,1553,543550000,543550100,33864,56441,543900000,543900000
2,1554,543900000,543900100,33864,56441,544250000,544250000
2,1555,544250000,544250100,33864,56441,544600000,544600000
2,1556,544600000,544600100,33864,56441,544950000,544950000
2,1557,544950000,544950100,33864,56441,545300000,545300000
2,1558,545300000,545300100,33864,56441,545650000,545650000
2,1559,545650000,545650100,33864,56441,546000000,546000000
2,1560,546000000,546000100,33864,56441,546350000,546350000
2,1561,546350000,546350100,33864,56441,546700000,546700000
2,1562,546700000,546700100,33864,56441,547050000,547050000
2,1563,547050000,547050100,33864,56441,547400000,547400000
2,1564,547400000,547400100,33864,56441,547750000,547750000
2,1565,547750000,547750100,33864,56441,548100000,548100000
2,1566,548100000,548100100,33864,56441,548450000,548450000
2,1567,548450000,548450100,33864,56441,548800000,548800000
2,1568,548800000,548800100,33864,56441,549150000,549150000
2,1569,549150000,549150100,33864,56441,549500000,549500000
2,1570,549500000,549500100,33864,56441,549850000,549850000
2,1571,549850000,549850100,33864,56441,550200000,550200000
2,1572,550200000,550200100,33864,56441,550550000,550550000
2,1573,550550000,550550100,33864,56441,550900000,550900000
2,1574,550900000,550900100,33864,56441,551250000,551250000
2,1575,551250000,551250100,33864,56441,551600000,551600000
2,1576,551600000,551600100,33864,56441,551950000,551950000
2,1577,551950000,551950100,33864,56441,552300000,552300000
2,1578,552300000,552300100,33864,56441,552650000,552650000
2,1579,552650000,552650100,33864,56441,553000000,553000000
2,1580,553000000,553000100,33864,56441,553350000,553350000
2,1581,553350000,553350100,33864,56441,553700000,553700000
2,1582,553700000,553700100,33864,56441,554050000,554050000
2,1583,554050000,554050100,33864,56441,554400000,554400000
2,1584,554400000,554400100,33864,56441,554750000,554750000
2,1585,554750000,554750100,33864,56441,555100000,555100000
2,1586,555100000,555100100,33864,56441,555450000,555450000
2,1587,555450000,555450100,33864,56441,555800000,555800000
2,1588,555800000,555800100,33864,56441,556150000,556150000
2,1589,556150000,556150100,33864,56441,556500000,556500000
2,1590,556500000,556500100,33864,56441,556850000,556850000
2,1591,556850000,556850100,33864,56441,557200000,557200000
2,1592,557200000,557200100,33864,56441,557550000,557550000
2,1593,557550000,557550100,33864,56441,557900000,557900000
2,1594,557900000,557900100,33864,56441,558250000,558250000
2,1595,558250000,558250100,33864,56441,558600000,558600000
2,1596,558600000,558600100,33864,56441,558950000,558950000
2,1597,558950000,558950100,33864,56441,559300000,559300000
2,1598,559300000,559300100,33864,56441,559650000,559650000
2,1599,559650000,559650100,33864,56441,560000000,560000000
2,1600,560000000,560000100,33864,56441,560350000,560350000
2,1601,560350000,560350100,33864,56441,560700000,560700000
2,1602,560700000,560700100,33864,56441,561050000,561050000
2,1603,561050000,561050100,33864,56441,561400000,561400000
2,1604,561400000,561400100,33864,56441,561750000,561750000
2,1605,561750000,561750100,33864,56441,562100000,562100000
2,1606,562100000,562100100,33864,56441,562450000,562450000
2,1607,562450000,562450100,33864,56441,562800000,562800000
2,1608,562800000,562800100,33864,56441,563150000,563150000
2,1609,563150000,563150100,33864,56441,563500000,563500000
2,1610,563500000,563500100,33864,56441,563850000,563850000
2,1611,563850000,563850100,33864,56441,564200000,564200000
2,1612,564200000,564200100,33864,56441,564550000,564550000
2,1613,564550000,564550100,33864,56441,564900000,564900000
2,1614,564900000,564900100,33864,56441,565250000,565250000
2,1615,565250000,565250100,33864,56441,565600000,565600000
2,1616,565600000,565600100,33864,56441,565950000,565950000
2,1617,565950000,565950100,33864,56441,566300000,566300000
2,1618,566300000,566300100,33864,56441,566650000,566650000
2,1619,566650000,566650100,33864,56441,567000000,567000000
2,1620,567000000,567000100,33864,56441,567350000,567350000
2,1621,567350000,567350100,33864,56441,567700000,567700000
2,1622,567700000,567700100,33864,56441,568050000,568050000
2,1623,568050000,568050100,33864,56441,568400000,568400000
2,1624,568400000,568400100,33864,56441,568750000,568750000
2,1625,568750000,568750100,33864,56441,569100000,569100000
2,1626,569100000,569100100,33864,56441,569450000,569450000
2,1627,569450000,569450100,33864,56441,569800000,569800000
2,1628,569800000,569800100,33864,56441,570150000,570150000
2,1629,570150000,570150100,33864,56441,570500000,570500000
2,1630,570500000,570500100,33864,56441,570850000,570850000
2,1631,570850000,570850100,33864,56441,571200000,571200000
2,1632,571200000,571200100,33864,56441,571550000,571550000
2,1633,571550000,571550100,33864,56441,571900000,571900000
2,1634,571900000,571900100,33864,56441,572250000,572250000
2,1635,572250000,572250100,33864,56441,572600000,572600000
2,1636,572600000,572600100,33864,56441,572950000,572950000
2,1637,572950000,572950100,33864,56441,573300000,573300000
2,1638,573300000,573300100,33864,56441,573650000,573650000
2,1639,573650000,573650100,33864,56441,574000000,574000000
2,1640,574000000,574000100,33864,56441,574350000,574350000
2,1641,574350000,574350100,33864,56441,574700000,574700000
2,1642,574700000,574700100,33864,56441,575050000,575050000
2,1643,575050000,575050100,33864,56441,575400000,575400000
2,1644,575400000,575400100,33864,56441,575750000,575750000
2,1645,575750000,575750100,33864,56441,576100000,576100000
2,1646,576100000,576100100,33864,56441,576450000,576450000
2,1647,576450000,576450100,33864,56441,576800000,576800000
2,1648,576800000,576800100,33864,56441,577150000,577150000
2,1649,577150000,577150100,33864,56441,577500000,577500000
2,1650,577500000,577500100,33864,56441,577850000,577850000
2,1651,577850000,577850100,33864,56441,578200000,578200000
2,1652,578200000,578200100,33864,56441,578550000,578550000
2,1653,578550000,578550100,33864,56441,578900000,578900000
2,1654,578900000,578900100,33864,56441,579250000,579250000
2,1655,579250000,579250100,33864,56441,579600000,579600000
2,1656,579600000,579600100,33864,56441,579950000,579950000
2,1657,579950000,579950100,33864,56441,580300000,580300000
2,1658,580300000,580300100,33864,56441,580650000,580650000
2,1659,580650000,580650100,33864,56441,581000000,581000000
2,1660,581000000,581000100,33864,56441,581350000,581350000
2,1661,581350000,581350100,33864,56441,581700000,581700000
2,1662,581700000,581700100,33864,56441,582050000,582050000
2,1663,582050000,582050100,33864,56441,582400000,582400000
2,1664,582400000,582400100,33864,56441,582750000,582750000
2,1665,582750000,582750100,33864,56441,583100000,583100000
2,1666,583100000,583100100,33864,56441,583450000,583450000
2,1667,583450000,583450100,33864,56441,583800000,583800000
2,1668,583800000,583800100,33864,56441,584150000,584150000
2,1669,584150000,584150100,33864,56441,584500000,584500000
2,1670,584500000,584500100,33864,56441,584850000,584850000
2,1671,584850000,584850100,33864,56441,585200000,585200000
2,1672,585200000,585200100,33864,56441,585550000,585550000
2,1673,585550000,585550100,33864,56441,585900000,585900000
2,1674,585900000,585900100,33864,56441,586250000,586250000
2,1675,586250000,586250100,33864,56441,586600000,586600000
2,1676,586600000,586600100,33864,56441,586950000,586950000
2,1677,586950000,586950100,33864,56441,587300000,587300000
2,1678,587300000,587300100,33864,56441,587650000,587650000
2,1679,587650000,587650100,33864,56441,588000000,588000000
2,1680,588000000,588000100,33864,56441,588350000,588350000
2,1681,588350000,588350100,33864,56441,588700000,588700000
2,1682,588700000,588700100,33864,56441,589050000,589050000
2,1683,589050000,589050100,33864,56441,589400000,589400000
2,1684,589400000,589400100,33864,56441,589750000,589750000
2,1685,589750000,589750100,33864,56441,590100000,590100000
2,1686,590100000,590100100,33864,56441,590450000,590450000
2,1687,590450000,590450100,33864,56441,590800000,590800000
2,1688,590800000,590800100,33864,56441,591150000,591150000
2,1689,591150000,591150100,33864,56441,591500000,591500000
2,1690,591500000,591500100,33864,56441,591850000,591850000
2,1691,591850000,591850100,33864,56441,592200000,592200000
2,1692,592200000,592200100,33864,56441,592550000,592550000
2,1693,592550000,592550100,33864,56441,592900000,592900000
2,1694,592900000,592900100,33864,56441,593250000,593250000
2,1695,593250000,593250100,33864,56441,593600000,593600000
2,1696,593600000,593600100,33864,56441,593950000,593950000
2,1697,593950000,593950100,33864,56441,594300000,594300000
2,1698,594300000,594300100,33864,56441,594650000,594650000
2,1699,594650000,594650100,33864,56441,595000000,595000000
2,1700,595000000,595000100,33864,56441,595350000,595350000
2,1701,595350000,595350100,33864,56441,595700000,595700000
2,1702,595700000,595700100,33864,56441,596050000,596050000
2,1703,596050000,596050100,33864,56441,596400000,596400000
2,1704,596400000,596400100,33864,56441,596750000,596750000
2,1705,596750000,596750100,33864,56441,597100000,597100000
2,1706,597100000,597100100,33864,56441,597450000,597450000
2,1707,597450000,597450100,33864,56441,597800000,597800000
2,1708,597800000,597800100,33864,56441,598150000,598150000
2,1709,598150000,598150100,33864,56441,598500000,598500000
3,0,0,100,17130,28550,450000,450000
3,1,450000,450100,17130,28550,900000,900000
3,2,900000,900100,17130,28550,1350000,1350000
3,3,1350000,1350100,17130,28550,1800000,1800000
3,4,1800000,1800100,17130,28550,2250000,2250000
3,5,2250000,2250100,17130,28550,2700000,2700000
3,6,2700000,2700100,17130,28550,3150000,3150000
3,7,3150000,3150100,17130,28550,3600000,3600000
3,8,3600000,3600100,17130,28550,4050000,4050000
3,9,4050000,4050100,17130,28550,4500000,4500000
3,10,4500000,4500100,17130,28550,4950000,4950000
3,11,4950000,4950100,17130,28550,5400000,5400000
3,12,5400000,5400100,17130,28550,5850000,5850000
3,13,5850000,5850100,17130,28550,6300000,6300000
3,14,6300000,6300100,17130,28550,6750000,6750000
3,15,6750000,6750100,17130,28550,7200000,7200000
3,16,7200000,7200100,17130,28550,7650000,7650000
3,17,7650000,7650100,17130,28550,8100000,8100000
3,18,8100000,8100100,17130,28550,8550000,8550000
3,19,8550000,8550100,17130,28550,9000000,9000000
3,20,9000000,9000100,17130,28550,9450000,9450000
3,21,9450000,9450100,17130,28550,9900000,9900000
3,22,9900000,9900100,17130,28550,10350000,10350000
3,23,10350000,10350100,17130,28550,10800000,10800000
3,24,10800000,10800100,17130,28550,11250000,11250000
3,25,11250000,11250100,17130,28550,11700000,11700000
3,26,11700000,11700100,17130,28550,12150000,12150000
3,27,12150000,12150100,17130,28550,12600000,12600000
3,28,12600000,12600100,17130,28550,13050000,13050000
3,29,13050000,13050100,17130,28550,13500000,13500000
3,30,13500000,13500100,17130,28550,13950000,13950000
3,31,13950000,13950100,17130,28550,14400000,14400000
3,32,14400000,14400100,17130,28550,14850000,14850000
3,33,14850000,14850100,17130,28550,15300000,15300000
3,34,15300000,15300100,17130,28550,15750000,15750000
3,35,15750000,15750100,17130,28550,16200000,16200000
3,36,16200000,16200100,17130,28550,16650000,16650000
3,37,16650000,16650100,17130,28550,17100000,17100000
3,38,17100000,17100100,17130,28550,17550000,17550000
3,39,17550000,17550100,17130,28550,18000000,18000000
3,40,18000000,18000100,17130,28550,18450000,18450000
3,41,18450000,18450100,17130,28550,18900000,18900000
3,42,18900000,18900100,17130,28550,19350000,19350000
3,43,19350000,19350100,17130,28550,19800000,19800000
3,44,19800000,19800100,17130,28550,20250000,20250000
3,45,20250000,20250100,17130,28550,20700000,20700000
3,46,20700000,20700100,17130,28550,21150000,21150000
3,47,21150000,21150100,17130,28550,21600000,21600000
3,48,21600000,21600100,17130,28550,22050000,22050000
3,49,22050000,22050100,17130,28550,22500000,22500000
3,50,22500000,22500100,17130,28550,22950000,22950000
3,51,22950000,22950100,17130,28550,23400000,23400000
3,52,23400000,23400100,17130,28550,23850000,23850000
3,53,23850000,23850100,17130,28550,24300000,24300000
3,54,24300000,24300100,17130,28550,24750000,24750000
3,55,24750000,24750100,17130,28550,25200000,25200000
3,56,25200000,25200100,17130,28550,25650000,25650000
3,57,25650000,25650100,17130,28550,26100000,26100000
3,58,26100000,26100100,17130,28550,26550000,26550000
3,59,26550000,26550100,17130,28550,27000000,27000000
3,60,27000000,27000100,17130,28550,27450000,27450000
3,61,27450000,27450100,17130,28550,27900000,27900000
3,62,27900000,27900100,17130,28550,28350000,28350000
3,63,28350000,28350100,17130,28550,28800000,28800000
3,64,28800000,28800100,17130,28550,29250000,29250000
3,65,29250000,29250100,17130,28550,29700000,29700000
3,66,29700000,29700100,17130,28550,30150000,30150000
3,67,30150000,30150100,17130,28550,30600000,30600000
3,68,30600000,30600100,17130,28550,31050000,31050000
3,69,31050000,31050100,17130,28550,31500000,31500000
3,70,31500000,31500100,17130,28550,31950000,31950000
3,71,31950000,31950100,17130,28550,32400000,32400000
3,72,32400000,32400100,17130,28550,32850000,32850000
3,73,32850000,32850100,17130,28550,33300000,33300000
3,74,33300000,33300100,17130,28550,33750000,33750000
3,75,33750000,33750100,17130,28550,34200000,34200000
3,76,34200000,34200100,17130,28550,34650000,34650000
3,77,34650000,34650100,17130,28550,35100000,35100000
3,78,35100000,35100100,17130,28550,35550000,35550000
3,79,35550000,35550100,17130,28550,36000000,36000000
3,80,36000000,36000100,17130,28550,36450000,36450000
3,81,36450000,36450100,17130,28550,36900000,36900000
3,82,36900000,36900100,17130,28550,37350000,37350000
3,83,37350000,37350100,17130,28550,37800000,37800000
3,84,37800000,37800100,17130,28550,38250000,38250000
3,85,38250000,38250100,17130,28550,38700000,38700000
3,86,38700000,38700100,17130,28550,39150000,39150000
3,87,39150000,39150100,17130,28550,39600000,39600000
3,88,39600000,39600100,17130,28550,40050000,40050000
3,89,40050000,40050100,17130,28550,40500000,40500000
3,90,40500000,40500100,17130,28550,40950000,40950000
3,91,40950000,40950100,17130,28550,41400000,41400000
3,92,41400000,41400100,17130,28550,41850000,41850000
3,93,41850000,41850100,17130,28550,42300000,42300000
3,94,42300000,42300100,17130,28550,42750000,42750000
3,95,42750000,42750100,17130,28550,43200000,43200000
3,96,43200000,43200100,17130,28550,43650000,43650000
3,97,43650000,43650100,17130,28550,44100000,44100000
3,98,44100000,44100100,17130,28550,44550000,44550000
3,99,44550000,44550100,17130,28550,45000000,45000000
3,100,45000000,45000100,17130,28550,45450000,45450000
3,101,45450000,45450100,17130,28550,45900000,45900000
3,102,45900000,45900100,17130,28550,46350000,46350000
3,103,46350000,46350100,17130,28550,46800000,46800000
3,104,46800000,46800100,17130,28550,47250000,47250000
3,105,47250000,47250100,17130,28550,47700000,47700000
3,106,47700000,47700100,17130,28550,48150000,48150000
3,107,48150000,48150100,17130,28550,48600000,48600000
3,108,48600000,48600100,17130,28550,49050000,49050000
3,109,49050000,49050100,17130,28550,49500000,49500000
3,110,49500000,49500100,17130,28550,49950000,49950000
3,111,49950000,49950100,17130,28550,50400000,50400000
3,112,50400000,50400100,17130,28550,50850000,50850000
3,113,50850000,50850100,17130,28550,51300000,51300000
3,114,51300000,51300100,17130,28550,51750000,51750000
3,115,51750000,51750100,17130,28550,52200000,52200000
3,116,52200000,52200100,17130,28550,52650000,52650000
3,117,52650000,52650100,17130,28550,53100000,53100000
3,118,53100000,53100100,17130,28550,53550000,53550000
3,119,53550000,53550100,17130,28550,54000000,54000000
3,120,54000000,54000100,17130,28550,54450000,54450000
3,121,54450000,54450100,17130,28550,54900000,54900000
3,122,54900000,54900100,17130,28550,55350000,55350000
3,123,55350000,55350100,17130,28550,55800000,55800000
3,124,55800000,55800100,17130,28550,56250000,56250000
3,125,56250000,56250100,17130,28550,56700000,56700000
3,126,56700000,56700100,17130,28550,57150000,57150000
3,127,57150000,57150100,17130,28550,57600000,57600000
3,128,57600000,57600100,17130,28550,58050000,58050000
3,129,58050000,58050100,17130,28550,58500000,58500000
3,130,58500000,58500100,17130,28550,58950000,58950000
3,131,58950000,58950100,17130,28550,59400000,59400000
3,132,59400000,59400100,17130,28550,59850000,59850000
3,133,59850000,59850100,17130,28550,60300000,60300000
3,134,60300000,60300100,17130,28550,60750000,60750000
3,135,60750000,60750100,17130,28550,61200000,61200000
3,136,61200000,61200100,17130,28550,61650000,61650000
3,137,61650000,61650100,17130,28550,62100000,62100000
3,138,62100000,62100100,17130,28550,62550000,62550000
3,139,62550000,62550100,17130,28550,63000000,63000000
3,140,63000000,63000100,17130,28550,63450000,63450000
3,141,63450000,63450100,17130,28550,63900000,63900000
3,142,63900000,63900100,17130,28550,64350000,64350000
3,143,64350000,64350100,17130,28550,64800000,64800000
3,144,64800000,64800100,17130,28550,65250000,65250000
3,145,65250000,65250100,17130,28550,65700000,65700000
3,146,65700000,65700100,17130,28550,66150000,66150000
3,147,66150000,66150100,17130,28550,66600000,66600000
3,148,66600000,66600100,17130,28550,67050000,67050000
3,149,67050000,67050100,17130,28550,67500000,67500000
3,150,67500000,67500100,17130,28550,67950000,67950000
3,151,67950000,67950100,17130,28550,68400000,68400000
3,152,68400000,68400100,17130,28550,68850000,68850000
3,153,68850000,68850100,17130,28550,69300000,69300000
3,154,69300000,69300100,17130,28550,69750000,69750000
3,155,69750000,69750100,17130,28550,70200000,70200000
3,156,70200000,70200100,17130,28550,70650000,70650000
3,157,70650000,70650100,17130,28550,71100000,71100000
3,158,71100000,71100100,17130,28550,71550000,71550000
3,159,71550000,71550100,17130,28550,72000000,72000000
3,160,72000000,72000100,17130,28550,72450000,72450000
3,161,72450000,72450100,17130,28550,72900000,72900000
3,162,72900000,72900100,17130,28550,73350000,73350000
3,163,73350000,73350100,17130,28550,73800000,73800000
3,164,73800000,73800100,17130,28550,74250000,74250000
3,165,74250000,74250100,17130,28550,74700000,74700000
3,166,74700000,74700100,17130,28550,75150000,75150000
3,167,75150000,75150100,17130,28550,75600000,75600000
3,168,75600000,75600100,17130,28550,76050000,76050000
3,169,76050000,76050100,17130,28550,76500000,76500000
3,170,76500000,76500100,17130,28550,76950000,76950000
3,171,76950000,76950100,17130,28550,77400000,77400000
3,172,77400000,77400100,17130,28550,77850000,77850000
3,173,77850000,77850100,17130,28550,78300000,78300000
3,174,78300000,78300100,17130,28550,78750000,78750000
3,175,78750000,78750100,17130,28550,79200000,79200000
3,176,79200000,79200100,17130,28550,79650000,79650000
3,177,79650000,79650100,17130,28550,80100000,80100000
3,178,80100000,80100100,17130,28550,80550000,80550000
3,179,80550000,80550100,17130,28550,81000000,81000000
3,180,81000000,81000100,17130,28550,81450000,81450000
3,181,81450000,81450100,17130,28550,81900000,81900000
3,182,81900000,81900100,17130,28550,82350000,82350000
3,183,82350000,82350100,17130,28550,82800000,82800000
3,184,82800000,82800100,17130,28550,83250000,83250000
3,185,83250000,83250100,17130,28550,83700000,83700000
3,186,83700000,83700100,17130,28550,84150000,84150000
3,187,84150000,84150100,17130,28550,84600000,84600000
3,188,84600000,84600100,17130,28550,85050000,85050000
3,189,85050000,85050100,17130,28550,85500000,85500000
3,190,85500000,85500100,17130,28550,85950000,85950000
3,191,85950000,85950100,17130,28550,86400000,86400000
3,192,86400000,86400100,17130,28550,86850000,86850000
3,193,86850000,86850100,17130,28550,87300000,87300000
3,194,87300000,87300100,17130,28550,87750000,87750000
3,195,87750000,87750100,17130,28550,88200000,88200000
3,196,88200000,88200100,17130,28550,88650000,88650000
3,197,88650000,88650100,17130,28550,89100000,89100000
3,198,89100000,89100100,17130,28550,89550000,89550000
3,199,89550000,89550100,17130,28550,90000000,90000000
3,200,90000000,90000100,17130,28550,90450000,90450000
3,201,90450000,90450100,17130,28550,90900000,90900000
3,202,90900000,90900100,17130,28550,91350000,91350000
3,203,91350000,91350100,17130,28550,91800000,91800000
3,204,91800000,91800100,17130,28550,92250000,92250000
3,205,92250000,92250100,17130,28550,92700000,92700000
3,206,92700000,92700100,17130,28550,93150000,93150000
3,207,93150000,93150100,17130,28550,93600000,93600000
3,208,93600000,93600100,17130,28550,94050000,94050000
3,209,94050000,94050100,17130,28550,94500000,94500000
3,210,94500000,94500100,17130,28550,94950000,94950000
3,211,94950000,94950100,17130,28550,95400000,95400000
3,212,95400000,95400100,17130,28550,95850000,95850000
3,213,95850000,95850100,17130,28550,96300000,96300000
3,214,96300000,96300100,17130,28550,96750000,96750000
3,215,96750000,96750100,17130,28550,97200000,97200000
3,216,97200000,97200100,17130,28550,97650000,97650000
3,217,97650000,97650100,17130,28550,98100000,98100000
3,218,98100000,98100100,17130,28550,98550000,98550000
3,219,98550000,98550100,17130,28550,99000000,99000000
3,220,99000000,99000100,17130,28550,99450000,99450000
3,221,99450000,99450100,17130,28550,99900000,99900000
3,222,99900000,99900100,17130,28550,100350000,100350000
3,223,100350000,100350100,17130,28550,100800000,100800000
3,224,100800000,100800100,17130,28550,101250000,101250000
3,225,101250000,101250100,17130,28550,101700000,101700000
3,226,101700000,101700100,17130,28550,102150000,102150000
3,227,102150000,102150100,17130,28550,102600000,102600000
3,228,102600000,102600100,17130,28550,103050000,103050000
3,229,103050000,103050100,17130,28550,103500000,103500000
3,230,103500000,103500100,17130,28550,103950000,103950000
3,231,103950000,103950100,17130,28550,104400000,104400000
3,232,104400000,104400100,17130,28550,104850000,104850000
3,233,104850000,104850100,17130,28550,105300000,105300000
3,234,105300000,105300100,17130,28550,105750000,105750000
3,235,105750000,105750100,17130,28550,106200000,106200000
3,236,106200000,106200100,17130,28550,106650000,106650000
3,237,106650000,106650100,17130,28550,107100000,107100000
3,238,107100000,107100100,17130,28550,107550000,107550000
3,239,107550000,107550100,17130,28550,108000000,108000000
3,240,108000000,108000100,17130,28550,108450000,108450000
3,241,108450000,108450100,17130,28550,108900000,108900000
3,242,108900000,108900100,17130,28550,109350000,109350000
3,243,109350000,109350100,17130,28550,109800000,109800000
3,244,109800000,109800100,17130,28550,110250000,110250000
3,245,110250000,110250100,17130,28550,110700000,110700000
3,246,110700000,110700100,17130,28550,111150000,111150000
3,247,111150000,111150100,17130,28550,111600000,111600000
3,248,111600000,111600100,17130,28550,112050000,112050000
3,249,112050000,112050100,17130,28550,112500000,112500000
3,250,112500000,112500100,17130,28550,112950000,112950000
3,251,112950000,112950100,17130,28550,113400000,113400000
3,252,113400000,113400100,17130,28550,113850000,113850000
3,253,113850000,113850100,17130,28550,114300000,114300000
3,254,114300000,114300100,17130,28550,114750000,114750000
3,255,114750000,114750100,17130,28550,115200000,115200000
3,256,115200000,115200100,17130,28550,115650000,115650000
3,257,115650000,115650100,17130,28550,116100000,116100000
3,258,116100000,116100100,17130,28550,116550000,116550000
3,259,116550000,116550100,17130,28550,117000000,117000000
3,260,117000000,117000100,17130,28550,117450000,117450000
3,261,117450000,117450100,17130,28550,117900000,117900000
3,262,117900000,117900100,17130,28550,118350000,118350000
3,263,118350000,118350100,17130,28550,118800000,118800000
3,264,118800000,118800100,17130,28550,119250000,119250000
3,265,119250000,119250100,17130,28550,119700000,119700000
3,266,119700000,119700100,17130,28550,120150000,120150000
3,267,120150000,120150100,17130,28550,120600000,120600000
3,268,120600000,120600100,17130,28550,121050000,121050000
3,269,121050000,121050100,17130,28550,121500000,121500000
3,270,121500000,121500100,17130,28550,121950000,121950000
3,271,121950000,121950100,17130,28550,122400000,122400000
3,272,122400000,122400100,17130,28550,122850000,122850000
3,273,122850000,122850100,17130,28550,123300000,123300000
3,274,123300000,123300100,17130,28550,123750000,123750000
3,275,123750000,123750100,17130,28550,124200000,124200000
3,276,124200000,124200100,17130,28550,124650000,124650000
3,277,124650000,124650100,17130,28550,125100000,125100000
3,278,125100000,125100100,17130,28550,125550000,125550000
3,279,125550000,125550100,17130,28550,126000000,126000000
3,280,126000000,126000100,17130,28550,126450000,126450000
3,281,126450000,126450100,17130,28550,126900000,126900000
3,282,126900000,126900100,17130,28550,127350000,127350000
3,283,127350000,127350100,17130,28550,127800000,127800000
3,284,127800000,127800100,17130,28550,128250000,128250000
3,285,128250000,128250100,17130,28550,128700000,128700000
3,286,128700000,128700100,17130,28550,129150000,129150000
3,287,129150000,129150100,17130,28550,129600000,129600000
3,288,129600000,129600100,17130,28550,130050000,130050000
3,289,130050000,130050100,17130,28550,130500000,130500000
3,290,130500000,130500100,17130,28550,130950000,130950000
3,291,130950000,130950100,17130,28550,131400000,131400000
3,292,131400000,131400100,17130,28550,131850000,131850000
3,293,131850000,131850100,17130,28550,132300000,132300000
3,294,132300000,132300100,17130,28550,132750000,132750000
3,295,132750000,132750100,17130,28550,133200000,133200000
3,296,133200000,133200100,17130,28550,133650000,133650000
3,297,133650000,133650100,17130,28550,134100000,134100000
3,298,134100000,134100100,17130,28550,134550000,134550000
3,299,134550000,134550100,17130,28550,135000000,135000000
3,300,135000000,135000100,17130,28550,135450000,135450000
3,301,135450000,135450100,17130,28550,135900000,135900000
3,302,135900000,135900100,17130,28550,136350000,136350000
3,303,136350000,136350100,17130,28550,136800000,136800000
3,304,136800000,136800100,17130,28550,137250000,137250000
3,305,137250000,137250100,17130,28550,137700000,137700000
3,306,137700000,137700100,17130,28550,138150000,138150000
3,307,138150000,138150100,17130,28550,138600000,138600000
3,308,138600000,138600100,17130,28550,139050000,139050000
3,309,139050000,139050100,17130,28550,139500000,139500000
3,310,139500000,139500100,17130,28550,139950000,139950000
3,311,139950000,139950100,17130,28550,140400000,140400000
3,312,140400000,140400100,17130,28550,140850000,140850000
3,313,140850000,140850100,17130,28550,141300000,141300000
3,314,141300000,141300100,17130,28550,141750000,141750000
3,315,141750000,141750100,17130,28550,142200000,142200000
3,316,142200000,142200100,17130,28550,142650000,142650000
3,317,142650000,142650100,17130,28550,143100000,143100000
3,318,143100000,143100100,17130,28550,143550000,143550000
3,319,143550000,143550100,17130,28550,144000000,144000000
3,320,144000000,144000100,17130,28550,144450000,144450000
3,321,144450000,144450100,17130,28550,144900000,144900000
3,322,144900000,144900100,17130,28550,145350000,145350000
3,323,145350000,145350100,17130,28550,145800000,145800000
3,324,145800000,145800100,17130,28550,146250000,146250000
3,325,146250000,146250100,17130,28550,146700000,146700000
3,326,146700000,146700100,17130,28550,147150000,147150000
3,327,147150000,147150100,17130,28550,147600000,147600000
3,328,147600000,147600100,17130,28550,148050000,148050000
3,329,148050000,148050100,17130,28550,148500000,148500000
3,330,148500000,148500100,17130,28550,148950000,148950000
3,331,148950000,148950100,17130,28550,149400000,149400000
3,332,149400000,149400100,17130,28550,149850000,149850000
3,333,149850000,149850100,17130,28550,150300000,150300000
3,334,150300000,150300100,17130,28550,150750000,150750000
3,335,150750000,150750100,17130,28550,151200000,151200000
3,336,151200000,151200100,17130,28550,151650000,151650000
3,337,151650000,151650100,17130,28550,152100000,152100000
3,338,152100000,152100100,17130,28550,152550000,152550000
3,339,152550000,152550100,17130,28550,153000000,153000000
3,340,153000000,153000100,17130,28550,153450000,153450000
3,341,153450000,153450100,17130,28550,153900000,153900000
3,342,153900000,153900100,17130,28550,154350000,154350000
3,343,154350000,154350100,17130,28550,154800000,154800000
3,344,154800000,154800100,17130,28550,155250000,155250000
3,345,155250000,155250100,17130,28550,155700000,155700000
3,346,155700000,155700100,17130,28550,156150000,156150000
3,347,156150000,156150100,17130,28550,156600000,156600000
3,348,156600000,156600100,17130,28550,157050000,157050000
3,349,157050000,157050100,17130,28550,157500000,157500000
3,350,157500000,157500100,17130,28550,157950000,157950000
3,351,157950000,157950100,17130,28550,158400000,158400000
3,352,158400000,158400100,17130,28550,158850000,158850000
3,353,158850000,158850100,17130,28550,159300000,159300000
3,354,159300000,159300100,17130,28550,159750000,159750000
3,355,159750000,159750100,17130,28550,160200000,160200000
3,356,160200000,160200100,17130,28550,160650000,160650000
3,357,160650000,160650100,17130,28550,161100000,161100000
3,358,161100000,161100100,17130,28550,161550000,161550000
3,359,161550000,161550100,17130,28550,162000000,162000000
3,360,162000000,162000100,17130,28550,162450000,162450000
3,361,162450000,162450100,17130,28550,162900000,162900000
3,362,162900000,162900100,17130,28550,163350000,163350000
3,363,163350000,163350100,17130,28550,163800000,163800000
3,364,163800000,163800100,17130,28550,164250000,164250000
3,365,164250000,164250100,17130,28550,164700000,164700000
3,366,164700000,164700100,17130,28550,165150000,165150000
3,367,165150000,165150100,17130,28550,165600000,165600000
3,368,165600000,165600100,17130,28550,166050000,166050000
3,369,166050000,166050100,17130,28550,166500000,166500000
3,370,166500000,166500100,17130,28550,166950000,166950000
3,371,166950000,166950100,17130,28550,167400000,167400000
3,372,167400000,167400100,17130,28550,167850000,167850000
3,373,167850000,167850100,17130,28550,168300000,168300000
3,374,168300000,168300100,17130,28550,168750000,168750000
3,375,168750000,168750100,17130,28550,169200000,169200000
3,376,169200000,169200100,17130,28550,169650000,169650000
3,377,169650000,169650100,17130,28550,170100000,170100000
3,378,170100000,170100100,17130,28550,170550000,170550000
3,379,170550000,170550100,17130,28550,171000000,171000000
3,380,171000000,171000100,17130,28550,171450000,171450000
3,381,171450000,171450100,17130,28550,171900000,171900000
3,382,171900000,171900100,17130,28550,172350000,172350000
3,383,172350000,172350100,17130,28550,172800000,172800000
3,384,172800000,172800100,17130,28550,173250000,173250000
3,385,173250000,173250100,17130,28550,173700000,173700000
3,386,173700000,173700100,17130,28550,174150000,174150000
3,387,174150000,174150100,17130,28550,174600000,174600000
3,388,174600000,174600100,17130,28550,175050000,175050000
3,389,175050000,175050100,17130,28550,175500000,175500000
3,390,175500000,175500100,17130,28550,175950000,175950000
3,391,175950000,175950100,17130,28550,176400000,176400000
3,392,176400000,176400100,17130,28550,176850000,176850000
3,393,176850000,176850100,17130,28550,177300000,177300000
3,394,177300000,177300100,17130,28550,177750000,177750000
3,395,177750000,177750100,17130,28550,178200000,178200000
3,396,178200000,178200100,17130,28550,178650000,178650000
3,397,178650000,178650100,17130,28550,179100000,179100000
3,398,179100000,179100100,17130,28550,179550000,179550000
3,399,179550000,179550100,17130,28550,180000000,180000000
3,400,180000000,180000100,17130,28550,180450000,180450000
3,401,180450000,180450100,17130,28550,180900000,180900000
3,402,180900000,180900100,17130,28550,181350000,181350000
3,403,181350000,181350100,17130,28550,181800000,181800000
3,404,181800000,181800100,17130,28550,182250000,182250000
3,405,182250000,182250100,17130,28550,182700000,182700000
3,406,182700000,182700100,17130,28550,183150000,183150000
3,407,183150000,183150100,17130,28550,183600000,183600000
3,408,183600000,183600100,17130,28550,184050000,184050000
3,409,184050000,184050100,17130,28550,184500000,184500000
3,410,184500000,184500100,17130,28550,184950000,184950000
3,411,184950000,184950100,17130,28550,185400000,185400000
3,412,185400000,185400100,17130,28550,185850000,185850000
3,413,185850000,185850100,17130,28550,186300000,186300000
3,414,186300000,186300100,17130,28550,186750000,186750000
3,415,186750000,186750100,17130,28550,187200000,187200000
3,416,187200000,187200100,17130,28550,187650000,187650000
3,417,187650000,187650100,17130,28550,188100000,188100000
3,418,188100000,188100100,17130,28550,188550000,188550000
3,419,188550000,188550100,17130,28550,189000000,189000000
3,420,189000000,189000100,17130,28550,189450000,189450000
3,421,189450000,189450100,17130,28550,189900000,189900000
3,422,189900000,189900100,17130,28550,190350000,190350000
3,423,190350000,190350100,17130,28550,190800000,190800000
3,424,190800000,190800100,17130,28550,191250000,191250000
3,425,191250000,191250100,17130,28550,191700000,191700000
3,426,191700000,191700100,17130,28550,192150000,192150000
3,427,192150000,192150100,17130,28550,192600000,192600000
3,428,192600000,192600100,17130,28550,193050000,193050000
3,429,193050000,193050100,17130,28550,193500000,193500000
3,430,193500000,193500100,17130,28550,193950000,193950000
3,431,193950000,193950100,17130,28550,194400000,194400000
3,432,194400000,194400100,17130,28550,194850000,194850000
3,433,194850000,194850100,17130,28550,195300000,195300000
3,434,195300000,195300100,17130,28550,195750000,195750000
3,435,195750000,195750100,17130,28550,196200000,196200000
3,436,196200000,196200100,17130,28550,196650000,196650000
3,437,196650000,196650100,17130,28550,197100000,197100000
3,438,197100000,197100100,17130,28550,197550000,197550000
3,439,197550000,197550100,17130,28550,198000000,198000000
3,440,198000000,198000100,17130,28550,198450000,198450000
3,441,198450000,198450100,17130,28550,198900000,198900000
3,442,198900000,198900100,17130,28550,199350000,199350000
3,443,199350000,199350100,17130,28550,199800000,199800000
3,444,199800000,199800100,17130,28550,200250000,200250000
3,445,200250000,200250100,17130,28550,200700000,200700000
3,446,200700000,200700100,17130,28550,201150000,201150000
3,447,201150000,201150100,17130,28550,201600000,201600000
3,448,201600000,201600100,17130,28550,202050000,202050000
3,449,202050000,202050100,17130,28550,202500000,202500000
3,450,202500000,202500100,17130,28550,202950000,202950000
3,451,202950000,202950100,17130,28550,203400000,203400000
3,452,203400000,203400100,17130,28550,203850000,203850000
3,453,203850000,203850100,17130,28550,204300000,204300000
3,454,204300000,204300100,17130,28550,204750000,204750000
3,455,204750000,204750100,17130,28550,205200000,205200000
3,456,205200000,205200100,17130,28550,205650000,205650000
3,457,205650000,205650100,17130,28550,206100000,206100000
3,458,206100000,206100100,17130,28550,206550000,206550000
3,459,206550000,206550100,17130,28550,207000000,207000000
3,460,207000000,207000100,17130,28550,207450000,207450000
3,461,207450000,207450100,17130,28550,207900000,207900000
3,462,207900000,207900100,17130,28550,208350000,208350000
3,463,208350000,208350100,17130,28550,208800000,208800000
3,464,208800000,208800100,17130,28550,209250000,209250000
3,465,209250000,209250100,17130,28550,209700000,209700000
3,466,209700000,209700100,17130,28550,210150000,210150000
3,467,210150000,210150100,17130,28550,210600000,210600000
3,468,210600000,210600100,17130,28550,211050000,211050000
3,469,211050000,211050100,17130,28550,211500000,211500000
3,470,211500000,211500100,17130,28550,211950000,211950000
3,471,211950000,211950100,17130,28550,212400000,212400000
3,472,212400000,212400100,17130,28550,212850000,212850000
3,473,212850000,212850100,17130,28550,213300000,213300000
3,474,213300000,213300100,17130,28550,213750000,213750000
3,475,213750000,213750100,17130,28550,214200000,214200000
3,476,214200000,214200100,17130,28550,214650000,214650000
3,477,214650000,214650100,17130,28550,215100000,215100000
3,478,215100000,215100100,17130,28550,215550000,215550000
3,479,215550000,215550100,17130,28550,216000000,216000000
3,480,216000000,216000100,17130,28550,216450000,216450000
3,481,216450000,216450100,17130,28550,216900000,216900000
3,482,216900000,216900100,17130,28550,217350000,217350000
3,483,217350000,217350100,17130,28550,217800000,217800000
3,484,217800000,217800100,17130,28550,218250000,218250000
3,485,218250000,218250100,17130,28550,218700000,218700000
3,486,218700000,218700100,17130,28550,219150000,219150000
3,487,219150000,219150100,17130,28550,219600000,219600000
3,488,219600000,219600100,17130,28550,220050000,220050000
3,489,220050000,220050100,17130,28550,220500000,220500000
3,490,220500000,220500100,17130,28550,220950000,220950000
3,491,220950000,220950100,17130,28550,221400000,221400000
3,492,221400000,221400100,17130,28550,221850000,221850000
3,493,221850000,221850100,17130,28550,222300000,222300000
3,494,222300000,222300100,17130,28550,222750000,222750000
3,495,222750000,222750100,17130,28550,223200000,223200000
3,496,223200000,223200100,17130,28550,223650000,223650000
3,497,223650000,223650100,17130,28550,224100000,224100000
3,498,224100000,224100100,17130,28550,224550000,224550000
3,499,224550000,224550100,17130,28550,225000000,225000000
3,500,225000000,225000100,17130,28550,225450000,225450000
3,501,225450000,225450100,17130,28550,225900000,225900000
3,502,225900000,225900100,17130,28550,226350000,226350000
3,503,226350000,226350100,17130,28550,226800000,226800000
3,504,226800000,226800100,17130,28550,227250000,227250000
3,505,227250000,227250100,17130,28550,227700000,227700000
3,506,227700000,227700100,17130,28550,228150000,228150000
3,507,228150000,228150100,17130,28550,228600000,228600000
3,508,228600000,228600100,17130,28550,229050000,229050000
3,509,229050000,229050100,17130,28550,229500000,229500000
3,510,229500000,229500100,17130,28550,229950000,229950000
3,511,229950000,229950100,17130,28550,230400000,230400000
3,512,230400000,230400100,17130,28550,230850000,230850000
3,513,230850000,230850100,17130,28550,231300000,231300000
3,514,231300000,231300100,17130,28550,231750000,231750000
3,515,231750000,231750100,17130,28550,232200000,232200000
3,516,232200000,232200100,17130,28550,232650000,232650000
3,517,232650000,232650100,17130,28550,233100000,233100000
3,518,233100000,233100100,17130,28550,233550000,233550000
3,519,233550000,233550100,17130,28550,234000000,234000000
3,520,234000000,234000100,17130,28550,234450000,234450000
3,521,234450000,234450100,17130,28550,234900000,234900000
3,522,234900000,234900100,17130,28550,235350000,235350000
3,523,235350000,235350100,17130,28550,235800000,235800000
3,524,235800000,235800100,17130,28550,236250000,236250000
3,525,236250000,236250100,17130,28550,236700000,236700000
3,526,236700000,236700100,17130,28550,237150000,237150000
3,527,237150000,237150100,17130,28550,237600000,237600000
3,528,237600000,237600100,17130,28550,238050000,238050000
3,529,238050000,238050100,17130,28550,238500000,238500000
3,530,238500000,238500100,17130,28550,238950000,238950000
3,531,238950000,238950100,17130,28550,239400000,239400000
3,532,239400000,239400100,17130,28550,239850000,239850000
3,533,239850000,239850100,17130,28550,240300000,240300000
3,534,240300000,240300100,17130,28550,240750000,240750000
3,535,240750000,240750100,17130,28550,241200000,241200000
3,536,241200000,241200100,17130,28550,241650000,241650000
3,537,241650000,241650100,17130,28550,242100000,242100000
3,538,242100000,242100100,17130,28550,242550000,242550000
3,539,242550000,242550100,17130,28550,243000000,243000000
3,540,243000000,243000100,17130,28550,243450000,243450000
3,541,243450000,243450100,17130,28550,243900000,243900000
3,542,243900000,243900100,17130,28550,244350000,244350000
3,543,244350000,244350100,17130,28550,244800000,244800000
3,544,244800000,244800100,17130,28550,245250000,245250000
3,545,245250000,245250100,17130,28550,245700000,245700000
3,546,245700000,245700100,17130,28550,246150000,246150000
3,547,246150000,246150100,17130,28550,246600000,246600000
3,548,246600000,246600100,17130,28550,247050000,247050000
3,549,247050000,247050100,17130,28550,247500000,247500000
3,550,247500000,247500100,17130,28550,247950000,247950000
3,551,247950000,247950100,17130,28550,248400000,248400000
3,552,248400000,248400100,17130,28550,248850000,248850000
3,553,248850000,248850100,17130,28550,249300000,249300000
3,554,249300000,249300100,17130,28550,249750000,249750000
3,555,249750000,249750100,17130,28550,250200000,250200000
3,556,250200000,250200100,17130,28550,250650000,250650000
3,557,250650000,250650100,17130,28550,251100000,251100000
3,558,251100000,251100100,17130,28550,251550000,251550000
3,559,251550000,251550100,17130,28550,252000000,252000000
3,560,252000000,252000100,17130,28550,252450000,252450000
3,561,252450000,252450100,17130,28550,252900000,252900000
3,562,252900000,252900100,17130,28550,253350000,253350000
3,563,253350000,253350100,17130,28550,253800000,253800000
3,564,253800000,253800100,17130,28550,254250000,254250000
3,565,254250000,254250100,17130,28550,254700000,254700000
3,566,254700000,254700100,17130,28550,255150000,255150000
3,567,255150000,255150100,17130,28550,255600000,255600000
3,568,255600000,255600100,17130,28550,256050000,256050000
3,569,256050000,256050100,17130,28550,256500000,256500000
3,570,256500000,256500100,17130,28550,256950000,256950000
3,571,256950000,256950100,17130,28550,257400000,257400000
3,572,257400000,257400100,17130,28550,257850000,257850000
3,573,257850000,257850100,17130,28550,258300000,258300000
3,574,258300000,258300100,17130,28550,258750000,258750000
3,575,258750000,258750100,17130,28550,259200000,259200000
3,576,259200000,259200100,17130,28550,259650000,259650000
3,577,259650000,259650100,17130,28550,260100000,260100000
3,578,260100000,260100100,17130,28550,260550000,260550000
3,579,260550000,260550100,17130,28550,261000000,261000000
3,580,261000000,261000100,17130,28550,261450000,261450000
3,581,261450000,261450100,17130,28550,261900000,261900000
3,582,261900000,261900100,17130,28550,262350000,262350000
3,583,262350000,262350100,17130,28550,262800000,262800000
3,584,262800000,262800100,17130,28550,263250000,263250000
3,585,263250000,263250100,17130,28550,263700000,263700000
3,586,263700000,263700100,17130,28550,264150000,264150000
3,587,264150000,264150100,17130,28550,264600000,264600000
3,588,264600000,264600100,17130,28550,265050000,265050000
3,589,265050000,265050100,17130,28550,265500000,265500000
3,590,265500000,265500100,17130,28550,265950000,265950000
3,591,265950000,265950100,17130,28550,266400000,266400000
3,592,266400000,266400100,17130,28550,266850000,266850000
3,593,266850000,266850100,17130,28550,267300000,267300000
3,594,267300000,267300100,17130,28550,267750000,267750000
3,595,267750000,267750100,17130,28550,268200000,268200000
3,596,268200000,268200100,17130,28550,268650000,268650000
3,597,268650000,268650100,17130,28550,269100000,269100000
3,598,269100000,269100100,17130,28550,269550000,269550000
3,599,269550000,269550100,17130,28550,270000000,270000000
3,600,270000000,270000100,17130,28550,270450000,270450000
3,601,270450000,270450100,17130,28550,270900000,270900000
3,602,270900000,270900100,17130,28550,271350000,271350000
3,603,271350000,271350100,17130,28550,271800000,271800000
3,604,271800000,271800100,17130,28550,272250000,272250000
3,605,272250000,272250100,17130,28550,272700000,272700000
3,606,272700000,272700100,17130,28550,273150000,273150000
3,607,273150000,273150100,17130,28550,273600000,273600000
3,608,273600000,273600100,17130,28550,274050000,274050000
3,609,274050000,274050100,17130,28550,274500000,274500000
3,610,274500000,274500100,17130,28550,274950000,274950000
3,611,274950000,274950100,17130,28550,275400000,275400000
3,612,275400000,275400100,17130,28550,275850000,275850000
3,613,275850000,275850100,17130,28550,276300000,276300000
3,614,276300000,276300100,17130,28550,276750000,276750000
3,615,276750000,276750100,17130,28550,277200000,277200000
3,616,277200000,277200100,17130,28550,277650000,277650000
3,617,277650000,277650100,17130,28550,278100000,278100000
3,618,278100000,278100100,17130,28550,278550000,278550000
3,619,278550000,278550100,17130,28550,279000000,279000000
3,620,279000000,279000100,17130,28550,279450000,279450000
3,621,279450000,279450100,17130,28550,279900000,279900000
3,622,279900000,279900100,17130,28550,280350000,280350000
3,623,280350000,280350100,17130,28550,280800000,280800000
3,624,280800000,280800100,17130,28550,281250000,281250000
3,625,281250000,281250100,17130,28550,281700000,281700000
3,626,281700000,281700100,17130,28550,282150000,282150000
3,627,282150000,282150100,17130,28550,282600000,282600000
3,628,282600000,282600100,17130,28550,283050000,283050000
3,629,283050000,283050100,17130,28550,283500000,283500000
3,630,283500000,283500100,17130,28550,283950000,283950000
3,631,283950000,283950100,17130,28550,284400000,284400000
3,632,284400000,284400100,17130,28550,284850000,284850000
3,633,284850000,284850100,17130,28550,285300000,285300000
3,634,285300000,285300100,17130,28550,285750000,285750000
3,635,285750000,285750100,17130,28550,286200000,286200000
3,636,286200000,286200100,17130,28550,286650000,286650000
3,637,286650000,286650100,17130,28550,287100000,287100000
3,638,287100000,287100100,17130,28550,287550000,287550000
3,639,287550000,287550100,17130,28550,288000000,288000000
3,640,288000000,288000100,17130,28550,288450000,288450000
3,641,288450000,288450100,17130,28550,288900000,288900000
3,642,288900000,288900100,17130,28550,289350000,289350000
3,643,289350000,289350100,17130,28550,289800000,289800000
3,644,289800000,289800100,17130,28550,290250000,290250000
3,645,290250000,290250100,17130,28550,290700000,290700000
3,646,290700000,290700100,17130,28550,291150000,291150000
3,647,291150000,291150100,17130,28550,291600000,291600000
3,648,291600000,291600100,17130,28550,292050000,292050000
3,649,292050000,292050100,17130,28550,292500000,292500000
3,650,292500000,292500100,17130,28550,292950000,292950000
3,651,292950000,292950100,17130,28550,293400000,293400000
3,652,293400000,293400100,17130,28550,293850000,293850000
3,653,293850000,293850100,17130,28550,294300000,294300000
3,654,294300000,294300100,17130,28550,294750000,294750000
3,655,294750000,294750100,17130,28550,295200000,295200000
3,656,295200000,295200100,17130,28550,295650000,295650000
3,657,295650000,295650100,17130,28550,296100000,296100000
3,658,296100000,296100100,17130,28550,296550000,296550000
3,659,296550000,296550100,17130,28550,297000000,297000000
3,660,297000000,297000100,17130,28550,297450000,297450000
3,661,297450000,297450100,17130,28550,297900000,297900000
3,662,297900000,297900100,17130,28550,298350000,298350000
3,663,298350000,298350100,17130,28550,298800000,298800000
3,664,298800000,298800100,17130,28550,299250000,299250000
3,665,299250000,299250100,17130,28550,299700000,299700000
3,666,299700000,299700100,17130,28550,300150000,300150000
3,667,300150000,300150100,17130,28550,300600000,300600000
3,668,300600000,300600100,17130,28550,301050000,301050000
3,669,301050000,301050100,17130,28550,301500000,301500000
3,670,301500000,301500100,17130,28550,301950000,301950000
3,671,301950000,301950100,17130,28550,302400000,302400000
3,672,302400000,302400100,17130,28550,302850000,302850000
3,673,302850000,302850100,17130,28550,303300000,303300000
3,674,303300000,303300100,17130,28550,303750000,303750000
3,675,303750000,303750100,17130,28550,304200000,304200000
3,676,304200000,304200100,17130,28550,304650000,304650000
3,677,304650000,304650100,17130,28550,305100000,305100000
3,678,305100000,305100100,17130,28550,305550000,305550000
3,679,305550000,305550100,17130,28550,306000000,306000000
3,680,306000000,306000100,17130,28550,306450000,306450000
3,681,306450000,306450100,17130,28550,306900000,306900000
3,682,306900000,306900100,17130,28550,307350000,307350000
3,683,307350000,307350100,17130,28550,307800000,307800000
3,684,307800000,307800100,17130,28550,308250000,308250000
3,685,308250000,308250100,17130,28550,308700000,308700000
3,686,308700000,308700100,17130,28550,309150000,309150000
3,687,309150000,309150100,17130,28550,309600000,309600000
3,688,309600000,309600100,17130,28550,310050000,310050000
3,689,310050000,310050100,17130,28550,310500000,310500000
3,690,310500000,310500100,17130,28550,310950000,310950000
3,691,310950000,310950100,17130,28550,311400000,311400000
3,692,311400000,311400100,17130,28550,311850000,311850000
3,693,311850000,311850100,17130,28550,312300000,312300000
3,694,312300000,312300100,17130,28550,312750000,312750000
3,695,312750000,312750100,17130,28550,313200000,313200000
3,696,313200000,313200100,17130,28550,313650000,313650000
3,697,313650000,313650100,17130,28550,314100000,314100000
3,698,314100000,314100100,17130,28550,314550000,314550000
3,699,314550000,314550100,17130,28550,315000000,315000000
3,700,315000000,315000100,17130,28550,315450000,315450000
3,701,315450000,315450100,17130,28550,315900000,315900000
3,702,315900000,315900100,17130,28550,316350000,316350000
3,703,316350000,316350100,17130,28550,316800000,316800000
3,704,316800000,316800100,17130,28550,317250000,317250000
3,705,317250000,317250100,17130,28550,317700000,317700000
3,706,317700000,317700100,17130,28550,318150000,318150000
3,707,318150000,318150100,17130,28550,318600000,318600000
3,708,318600000,318600100,17130,28550,319050000,319050000
3,709,319050000,319050100,17130,28550,319500000,319500000
3,710,319500000,319500100,17130,28550,319950000,319950000
3,711,319950000,319950100,17130,28550,320400000,320400000
3,712,320400000,320400100,17130,28550,320850000,320850000
3,713,320850000,320850100,17130,28550,321300000,321300000
3,714,321300000,321300100,17130,28550,321750000,321750000
3,715,321750000,321750100,17130,28550,322200000,322200000
3,716,322200000,322200100,17130,28550,322650000,322650000
3,717,322650000,322650100,17130,28550,323100000,323100000
3,718,323100000,323100100,17130,28550,323550000,323550000
3,719,323550000,323550100,17130,28550,324000000,324000000
3,720,324000000,324000100,17130,28550,324450000,324450000
3,721,324450000,324450100,17130,28550,324900000,324900000
3,722,324900000,324900100,17130,28550,325350000,325350000
3,723,325350000,325350100,17130,28550,325800000,325800000
3,724,325800000,325800100,17130,28550,326250000,326250000
3,725,326250000,326250100,17130,28550,326700000,326700000
3,726,326700000,326700100,17130,28550,327150000,327150000
3,727,327150000,327150100,17130,28550,327600000,327600000
3,728,327600000,327600100,17130,28550,328050000,328050000
3,729,328050000,328050100,17130,28550,328500000,328500000
3,730,328500000,328500100,17130,28550,328950000,328950000
3,731,328950000,328950100,17130,28550,329400000,329400000
3,732,329400000,329400100,17130,28550,329850000,329850000
3,733,329850000,329850100,17130,28550,330300000,330300000
3,734,330300000,330300100,17130,28550,330750000,330750000
3,735,330750000,330750100,17130,28550,331200000,331200000
3,736,331200000,331200100,17130,28550,331650000,331650000
3,737,331650000,331650100,17130,28550,332100000,332100000
3,738,332100000,332100100,17130,28550,332550000,332550000
3,739,332550000,332550100,17130,28550,333000000,333000000
3,740,333000000,333000100,17130,28550,333450000,333450000
3,741,333450000,333450100,17130,28550,333900000,333900000
3,742,333900000,333900100,17130,28550,334350000,334350000
3,743,334350000,334350100,17130,28550,334800000,334800000
3,744,334800000,334800100,17130,28550,335250000,335250000
3,745,335250000,335250100,17130,28550,335700000,335700000
3,746,335700000,335700100,17130,28550,336150000,336150000
3,747,336150000,336150100,17130,28550,336600000,336600000
3,748,336600000,336600100,17130,28550,337050000,337050000
3,749,337050000,337050100,17130,28550,337500000,337500000
3,750,337500000,337500100,17130,28550,337950000,337950000
3,751,337950000,337950100,17130,28550,338400000,338400000
3,752,338400000,338400100,17130,28550,338850000,338850000
3,753,338850000,338850100,17130,28550,339300000,339300000
3,754,339300000,339300100,17130,28550,339750000,339750000
3,755,339750000,339750100,17130,28550,340200000,340200000
3,756,340200000,340200100,17130,28550,340650000,340650000
3,757,340650000,340650100,17130,28550,341100000,341100000
3,758,341100000,341100100,17130,28550,341550000,341550000
3,759,341550000,341550100,17130,28550,342000000,342000000
3,760,342000000,342000100,17130,28550,342450000,342450000
3,761,342450000,342450100,17130,28550,342900000,342900000
3,762,342900000,342900100,17130,28550,343350000,343350000
3,763,343350000,343350100,17130,28550,343800000,343800000
3,764,343800000,343800100,17130,28550,344250000,344250000
3,765,344250000,344250100,17130,28550,344700000,344700000
3,766,344700000,344700100,17130,28550,345150000,345150000
3,767,345150000,345150100,17130,28550,345600000,345600000
3,768,345600000,345600100,17130,28550,346050000,346050000
3,769,346050000,346050100,17130,28550,346500000,346500000
3,770,346500000,346500100,17130,28550,346950000,346950000
3,771,346950000,346950100,17130,28550,347400000,347400000
3,772,347400000,347400100,17130,28550,347850000,347850000
3,773,347850000,347850100,17130,28550,348300000,348300000
3,774,348300000,348300100,17130,28550,348750000,348750000
3,775,348750000,348750100,17130,28550,349200000,349200000
3,776,349200000,349200100,17130,28550,349650000,349650000
3,777,349650000,349650100,17130,28550,350100000,350100000
3,778,350100000,350100100,17130,28550,350550000,350550000
3,779,350550000,350550100,17130,28550,351000000,351000000
3,780,351000000,351000100,17130,28550,351450000,351450000
3,781,351450000,351450100,17130,28550,351900000,351900000
3,782,351900000,351900100,17130,28550,352350000,352350000
3,783,352350000,352350100,17130,28550,352800000,352800000
3,784,352800000,352800100,17130,28550,353250000,353250000
3,785,353250000,353250100,17130,28550,353700000,353700000
3,786,353700000,353700100,17130,28550,354150000,354150000
3,787,354150000,354150100,17130,28550,354600000,354600000
3,788,354600000,354600100,17130,28550,355050000,355050000
3,789,355050000,355050100,17130,28550,355500000,355500000
3,790,355500000,355500100,17130,28550,355950000,355950000
3,791,355950000,355950100,17130,28550,356400000,356400000
3,792,356400000,356400100,17130,28550,356850000,356850000
3,793,356850000,356850100,17130,28550,357300000,357300000
3,794,357300000,357300100,17130,28550,357750000,357750000
3,795,357750000,357750100,17130,28550,358200000,358200000
3,796,358200000,358200100,17130,28550,358650000,358650000
3,797,358650000,358650100,17130,28550,359100000,359100000
3,798,359100000,359100100,17130,28550,359550000,359550000
3,799,359550000,359550100,17130,28550,360000000,360000000
3,800,360000000,360000100,17130,28550,360450000,360450000
3,801,360450000,360450100,17130,28550,360900000,360900000
3,802,360900000,360900100,17130,28550,361350000,361350000
3,803,361350000,361350100,17130,28550,361800000,361800000
3,804,361800000,361800100,17130,28550,362250000,362250000
3,805,362250000,362250100,17130,28550,362700000,362700000
3,806,362700000,362700100,17130,28550,363150000,363150000
3,807,363150000,363150100,17130,28550,363600000,363600000
3,808,363600000,363600100,17130,28550,364050000,364050000
3,809,364050000,364050100,17130,28550,364500000,364500000
3,810,364500000,364500100,17130,28550,364950000,364950000
3,811,364950000,364950100,17130,28550,365400000,365400000
3,812,365400000,365400100,17130,28550,365850000,365850000
3,813,365850000,365850100,17130,28550,366300000,366300000
3,814,366300000,366300100,17130,28550,366750000,366750000
3,815,366750000,366750100,17130,28550,367200000,367200000
3,816,367200000,367200100,17130,28550,367650000,367650000
3,817,367650000,367650100,17130,28550,368100000,368100000
3,818,368100000,368100100,17130,28550,368550000,368550000
3,819,368550000,368550100,17130,28550,369000000,369000000
3,820,369000000,369000100,17130,28550,369450000,369450000
3,821,369450000,369450100,17130,28550,369900000,369900000
3,822,369900000,369900100,17130,28550,370350000,370350000
3,823,370350000,370350100,17130,28550,370800000,370800000
3,824,370800000,370800100,17130,28550,371250000,371250000
3,825,371250000,371250100,17130,28550,371700000,371700000
3,826,371700000,371700100,17130,28550,372150000,372150000
3,827,372150000,372150100,17130,28550,372600000,372600000
3,828,372600000,372600100,17130,28550,373050000,373050000
3,829,373050000,373050100,17130,28550,373500000,373500000
3,830,373500000,373500100,17130,28550,373950000,373950000
3,831,373950000,373950100,17130,28550,374400000,374400000
3,832,374400000,374400100,17130,28550,374850000,374850000
3,833,374850000,374850100,17130,28550,375300000,375300000
3,834,375300000,375300100,17130,28550,375750000,375750000
3,835,375750000,375750100,17130,28550,376200000,376200000
3,836,376200000,376200100,17130,28550,376650000,376650000
3,837,376650000,376650100,17130,28550,377100000,377100000
3,838,377100000,377100100,17130,28550,377550000,377550000
3,839,377550000,377550100,17130,28550,378000000,378000000
3,840,378000000,378000100,17130,28550,378450000,378450000
3,841,378450000,378450100,17130,28550,378900000,378900000
3,842,378900000,378900100,17130,28550,379350000,379350000
3,843,379350000,379350100,17130,28550,379800000,379800000
3,844,379800000,379800100,17130,28550,380250000,380250000
3,845,380250000,380250100,17130,28550,380700000,380700000
3,846,380700000,380700100,17130,28550,381150000,381150000
3,847,381150000,381150100,17130,28550,381600000,381600000
3,848,381600000,381600100,17130,28550,382050000,382050000
3,849,382050000,382050100,17130,28550,382500000,382500000
3,850,382500000,382500100,17130,28550,382950000,382950000
3,851,382950000,382950100,17130,28550,383400000,383400000
3,852,383400000,383400100,17130,28550,383850000,383850000
3,853,383850000,383850100,17130,28550,384300000,384300000
3,854,384300000,384300100,17130,28550,384750000,384750000
3,855,384750000,384750100,17130,28550,385200000,385200000
3,856,385200000,385200100,17130,28550,385650000,385650000
3,857,385650000,385650100,17130,28550,386100000,386100000
3,858,386100000,386100100,17130,28550,386550000,386550000
3,859,386550000,386550100,17130,28550,387000000,387000000
3,860,387000000,387000100,17130,28550,387450000,387450000
3,861,387450000,387450100,17130,28550,387900000,387900000
3,862,387900000,387900100,17130,28550,388350000,388350000
3,863,388350000,388350100,17130,28550,388800000,388800000
3,864,388800000,388800100,17130,28550,389250000,389250000
3,865,389250000,389250100,17130,28550,389700000,389700000
3,866,389700000,389700100,17130,28550,390150000,390150000
3,867,390150000,390150100,17130,28550,390600000,390600000
3,868,390600000,390600100,17130,28550,391050000,391050000
3,869,391050000,391050100,17130,28550,391500000,391500000
3,870,391500000,391500100,17130,28550,391950000,391950000
3,871,391950000,391950100,17130,28550,392400000,392400000
3,872,392400000,392400100,17130,28550,392850000,392850000
3,873,392850000,392850100,17130,28550,393300000,393300000
3,874,393300000,393300100,17130,28550,393750000,393750000
3,875,393750000,393750100,17130,28550,394200000,394200000
3,876,394200000,394200100,17130,28550,394650000,394650000
3,877,394650000,394650100,17130,28550,395100000,395100000
3,878,395100000,395100100,17130,28550,395550000,395550000
3,879,395550000,395550100,17130,28550,396000000,396000000
3,880,396000000,396000100,17130,28550,396450000,396450000
3,881,396450000,396450100,17130,28550,396900000,396900000
3,882,396900000,396900100,17130,28550,397350000,397350000
3,883,397350000,397350100,17130,28550,397800000,397800000
3,884,397800000,397800100,17130,28550,398250000,398250000
3,885,398250000,398250100,17130,28550,398700000,398700000
3,886,398700000,398700100,17130,28550,399150000,399150000
3,887,399150000,399150100,17130,28550,399600000,399600000
3,888,399600000,399600100,17130,28550,400050000,400050000
3,889,400050000,400050100,17130,28550,400500000,400500000
3,890,400500000,400500100,17130,28550,400950000,400950000
3,891,400950000,400950100,17130,28550,401400000,401400000
3,892,401400000,401400100,17130,28550,401850000,401850000
3,893,401850000,401850100,17130,28550,402300000,402300000
3,894,402300000,402300100,17130,28550,402750000,402750000
3,895,402750000,402750100,17130,28550,403200000,403200000
3,896,403200000,403200100,17130,28550,403650000,403650000
3,897,403650000,403650100,17130,28550,404100000,404100000
3,898,404100000,404100100,17130,28550,404550000,404550000
3,899,404550000,404550100,17130,28550,405000000,405000000
3,900,405000000,405000100,17130,28550,405450000,405450000
3,901,405450000,405450100,17130,28550,405900000,405900000
3,902,405900000,405900100,17130,28550,406350000,406350000
3,903,406350000,406350100,17130,28550,406800000,406800000
3,904,406800000,406800100,17130,28550,407250000,407250000
3,905,407250000,407250100,17130,28550,407700000,407700000
3,906,407700000,407700100,17130,28550,408150000,408150000
3,907,408150000,408150100,17130,28550,408600000,408600000
3,908,408600000,408600100,17130,28550,409050000,409050000
3,909,409050000,409050100,17130,28550,409500000,409500000
3,910,409500000,409500100,17130,28550,409950000,409950000
3,911,409950000,409950100,17130,28550,410400000,410400000
3,912,410400000,410400100,17130,28550,410850000,410850000
3,913,410850000,410850100,17130,28550,411300000,411300000
3,914,411300000,411300100,17130,28550,411750000,411750000
3,915,411750000,411750100,17130,28550,412200000,412200000
3,916,412200000,412200100,17130,28550,412650000,412650000
3,917,412650000,412650100,17130,28550,413100000,413100000
3,918,413100000,413100100,17130,28550,413550000,413550000
3,919,413550000,413550100,17130,28550,414000000,414000000
3,920,414000000,414000100,17130,28550,414450000,414450000
3,921,414450000,414450100,17130,28550,414900000,414900000
3,922,414900000,414900100,17130,28550,415350000,415350000
3,923,415350000,415350100,17130,28550,415800000,415800000
3,924,415800000,415800100,17130,28550,416250000,416250000
3,925,416250000,416250100,17130,28550,416700000,416700000
3,926,416700000,416700100,17130,28550,417150000,417150000
3,927,417150000,417150100,17130,28550,417600000,417600000
3,928,417600000,417600100,17130,28550,418050000,418050000
3,929,418050000,418050100,17130,28550,418500000,418500000
3,930,418500000,418500100,17130,28550,418950000,418950000
3,931,418950000,418950100,17130,28550,419400000,419400000
3,932,419400000,419400100,17130,28550,419850000,419850000
3,933,419850000,419850100,17130,28550,420300000,420300000
3,934,420300000,420300100,17130,28550,420750000,420750000
3,935,420750000,420750100,17130,28550,421200000,421200000
3,936,421200000,421200100,17130,28550,421650000,421650000
3,937,421650000,421650100,17130,28550,422100000,422100000
3,938,422100000,422100100,17130,28550,422550000,422550000
3,939,422550000,422550100,17130,28550,423000000,423000000
3,940,423000000,423000100,17130,28550,423450000,423450000
3,941,423450000,423450100,17130,28550,423900000,423900000
3,942,423900000,423900100,17130,28550,424350000,424350000
3,943,424350000,424350100,17130,28550,424800000,424800000
3,944,424800000,424800100,17130,28550,425250000,425250000
3,945,425250000,425250100,17130,28550,425700000,425700000
3,946,425700000,425700100,17130,28550,426150000,426150000
3,947,426150000,426150100,17130,28550,426600000,426600000
3,948,426600000,426600100,17130,28550,427050000,427050000
3,949,427050000,427050100,17130,28550,427500000,427500000
3,950,427500000,427500100,17130,28550,427950000,427950000
3,951,427950000,427950100,17130,28550,428400000,428400000
3,952,428400000,428400100,17130,28550,428850000,428850000
3,953,428850000,428850100,17130,28550,429300000,429300000
3,954,429300000,429300100,17130,28550,429750000,429750000
3,955,429750000,429750100,17130,28550,430200000,430200000
3,956,430200000,430200100,17130,28550,430650000,430650000
3,957,430650000,430650100,17130,28550,431100000,431100000
3,958,431100000,431100100,17130,28550,431550000,431550000
3,959,431550000,431550100,17130,28550,432000000,432000000
3,960,432000000,432000100,17130,28550,432450000,432450000
3,961,432450000,432450100,17130,28550,432900000,432900000
3,962,432900000,432900100,17130,28550,433350000,433350000
3,963,433350000,433350100,17130,28550,433800000,433800000
3,964,433800000,433800100,17130,28550,434250000,434250000
3,965,434250000,434250100,17130,28550,434700000,434700000
3,966,434700000,434700100,17130,28550,435150000,435150000
3,967,435150000,435150100,17130,28550,435600000,435600000
3,968,435600000,435600100,17130,28550,436050000,436050000
3,969,436050000,436050100,17130,28550,436500000,436500000
3,970,436500000,436500100,17130,28550,436950000,436950000
3,971,436950000,436950100,17130,28550,437400000,437400000
3,972,437400000,437400100,17130,28550,437850000,437850000
3,973,437850000,437850100,17130,28550,438300000,438300000
3,974,438300000,438300100,17130,28550,438750000,438750000
3,975,438750000,438750100,17130,28550,439200000,439200000
3,976,439200000,439200100,17130,28550,439650000,439650000
3,977,439650000,439650100,17130,28550,440100000,440100000
3,978,440100000,440100100,17130,28550,440550000,440550000
3,979,440550000,440550100,17130,28550,441000000,441000000
3,980,441000000,441000100,17130,28550,441450000,441450000
3,981,441450000,441450100,17130,28550,441900000,441900000
3,982,441900000,441900100,17130,28550,442350000,442350000
3,983,442350000,442350100,17130,28550,442800000,442800000
3,984,442800000,442800100,17130,28550,443250000,443250000
3,985,443250000,443250100,17130,28550,443700000,443700000
3,986,443700000,443700100,17130,28550,444150000,444150000
3,987,444150000,444150100,17130,28550,444600000,444600000
3,988,444600000,444600100,17130,28550,445050000,445050000
3,989,445050000,445050100,17130,28550,445500000,445500000
3,990,445500000,445500100,17130,28550,445950000,445950000
3,991,445950000,445950100,17130,28550,446400000,446400000
3,992,446400000,446400100,17130,28550,446850000,446850000
3,993,446850000,446850100,17130,28550,447300000,447300000
3,994,447300000,447300100,17130,28550,447750000,447750000
3,995,447750000,447750100,17130,28550,448200000,448200000
3,996,448200000,448200100,17130,28550,448650000,448650000
3,997,448650000,448650100,17130,28550,449100000,449100000
3,998,449100000,449100100,17130,28550,449550000,449550000
3,999,449550000,449550100,17130,28550,450000000,450000000
3,1000,450000000,450000100,17130,28550,450450000,450450000
3,1001,450450000,450450100,17130,28550,450900000,450900000
3,1002,450900000,450900100,17130,28550,451350000,451350000
3,1003,451350000,451350100,17130,28550,451800000,451800000
3,1004,451800000,451800100,17130,28550,452250000,452250000
3,1005,452250000,452250100,17130,28550,452700000,452700000
3,1006,452700000,452700100,17130,28550,453150000,453150000
3,1007,453150000,453150100,17130,28550,453600000,453600000
3,1008,453600000,453600100,17130,28550,454050000,454050000
3,1009,454050000,454050100,17130,28550,454500000,454500000
3,1010,454500000,454500100,17130,28550,454950000,454950000
3,1011,454950000,454950100,17130,28550,455400000,455400000
3,1012,455400000,455400100,17130,28550,455850000,455850000
3,1013,455850000,455850100,17130,28550,456300000,456300000
3,1014,456300000,456300100,17130,28550,456750000,456750000
3,1015,456750000,456750100,17130,28550,457200000,457200000
3,1016,457200000,457200100,17130,28550,457650000,457650000
3,1017,457650000,457650100,17130,28550,458100000,458100000
3,1018,458100000,458100100,17130,28550,458550000,458550000
3,1019,458550000,458550100,17130,28550,459000000,459000000
3,1020,459000000,459000100,17130,28550,459450000,459450000
3,1021,459450000,459450100,17130,28550,459900000,459900000
3,1022,459900000,459900100,17130,28550,460350000,460350000
3,1023,460350000,460350100,17130,28550,460800000,460800000
3,1024,460800000,460800100,17130,28550,461250000,461250000
3,1025,461250000,461250100,17130,28550,461700000,461700000
3,1026,461700000,461700100,17130,28550,462150000,462150000
3,1027,462150000,462150100,17130,28550,462600000,462600000
3,1028,462600000,462600100,17130,28550,463050000,463050000
3,1029,463050000,463050100,17130,28550,463500000,463500000
3,1030,463500000,463500100,17130,28550,463950000,463950000
3,1031,463950000,463950100,17130,28550,464400000,464400000
3,1032,464400000,464400100,17130,28550,464850000,464850000
3,1033,464850000,464850100,17130,28550,465300000,465300000
3,1034,465300000,465300100,17130,28550,465750000,465750000
3,1035,465750000,465750100,17130,28550,466200000,466200000
3,1036,466200000,466200100,17130,28550,466650000,466650000
3,1037,466650000,466650100,17130,28550,467100000,467100000
3,1038,467100000,467100100,17130,28550,467550000,467550000
3,1039,467550000,467550100,17130,28550,468000000,468000000
3,1040,468000000,468000100,17130,28550,468450000,468450000
3,1041,468450000,468450100,17130,28550,468900000,468900000
3,1042,468900000,468900100,17130,28550,469350000,469350000
3,1043,469350000,469350100,17130,28550,469800000,469800000
3,1044,469800000,469800100,17130,28550,470250000,470250000
3,1045,470250000,470250100,17130,28550,470700000,470700000
3,1046,470700000,470700100,17130,28550,471150000,471150000
3,1047,471150000,471150100,17130,28550,471600000,471600000
3,1048,471600000,471600100,17130,28550,472050000,472050000
3,1049,472050000,472050100,17130,28550,472500000,472500000
3,1050,472500000,472500100,17130,28550,472950000,472950000
3,1051,472950000,472950100,17130,28550,473400000,473400000
3,1052,473400000,473400100,17130,28550,473850000,473850000
3,1053,473850000,473850100,17130,28550,474300000,474300000
3,1054,474300000,474300100,17130,28550,474750000,474750000
3,1055,474750000,474750100,17130,28550,475200000,475200000
3,1056,475200000,475200100,17130,28550,475650000,475650000
3,1057,475650000,475650100,17130,28550,476100000,476100000
3,1058,476100000,476100100,17130,28550,476550000,476550000
3,1059,476550000,476550100,17130,28550,477000000,477000000
3,1060,477000000,477000100,17130,28550,477450000,477450000
3,1061,477450000,477450100,17130,28550,477900000,477900000
3,1062,477900000,477900100,17130,28550,478350000,478350000
3,1063,478350000,478350100,17130,28550,478800000,478800000
3,1064,478800000,478800100,17130,28550,479250000,479250000
3,1065,479250000,479250100,17130,28550,479700000,479700000
3,1066,479700000,479700100,17130,28550,480150000,480150000
3,1067,480150000,480150100,17130,28550,480600000,480600000
3,1068,480600000,480600100,17130,28550,481050000,481050000
3,1069,481050000,481050100,17130,28550,481500000,481500000
3,1070,481500000,481500100,17130,28550,481950000,481950000
3,1071,481950000,481950100,17130,28550,482400000,482400000
3,1072,482400000,482400100,17130,28550,482850000,482850000
3,1073,482850000,482850100,17130,28550,483300000,483300000
3,1074,483300000,483300100,17130,28550,483750000,483750000
3,1075,483750000,483750100,17130,28550,484200000,484200000
3,1076,484200000,484200100,17130,28550,484650000,484650000
3,1077,484650000,484650100,17130,28550,485100000,485100000
3,1078,485100000,485100100,17130,28550,485550000,485550000
3,1079,485550000,485550100,17130,28550,486000000,486000000
3,1080,486000000,486000100,17130,28550,486450000,486450000
3,1081,486450000,486450100,17130,28550,486900000,486900000
3,1082,486900000,486900100,17130,28550,487350000,487350000
3,1083,487350000,487350100,17130,28550,487800000,487800000
3,1084,487800000,487800100,17130,28550,488250000,488250000
3,1085,488250000,488250100,17130,28550,488700000,488700000
3,1086,488700000,488700100,17130,28550,489150000,489150000
3,1087,489150000,489150100,17130,28550,489600000,489600000
3,1088,489600000,489600100,17130,28550,490050000,490050000
3,1089,490050000,490050100,17130,28550,490500000,490500000
3,1090,490500000,490500100,17130,28550,490950000,490950000
3,1091,490950000,490950100,17130,28550,491400000,491400000
3,1092,491400000,491400100,17130,28550,491850000,491850000
3,1093,491850000,491850100,17130,28550,492300000,492300000
3,1094,492300000,492300100,17130,28550,492750000,492750000
3,1095,492750000,492750100,17130,28550,493200000,493200000
3,1096,493200000,493200100,17130,28550,493650000,493650000
3,1097,493650000,493650100,17130,28550,494100000,494100000
3,1098,494100000,494100100,17130,28550,494550000,494550000
3,1099,494550000,494550100,17130,28550,495000000,495000000
3,1100,495000000,495000100,17130,28550,495450000,495450000
3,1101,495450000,495450100,17130,28550,495900000,495900000
3,1102,495900000,495900100,17130,28550,496350000,496350000
3,1103,496350000,496350100,17130,28550,496800000,496800000
3,1104,496800000,496800100,17130,28550,497250000,497250000
3,1105,497250000,497250100,17130,28550,497700000,497700000
3,1106,497700000,497700100,17130,28550,498150000,498150000
3,1107,498150000,498150100,17130,28550,498600000,498600000
3,1108,498600000,498600100,17130,28550,499050000,499050000
3,1109,499050000,499050100,17130,28550,499500000,499500000
3,1110,499500000,499500100,17130,28550,499950000,499950000
3,1111,499950000,499950100,17130,28550,500400000,500400000
3,1112,500400000,500400100,17130,28550,500850000,500850000
3,1113,500850000,500850100,17130,28550,501300000,501300000
3,1114,501300000,501300100,17130,28550,501750000,501750000
3,1115,501750000,501750100,17130,28550,502200000,502200000
3,1116,502200000,502200100,17130,28550,502650000,502650000
3,1117,502650000,502650100,17130,28550,503100000,503100000
3,1118,503100000,503100100,17130,28550,503550000,503550000
3,1119,503550000,503550100,17130,28550,504000000,504000000
3,1120,504000000,504000100,17130,28550,504450000,504450000
3,1121,504450000,504450100,17130,28550,504900000,504900000
3,1122,504900000,504900100,17130,28550,505350000,505350000
3,1123,505350000,505350100,17130,28550,505800000,505800000
3,1124,505800000,505800100,17130,28550,506250000,506250000
3,1125,506250000,506250100,17130,28550,506700000,506700000
3,1126,506700000,506700100,17130,28550,507150000,507150000
3,1127,507150000,507150100,17130,28550,507600000,507600000
3,1128,507600000,507600100,17130,28550,508050000,508050000
3,1129,508050000,508050100,17130,28550,508500000,508500000
3,1130,508500000,508500100,17130,28550,508950000,508950000
3,1131,508950000,508950100,17130,28550,509400000,509400000
3,1132,509400000,509400100,17130,28550,509850000,509850000
3,1133,509850000,509850100,17130,28550,510300000,510300000
3,1134,510300000,510300100,17130,28550,510750000,510750000
3,1135,510750000,510750100,17130,28550,511200000,511200000
3,1136,511200000,511200100,17130,28550,511650000,511650000
3,1137,511650000,511650100,17130,28550,512100000,512100000
3,1138,512100000,512100100,17130,28550,512550000,512550000
3,1139,512550000,512550100,17130,28550,513000000,513000000
3,1140,513000000,513000100,17130,28550,513450000,513450000
3,1141,513450000,513450100,17130,28550,513900000,513900000
3,1142,513900000,513900100,17130,28550,514350000,514350000
3,1143,514350000,514350100,17130,28550,514800000,514800000
3,1144,514800000,514800100,17130,28550,515250000,515250000
3,1145,515250000,515250100,17130,28550,515700000,515700000
3,1146,515700000,515700100,17130,28550,516150000,516150000
3,1147,516150000,516150100,17130,28550,516600000,516600000
3,1148,516600000,516600100,17130,28550,517050000,517050000
3,1149,517050000,517050100,17130,28550,517500000,517500000
3,1150,517500000,517500100,17130,28550,517950000,517950000
3,1151,517950000,517950100,17130,28550,518400000,518400000
3,1152,518400000,518400100,17130,28550,518850000,518850000
3,1153,518850000,518850100,17130,28550,519300000,519300000
3,1154,519300000,519300100,17130,28550,519750000,519750000
3,1155,519750000,519750100,17130,28550,520200000,520200000
3,1156,520200000,520200100,17130,28550,520650000,520650000
3,1157,520650000,520650100,17130,28550,521100000,521100000
3,1158,521100000,521100100,17130,28550,521550000,521550000
3,1159,521550000,521550100,17130,28550,522000000,522000000
3,1160,522000000,522000100,17130,28550,522450000,522450000
3,1161,522450000,522450100,17130,28550,522900000,522900000
3,1162,522900000,522900100,17130,28550,523350000,523350000
3,1163,523350000,523350100,17130,28550,523800000,523800000
3,1164,523800000,523800100,17130,28550,524250000,524250000
3,1165,524250000,524250100,17130,28550,524700000,524700000
3,1166,524700000,524700100,17130,28550,525150000,525150000
3,1167,525150000,525150100,17130,28550,525600000,525600000
3,1168,525600000,525600100,17130,28550,526050000,526050000
3,1169,526050000,526050100,17130,28550,526500000,526500000
3,1170,526500000,526500100,17130,28550,526950000,526950000
3,1171,526950000,526950100,17130,28550,527400000,527400000
3,1172,527400000,527400100,17130,28550,527850000,527850000
3,1173,527850000,527850100,17130,28550,528300000,528300000
3,1174,528300000,528300100,17130,28550,528750000,528750000
3,1175,528750000,528750100,17130,28550,529200000,529200000
3,1176,529200000,529200100,17130,28550,529650000,529650000
3,1177,529650000,529650100,17130,28550,530100000,530100000
3,1178,530100000,530100100,17130,28550,530550000,530550000
3,1179,530550000,530550100,17130,28550,531000000,531000000
3,1180,531000000,531000100,17130,28550,531450000,531450000
3,1181,531450000,531450100,17130,28550,531900000,531900000
3,1182,531900000,531900100,17130,28550,532350000,532350000
3,1183,532350000,532350100,17130,28550,532800000,532800000
3,1184,532800000,532800100,17130,28550,533250000,533250000
3,1185,533250000,533250100,17130,28550,533700000,533700000
3,1186,533700000,533700100,17130,28550,534150000,534150000
3,1187,534150000,534150100,17130,28550,534600000,534600000
3,1188,534600000,534600100,17130,28550,535050000,535050000
3,1189,535050000,535050100,17130,28550,535500000,535500000
3,1190,535500000,535500100,17130,28550,535950000,535950000
3,1191,535950000,535950100,17130,28550,536400000,536400000
3,1192,536400000,536400100,17130,28550,536850000,536850000
3,1193,536850000,536850100,17130,28550,537300000,537300000
3,1194,537300000,537300100,17130,28550,537750000,537750000
3,1195,537750000,537750100,17130,28550,538200000,538200000
3,1196,538200000,538200100,17130,28550,538650000,538650000
3,1197,538650000,538650100,17130,28550,539100000,539100000
3,1198,539100000,539100100,17130,28550,539550000,539550000
3,1199,539550000,539550100,17130,28550,540000000,540000000
3,1200,540000000,540000100,17130,28550,540450000,540450000
3,1201,540450000,540450100,17130,28550,540900000,540900000
3,1202,540900000,540900100,17130,28550,541350000,541350000
3,1203,541350000,541350100,17130,28550,541800000,541800000
3,1204,541800000,541800100,17130,28550,542250000,542250000
3,1205,542250000,542250100,17130,28550,542700000,542700000
3,1206,542700000,542700100,17130,28550,543150000,543150000
3,1207,543150000,543150100,17130,28550,543600000,543600000
3,1208,543600000,543600100,17130,28550,544050000,544050000
3,1209,544050000,544050100,17130,28550,544500000,544500000
3,1210,544500000,544500100,17130,28550,544950000,544950000
3,1211,544950000,544950100,17130,28550,545400000,545400000
3,1212,545400000,545400100,17130,28550,545850000,545850000
3,1213,545850000,545850100,17130,28550,546300000,546300000
3,1214,546300000,546300100,17130,28550,546750000,546750000
3,1215,546750000,546750100,17130,28550,547200000,547200000
3,1216,547200000,547200100,17130,28550,547650000,547650000
3,1217,547650000,547650100,17130,28550,548100000,548100000
3,1218,548100000,548100100,17130,28550,548550000,548550000
3,1219,548550000,548550100,17130,28550,549000000,549000000
3,1220,549000000,549000100,17130,28550,549450000,549450000
3,1221,549450000,549450100,17130,28550,549900000,549900000
3,1222,549900000,549900100,17130,28550,550350000,550350000
3,1223,550350000,550350100,17130,28550,550800000,550800000
3,1224,550800000,550800100,17130,28550,551250000,551250000
3,1225,551250000,551250100,17130,28550,551700000,551700000
3,1226,551700000,551700100,17130,28550,552150000,552150000
3,1227,552150000,552150100,17130,28550,552600000,552600000
3,1228,552600000,552600100,17130,28550,553050000,553050000
3,1229,553050000,553050100,17130,28550,553500000,553500000
3,1230,553500000,553500100,17130,28550,553950000,553950000
3,1231,553950000,553950100,17130,28550,554400000,554400000
3,1232,554400000,554400100,17130,28550,554850000,554850000
3,1233,554850000,554850100,17130,28550,555300000,555300000
3,1234,555300000,555300100,17130,28550,555750000,555750000
3,1235,555750000,555750100,17130,28550,556200000,556200000
3,1236,556200000,556200100,17130,28550,556650000,556650000
3,1237,556650000,556650100,17130,28550,557100000,557100000
3,1238,557100000,557100100,17130,28550,557550000,557550000
3,1239,557550000,557550100,17130,28550,558000000,558000000
3,1240,558000000,558000100,17130,28550,558450000,558450000
3,1241,558450000,558450100,17130,28550,558900000,558900000
3,1242,558900000,558900100,17130,28550,559350000,559350000
3,1243,559350000,559350100,17130,28550,559800000,559800000
3,1244,559800000,559800100,17130,28550,560250000,560250000
3,1245,560250000,560250100,17130,28550,560700000,560700000
3,1246,560700000,560700100,17130,28550,561150000,561150000
3,1247,561150000,561150100,17130,28550,561600000,561600000
3,1248,561600000,561600100,17130,28550,562050000,562050000
3,1249,562050000,562050100,17130,28550,562500000,562500000
3,1250,562500000,562500100,17130,28550,562950000,562950000
3,1251,562950000,562950100,17130,28550,563400000,563400000
3,1252,563400000,563400100,17130,28550,563850000,563850000
3,1253,563850000,563850100,17130,28550,564300000,564300000
3,1254,564300000,564300100,17130,28550,564750000,564750000
3,1255,564750000,564750100,17130,28550,565200000,565200000
3,1256,565200000,565200100,17130,28550,565650000,565650000
3,1257,565650000,565650100,17130,28550,566100000,566100000
3,1258,566100000,566100100,17130,28550,566550000,566550000
3,1259,566550000,566550100,17130,28550,567000000,567000000
3,1260,567000000,567000100,17130,28550,567450000,567450000
3,1261,567450000,567450100,17130,28550,567900000,567900000
3,1262,567900000,567900100,17130,28550,568350000,568350000
3,1263,568350000,568350100,17130,28550,568800000,568800000
3,1264,568800000,568800100,17130,28550,569250000,569250000
3,1265,569250000,569250100,17130,28550,569700000,569700000
3,1266,569700000,569700100,17130,28550,570150000,570150000
3,1267,570150000,570150100,17130,28550,570600000,570600000
3,1268,570600000,570600100,17130,28550,571050000,571050000
3,1269,571050000,571050100,17130,28550,571500000,571500000
3,1270,571500000,571500100,17130,28550,571950000,571950000
3,1271,571950000,571950100,17130,28550,572400000,572400000
3,1272,572400000,572400100,17130,28550,572850000,572850000
3,1273,572850000,572850100,17130,28550,573300000,573300000
3,1274,573300000,573300100,17130,28550,573750000,573750000
3,1275,573750000,573750100,17130,28550,574200000,574200000
3,1276,574200000,574200100,17130,28550,574650000,574650000
3,1277,574650000,574650100,17130,28550,575100000,575100000
3,1278,575100000,575100100,17130,28550,575550000,575550000
3,1279,575550000,575550100,17130,28550,576000000,576000000
3,1280,576000000,576000100,17130,28550,576450000,576450000
3,1281,576450000,576450100,17130,28550,576900000,576900000
3,1282,576900000,576900100,17130,28550,577350000,577350000
3,1283,577350000,577350100,17130,28550,577800000,577800000
3,1284,577800000,577800100,17130,28550,578250000,578250000
3,1285,578250000,578250100,17130,28550,578700000,578700000
3,1286,578700000,578700100,17130,28550,579150000,579150000
3,1287,579150000,579150100,17130,28550,579600000,579600000
3,1288,579600000,579600100,17130,28550,580050000,580050000
3,1289,580050000,580050100,17130,28550,580500000,580500000
3,1290,580500000,580500100,17130,28550,580950000,580950000
3,1291,580950000,580950100,17130,28550,581400000,581400000
3,1292,581400000,581400100,17130,28550,581850000,581850000
3,1293,581850000,581850100,17130,28550,582300000,582300000
3,1294,582300000,582300100,17130,28550,582750000,582750000
3,1295,582750000,582750100,17130,28550,583200000,583200000
3,1296,583200000,583200100,17130,28550,583650000,583650000
3,1297,583650000,583650100,17130,28550,584100000,584100000
3,1298,584100000,584100100,17130,28550,584550000,584550000
3,1299,584550000,584550100,17130,28550,585000000,585000000
3,1300,585000000,585000100,17130,28550,585450000,585450000
3,1301,585450000,585450100,17130,28550,585900000,585900000
3,1302,585900000,585900100,17130,28550,586350000,586350000
3,1303,586350000,586350100,17130,28550,586800000,586800000
3,1304,586800000,586800100,17130,28550,587250000,587250000
3,1305,587250000,587250100,17130,28550,587700000,587700000
3,1306,587700000,587700100,17130,28550,588150000,588150000
3,1307,588150000,588150100,17130,28550,588600000,588600000
3,1308,588600000,588600100,17130,28550,589050000,589050000
3,1309,589050000,589050100,17130,28550,589500000,589500000
3,1310,589500000,589500100,17130,28550,589950000,589950000
3,1311,589950000,589950100,17130,28550,590400000,590400000
3,1312,590400000,590400100,17130,28550,590850000,590850000
3,1313,590850000,590850100,17130,28550,591300000,591300000
3,1314,591300000,591300100,17130,28550,591750000,591750000
3,1315,591750000,591750100,17130,28550,592200000,592200000
3,1316,592200000,592200100,17130,28550,592650000,592650000
3,1317,592650000,592650100,17130,28550,593100000,593100000
3,1318,593100000,593100100,17130,28550,593550000,593550000
3,1319,593550000,593550100,17130,28550,594000000,594000000
3,1320,594000000,594000100,17130,28550,594450000,594450000
3,1321,594450000,594450100,17130,28550,594900000,594900000
3,1322,594900000,594900100,17130,28550,595350000,595350000
3,1323,595350000,595350100,17130,28550,595800000,595800000
3,1324,595800000,595800100,17130,28550,596250000,596250000
3,1325,596250000,596250100,17130,28550,596700000,596700000
3,1326,596700000,596700100,17130,28550,597150000,597150000
3,1327,597150000,597150100,17130,28550,597600000,597600000
3,1328,597600000,597600100,17130,28550,598050000,598050000
3,1329,598050000,598050100,17130,28550,598500000,598500000
4,0,0,100,9687,16145,700000,700000
4,1,700000,700100,9687,16145,1400000,1400000
4,2,1400000,1400100,9687,16145,2100000,2100000
4,3,2100000,2100100,9687,16145,2800000,2800000
4,4,2800000,2800100,9687,16145,3500000,3500000
4,5,3500000,3500100,9687,16145,4200000,4200000
4,6,4200000,4200100,9687,16145,4900000,4900000
4,7,4900000,4900100,9687,16145,5600000,5600000
4,8,5600000,5600100,9687,16145,6300000,6300000
4,9,6300000,6300100,9687,16145,7000000,7000000
4,10,7000000,7000100,9687,16145,7700000,7700000
4,11,7700000,7700100,9687,16145,8400000,8400000
4,12,8400000,8400100,9687,16145,9100000,9100000
4,13,9100000,9100100,9687,16145,9800000,9800000
4,14,9800000,9800100,9687,16145,10500000,10500000
4,15,10500000,10500100,9687,16145,11200000,11200000
4,16,11200000,11200100,9687,16145,11900000,11900000
4,17,11900000,11900100,9687,16145,12600000,12600000
4,18,12600000,12600100,9687,16145,13300000,13300000
4,19,13300000,13300100,9687,16145,14000000,14000000
4,20,14000000,14000100,9687,16145,14700000,14700000
4,21,14700000,14700100,9687,16145,15400000,15400000
4,22,15400000,15400100,9687,16145,16100000,16100000
4,23,16100000,16100100,9687,16145,16800000,16800000
4,24,16800000,16800100,9687,16145,17500000,17500000
4,25,17500000,17500100,9687,16145,18200000,18200000
4,26,18200000,18200100,9687,16145,18900000,18900000
4,27,18900000,18900100,9687,16145,19600000,19600000
4,28,19600000,19600100,9687,16145,20300000,20300000
4,29,20300000,20300100,9687,16145,21000000,21000000
4,30,21000000,21000100,9687,16145,21700000,21700000
4,31,21700000,21700100,9687,16145,22400000,22400000
4,32,22400000,22400100,9687,16145,23100000,23100000
4,33,23100000,23100100,9687,16145,23800000,23800000
4,34,23800000,23800100,9687,16145,24500000,24500000
4,35,24500000,24500100,9687,16145,25200000,25200000
4,36,25200000,25200100,9687,16145,25900000,25900000
4,37,25900000,25900100,9687,16145,26600000,26600000
4,38,26600000,26600100,9687,16145,27300000,27300000
4,39,27300000,27300100,9687,16145,28000000,28000000
4,40,28000000,28000100,9687,16145,28700000,28700000
4,41,28700000,28700100,9687,16145,29400000,29400000
4,42,29400000,29400100,9687,16145,30100000,30100000
4,43,30100000,30100100,9687,16145,30800000,30800000
4,44,30800000,30800100,9687,16145,31500000,31500000
4,45,31500000,31500100,9687,16145,32200000,32200000
4,46,32200000,32200100,9687,16145,32900000,32900000
4,47,32900000,32900100,9687,16145,33600000,33600000
4,48,33600000,33600100,9687,16145,34300000,34300000
4,49,34300000,34300100,9687,16145,35000000,35000000
4,50,35000000,35000100,9687,16145,35700000,35700000
4,51,35700000,35700100,9687,16145,36400000,36400000
4,52,36400000,36400100,9687,16145,37100000,37100000
4,53,37100000,37100100,9687,16145,37800000,37800000
4,54,37800000,37800100,9687,16145,38500000,38500000
4,55,38500000,38500100,9687,16145,39200000,39200000
4,56,39200000,39200100,9687,16145,39900000,39900000
4,57,39900000,39900100,9687,16145,40600000,40600000
4,58,40600000,40600100,9687,16145,41300000,41300000
4,59,41300000,41300100,9687,16145,42000000,42000000
4,60,42000000,42000100,9687,16145,42700000,42700000
4,61,42700000,42700100,9687,16145,43400000,43400000
4,62,43400000,43400100,9687,16145,44100000,44100000
4,63,44100000,44100100,9687,16145,44800000,44800000
4,64,44800000,44800100,9687,16145,45500000,45500000
4,65,45500000,45500100,9687,16145,46200000,46200000
4,66,46200000,46200100,9687,16145,46900000,46900000
4,67,46900000,46900100,9687,16145,47600000,47600000
4,68,47600000,47600100,9687,16145,48300000,48300000
4,69,48300000,48300100,9687,16145,49000000,49000000
4,70,49000000,49000100,9687,16145,49700000,49700000
4,71,49700000,49700100,9687,16145,50400000,50400000
4,72,50400000,50400100,9687,16145,51100000,51100000
4,73,51100000,51100100,9687,16145,51800000,51800000
4,74,51800000,51800100,9687,16145,52500000,52500000
4,75,52500000,52500100,9687,16145,53200000,53200000
4,76,53200000,53200100,9687,16145,53900000,53900000
4,77,53900000,53900100,9687,16145,54600000,54600000
4,78,54600000,54600100,9687,16145,55300000,55300000
4,79,55300000,55300100,9687,16145,56000000,56000000
4,80,56000000,56000100,9687,16145,56700000,56700000
4,81,56700000,56700100,9687,16145,57400000,57400000
4,82,57400000,57400100,9687,16145,58100000,58100000
4,83,58100000,58100100,9687,16145,58800000,58800000
4,84,58800000,58800100,9687,16145,59500000,59500000
4,85,59500000,59500100,9687,16145,60200000,60200000
4,86,60200000,60200100,9687,16145,60900000,60900000
4,87,60900000,60900100,9687,16145,61600000,61600000
4,88,61600000,61600100,9687,16145,62300000,62300000
4,89,62300000,62300100,9687,16145,63000000,63000000
4,90,63000000,63000100,9687,16145,63700000,63700000
4,91,63700000,63700100,9687,16145,64400000,64400000
4,92,64400000,64400100,9687,16145,65100000,65100000
4,93,65100000,65100100,9687,16145,65800000,65800000
4,94,65800000,65800100,9687,16145,66500000,66500000
4,95,66500000,66500100,9687,16145,67200000,67200000
4,96,67200000,67200100,9687,16145,67900000,67900000
4,97,67900000,67900100,9687,16145,68600000,68600000
4,98,68600000,68600100,9687,16145,69300000,69300000
4,99,69300000,69300100,9687,16145,70000000,70000000
4,100,70000000,70000100,9687,16145,70700000,70700000
4,101,70700000,70700100,9687,16145,71400000,71400000
4,102,71400000,71400100,9687,16145,72100000,72100000
4,103,72100000,72100100,9687,16145,72800000,72800000
4,104,72800000,72800100,9687,16145,73500000,73500000
4,105,73500000,73500100,9687,16145,74200000,74200000
4,106,74200000,74200100,9687,16145,74900000,74900000
4,107,74900000,74900100,9687,16145,75600000,75600000
4,108,75600000,75600100,9687,16145,76300000,76300000
4,109,76300000,76300100,9687,16145,77000000,77000000
4,110,77000000,77000100,9687,16145,77700000,77700000
4,111,77700000,77700100,9687,16145,78400000,78400000
4,112,78400000,78400100,9687,16145,79100000,79100000
4,113,79100000,79100100,9687,16145,79800000,79800000
4,114,79800000,79800100,9687,16145,80500000,80500000
4,115,80500000,80500100,9687,16145,81200000,81200000
4,116,81200000,81200100,9687,16145,81900000,81900000
4,117,81900000,81900100,9687,16145,82600000,82600000
4,118,82600000,82600100,9687,16145,83300000,83300000
4,119,83300000,83300100,9687,16145,84000000,84000000
4,120,84000000,84000100,9687,16145,84700000,84700000
4,121,84700000,84700100,9687,16145,85400000,85400000
4,122,85400000,85400100,9687,16145,86100000,86100000
4,123,86100000,86100100,9687,16145,86800000,86800000
4,124,86800000,86800100,9687,16145,87500000,87500000
4,125,87500000,87500100,9687,16145,88200000,88200000
4,126,88200000,88200100,9687,16145,88900000,88900000
4,127,88900000,88900100,9687,16145,89600000,89600000
4,128,89600000,89600100,9687,16145,90300000,90300000
4,129,90300000,90300100,9687,16145,91000000,91000000
4,130,91000000,91000100,9687,16145,91700000,91700000
4,131,91700000,91700100,9687,16145,92400000,92400000
4,132,92400000,92400100,9687,16145,93100000,93100000
4,133,93100000,93100100,9687,16145,93800000,93800000
4,134,93800000,93800100,9687,16145,94500000,94500000
4,135,94500000,94500100,9687,16145,95200000,95200000
4,136,95200000,95200100,9687,16145,95900000,95900000
4,137,95900000,95900100,9687,16145,96600000,96600000
4,138,96600000,96600100,9687,16145,97300000,97300000
4,139,97300000,97300100,9687,16145,98000000,98000000
4,140,98000000,98000100,9687,16145,98700000,98700000
4,141,98700000,98700100,9687,16145,99400000,99400000
4,142,99400000,99400100,9687,16145,100100000,100100000
4,143,100100000,100100100,9687,16145,100800000,100800000
4,144,100800000,100800100,9687,16145,101500000,101500000
4,145,101500000,101500100,9687,16145,102200000,102200000
4,146,102200000,102200100,9687,16145,102900000,102900000
4,147,102900000,102900100,9687,16145,103600000,103600000
4,148,103600000,103600100,9687,16145,104300000,104300000
4,149,104300000,104300100,9687,16145,105000000,105000000
4,150,105000000,105000100,9687,16145,105700000,105700000
4,151,105700000,105700100,9687,16145,106400000,106400000
4,152,106400000,106400100,9687,16145,107100000,107100000
4,153,107100000,107100100,9687,16145,107800000,107800000
4,154,107800000,107800100,9687,16145,108500000,108500000
4,155,108500000,108500100,9687,16145,109200000,109200000
4,156,109200000,109200100,9687,16145,109900000,109900000
4,157,109900000,109900100,9687,16145,110600000,110600000
4,158,110600000,110600100,9687,16145,111300000,111300000
4,159,111300000,111300100,9687,16145,112000000,112000000
4,160,112000000,112000100,9687,16145,112700000,112700000
4,161,112700000,112700100,9687,16145,113400000,113400000
4,162,113400000,113400100,9687,16145,114100000,114100000
4,163,114100000,114100100,9687,16145,114800000,114800000
4,164,114800000,114800100,9687,16145,115500000,115500000
4,165,115500000,115500100,9687,16145,116200000,116200000
4,166,116200000,116200100,9687,16145,116900000,116900000
4,167,116900000,116900100,9687,16145,117600000,117600000
4,168,117600000,117600100,9687,16145,118300000,118300000
4,169,118300000,118300100,9687,16145,119000000,119000000
4,170,119000000,119000100,9687,16145,119700000,119700000
4,171,119700000,119700100,9687,16145,120400000,120400000
4,172,120400000,120400100,9687,16145,121100000,121100000
4,173,121100000,121100100,9687,16145,121800000,121800000
4,174,121800000,121800100,9687,16145,122500000,122500000
4,175,122500000,122500100,9687,16145,123200000,123200000
4,176,123200000,123200100,9687,16145,123900000,123900000
4,177,123900000,123900100,9687,16145,124600000,124600000
4,178,124600000,124600100,9687,16145,125300000,125300000
4,179,125300000,125300100,9687,16145,126000000,126000000
4,180,126000000,126000100,9687,16145,126700000,126700000
4,181,126700000,126700100,9687,16145,127400000,127400000
4,182,127400000,127400100,9687,16145,128100000,128100000
4,183,128100000,128100100,9687,16145,128800000,128800000
4,184,128800000,128800100,9687,16145,129500000,129500000
4,185,129500000,129500100,9687,16145,130200000,130200000
4,186,130200000,130200100,9687,16145,130900000,130900000
4,187,130900000,130900100,9687,16145,131600000,131600000
4,188,131600000,131600100,9687,16145,132300000,132300000
4,189,132300000,132300100,9687,16145,133000000,133000000
4,190,133000000,133000100,9687,16145,133700000,133700000
4,191,133700000,133700100,9687,16145,134400000,134400000
4,192,134400000,134400100,9687,16145,135100000,135100000
4,193,135100000,135100100,9687,16145,135800000,135800000
4,194,135800000,135800100,9687,16145,136500000,136500000
4,195,136500000,136500100,9687,16145,137200000,137200000
4,196,137200000,137200100,9687,16145,137900000,137900000
4,197,137900000,137900100,9687,16145,138600000,138600000
4,198,138600000,138600100,9687,16145,139300000,139300000
4,199,139300000,139300100,9687,16145,140000000,140000000
4,200,140000000,140000100,9687,16145,140700000,140700000
4,201,140700000,140700100,9687,16145,141400000,141400000
4,202,141400000,141400100,9687,16145,142100000,142100000
4,203,142100000,142100100,9687,16145,142800000,142800000
4,204,142800000,142800100,9687,16145,143500000,143500000
4,205,143500000,143500100,9687,16145,144200000,144200000
4,206,144200000,144200100,9687,16145,144900000,144900000
4,207,144900000,144900100,9687,16145,145600000,145600000
4,208,145600000,145600100,9687,16145,146300000,146300000
4,209,146300000,146300100,9687,16145,147000000,147000000
4,210,147000000,147000100,9687,16145,147700000,147700000
4,211,147700000,147700100,9687,16145,148400000,148400000
4,212,148400000,148400100,9687,16145,149100000,149100000
4,213,149100000,149100100,9687,16145,149800000,149800000
4,214,149800000,149800100,9687,16145,150500000,150500000
4,215,150500000,150500100,9687,16145,151200000,151200000
4,216,151200000,151200100,9687,16145,151900000,151900000
4,217,151900000,151900100,9687,16145,152600000,152600000
4,218,152600000,152600100,9687,16145,153300000,153300000
4,219,153300000,153300100,9687,16145,154000000,154000000
4,220,154000000,154000100,9687,16145,154700000,154700000
4,221,154700000,154700100,9687,16145,155400000,155400000
4,222,155400000,155400100,9687,16145,156100000,156100000
4,223,156100000,156100100,9687,16145,156800000,156800000
4,224,156800000,156800100,9687,16145,157500000,157500000
4,225,157500000,157500100,9687,16145,158200000,158200000
4,226,158200000,158200100,9687,16145,158900000,158900000
4,227,158900000,158900100,9687,16145,159600000,159600000
4,228,159600000,159600100,9687,16145,160300000,160300000
4,229,160300000,160300100,9687,16145,161000000,161000000
4,230,161000000,161000100,9687,16145,161700000,161700000
4,231,161700000,161700100,9687,16145,162400000,162400000
4,232,162400000,162400100,9687,16145,163100000,163100000
4,233,163100000,163100100,9687,16145,163800000,163800000
4,234,163800000,163800100,9687,16145,164500000,164500000
4,235,164500000,164500100,9687,16145,165200000,165200000
4,236,165200000,165200100,9687,16145,165900000,165900000
4,237,165900000,165900100,9687,16145,166600000,166600000
4,238,166600000,166600100,9687,16145,167300000,167300000
4,239,167300000,167300100,9687,16145,168000000,168000000
4,240,168000000,168000100,9687,16145,168700000,168700000
4,241,168700000,168700100,9687,16145,169400000,169400000
4,242,169400000,169400100,9687,16145,170100000,170100000
4,243,170100000,170100100,9687,16145,170800000,170800000
4,244,170800000,170800100,9687,16145,171500000,171500000
4,245,171500000,171500100,9687,16145,172200000,172200000
4,246,172200000,172200100,9687,16145,172900000,172900000
4,247,172900000,172900100,9687,16145,173600000,173600000
4,248,173600000,173600100,9687,16145,174300000,174300000
4,249,174300000,174300100,9687,16145,175000000,175000000
4,250,175000000,175000100,9687,16145,175700000,175700000
4,251,175700000,175700100,9687,16145,176400000,176400000
4,252,176400000,176400100,9687,16145,177100000,177100000
4,253,177100000,177100100,9687,16145,177800000,177800000
4,254,177800000,177800100,9687,16145,178500000,178500000
4,255,178500000,178500100,9687,16145,179200000,179200000
4,256,179200000,179200100,9687,16145,179900000,179900000
4,257,179900000,179900100,9687,16145,180600000,180600000
4,258,180600000,180600100,9687,16145,181300000,181300000
4,259,181300000,181300100,9687,16145,182000000,182000000
4,260,182000000,182000100,9687,16145,182700000,182700000
4,261,182700000,182700100,9687,16145,183400000,183400000
4,262,183400000,183400100,9687,16145,184100000,184100000
4,263,184100000,184100100,9687,16145,184800000,184800000
4,264,184800000,184800100,9687,16145,185500000,185500000
4,265,185500000,185500100,9687,16145,186200000,186200000
4,266,186200000,186200100,9687,16145,186900000,186900000
4,267,186900000,186900100,9687,16145,187600000,187600000
4,268,187600000,187600100,9687,16145,188300000,188300000
4,269,188300000,188300100,9687,16145,189000000,189000000
4,270,189000000,189000100,9687,16145,189700000,189700000
4,271,189700000,189700100,9687,16145,190400000,190400000
4,272,190400000,190400100,9687,16145,191100000,191100000
4,273,191100000,191100100,9687,16145,191800000,191800000
4,274,191800000,191800100,9687,16145,192500000,192500000
4,275,192500000,192500100,9687,16145,193200000,193200000
4,276,193200000,193200100,9687,16145,193900000,193900000
4,277,193900000,193900100,9687,16145,194600000,194600000
4,278,194600000,194600100,9687,16145,195300000,195300000
4,279,195300000,195300100,9687,16145,196000000,196000000
4,280,196000000,196000100,9687,16145,196700000,196700000
4,281,196700000,196700100,9687,16145,197400000,197400000
4,282,197400000,197400100,9687,16145,198100000,198100000
4,283,198100000,198100100,9687,16145,198800000,198800000
4,284,198800000,198800100,9687,16145,199500000,199500000
4,285,199500000,199500100,9687,16145,200200000,200200000
4,286,200200000,200200100,9687,16145,200900000,200900000
4,287,200900000,200900100,9687,16145,201600000,201600000
4,288,201600000,201600100,9687,16145,202300000,202300000
4,289,202300000,202300100,9687,16145,203000000,203000000
4,290,203000000,203000100,9687,16145,203700000,203700000
4,291,203700000,203700100,9687,16145,204400000,204400000
4,292,204400000,204400100,9687,16145,205100000,205100000
4,293,205100000,205100100,9687,16145,205800000,205800000
4,294,205800000,205800100,9687,16145,206500000,206500000
4,295,206500000,206500100,9687,16145,207200000,207200000
4,296,207200000,207200100,9687,16145,207900000,207900000
4,297,207900000,207900100,9687,16145,208600000,208600000
4,298,208600000,208600100,9687,16145,209300000,209300000
4,299,209300000,209300100,9687,16145,210000000,210000000
4,300,210000000,210000100,9687,16145,210700000,210700000
4,301,210700000,210700100,9687,16145,211400000,211400000
4,302,211400000,211400100,9687,16145,212100000,212100000
4,303,212100000,212100100,9687,16145,212800000,212800000
4,304,212800000,212800100,9687,16145,213500000,213500000
4,305,213500000,213500100,9687,16145,214200000,214200000
4,306,214200000,214200100,9687,16145,214900000,214900000
4,307,214900000,214900100,9687,16145,215600000,215600000
4,308,215600000,215600100,9687,16145,216300000,216300000
4,309,216300000,216300100,9687,16145,217000000,217000000
4,310,217000000,217000100,9687,16145,217700000,217700000
4,311,217700000,217700100,9687,16145,218400000,218400000
4,312,218400000,218400100,9687,16145,219100000,219100000
4,313,219100000,219100100,9687,16145,219800000,219800000
4,314,219800000,219800100,9687,16145,220500000,220500000
4,315,220500000,220500100,9687,16145,221200000,221200000
4,316,221200000,221200100,9687,16145,221900000,221900000
4,317,221900000,221900100,9687,16145,222600000,222600000
4,318,222600000,222600100,9687,16145,223300000,223300000
4,319,223300000,223300100,9687,16145,224000000,224000000
4,320,224000000,224000100,9687,16145,224700000,224700000
4,321,224700000,224700100,9687,16145,225400000,225400000
4,322,225400000,225400100,9687,16145,226100000,226100000
4,323,226100000,226100100,9687,16145,226800000,226800000
4,324,226800000,226800100,9687,16145,227500000,227500000
4,325,227500000,227500100,9687,16145,228200000,228200000
4,326,228200000,228200100,9687,16145,228900000,228900000
4,327,228900000,228900100,9687,16145,229600000,229600000
4,328,229600000,229600100,9687,16145,230300000,230300000
4,329,230300000,230300100,9687,16145,231000000,231000000
4,330,231000000,231000100,9687,16145,231700000,231700000
4,331,231700000,231700100,9687,16145,232400000,232400000
4,332,232400000,232400100,9687,16145,233100000,233100000
4,333,233100000,233100100,9687,16145,233800000,233800000
4,334,233800000,233800100,9687,16145,234500000,234500000
4,335,234500000,234500100,9687,16145,235200000,235200000
4,336,235200000,235200100,9687,16145,235900000,235900000
4,337,235900000,235900100,9687,16145,236600000,236600000
4,338,236600000,236600100,9687,16145,237300000,237300000
4,339,237300000,237300100,9687,16145,238000000,238000000
4,340,238000000,238000100,9687,16145,238700000,238700000
4,341,238700000,238700100,9687,16145,239400000,239400000
4,342,239400000,239400100,9687,16145,240100000,240100000
4,343,240100000,240100100,9687,16145,240800000,240800000
4,344,240800000,240800100,9687,16145,241500000,241500000
4,345,241500000,241500100,9687,16145,242200000,242200000
4,346,242200000,242200100,9687,16145,242900000,242900000
4,347,242900000,242900100,9687,16145,243600000,243600000
4,348,243600000,243600100,9687,16145,244300000,244300000
4,349,244300000,244300100,9687,16145,245000000,245000000
4,350,245000000,245000100,9687,16145,245700000,245700000
4,351,245700000,245700100,9687,16145,246400000,246400000
4,352,246400000,246400100,9687,16145,247100000,247100000
4,353,247100000,247100100,9687,16145,247800000,247800000
4,354,247800000,247800100,9687,16145,248500000,248500000
4,355,248500000,248500100,9687,16145,249200000,249200000
4,356,249200000,249200100,9687,16145,249900000,249900000
4,357,249900000,249900100,9687,16145,250600000,250600000
4,358,250600000,250600100,9687,16145,251300000,251300000
4,359,251300000,251300100,9687,16145,252000000,252000000
4,360,252000000,252000100,9687,16145,252700000,252700000
4,361,252700000,252700100,9687,16145,253400000,253400000
4,362,253400000,253400100,9687,16145,254100000,254100000
4,363,254100000,254100100,9687,16145,254800000,254800000
4,364,254800000,254800100,9687,16145,255500000,255500000
4,365,255500000,255500100,9687,16145,256200000,256200000
4,366,256200000,256200100,9687,16145,256900000,256900000
4,367,256900000,256900100,9687,16145,257600000,257600000
4,368,257600000,257600100,9687,16145,258300000,258300000
4,369,258300000,258300100,9687,16145,259000000,259000000
4,370,259000000,259000100,9687,16145,259700000,259700000
4,371,259700000,259700100,9687,16145,260400000,260400000
4,372,260400000,260400100,9687,16145,261100000,261100000
4,373,261100000,261100100,9687,16145,261800000,261800000
4,374,261800000,261800100,9687,16145,262500000,262500000
4,375,262500000,262500100,9687,16145,263200000,263200000
4,376,263200000,263200100,9687,16145,263900000,263900000
4,377,263900000,263900100,9687,16145,264600000,264600000
4,378,264600000,264600100,9687,16145,265300000,265300000
4,379,265300000,265300100,9687,16145,266000000,266000000
4,380,266000000,266000100,9687,16145,266700000,266700000
4,381,266700000,266700100,9687,16145,267400000,267400000
4,382,267400000,267400100,9687,16145,268100000,268100000
4,383,268100000,268100100,9687,16145,268800000,268800000
4,384,268800000,268800100,9687,16145,269500000,269500000
4,385,269500000,269500100,9687,16145,270200000,270200000
4,386,270200000,270200100,9687,16145,270900000,270900000
4,387,270900000,270900100,9687,16145,271600000,271600000
4,388,271600000,271600100,9687,16145,272300000,272300000
4,389,272300000,272300100,9687,16145,273000000,273000000
4,390,273000000,273000100,9687,16145,273700000,273700000
4,391,273700000,273700100,9687,16145,274400000,274400000
4,392,274400000,274400100,9687,16145,275100000,275100000
4,393,275100000,275100100,9687,16145,275800000,275800000
4,394,275800000,275800100,9687,16145,276500000,276500000
4,395,276500000,276500100,9687,16145,277200000,277200000
4,396,277200000,277200100,9687,16145,277900000,277900000
4,397,277900000,277900100,9687,16145,278600000,278600000
4,398,278600000,278600100,9687,16145,279300000,279300000
4,399,279300000,279300100,9687,16145,280000000,280000000
4,400,280000000,280000100,9687,16145,280700000,280700000
4,401,280700000,280700100,9687,16145,281400000,281400000
4,402,281400000,281400100,9687,16145,282100000,282100000
4,403,282100000,282100100,9687,16145,282800000,282800000
4,404,282800000,282800100,9687,16145,283500000,283500000
4,405,283500000,283500100,9687,16145,284200000,284200000
4,406,284200000,284200100,9687,16145,284900000,284900000
4,407,284900000,284900100,9687,16145,285600000,285600000
4,408,285600000,285600100,9687,16145,286300000,286300000
4,409,286300000,286300100,9687,16145,287000000,287000000
4,410,287000000,287000100,9687,16145,287700000,287700000
4,411,287700000,287700100,9687,16145,288400000,288400000
4,412,288400000,288400100,9687,16145,289100000,289100000
4,413,289100000,289100100,9687,16145,289800000,289800000
4,414,289800000,289800100,9687,16145,290500000,290500000
4,415,290500000,290500100,9687,16145,291200000,291200000
4,416,291200000,291200100,9687,16145,291900000,291900000
4,417,291900000,291900100,9687,16145,292600000,292600000
4,418,292600000,292600100,9687,16145,293300000,293300000
4,419,293300000,293300100,9687,16145,294000000,294000000
4,420,294000000,294000100,9687,16145,294700000,294700000
4,421,294700000,294700100,9687,16145,295400000,295400000
4,422,295400000,295400100,9687,16145,296100000,296100000
4,423,296100000,296100100,9687,16145,296800000,296800000
4,424,296800000,296800100,9687,16145,297500000,297500000
4,425,297500000,297500100,9687,16145,298200000,298200000
4,426,298200000,298200100,9687,16145,298900000,298900000
4,427,298900000,298900100,9687,16145,299600000,299600000
4,428,299600000,299600100,9687,16145,300300000,300300000
4,429,300300000,300300100,9687,16145,301000000,301000000
4,430,301000000,301000100,9687,16145,301700000,301700000
4,431,301700000,301700100,9687,16145,302400000,302400000
4,432,302400000,302400100,9687,16145,303100000,303100000
4,433,303100000,303100100,9687,16145,303800000,303800000
4,434,303800000,303800100,9687,16145,304500000,304500000
4,435,304500000,304500100,9687,16145,305200000,305200000
4,436,305200000,305200100,9687,16145,305900000,305900000
4,437,305900000,305900100,9687,16145,306600000,306600000
4,438,306600000,306600100,9687,16145,307300000,307300000
4,439,307300000,307300100,9687,16145,308000000,308000000
4,440,308000000,308000100,9687,16145,308700000,308700000
4,441,308700000,308700100,9687,16145,309400000,309400000
4,442,309400000,309400100,9687,16145,310100000,310100000
4,443,310100000,310100100,9687,16145,310800000,310800000
4,444,310800000,310800100,9687,16145,311500000,311500000
4,445,311500000,311500100,9687,16145,312200000,312200000
4,446,312200000,312200100,9687,16145,312900000,312900000
4,447,312900000,312900100,9687,16145,313600000,313600000
4,448,313600000,313600100,9687,16145,314300000,314300000
4,449,314300000,314300100,9687,16145,315000000,315000000
4,450,315000000,315000100,9687,16145,315700000,315700000
4,451,315700000,315700100,9687,16145,316400000,316400000
4,452,316400000,316400100,9687,16145,317100000,317100000
4,453,317100000,317100100,9687,16145,317800000,317800000
4,454,317800000,317800100,9687,16145,318500000,318500000
4,455,318500000,318500100,9687,16145,319200000,319200000
4,456,319200000,319200100,9687,16145,319900000,319900000
4,457,319900000,319900100,9687,16145,320600000,320600000
4,458,320600000,320600100,9687,16145,321300000,321300000
4,459,321300000,321300100,9687,16145,322000000,322000000
4,460,322000000,322000100,9687,16145,322700000,322700000
4,461,322700000,322700100,9687,16145,323400000,323400000
4,462,323400000,323400100,9687,16145,324100000,324100000
4,463,324100000,324100100,9687,16145,324800000,324800000
4,464,324800000,324800100,9687,16145,325500000,325500000
4,465,325500000,325500100,9687,16145,326200000,326200000
4,466,326200000,326200100,9687,16145,326900000,326900000
4,467,326900000,326900100,9687,16145,327600000,327600000
4,468,327600000,327600100,9687,16145,328300000,328300000
4,469,328300000,328300100,9687,16145,329000000,329000000
4,470,329000000,329000100,9687,16145,329700000,329700000
4,471,329700000,329700100,9687,16145,330400000,330400000
4,472,330400000,330400100,9687,16145,331100000,331100000
4,473,331100000,331100100,9687,16145,331800000,331800000
4,474,331800000,331800100,9687,16145,332500000,332500000
4,475,332500000,332500100,9687,16145,333200000,333200000
4,476,333200000,333200100,9687,16145,333900000,333900000
4,477,333900000,333900100,9687,16145,334600000,334600000
4,478,334600000,334600100,9687,16145,335300000,335300000
4,479,335300000,335300100,9687,16145,336000000,336000000
4,480,336000000,336000100,9687,16145,336700000,336700000
4,481,336700000,336700100,9687,16145,337400000,337400000
4,482,337400000,337400100,9687,16145,338100000,338100000
4,483,338100000,338100100,9687,16145,338800000,338800000
4,484,338800000,338800100,9687,16145,339500000,339500000
4,485,339500000,339500100,9687,16145,340200000,340200000
4,486,340200000,340200100,9687,16145,340900000,340900000
4,487,340900000,340900100,9687,16145,341600000,341600000
4,488,341600000,341600100,9687,16145,342300000,342300000
4,489,342300000,342300100,9687,16145,343000000,343000000
4,490,343000000,343000100,9687,16145,343700000,343700000
4,491,343700000,343700100,9687,16145,344400000,344400000
4,492,344400000,344400100,9687,16145,345100000,345100000
4,493,345100000,345100100,9687,16145,345800000,345800000
4,494,345800000,345800100,9687,16145,346500000,346500000
4,495,346500000,346500100,9687,16145,347200000,347200000
4,496,347200000,347200100,9687,16145,347900000,347900000
4,497,347900000,347900100,9687,16145,348600000,348600000
4,498,348600000,348600100,9687,16145,349300000,349300000
4,499,349300000,349300100,9687,16145,350000000,350000000
4,500,350000000,350000100,9687,16145,350700000,350700000
4,501,350700000,350700100,9687,16145,351400000,351400000
4,502,351400000,351400100,9687,16145,352100000,352100000
4,503,352100000,352100100,9687,16145,352800000,352800000
4,504,352800000,352800100,9687,16145,353500000,353500000
4,505,353500000,353500100,9687,16145,354200000,354200000
4,506,354200000,354200100,9687,16145,354900000,354900000
4,507,354900000,354900100,9687,16145,355600000,355600000
4,508,355600000,355600100,9687,16145,356300000,356300000
4,509,356300000,356300100,9687,16145,357000000,357000000
4,510,357000000,357000100,9687,16145,357700000,357700000
4,511,357700000,357700100,9687,16145,358400000,358400000
4,512,358400000,358400100,9687,16145,359100000,359100000
4,513,359100000,359100100,9687,16145,359800000,359800000
4,514,359800000,359800100,9687,16145,360500000,360500000
4,515,360500000,360500100,9687,16145,361200000,361200000
4,516,361200000,361200100,9687,16145,361900000,361900000
4,517,361900000,361900100,9687,16145,362600000,362600000
4,518,362600000,362600100,9687,16145,363300000,363300000
4,519,363300000,363300100,9687,16145,364000000,364000000
4,520,364000000,364000100,9687,16145,364700000,364700000
4,521,364700000,364700100,9687,16145,365400000,365400000
4,522,365400000,365400100,9687,16145,366100000,366100000
4,523,366100000,366100100,9687,16145,366800000,366800000
4,524,366800000,366800100,9687,16145,367500000,367500000
4,525,367500000,367500100,9687,16145,368200000,368200000
4,526,368200000,368200100,9687,16145,368900000,368900000
4,527,368900000,368900100,9687,16145,369600000,369600000
4,528,369600000,369600100,9687,16145,370300000,370300000
4,529,370300000,370300100,9687,16145,371000000,371000000
4,530,371000000,371000100,9687,16145,371700000,371700000
4,531,371700000,371700100,9687,16145,372400000,372400000
4,532,372400000,372400100,9687,16145,373100000,373100000
4,533,373100000,373100100,9687,16145,373800000,373800000
4,534,373800000,373800100,9687,16145,374500000,374500000
4,535,374500000,374500100,9687,16145,375200000,375200000
4,536,375200000,375200100,9687,16145,375900000,375900000
4,537,375900000,375900100,9687,16145,376600000,376600000
4,538,376600000,376600100,9687,16145,377300000,377300000
4,539,377300000,377300100,9687,16145,378000000,378000000
4,540,378000000,378000100,9687,16145,378700000,378700000
4,541,378700000,378700100,9687,16145,379400000,379400000
4,542,379400000,379400100,9687,16145,380100000,380100000
4,543,380100000,380100100,9687,16145,380800000,380800000
4,544,380800000,380800100,9687,16145,381500000,381500000
4,545,381500000,381500100,9687,16145,382200000,382200000
4,546,382200000,382200100,9687,16145,382900000,382900000
4,547,382900000,382900100,9687,16145,383600000,383600000
4,548,383600000,383600100,9687,16145,384300000,384300000
4,549,384300000,384300100,9687,16145,385000000,385000000
4,550,385000000,385000100,9687,16145,385700000,385700000
4,551,385700000,385700100,9687,16145,386400000,386400000
4,552,386400000,386400100,9687,16145,387100000,387100000
4,553,387100000,387100100,9687,16145,387800000,387800000
4,554,387800000,387800100,9687,16145,388500000,388500000
4,555,388500000,388500100,9687,16145,389200000,389200000
4,556,389200000,389200100,9687,16145,389900000,389900000
4,557,389900000,389900100,9687,16145,390600000,390600000
4,558,390600000,390600100,9687,16145,391300000,391300000
4,559,391300000,391300100,9687,16145,392000000,392000000
4,560,392000000,392000100,9687,16145,392700000,392700000
4,561,392700000,392700100,9687,16145,393400000,393400000
4,562,393400000,393400100,9687,16145,394100000,394100000
4,563,394100000,394100100,9687,16145,394800000,394800000
4,564,394800000,394800100,9687,16145,395500000,395500000
4,565,395500000,395500100,9687,16145,396200000,396200000
4,566,396200000,396200100,9687,16145,396900000,396900000
4,567,396900000,396900100,9687,16145,397600000,397600000
4,568,397600000,397600100,9687,16145,398300000,398300000
4,569,398300000,398300100,9687,16145,399000000,399000000
4,570,399000000,399000100,9687,16145,399700000,399700000
4,571,399700000,399700100,9687,16145,400400000,400400000
4,572,400400000,400400100,9687,16145,401100000,401100000
4,573,401100000,401100100,9687,16145,401800000,401800000
4,574,401800000,401800100,9687,16145,402500000,402500000
4,575,402500000,402500100,9687,16145,403200000,403200000
4,576,403200000,403200100,9687,16145,403900000,403900000
4,577,403900000,403900100,9687,16145,404600000,404600000
4,578,404600000,404600100,9687,16145,405300000,405300000
4,579,405300000,405300100,9687,16145,406000000,406000000
4,580,406000000,406000100,9687,16145,406700000,406700000
4,581,406700000,406700100,9687,16145,407400000,407400000
4,582,407400000,407400100,9687,16145,408100000,408100000
4,583,408100000,408100100,9687,16145,408800000,408800000
4,584,408800000,408800100,9687,16145,409500000,409500000
4,585,409500000,409500100,9687,16145,410200000,410200000
4,586,410200000,410200100,9687,16145,410900000,410900000
4,587,410900000,410900100,9687,16145,411600000,411600000
4,588,411600000,411600100,9687,16145,412300000,412300000
4,589,412300000,412300100,9687,16145,413000000,413000000
4,590,413000000,413000100,9687,16145,413700000,413700000
4,591,413700000,413700100,9687,16145,414400000,414400000
4,592,414400000,414400100,9687,16145,415100000,415100000
4,593,415100000,415100100,9687,16145,415800000,415800000
4,594,415800000,415800100,9687,16145,416500000,416500000
4,595,416500000,416500100,9687,16145,417200000,417200000
4,596,417200000,417200100,9687,16145,417900000,417900000
4,597,417900000,417900100,9687,16145,418600000,418600000
4,598,418600000,418600100,9687,16145,419300000,419300000
4,599,419300000,419300100,9687,16145,420000000,420000000
4,600,420000000,420000100,9687,16145,420700000,420700000
4,601,420700000,420700100,9687,16145,421400000,421400000
4,602,421400000,421400100,9687,16145,422100000,422100000
4,603,422100000,422100100,9687,16145,422800000,422800000
4,604,422800000,422800100,9687,16145,423500000,423500000
4,605,423500000,423500100,9687,16145,424200000,424200000
4,606,424200000,424200100,9687,16145,424900000,424900000
4,607,424900000,424900100,9687,16145,425600000,425600000
4,608,425600000,425600100,9687,16145,426300000,426300000
4,609,426300000,426300100,9687,16145,427000000,427000000
4,610,427000000,427000100,9687,16145,427700000,427700000
4,611,427700000,427700100,9687,16145,428400000,428400000
4,612,428400000,428400100,9687,16145,429100000,429100000
4,613,429100000,429100100,9687,16145,429800000,429800000
4,614,429800000,429800100,9687,16145,430500000,430500000
4,615,430500000,430500100,9687,16145,431200000,431200000
4,616,431200000,431200100,9687,16145,431900000,431900000
4,617,431900000,431900100,9687,16145,432600000,432600000
4,618,432600000,432600100,9687,16145,433300000,433300000
4,619,433300000,433300100,9687,16145,434000000,434000000
4,620,434000000,434000100,9687,16145,434700000,434700000
4,621,434700000,434700100,9687,16145,435400000,435400000
4,622,435400000,435400100,9687,16145,436100000,436100000
4,623,436100000,436100100,9687,16145,436800000,436800000
4,624,436800000,436800100,9687,16145,437500000,437500000
4,625,437500000,437500100,9687,16145,438200000,438200000
4,626,438200000,438200100,9687,16145,438900000,438900000
4,627,438900000,438900100,9687,16145,439600000,439600000
4,628,439600000,439600100,9687,16145,440300000,440300000
4,629,440300000,440300100,9687,16145,441000000,441000000
4,630,441000000,441000100,9687,16145,441700000,441700000
4,631,441700000,441700100,9687,16145,442400000,442400000
4,632,442400000,442400100,9687,16145,443100000,443100000
4,633,443100000,443100100,9687,16145,443800000,443800000
4,634,443800000,443800100,9687,16145,444500000,444500000
4,635,444500000,444500100,9687,16145,445200000,445200000
4,636,445200000,445200100,9687,16145,445900000,445900000
4,637,445900000,445900100,9687,16145,446600000,446600000
4,638,446600000,446600100,9687,16145,447300000,447300000
4,639,447300000,447300100,9687,16145,448000000,448000000
4,640,448000000,448000100,9687,16145,448700000,448700000
4,641,448700000,448700100,9687,16145,449400000,449400000
4,642,449400000,449400100,9687,16145,450100000,450100000
4,643,450100000,450100100,9687,16145,450800000,450800000
4,644,450800000,450800100,9687,16145,451500000,451500000
4,645,451500000,451500100,9687,16145,452200000,452200000
4,646,452200000,452200100,9687,16145,452900000,452900000
4,647,452900000,452900100,9687,16145,453600000,453600000
4,648,453600000,453600100,9687,16145,454300000,454300000
4,649,454300000,454300100,9687,16145,455000000,455000000
4,650,455000000,455000100,9687,16145,455700000,455700000
4,651,455700000,455700100,9687,16145,456400000,456400000
4,652,456400000,456400100,9687,16145,457100000,457100000
4,653,457100000,457100100,9687,16145,457800000,457800000
4,654,457800000,457800100,9687,16145,458500000,458500000
4,655,458500000,458500100,9687,16145,459200000,459200000
4,656,459200000,459200100,9687,16145,459900000,459900000
4,657,459900000,459900100,9687,16145,460600000,460600000
4,658,460600000,460600100,9687,16145,461300000,461300000
4,659,461300000,461300100,9687,16145,462000000,462000000
4,660,462000000,462000100,9687,16145,462700000,462700000
4,661,462700000,462700100,9687,16145,463400000,463400000
4,662,463400000,463400100,9687,16145,464100000,464100000
4,663,464100000,464100100,9687,16145,464800000,464800000
4,664,464800000,464800100,9687,16145,465500000,465500000
4,665,465500000,465500100,9687,16145,466200000,466200000
4,666,466200000,466200100,9687,16145,466900000,466900000
4,667,466900000,466900100,9687,16145,467600000,467600000
4,668,467600000,467600100,9687,16145,468300000,468300000
4,669,468300000,468300100,9687,16145,469000000,469000000
4,670,469000000,469000100,9687,16145,469700000,469700000
4,671,469700000,469700100,9687,16145,470400000,470400000
4,672,470400000,470400100,9687,16145,471100000,471100000
4,673,471100000,471100100,9687,16145,471800000,471800000
4,674,471800000,471800100,9687,16145,472500000,472500000
4,675,472500000,472500100,9687,16145,473200000,473200000
4,676,473200000,473200100,9687,16145,473900000,473900000
4,677,473900000,473900100,9687,16145,474600000,474600000
4,678,474600000,474600100,9687,16145,475300000,475300000
4,679,475300000,475300100,9687,16145,476000000,476000000
4,680,476000000,476000100,9687,16145,476700000,476700000
4,681,476700000,476700100,9687,16145,477400000,477400000
4,682,477400000,477400100,9687,16145,478100000,478100000
4,683,478100000,478100100,9687,16145,478800000,478800000
4,684,478800000,478800100,9687,16145,479500000,479500000
4,685,479500000,479500100,9687,16145,480200000,480200000
4,686,480200000,480200100,9687,16145,480900000,480900000
4,687,480900000,480900100,9687,16145,481600000,481600000
4,688,481600000,481600100,9687,16145,482300000,482300000
4,689,482300000,482300100,9687,16145,483000000,483000000
4,690,483000000,483000100,9687,16145,483700000,483700000
4,691,483700000,483700100,9687,16145,484400000,484400000
4,692,484400000,484400100,9687,16145,485100000,485100000
4,693,485100000,485100100,9687,16145,485800000,485800000
4,694,485800000,485800100,9687,16145,486500000,486500000
4,695,486500000,486500100,9687,16145,487200000,487200000
4,696,487200000,487200100,9687,16145,487900000,487900000
4,697,487900000,487900100,9687,16145,488600000,488600000
4,698,488600000,488600100,9687,16145,489300000,489300000
4,699,489300000,489300100,9687,16145,490000000,490000000
4,700,490000000,490000100,9687,16145,490700000,490700000
4,701,490700000,490700100,9687,16145,491400000,491400000
4,702,491400000,491400100,9687,16145,492100000,492100000
4,703,492100000,492100100,9687,16145,492800000,492800000
4,704,492800000,492800100,9687,16145,493500000,493500000
4,705,493500000,493500100,9687,16145,494200000,494200000
4,706,494200000,494200100,9687,16145,494900000,494900000
4,707,494900000,494900100,9687,16145,495600000,495600000
4,708,495600000,495600100,9687,16145,496300000,496300000
4,709,496300000,496300100,9687,16145,497000000,497000000
4,710,497000000,497000100,9687,16145,497700000,497700000
4,711,497700000,497700100,9687,16145,498400000,498400000
4,712,498400000,498400100,9687,16145,499100000,499100000
4,713,499100000,499100100,9687,16145,499800000,499800000
4,714,499800000,499800100,9687,16145,500500000,500500000
4,715,500500000,500500100,9687,16145,501200000,501200000
4,716,501200000,501200100,9687,16145,501900000,501900000
4,717,501900000,501900100,9687,16145,502600000,502600000
4,718,502600000,502600100,9687,16145,503300000,503300000
4,719,503300000,503300100,9687,16145,504000000,504000000
4,720,504000000,504000100,9687,16145,504700000,504700000
4,721,504700000,504700100,9687,16145,505400000,505400000
4,722,505400000,505400100,9687,16145,506100000,506100000
4,723,506100000,506100100,9687,16145,506800000,506800000
4,724,506800000,506800100,9687,16145,507500000,507500000
4,725,507500000,507500100,9687,16145,508200000,508200000
4,726,508200000,508200100,9687,16145,508900000,508900000
4,727,508900000,508900100,9687,16145,509600000,509600000
4,728,509600000,509600100,9687,16145,510300000,510300000
4,729,510300000,510300100,9687,16145,511000000,511000000
4,730,511000000,511000100,9687,16145,511700000,511700000
4,731,511700000,511700100,9687,16145,512400000,512400000
4,732,512400000,512400100,9687,16145,513100000,513100000
4,733,513100000,513100100,9687,16145,513800000,513800000
4,734,513800000,513800100,9687,16145,514500000,514500000
4,735,514500000,514500100,9687,16145,515200000,515200000
4,736,515200000,515200100,9687,16145,515900000,515900000
4,737,515900000,515900100,9687,16145,516600000,516600000
4,738,516600000,516600100,9687,16145,517300000,517300000
4,739,517300000,517300100,9687,16145,518000000,518000000
4,740,518000000,518000100,9687,16145,518700000,518700000
4,741,518700000,518700100,9687,16145,519400000,519400000
4,742,519400000,519400100,9687,16145,520100000,520100000
4,743,520100000,520100100,9687,16145,520800000,520800000
4,744,520800000,520800100,9687,16145,521500000,521500000
4,745,521500000,521500100,9687,16145,522200000,522200000
4,746,522200000,522200100,9687,16145,522900000,522900000
4,747,522900000,522900100,9687,16145,523600000,523600000
4,748,523600000,523600100,9687,16145,524300000,524300000
4,749,524300000,524300100,9687,16145,525000000,525000000
4,750,525000000,525000100,9687,16145,525700000,525700000
4,751,525700000,525700100,9687,16145,526400000,526400000
4,752,526400000,526400100,9687,16145,527100000,527100000
4,753,527100000,527100100,9687,16145,527800000,527800000
4,754,527800000,527800100,9687,16145,528500000,528500000
4,755,528500000,528500100,9687,16145,529200000,529200000
4,756,529200000,529200100,9687,16145,529900000,529900000
4,757,529900000,529900100,9687,16145,530600000,530600000
4,758,530600000,530600100,9687,16145,531300000,531300000
4,759,531300000,531300100,9687,16145,532000000,532000000
4,760,532000000,532000100,9687,16145,532700000,532700000
4,761,532700000,532700100,9687,16145,533400000,533400000
4,762,533400000,533400100,9687,16145,534100000,534100000
4,763,534100000,534100100,9687,16145,534800000,534800000
4,764,534800000,534800100,9687,16145,535500000,535500000
4,765,535500000,535500100,9687,16145,536200000,536200000
4,766,536200000,536200100,9687,16145,536900000,536900000
4,767,536900000,536900100,9687,16145,537600000,537600000
4,768,537600000,537600100,9687,16145,538300000,538300000
4,769,538300000,538300100,9687,16145,539000000,539000000
4,770,539000000,539000100,9687,16145,539700000,539700000
4,771,539700000,539700100,9687,16145,540400000,540400000
4,772,540400000,540400100,9687,16145,541100000,541100000
4,773,541100000,541100100,9687,16145,541800000,541800000
4,774,541800000,541800100,9687,16145,542500000,542500000
4,775,542500000,542500100,9687,16145,543200000,543200000
4,776,543200000,543200100,9687,16145,543900000,543900000
4,777,543900000,543900100,9687,16145,544600000,544600000
4,778,544600000,544600100,9687,16145,545300000,545300000
4,779,545300000,545300100,9687,16145,546000000,546000000
4,780,546000000,546000100,9687,16145,546700000,546700000
4,781,546700000,546700100,9687,16145,547400000,547400000
4,782,547400000,547400100,9687,16145,548100000,548100000
4,783,548100000,548100100,9687,16145,548800000,548800000
4,784,548800000,548800100,9687,16145,549500000,549500000
4,785,549500000,549500100,9687,16145,550200000,550200000
4,786,550200000,550200100,9687,16145,550900000,550900000
4,787,550900000,550900100,9687,16145,551600000,551600000
4,788,551600000,551600100,9687,16145,552300000,552300000
4,789,552300000,552300100,9687,16145,553000000,553000000
4,790,553000000,553000100,9687,16145,553700000,553700000
4,791,553700000,553700100,9687,16145,554400000,554400000
4,792,554400000,554400100,9687,16145,555100000,555100000
4,793,555100000,555100100,9687,16145,555800000,555800000
4,794,555800000,555800100,9687,16145,556500000,556500000
4,795,556500000,556500100,9687,16145,557200000,557200000
4,796,557200000,557200100,9687,16145,557900000,557900000
4,797,557900000,557900100,9687,16145,558600000,558600000
4,798,558600000,558600100,9687,16145,559300000,559300000
4,799,559300000,559300100,9687,16145,560000000,560000000
4,800,560000000,560000100,9687,16145,560700000,560700000
4,801,560700000,560700100,9687,16145,561400000,561400000
4,802,561400000,561400100,9687,16145,562100000,562100000
4,803,562100000,562100100,9687,16145,562800000,562800000
4,804,562800000,562800100,9687,16145,563500000,563500000
4,805,563500000,563500100,9687,16145,564200000,564200000
4,806,564200000,564200100,9687,16145,564900000,564900000
4,807,564900000,564900100,9687,16145,565600000,565600000
4,808,565600000,565600100,9687,16145,566300000,566300000
4,809,566300000,566300100,9687,16145,567000000,567000000
4,810,567000000,567000100,9687,16145,567700000,567700000
4,811,567700000,567700100,9687,16145,568400000,568400000
4,812,568400000,568400100,9687,16145,569100000,569100000
4,813,569100000,569100100,9687,16145,569800000,569800000
4,814,569800000,569800100,9687,16145,570500000,570500000
4,815,570500000,570500100,9687,16145,571200000,571200000
4,816,571200000,571200100,9687,16145,571900000,571900000
4,817,571900000,571900100,9687,16145,572600000,572600000
4,818,572600000,572600100,9687,16145,573300000,573300000
4,819,573300000,573300100,9687,16145,574000000,574000000
4,820,574000000,574000100,9687,16145,574700000,574700000
4,821,574700000,574700100,9687,16145,575400000,575400000
4,822,575400000,575400100,9687,16145,576100000,576100000
4,823,576100000,576100100,9687,16145,576800000,576800000
4,824,576800000,576800100,9687,16145,577500000,577500000
4,825,577500000,577500100,9687,16145,578200000,578200000
4,826,578200000,578200100,9687,16145,578900000,578900000
4,827,578900000,578900100,9687,16145,579600000,579600000
4,828,579600000,579600100,9687,16145,580300000,580300000
4,829,580300000,580300100,9687,16145,581000000,581000000
4,830,581000000,581000100,9687,16145,581700000,581700000
4,831,581700000,581700100,9687,16145,582400000,582400000
4,832,582400000,582400100,9687,16145,583100000,583100000
4,833,583100000,583100100,9687,16145,583800000,583800000
4,834,583800000,583800100,9687,16145,584500000,584500000
4,835,584500000,584500100,9687,16145,585200000,585200000
4,836,585200000,585200100,9687,16145,585900000,585900000
4,837,585900000,585900100,9687,16145,586600000,586600000
4,838,586600000,586600100,9687,16145,587300000,587300000
4,839,587300000,587300100,9687,16145,588000000,588000000
4,840,588000000,588000100,9687,16145,588700000,588700000
4,841,588700000,588700100,9687,16145,589400000,589400000
4,842,589400000,589400100,9687,16145,590100000,590100000
4,843,590100000,590100100,9687,16145,590800000,590800000
4,844,590800000,590800100,9687,16145,591500000,591500000
4,845,591500000,591500100,9687,16145,592200000,592200000
4,846,592200000,592200100,9687,16145,592900000,592900000
4,847,592900000,592900100,9687,16145,593600000,593600000
4,848,593600000,593600100,9687,16145,594300000,594300000
4,849,594300000,594300100,9687,16145,595000000,595000000
4,850,595000000,595000100,9687,16145,595700000,595700000
4,851,595700000,595700100,9687,16145,596400000,596400000
4,852,596400000,596400100,9687,16145,597100000,597100000
4,853,597100000,597100100,9687,16145,597800000,597800000
4,854,597800000,597800100,9687,16145,598500000,598500000
5,0,0,100,58237,97062,950000,950000
5,1,950000,950100,58237,97062,1900000,1900000
5,2,1900000,1900100,58237,97062,2850000,2850000
5,3,2850000,2850100,58237,97062,3800000,3800000
5,4,3800000,3800100,58237,97062,4750000,4750000
5,5,4750000,4750100,58237,97062,5700000,5700000
5,6,5700000,5700100,58237,97062,6650000,6650000
5,7,6650000,6650100,58237,97062,7600000,7600000
5,8,7600000,7600100,58237,97062,8550000,8550000
5,9,8550000,8550100,58237,97062,9500000,9500000
5,10,9500000,9500100,58237,97062,10450000,10450000
5,11,10450000,10450100,58237,97062,11400000,11400000
5,12,11400000,11400100,58237,97062,12350000,12350000
5,13,12350000,12350100,58237,97062,13300000,13300000
5,14,13300000,13300100,58237,97062,14250000,14250000
5,15,14250000,14250100,58237,97062,15200000,15200000
5,16,15200000,15200100,58237,97062,16150000,16150000
5,17,16150000,16150100,58237,97062,17100000,17100000
5,18,17100000,17100100,58237,97062,18050000,18050000
5,19,18050000,18050100,58237,97062,19000000,19000000
5,20,19000000,19000100,58237,97062,19950000,19950000
5,21,19950000,19950100,58237,97062,20900000,20900000
5,22,20900000,20900100,58237,97062,21850000,21850000
5,23,21850000,21850100,58237,97062,22800000,22800000
5,24,22800000,22800100,58237,97062,23750000,23750000
5,25,23750000,23750100,58237,97062,24700000,24700000
5,26,24700000,24700100,58237,97062,25650000,25650000
5,27,25650000,25650100,58237,97062,26600000,26600000
5,28,26600000,26600100,58237,97062,27550000,27550000
5,29,27550000,27550100,58237,97062,28500000,28500000
5,30,28500000,28500100,58237,97062,29450000,29450000
5,31,29450000,29450100,58237,97062,30400000,30400000
5,32,30400000,30400100,58237,97062,31350000,31350000
5,33,31350000,31350100,58237,97062,32300000,32300000
5,34,32300000,32300100,58237,97062,33250000,33250000
5,35,33250000,33250100,58237,97062,34200000,34200000
5,36,34200000,34200100,58237,97062,35150000,35150000
5,37,35150000,35150100,58237,97062,36100000,36100000
5,38,36100000,36100100,58237,97062,37050000,37050000
5,39,37050000,37050100,58237,97062,38000000,38000000
5,40,38000000,38000100,58237,97062,38950000,38950000
5,41,38950000,38950100,58237,97062,39900000,39900000
5,42,39900000,39900100,58237,97062,40850000,40850000
5,43,40850000,40850100,58237,97062,41800000,41800000
5,44,41800000,41800100,58237,97062,42750000,42750000
5,45,42750000,42750100,58237,97062,43700000,43700000
5,46,43700000,43700100,58237,97062,44650000,44650000
5,47,44650000,44650100,58237,97062,45600000,45600000
5,48,45600000,45600100,58237,97062,46550000,46550000
5,49,46550000,46550100,58237,97062,47500000,47500000
5,50,47500000,47500100,58237,97062,48450000,48450000
5,51,48450000,48450100,58237,97062,49400000,49400000
5,52,49400000,49400100,58237,97062,50350000,50350000
5,53,50350000,50350100,58237,97062,51300000,51300000
5,54,51300000,51300100,58237,97062,52250000,52250000
5,55,52250000,52250100,58237,97062,53200000,53200000
5,56,53200000,53200100,58237,97062,54150000,54150000
5,57,54150000,54150100,58237,97062,55100000,55100000
5,58,55100000,55100100,58237,97062,56050000,56050000
5,59,56050000,56050100,58237,97062,57000000,57000000
5,60,57000000,57000100,58237,97062,57950000,57950000
5,61,57950000,57950100,58237,97062,58900000,58900000
5,62,58900000,58900100,58237,97062,59850000,59850000
5,63,59850000,59850100,58237,97062,60800000,60800000
5,64,60800000,60800100,58237,97062,61750000,61750000
5,65,61750000,61750100,58237,97062,62700000,62700000
5,66,62700000,62700100,58237,97062,63650000,63650000
5,67,63650000,63650100,58237,97062,64600000,64600000
5,68,64600000,64600100,58237,97062,65550000,65550000
5,69,65550000,65550100,58237,97062,66500000,66500000
5,70,66500000,66500100,58237,97062,67450000,67450000
5,71,67450000,67450100,58237,97062,68400000,68400000
5,72,68400000,68400100,58237,97062,69350000,69350000
5,73,69350000,69350100,58237,97062,70300000,70300000
5,74,70300000,70300100,58237,97062,71250000,71250000
5,75,71250000,71250100,58237,97062,72200000,72200000
5,76,72200000,72200100,58237,97062,73150000,73150000
5,77,73150000,73150100,58237,97062,74100000,74100000
5,78,74100000,74100100,58237,97062,75050000,75050000
5,79,75050000,75050100,58237,97062,76000000,76000000
5,80,76000000,76000100,58237,97062,76950000,76950000
5,81,76950000,76950100,58237,97062,77900000,77900000
5,82,77900000,77900100,58237,97062,78850000,78850000
5,83,78850000,78850100,58237,97062,79800000,79800000
5,84,79800000,79800100,58237,97062,80750000,80750000
5,85,80750000,80750100,58237,97062,81700000,81700000
5,86,81700000,81700100,58237,97062,82650000,82650000
5,87,82650000,82650100,58237,97062,83600000,83600000
5,88,83600000,83600100,58237,97062,84550000,84550000
5,89,84550000,84550100,58237,97062,85500000,85500000
5,90,85500000,85500100,58237,97062,86450000,86450000
5,91,86450000,86450100,58237,97062,87400000,87400000
5,92,87400000,87400100,58237,97062,88350000,88350000
5,93,88350000,88350100,58237,97062,89300000,89300000
5,94,89300000,89300100,58237,97062,90250000,90250000
5,95,90250000,90250100,58237,97062,91200000,91200000
5,96,91200000,91200100,58237,97062,92150000,92150000
5,97,92150000,92150100,58237,97062,93100000,93100000
5,98,93100000,93100100,58237,97062,94050000,94050000
5,99,94050000,94050100,58237,97062,95000000,95000000
5,100,95000000,95000100,58237,97062,95950000,95950000
5,101,95950000,95950100,58237,97062,96900000,96900000
5,102,96900000,96900100,58237,97062,97850000,97850000
5,103,97850000,97850100,58237,97062,98800000,98800000
5,104,98800000,98800100,58237,97062,99750000,99750000
5,105,99750000,99750100,58237,97062,100700000,100700000
5,106,100700000,100700100,58237,97062,101650000,101650000
5,107,101650000,101650100,58237,97062,102600000,102600000
5,108,102600000,102600100,58237,97062,103550000,103550000
5,109,103550000,103550100,58237,97062,104500000,104500000
5,110,104500000,104500100,58237,97062,105450000,105450000
5,111,105450000,105450100,58237,97062,106400000,106400000
5,112,106400000,106400100,58237,97062,107350000,107350000
5,113,107350000,107350100,58237,97062,108300000,108300000
5,114,108300000,108300100,58237,97062,109250000,109250000
5,115,109250000,109250100,58237,97062,110200000,110200000
5,116,110200000,110200100,58237,97062,111150000,111150000
5,117,111150000,111150100,58237,97062,112100000,112100000
5,118,112100000,112100100,58237,97062,113050000,113050000
5,119,113050000,113050100,58237,97062,114000000,114000000
5,120,114000000,114000100,58237,97062,114950000,114950000
5,121,114950000,114950100,58237,97062,115900000,115900000
5,122,115900000,115900100,58237,97062,116850000,116850000
5,123,116850000,116850100,58237,97062,117800000,117800000
5,124,117800000,117800100,58237,97062,118750000,118750000
5,125,118750000,118750100,58237,97062,119700000,119700000
5,126,119700000,119700100,58237,97062,120650000,120650000
5,127,120650000,120650100,58237,97062,121600000,121600000
5,128,121600000,121600100,58237,97062,122550000,122550000
5,129,122550000,122550100,58237,97062,123500000,123500000
5,130,123500000,123500100,58237,97062,124450000,124450000
5,131,124450000,124450100,58237,97062,125400000,125400000
5,132,125400000,125400100,58237,97062,126350000,126350000
5,133,126350000,126350100,58237,97062,127300000,127300000
5,134,127300000,127300100,58237,97062,128250000,128250000
5,135,128250000,128250100,58237,97062,129200000,129200000
5,136,129200000,129200100,58237,97062,130150000,130150000
5,137,130150000,130150100,58237,97062,131100000,131100000
5,138,131100000,131100100,58237,97062,132050000,132050000
5,139,132050000,132050100,58237,97062,133000000,133000000
5,140,133000000,133000100,58237,97062,133950000,133950000
5,141,133950000,133950100,58237,97062,134900000,134900000
5,142,134900000,134900100,58237,97062,135850000,135850000
5,143,135850000,135850100,58237,97062,136800000,136800000
5,144,136800000,136800100,58237,97062,137750000,137750000
5,145,137750000,137750100,58237,97062,138700000,138700000
5,146,138700000,138700100,58237,97062,139650000,139650000
5,147,139650000,139650100,58237,97062,140600000,140600000
5,148,140600000,140600100,58237,97062,141550000,141550000
5,149,141550000,141550100,58237,97062,142500000,142500000
5,150,142500000,142500100,58237,97062,143450000,143450000
5,151,143450000,143450100,58237,97062,144400000,144400000
5,152,144400000,144400100,58237,97062,145350000,145350000
5,153,145350000,145350100,58237,97062,146300000,146300000
5,154,146300000,146300100,58237,97062,147250000,147250000
5,155,147250000,147250100,58237,97062,148200000,148200000
5,156,148200000,148200100,58237,97062,149150000,149150000
5,157,149150000,149150100,58237,97062,150100000,150100000
5,158,150100000,150100100,58237,97062,151050000,151050000
5,159,151050000,151050100,58237,97062,152000000,152000000
5,160,152000000,152000100,58237,97062,152950000,152950000
5,161,152950000,152950100,58237,97062,153900000,153900000
5,162,153900000,153900100,58237,97062,154850000,154850000
5,163,154850000,154850100,58237,97062,155800000,155800000
5,164,155800000,155800100,58237,97062,156750000,156750000
5,165,156750000,156750100,58237,97062,157700000,157700000
5,166,157700000,157700100,58237,97062,158650000,158650000
5,167,158650000,158650100,58237,97062,159600000,159600000
5,168,159600000,159600100,58237,97062,160550000,160550000
5,169,160550000,160550100,58237,97062,161500000,161500000
5,170,161500000,161500100,58237,97062,162450000,162450000
5,171,162450000,162450100,58237,97062,163400000,163400000
5,172,163400000,163400100,58237,97062,164350000,164350000
5,173,164350000,164350100,58237,97062,165300000,165300000
5,174,165300000,165300100,58237,97062,166250000,166250000
5,175,166250000,166250100,58237,97062,167200000,167200000
5,176,167200000,167200100,58237,97062,168150000,168150000
5,177,168150000,168150100,58237,97062,169100000,169100000
5,178,169100000,169100100,58237,97062,170050000,170050000
5,179,170050000,170050100,58237,97062,171000000,171000000
5,180,171000000,171000100,58237,97062,171950000,171950000
5,181,171950000,171950100,58237,97062,172900000,172900000
5,182,172900000,172900100,58237,97062,173850000,173850000
5,183,173850000,173850100,58237,97062,174800000,174800000
5,184,174800000,174800100,58237,97062,175750000,175750000
5,185,175750000,175750100,58237,97062,176700000,176700000
5,186,176700000,176700100,58237,97062,177650000,177650000
5,187,177650000,177650100,58237,97062,178600000,178600000
5,188,178600000,178600100,58237,97062,179550000,179550000
5,189,179550000,179550100,58237,97062,180500000,180500000
5,190,180500000,180500100,58237,97062,181450000,181450000
5,191,181450000,181450100,58237,97062,182400000,182400000
5,192,182400000,182400100,58237,97062,183350000,183350000
5,193,183350000,183350100,58237,97062,184300000,184300000
5,194,184300000,184300100,58237,97062,185250000,185250000
5,195,185250000,185250100,58237,97062,186200000,186200000
5,196,186200000,186200100,58237,97062,187150000,187150000
5,197,187150000,187150100,58237,97062,188100000,188100000
5,198,188100000,188100100,58237,97062,189050000,189050000
5,199,189050000,189050100,58237,97062,190000000,190000000
5,200,190000000,190000100,58237,97062,190950000,190950000
5,201,190950000,190950100,58237,97062,191900000,191900000
5,202,191900000,191900100,58237,97062,192850000,192850000
5,203,192850000,192850100,58237,97062,193800000,193800000
5,204,193800000,193800100,58237,97062,194750000,194750000
5,205,194750000,194750100,58237,97062,195700000,195700000
5,206,195700000,195700100,58237,97062,196650000,196650000
5,207,196650000,196650100,58237,97062,197600000,197600000
5,208,197600000,197600100,58237,97062,198550000,198550000
5,209,198550000,198550100,58237,97062,199500000,199500000
5,210,199500000,199500100,58237,97062,200450000,200450000
5,211,200450000,200450100,58237,97062,201400000,201400000
5,212,201400000,201400100,58237,97062,202350000,202350000
5,213,202350000,202350100,58237,97062,203300000,203300000
5,214,203300000,203300100,58237,97062,204250000,204250000
5,215,204250000,204250100,58237,97062,205200000,205200000
5,216,205200000,205200100,58237,97062,206150000,206150000
5,217,206150000,206150100,58237,97062,207100000,207100000
5,218,207100000,207100100,58237,97062,208050000,208050000
5,219,208050000,208050100,58237,97062,209000000,209000000
5,220,209000000,209000100,58237,97062,209950000,209950000
5,221,209950000,209950100,58237,97062,210900000,210900000
5,222,210900000,210900100,58237,97062,211850000,211850000
5,223,211850000,211850100,58237,97062,212800000,212800000
5,224,212800000,212800100,58237,97062,213750000,213750000
5,225,213750000,213750100,58237,97062,214700000,214700000
5,226,214700000,214700100,58237,97062,215650000,215650000
5,227,215650000,215650100,58237,97062,216600000,216600000
5,228,216600000,216600100,58237,97062,217550000,217550000
5,229,217550000,217550100,58237,97062,218500000,218500000
5,230,218500000,218500100,58237,97062,219450000,219450000
5,231,219450000,219450100,58237,97062,220400000,220400000
5,232,220400000,220400100,58237,97062,221350000,221350000
5,233,221350000,221350100,58237,97062,222300000,222300000
5,234,222300000,222300100,58237,97062,223250000,223250000
5,235,223250000,223250100,58237,97062,224200000,224200000
5,236,224200000,224200100,58237,97062,225150000,225150000
5,237,225150000,225150100,58237,97062,226100000,226100000
5,238,226100000,226100100,58237,97062,227050000,227050000
5,239,227050000,227050100,58237,97062,228000000,228000000
5,240,228000000,228000100,58237,97062,228950000,228950000
5,241,228950000,228950100,58237,97062,229900000,229900000
5,242,229900000,229900100,58237,97062,230850000,230850000
5,243,230850000,230850100,58237,97062,231800000,231800000
5,244,231800000,231800100,58237,97062,232750000,232750000
5,245,232750000,232750100,58237,97062,233700000,233700000
5,246,233700000,233700100,58237,97062,234650000,234650000
5,247,234650000,234650100,58237,97062,235600000,235600000
5,248,235600000,235600100,58237,97062,236550000,236550000
5,249,236550000,236550100,58237,97062,237500000,237500000
5,250,237500000,237500100,58237,97062,238450000,238450000
5,251,238450000,238450100,58237,97062,239400000,239400000
5,252,239400000,239400100,58237,97062,240350000,240350000
5,253,240350000,240350100,58237,97062,241300000,241300000
5,254,241300000,241300100,58237,97062,242250000,242250000
5,255,242250000,242250100,58237,97062,243200000,243200000
5,256,243200000,243200100,58237,97062,244150000,244150000
5,257,244150000,244150100,58237,97062,245100000,245100000
5,258,245100000,245100100,58237,97062,246050000,246050000
5,259,246050000,246050100,58237,97062,247000000,247000000
5,260,247000000,247000100,58237,97062,247950000,247950000
5,261,247950000,247950100,58237,97062,248900000,248900000
5,262,248900000,248900100,58237,97062,249850000,249850000
5,263,249850000,249850100,58237,97062,250800000,250800000
5,264,250800000,250800100,58237,97062,251750000,251750000
5,265,251750000,251750100,58237,97062,252700000,252700000
5,266,252700000,252700100,58237,97062,253650000,253650000
5,267,253650000,253650100,58237,97062,254600000,254600000
5,268,254600000,254600100,58237,97062,255550000,255550000
5,269,255550000,255550100,58237,97062,256500000,256500000
5,270,256500000,256500100,58237,97062,257450000,257450000
5,271,257450000,257450100,58237,97062,258400000,258400000
5,272,258400000,258400100,58237,97062,259350000,259350000
5,273,259350000,259350100,58237,97062,260300000,260300000
5,274,260300000,260300100,58237,97062,261250000,261250000
5,275,261250000,261250100,58237,97062,262200000,262200000
5,276,262200000,262200100,58237,97062,263150000,263150000
5,277,263150000,263150100,58237,97062,264100000,264100000
5,278,264100000,264100100,58237,97062,265050000,265050000
5,279,265050000,265050100,58237,97062,266000000,266000000
5,280,266000000,266000100,58237,97062,266950000,266950000
5,281,266950000,266950100,58237,97062,267900000,267900000
5,282,267900000,267900100,58237,97062,268850000,268850000
5,283,268850000,268850100,58237,97062,269800000,269800000
5,284,269800000,269800100,58237,97062,270750000,270750000
5,285,270750000,270750100,58237,97062,271700000,271700000
5,286,271700000,271700100,58237,97062,272650000,272650000
5,287,272650000,272650100,58237,97062,273600000,273600000
5,288,273600000,273600100,58237,97062,274550000,274550000
5,289,274550000,274550100,58237,97062,275500000,275500000
5,290,275500000,275500100,58237,97062,276450000,276450000
5,291,276450000,276450100,58237,97062,277400000,277400000
5,292,277400000,277400100,58237,97062,278350000,278350000
5,293,278350000,278350100,58237,97062,279300000,279300000
5,294,279300000,279300100,58237,97062,280250000,280250000
5,295,280250000,280250100,58237,97062,281200000,281200000
5,296,281200000,281200100,58237,97062,282150000,282150000
5,297,282150000,282150100,58237,97062,283100000,283100000
5,298,283100000,283100100,58237,97062,284050000,284050000
5,299,284050000,284050100,58237,97062,285000000,285000000
5,300,285000000,285000100,58237,97062,285950000,285950000
5,301,285950000,285950100,58237,97062,286900000,286900000
5,302,286900000,286900100,58237,97062,287850000,287850000
5,303,287850000,287850100,58237,97062,288800000,288800000
5,304,288800000,288800100,58237,97062,289750000,289750000
5,305,289750000,289750100,58237,97062,290700000,290700000
5,306,290700000,290700100,58237,97062,291650000,291650000
5,307,291650000,291650100,58237,97062,292600000,292600000
5,308,292600000,292600100,58237,97062,293550000,293550000
5,309,293550000,293550100,58237,97062,294500000,294500000
5,310,294500000,294500100,58237,97062,295450000,295450000
5,311,295450000,295450100,58237,97062,296400000,296400000
5,312,296400000,296400100,58237,97062,297350000,297350000
5,313,297350000,297350100,58237,97062,298300000,298300000
5,314,298300000,298300100,58237,97062,299250000,299250000
5,315,299250000,299250100,58237,97062,300200000,300200000
5,316,300200000,300200100,58237,97062,301150000,301150000
5,317,301150000,301150100,58237,97062,302100000,302100000
5,318,302100000,302100100,58237,97062,303050000,303050000
5,319,303050000,303050100,58237,97062,304000000,304000000
5,320,304000000,304000100,58237,97062,304950000,304950000
5,321,304950000,304950100,58237,97062,305900000,305900000
5,322,305900000,305900100,58237,97062,306850000,306850000
5,323,306850000,306850100,58237,97062,307800000,307800000
5,324,307800000,307800100,58237,97062,308750000,308750000
5,325,308750000,308750100,58237,97062,309700000,309700000
5,326,309700000,309700100,58237,97062,310650000,310650000
5,327,310650000,310650100,58237,97062,311600000,311600000
5,328,311600000,311600100,58237,97062,312550000,312550000
5,329,312550000,312550100,58237,97062,313500000,313500000
5,330,313500000,313500100,58237,97062,314450000,314450000
5,331,314450000,314450100,58237,97062,315400000,315400000
5,332,315400000,315400100,58237,97062,316350000,316350000
5,333,316350000,316350100,58237,97062,317300000,317300000
5,334,317300000,317300100,58237,97062,318250000,318250000
5,335,318250000,318250100,58237,97062,319200000,319200000
5,336,319200000,319200100,58237,97062,320150000,320150000
5,337,320150000,320150100,58237,97062,321100000,321100000
5,338,321100000,321100100,58237,97062,322050000,322050000
5,339,322050000,322050100,58237,97062,323000000,323000000
5,340,323000000,323000100,58237,97062,323950000,323950000
5,341,323950000,323950100,58237,97062,324900000,324900000
5,342,324900000,324900100,58237,97062,325850000,325850000
5,343,325850000,325850100,58237,97062,326800000,326800000
5,344,326800000,326800100,58237,97062,327750000,327750000
5,345,327750000,327750100,58237,97062,328700000,328700000
5,346,328700000,328700100,58237,97062,329650000,329650000
5,347,329650000,329650100,58237,97062,330600000,330600000
5,348,330600000,330600100,58237,97062,331550000,331550000
5,349,331550000,331550100,58237,97062,332500000,332500000
5,350,332500000,332500100,58237,97062,333450000,333450000
5,351,333450000,333450100,58237,97062,334400000,334400000
5,352,334400000,334400100,58237,97062,335350000,335350000
5,353,335350000,335350100,58237,97062,336300000,336300000
5,354,336300000,336300100,58237,97062,337250000,337250000
5,355,337250000,337250100,58237,97062,338200000,338200000
5,356,338200000,338200100,58237,97062,339150000,339150000
5,357,339150000,339150100,58237,97062,340100000,340100000
5,358,340100000,340100100,58237,97062,341050000,341050000
5,359,341050000,341050100,58237,97062,342000000,342000000
5,360,342000000,342000100,58237,97062,342950000,342950000
5,361,342950000,342950100,58237,97062,343900000,343900000
5,362,343900000,343900100,58237,97062,344850000,344850000
5,363,344850000,344850100,58237,97062,345800000,345800000
5,364,345800000,345800100,58237,97062,346750000,346750000
5,365,346750000,346750100,58237,97062,347700000,347700000
5,366,347700000,347700100,58237,97062,348650000,348650000
5,367,348650000,348650100,58237,97062,349600000,349600000
5,368,349600000,349600100,58237,97062,350550000,350550000
5,369,350550000,350550100,58237,97062,351500000,351500000
5,370,351500000,351500100,58237,97062,352450000,352450000
5,371,352450000,352450100,58237,97062,353400000,353400000
5,372,353400000,353400100,58237,97062,354350000,354350000
5,373,354350000,354350100,58237,97062,355300000,355300000
5,374,355300000,355300100,58237,97062,356250000,356250000
5,375,356250000,356250100,58237,97062,357200000,357200000
5,376,357200000,357200100,58237,97062,358150000,358150000
5,377,358150000,358150100,58237,97062,359100000,359100000
5,378,359100000,359100100,58237,97062,360050000,360050000
5,379,360050000,360050100,58237,97062,361000000,361000000
5,380,361000000,361000100,58237,97062,361950000,361950000
5,381,361950000,361950100,58237,97062,362900000,362900000
5,382,362900000,362900100,58237,97062,363850000,363850000
5,383,363850000,363850100,58237,97062,364800000,364800000
5,384,364800000,364800100,58237,97062,365750000,365750000
5,385,365750000,365750100,58237,97062,366700000,366700000
5,386,366700000,366700100,58237,97062,367650000,367650000
5,387,367650000,367650100,58237,97062,368600000,368600000
5,388,368600000,368600100,58237,97062,369550000,369550000
5,389,369550000,369550100,58237,97062,370500000,370500000
5,390,370500000,370500100,58237,97062,371450000,371450000
5,391,371450000,371450100,58237,97062,372400000,372400000
5,392,372400000,372400100,58237,97062,373350000,373350000
5,393,373350000,373350100,58237,97062,374300000,374300000
5,394,374300000,374300100,58237,97062,375250000,375250000
5,395,375250000,375250100,58237,97062,376200000,376200000
5,396,376200000,376200100,58237,97062,377150000,377150000
5,397,377150000,377150100,58237,97062,378100000,378100000
5,398,378100000,378100100,58237,97062,379050000,379050000
5,399,379050000,379050100,58237,97062,380000000,380000000
5,400,380000000,380000100,58237,97062,380950000,380950000
5,401,380950000,380950100,58237,97062,381900000,381900000
5,402,381900000,381900100,58237,97062,382850000,382850000
5,403,382850000,382850100,58237,97062,383800000,383800000
5,404,383800000,383800100,58237,97062,384750000,384750000
5,405,384750000,384750100,58237,97062,385700000,385700000
5,406,385700000,385700100,58237,97062,386650000,386650000
5,407,386650000,386650100,58237,97062,387600000,387600000
5,408,387600000,387600100,58237,97062,388550000,388550000
5,409,388550000,388550100,58237,97062,389500000,389500000
5,410,389500000,389500100,58237,97062,390450000,390450000
5,411,390450000,390450100,58237,97062,391400000,391400000
5,412,391400000,391400100,58237,97062,392350000,392350000
5,413,392350000,392350100,58237,97062,393300000,393300000
5,414,393300000,393300100,58237,97062,394250000,394250000
5,415,394250000,394250100,58237,97062,395200000,395200000
5,416,395200000,395200100,58237,97062,396150000,396150000
5,417,396150000,396150100,58237,97062,397100000,397100000
5,418,397100000,397100100,58237,97062,398050000,398050000
5,419,398050000,398050100,58237,97062,399000000,399000000
5,420,399000000,399000100,58237,97062,399950000,399950000
5,421,399950000,399950100,58237,97062,400900000,400900000
5,422,400900000,400900100,58237,97062,401850000,401850000
5,423,401850000,401850100,58237,97062,402800000,402800000
5,424,402800000,402800100,58237,97062,403750000,403750000
5,425,403750000,403750100,58237,97062,404700000,404700000
5,426,404700000,404700100,58237,97062,405650000,405650000
5,427,405650000,405650100,58237,97062,406600000,406600000
5,428,406600000,406600100,58237,97062,407550000,407550000
5,429,407550000,407550100,58237,97062,408500000,408500000
5,430,408500000,408500100,58237,97062,409450000,409450000
5,431,409450000,409450100,58237,97062,410400000,410400000
5,432,410400000,410400100,58237,97062,411350000,411350000
5,433,411350000,411350100,58237,97062,412300000,412300000
5,434,412300000,412300100,58237,97062,413250000,413250000
5,435,413250000,413250100,58237,97062,414200000,414200000
5,436,414200000,414200100,58237,97062,415150000,415150000
5,437,415150000,415150100,58237,97062,416100000,416100000
5,438,416100000,416100100,58237,97062,417050000,417050000
5,439,417050000,417050100,58237,97062,418000000,418000000
5,440,418000000,418000100,58237,97062,418950000,418950000
5,441,418950000,418950100,58237,97062,419900000,419900000
5,442,419900000,419900100,58237,97062,420850000,420850000
5,443,420850000,420850100,58237,97062,421800000,421800000
5,444,421800000,421800100,58237,97062,422750000,422750000
5,445,422750000,422750100,58237,97062,423700000,423700000
5,446,423700000,423700100,58237,97062,424650000,424650000
5,447,424650000,424650100,58237,97062,425600000,425600000
5,448,425600000,425600100,58237,97062,426550000,426550000
5,449,426550000,426550100,58237,97062,427500000,427500000
5,450,427500000,427500100,58237,97062,428450000,428450000
5,451,428450000,428450100,58237,97062,429400000,429400000
5,452,429400000,429400100,58237,97062,430350000,430350000
5,453,430350000,430350100,58237,97062,431300000,431300000
5,454,431300000,431300100,58237,97062,432250000,432250000
5,455,432250000,432250100,58237,97062,433200000,433200000
5,456,433200000,433200100,58237,97062,434150000,434150000
5,457,434150000,434150100,58237,97062,435100000,435100000
5,458,435100000,435100100,58237,97062,436050000,436050000
5,459,436050000,436050100,58237,97062,437000000,437000000
5,460,437000000,437000100,58237,97062,437950000,437950000
5,461,437950000,437950100,58237,97062,438900000,438900000
5,462,438900000,438900100,58237,97062,439850000,439850000
5,463,439850000,439850100,58237,97062,440800000,440800000
5,464,440800000,440800100,58237,97062,441750000,441750000
5,465,441750000,441750100,58237,97062,442700000,442700000
5,466,442700000,442700100,58237,97062,443650000,443650000
5,467,443650000,443650100,58237,97062,444600000,444600000
5,468,444600000,444600100,58237,97062,445550000,445550000
5,469,445550000,445550100,58237,97062,446500000,446500000
5,470,446500000,446500100,58237,97062,447450000,447450000
5,471,447450000,447450100,58237,97062,448400000,448400000
5,472,448400000,448400100,58237,97062,449350000,449350000
5,473,449350000,449350100,58237,97062,450300000,450300000
5,474,450300000,450300100,58237,97062,451250000,451250000
5,475,451250000,451250100,58237,97062,452200000,452200000
5,476,452200000,452200100,58237,97062,453150000,453150000
5,477,453150000,453150100,58237,97062,454100000,454100000
5,478,454100000,454100100,58237,97062,455050000,455050000
5,479,455050000,455050100,58237,97062,456000000,456000000
5,480,456000000,456000100,58237,97062,456950000,456950000
5,481,456950000,456950100,58237,97062,457900000,457900000
5,482,457900000,457900100,58237,97062,458850000,458850000
5,483,458850000,458850100,58237,97062,459800000,459800000
5,484,459800000,459800100,58237,97062,460750000,460750000
5,485,460750000,460750100,58237,97062,461700000,461700000
5,486,461700000,461700100,58237,97062,462650000,462650000
5,487,462650000,462650100,58237,97062,463600000,463600000
5,488,463600000,463600100,58237,97062,464550000,464550000
5,489,464550000,464550100,58237,97062,465500000,465500000
5,490,465500000,465500100,58237,97062,466450000,466450000
5,491,466450000,466450100,58237,97062,467400000,467400000
5,492,467400000,467400100,58237,97062,468350000,468350000
5,493,468350000,468350100,58237,97062,469300000,469300000
5,494,469300000,469300100,58237,97062,470250000,470250000
5,495,470250000,470250100,58237,97062,471200000,471200000
5,496,471200000,471200100,58237,97062,472150000,472150000
5,497,472150000,472150100,58237,97062,473100000,473100000
5,498,473100000,473100100,58237,97062,474050000,474050000
5,499,474050000,474050100,58237,97062,475000000,475000000
5,500,475000000,475000100,58237,97062,475950000,475950000
5,501,475950000,475950100,58237,97062,476900000,476900000
5,502,476900000,476900100,58237,97062,477850000,477850000
5,503,477850000,477850100,58237,97062,478800000,478800000
5,504,478800000,478800100,58237,97062,479750000,479750000
5,505,479750000,479750100,58237,97062,480700000,480700000
5,506,480700000,480700100,58237,97062,481650000,481650000
5,507,481650000,481650100,58237,97062,482600000,482600000
5,508,482600000,482600100,58237,97062,483550000,483550000
5,509,483550000,483550100,58237,97062,484500000,484500000
5,510,484500000,484500100,58237,97062,485450000,485450000
5,511,485450000,485450100,58237,97062,486400000,486400000
5,512,486400000,486400100,58237,97062,487350000,487350000
5,513,487350000,487350100,58237,97062,488300000,488300000
5,514,488300000,488300100,58237,97062,489250000,489250000
5,515,489250000,489250100,58237,97062,490200000,490200000
5,516,490200000,490200100,58237,97062,491150000,491150000
5,517,491150000,491150100,58237,97062,492100000,492100000
5,518,492100000,492100100,58237,97062,493050000,493050000
5,519,493050000,493050100,58237,97062,494000000,494000000
5,520,494000000,494000100,58237,97062,494950000,494950000
5,521,494950000,494950100,58237,97062,495900000,495900000
5,522,495900000,495900100,58237,97062,496850000,496850000
5,523,496850000,496850100,58237,97062,497800000,497800000
5,524,497800000,497800100,58237,97062,498750000,498750000
5,525,498750000,498750100,58237,97062,499700000,499700000
5,526,499700000,499700100,58237,97062,500650000,500650000
5,527,500650000,500650100,58237,97062,501600000,501600000
5,528,501600000,501600100,58237,97062,502550000,502550000
5,529,502550000,502550100,58237,97062,503500000,503500000
5,530,503500000,503500100,58237,97062,504450000,504450000
5,531,504450000,504450100,58237,97062,505400000,505400000
5,532,505400000,505400100,58237,97062,506350000,506350000
5,533,506350000,506350100,58237,97062,507300000,507300000
5,534,507300000,507300100,58237,97062,508250000,508250000
5,535,508250000,508250100,58237,97062,509200000,509200000
5,536,509200000,509200100,58237,97062,510150000,510150000
5,537,510150000,510150100,58237,97062,511100000,511100000
5,538,511100000,511100100,58237,97062,512050000,512050000
5,539,512050000,512050100,58237,97062,513000000,513000000
5,540,513000000,513000100,58237,97062,513950000,513950000
5,541,513950000,513950100,58237,97062,514900000,514900000
5,542,514900000,514900100,58237,97062,515850000,515850000
5,543,515850000,515850100,58237,97062,516800000,516800000
5,544,516800000,516800100,58237,97062,517750000,517750000
5,545,517750000,517750100,58237,97062,518700000,518700000
5,546,518700000,518700100,58237,97062,519650000,519650000
5,547,519650000,519650100,58237,97062,520600000,520600000
5,548,520600000,520600100,58237,97062,521550000,521550000
5,549,521550000,521550100,58237,97062,522500000,522500000
5,550,522500000,522500100,58237,97062,523450000,523450000
5,551,523450000,523450100,58237,97062,524400000,524400000
5,552,524400000,524400100,58237,97062,525350000,525350000
5,553,525350000,525350100,58237,97062,526300000,526300000
5,554,526300000,526300100,58237,97062,527250000,527250000
5,555,527250000,527250100,58237,97062,528200000,528200000
5,556,528200000,528200100,58237,97062,529150000,529150000
5,557,529150000,529150100,58237,97062,530100000,530100000
5,558,530100000,530100100,58237,97062,531050000,531050000
5,559,531050000,531050100,58237,97062,532000000,532000000
5,560,532000000,532000100,58237,97062,532950000,532950000
5,561,532950000,532950100,58237,97062,533900000,533900000
5,562,533900000,533900100,58237,97062,534850000,534850000
5,563,534850000,534850100,58237,97062,535800000,535800000
5,564,535800000,535800100,58237,97062,536750000,536750000
5,565,536750000,536750100,58237,97062,537700000,537700000
5,566,537700000,537700100,58237,97062,538650000,538650000
5,567,538650000,538650100,58237,97062,539600000,539600000
5,568,539600000,539600100,58237,97062,540550000,540550000
5,569,540550000,540550100,58237,97062,541500000,541500000
5,570,541500000,541500100,58237,97062,542450000,542450000
5,571,542450000,542450100,58237,97062,543400000,543400000
5,572,543400000,543400100,58237,97062,544350000,544350000
5,573,544350000,544350100,58237,97062,545300000,545300000
5,574,545300000,545300100,58237,97062,546250000,546250000
5,575,546250000,546250100,58237,97062,547200000,547200000
5,576,547200000,547200100,58237,97062,548150000,548150000
5,577,548150000,548150100,58237,97062,549100000,549100000
5,578,549100000,549100100,58237,97062,550050000,550050000
5,579,550050000,550050100,58237,97062,551000000,551000000
5,580,551000000,551000100,58237,97062,551950000,551950000
5,581,551950000,551950100,58237,97062,552900000,552900000
5,582,552900000,552900100,58237,97062,553850000,553850000
5,583,553850000,553850100,58237,97062,554800000,554800000
5,584,554800000,554800100,58237,97062,555750000,555750000
5,585,555750000,555750100,58237,97062,556700000,556700000
5,586,556700000,556700100,58237,97062,557650000,557650000
5,587,557650000,557650100,58237,97062,558600000,558600000
5,588,558600000,558600100,58237,97062,559550000,559550000
5,589,559550000,559550100,58237,97062,560500000,560500000
5,590,560500000,560500100,58237,97062,561450000,561450000
5,591,561450000,561450100,58237,97062,562400000,562400000
5,592,562400000,562400100,58237,97062,563350000,563350000
5,593,563350000,563350100,58237,97062,564300000,564300000
5,594,564300000,564300100,58237,97062,565250000,565250000
5,595,565250000,565250100,58237,97062,566200000,566200000
5,596,566200000,566200100,58237,97062,567150000,567150000
5,597,567150000,567150100,58237,97062,568100000,568100000
5,598,568100000,568100100,58237,97062,569050000,569050000
5,599,569050000,569050100,58237,97062,570000000,570000000
5,600,570000000,570000100,58237,97062,570950000,570950000
5,601,570950000,570950100,58237,97062,571900000,571900000
5,602,571900000,571900100,58237,97062,572850000,572850000
5,603,572850000,572850100,58237,97062,573800000,573800000
5,604,573800000,573800100,58237,97062,574750000,574750000
5,605,574750000,574750100,58237,97062,575700000,575700000
5,606,575700000,575700100,58237,97062,576650000,576650000
5,607,576650000,576650100,58237,97062,577600000,577600000
5,608,577600000,577600100,58237,97062,578550000,578550000
5,609,578550000,578550100,58237,97062,579500000,579500000
5,610,579500000,579500100,58237,97062,580450000,580450000
5,611,580450000,580450100,58237,97062,581400000,581400000
5,612,581400000,581400100,58237,97062,582350000,582350000
5,613,582350000,582350100,58237,97062,583300000,583300000
5,614,583300000,583300100,58237,97062,584250000,584250000
5,615,584250000,584250100,58237,97062,585200000,585200000
5,616,585200000,585200100,58237,97062,586150000,586150000
5,617,586150000,586150100,58237,97062,587100000,587100000
5,618,587100000,587100100,58237,97062,588050000,588050000
5,619,588050000,588050100,58237,97062,589000000,589000000
5,620,589000000,589000100,58237,97062,589950000,589950000
5,621,589950000,589950100,58237,97062,590900000,590900000
5,622,590900000,590900100,58237,97062,591850000,591850000
5,623,591850000,591850100,58237,97062,592800000,592800000
5,624,592800000,592800100,58237,97062,593750000,593750000
5,625,593750000,593750100,58237,97062,594700000,594700000
5,626,594700000,594700100,58237,97062,595650000,595650000
5,627,595650000,595650100,58237,97062,596600000,596600000
5,628,596600000,596600100,58237,97062,597550000,597550000
5,629,597550000,597550100,58237,97062,598500000,598500000
