Task ID,Job ID,Arrival min,Arrival max,Cost min,Cost max,Deadline,Priority
0,0,0,100,14181,23636,150000,150000
0,1,150000,150100,14181,23636,300000,300000
0,2,300000,300100,14181,23636,450000,450000
0,3,450000,450100,14181,23636,600000,600000
0,4,600000,600100,14181,23636,750000,750000
0,5,750000,750100,14181,23636,900000,900000
0,6,900000,900100,14181,23636,1050000,1050000
0,7,1050000,1050100,14181,23636,1200000,1200000
0,8,1200000,1200100,14181,23636,1350000,1350000
0,9,1350000,1350100,14181,23636,1500000,1500000
0,10,1500000,1500100,14181,23636,1650000,1650000
0,11,1650000,1650100,14181,23636,1800000,1800000
0,12,1800000,1800100,14181,23636,1950000,1950000
0,13,1950000,1950100,14181,23636,2100000,2100000
0,14,2100000,2100100,14181,23636,2250000,2250000
0,15,2250000,2250100,14181,23636,2400000,2400000
0,16,2400000,2400100,14181,23636,2550000,2550000
0,17,2550000,2550100,14181,23636,2700000,2700000
0,18,2700000,2700100,14181,23636,2850000,2850000
0,19,2850000,2850100,14181,23636,3000000,3000000
0,20,3000000,3000100,14181,23636,3150000,3150000
0,21,3150000,3150100,14181,23636,3300000,3300000
0,22,3300000,3300100,14181,23636,3450000,3450000
0,23,3450000,3450100,14181,23636,3600000,3600000
0,24,3600000,3600100,14181,23636,3750000,3750000
0,25,3750000,3750100,14181,23636,3900000,3900000
0,26,3900000,3900100,14181,23636,4050000,4050000
0,27,4050000,4050100,14181,23636,4200000,4200000
0,28,4200000,4200100,14181,23636,4350000,4350000
0,29,4350000,4350100,14181,23636,4500000,4500000
0,30,4500000,4500100,14181,23636,4650000,4650000
0,31,4650000,4650100,14181,23636,4800000,4800000
0,32,4800000,4800100,14181,23636,4950000,4950000
0,33,4950000,4950100,14181,23636,5100000,5100000
0,34,5100000,5100100,14181,23636,5250000,5250000
0,35,5250000,5250100,14181,23636,5400000,5400000
0,36,5400000,5400100,14181,23636,5550000,5550000
0,37,5550000,5550100,14181,23636,5700000,5700000
0,38,5700000,5700100,14181,23636,5850000,5850000
0,39,5850000,5850100,14181,23636,6000000,6000000
0,40,6000000,6000100,14181,23636,6150000,6150000
0,41,6150000,6150100,14181,23636,6300000,6300000
0,42,6300000,6300100,14181,23636,6450000,6450000
0,43,6450000,6450100,14181,23636,6600000,6600000
0,44,6600000,6600100,14181,23636,6750000,6750000
0,45,6750000,6750100,14181,23636,6900000,6900000
0,46,6900000,6900100,14181,23636,7050000,7050000
0,47,7050000,7050100,14181,23636,7200000,7200000
0,48,7200000,7200100,14181,23636,7350000,7350000
0,49,7350000,7350100,14181,23636,7500000,7500000
0,50,7500000,7500100,14181,23636,7650000,7650000
0,51,7650000,7650100,14181,23636,7800000,7800000
0,52,7800000,7800100,14181,23636,7950000,7950000
0,53,7950000,7950100,14181,23636,8100000,8100000
0,54,8100000,8100100,14181,23636,8250000,8250000
0,55,8250000,8250100,14181,23636,8400000,8400000
0,56,8400000,8400100,14181,23636,8550000,8550000
0,57,8550000,8550100,14181,23636,8700000,8700000
0,58,8700000,8700100,14181,23636,8850000,8850000
0,59,8850000,8850100,14181,23636,9000000,9000000
0,60,9000000,9000100,14181,23636,9150000,9150000
0,61,9150000,9150100,14181,23636,9300000,9300000
0,62,9300000,9300100,14181,23636,9450000,9450000
0,63,9450000,9450100,14181,23636,9600000,9600000
0,64,9600000,9600100,14181,23636,9750000,9750000
0,65,9750000,9750100,14181,23636,9900000,9900000
0,66,9900000,9900100,14181,23636,10050000,10050000
0,67,10050000,10050100,14181,23636,10200000,10200000
0,68,10200000,10200100,14181,23636,10350000,10350000
0,69,10350000,10350100,14181,23636,10500000,10500000
0,70,10500000,10500100,14181,23636,10650000,10650000
0,71,10650000,10650100,14181,23636,10800000,10800000
0,72,10800000,10800100,14181,23636,10950000,10950000
0,73,10950000,10950100,14181,23636,11100000,11100000
0,74,11100000,11100100,14181,23636,11250000,11250000
0,75,11250000,11250100,14181,23636,11400000,11400000
0,76,11400000,11400100,14181,23636,11550000,11550000
0,77,11550000,11550100,14181,23636,11700000,11700000
0,78,11700000,11700100,14181,23636,11850000,11850000
0,79,11850000,11850100,14181,23636,12000000,12000000
0,80,12000000,12000100,14181,23636,12150000,12150000
0,81,12150000,12150100,14181,23636,12300000,12300000
0,82,12300000,12300100,14181,23636,12450000,12450000
0,83,12450000,12450100,14181,23636,12600000,12600000
0,84,12600000,12600100,14181,23636,12750000,12750000
0,85,12750000,12750100,14181,23636,12900000,12900000
0,86,12900000,12900100,14181,23636,13050000,13050000
0,87,13050000,13050100,14181,23636,13200000,13200000
0,88,13200000,13200100,14181,23636,13350000,13350000
0,89,13350000,13350100,14181,23636,13500000,13500000
0,90,13500000,13500100,14181,23636,13650000,13650000
0,91,13650000,13650100,14181,23636,13800000,13800000
0,92,13800000,13800100,14181,23636,13950000,13950000
0,93,13950000,13950100,14181,23636,14100000,14100000
0,94,14100000,14100100,14181,23636,14250000,14250000
0,95,14250000,14250100,14181,23636,14400000,14400000
0,96,14400000,14400100,14181,23636,14550000,14550000
0,97,14550000,14550100,14181,23636,14700000,14700000
0,98,14700000,14700100,14181,23636,14850000,14850000
0,99,14850000,14850100,14181,23636,15000000,15000000
0,100,15000000,15000100,14181,23636,15150000,15150000
0,101,15150000,15150100,14181,23636,15300000,15300000
0,102,15300000,15300100,14181,23636,15450000,15450000
0,103,15450000,15450100,14181,23636,15600000,15600000
0,104,15600000,15600100,14181,23636,15750000,15750000
0,105,15750000,15750100,14181,23636,15900000,15900000
0,106,15900000,15900100,14181,23636,16050000,16050000
0,107,16050000,16050100,14181,23636,16200000,16200000
0,108,16200000,16200100,14181,23636,16350000,16350000
0,109,16350000,16350100,14181,23636,16500000,16500000
0,110,16500000,16500100,14181,23636,16650000,16650000
0,111,16650000,16650100,14181,23636,16800000,16800000
0,112,16800000,16800100,14181,23636,16950000,16950000
0,113,16950000,16950100,14181,23636,17100000,17100000
0,114,17100000,17100100,14181,23636,17250000,17250000
0,115,17250000,17250100,14181,23636,17400000,17400000
0,116,17400000,17400100,14181,23636,17550000,17550000
0,117,17550000,17550100,14181,23636,17700000,17700000
0,118,17700000,17700100,14181,23636,17850000,17850000
0,119,17850000,17850100,14181,23636,18000000,18000000
0,120,18000000,18000100,14181,23636,18150000,18150000
0,121,18150000,18150100,14181,23636,18300000,18300000
0,122,18300000,18300100,14181,23636,18450000,18450000
0,123,18450000,18450100,14181,23636,18600000,18600000
0,124,18600000,18600100,14181,23636,18750000,18750000
0,125,18750000,18750100,14181,23636,18900000,18900000
0,126,18900000,18900100,14181,23636,19050000,19050000
0,127,19050000,19050100,14181,23636,19200000,19200000
0,128,19200000,19200100,14181,23636,19350000,19350000
0,129,19350000,19350100,14181,23636,19500000,19500000
0,130,19500000,19500100,14181,23636,19650000,19650000
0,131,19650000,19650100,14181,23636,19800000,19800000
0,132,19800000,19800100,14181,23636,19950000,19950000
0,133,19950000,19950100,14181,23636,20100000,20100000
0,134,20100000,20100100,14181,23636,20250000,20250000
0,135,20250000,20250100,14181,23636,20400000,20400000
0,136,20400000,20400100,14181,23636,20550000,20550000
0,137,20550000,20550100,14181,23636,20700000,20700000
0,138,20700000,20700100,14181,23636,20850000,20850000
0,139,20850000,20850100,14181,23636,21000000,21000000
0,140,21000000,21000100,14181,23636,21150000,21150000
0,141,21150000,21150100,14181,23636,21300000,21300000
0,142,21300000,21300100,14181,23636,21450000,21450000
0,143,21450000,21450100,14181,23636,21600000,21600000
0,144,21600000,21600100,14181,23636,21750000,21750000
0,145,21750000,21750100,14181,23636,21900000,21900000
0,146,21900000,21900100,14181,23636,22050000,22050000
0,147,22050000,22050100,14181,23636,22200000,22200000
0,148,22200000,22200100,14181,23636,22350000,22350000
0,149,22350000,22350100,14181,23636,22500000,22500000
0,150,22500000,22500100,14181,23636,22650000,22650000
0,151,22650000,22650100,14181,23636,22800000,22800000
0,152,22800000,22800100,14181,23636,22950000,22950000
0,153,22950000,22950100,14181,23636,23100000,23100000
0,154,23100000,23100100,14181,23636,23250000,23250000
0,155,23250000,23250100,14181,23636,23400000,23400000
0,156,23400000,23400100,14181,23636,23550000,23550000
0,157,23550000,23550100,14181,23636,23700000,23700000
0,158,23700000,23700100,14181,23636,23850000,23850000
0,159,23850000,23850100,14181,23636,24000000,24000000
0,160,24000000,24000100,14181,23636,24150000,24150000
0,161,24150000,24150100,14181,23636,24300000,24300000
0,162,24300000,24300100,14181,23636,24450000,24450000
0,163,24450000,24450100,14181,23636,24600000,24600000
0,164,24600000,24600100,14181,23636,24750000,24750000
0,165,24750000,24750100,14181,23636,24900000,24900000
0,166,24900000,24900100,14181,23636,25050000,25050000
0,167,25050000,25050100,14181,23636,25200000,25200000
0,168,25200000,25200100,14181,23636,25350000,25350000
0,169,25350000,25350100,14181,23636,25500000,25500000
0,170,25500000,25500100,14181,23636,25650000,25650000
0,171,25650000,25650100,14181,23636,25800000,25800000
0,172,25800000,25800100,14181,23636,25950000,25950000
0,173,25950000,25950100,14181,23636,26100000,26100000
0,174,26100000,26100100,14181,23636,26250000,26250000
0,175,26250000,26250100,14181,23636,26400000,26400000
0,176,26400000,26400100,14181,23636,26550000,26550000
0,177,26550000,26550100,14181,23636,26700000,26700000
0,178,26700000,26700100,14181,23636,26850000,26850000
0,179,26850000,26850100,14181,23636,27000000,27000000
0,180,27000000,27000100,14181,23636,27150000,27150000
0,181,27150000,27150100,14181,23636,27300000,27300000
0,182,27300000,27300100,14181,23636,27450000,27450000
0,183,27450000,27450100,14181,23636,27600000,27600000
0,184,27600000,27600100,14181,23636,27750000,27750000
0,185,27750000,27750100,14181,23636,27900000,27900000
0,186,27900000,27900100,14181,23636,28050000,28050000
0,187,28050000,28050100,14181,23636,28200000,28200000
0,188,28200000,28200100,14181,23636,28350000,28350000
0,189,28350000,28350100,14181,23636,28500000,28500000
0,190,28500000,28500100,14181,23636,28650000,28650000
0,191,28650000,28650100,14181,23636,28800000,28800000
0,192,28800000,28800100,14181,23636,28950000,28950000
0,193,28950000,28950100,14181,23636,29100000,29100000
0,194,29100000,29100100,14181,23636,29250000,29250000
0,195,29250000,29250100,14181,23636,29400000,29400000
0,196,29400000,29400100,14181,23636,29550000,29550000
0,197,29550000,29550100,14181,23636,29700000,29700000
0,198,29700000,29700100,14181,23636,29850000,29850000
0,199,29850000,29850100,14181,23636,30000000,30000000
0,200,30000000,30000100,14181,23636,30150000,30150000
0,201,30150000,30150100,14181,23636,30300000,30300000
0,202,30300000,30300100,14181,23636,30450000,30450000
0,203,30450000,30450100,14181,23636,30600000,30600000
0,204,30600000,30600100,14181,23636,30750000,30750000
0,205,30750000,30750100,14181,23636,30900000,30900000
0,206,30900000,30900100,14181,23636,31050000,31050000
0,207,31050000,31050100,14181,23636,31200000,31200000
0,208,31200000,31200100,14181,23636,31350000,31350000
0,209,31350000,31350100,14181,23636,31500000,31500000
0,210,31500000,31500100,14181,23636,31650000,31650000
0,211,31650000,31650100,14181,23636,31800000,31800000
0,212,31800000,31800100,14181,23636,31950000,31950000
0,213,31950000,31950100,14181,23636,32100000,32100000
0,214,32100000,32100100,14181,23636,32250000,32250000
0,215,32250000,32250100,14181,23636,32400000,32400000
0,216,32400000,32400100,14181,23636,32550000,32550000
0,217,32550000,32550100,14181,23636,32700000,32700000
0,218,32700000,32700100,14181,23636,32850000,32850000
0,219,32850000,32850100,14181,23636,33000000,33000000
0,220,33000000,33000100,14181,23636,33150000,33150000
0,221,33150000,33150100,14181,23636,33300000,33300000
0,222,33300000,33300100,14181,23636,33450000,33450000
0,223,33450000,33450100,14181,23636,33600000,33600000
0,224,33600000,33600100,14181,23636,33750000,33750000
0,225,33750000,33750100,14181,23636,33900000,33900000
0,226,33900000,33900100,14181,23636,34050000,34050000
0,227,34050000,34050100,14181,23636,34200000,34200000
0,228,34200000,34200100,14181,23636,34350000,34350000
0,229,34350000,34350100,14181,23636,34500000,34500000
0,230,34500000,34500100,14181,23636,34650000,34650000
0,231,34650000,34650100,14181,23636,34800000,34800000
0,232,34800000,34800100,14181,23636,34950000,34950000
0,233,34950000,34950100,14181,23636,35100000,35100000
0,234,35100000,35100100,14181,23636,35250000,35250000
0,235,35250000,35250100,14181,23636,35400000,35400000
0,236,35400000,35400100,14181,23636,35550000,35550000
0,237,35550000,35550100,14181,23636,35700000,35700000
0,238,35700000,35700100,14181,23636,35850000,35850000
0,239,35850000,35850100,14181,23636,36000000,36000000
0,240,36000000,36000100,14181,23636,36150000,36150000
0,241,36150000,36150100,14181,23636,36300000,36300000
0,242,36300000,36300100,14181,23636,36450000,36450000
0,243,36450000,36450100,14181,23636,36600000,36600000
0,244,36600000,36600100,14181,23636,36750000,36750000
0,245,36750000,36750100,14181,23636,36900000,36900000
0,246,36900000,36900100,14181,23636,37050000,37050000
0,247,37050000,37050100,14181,23636,37200000,37200000
0,248,37200000,37200100,14181,23636,37350000,37350000
0,249,37350000,37350100,14181,23636,37500000,37500000
0,250,37500000,37500100,14181,23636,37650000,37650000
0,251,37650000,37650100,14181,23636,37800000,37800000
0,252,37800000,37800100,14181,23636,37950000,37950000
0,253,37950000,37950100,14181,23636,38100000,38100000
0,254,38100000,38100100,14181,23636,38250000,38250000
0,255,38250000,38250100,14181,23636,38400000,38400000
0,256,38400000,38400100,14181,23636,38550000,38550000
0,257,38550000,38550100,14181,23636,38700000,38700000
0,258,38700000,38700100,14181,23636,38850000,38850000
0,259,38850000,38850100,14181,23636,39000000,39000000
0,260,39000000,39000100,14181,23636,39150000,39150000
0,261,39150000,39150100,14181,23636,39300000,39300000
0,262,39300000,39300100,14181,23636,39450000,39450000
0,263,39450000,39450100,14181,23636,39600000,39600000
0,264,39600000,39600100,14181,23636,39750000,39750000
0,265,39750000,39750100,14181,23636,39900000,39900000
0,266,39900000,39900100,14181,23636,40050000,40050000
0,267,40050000,40050100,14181,23636,40200000,40200000
0,268,40200000,40200100,14181,23636,40350000,40350000
0,269,40350000,40350100,14181,23636,40500000,40500000
0,270,40500000,40500100,14181,23636,40650000,40650000
0,271,40650000,40650100,14181,23636,40800000,40800000
0,272,40800000,40800100,14181,23636,40950000,40950000
0,273,40950000,40950100,14181,23636,41100000,41100000
0,274,41100000,41100100,14181,23636,41250000,41250000
0,275,41250000,41250100,14181,23636,41400000,41400000
0,276,41400000,41400100,14181,23636,41550000,41550000
0,277,41550000,41550100,14181,23636,41700000,41700000
0,278,41700000,41700100,14181,23636,41850000,41850000
0,279,41850000,41850100,14181,23636,42000000,42000000
0,280,42000000,42000100,14181,23636,42150000,42150000
0,281,42150000,42150100,14181,23636,42300000,42300000
0,282,42300000,42300100,14181,23636,42450000,42450000
0,283,42450000,42450100,14181,23636,42600000,42600000
0,284,42600000,42600100,14181,23636,42750000,42750000
0,285,42750000,42750100,14181,23636,42900000,42900000
0,286,42900000,42900100,14181,23636,43050000,43050000
0,287,43050000,43050100,14181,23636,43200000,43200000
0,288,43200000,43200100,14181,23636,43350000,43350000
0,289,43350000,43350100,14181,23636,43500000,43500000
0,290,43500000,43500100,14181,23636,43650000,43650000
0,291,43650000,43650100,14181,23636,43800000,43800000
0,292,43800000,43800100,14181,23636,43950000,43950000
0,293,43950000,43950100,14181,23636,44100000,44100000
0,294,44100000,44100100,14181,23636,44250000,44250000
0,295,44250000,44250100,14181,23636,44400000,44400000
0,296,44400000,44400100,14181,23636,44550000,44550000
0,297,44550000,44550100,14181,23636,44700000,44700000
0,298,44700000,44700100,14181,23636,44850000,44850000
0,299,44850000,44850100,14181,23636,45000000,45000000
0,300,45000000,45000100,14181,23636,45150000,45150000
0,301,45150000,45150100,14181,23636,45300000,45300000
0,302,45300000,45300100,14181,23636,45450000,45450000
0,303,45450000,45450100,14181,23636,45600000,45600000
0,304,45600000,45600100,14181,23636,45750000,45750000
0,305,45750000,45750100,14181,23636,45900000,45900000
0,306,45900000,45900100,14181,23636,46050000,46050000
0,307,46050000,46050100,14181,23636,46200000,46200000
0,308,46200000,46200100,14181,23636,46350000,46350000
0,309,46350000,46350100,14181,23636,46500000,46500000
0,310,46500000,46500100,14181,23636,46650000,46650000
0,311,46650000,46650100,14181,23636,46800000,46800000
0,312,46800000,46800100,14181,23636,46950000,46950000
0,313,46950000,46950100,14181,23636,47100000,47100000
0,314,47100000,47100100,14181,23636,47250000,47250000
0,315,47250000,47250100,14181,23636,47400000,47400000
0,316,47400000,47400100,14181,23636,47550000,47550000
0,317,47550000,47550100,14181,23636,47700000,47700000
0,318,47700000,47700100,14181,23636,47850000,47850000
0,319,47850000,47850100,14181,23636,48000000,48000000
0,320,48000000,48000100,14181,23636,48150000,48150000
0,321,48150000,48150100,14181,23636,48300000,48300000
0,322,48300000,48300100,14181,23636,48450000,48450000
0,323,48450000,48450100,14181,23636,48600000,48600000
0,324,48600000,48600100,14181,23636,48750000,48750000
0,325,48750000,48750100,14181,23636,48900000,48900000
0,326,48900000,48900100,14181,23636,49050000,49050000
0,327,49050000,49050100,14181,23636,49200000,49200000
0,328,49200000,49200100,14181,23636,49350000,49350000
0,329,49350000,49350100,14181,23636,49500000,49500000
0,330,49500000,49500100,14181,23636,49650000,49650000
0,331,49650000,49650100,14181,23636,49800000,49800000
0,332,49800000,49800100,14181,23636,49950000,49950000
0,333,49950000,49950100,14181,23636,50100000,50100000
0,334,50100000,50100100,14181,23636,50250000,50250000
0,335,50250000,50250100,14181,23636,50400000,50400000
0,336,50400000,50400100,14181,23636,50550000,50550000
0,337,50550000,50550100,14181,23636,50700000,50700000
0,338,50700000,50700100,14181,23636,50850000,50850000
0,339,50850000,50850100,14181,23636,51000000,51000000
0,340,51000000,51000100,14181,23636,51150000,51150000
0,341,51150000,51150100,14181,23636,51300000,51300000
0,342,51300000,51300100,14181,23636,51450000,51450000
0,343,51450000,51450100,14181,23636,51600000,51600000
0,344,51600000,51600100,14181,23636,51750000,51750000
0,345,51750000,51750100,14181,23636,51900000,51900000
0,346,51900000,51900100,14181,23636,52050000,52050000
0,347,52050000,52050100,14181,23636,52200000,52200000
0,348,52200000,52200100,14181,23636,52350000,52350000
0,349,52350000,52350100,14181,23636,52500000,52500000
0,350,52500000,52500100,14181,23636,52650000,52650000
0,351,52650000,52650100,14181,23636,52800000,52800000
0,352,52800000,52800100,14181,23636,52950000,52950000
0,353,52950000,52950100,14181,23636,53100000,53100000
0,354,53100000,53100100,14181,23636,53250000,53250000
0,355,53250000,53250100,14181,23636,53400000,53400000
0,356,53400000,53400100,14181,23636,53550000,53550000
0,357,53550000,53550100,14181,23636,53700000,53700000
0,358,53700000,53700100,14181,23636,53850000,53850000
0,359,53850000,53850100,14181,23636,54000000,54000000
0,360,54000000,54000100,14181,23636,54150000,54150000
0,361,54150000,54150100,14181,23636,54300000,54300000
0,362,54300000,54300100,14181,23636,54450000,54450000
0,363,54450000,54450100,14181,23636,54600000,54600000
0,364,54600000,54600100,14181,23636,54750000,54750000
0,365,54750000,54750100,14181,23636,54900000,54900000
0,366,54900000,54900100,14181,23636,55050000,55050000
0,367,55050000,55050100,14181,23636,55200000,55200000
0,368,55200000,55200100,14181,23636,55350000,55350000
0,369,55350000,55350100,14181,23636,55500000,55500000
0,370,55500000,55500100,14181,23636,55650000,55650000
0,371,55650000,55650100,14181,23636,55800000,55800000
0,372,55800000,55800100,14181,23636,55950000,55950000
0,373,55950000,55950100,14181,23636,56100000,56100000
0,374,56100000,56100100,14181,23636,56250000,56250000
0,375,56250000,56250100,14181,23636,56400000,56400000
0,376,56400000,56400100,14181,23636,56550000,56550000
0,377,56550000,56550100,14181,23636,56700000,56700000
0,378,56700000,56700100,14181,23636,56850000,56850000
0,379,56850000,56850100,14181,23636,57000000,57000000
0,380,57000000,57000100,14181,23636,57150000,57150000
0,381,57150000,57150100,14181,23636,57300000,57300000
0,382,57300000,57300100,14181,23636,57450000,57450000
0,383,57450000,57450100,14181,23636,57600000,57600000
0,384,57600000,57600100,14181,23636,57750000,57750000
0,385,57750000,57750100,14181,23636,57900000,57900000
0,386,57900000,57900100,14181,23636,58050000,58050000
0,387,58050000,58050100,14181,23636,58200000,58200000
0,388,58200000,58200100,14181,23636,58350000,58350000
0,389,58350000,58350100,14181,23636,58500000,58500000
0,390,58500000,58500100,14181,23636,58650000,58650000
0,391,58650000,58650100,14181,23636,58800000,58800000
0,392,58800000,58800100,14181,23636,58950000,58950000
0,393,58950000,58950100,14181,23636,59100000,59100000
0,394,59100000,59100100,14181,23636,59250000,59250000
0,395,59250000,59250100,14181,23636,59400000,59400000
0,396,59400000,59400100,14181,23636,59550000,59550000
0,397,59550000,59550100,14181,23636,59700000,59700000
0,398,59700000,59700100,14181,23636,59850000,59850000
0,399,59850000,59850100,14181,23636,60000000,60000000
0,400,60000000,60000100,14181,23636,60150000,60150000
0,401,60150000,60150100,14181,23636,60300000,60300000
0,402,60300000,60300100,14181,23636,60450000,60450000
0,403,60450000,60450100,14181,23636,60600000,60600000
0,404,60600000,60600100,14181,23636,60750000,60750000
0,405,60750000,60750100,14181,23636,60900000,60900000
0,406,60900000,60900100,14181,23636,61050000,61050000
0,407,61050000,61050100,14181,23636,61200000,61200000
0,408,61200000,61200100,14181,23636,61350000,61350000
0,409,61350000,61350100,14181,23636,61500000,61500000
0,410,61500000,61500100,14181,23636,61650000,61650000
0,411,61650000,61650100,14181,23636,61800000,61800000
0,412,61800000,61800100,14181,23636,61950000,61950000
0,413,61950000,61950100,14181,23636,62100000,62100000
0,414,62100000,62100100,14181,23636,62250000,62250000
0,415,62250000,62250100,14181,23636,62400000,62400000
0,416,62400000,62400100,14181,23636,62550000,62550000
0,417,62550000,62550100,14181,23636,62700000,62700000
0,418,62700000,62700100,14181,23636,62850000,62850000
0,419,62850000,62850100,14181,23636,63000000,63000000
0,420,63000000,63000100,14181,23636,63150000,63150000
0,421,63150000,63150100,14181,23636,63300000,63300000
0,422,63300000,63300100,14181,23636,63450000,63450000
0,423,63450000,63450100,14181,23636,63600000,63600000
0,424,63600000,63600100,14181,23636,63750000,63750000
0,425,63750000,63750100,14181,23636,63900000,63900000
0,426,63900000,63900100,14181,23636,64050000,64050000
0,427,64050000,64050100,14181,23636,64200000,64200000
0,428,64200000,64200100,14181,23636,64350000,64350000
0,429,64350000,64350100,14181,23636,64500000,64500000
0,430,64500000,64500100,14181,23636,64650000,64650000
0,431,64650000,64650100,14181,23636,64800000,64800000
0,432,64800000,64800100,14181,23636,64950000,64950000
0,433,64950000,64950100,14181,23636,65100000,65100000
0,434,65100000,65100100,14181,23636,65250000,65250000
0,435,65250000,65250100,14181,23636,65400000,65400000
0,436,65400000,65400100,14181,23636,65550000,65550000
0,437,65550000,65550100,14181,23636,65700000,65700000
0,438,65700000,65700100,14181,23636,65850000,65850000
0,439,65850000,65850100,14181,23636,66000000,66000000
0,440,66000000,66000100,14181,23636,66150000,66150000
0,441,66150000,66150100,14181,23636,66300000,66300000
0,442,66300000,66300100,14181,23636,66450000,66450000
0,443,66450000,66450100,14181,23636,66600000,66600000
0,444,66600000,66600100,14181,23636,66750000,66750000
0,445,66750000,66750100,14181,23636,66900000,66900000
0,446,66900000,66900100,14181,23636,67050000,67050000
0,447,67050000,67050100,14181,23636,67200000,67200000
0,448,67200000,67200100,14181,23636,67350000,67350000
0,449,67350000,67350100,14181,23636,67500000,67500000
0,450,67500000,67500100,14181,23636,67650000,67650000
0,451,67650000,67650100,14181,23636,67800000,67800000
0,452,67800000,67800100,14181,23636,67950000,67950000
0,453,67950000,67950100,14181,23636,68100000,68100000
0,454,68100000,68100100,14181,23636,68250000,68250000
0,455,68250000,68250100,14181,23636,68400000,68400000
0,456,68400000,68400100,14181,23636,68550000,68550000
0,457,68550000,68550100,14181,23636,68700000,68700000
0,458,68700000,68700100,14181,23636,68850000,68850000
0,459,68850000,68850100,14181,23636,69000000,69000000
0,460,69000000,69000100,14181,23636,69150000,69150000
0,461,69150000,69150100,14181,23636,69300000,69300000
0,462,69300000,69300100,14181,23636,69450000,69450000
0,463,69450000,69450100,14181,23636,69600000,69600000
0,464,69600000,69600100,14181,23636,69750000,69750000
0,465,69750000,69750100,14181,23636,69900000,69900000
0,466,69900000,69900100,14181,23636,70050000,70050000
0,467,70050000,70050100,14181,23636,70200000,70200000
0,468,70200000,70200100,14181,23636,70350000,70350000
0,469,70350000,70350100,14181,23636,70500000,70500000
0,470,70500000,70500100,14181,23636,70650000,70650000
0,471,70650000,70650100,14181,23636,70800000,70800000
0,472,70800000,70800100,14181,23636,70950000,70950000
0,473,70950000,70950100,14181,23636,71100000,71100000
0,474,71100000,71100100,14181,23636,71250000,71250000
0,475,71250000,71250100,14181,23636,71400000,71400000
0,476,71400000,71400100,14181,23636,71550000,71550000
0,477,71550000,71550100,14181,23636,71700000,71700000
0,478,71700000,71700100,14181,23636,71850000,71850000
0,479,71850000,71850100,14181,23636,72000000,72000000
0,480,72000000,72000100,14181,23636,72150000,72150000
0,481,72150000,72150100,14181,23636,72300000,72300000
0,482,72300000,72300100,14181,23636,72450000,72450000
0,483,72450000,72450100,14181,23636,72600000,72600000
0,484,72600000,72600100,14181,23636,72750000,72750000
0,485,72750000,72750100,14181,23636,72900000,72900000
0,486,72900000,72900100,14181,23636,73050000,73050000
0,487,73050000,73050100,14181,23636,73200000,73200000
0,488,73200000,73200100,14181,23636,73350000,73350000
0,489,73350000,73350100,14181,23636,73500000,73500000
0,490,73500000,73500100,14181,23636,73650000,73650000
0,491,73650000,73650100,14181,23636,73800000,73800000
0,492,73800000,73800100,14181,23636,73950000,73950000
0,493,73950000,73950100,14181,23636,74100000,74100000
0,494,74100000,74100100,14181,23636,74250000,74250000
0,495,74250000,74250100,14181,23636,74400000,74400000
0,496,74400000,74400100,14181,23636,74550000,74550000
0,497,74550000,74550100,14181,23636,74700000,74700000
0,498,74700000,74700100,14181,23636,74850000,74850000
0,499,74850000,74850100,14181,23636,75000000,75000000
0,500,75000000,75000100,14181,23636,75150000,75150000
0,501,75150000,75150100,14181,23636,75300000,75300000
0,502,75300000,75300100,14181,23636,75450000,75450000
0,503,75450000,75450100,14181,23636,75600000,75600000
0,504,75600000,75600100,14181,23636,75750000,75750000
0,505,75750000,75750100,14181,23636,75900000,75900000
0,506,75900000,75900100,14181,23636,76050000,76050000
0,507,76050000,76050100,14181,23636,76200000,76200000
0,508,76200000,76200100,14181,23636,76350000,76350000
0,509,76350000,76350100,14181,23636,76500000,76500000
0,510,76500000,76500100,14181,23636,76650000,76650000
0,511,76650000,76650100,14181,23636,76800000,76800000
0,512,76800000,76800100,14181,23636,76950000,76950000
0,513,76950000,76950100,14181,23636,77100000,77100000
0,514,77100000,77100100,14181,23636,77250000,77250000
0,515,77250000,77250100,14181,23636,77400000,77400000
0,516,77400000,77400100,14181,23636,77550000,77550000
0,517,77550000,77550100,14181,23636,77700000,77700000
0,518,77700000,77700100,14181,23636,77850000,77850000
0,519,77850000,77850100,14181,23636,78000000,78000000
0,520,78000000,78000100,14181,23636,78150000,78150000
0,521,78150000,78150100,14181,23636,78300000,78300000
0,522,78300000,78300100,14181,23636,78450000,78450000
0,523,78450000,78450100,14181,23636,78600000,78600000
0,524,78600000,78600100,14181,23636,78750000,78750000
0,525,78750000,78750100,14181,23636,78900000,78900000
0,526,78900000,78900100,14181,23636,79050000,79050000
0,527,79050000,79050100,14181,23636,79200000,79200000
0,528,79200000,79200100,14181,23636,79350000,79350000
0,529,79350000,79350100,14181,23636,79500000,79500000
0,530,79500000,79500100,14181,23636,79650000,79650000
0,531,79650000,79650100,14181,23636,79800000,79800000
0,532,79800000,79800100,14181,23636,79950000,79950000
0,533,79950000,79950100,14181,23636,80100000,80100000
0,534,80100000,80100100,14181,23636,80250000,80250000
0,535,80250000,80250100,14181,23636,80400000,80400000
0,536,80400000,80400100,14181,23636,80550000,80550000
0,537,80550000,80550100,14181,23636,80700000,80700000
0,538,80700000,80700100,14181,23636,80850000,80850000
0,539,80850000,80850100,14181,23636,81000000,81000000
0,540,81000000,81000100,14181,23636,81150000,81150000
0,541,81150000,81150100,14181,23636,81300000,81300000
0,542,81300000,81300100,14181,23636,81450000,81450000
0,543,81450000,81450100,14181,23636,81600000,81600000
0,544,81600000,81600100,14181,23636,81750000,81750000
0,545,81750000,81750100,14181,23636,81900000,81900000
0,546,81900000,81900100,14181,23636,82050000,82050000
0,547,82050000,82050100,14181,23636,82200000,82200000
0,548,82200000,82200100,14181,23636,82350000,82350000
0,549,82350000,82350100,14181,23636,82500000,82500000
0,550,82500000,82500100,14181,23636,82650000,82650000
0,551,82650000,82650100,14181,23636,82800000,82800000
0,552,82800000,82800100,14181,23636,82950000,82950000
0,553,82950000,82950100,14181,23636,83100000,83100000
0,554,83100000,83100100,14181,23636,83250000,83250000
0,555,83250000,83250100,14181,23636,83400000,83400000
0,556,83400000,83400100,14181,23636,83550000,83550000
0,557,83550000,83550100,14181,23636,83700000,83700000
0,558,83700000,83700100,14181,23636,83850000,83850000
0,559,83850000,83850100,14181,23636,84000000,84000000
0,560,84000000,84000100,14181,23636,84150000,84150000
0,561,84150000,84150100,14181,23636,84300000,84300000
0,562,84300000,84300100,14181,23636,84450000,84450000
0,563,84450000,84450100,14181,23636,84600000,84600000
0,564,84600000,84600100,14181,23636,84750000,84750000
0,565,84750000,84750100,14181,23636,84900000,84900000
0,566,84900000,84900100,14181,23636,85050000,85050000
0,567,85050000,85050100,14181,23636,85200000,85200000
0,568,85200000,85200100,14181,23636,85350000,85350000
0,569,85350000,85350100,14181,23636,85500000,85500000
0,570,85500000,85500100,14181,23636,85650000,85650000
0,571,85650000,85650100,14181,23636,85800000,85800000
0,572,85800000,85800100,14181,23636,85950000,85950000
0,573,85950000,85950100,14181,23636,86100000,86100000
0,574,86100000,86100100,14181,23636,86250000,86250000
0,575,86250000,86250100,14181,23636,86400000,86400000
0,576,86400000,86400100,14181,23636,86550000,86550000
0,577,86550000,86550100,14181,23636,86700000,86700000
0,578,86700000,86700100,14181,23636,86850000,86850000
0,579,86850000,86850100,14181,23636,87000000,87000000
0,580,87000000,87000100,14181,23636,87150000,87150000
0,581,87150000,87150100,14181,23636,87300000,87300000
0,582,87300000,87300100,14181,23636,87450000,87450000
0,583,87450000,87450100,14181,23636,87600000,87600000
0,584,87600000,87600100,14181,23636,87750000,87750000
0,585,87750000,87750100,14181,23636,87900000,87900000
0,586,87900000,87900100,14181,23636,88050000,88050000
0,587,88050000,88050100,14181,23636,88200000,88200000
0,588,88200000,88200100,14181,23636,88350000,88350000
0,589,88350000,88350100,14181,23636,88500000,88500000
0,590,88500000,88500100,14181,23636,88650000,88650000
0,591,88650000,88650100,14181,23636,88800000,88800000
0,592,88800000,88800100,14181,23636,88950000,88950000
0,593,88950000,88950100,14181,23636,89100000,89100000
0,594,89100000,89100100,14181,23636,89250000,89250000
0,595,89250000,89250100,14181,23636,89400000,89400000
0,596,89400000,89400100,14181,23636,89550000,89550000
0,597,89550000,89550100,14181,23636,89700000,89700000
0,598,89700000,89700100,14181,23636,89850000,89850000
0,599,89850000,89850100,14181,23636,90000000,90000000
0,600,90000000,90000100,14181,23636,90150000,90150000
0,601,90150000,90150100,14181,23636,90300000,90300000
0,602,90300000,90300100,14181,23636,90450000,90450000
0,603,90450000,90450100,14181,23636,90600000,90600000
0,604,90600000,90600100,14181,23636,90750000,90750000
0,605,90750000,90750100,14181,23636,90900000,90900000
0,606,90900000,90900100,14181,23636,91050000,91050000
0,607,91050000,91050100,14181,23636,91200000,91200000
0,608,91200000,91200100,14181,23636,91350000,91350000
0,609,91350000,91350100,14181,23636,91500000,91500000
0,610,91500000,91500100,14181,23636,91650000,91650000
0,611,91650000,91650100,14181,23636,91800000,91800000
0,612,91800000,91800100,14181,23636,91950000,91950000
0,613,91950000,91950100,14181,23636,92100000,92100000
0,614,92100000,92100100,14181,23636,92250000,92250000
0,615,92250000,92250100,14181,23636,92400000,92400000
0,616,92400000,92400100,14181,23636,92550000,92550000
0,617,92550000,92550100,14181,23636,92700000,92700000
0,618,92700000,92700100,14181,23636,92850000,92850000
0,619,92850000,92850100,14181,23636,93000000,93000000
0,620,93000000,93000100,14181,23636,93150000,93150000
0,621,93150000,93150100,14181,23636,93300000,93300000
0,622,93300000,93300100,14181,23636,93450000,93450000
0,623,93450000,93450100,14181,23636,93600000,93600000
0,624,93600000,93600100,14181,23636,93750000,93750000
0,625,93750000,93750100,14181,23636,93900000,93900000
0,626,93900000,93900100,14181,23636,94050000,94050000
0,627,94050000,94050100,14181,23636,94200000,94200000
0,628,94200000,94200100,14181,23636,94350000,94350000
0,629,94350000,94350100,14181,23636,94500000,94500000
0,630,94500000,94500100,14181,23636,94650000,94650000
0,631,94650000,94650100,14181,23636,94800000,94800000
0,632,94800000,94800100,14181,23636,94950000,94950000
0,633,94950000,94950100,14181,23636,95100000,95100000
0,634,95100000,95100100,14181,23636,95250000,95250000
0,635,95250000,95250100,14181,23636,95400000,95400000
0,636,95400000,95400100,14181,23636,95550000,95550000
0,637,95550000,95550100,14181,23636,95700000,95700000
0,638,95700000,95700100,14181,23636,95850000,95850000
0,639,95850000,95850100,14181,23636,96000000,96000000
0,640,96000000,96000100,14181,23636,96150000,96150000
0,641,96150000,96150100,14181,23636,96300000,96300000
0,642,96300000,96300100,14181,23636,96450000,96450000
0,643,96450000,96450100,14181,23636,96600000,96600000
0,644,96600000,96600100,14181,23636,96750000,96750000
0,645,96750000,96750100,14181,23636,96900000,96900000
0,646,96900000,96900100,14181,23636,97050000,97050000
0,647,97050000,97050100,14181,23636,97200000,97200000
0,648,97200000,97200100,14181,23636,97350000,97350000
0,649,97350000,97350100,14181,23636,97500000,97500000
0,650,97500000,97500100,14181,23636,97650000,97650000
0,651,97650000,97650100,14181,23636,97800000,97800000
0,652,97800000,97800100,14181,23636,97950000,97950000
0,653,97950000,97950100,14181,23636,98100000,98100000
0,654,98100000,98100100,14181,23636,98250000,98250000
0,655,98250000,98250100,14181,23636,98400000,98400000
0,656,98400000,98400100,14181,23636,98550000,98550000
0,657,98550000,98550100,14181,23636,98700000,98700000
0,658,98700000,98700100,14181,23636,98850000,98850000
0,659,98850000,98850100,14181,23636,99000000,99000000
0,660,99000000,99000100,14181,23636,99150000,99150000
0,661,99150000,99150100,14181,23636,99300000,99300000
0,662,99300000,99300100,14181,23636,99450000,99450000
0,663,99450000,99450100,14181,23636,99600000,99600000
0,664,99600000,99600100,14181,23636,99750000,99750000
0,665,99750000,99750100,14181,23636,99900000,99900000
0,666,99900000,99900100,14181,23636,100050000,100050000
0,667,100050000,100050100,14181,23636,100200000,100200000
0,668,100200000,100200100,14181,23636,100350000,100350000
0,669,100350000,100350100,14181,23636,100500000,100500000
0,670,100500000,100500100,14181,23636,100650000,100650000
0,671,100650000,100650100,14181,23636,100800000,100800000
0,672,100800000,100800100,14181,23636,100950000,100950000
0,673,100950000,100950100,14181,23636,101100000,101100000
0,674,101100000,101100100,14181,23636,101250000,101250000
0,675,101250000,101250100,14181,23636,101400000,101400000
0,676,101400000,101400100,14181,23636,101550000,101550000
0,677,101550000,101550100,14181,23636,101700000,101700000
0,678,101700000,101700100,14181,23636,101850000,101850000
0,679,101850000,101850100,14181,23636,102000000,102000000
0,680,102000000,102000100,14181,23636,102150000,102150000
0,681,102150000,102150100,14181,23636,102300000,102300000
0,682,102300000,102300100,14181,23636,102450000,102450000
0,683,102450000,102450100,14181,23636,102600000,102600000
0,684,102600000,102600100,14181,23636,102750000,102750000
0,685,102750000,102750100,14181,23636,102900000,102900000
0,686,102900000,102900100,14181,23636,103050000,103050000
0,687,103050000,103050100,14181,23636,103200000,103200000
0,688,103200000,103200100,14181,23636,103350000,103350000
0,689,103350000,103350100,14181,23636,103500000,103500000
0,690,103500000,103500100,14181,23636,103650000,103650000
0,691,103650000,103650100,14181,23636,103800000,103800000
0,692,103800000,103800100,14181,23636,103950000,103950000
0,693,103950000,103950100,14181,23636,104100000,104100000
0,694,104100000,104100100,14181,23636,104250000,104250000
0,695,104250000,104250100,14181,23636,104400000,104400000
0,696,104400000,104400100,14181,23636,104550000,104550000
0,697,104550000,104550100,14181,23636,104700000,104700000
0,698,104700000,104700100,14181,23636,104850000,104850000
0,699,104850000,104850100,14181,23636,105000000,105000000
0,700,105000000,105000100,14181,23636,105150000,105150000
0,701,105150000,105150100,14181,23636,105300000,105300000
0,702,105300000,105300100,14181,23636,105450000,105450000
0,703,105450000,105450100,14181,23636,105600000,105600000
0,704,105600000,105600100,14181,23636,105750000,105750000
0,705,105750000,105750100,14181,23636,105900000,105900000
0,706,105900000,105900100,14181,23636,106050000,106050000
0,707,106050000,106050100,14181,23636,106200000,106200000
0,708,106200000,106200100,14181,23636,106350000,106350000
0,709,106350000,106350100,14181,23636,106500000,106500000
0,710,106500000,106500100,14181,23636,106650000,106650000
0,711,106650000,106650100,14181,23636,106800000,106800000
0,712,106800000,106800100,14181,23636,106950000,106950000
0,713,106950000,106950100,14181,23636,107100000,107100000
0,714,107100000,107100100,14181,23636,107250000,107250000
0,715,107250000,107250100,14181,23636,107400000,107400000
0,716,107400000,107400100,14181,23636,107550000,107550000
0,717,107550000,107550100,14181,23636,107700000,107700000
0,718,107700000,107700100,14181,23636,107850000,107850000
0,719,107850000,107850100,14181,23636,108000000,108000000
0,720,108000000,108000100,14181,23636,108150000,108150000
0,721,108150000,108150100,14181,23636,108300000,108300000
0,722,108300000,108300100,14181,23636,108450000,108450000
0,723,108450000,108450100,14181,23636,108600000,108600000
0,724,108600000,108600100,14181,23636,108750000,108750000
0,725,108750000,108750100,14181,23636,108900000,108900000
0,726,108900000,108900100,14181,23636,109050000,109050000
0,727,109050000,109050100,14181,23636,109200000,109200000
0,728,109200000,109200100,14181,23636,109350000,109350000
0,729,109350000,109350100,14181,23636,109500000,109500000
0,730,109500000,109500100,14181,23636,109650000,109650000
0,731,109650000,109650100,14181,23636,109800000,109800000
0,732,109800000,109800100,14181,23636,109950000,109950000
0,733,109950000,109950100,14181,23636,110100000,110100000
0,734,110100000,110100100,14181,23636,110250000,110250000
0,735,110250000,110250100,14181,23636,110400000,110400000
0,736,110400000,110400100,14181,23636,110550000,110550000
0,737,110550000,110550100,14181,23636,110700000,110700000
0,738,110700000,110700100,14181,23636,110850000,110850000
0,739,110850000,110850100,14181,23636,111000000,111000000
0,740,111000000,111000100,14181,23636,111150000,111150000
0,741,111150000,111150100,14181,23636,111300000,111300000
0,742,111300000,111300100,14181,23636,111450000,111450000
0,743,111450000,111450100,14181,23636,111600000,111600000
0,744,111600000,111600100,14181,23636,111750000,111750000
0,745,111750000,111750100,14181,23636,111900000,111900000
0,746,111900000,111900100,14181,23636,112050000,112050000
0,747,112050000,112050100,14181,23636,112200000,112200000
0,748,112200000,112200100,14181,23636,112350000,112350000
0,749,112350000,112350100,14181,23636,112500000,112500000
0,750,112500000,112500100,14181,23636,112650000,112650000
0,751,112650000,112650100,14181,23636,112800000,112800000
0,752,112800000,112800100,14181,23636,112950000,112950000
0,753,112950000,112950100,14181,23636,113100000,113100000
0,754,113100000,113100100,14181,23636,113250000,113250000
0,755,113250000,113250100,14181,23636,113400000,113400000
0,756,113400000,113400100,14181,23636,113550000,113550000
0,757,113550000,113550100,14181,23636,113700000,113700000
0,758,113700000,113700100,14181,23636,113850000,113850000
0,759,113850000,113850100,14181,23636,114000000,114000000
0,760,114000000,114000100,14181,23636,114150000,114150000
0,761,114150000,114150100,14181,23636,114300000,114300000
0,762,114300000,114300100,14181,23636,114450000,114450000
0,763,114450000,114450100,14181,23636,114600000,114600000
0,764,114600000,114600100,14181,23636,114750000,114750000
0,765,114750000,114750100,14181,23636,114900000,114900000
0,766,114900000,114900100,14181,23636,115050000,115050000
0,767,115050000,115050100,14181,23636,115200000,115200000
0,768,115200000,115200100,14181,23636,115350000,115350000
0,769,115350000,115350100,14181,23636,115500000,115500000
0,770,115500000,115500100,14181,23636,115650000,115650000
0,771,115650000,115650100,14181,23636,115800000,115800000
0,772,115800000,115800100,14181,23636,115950000,115950000
0,773,115950000,115950100,14181,23636,116100000,116100000
0,774,116100000,116100100,14181,23636,116250000,116250000
0,775,116250000,116250100,14181,23636,116400000,116400000
0,776,116400000,116400100,14181,23636,116550000,116550000
0,777,116550000,116550100,14181,23636,116700000,116700000
0,778,116700000,116700100,14181,23636,116850000,116850000
0,779,116850000,116850100,14181,23636,117000000,117000000
0,780,117000000,117000100,14181,23636,117150000,117150000
0,781,117150000,117150100,14181,23636,117300000,117300000
0,782,117300000,117300100,14181,23636,117450000,117450000
0,783,117450000,117450100,14181,23636,117600000,117600000
0,784,117600000,117600100,14181,23636,117750000,117750000
0,785,117750000,117750100,14181,23636,117900000,117900000
0,786,117900000,117900100,14181,23636,118050000,118050000
0,787,118050000,118050100,14181,23636,118200000,118200000
0,788,118200000,118200100,14181,23636,118350000,118350000
0,789,118350000,118350100,14181,23636,118500000,118500000
0,790,118500000,118500100,14181,23636,118650000,118650000
0,791,118650000,118650100,14181,23636,118800000,118800000
0,792,118800000,118800100,14181,23636,118950000,118950000
0,793,118950000,118950100,14181,23636,119100000,119100000
0,794,119100000,119100100,14181,23636,119250000,119250000
0,795,119250000,119250100,14181,23636,119400000,119400000
0,796,119400000,119400100,14181,23636,119550000,119550000
0,797,119550000,119550100,14181,23636,119700000,119700000
0,798,119700000,119700100,14181,23636,119850000,119850000
0,799,119850000,119850100,14181,23636,120000000,120000000
0,800,120000000,120000100,14181,23636,120150000,120150000
0,801,120150000,120150100,14181,23636,120300000,120300000
0,802,120300000,120300100,14181,23636,120450000,120450000
0,803,120450000,120450100,14181,23636,120600000,120600000
0,804,120600000,120600100,14181,23636,120750000,120750000
0,805,120750000,120750100,14181,23636,120900000,120900000
0,806,120900000,120900100,14181,23636,121050000,121050000
0,807,121050000,121050100,14181,23636,121200000,121200000
0,808,121200000,121200100,14181,23636,121350000,121350000
0,809,121350000,121350100,14181,23636,121500000,121500000
0,810,121500000,121500100,14181,23636,121650000,121650000
0,811,121650000,121650100,14181,23636,121800000,121800000
0,812,121800000,121800100,14181,23636,121950000,121950000
0,813,121950000,121950100,14181,23636,122100000,122100000
0,814,122100000,122100100,14181,23636,122250000,122250000
0,815,122250000,122250100,14181,23636,122400000,122400000
0,816,122400000,122400100,14181,23636,122550000,122550000
0,817,122550000,122550100,14181,23636,122700000,122700000
0,818,122700000,122700100,14181,23636,122850000,122850000
0,819,122850000,122850100,14181,23636,123000000,123000000
0,820,123000000,123000100,14181,23636,123150000,123150000
0,821,123150000,123150100,14181,23636,123300000,123300000
0,822,123300000,123300100,14181,23636,123450000,123450000
0,823,123450000,123450100,14181,23636,123600000,123600000
0,824,123600000,123600100,14181,23636,123750000,123750000
0,825,123750000,123750100,14181,23636,123900000,123900000
0,826,123900000,123900100,14181,23636,124050000,124050000
0,827,124050000,124050100,14181,23636,124200000,124200000
0,828,124200000,124200100,14181,23636,124350000,124350000
0,829,124350000,124350100,14181,23636,124500000,124500000
0,830,124500000,124500100,14181,23636,124650000,124650000
0,831,124650000,124650100,14181,23636,124800000,124800000
0,832,124800000,124800100,14181,23636,124950000,124950000
0,833,124950000,124950100,14181,23636,125100000,125100000
0,834,125100000,125100100,14181,23636,125250000,125250000
0,835,125250000,125250100,14181,23636,125400000,125400000
0,836,125400000,125400100,14181,23636,125550000,125550000
0,837,125550000,125550100,14181,23636,125700000,125700000
0,838,125700000,125700100,14181,23636,125850000,125850000
0,839,125850000,125850100,14181,23636,126000000,126000000
0,840,126000000,126000100,14181,23636,126150000,126150000
0,841,126150000,126150100,14181,23636,126300000,126300000
0,842,126300000,126300100,14181,23636,126450000,126450000
0,843,126450000,126450100,14181,23636,126600000,126600000
0,844,126600000,126600100,14181,23636,126750000,126750000
0,845,126750000,126750100,14181,23636,126900000,126900000
0,846,126900000,126900100,14181,23636,127050000,127050000
0,847,127050000,127050100,14181,23636,127200000,127200000
0,848,127200000,127200100,14181,23636,127350000,127350000
0,849,127350000,127350100,14181,23636,127500000,127500000
0,850,127500000,127500100,14181,23636,127650000,127650000
0,851,127650000,127650100,14181,23636,127800000,127800000
0,852,127800000,127800100,14181,23636,127950000,127950000
0,853,127950000,127950100,14181,23636,128100000,128100000
0,854,128100000,128100100,14181,23636,128250000,128250000
0,855,128250000,128250100,14181,23636,128400000,128400000
0,856,128400000,128400100,14181,23636,128550000,128550000
0,857,128550000,128550100,14181,23636,128700000,128700000
0,858,128700000,128700100,14181,23636,128850000,128850000
0,859,128850000,128850100,14181,23636,129000000,129000000
0,860,129000000,129000100,14181,23636,129150000,129150000
0,861,129150000,129150100,14181,23636,129300000,129300000
0,862,129300000,129300100,14181,23636,129450000,129450000
0,863,129450000,129450100,14181,23636,129600000,129600000
0,864,129600000,129600100,14181,23636,129750000,129750000
0,865,129750000,129750100,14181,23636,129900000,129900000
0,866,129900000,129900100,14181,23636,130050000,130050000
0,867,130050000,130050100,14181,23636,130200000,130200000
0,868,130200000,130200100,14181,23636,130350000,130350000
0,869,130350000,130350100,14181,23636,130500000,130500000
0,870,130500000,130500100,14181,23636,130650000,130650000
0,871,130650000,130650100,14181,23636,130800000,130800000
0,872,130800000,130800100,14181,23636,130950000,130950000
0,873,130950000,130950100,14181,23636,131100000,131100000
0,874,131100000,131100100,14181,23636,131250000,131250000
0,875,131250000,131250100,14181,23636,131400000,131400000
0,876,131400000,131400100,14181,23636,131550000,131550000
0,877,131550000,131550100,14181,23636,131700000,131700000
0,878,131700000,131700100,14181,23636,131850000,131850000
0,879,131850000,131850100,14181,23636,132000000,132000000
0,880,132000000,132000100,14181,23636,132150000,132150000
0,881,132150000,132150100,14181,23636,132300000,132300000
0,882,132300000,132300100,14181,23636,132450000,132450000
0,883,132450000,132450100,14181,23636,132600000,132600000
0,884,132600000,132600100,14181,23636,132750000,132750000
0,885,132750000,132750100,14181,23636,132900000,132900000
0,886,132900000,132900100,14181,23636,133050000,133050000
0,887,133050000,133050100,14181,23636,133200000,133200000
0,888,133200000,133200100,14181,23636,133350000,133350000
0,889,133350000,133350100,14181,23636,133500000,133500000
0,890,133500000,133500100,14181,23636,133650000,133650000
0,891,133650000,133650100,14181,23636,133800000,133800000
0,892,133800000,133800100,14181,23636,133950000,133950000
0,893,133950000,133950100,14181,23636,134100000,134100000
0,894,134100000,134100100,14181,23636,134250000,134250000
0,895,134250000,134250100,14181,23636,134400000,134400000
0,896,134400000,134400100,14181,23636,134550000,134550000
0,897,134550000,134550100,14181,23636,134700000,134700000
0,898,134700000,134700100,14181,23636,134850000,134850000
0,899,134850000,134850100,14181,23636,135000000,135000000
0,900,135000000,135000100,14181,23636,135150000,135150000
0,901,135150000,135150100,14181,23636,135300000,135300000
0,902,135300000,135300100,14181,23636,135450000,135450000
0,903,135450000,135450100,14181,23636,135600000,135600000
0,904,135600000,135600100,14181,23636,135750000,135750000
0,905,135750000,135750100,14181,23636,135900000,135900000
0,906,135900000,135900100,14181,23636,136050000,136050000
0,907,136050000,136050100,14181,23636,136200000,136200000
0,908,136200000,136200100,14181,23636,136350000,136350000
0,909,136350000,136350100,14181,23636,136500000,136500000
0,910,136500000,136500100,14181,23636,136650000,136650000
0,911,136650000,136650100,14181,23636,136800000,136800000
0,912,136800000,136800100,14181,23636,136950000,136950000
0,913,136950000,136950100,14181,23636,137100000,137100000
0,914,137100000,137100100,14181,23636,137250000,137250000
0,915,137250000,137250100,14181,23636,137400000,137400000
0,916,137400000,137400100,14181,23636,137550000,137550000
0,917,137550000,137550100,14181,23636,137700000,137700000
0,918,137700000,137700100,14181,23636,137850000,137850000
0,919,137850000,137850100,14181,23636,138000000,138000000
0,920,138000000,138000100,14181,23636,138150000,138150000
0,921,138150000,138150100,14181,23636,138300000,138300000
0,922,138300000,138300100,14181,23636,138450000,138450000
0,923,138450000,138450100,14181,23636,138600000,138600000
0,924,138600000,138600100,14181,23636,138750000,138750000
0,925,138750000,138750100,14181,23636,138900000,138900000
0,926,138900000,138900100,14181,23636,139050000,139050000
0,927,139050000,139050100,14181,23636,139200000,139200000
0,928,139200000,139200100,14181,23636,139350000,139350000
0,929,139350000,139350100,14181,23636,139500000,139500000
0,930,139500000,139500100,14181,23636,139650000,139650000
0,931,139650000,139650100,14181,23636,139800000,139800000
0,932,139800000,139800100,14181,23636,139950000,139950000
0,933,139950000,139950100,14181,23636,140100000,140100000
0,934,140100000,140100100,14181,23636,140250000,140250000
0,935,140250000,140250100,14181,23636,140400000,140400000
0,936,140400000,140400100,14181,23636,140550000,140550000
0,937,140550000,140550100,14181,23636,140700000,140700000
0,938,140700000,140700100,14181,23636,140850000,140850000
0,939,140850000,140850100,14181,23636,141000000,141000000
0,940,141000000,141000100,14181,23636,141150000,141150000
0,941,141150000,141150100,14181,23636,141300000,141300000
0,942,141300000,141300100,14181,23636,141450000,141450000
0,943,141450000,141450100,14181,23636,141600000,141600000
0,944,141600000,141600100,14181,23636,141750000,141750000
0,945,141750000,141750100,14181,23636,141900000,141900000
0,946,141900000,141900100,14181,23636,142050000,142050000
0,947,142050000,142050100,14181,23636,142200000,142200000
0,948,142200000,142200100,14181,23636,142350000,142350000
0,949,142350000,142350100,14181,23636,142500000,142500000
0,950,142500000,142500100,14181,23636,142650000,142650000
0,951,142650000,142650100,14181,23636,142800000,142800000
0,952,142800000,142800100,14181,23636,142950000,142950000
0,953,142950000,142950100,14181,23636,143100000,143100000
0,954,143100000,143100100,14181,23636,143250000,143250000
0,955,143250000,143250100,14181,23636,143400000,143400000
0,956,143400000,143400100,14181,23636,143550000,143550000
0,957,143550000,143550100,14181,23636,143700000,143700000
0,958,143700000,143700100,14181,23636,143850000,143850000
0,959,143850000,143850100,14181,23636,144000000,144000000
0,960,144000000,144000100,14181,23636,144150000,144150000
0,961,144150000,144150100,14181,23636,144300000,144300000
0,962,144300000,144300100,14181,23636,144450000,144450000
0,963,144450000,144450100,14181,23636,144600000,144600000
0,964,144600000,144600100,14181,23636,144750000,144750000
0,965,144750000,144750100,14181,23636,144900000,144900000
0,966,144900000,144900100,14181,23636,145050000,145050000
0,967,145050000,145050100,14181,23636,145200000,145200000
0,968,145200000,145200100,14181,23636,145350000,145350000
0,969,145350000,145350100,14181,23636,145500000,145500000
0,970,145500000,145500100,14181,23636,145650000,145650000
0,971,145650000,145650100,14181,23636,145800000,145800000
0,972,145800000,145800100,14181,23636,145950000,145950000
0,973,145950000,145950100,14181,23636,146100000,146100000
0,974,146100000,146100100,14181,23636,146250000,146250000
0,975,146250000,146250100,14181,23636,146400000,146400000
0,976,146400000,146400100,14181,23636,146550000,146550000
0,977,146550000,146550100,14181,23636,146700000,146700000
0,978,146700000,146700100,14181,23636,146850000,146850000
0,979,146850000,146850100,14181,23636,147000000,147000000
0,980,147000000,147000100,14181,23636,147150000,147150000
0,981,147150000,147150100,14181,23636,147300000,147300000
0,982,147300000,147300100,14181,23636,147450000,147450000
0,983,147450000,147450100,14181,23636,147600000,147600000
0,984,147600000,147600100,14181,23636,147750000,147750000
0,985,147750000,147750100,14181,23636,147900000,147900000
0,986,147900000,147900100,14181,23636,148050000,148050000
0,987,148050000,148050100,14181,23636,148200000,148200000
0,988,148200000,148200100,14181,23636,148350000,148350000
0,989,148350000,148350100,14181,23636,148500000,148500000
0,990,148500000,148500100,14181,23636,148650000,148650000
0,991,148650000,148650100,14181,23636,148800000,148800000
0,992,148800000,148800100,14181,23636,148950000,148950000
0,993,148950000,148950100,14181,23636,149100000,149100000
0,994,149100000,149100100,14181,23636,149250000,149250000
0,995,149250000,149250100,14181,23636,149400000,149400000
0,996,149400000,149400100,14181,23636,149550000,149550000
0,997,149550000,149550100,14181,23636,149700000,149700000
0,998,149700000,149700100,14181,23636,149850000,149850000
0,999,149850000,149850100,14181,23636,150000000,150000000
0,1000,150000000,150000100,14181,23636,150150000,150150000
0,1001,150150000,150150100,14181,23636,150300000,150300000
0,1002,150300000,150300100,14181,23636,150450000,150450000
0,1003,150450000,150450100,14181,23636,150600000,150600000
0,1004,150600000,150600100,14181,23636,150750000,150750000
0,1005,150750000,150750100,14181,23636,150900000,150900000
0,1006,150900000,150900100,14181,23636,151050000,151050000
0,1007,151050000,151050100,14181,23636,151200000,151200000
0,1008,151200000,151200100,14181,23636,151350000,151350000
0,1009,151350000,151350100,14181,23636,151500000,151500000
0,1010,151500000,151500100,14181,23636,151650000,151650000
0,1011,151650000,151650100,14181,23636,151800000,151800000
0,1012,151800000,151800100,14181,23636,151950000,151950000
0,1013,151950000,151950100,14181,23636,152100000,152100000
0,1014,152100000,152100100,14181,23636,152250000,152250000
0,1015,152250000,152250100,14181,23636,152400000,152400000
0,1016,152400000,152400100,14181,23636,152550000,152550000
0,1017,152550000,152550100,14181,23636,152700000,152700000
0,1018,152700000,152700100,14181,23636,152850000,152850000
0,1019,152850000,152850100,14181,23636,153000000,153000000
0,1020,153000000,153000100,14181,23636,153150000,153150000
0,1021,153150000,153150100,14181,23636,153300000,153300000
0,1022,153300000,153300100,14181,23636,153450000,153450000
0,1023,153450000,153450100,14181,23636,153600000,153600000
0,1024,153600000,153600100,14181,23636,153750000,153750000
0,1025,153750000,153750100,14181,23636,153900000,153900000
0,1026,153900000,153900100,14181,23636,154050000,154050000
0,1027,154050000,154050100,14181,23636,154200000,154200000
0,1028,154200000,154200100,14181,23636,154350000,154350000
0,1029,154350000,154350100,14181,23636,154500000,154500000
0,1030,154500000,154500100,14181,23636,154650000,154650000
0,1031,154650000,154650100,14181,23636,154800000,154800000
0,1032,154800000,154800100,14181,23636,154950000,154950000
0,1033,154950000,154950100,14181,23636,155100000,155100000
0,1034,155100000,155100100,14181,23636,155250000,155250000
0,1035,155250000,155250100,14181,23636,155400000,155400000
0,1036,155400000,155400100,14181,23636,155550000,155550000
0,1037,155550000,155550100,14181,23636,155700000,155700000
0,1038,155700000,155700100,14181,23636,155850000,155850000
0,1039,155850000,155850100,14181,23636,156000000,156000000
0,1040,156000000,156000100,14181,23636,156150000,156150000
0,1041,156150000,156150100,14181,23636,156300000,156300000
0,1042,156300000,156300100,14181,23636,156450000,156450000
0,1043,156450000,156450100,14181,23636,156600000,156600000
0,1044,156600000,156600100,14181,23636,156750000,156750000
0,1045,156750000,156750100,14181,23636,156900000,156900000
0,1046,156900000,156900100,14181,23636,157050000,157050000
0,1047,157050000,157050100,14181,23636,157200000,157200000
0,1048,157200000,157200100,14181,23636,157350000,157350000
0,1049,157350000,157350100,14181,23636,157500000,157500000
0,1050,157500000,157500100,14181,23636,157650000,157650000
0,1051,157650000,157650100,14181,23636,157800000,157800000
0,1052,157800000,157800100,14181,23636,157950000,157950000
0,1053,157950000,157950100,14181,23636,158100000,158100000
0,1054,158100000,158100100,14181,23636,158250000,158250000
0,1055,158250000,158250100,14181,23636,158400000,158400000
0,1056,158400000,158400100,14181,23636,158550000,158550000
0,1057,158550000,158550100,14181,23636,158700000,158700000
0,1058,158700000,158700100,14181,23636,158850000,158850000
0,1059,158850000,158850100,14181,23636,159000000,159000000
0,1060,159000000,159000100,14181,23636,159150000,159150000
0,1061,159150000,159150100,14181,23636,159300000,159300000
0,1062,159300000,159300100,14181,23636,159450000,159450000
0,1063,159450000,159450100,14181,23636,159600000,159600000
0,1064,159600000,159600100,14181,23636,159750000,159750000
0,1065,159750000,159750100,14181,23636,159900000,159900000
0,1066,159900000,159900100,14181,23636,160050000,160050000
0,1067,160050000,160050100,14181,23636,160200000,160200000
0,1068,160200000,160200100,14181,23636,160350000,160350000
0,1069,160350000,160350100,14181,23636,160500000,160500000
0,1070,160500000,160500100,14181,23636,160650000,160650000
0,1071,160650000,160650100,14181,23636,160800000,160800000
0,1072,160800000,160800100,14181,23636,160950000,160950000
0,1073,160950000,160950100,14181,23636,161100000,161100000
0,1074,161100000,161100100,14181,23636,161250000,161250000
0,1075,161250000,161250100,14181,23636,161400000,161400000
0,1076,161400000,161400100,14181,23636,161550000,161550000
0,1077,161550000,161550100,14181,23636,161700000,161700000
0,1078,161700000,161700100,14181,23636,161850000,161850000
0,1079,161850000,161850100,14181,23636,162000000,162000000
0,1080,162000000,162000100,14181,23636,162150000,162150000
0,1081,162150000,162150100,14181,23636,162300000,162300000
0,1082,162300000,162300100,14181,23636,162450000,162450000
0,1083,162450000,162450100,14181,23636,162600000,162600000
0,1084,162600000,162600100,14181,23636,162750000,162750000
0,1085,162750000,162750100,14181,23636,162900000,162900000
0,1086,162900000,162900100,14181,23636,163050000,163050000
0,1087,163050000,163050100,14181,23636,163200000,163200000
0,1088,163200000,163200100,14181,23636,163350000,163350000
0,1089,163350000,163350100,14181,23636,163500000,163500000
0,1090,163500000,163500100,14181,23636,163650000,163650000
0,1091,163650000,163650100,14181,23636,163800000,163800000
0,1092,163800000,163800100,14181,23636,163950000,163950000
0,1093,163950000,163950100,14181,23636,164100000,164100000
0,1094,164100000,164100100,14181,23636,164250000,164250000
0,1095,164250000,164250100,14181,23636,164400000,164400000
0,1096,164400000,164400100,14181,23636,164550000,164550000
0,1097,164550000,164550100,14181,23636,164700000,164700000
0,1098,164700000,164700100,14181,23636,164850000,164850000
0,1099,164850000,164850100,14181,23636,165000000,165000000
0,1100,165000000,165000100,14181,23636,165150000,165150000
0,1101,165150000,165150100,14181,23636,165300000,165300000
0,1102,165300000,165300100,14181,23636,165450000,165450000
0,1103,165450000,165450100,14181,23636,165600000,165600000
0,1104,165600000,165600100,14181,23636,165750000,165750000
0,1105,165750000,165750100,14181,23636,165900000,165900000
0,1106,165900000,165900100,14181,23636,166050000,166050000
0,1107,166050000,166050100,14181,23636,166200000,166200000
0,1108,166200000,166200100,14181,23636,166350000,166350000
0,1109,166350000,166350100,14181,23636,166500000,166500000
0,1110,166500000,166500100,14181,23636,166650000,166650000
0,1111,166650000,166650100,14181,23636,166800000,166800000
0,1112,166800000,166800100,14181,23636,166950000,166950000
0,1113,166950000,166950100,14181,23636,167100000,167100000
0,1114,167100000,167100100,14181,23636,167250000,167250000
0,1115,167250000,167250100,14181,23636,167400000,167400000
0,1116,167400000,167400100,14181,23636,167550000,167550000
0,1117,167550000,167550100,14181,23636,167700000,167700000
0,1118,167700000,167700100,14181,23636,167850000,167850000
0,1119,167850000,167850100,14181,23636,168000000,168000000
0,1120,168000000,168000100,14181,23636,168150000,168150000
0,1121,168150000,168150100,14181,23636,168300000,168300000
0,1122,168300000,168300100,14181,23636,168450000,168450000
0,1123,168450000,168450100,14181,23636,168600000,168600000
0,1124,168600000,168600100,14181,23636,168750000,168750000
0,1125,168750000,168750100,14181,23636,168900000,168900000
0,1126,168900000,168900100,14181,23636,169050000,169050000
0,1127,169050000,169050100,14181,23636,169200000,169200000
0,1128,169200000,169200100,14181,23636,169350000,169350000
0,1129,169350000,169350100,14181,23636,169500000,169500000
0,1130,169500000,169500100,14181,23636,169650000,169650000
0,1131,169650000,169650100,14181,23636,169800000,169800000
0,1132,169800000,169800100,14181,23636,169950000,169950000
0,1133,169950000,169950100,14181,23636,170100000,170100000
0,1134,170100000,170100100,14181,23636,170250000,170250000
0,1135,170250000,170250100,14181,23636,170400000,170400000
0,1136,170400000,170400100,14181,23636,170550000,170550000
0,1137,170550000,170550100,14181,23636,170700000,170700000
0,1138,170700000,170700100,14181,23636,170850000,170850000
0,1139,170850000,170850100,14181,23636,171000000,171000000
0,1140,171000000,171000100,14181,23636,171150000,171150000
0,1141,171150000,171150100,14181,23636,171300000,171300000
0,1142,171300000,171300100,14181,23636,171450000,171450000
0,1143,171450000,171450100,14181,23636,171600000,171600000
0,1144,171600000,171600100,14181,23636,171750000,171750000
0,1145,171750000,171750100,14181,23636,171900000,171900000
0,1146,171900000,171900100,14181,23636,172050000,172050000
0,1147,172050000,172050100,14181,23636,172200000,172200000
0,1148,172200000,172200100,14181,23636,172350000,172350000
0,1149,172350000,172350100,14181,23636,172500000,172500000
0,1150,172500000,172500100,14181,23636,172650000,172650000
0,1151,172650000,172650100,14181,23636,172800000,172800000
0,1152,172800000,172800100,14181,23636,172950000,172950000
0,1153,172950000,172950100,14181,23636,173100000,173100000
0,1154,173100000,173100100,14181,23636,173250000,173250000
0,1155,173250000,173250100,14181,23636,173400000,173400000
0,1156,173400000,173400100,14181,23636,173550000,173550000
0,1157,173550000,173550100,14181,23636,173700000,173700000
0,1158,173700000,173700100,14181,23636,173850000,173850000
0,1159,173850000,173850100,14181,23636,174000000,174000000
0,1160,174000000,174000100,14181,23636,174150000,174150000
0,1161,174150000,174150100,14181,23636,174300000,174300000
0,1162,174300000,174300100,14181,23636,174450000,174450000
0,1163,174450000,174450100,14181,23636,174600000,174600000
0,1164,174600000,174600100,14181,23636,174750000,174750000
0,1165,174750000,174750100,14181,23636,174900000,174900000
0,1166,174900000,174900100,14181,23636,175050000,175050000
0,1167,175050000,175050100,14181,23636,175200000,175200000
0,1168,175200000,175200100,14181,23636,175350000,175350000
0,1169,175350000,175350100,14181,23636,175500000,175500000
0,1170,175500000,175500100,14181,23636,175650000,175650000
0,1171,175650000,175650100,14181,23636,175800000,175800000
0,1172,175800000,175800100,14181,23636,175950000,175950000
0,1173,175950000,175950100,14181,23636,176100000,176100000
0,1174,176100000,176100100,14181,23636,176250000,176250000
0,1175,176250000,176250100,14181,23636,176400000,176400000
0,1176,176400000,176400100,14181,23636,176550000,176550000
0,1177,176550000,176550100,14181,23636,176700000,176700000
0,1178,176700000,176700100,14181,23636,176850000,176850000
0,1179,176850000,176850100,14181,23636,177000000,177000000
0,1180,177000000,177000100,14181,23636,177150000,177150000
0,1181,177150000,177150100,14181,23636,177300000,177300000
0,1182,177300000,177300100,14181,23636,177450000,177450000
0,1183,177450000,177450100,14181,23636,177600000,177600000
0,1184,177600000,177600100,14181,23636,177750000,177750000
0,1185,177750000,177750100,14181,23636,177900000,177900000
0,1186,177900000,177900100,14181,23636,178050000,178050000
0,1187,178050000,178050100,14181,23636,178200000,178200000
0,1188,178200000,178200100,14181,23636,178350000,178350000
0,1189,178350000,178350100,14181,23636,178500000,178500000
0,1190,178500000,178500100,14181,23636,178650000,178650000
0,1191,178650000,178650100,14181,23636,178800000,178800000
0,1192,178800000,178800100,14181,23636,178950000,178950000
0,1193,178950000,178950100,14181,23636,179100000,179100000
0,1194,179100000,179100100,14181,23636,179250000,179250000
0,1195,179250000,179250100,14181,23636,179400000,179400000
0,1196,179400000,179400100,14181,23636,179550000,179550000
0,1197,179550000,179550100,14181,23636,179700000,179700000
0,1198,179700000,179700100,14181,23636,179850000,179850000
0,1199,179850000,179850100,14181,23636,180000000,180000000
0,1200,180000000,180000100,14181,23636,180150000,180150000
0,1201,180150000,180150100,14181,23636,180300000,180300000
0,1202,180300000,180300100,14181,23636,180450000,180450000
0,1203,180450000,180450100,14181,23636,180600000,180600000
0,1204,180600000,180600100,14181,23636,180750000,180750000
0,1205,180750000,180750100,14181,23636,180900000,180900000
0,1206,180900000,180900100,14181,23636,181050000,181050000
0,1207,181050000,181050100,14181,23636,181200000,181200000
0,1208,181200000,181200100,14181,23636,181350000,181350000
0,1209,181350000,181350100,14181,23636,181500000,181500000
0,1210,181500000,181500100,14181,23636,181650000,181650000
0,1211,181650000,181650100,14181,23636,181800000,181800000
0,1212,181800000,181800100,14181,23636,181950000,181950000
0,1213,181950000,181950100,14181,23636,182100000,182100000
0,1214,182100000,182100100,14181,23636,182250000,182250000
0,1215,182250000,182250100,14181,23636,182400000,182400000
0,1216,182400000,182400100,14181,23636,182550000,182550000
0,1217,182550000,182550100,14181,23636,182700000,182700000
0,1218,182700000,182700100,14181,23636,182850000,182850000
0,1219,182850000,182850100,14181,23636,183000000,183000000
0,1220,183000000,183000100,14181,23636,183150000,183150000
0,1221,183150000,183150100,14181,23636,183300000,183300000
0,1222,183300000,183300100,14181,23636,183450000,183450000
0,1223,183450000,183450100,14181,23636,183600000,183600000
0,1224,183600000,183600100,14181,23636,183750000,183750000
0,1225,183750000,183750100,14181,23636,183900000,183900000
0,1226,183900000,183900100,14181,23636,184050000,184050000
0,1227,184050000,184050100,14181,23636,184200000,184200000
0,1228,184200000,184200100,14181,23636,184350000,184350000
0,1229,184350000,184350100,14181,23636,184500000,184500000
0,1230,184500000,184500100,14181,23636,184650000,184650000
0,1231,184650000,184650100,14181,23636,184800000,184800000
0,1232,184800000,184800100,14181,23636,184950000,184950000
0,1233,184950000,184950100,14181,23636,185100000,185100000
0,1234,185100000,185100100,14181,23636,185250000,185250000
0,1235,185250000,185250100,14181,23636,185400000,185400000
0,1236,185400000,185400100,14181,23636,185550000,185550000
0,1237,185550000,185550100,14181,23636,185700000,185700000
0,1238,185700000,185700100,14181,23636,185850000,185850000
0,1239,185850000,185850100,14181,23636,186000000,186000000
0,1240,186000000,186000100,14181,23636,186150000,186150000
0,1241,186150000,186150100,14181,23636,186300000,186300000
0,1242,186300000,186300100,14181,23636,186450000,186450000
0,1243,186450000,186450100,14181,23636,186600000,186600000
0,1244,186600000,186600100,14181,23636,186750000,186750000
0,1245,186750000,186750100,14181,23636,186900000,186900000
0,1246,186900000,186900100,14181,23636,187050000,187050000
0,1247,187050000,187050100,14181,23636,187200000,187200000
0,1248,187200000,187200100,14181,23636,187350000,187350000
0,1249,187350000,187350100,14181,23636,187500000,187500000
0,1250,187500000,187500100,14181,23636,187650000,187650000
0,1251,187650000,187650100,14181,23636,187800000,187800000
0,1252,187800000,187800100,14181,23636,187950000,187950000
0,1253,187950000,187950100,14181,23636,188100000,188100000
0,1254,188100000,188100100,14181,23636,188250000,188250000
0,1255,188250000,188250100,14181,23636,188400000,188400000
0,1256,188400000,188400100,14181,23636,188550000,188550000
0,1257,188550000,188550100,14181,23636,188700000,188700000
0,1258,188700000,188700100,14181,23636,188850000,188850000
0,1259,188850000,188850100,14181,23636,189000000,189000000
0,1260,189000000,189000100,14181,23636,189150000,189150000
0,1261,189150000,189150100,14181,23636,189300000,189300000
0,1262,189300000,189300100,14181,23636,189450000,189450000
0,1263,189450000,189450100,14181,23636,189600000,189600000
0,1264,189600000,189600100,14181,23636,189750000,189750000
0,1265,189750000,189750100,14181,23636,189900000,189900000
0,1266,189900000,189900100,14181,23636,190050000,190050000
0,1267,190050000,190050100,14181,23636,190200000,190200000
0,1268,190200000,190200100,14181,23636,190350000,190350000
0,1269,190350000,190350100,14181,23636,190500000,190500000
0,1270,190500000,190500100,14181,23636,190650000,190650000
0,1271,190650000,190650100,14181,23636,190800000,190800000
0,1272,190800000,190800100,14181,23636,190950000,190950000
0,1273,190950000,190950100,14181,23636,191100000,191100000
0,1274,191100000,191100100,14181,23636,191250000,191250000
0,1275,191250000,191250100,14181,23636,191400000,191400000
0,1276,191400000,191400100,14181,23636,191550000,191550000
0,1277,191550000,191550100,14181,23636,191700000,191700000
0,1278,191700000,191700100,14181,23636,191850000,191850000
0,1279,191850000,191850100,14181,23636,192000000,192000000
0,1280,192000000,192000100,14181,23636,192150000,192150000
0,1281,192150000,192150100,14181,23636,192300000,192300000
0,1282,192300000,192300100,14181,23636,192450000,192450000
0,1283,192450000,192450100,14181,23636,192600000,192600000
0,1284,192600000,192600100,14181,23636,192750000,192750000
0,1285,192750000,192750100,14181,23636,192900000,192900000
0,1286,192900000,192900100,14181,23636,193050000,193050000
0,1287,193050000,193050100,14181,23636,193200000,193200000
0,1288,193200000,193200100,14181,23636,193350000,193350000
0,1289,193350000,193350100,14181,23636,193500000,193500000
0,1290,193500000,193500100,14181,23636,193650000,193650000
0,1291,193650000,193650100,14181,23636,193800000,193800000
0,1292,193800000,193800100,14181,23636,193950000,193950000
0,1293,193950000,193950100,14181,23636,194100000,194100000
0,1294,194100000,194100100,14181,23636,194250000,194250000
0,1295,194250000,194250100,14181,23636,194400000,194400000
0,1296,194400000,194400100,14181,23636,194550000,194550000
0,1297,194550000,194550100,14181,23636,194700000,194700000
0,1298,194700000,194700100,14181,23636,194850000,194850000
0,1299,194850000,194850100,14181,23636,195000000,195000000
0,1300,195000000,195000100,14181,23636,195150000,195150000
0,1301,195150000,195150100,14181,23636,195300000,195300000
0,1302,195300000,195300100,14181,23636,195450000,195450000
0,1303,195450000,195450100,14181,23636,195600000,195600000
0,1304,195600000,195600100,14181,23636,195750000,195750000
0,1305,195750000,195750100,14181,23636,195900000,195900000
0,1306,195900000,195900100,14181,23636,196050000,196050000
0,1307,196050000,196050100,14181,23636,196200000,196200000
0,1308,196200000,196200100,14181,23636,196350000,196350000
0,1309,196350000,196350100,14181,23636,196500000,196500000
0,1310,196500000,196500100,14181,23636,196650000,196650000
0,1311,196650000,196650100,14181,23636,196800000,196800000
0,1312,196800000,196800100,14181,23636,196950000,196950000
0,1313,196950000,196950100,14181,23636,197100000,197100000
0,1314,197100000,197100100,14181,23636,197250000,197250000
0,1315,197250000,197250100,14181,23636,197400000,197400000
0,1316,197400000,197400100,14181,23636,197550000,197550000
0,1317,197550000,197550100,14181,23636,197700000,197700000
0,1318,197700000,197700100,14181,23636,197850000,197850000
0,1319,197850000,197850100,14181,23636,198000000,198000000
0,1320,198000000,198000100,14181,23636,198150000,198150000
0,1321,198150000,198150100,14181,23636,198300000,198300000
0,1322,198300000,198300100,14181,23636,198450000,198450000
0,1323,198450000,198450100,14181,23636,198600000,198600000
0,1324,198600000,198600100,14181,23636,198750000,198750000
0,1325,198750000,198750100,14181,23636,198900000,198900000
0,1326,198900000,198900100,14181,23636,199050000,199050000
0,1327,199050000,199050100,14181,23636,199200000,199200000
0,1328,199200000,199200100,14181,23636,199350000,199350000
0,1329,199350000,199350100,14181,23636,199500000,199500000
0,1330,199500000,199500100,14181,23636,199650000,199650000
0,1331,199650000,199650100,14181,23636,199800000,199800000
0,1332,199800000,199800100,14181,23636,199950000,199950000
0,1333,199950000,199950100,14181,23636,200100000,200100000
0,1334,200100000,200100100,14181,23636,200250000,200250000
0,1335,200250000,200250100,14181,23636,200400000,200400000
0,1336,200400000,200400100,14181,23636,200550000,200550000
0,1337,200550000,200550100,14181,23636,200700000,200700000
0,1338,200700000,200700100,14181,23636,200850000,200850000
0,1339,200850000,200850100,14181,23636,201000000,201000000
0,1340,201000000,201000100,14181,23636,201150000,201150000
0,1341,201150000,201150100,14181,23636,201300000,201300000
0,1342,201300000,201300100,14181,23636,201450000,201450000
0,1343,201450000,201450100,14181,23636,201600000,201600000
0,1344,201600000,201600100,14181,23636,201750000,201750000
0,1345,201750000,201750100,14181,23636,201900000,201900000
0,1346,201900000,201900100,14181,23636,202050000,202050000
0,1347,202050000,202050100,14181,23636,202200000,202200000
0,1348,202200000,202200100,14181,23636,202350000,202350000
0,1349,202350000,202350100,14181,23636,202500000,202500000
0,1350,202500000,202500100,14181,23636,202650000,202650000
0,1351,202650000,202650100,14181,23636,202800000,202800000
0,1352,202800000,202800100,14181,23636,202950000,202950000
0,1353,202950000,202950100,14181,23636,203100000,203100000
0,1354,203100000,203100100,14181,23636,203250000,203250000
0,1355,203250000,203250100,14181,23636,203400000,203400000
0,1356,203400000,203400100,14181,23636,203550000,203550000
0,1357,203550000,203550100,14181,23636,203700000,203700000
0,1358,203700000,203700100,14181,23636,203850000,203850000
0,1359,203850000,203850100,14181,23636,204000000,204000000
0,1360,204000000,204000100,14181,23636,204150000,204150000
0,1361,204150000,204150100,14181,23636,204300000,204300000
0,1362,204300000,204300100,14181,23636,204450000,204450000
0,1363,204450000,204450100,14181,23636,204600000,204600000
0,1364,204600000,204600100,14181,23636,204750000,204750000
0,1365,204750000,204750100,14181,23636,204900000,204900000
0,1366,204900000,204900100,14181,23636,205050000,205050000
0,1367,205050000,205050100,14181,23636,205200000,205200000
0,1368,205200000,205200100,14181,23636,205350000,205350000
0,1369,205350000,205350100,14181,23636,205500000,205500000
0,1370,205500000,205500100,14181,23636,205650000,205650000
0,1371,205650000,205650100,14181,23636,205800000,205800000
0,1372,205800000,205800100,14181,23636,205950000,205950000
0,1373,205950000,205950100,14181,23636,206100000,206100000
0,1374,206100000,206100100,14181,23636,206250000,206250000
0,1375,206250000,206250100,14181,23636,206400000,206400000
0,1376,206400000,206400100,14181,23636,206550000,206550000
0,1377,206550000,206550100,14181,23636,206700000,206700000
0,1378,206700000,206700100,14181,23636,206850000,206850000
0,1379,206850000,206850100,14181,23636,207000000,207000000
0,1380,207000000,207000100,14181,23636,207150000,207150000
0,1381,207150000,207150100,14181,23636,207300000,207300000
0,1382,207300000,207300100,14181,23636,207450000,207450000
0,1383,207450000,207450100,14181,23636,207600000,207600000
0,1384,207600000,207600100,14181,23636,207750000,207750000
0,1385,207750000,207750100,14181,23636,207900000,207900000
0,1386,207900000,207900100,14181,23636,208050000,208050000
0,1387,208050000,208050100,14181,23636,208200000,208200000
0,1388,208200000,208200100,14181,23636,208350000,208350000
0,1389,208350000,208350100,14181,23636,208500000,208500000
0,1390,208500000,208500100,14181,23636,208650000,208650000
0,1391,208650000,208650100,14181,23636,208800000,208800000
0,1392,208800000,208800100,14181,23636,208950000,208950000
0,1393,208950000,208950100,14181,23636,209100000,209100000
0,1394,209100000,209100100,14181,23636,209250000,209250000
0,1395,209250000,209250100,14181,23636,209400000,209400000
0,1396,209400000,209400100,14181,23636,209550000,209550000
0,1397,209550000,209550100,14181,23636,209700000,209700000
0,1398,209700000,209700100,14181,23636,209850000,209850000
0,1399,209850000,209850100,14181,23636,210000000,210000000
0,1400,210000000,210000100,14181,23636,210150000,210150000
0,1401,210150000,210150100,14181,23636,210300000,210300000
0,1402,210300000,210300100,14181,23636,210450000,210450000
0,1403,210450000,210450100,14181,23636,210600000,210600000
0,1404,210600000,210600100,14181,23636,210750000,210750000
0,1405,210750000,210750100,14181,23636,210900000,210900000
0,1406,210900000,210900100,14181,23636,211050000,211050000
0,1407,211050000,211050100,14181,23636,211200000,211200000
0,1408,211200000,211200100,14181,23636,211350000,211350000
0,1409,211350000,211350100,14181,23636,211500000,211500000
0,1410,211500000,211500100,14181,23636,211650000,211650000
0,1411,211650000,211650100,14181,23636,211800000,211800000
0,1412,211800000,211800100,14181,23636,211950000,211950000
0,1413,211950000,211950100,14181,23636,212100000,212100000
0,1414,212100000,212100100,14181,23636,212250000,212250000
0,1415,212250000,212250100,14181,23636,212400000,212400000
0,1416,212400000,212400100,14181,23636,212550000,212550000
0,1417,212550000,212550100,14181,23636,212700000,212700000
0,1418,212700000,212700100,14181,23636,212850000,212850000
0,1419,212850000,212850100,14181,23636,213000000,213000000
0,1420,213000000,213000100,14181,23636,213150000,213150000
0,1421,213150000,213150100,14181,23636,213300000,213300000
0,1422,213300000,213300100,14181,23636,213450000,213450000
0,1423,213450000,213450100,14181,23636,213600000,213600000
0,1424,213600000,213600100,14181,23636,213750000,213750000
0,1425,213750000,213750100,14181,23636,213900000,213900000
0,1426,213900000,213900100,14181,23636,214050000,214050000
0,1427,214050000,214050100,14181,23636,214200000,214200000
0,1428,214200000,214200100,14181,23636,214350000,214350000
0,1429,214350000,214350100,14181,23636,214500000,214500000
0,1430,214500000,214500100,14181,23636,214650000,214650000
0,1431,214650000,214650100,14181,23636,214800000,214800000
0,1432,214800000,214800100,14181,23636,214950000,214950000
0,1433,214950000,214950100,14181,23636,215100000,215100000
0,1434,215100000,215100100,14181,23636,215250000,215250000
0,1435,215250000,215250100,14181,23636,215400000,215400000
0,1436,215400000,215400100,14181,23636,215550000,215550000
0,1437,215550000,215550100,14181,23636,215700000,215700000
0,1438,215700000,215700100,14181,23636,215850000,215850000
0,1439,215850000,215850100,14181,23636,216000000,216000000
0,1440,216000000,216000100,14181,23636,216150000,216150000
0,1441,216150000,216150100,14181,23636,216300000,216300000
0,1442,216300000,216300100,14181,23636,216450000,216450000
0,1443,216450000,216450100,14181,23636,216600000,216600000
0,1444,216600000,216600100,14181,23636,216750000,216750000
0,1445,216750000,216750100,14181,23636,216900000,216900000
0,1446,216900000,216900100,14181,23636,217050000,217050000
0,1447,217050000,217050100,14181,23636,217200000,217200000
0,1448,217200000,217200100,14181,23636,217350000,217350000
0,1449,217350000,217350100,14181,23636,217500000,217500000
0,1450,217500000,217500100,14181,23636,217650000,217650000
0,1451,217650000,217650100,14181,23636,217800000,217800000
0,1452,217800000,217800100,14181,23636,217950000,217950000
0,1453,217950000,217950100,14181,23636,218100000,218100000
0,1454,218100000,218100100,14181,23636,218250000,218250000
0,1455,218250000,218250100,14181,23636,218400000,218400000
0,1456,218400000,218400100,14181,23636,218550000,218550000
0,1457,218550000,218550100,14181,23636,218700000,218700000
0,1458,218700000,218700100,14181,23636,218850000,218850000
0,1459,218850000,218850100,14181,23636,219000000,219000000
0,1460,219000000,219000100,14181,23636,219150000,219150000
0,1461,219150000,219150100,14181,23636,219300000,219300000
0,1462,219300000,219300100,14181,23636,219450000,219450000
0,1463,219450000,219450100,14181,23636,219600000,219600000
0,1464,219600000,219600100,14181,23636,219750000,219750000
0,1465,219750000,219750100,14181,23636,219900000,219900000
0,1466,219900000,219900100,14181,23636,220050000,220050000
0,1467,220050000,220050100,14181,23636,220200000,220200000
0,1468,220200000,220200100,14181,23636,220350000,220350000
0,1469,220350000,220350100,14181,23636,220500000,220500000
0,1470,220500000,220500100,14181,23636,220650000,220650000
0,1471,220650000,220650100,14181,23636,220800000,220800000
0,1472,220800000,220800100,14181,23636,220950000,220950000
0,1473,220950000,220950100,14181,23636,221100000,221100000
0,1474,221100000,221100100,14181,23636,221250000,221250000
0,1475,221250000,221250100,14181,23636,221400000,221400000
0,1476,221400000,221400100,14181,23636,221550000,221550000
0,1477,221550000,221550100,14181,23636,221700000,221700000
0,1478,221700000,221700100,14181,23636,221850000,221850000
0,1479,221850000,221850100,14181,23636,222000000,222000000
0,1480,222000000,222000100,14181,23636,222150000,222150000
0,1481,222150000,222150100,14181,23636,222300000,222300000
0,1482,222300000,222300100,14181,23636,222450000,222450000
0,1483,222450000,222450100,14181,23636,222600000,222600000
0,1484,222600000,222600100,14181,23636,222750000,222750000
0,1485,222750000,222750100,14181,23636,222900000,222900000
0,1486,222900000,222900100,14181,23636,223050000,223050000
0,1487,223050000,223050100,14181,23636,223200000,223200000
0,1488,223200000,223200100,14181,23636,223350000,223350000
0,1489,223350000,223350100,14181,23636,223500000,223500000
0,1490,223500000,223500100,14181,23636,223650000,223650000
0,1491,223650000,223650100,14181,23636,223800000,223800000
0,1492,223800000,223800100,14181,23636,223950000,223950000
0,1493,223950000,223950100,14181,23636,224100000,224100000
0,1494,224100000,224100100,14181,23636,224250000,224250000
0,1495,224250000,224250100,14181,23636,224400000,224400000
0,1496,224400000,224400100,14181,23636,224550000,224550000
0,1497,224550000,224550100,14181,23636,224700000,224700000
0,1498,224700000,224700100,14181,23636,224850000,224850000
0,1499,224850000,224850100,14181,23636,225000000,225000000
0,1500,225000000,225000100,14181,23636,225150000,225150000
0,1501,225150000,225150100,14181,23636,225300000,225300000
0,1502,225300000,225300100,14181,23636,225450000,225450000
0,1503,225450000,225450100,14181,23636,225600000,225600000
0,1504,225600000,225600100,14181,23636,225750000,225750000
0,1505,225750000,225750100,14181,23636,225900000,225900000
0,1506,225900000,225900100,14181,23636,226050000,226050000
0,1507,226050000,226050100,14181,23636,226200000,226200000
0,1508,226200000,226200100,14181,23636,226350000,226350000
0,1509,226350000,226350100,14181,23636,226500000,226500000
0,1510,226500000,226500100,14181,23636,226650000,226650000
0,1511,226650000,226650100,14181,23636,226800000,226800000
0,1512,226800000,226800100,14181,23636,226950000,226950000
0,1513,226950000,226950100,14181,23636,227100000,227100000
0,1514,227100000,227100100,14181,23636,227250000,227250000
0,1515,227250000,227250100,14181,23636,227400000,227400000
0,1516,227400000,227400100,14181,23636,227550000,227550000
0,1517,227550000,227550100,14181,23636,227700000,227700000
0,1518,227700000,227700100,14181,23636,227850000,227850000
0,1519,227850000,227850100,14181,23636,228000000,228000000
0,1520,228000000,228000100,14181,23636,228150000,228150000
0,1521,228150000,228150100,14181,23636,228300000,228300000
0,1522,228300000,228300100,14181,23636,228450000,228450000
0,1523,228450000,228450100,14181,23636,228600000,228600000
0,1524,228600000,228600100,14181,23636,228750000,228750000
0,1525,228750000,228750100,14181,23636,228900000,228900000
0,1526,228900000,228900100,14181,23636,229050000,229050000
0,1527,229050000,229050100,14181,23636,229200000,229200000
0,1528,229200000,229200100,14181,23636,229350000,229350000
0,1529,229350000,229350100,14181,23636,229500000,229500000
0,1530,229500000,229500100,14181,23636,229650000,229650000
0,1531,229650000,229650100,14181,23636,229800000,229800000
0,1532,229800000,229800100,14181,23636,229950000,229950000
0,1533,229950000,229950100,14181,23636,230100000,230100000
0,1534,230100000,230100100,14181,23636,230250000,230250000
0,1535,230250000,230250100,14181,23636,230400000,230400000
0,1536,230400000,230400100,14181,23636,230550000,230550000
0,1537,230550000,230550100,14181,23636,230700000,230700000
0,1538,230700000,230700100,14181,23636,230850000,230850000
0,1539,230850000,230850100,14181,23636,231000000,231000000
0,1540,231000000,231000100,14181,23636,231150000,231150000
0,1541,231150000,231150100,14181,23636,231300000,231300000
0,1542,231300000,231300100,14181,23636,231450000,231450000
0,1543,231450000,231450100,14181,23636,231600000,231600000
0,1544,231600000,231600100,14181,23636,231750000,231750000
0,1545,231750000,231750100,14181,23636,231900000,231900000
0,1546,231900000,231900100,14181,23636,232050000,232050000
0,1547,232050000,232050100,14181,23636,232200000,232200000
0,1548,232200000,232200100,14181,23636,232350000,232350000
0,1549,232350000,232350100,14181,23636,232500000,232500000
0,1550,232500000,232500100,14181,23636,232650000,232650000
0,1551,232650000,232650100,14181,23636,232800000,232800000
0,1552,232800000,232800100,14181,23636,232950000,232950000
0,1553,232950000,232950100,14181,23636,233100000,233100000
0,1554,233100000,233100100,14181,23636,233250000,233250000
0,1555,233250000,233250100,14181,23636,233400000,233400000
0,1556,233400000,233400100,14181,23636,233550000,233550000
0,1557,233550000,233550100,14181,23636,233700000,233700000
0,1558,233700000,233700100,14181,23636,233850000,233850000
0,1559,233850000,233850100,14181,23636,234000000,234000000
0,1560,234000000,234000100,14181,23636,234150000,234150000
0,1561,234150000,234150100,14181,23636,234300000,234300000
0,1562,234300000,234300100,14181,23636,234450000,234450000
0,1563,234450000,234450100,14181,23636,234600000,234600000
0,1564,234600000,234600100,14181,23636,234750000,234750000
0,1565,234750000,234750100,14181,23636,234900000,234900000
0,1566,234900000,234900100,14181,23636,235050000,235050000
0,1567,235050000,235050100,14181,23636,235200000,235200000
0,1568,235200000,235200100,14181,23636,235350000,235350000
0,1569,235350000,235350100,14181,23636,235500000,235500000
0,1570,235500000,235500100,14181,23636,235650000,235650000
0,1571,235650000,235650100,14181,23636,235800000,235800000
0,1572,235800000,235800100,14181,23636,235950000,235950000
0,1573,235950000,235950100,14181,23636,236100000,236100000
0,1574,236100000,236100100,14181,23636,236250000,236250000
0,1575,236250000,236250100,14181,23636,236400000,236400000
0,1576,236400000,236400100,14181,23636,236550000,236550000
0,1577,236550000,236550100,14181,23636,236700000,236700000
0,1578,236700000,236700100,14181,23636,236850000,236850000
0,1579,236850000,236850100,14181,23636,237000000,237000000
0,1580,237000000,237000100,14181,23636,237150000,237150000
0,1581,237150000,237150100,14181,23636,237300000,237300000
0,1582,237300000,237300100,14181,23636,237450000,237450000
0,1583,237450000,237450100,14181,23636,237600000,237600000
0,1584,237600000,237600100,14181,23636,237750000,237750000
0,1585,237750000,237750100,14181,23636,237900000,237900000
0,1586,237900000,237900100,14181,23636,238050000,238050000
0,1587,238050000,238050100,14181,23636,238200000,238200000
0,1588,238200000,238200100,14181,23636,238350000,238350000
0,1589,238350000,238350100,14181,23636,238500000,238500000
0,1590,238500000,238500100,14181,23636,238650000,238650000
0,1591,238650000,238650100,14181,23636,238800000,238800000
0,1592,238800000,238800100,14181,23636,238950000,238950000
0,1593,238950000,238950100,14181,23636,239100000,239100000
0,1594,239100000,239100100,14181,23636,239250000,239250000
0,1595,239250000,239250100,14181,23636,239400000,239400000
0,1596,239400000,239400100,14181,23636,239550000,239550000
0,1597,239550000,239550100,14181,23636,239700000,239700000
0,1598,239700000,239700100,14181,23636,239850000,239850000
0,1599,239850000,239850100,14181,23636,240000000,240000000
0,1600,240000000,240000100,14181,23636,240150000,240150000
0,1601,240150000,240150100,14181,23636,240300000,240300000
0,1602,240300000,240300100,14181,23636,240450000,240450000
0,1603,240450000,240450100,14181,23636,240600000,240600000
0,1604,240600000,240600100,14181,23636,240750000,240750000
0,1605,240750000,240750100,14181,23636,240900000,240900000
0,1606,240900000,240900100,14181,23636,241050000,241050000
0,1607,241050000,241050100,14181,23636,241200000,241200000
0,1608,241200000,241200100,14181,23636,241350000,241350000
0,1609,241350000,241350100,14181,23636,241500000,241500000
0,1610,241500000,241500100,14181,23636,241650000,241650000
0,1611,241650000,241650100,14181,23636,241800000,241800000
0,1612,241800000,241800100,14181,23636,241950000,241950000
0,1613,241950000,241950100,14181,23636,242100000,242100000
0,1614,242100000,242100100,14181,23636,242250000,242250000
0,1615,242250000,242250100,14181,23636,242400000,242400000
0,1616,242400000,242400100,14181,23636,242550000,242550000
0,1617,242550000,242550100,14181,23636,242700000,242700000
0,1618,242700000,242700100,14181,23636,242850000,242850000
0,1619,242850000,242850100,14181,23636,243000000,243000000
0,1620,243000000,243000100,14181,23636,243150000,243150000
0,1621,243150000,243150100,14181,23636,243300000,243300000
0,1622,243300000,243300100,14181,23636,243450000,243450000
0,1623,243450000,243450100,14181,23636,243600000,243600000
0,1624,243600000,243600100,14181,23636,243750000,243750000
0,1625,243750000,243750100,14181,23636,243900000,243900000
0,1626,243900000,243900100,14181,23636,244050000,244050000
0,1627,244050000,244050100,14181,23636,244200000,244200000
0,1628,244200000,244200100,14181,23636,244350000,244350000
0,1629,244350000,244350100,14181,23636,244500000,244500000
0,1630,244500000,244500100,14181,23636,244650000,244650000
0,1631,244650000,244650100,14181,23636,244800000,244800000
0,1632,244800000,244800100,14181,23636,244950000,244950000
0,1633,244950000,244950100,14181,23636,245100000,245100000
0,1634,245100000,245100100,14181,23636,245250000,245250000
0,1635,245250000,245250100,14181,23636,245400000,245400000
0,1636,245400000,245400100,14181,23636,245550000,245550000
0,1637,245550000,245550100,14181,23636,245700000,245700000
0,1638,245700000,245700100,14181,23636,245850000,245850000
0,1639,245850000,245850100,14181,23636,246000000,246000000
0,1640,246000000,246000100,14181,23636,246150000,246150000
0,1641,246150000,246150100,14181,23636,246300000,246300000
0,1642,246300000,246300100,14181,23636,246450000,246450000
0,1643,246450000,246450100,14181,23636,246600000,246600000
0,1644,246600000,246600100,14181,23636,246750000,246750000
0,1645,246750000,246750100,14181,23636,246900000,246900000
0,1646,246900000,246900100,14181,23636,247050000,247050000
0,1647,247050000,247050100,14181,23636,247200000,247200000
0,1648,247200000,247200100,14181,23636,247350000,247350000
0,1649,247350000,247350100,14181,23636,247500000,247500000
0,1650,247500000,247500100,14181,23636,247650000,247650000
0,1651,247650000,247650100,14181,23636,247800000,247800000
0,1652,247800000,247800100,14181,23636,247950000,247950000
0,1653,247950000,247950100,14181,23636,248100000,248100000
0,1654,248100000,248100100,14181,23636,248250000,248250000
0,1655,248250000,248250100,14181,23636,248400000,248400000
0,1656,248400000,248400100,14181,23636,248550000,248550000
0,1657,248550000,248550100,14181,23636,248700000,248700000
0,1658,248700000,248700100,14181,23636,248850000,248850000
0,1659,248850000,248850100,14181,23636,249000000,249000000
0,1660,249000000,249000100,14181,23636,249150000,249150000
0,1661,249150000,249150100,14181,23636,249300000,249300000
0,1662,249300000,249300100,14181,23636,249450000,249450000
0,1663,249450000,249450100,14181,23636,249600000,249600000
0,1664,249600000,249600100,14181,23636,249750000,249750000
0,1665,249750000,249750100,14181,23636,249900000,249900000
0,1666,249900000,249900100,14181,23636,250050000,250050000
0,1667,250050000,250050100,14181,23636,250200000,250200000
0,1668,250200000,250200100,14181,23636,250350000,250350000
0,1669,250350000,250350100,14181,23636,250500000,250500000
0,1670,250500000,250500100,14181,23636,250650000,250650000
0,1671,250650000,250650100,14181,23636,250800000,250800000
0,1672,250800000,250800100,14181,23636,250950000,250950000
0,1673,250950000,250950100,14181,23636,251100000,251100000
0,1674,251100000,251100100,14181,23636,251250000,251250000
0,1675,251250000,251250100,14181,23636,251400000,251400000
0,1676,251400000,251400100,14181,23636,251550000,251550000
0,1677,251550000,251550100,14181,23636,251700000,251700000
0,1678,251700000,251700100,14181,23636,251850000,251850000
0,1679,251850000,251850100,14181,23636,252000000,252000000
0,1680,252000000,252000100,14181,23636,252150000,252150000
0,1681,252150000,252150100,14181,23636,252300000,252300000
0,1682,252300000,252300100,14181,23636,252450000,252450000
0,1683,252450000,252450100,14181,23636,252600000,252600000
0,1684,252600000,252600100,14181,23636,252750000,252750000
0,1685,252750000,252750100,14181,23636,252900000,252900000
0,1686,252900000,252900100,14181,23636,253050000,253050000
0,1687,253050000,253050100,14181,23636,253200000,253200000
0,1688,253200000,253200100,14181,23636,253350000,253350000
0,1689,253350000,253350100,14181,23636,253500000,253500000
0,1690,253500000,253500100,14181,23636,253650000,253650000
0,1691,253650000,253650100,14181,23636,253800000,253800000
0,1692,253800000,253800100,14181,23636,253950000,253950000
0,1693,253950000,253950100,14181,23636,254100000,254100000
0,1694,254100000,254100100,14181,23636,254250000,254250000
0,1695,254250000,254250100,14181,23636,254400000,254400000
0,1696,254400000,254400100,14181,23636,254550000,254550000
0,1697,254550000,254550100,14181,23636,254700000,254700000
0,1698,254700000,254700100,14181,23636,254850000,254850000
0,1699,254850000,254850100,14181,23636,255000000,255000000
0,1700,255000000,255000100,14181,23636,255150000,255150000
0,1701,255150000,255150100,14181,23636,255300000,255300000
0,1702,255300000,255300100,14181,23636,255450000,255450000
0,1703,255450000,255450100,14181,23636,255600000,255600000
0,1704,255600000,255600100,14181,23636,255750000,255750000
0,1705,255750000,255750100,14181,23636,255900000,255900000
0,1706,255900000,255900100,14181,23636,256050000,256050000
0,1707,256050000,256050100,14181,23636,256200000,256200000
0,1708,256200000,256200100,14181,23636,256350000,256350000
0,1709,256350000,256350100,14181,23636,256500000,256500000
0,1710,256500000,256500100,14181,23636,256650000,256650000
0,1711,256650000,256650100,14181,23636,256800000,256800000
0,1712,256800000,256800100,14181,23636,256950000,256950000
0,1713,256950000,256950100,14181,23636,257100000,257100000
0,1714,257100000,257100100,14181,23636,257250000,257250000
0,1715,257250000,257250100,14181,23636,257400000,257400000
0,1716,257400000,257400100,14181,23636,257550000,257550000
0,1717,257550000,257550100,14181,23636,257700000,257700000
0,1718,257700000,257700100,14181,23636,257850000,257850000
0,1719,257850000,257850100,14181,23636,258000000,258000000
0,1720,258000000,258000100,14181,23636,258150000,258150000
0,1721,258150000,258150100,14181,23636,258300000,258300000
0,1722,258300000,258300100,14181,23636,258450000,258450000
0,1723,258450000,258450100,14181,23636,258600000,258600000
0,1724,258600000,258600100,14181,23636,258750000,258750000
0,1725,258750000,258750100,14181,23636,258900000,258900000
0,1726,258900000,258900100,14181,23636,259050000,259050000
0,1727,259050000,259050100,14181,23636,259200000,259200000
0,1728,259200000,259200100,14181,23636,259350000,259350000
0,1729,259350000,259350100,14181,23636,259500000,259500000
0,1730,259500000,259500100,14181,23636,259650000,259650000
0,1731,259650000,259650100,14181,23636,259800000,259800000
0,1732,259800000,259800100,14181,23636,259950000,259950000
0,1733,259950000,259950100,14181,23636,260100000,260100000
0,1734,260100000,260100100,14181,23636,260250000,260250000
0,1735,260250000,260250100,14181,23636,260400000,260400000
0,1736,260400000,260400100,14181,23636,260550000,260550000
0,1737,260550000,260550100,14181,23636,260700000,260700000
0,1738,260700000,260700100,14181,23636,260850000,260850000
0,1739,260850000,260850100,14181,23636,261000000,261000000
0,1740,261000000,261000100,14181,23636,261150000,261150000
0,1741,261150000,261150100,14181,23636,261300000,261300000
0,1742,261300000,261300100,14181,23636,261450000,261450000
0,1743,261450000,261450100,14181,23636,261600000,261600000
0,1744,261600000,261600100,14181,23636,261750000,261750000
0,1745,261750000,261750100,14181,23636,261900000,261900000
0,1746,261900000,261900100,14181,23636,262050000,262050000
0,1747,262050000,262050100,14181,23636,262200000,262200000
0,1748,262200000,262200100,14181,23636,262350000,262350000
0,1749,262350000,262350100,14181,23636,262500000,262500000
0,1750,262500000,262500100,14181,23636,262650000,262650000
0,1751,262650000,262650100,14181,23636,262800000,262800000
0,1752,262800000,262800100,14181,23636,262950000,262950000
0,1753,262950000,262950100,14181,23636,263100000,263100000
0,1754,263100000,263100100,14181,23636,263250000,263250000
0,1755,263250000,263250100,14181,23636,263400000,263400000
0,1756,263400000,263400100,14181,23636,263550000,263550000
0,1757,263550000,263550100,14181,23636,263700000,263700000
0,1758,263700000,263700100,14181,23636,263850000,263850000
0,1759,263850000,263850100,14181,23636,264000000,264000000
0,1760,264000000,264000100,14181,23636,264150000,264150000
0,1761,264150000,264150100,14181,23636,264300000,264300000
0,1762,264300000,264300100,14181,23636,264450000,264450000
0,1763,264450000,264450100,14181,23636,264600000,264600000
0,1764,264600000,264600100,14181,23636,264750000,264750000
0,1765,264750000,264750100,14181,23636,264900000,264900000
0,1766,264900000,264900100,14181,23636,265050000,265050000
0,1767,265050000,265050100,14181,23636,265200000,265200000
0,1768,265200000,265200100,14181,23636,265350000,265350000
0,1769,265350000,265350100,14181,23636,265500000,265500000
0,1770,265500000,265500100,14181,23636,265650000,265650000
0,1771,265650000,265650100,14181,23636,265800000,265800000
0,1772,265800000,265800100,14181,23636,265950000,265950000
0,1773,265950000,265950100,14181,23636,266100000,266100000
0,1774,266100000,266100100,14181,23636,266250000,266250000
0,1775,266250000,266250100,14181,23636,266400000,266400000
0,1776,266400000,266400100,14181,23636,266550000,266550000
0,1777,266550000,266550100,14181,23636,266700000,266700000
0,1778,266700000,266700100,14181,23636,266850000,266850000
0,1779,266850000,266850100,14181,23636,267000000,267000000
0,1780,267000000,267000100,14181,23636,267150000,267150000
0,1781,267150000,267150100,14181,23636,267300000,267300000
0,1782,267300000,267300100,14181,23636,267450000,267450000
0,1783,267450000,267450100,14181,23636,267600000,267600000
0,1784,267600000,267600100,14181,23636,267750000,267750000
0,1785,267750000,267750100,14181,23636,267900000,267900000
0,1786,267900000,267900100,14181,23636,268050000,268050000
0,1787,268050000,268050100,14181,23636,268200000,268200000
0,1788,268200000,268200100,14181,23636,268350000,268350000
0,1789,268350000,268350100,14181,23636,268500000,268500000
0,1790,268500000,268500100,14181,23636,268650000,268650000
0,1791,268650000,268650100,14181,23636,268800000,268800000
0,1792,268800000,268800100,14181,23636,268950000,268950000
0,1793,268950000,268950100,14181,23636,269100000,269100000
0,1794,269100000,269100100,14181,23636,269250000,269250000
0,1795,269250000,269250100,14181,23636,269400000,269400000
0,1796,269400000,269400100,14181,23636,269550000,269550000
0,1797,269550000,269550100,14181,23636,269700000,269700000
0,1798,269700000,269700100,14181,23636,269850000,269850000
0,1799,269850000,269850100,14181,23636,270000000,270000000
0,1800,270000000,270000100,14181,23636,270150000,270150000
0,1801,270150000,270150100,14181,23636,270300000,270300000
0,1802,270300000,270300100,14181,23636,270450000,270450000
0,1803,270450000,270450100,14181,23636,270600000,270600000
0,1804,270600000,270600100,14181,23636,270750000,270750000
0,1805,270750000,270750100,14181,23636,270900000,270900000
0,1806,270900000,270900100,14181,23636,271050000,271050000
0,1807,271050000,271050100,14181,23636,271200000,271200000
0,1808,271200000,271200100,14181,23636,271350000,271350000
0,1809,271350000,271350100,14181,23636,271500000,271500000
0,1810,271500000,271500100,14181,23636,271650000,271650000
0,1811,271650000,271650100,14181,23636,271800000,271800000
0,1812,271800000,271800100,14181,23636,271950000,271950000
0,1813,271950000,271950100,14181,23636,272100000,272100000
0,1814,272100000,272100100,14181,23636,272250000,272250000
0,1815,272250000,272250100,14181,23636,272400000,272400000
0,1816,272400000,272400100,14181,23636,272550000,272550000
0,1817,272550000,272550100,14181,23636,272700000,272700000
0,1818,272700000,272700100,14181,23636,272850000,272850000
0,1819,272850000,272850100,14181,23636,273000000,273000000
0,1820,273000000,273000100,14181,23636,273150000,273150000
0,1821,273150000,273150100,14181,23636,273300000,273300000
0,1822,273300000,273300100,14181,23636,273450000,273450000
0,1823,273450000,273450100,14181,23636,273600000,273600000
0,1824,273600000,273600100,14181,23636,273750000,273750000
0,1825,273750000,273750100,14181,23636,273900000,273900000
0,1826,273900000,273900100,14181,23636,274050000,274050000
0,1827,274050000,274050100,14181,23636,274200000,274200000
0,1828,274200000,274200100,14181,23636,274350000,274350000
0,1829,274350000,274350100,14181,23636,274500000,274500000
0,1830,274500000,274500100,14181,23636,274650000,274650000
0,1831,274650000,274650100,14181,23636,274800000,274800000
0,1832,274800000,274800100,14181,23636,274950000,274950000
0,1833,274950000,274950100,14181,23636,275100000,275100000
0,1834,275100000,275100100,14181,23636,275250000,275250000
0,1835,275250000,275250100,14181,23636,275400000,275400000
0,1836,275400000,275400100,14181,23636,275550000,275550000
0,1837,275550000,275550100,14181,23636,275700000,275700000
0,1838,275700000,275700100,14181,23636,275850000,275850000
0,1839,275850000,275850100,14181,23636,276000000,276000000
0,1840,276000000,276000100,14181,23636,276150000,276150000
0,1841,276150000,276150100,14181,23636,276300000,276300000
0,1842,276300000,276300100,14181,23636,276450000,276450000
0,1843,276450000,276450100,14181,23636,276600000,276600000
0,1844,276600000,276600100,14181,23636,276750000,276750000
0,1845,276750000,276750100,14181,23636,276900000,276900000
0,1846,276900000,276900100,14181,23636,277050000,277050000
0,1847,277050000,277050100,14181,23636,277200000,277200000
0,1848,277200000,277200100,14181,23636,277350000,277350000
0,1849,277350000,277350100,14181,23636,277500000,277500000
0,1850,277500000,277500100,14181,23636,277650000,277650000
0,1851,277650000,277650100,14181,23636,277800000,277800000
0,1852,277800000,277800100,14181,23636,277950000,277950000
0,1853,277950000,277950100,14181,23636,278100000,278100000
0,1854,278100000,278100100,14181,23636,278250000,278250000
0,1855,278250000,278250100,14181,23636,278400000,278400000
0,1856,278400000,278400100,14181,23636,278550000,278550000
0,1857,278550000,278550100,14181,23636,278700000,278700000
0,1858,278700000,278700100,14181,23636,278850000,278850000
0,1859,278850000,278850100,14181,23636,279000000,279000000
0,1860,279000000,279000100,14181,23636,279150000,279150000
0,1861,279150000,279150100,14181,23636,279300000,279300000
0,1862,279300000,279300100,14181,23636,279450000,279450000
0,1863,279450000,279450100,14181,23636,279600000,279600000
0,1864,279600000,279600100,14181,23636,279750000,279750000
0,1865,279750000,279750100,14181,23636,279900000,279900000
0,1866,279900000,279900100,14181,23636,280050000,280050000
0,1867,280050000,280050100,14181,23636,280200000,280200000
0,1868,280200000,280200100,14181,23636,280350000,280350000
0,1869,280350000,280350100,14181,23636,280500000,280500000
0,1870,280500000,280500100,14181,23636,280650000,280650000
0,1871,280650000,280650100,14181,23636,280800000,280800000
0,1872,280800000,280800100,14181,23636,280950000,280950000
0,1873,280950000,280950100,14181,23636,281100000,281100000
0,1874,281100000,281100100,14181,23636,281250000,281250000
0,1875,281250000,281250100,14181,23636,281400000,281400000
0,1876,281400000,281400100,14181,23636,281550000,281550000
0,1877,281550000,281550100,14181,23636,281700000,281700000
0,1878,281700000,281700100,14181,23636,281850000,281850000
0,1879,281850000,281850100,14181,23636,282000000,282000000
0,1880,282000000,282000100,14181,23636,282150000,282150000
0,1881,282150000,282150100,14181,23636,282300000,282300000
0,1882,282300000,282300100,14181,23636,282450000,282450000
0,1883,282450000,282450100,14181,23636,282600000,282600000
0,1884,282600000,282600100,14181,23636,282750000,282750000
0,1885,282750000,282750100,14181,23636,282900000,282900000
0,1886,282900000,282900100,14181,23636,283050000,283050000
0,1887,283050000,283050100,14181,23636,283200000,283200000
0,1888,283200000,283200100,14181,23636,283350000,283350000
0,1889,283350000,283350100,14181,23636,283500000,283500000
0,1890,283500000,283500100,14181,23636,283650000,283650000
0,1891,283650000,283650100,14181,23636,283800000,283800000
0,1892,283800000,283800100,14181,23636,283950000,283950000
0,1893,283950000,283950100,14181,23636,284100000,284100000
0,1894,284100000,284100100,14181,23636,284250000,284250000
0,1895,284250000,284250100,14181,23636,284400000,284400000
0,1896,284400000,284400100,14181,23636,284550000,284550000
0,1897,284550000,284550100,14181,23636,284700000,284700000
0,1898,284700000,284700100,14181,23636,284850000,284850000
0,1899,284850000,284850100,14181,23636,285000000,285000000
0,1900,285000000,285000100,14181,23636,285150000,285150000
0,1901,285150000,285150100,14181,23636,285300000,285300000
0,1902,285300000,285300100,14181,23636,285450000,285450000
0,1903,285450000,285450100,14181,23636,285600000,285600000
0,1904,285600000,285600100,14181,23636,285750000,285750000
0,1905,285750000,285750100,14181,23636,285900000,285900000
0,1906,285900000,285900100,14181,23636,286050000,286050000
0,1907,286050000,286050100,14181,23636,286200000,286200000
0,1908,286200000,286200100,14181,23636,286350000,286350000
0,1909,286350000,286350100,14181,23636,286500000,286500000
0,1910,286500000,286500100,14181,23636,286650000,286650000
0,1911,286650000,286650100,14181,23636,286800000,286800000
0,1912,286800000,286800100,14181,23636,286950000,286950000
0,1913,286950000,286950100,14181,23636,287100000,287100000
0,1914,287100000,287100100,14181,23636,287250000,287250000
0,1915,287250000,287250100,14181,23636,287400000,287400000
0,1916,287400000,287400100,14181,23636,287550000,287550000
0,1917,287550000,287550100,14181,23636,287700000,287700000
0,1918,287700000,287700100,14181,23636,287850000,287850000
0,1919,287850000,287850100,14181,23636,288000000,288000000
0,1920,288000000,288000100,14181,23636,288150000,288150000
0,1921,288150000,288150100,14181,23636,288300000,288300000
0,1922,288300000,288300100,14181,23636,288450000,288450000
0,1923,288450000,288450100,14181,23636,288600000,288600000
0,1924,288600000,288600100,14181,23636,288750000,288750000
0,1925,288750000,288750100,14181,23636,288900000,288900000
0,1926,288900000,288900100,14181,23636,289050000,289050000
0,1927,289050000,289050100,14181,23636,289200000,289200000
0,1928,289200000,289200100,14181,23636,289350000,289350000
0,1929,289350000,289350100,14181,23636,289500000,289500000
0,1930,289500000,289500100,14181,23636,289650000,289650000
0,1931,289650000,289650100,14181,23636,289800000,289800000
0,1932,289800000,289800100,14181,23636,289950000,289950000
0,1933,289950000,289950100,14181,23636,290100000,290100000
0,1934,290100000,290100100,14181,23636,290250000,290250000
0,1935,290250000,290250100,14181,23636,290400000,290400000
0,1936,290400000,290400100,14181,23636,290550000,290550000
0,1937,290550000,290550100,14181,23636,290700000,290700000
0,1938,290700000,290700100,14181,23636,290850000,290850000
0,1939,290850000,290850100,14181,23636,291000000,291000000
0,1940,291000000,291000100,14181,23636,291150000,291150000
0,1941,291150000,291150100,14181,23636,291300000,291300000
0,1942,291300000,291300100,14181,23636,291450000,291450000
0,1943,291450000,291450100,14181,23636,291600000,291600000
0,1944,291600000,291600100,14181,23636,291750000,291750000
0,1945,291750000,291750100,14181,23636,291900000,291900000
0,1946,291900000,291900100,14181,23636,292050000,292050000
0,1947,292050000,292050100,14181,23636,292200000,292200000
0,1948,292200000,292200100,14181,23636,292350000,292350000
0,1949,292350000,292350100,14181,23636,292500000,292500000
0,1950,292500000,292500100,14181,23636,292650000,292650000
0,1951,292650000,292650100,14181,23636,292800000,292800000
0,1952,292800000,292800100,14181,23636,292950000,292950000
0,1953,292950000,292950100,14181,23636,293100000,293100000
0,1954,293100000,293100100,14181,23636,293250000,293250000
0,1955,293250000,293250100,14181,23636,293400000,293400000
0,1956,293400000,293400100,14181,23636,293550000,293550000
0,1957,293550000,293550100,14181,23636,293700000,293700000
0,1958,293700000,293700100,14181,23636,293850000,293850000
0,1959,293850000,293850100,14181,23636,294000000,294000000
0,1960,294000000,294000100,14181,23636,294150000,294150000
0,1961,294150000,294150100,14181,23636,294300000,294300000
0,1962,294300000,294300100,14181,23636,294450000,294450000
0,1963,294450000,294450100,14181,23636,294600000,294600000
0,1964,294600000,294600100,14181,23636,294750000,294750000
0,1965,294750000,294750100,14181,23636,294900000,294900000
0,1966,294900000,294900100,14181,23636,295050000,295050000
0,1967,295050000,295050100,14181,23636,295200000,295200000
0,1968,295200000,295200100,14181,23636,295350000,295350000
0,1969,295350000,295350100,14181,23636,295500000,295500000
0,1970,295500000,295500100,14181,23636,295650000,295650000
0,1971,295650000,295650100,14181,23636,295800000,295800000
0,1972,295800000,295800100,14181,23636,295950000,295950000
0,1973,295950000,295950100,14181,23636,296100000,296100000
0,1974,296100000,296100100,14181,23636,296250000,296250000
0,1975,296250000,296250100,14181,23636,296400000,296400000
0,1976,296400000,296400100,14181,23636,296550000,296550000
0,1977,296550000,296550100,14181,23636,296700000,296700000
0,1978,296700000,296700100,14181,23636,296850000,296850000
0,1979,296850000,296850100,14181,23636,297000000,297000000
0,1980,297000000,297000100,14181,23636,297150000,297150000
0,1981,297150000,297150100,14181,23636,297300000,297300000
0,1982,297300000,297300100,14181,23636,297450000,297450000
0,1983,297450000,297450100,14181,23636,297600000,297600000
0,1984,297600000,297600100,14181,23636,297750000,297750000
0,1985,297750000,297750100,14181,23636,297900000,297900000
0,1986,297900000,297900100,14181,23636,298050000,298050000
0,1987,298050000,298050100,14181,23636,298200000,298200000
0,1988,298200000,298200100,14181,23636,298350000,298350000
0,1989,298350000,298350100,14181,23636,298500000,298500000
0,1990,298500000,298500100,14181,23636,298650000,298650000
0,1991,298650000,298650100,14181,23636,298800000,298800000
0,1992,298800000,298800100,14181,23636,298950000,298950000
0,1993,298950000,298950100,14181,23636,299100000,299100000
0,1994,299100000,299100100,14181,23636,299250000,299250000
0,1995,299250000,299250100,14181,23636,299400000,299400000
0,1996,299400000,299400100,14181,23636,299550000,299550000
0,1997,299550000,299550100,14181,23636,299700000,299700000
0,1998,299700000,299700100,14181,23636,299850000,299850000
0,1999,299850000,299850100,14181,23636,300000000,300000000
0,2000,300000000,300000100,14181,23636,300150000,300150000
0,2001,300150000,300150100,14181,23636,300300000,300300000
0,2002,300300000,300300100,14181,23636,300450000,300450000
0,2003,300450000,300450100,14181,23636,300600000,300600000
0,2004,300600000,300600100,14181,23636,300750000,300750000
0,2005,300750000,300750100,14181,23636,300900000,300900000
0,2006,300900000,300900100,14181,23636,301050000,301050000
0,2007,301050000,301050100,14181,23636,301200000,301200000
0,2008,301200000,301200100,14181,23636,301350000,301350000
0,2009,301350000,301350100,14181,23636,301500000,301500000
0,2010,301500000,301500100,14181,23636,301650000,301650000
0,2011,301650000,301650100,14181,23636,301800000,301800000
0,2012,301800000,301800100,14181,23636,301950000,301950000
0,2013,301950000,301950100,14181,23636,302100000,302100000
0,2014,302100000,302100100,14181,23636,302250000,302250000
0,2015,302250000,302250100,14181,23636,302400000,302400000
0,2016,302400000,302400100,14181,23636,302550000,302550000
0,2017,302550000,302550100,14181,23636,302700000,302700000
0,2018,302700000,302700100,14181,23636,302850000,302850000
0,2019,302850000,302850100,14181,23636,303000000,303000000
0,2020,303000000,303000100,14181,23636,303150000,303150000
0,2021,303150000,303150100,14181,23636,303300000,303300000
0,2022,303300000,303300100,14181,23636,303450000,303450000
0,2023,303450000,303450100,14181,23636,303600000,303600000
0,2024,303600000,303600100,14181,23636,303750000,303750000
0,2025,303750000,303750100,14181,23636,303900000,303900000
0,2026,303900000,303900100,14181,23636,304050000,304050000
0,2027,304050000,304050100,14181,23636,304200000,304200000
0,2028,304200000,304200100,14181,23636,304350000,304350000
0,2029,304350000,304350100,14181,23636,304500000,304500000
0,2030,304500000,304500100,14181,23636,304650000,304650000
0,2031,304650000,304650100,14181,23636,304800000,304800000
0,2032,304800000,304800100,14181,23636,304950000,304950000
0,2033,304950000,304950100,14181,23636,305100000,305100000
0,2034,305100000,305100100,14181,23636,305250000,305250000
0,2035,305250000,305250100,14181,23636,305400000,305400000
0,2036,305400000,305400100,14181,23636,305550000,305550000
0,2037,305550000,305550100,14181,23636,305700000,305700000
0,2038,305700000,305700100,14181,23636,305850000,305850000
0,2039,305850000,305850100,14181,23636,306000000,306000000
0,2040,306000000,306000100,14181,23636,306150000,306150000
0,2041,306150000,306150100,14181,23636,306300000,306300000
0,2042,306300000,306300100,14181,23636,306450000,306450000
0,2043,306450000,306450100,14181,23636,306600000,306600000
0,2044,306600000,306600100,14181,23636,306750000,306750000
0,2045,306750000,306750100,14181,23636,306900000,306900000
0,2046,306900000,306900100,14181,23636,307050000,307050000
0,2047,307050000,307050100,14181,23636,307200000,307200000
0,2048,307200000,307200100,14181,23636,307350000,307350000
0,2049,307350000,307350100,14181,23636,307500000,307500000
0,2050,307500000,307500100,14181,23636,307650000,307650000
0,2051,307650000,307650100,14181,23636,307800000,307800000
0,2052,307800000,307800100,14181,23636,307950000,307950000
0,2053,307950000,307950100,14181,23636,308100000,308100000
0,2054,308100000,308100100,14181,23636,308250000,308250000
0,2055,308250000,308250100,14181,23636,308400000,308400000
0,2056,308400000,308400100,14181,23636,308550000,308550000
0,2057,308550000,308550100,14181,23636,308700000,308700000
0,2058,308700000,308700100,14181,23636,308850000,308850000
0,2059,308850000,308850100,14181,23636,309000000,309000000
0,2060,309000000,309000100,14181,23636,309150000,309150000
0,2061,309150000,309150100,14181,23636,309300000,309300000
0,2062,309300000,309300100,14181,23636,309450000,309450000
0,2063,309450000,309450100,14181,23636,309600000,309600000
0,2064,309600000,309600100,14181,23636,309750000,309750000
0,2065,309750000,309750100,14181,23636,309900000,309900000
0,2066,309900000,309900100,14181,23636,310050000,310050000
0,2067,310050000,310050100,14181,23636,310200000,310200000
0,2068,310200000,310200100,14181,23636,310350000,310350000
0,2069,310350000,310350100,14181,23636,310500000,310500000
0,2070,310500000,310500100,14181,23636,310650000,310650000
0,2071,310650000,310650100,14181,23636,310800000,310800000
0,2072,310800000,310800100,14181,23636,310950000,310950000
0,2073,310950000,310950100,14181,23636,311100000,311100000
0,2074,311100000,311100100,14181,23636,311250000,311250000
0,2075,311250000,311250100,14181,23636,311400000,311400000
0,2076,311400000,311400100,14181,23636,311550000,311550000
0,2077,311550000,311550100,14181,23636,311700000,311700000
0,2078,311700000,311700100,14181,23636,311850000,311850000
0,2079,311850000,311850100,14181,23636,312000000,312000000
0,2080,312000000,312000100,14181,23636,312150000,312150000
0,2081,312150000,312150100,14181,23636,312300000,312300000
0,2082,312300000,312300100,14181,23636,312450000,312450000
0,2083,312450000,312450100,14181,23636,312600000,312600000
0,2084,312600000,312600100,14181,23636,312750000,312750000
0,2085,312750000,312750100,14181,23636,312900000,312900000
0,2086,312900000,312900100,14181,23636,313050000,313050000
0,2087,313050000,313050100,14181,23636,313200000,313200000
0,2088,313200000,313200100,14181,23636,313350000,313350000
0,2089,313350000,313350100,14181,23636,313500000,313500000
0,2090,313500000,313500100,14181,23636,313650000,313650000
0,2091,313650000,313650100,14181,23636,313800000,313800000
0,2092,313800000,313800100,14181,23636,313950000,313950000
0,2093,313950000,313950100,14181,23636,314100000,314100000
0,2094,314100000,314100100,14181,23636,314250000,314250000
0,2095,314250000,314250100,14181,23636,314400000,314400000
0,2096,314400000,314400100,14181,23636,314550000,314550000
0,2097,314550000,314550100,14181,23636,314700000,314700000
0,2098,314700000,314700100,14181,23636,314850000,314850000
0,2099,314850000,314850100,14181,23636,315000000,315000000
0,2100,315000000,315000100,14181,23636,315150000,315150000
0,2101,315150000,315150100,14181,23636,315300000,315300000
0,2102,315300000,315300100,14181,23636,315450000,315450000
0,2103,315450000,315450100,14181,23636,315600000,315600000
0,2104,315600000,315600100,14181,23636,315750000,315750000
0,2105,315750000,315750100,14181,23636,315900000,315900000
0,2106,315900000,315900100,14181,23636,316050000,316050000
0,2107,316050000,316050100,14181,23636,316200000,316200000
0,2108,316200000,316200100,14181,23636,316350000,316350000
0,2109,316350000,316350100,14181,23636,316500000,316500000
0,2110,316500000,316500100,14181,23636,316650000,316650000
0,2111,316650000,316650100,14181,23636,316800000,316800000
0,2112,316800000,316800100,14181,23636,316950000,316950000
0,2113,316950000,316950100,14181,23636,317100000,317100000
0,2114,317100000,317100100,14181,23636,317250000,317250000
0,2115,317250000,317250100,14181,23636,317400000,317400000
0,2116,317400000,317400100,14181,23636,317550000,317550000
0,2117,317550000,317550100,14181,23636,317700000,317700000
0,2118,317700000,317700100,14181,23636,317850000,317850000
0,2119,317850000,317850100,14181,23636,318000000,318000000
0,2120,318000000,318000100,14181,23636,318150000,318150000
0,2121,318150000,318150100,14181,23636,318300000,318300000
0,2122,318300000,318300100,14181,23636,318450000,318450000
0,2123,318450000,318450100,14181,23636,318600000,318600000
0,2124,318600000,318600100,14181,23636,318750000,318750000
0,2125,318750000,318750100,14181,23636,318900000,318900000
0,2126,318900000,318900100,14181,23636,319050000,319050000
0,2127,319050000,319050100,14181,23636,319200000,319200000
0,2128,319200000,319200100,14181,23636,319350000,319350000
0,2129,319350000,319350100,14181,23636,319500000,319500000
0,2130,319500000,319500100,14181,23636,319650000,319650000
0,2131,319650000,319650100,14181,23636,319800000,319800000
0,2132,319800000,319800100,14181,23636,319950000,319950000
0,2133,319950000,319950100,14181,23636,320100000,320100000
0,2134,320100000,320100100,14181,23636,320250000,320250000
0,2135,320250000,320250100,14181,23636,320400000,320400000
0,2136,320400000,320400100,14181,23636,320550000,320550000
0,2137,320550000,320550100,14181,23636,320700000,320700000
0,2138,320700000,320700100,14181,23636,320850000,320850000
0,2139,320850000,320850100,14181,23636,321000000,321000000
0,2140,321000000,321000100,14181,23636,321150000,321150000
0,2141,321150000,321150100,14181,23636,321300000,321300000
0,2142,321300000,321300100,14181,23636,321450000,321450000
0,2143,321450000,321450100,14181,23636,321600000,321600000
0,2144,321600000,321600100,14181,23636,321750000,321750000
0,2145,321750000,321750100,14181,23636,321900000,321900000
0,2146,321900000,321900100,14181,23636,322050000,322050000
0,2147,322050000,322050100,14181,23636,322200000,322200000
0,2148,322200000,322200100,14181,23636,322350000,322350000
0,2149,322350000,322350100,14181,23636,322500000,322500000
0,2150,322500000,322500100,14181,23636,322650000,322650000
0,2151,322650000,322650100,14181,23636,322800000,322800000
0,2152,322800000,322800100,14181,23636,322950000,322950000
0,2153,322950000,322950100,14181,23636,323100000,323100000
0,2154,323100000,323100100,14181,23636,323250000,323250000
0,2155,323250000,323250100,14181,23636,323400000,323400000
0,2156,323400000,323400100,14181,23636,323550000,323550000
0,2157,323550000,323550100,14181,23636,323700000,323700000
0,2158,323700000,323700100,14181,23636,323850000,323850000
0,2159,323850000,323850100,14181,23636,324000000,324000000
0,2160,324000000,324000100,14181,23636,324150000,324150000
0,2161,324150000,324150100,14181,23636,324300000,324300000
0,2162,324300000,324300100,14181,23636,324450000,324450000
0,2163,324450000,324450100,14181,23636,324600000,324600000
0,2164,324600000,324600100,14181,23636,324750000,324750000
0,2165,324750000,324750100,14181,23636,324900000,324900000
0,2166,324900000,324900100,14181,23636,325050000,325050000
0,2167,325050000,325050100,14181,23636,325200000,325200000
0,2168,325200000,325200100,14181,23636,325350000,325350000
0,2169,325350000,325350100,14181,23636,325500000,325500000
0,2170,325500000,325500100,14181,23636,325650000,325650000
0,2171,325650000,325650100,14181,23636,325800000,325800000
0,2172,325800000,325800100,14181,23636,325950000,325950000
0,2173,325950000,325950100,14181,23636,326100000,326100000
0,2174,326100000,326100100,14181,23636,326250000,326250000
0,2175,326250000,326250100,14181,23636,326400000,326400000
0,2176,326400000,326400100,14181,23636,326550000,326550000
0,2177,326550000,326550100,14181,23636,326700000,326700000
0,2178,326700000,326700100,14181,23636,326850000,326850000
0,2179,326850000,326850100,14181,23636,327000000,327000000
0,2180,327000000,327000100,14181,23636,327150000,327150000
0,2181,327150000,327150100,14181,23636,327300000,327300000
0,2182,327300000,327300100,14181,23636,327450000,327450000
0,2183,327450000,327450100,14181,23636,327600000,327600000
0,2184,327600000,327600100,14181,23636,327750000,327750000
0,2185,327750000,327750100,14181,23636,327900000,327900000
0,2186,327900000,327900100,14181,23636,328050000,328050000
0,2187,328050000,328050100,14181,23636,328200000,328200000
0,2188,328200000,328200100,14181,23636,328350000,328350000
0,2189,328350000,328350100,14181,23636,328500000,328500000
0,2190,328500000,328500100,14181,23636,328650000,328650000
0,2191,328650000,328650100,14181,23636,328800000,328800000
0,2192,328800000,328800100,14181,23636,328950000,328950000
0,2193,328950000,328950100,14181,23636,329100000,329100000
0,2194,329100000,329100100,14181,23636,329250000,329250000
0,2195,329250000,329250100,14181,23636,329400000,329400000
0,2196,329400000,329400100,14181,23636,329550000,329550000
0,2197,329550000,329550100,14181,23636,329700000,329700000
0,2198,329700000,329700100,14181,23636,329850000,329850000
0,2199,329850000,329850100,14181,23636,330000000,330000000
0,2200,330000000,330000100,14181,23636,330150000,330150000
0,2201,330150000,330150100,14181,23636,330300000,330300000
0,2202,330300000,330300100,14181,23636,330450000,330450000
0,2203,330450000,330450100,14181,23636,330600000,330600000
0,2204,330600000,330600100,14181,23636,330750000,330750000
0,2205,330750000,330750100,14181,23636,330900000,330900000
0,2206,330900000,330900100,14181,23636,331050000,331050000
0,2207,331050000,331050100,14181,23636,331200000,331200000
0,2208,331200000,331200100,14181,23636,331350000,331350000
0,2209,331350000,331350100,14181,23636,331500000,331500000
0,2210,331500000,331500100,14181,23636,331650000,331650000
0,2211,331650000,331650100,14181,23636,331800000,331800000
0,2212,331800000,331800100,14181,23636,331950000,331950000
0,2213,331950000,331950100,14181,23636,332100000,332100000
0,2214,332100000,332100100,14181,23636,332250000,332250000
0,2215,332250000,332250100,14181,23636,332400000,332400000
0,2216,332400000,332400100,14181,23636,332550000,332550000
0,2217,332550000,332550100,14181,23636,332700000,332700000
0,2218,332700000,332700100,14181,23636,332850000,332850000
0,2219,332850000,332850100,14181,23636,333000000,333000000
0,2220,333000000,333000100,14181,23636,333150000,333150000
0,2221,333150000,333150100,14181,23636,333300000,333300000
0,2222,333300000,333300100,14181,23636,333450000,333450000
0,2223,333450000,333450100,14181,23636,333600000,333600000
0,2224,333600000,333600100,14181,23636,333750000,333750000
0,2225,333750000,333750100,14181,23636,333900000,333900000
0,2226,333900000,333900100,14181,23636,334050000,334050000
0,2227,334050000,334050100,14181,23636,334200000,334200000
0,2228,334200000,334200100,14181,23636,334350000,334350000
0,2229,334350000,334350100,14181,23636,334500000,334500000
0,2230,334500000,334500100,14181,23636,334650000,334650000
0,2231,334650000,334650100,14181,23636,334800000,334800000
0,2232,334800000,334800100,14181,23636,334950000,334950000
0,2233,334950000,334950100,14181,23636,335100000,335100000
0,2234,335100000,335100100,14181,23636,335250000,335250000
0,2235,335250000,335250100,14181,23636,335400000,335400000
0,2236,335400000,335400100,14181,23636,335550000,335550000
0,2237,335550000,335550100,14181,23636,335700000,335700000
0,2238,335700000,335700100,14181,23636,335850000,335850000
0,2239,335850000,335850100,14181,23636,336000000,336000000
0,2240,336000000,336000100,14181,23636,336150000,336150000
0,2241,336150000,336150100,14181,23636,336300000,336300000
0,2242,336300000,336300100,14181,23636,336450000,336450000
0,2243,336450000,336450100,14181,23636,336600000,336600000
0,2244,336600000,336600100,14181,23636,336750000,336750000
0,2245,336750000,336750100,14181,23636,336900000,336900000
0,2246,336900000,336900100,14181,23636,337050000,337050000
0,2247,337050000,337050100,14181,23636,337200000,337200000
0,2248,337200000,337200100,14181,23636,337350000,337350000
0,2249,337350000,337350100,14181,23636,337500000,337500000
0,2250,337500000,337500100,14181,23636,337650000,337650000
0,2251,337650000,337650100,14181,23636,337800000,337800000
0,2252,337800000,337800100,14181,23636,337950000,337950000
0,2253,337950000,337950100,14181,23636,338100000,338100000
0,2254,338100000,338100100,14181,23636,338250000,338250000
0,2255,338250000,338250100,14181,23636,338400000,338400000
0,2256,338400000,338400100,14181,23636,338550000,338550000
0,2257,338550000,338550100,14181,23636,338700000,338700000
0,2258,338700000,338700100,14181,23636,338850000,338850000
0,2259,338850000,338850100,14181,23636,339000000,339000000
0,2260,339000000,339000100,14181,23636,339150000,339150000
0,2261,339150000,339150100,14181,23636,339300000,339300000
0,2262,339300000,339300100,14181,23636,339450000,339450000
0,2263,339450000,339450100,14181,23636,339600000,339600000
0,2264,339600000,339600100,14181,23636,339750000,339750000
0,2265,339750000,339750100,14181,23636,339900000,339900000
0,2266,339900000,339900100,14181,23636,340050000,340050000
0,2267,340050000,340050100,14181,23636,340200000,340200000
0,2268,340200000,340200100,14181,23636,340350000,340350000
0,2269,340350000,340350100,14181,23636,340500000,340500000
0,2270,340500000,340500100,14181,23636,340650000,340650000
0,2271,340650000,340650100,14181,23636,340800000,340800000
0,2272,340800000,340800100,14181,23636,340950000,340950000
0,2273,340950000,340950100,14181,23636,341100000,341100000
0,2274,341100000,341100100,14181,23636,341250000,341250000
0,2275,341250000,341250100,14181,23636,341400000,341400000
0,2276,341400000,341400100,14181,23636,341550000,341550000
0,2277,341550000,341550100,14181,23636,341700000,341700000
0,2278,341700000,341700100,14181,23636,341850000,341850000
0,2279,341850000,341850100,14181,23636,342000000,342000000
0,2280,342000000,342000100,14181,23636,342150000,342150000
0,2281,342150000,342150100,14181,23636,342300000,342300000
0,2282,342300000,342300100,14181,23636,342450000,342450000
0,2283,342450000,342450100,14181,23636,342600000,342600000
0,2284,342600000,342600100,14181,23636,342750000,342750000
0,2285,342750000,342750100,14181,23636,342900000,342900000
0,2286,342900000,342900100,14181,23636,343050000,343050000
0,2287,343050000,343050100,14181,23636,343200000,343200000
0,2288,343200000,343200100,14181,23636,343350000,343350000
0,2289,343350000,343350100,14181,23636,343500000,343500000
0,2290,343500000,343500100,14181,23636,343650000,343650000
0,2291,343650000,343650100,14181,23636,343800000,343800000
0,2292,343800000,343800100,14181,23636,343950000,343950000
0,2293,343950000,343950100,14181,23636,344100000,344100000
0,2294,344100000,344100100,14181,23636,344250000,344250000
0,2295,344250000,344250100,14181,23636,344400000,344400000
0,2296,344400000,344400100,14181,23636,344550000,344550000
0,2297,344550000,344550100,14181,23636,344700000,344700000
0,2298,344700000,344700100,14181,23636,344850000,344850000
0,2299,344850000,344850100,14181,23636,345000000,345000000
0,2300,345000000,345000100,14181,23636,345150000,345150000
0,2301,345150000,345150100,14181,23636,345300000,345300000
0,2302,345300000,345300100,14181,23636,345450000,345450000
0,2303,345450000,345450100,14181,23636,345600000,345600000
0,2304,345600000,345600100,14181,23636,345750000,345750000
0,2305,345750000,345750100,14181,23636,345900000,345900000
0,2306,345900000,345900100,14181,23636,346050000,346050000
0,2307,346050000,346050100,14181,23636,346200000,346200000
0,2308,346200000,346200100,14181,23636,346350000,346350000
0,2309,346350000,346350100,14181,23636,346500000,346500000
0,2310,346500000,346500100,14181,23636,346650000,346650000
0,2311,346650000,346650100,14181,23636,346800000,346800000
0,2312,346800000,346800100,14181,23636,346950000,346950000
0,2313,346950000,346950100,14181,23636,347100000,347100000
0,2314,347100000,347100100,14181,23636,347250000,347250000
0,2315,347250000,347250100,14181,23636,347400000,347400000
0,2316,347400000,347400100,14181,23636,347550000,347550000
0,2317,347550000,347550100,14181,23636,347700000,347700000
0,2318,347700000,347700100,14181,23636,347850000,347850000
0,2319,347850000,347850100,14181,23636,348000000,348000000
0,2320,348000000,348000100,14181,23636,348150000,348150000
0,2321,348150000,348150100,14181,23636,348300000,348300000
0,2322,348300000,348300100,14181,23636,348450000,348450000
0,2323,348450000,348450100,14181,23636,348600000,348600000
0,2324,348600000,348600100,14181,23636,348750000,348750000
0,2325,348750000,348750100,14181,23636,348900000,348900000
0,2326,348900000,348900100,14181,23636,349050000,349050000
0,2327,349050000,349050100,14181,23636,349200000,349200000
0,2328,349200000,349200100,14181,23636,349350000,349350000
0,2329,349350000,349350100,14181,23636,349500000,349500000
0,2330,349500000,349500100,14181,23636,349650000,349650000
0,2331,349650000,349650100,14181,23636,349800000,349800000
0,2332,349800000,349800100,14181,23636,349950000,349950000
0,2333,349950000,349950100,14181,23636,350100000,350100000
0,2334,350100000,350100100,14181,23636,350250000,350250000
0,2335,350250000,350250100,14181,23636,350400000,350400000
0,2336,350400000,350400100,14181,23636,350550000,350550000
0,2337,350550000,350550100,14181,23636,350700000,350700000
0,2338,350700000,350700100,14181,23636,350850000,350850000
0,2339,350850000,350850100,14181,23636,351000000,351000000
0,2340,351000000,351000100,14181,23636,351150000,351150000
0,2341,351150000,351150100,14181,23636,351300000,351300000
0,2342,351300000,351300100,14181,23636,351450000,351450000
0,2343,351450000,351450100,14181,23636,351600000,351600000
0,2344,351600000,351600100,14181,23636,351750000,351750000
0,2345,351750000,351750100,14181,23636,351900000,351900000
0,2346,351900000,351900100,14181,23636,352050000,352050000
0,2347,352050000,352050100,14181,23636,352200000,352200000
0,2348,352200000,352200100,14181,23636,352350000,352350000
0,2349,352350000,352350100,14181,23636,352500000,352500000
0,2350,352500000,352500100,14181,23636,352650000,352650000
0,2351,352650000,352650100,14181,23636,352800000,352800000
0,2352,352800000,352800100,14181,23636,352950000,352950000
0,2353,352950000,352950100,14181,23636,353100000,353100000
0,2354,353100000,353100100,14181,23636,353250000,353250000
0,2355,353250000,353250100,14181,23636,353400000,353400000
0,2356,353400000,353400100,14181,23636,353550000,353550000
0,2357,353550000,353550100,14181,23636,353700000,353700000
0,2358,353700000,353700100,14181,23636,353850000,353850000
0,2359,353850000,353850100,14181,23636,354000000,354000000
0,2360,354000000,354000100,14181,23636,354150000,354150000
0,2361,354150000,354150100,14181,23636,354300000,354300000
0,2362,354300000,354300100,14181,23636,354450000,354450000
0,2363,354450000,354450100,14181,23636,354600000,354600000
0,2364,354600000,354600100,14181,23636,354750000,354750000
0,2365,354750000,354750100,14181,23636,354900000,354900000
0,2366,354900000,354900100,14181,23636,355050000,355050000
0,2367,355050000,355050100,14181,23636,355200000,355200000
0,2368,355200000,355200100,14181,23636,355350000,355350000
0,2369,355350000,355350100,14181,23636,355500000,355500000
0,2370,355500000,355500100,14181,23636,355650000,355650000
0,2371,355650000,355650100,14181,23636,355800000,355800000
0,2372,355800000,355800100,14181,23636,355950000,355950000
0,2373,355950000,355950100,14181,23636,356100000,356100000
0,2374,356100000,356100100,14181,23636,356250000,356250000
0,2375,356250000,356250100,14181,23636,356400000,356400000
0,2376,356400000,356400100,14181,23636,356550000,356550000
0,2377,356550000,356550100,14181,23636,356700000,356700000
0,2378,356700000,356700100,14181,23636,356850000,356850000
0,2379,356850000,356850100,14181,23636,357000000,357000000
1,0,0,100,43656,72760,150000,150000
1,1,150000,150100,43656,72760,300000,300000
1,2,300000,300100,43656,72760,450000,450000
1,3,450000,450100,43656,72760,600000,600000
1,4,600000,600100,43656,72760,750000,750000
1,5,750000,750100,43656,72760,900000,900000
1,6,900000,900100,43656,72760,1050000,1050000
1,7,1050000,1050100,43656,72760,1200000,1200000
1,8,1200000,1200100,43656,72760,1350000,1350000
1,9,1350000,1350100,43656,72760,1500000,1500000
1,10,1500000,1500100,43656,72760,1650000,1650000
1,11,1650000,1650100,43656,72760,1800000,1800000
1,12,1800000,1800100,43656,72760,1950000,1950000
1,13,1950000,1950100,43656,72760,2100000,2100000
1,14,2100000,2100100,43656,72760,2250000,2250000
1,15,2250000,2250100,43656,72760,2400000,2400000
1,16,2400000,2400100,43656,72760,2550000,2550000
1,17,2550000,2550100,43656,72760,2700000,2700000
1,18,2700000,2700100,43656,72760,2850000,2850000
1,19,2850000,2850100,43656,72760,3000000,3000000
1,20,3000000,3000100,43656,72760,3150000,3150000
1,21,3150000,3150100,43656,72760,3300000,3300000
1,22,3300000,3300100,43656,72760,3450000,3450000
1,23,3450000,3450100,43656,72760,3600000,3600000
1,24,3600000,3600100,43656,72760,3750000,3750000
1,25,3750000,3750100,43656,72760,3900000,3900000
1,26,3900000,3900100,43656,72760,4050000,4050000
1,27,4050000,4050100,43656,72760,4200000,4200000
1,28,4200000,4200100,43656,72760,4350000,4350000
1,29,4350000,4350100,43656,72760,4500000,4500000
1,30,4500000,4500100,43656,72760,4650000,4650000
1,31,4650000,4650100,43656,72760,4800000,4800000
1,32,4800000,4800100,43656,72760,4950000,4950000
1,33,4950000,4950100,43656,72760,5100000,5100000
1,34,5100000,5100100,43656,72760,5250000,5250000
1,35,5250000,5250100,43656,72760,5400000,5400000
1,36,5400000,5400100,43656,72760,5550000,5550000
1,37,5550000,5550100,43656,72760,5700000,5700000
1,38,5700000,5700100,43656,72760,5850000,5850000
1,39,5850000,5850100,43656,72760,6000000,6000000
1,40,6000000,6000100,43656,72760,6150000,6150000
1,41,6150000,6150100,43656,72760,6300000,6300000
1,42,6300000,6300100,43656,72760,6450000,6450000
1,43,6450000,6450100,43656,72760,6600000,6600000
1,44,6600000,6600100,43656,72760,6750000,6750000
1,45,6750000,6750100,43656,72760,6900000,6900000
1,46,6900000,6900100,43656,72760,7050000,7050000
1,47,7050000,7050100,43656,72760,7200000,7200000
1,48,7200000,7200100,43656,72760,7350000,7350000
1,49,7350000,7350100,43656,72760,7500000,7500000
1,50,7500000,7500100,43656,72760,7650000,7650000
1,51,7650000,7650100,43656,72760,7800000,7800000
1,52,7800000,7800100,43656,72760,7950000,7950000
1,53,7950000,7950100,43656,72760,8100000,8100000
1,54,8100000,8100100,43656,72760,8250000,8250000
1,55,8250000,8250100,43656,72760,8400000,8400000
1,56,8400000,8400100,43656,72760,8550000,8550000
1,57,8550000,8550100,43656,72760,8700000,8700000
1,58,8700000,8700100,43656,72760,8850000,8850000
1,59,8850000,8850100,43656,72760,9000000,9000000
1,60,9000000,9000100,43656,72760,9150000,9150000
1,61,9150000,9150100,43656,72760,9300000,9300000
1,62,9300000,9300100,43656,72760,9450000,9450000
1,63,9450000,9450100,43656,72760,9600000,9600000
1,64,9600000,9600100,43656,72760,9750000,9750000
1,65,9750000,9750100,43656,72760,9900000,9900000
1,66,9900000,9900100,43656,72760,10050000,10050000
1,67,10050000,10050100,43656,72760,10200000,10200000
1,68,10200000,10200100,43656,72760,10350000,10350000
1,69,10350000,10350100,43656,72760,10500000,10500000
1,70,10500000,10500100,43656,72760,10650000,10650000
1,71,10650000,10650100,43656,72760,10800000,10800000
1,72,10800000,10800100,43656,72760,10950000,10950000
1,73,10950000,10950100,43656,72760,11100000,11100000
1,74,11100000,11100100,43656,72760,11250000,11250000
1,75,11250000,11250100,43656,72760,11400000,11400000
1,76,11400000,11400100,43656,72760,11550000,11550000
1,77,11550000,11550100,43656,72760,11700000,11700000
1,78,11700000,11700100,43656,72760,11850000,11850000
1,79,11850000,11850100,43656,72760,12000000,12000000
1,80,12000000,12000100,43656,72760,12150000,12150000
1,81,12150000,12150100,43656,72760,12300000,12300000
1,82,12300000,12300100,43656,72760,12450000,12450000
1,83,12450000,12450100,43656,72760,12600000,12600000
1,84,12600000,12600100,43656,72760,12750000,12750000
1,85,12750000,12750100,43656,72760,12900000,12900000
1,86,12900000,12900100,43656,72760,13050000,13050000
1,87,13050000,13050100,43656,72760,13200000,13200000
1,88,13200000,13200100,43656,72760,13350000,13350000
1,89,13350000,13350100,43656,72760,13500000,13500000
1,90,13500000,13500100,43656,72760,13650000,13650000
1,91,13650000,13650100,43656,72760,13800000,13800000
1,92,13800000,13800100,43656,72760,13950000,13950000
1,93,13950000,13950100,43656,72760,14100000,14100000
1,94,14100000,14100100,43656,72760,14250000,14250000
1,95,14250000,14250100,43656,72760,14400000,14400000
1,96,14400000,14400100,43656,72760,14550000,14550000
1,97,14550000,14550100,43656,72760,14700000,14700000
1,98,14700000,14700100,43656,72760,14850000,14850000
1,99,14850000,14850100,43656,72760,15000000,15000000
1,100,15000000,15000100,43656,72760,15150000,15150000
1,101,15150000,15150100,43656,72760,15300000,15300000
1,102,15300000,15300100,43656,72760,15450000,15450000
1,103,15450000,15450100,43656,72760,15600000,15600000
1,104,15600000,15600100,43656,72760,15750000,15750000
1,105,15750000,15750100,43656,72760,15900000,15900000
1,106,15900000,15900100,43656,72760,16050000,16050000
1,107,16050000,16050100,43656,72760,16200000,16200000
1,108,16200000,16200100,43656,72760,16350000,16350000
1,109,16350000,16350100,43656,72760,16500000,16500000
1,110,16500000,16500100,43656,72760,16650000,16650000
1,111,16650000,16650100,43656,72760,16800000,16800000
1,112,16800000,16800100,43656,72760,16950000,16950000
1,113,16950000,16950100,43656,72760,17100000,17100000
1,114,17100000,17100100,43656,72760,17250000,17250000
1,115,17250000,17250100,43656,72760,17400000,17400000
1,116,17400000,17400100,43656,72760,17550000,17550000
1,117,17550000,17550100,43656,72760,17700000,17700000
1,118,17700000,17700100,43656,72760,17850000,17850000
1,119,17850000,17850100,43656,72760,18000000,18000000
1,120,18000000,18000100,43656,72760,18150000,18150000
1,121,18150000,18150100,43656,72760,18300000,18300000
1,122,18300000,18300100,43656,72760,18450000,18450000
1,123,18450000,18450100,43656,72760,18600000,18600000
1,124,18600000,18600100,43656,72760,18750000,18750000
1,125,18750000,18750100,43656,72760,18900000,18900000
1,126,18900000,18900100,43656,72760,19050000,19050000
1,127,19050000,19050100,43656,72760,19200000,19200000
1,128,19200000,19200100,43656,72760,19350000,19350000
1,129,19350000,19350100,43656,72760,19500000,19500000
1,130,19500000,19500100,43656,72760,19650000,19650000
1,131,19650000,19650100,43656,72760,19800000,19800000
1,132,19800000,19800100,43656,72760,19950000,19950000
1,133,19950000,19950100,43656,72760,20100000,20100000
1,134,20100000,20100100,43656,72760,20250000,20250000
1,135,20250000,20250100,43656,72760,20400000,20400000
1,136,20400000,20400100,43656,72760,20550000,20550000
1,137,20550000,20550100,43656,72760,20700000,20700000
1,138,20700000,20700100,43656,72760,20850000,20850000
1,139,20850000,20850100,43656,72760,21000000,21000000
1,140,21000000,21000100,43656,72760,21150000,21150000
1,141,21150000,21150100,43656,72760,21300000,21300000
1,142,21300000,21300100,43656,72760,21450000,21450000
1,143,21450000,21450100,43656,72760,21600000,21600000
1,144,21600000,21600100,43656,72760,21750000,21750000
1,145,21750000,21750100,43656,72760,21900000,21900000
1,146,21900000,21900100,43656,72760,22050000,22050000
1,147,22050000,22050100,43656,72760,22200000,22200000
1,148,22200000,22200100,43656,72760,22350000,22350000
1,149,22350000,22350100,43656,72760,22500000,22500000
1,150,22500000,22500100,43656,72760,22650000,22650000
1,151,22650000,22650100,43656,72760,22800000,22800000
1,152,22800000,22800100,43656,72760,22950000,22950000
1,153,22950000,22950100,43656,72760,23100000,23100000
1,154,23100000,23100100,43656,72760,23250000,23250000
1,155,23250000,23250100,43656,72760,23400000,23400000
1,156,23400000,23400100,43656,72760,23550000,23550000
1,157,23550000,23550100,43656,72760,23700000,23700000
1,158,23700000,23700100,43656,72760,23850000,23850000
1,159,23850000,23850100,43656,72760,24000000,24000000
1,160,24000000,24000100,43656,72760,24150000,24150000
1,161,24150000,24150100,43656,72760,24300000,24300000
1,162,24300000,24300100,43656,72760,24450000,24450000
1,163,24450000,24450100,43656,72760,24600000,24600000
1,164,24600000,24600100,43656,72760,24750000,24750000
1,165,24750000,24750100,43656,72760,24900000,24900000
1,166,24900000,24900100,43656,72760,25050000,25050000
1,167,25050000,25050100,43656,72760,25200000,25200000
1,168,25200000,25200100,43656,72760,25350000,25350000
1,169,25350000,25350100,43656,72760,25500000,25500000
1,170,25500000,25500100,43656,72760,25650000,25650000
1,171,25650000,25650100,43656,72760,25800000,25800000
1,172,25800000,25800100,43656,72760,25950000,25950000
1,173,25950000,25950100,43656,72760,26100000,26100000
1,174,26100000,26100100,43656,72760,26250000,26250000
1,175,26250000,26250100,43656,72760,26400000,26400000
1,176,26400000,26400100,43656,72760,26550000,26550000
1,177,26550000,26550100,43656,72760,26700000,26700000
1,178,26700000,26700100,43656,72760,26850000,26850000
1,179,26850000,26850100,43656,72760,27000000,27000000
1,180,27000000,27000100,43656,72760,27150000,27150000
1,181,27150000,27150100,43656,72760,27300000,27300000
1,182,27300000,27300100,43656,72760,27450000,27450000
1,183,27450000,27450100,43656,72760,27600000,27600000
1,184,27600000,27600100,43656,72760,27750000,27750000
1,185,27750000,27750100,43656,72760,27900000,27900000
1,186,27900000,27900100,43656,72760,28050000,28050000
1,187,28050000,28050100,43656,72760,28200000,28200000
1,188,28200000,28200100,43656,72760,28350000,28350000
1,189,28350000,28350100,43656,72760,28500000,28500000
1,190,28500000,28500100,43656,72760,28650000,28650000
1,191,28650000,28650100,43656,72760,28800000,28800000
1,192,28800000,28800100,43656,72760,28950000,28950000
1,193,28950000,28950100,43656,72760,29100000,29100000
1,194,29100000,29100100,43656,72760,29250000,29250000
1,195,29250000,29250100,43656,72760,29400000,29400000
1,196,29400000,29400100,43656,72760,29550000,29550000
1,197,29550000,29550100,43656,72760,29700000,29700000
1,198,29700000,29700100,43656,72760,29850000,29850000
1,199,29850000,29850100,43656,72760,30000000,30000000
1,200,30000000,30000100,43656,72760,30150000,30150000
1,201,30150000,30150100,43656,72760,30300000,30300000
1,202,30300000,30300100,43656,72760,30450000,30450000
1,203,30450000,30450100,43656,72760,30600000,30600000
1,204,30600000,30600100,43656,72760,30750000,30750000
1,205,30750000,30750100,43656,72760,30900000,30900000
1,206,30900000,30900100,43656,72760,31050000,31050000
1,207,31050000,31050100,43656,72760,31200000,31200000
1,208,31200000,31200100,43656,72760,31350000,31350000
1,209,31350000,31350100,43656,72760,31500000,31500000
1,210,31500000,31500100,43656,72760,31650000,31650000
1,211,31650000,31650100,43656,72760,31800000,31800000
1,212,31800000,31800100,43656,72760,31950000,31950000
1,213,31950000,31950100,43656,72760,32100000,32100000
1,214,32100000,32100100,43656,72760,32250000,32250000
1,215,32250000,32250100,43656,72760,32400000,32400000
1,216,32400000,32400100,43656,72760,32550000,32550000
1,217,32550000,32550100,43656,72760,32700000,32700000
1,218,32700000,32700100,43656,72760,32850000,32850000
1,219,32850000,32850100,43656,72760,33000000,33000000
1,220,33000000,33000100,43656,72760,33150000,33150000
1,221,33150000,33150100,43656,72760,33300000,33300000
1,222,33300000,33300100,43656,72760,33450000,33450000
1,223,33450000,33450100,43656,72760,33600000,33600000
1,224,33600000,33600100,43656,72760,33750000,33750000
1,225,33750000,33750100,43656,72760,33900000,33900000
1,226,33900000,33900100,43656,72760,34050000,34050000
1,227,34050000,34050100,43656,72760,34200000,34200000
1,228,34200000,34200100,43656,72760,34350000,34350000
1,229,34350000,34350100,43656,72760,34500000,34500000
1,230,34500000,34500100,43656,72760,34650000,34650000
1,231,34650000,34650100,43656,72760,34800000,34800000
1,232,34800000,34800100,43656,72760,34950000,34950000
1,233,34950000,34950100,43656,72760,35100000,35100000
1,234,35100000,35100100,43656,72760,35250000,35250000
1,235,35250000,35250100,43656,72760,35400000,35400000
1,236,35400000,35400100,43656,72760,35550000,35550000
1,237,35550000,35550100,43656,72760,35700000,35700000
1,238,35700000,35700100,43656,72760,35850000,35850000
1,239,35850000,35850100,43656,72760,36000000,36000000
1,240,36000000,36000100,43656,72760,36150000,36150000
1,241,36150000,36150100,43656,72760,36300000,36300000
1,242,36300000,36300100,43656,72760,36450000,36450000
1,243,36450000,36450100,43656,72760,36600000,36600000
1,244,36600000,36600100,43656,72760,36750000,36750000
1,245,36750000,36750100,43656,72760,36900000,36900000
1,246,36900000,36900100,43656,72760,37050000,37050000
1,247,37050000,37050100,43656,72760,37200000,37200000
1,248,37200000,37200100,43656,72760,37350000,37350000
1,249,37350000,37350100,43656,72760,37500000,37500000
1,250,37500000,37500100,43656,72760,37650000,37650000
1,251,37650000,37650100,43656,72760,37800000,37800000
1,252,37800000,37800100,43656,72760,37950000,37950000
1,253,37950000,37950100,43656,72760,38100000,38100000
1,254,38100000,38100100,43656,72760,38250000,38250000
1,255,38250000,38250100,43656,72760,38400000,38400000
1,256,38400000,38400100,43656,72760,38550000,38550000
1,257,38550000,38550100,43656,72760,38700000,38700000
1,258,38700000,38700100,43656,72760,38850000,38850000
1,259,38850000,38850100,43656,72760,39000000,39000000
1,260,39000000,39000100,43656,72760,39150000,39150000
1,261,39150000,39150100,43656,72760,39300000,39300000
1,262,39300000,39300100,43656,72760,39450000,39450000
1,263,39450000,39450100,43656,72760,39600000,39600000
1,264,39600000,39600100,43656,72760,39750000,39750000
1,265,39750000,39750100,43656,72760,39900000,39900000
1,266,39900000,39900100,43656,72760,40050000,40050000
1,267,40050000,40050100,43656,72760,40200000,40200000
1,268,40200000,40200100,43656,72760,40350000,40350000
1,269,40350000,40350100,43656,72760,40500000,40500000
1,270,40500000,40500100,43656,72760,40650000,40650000
1,271,40650000,40650100,43656,72760,40800000,40800000
1,272,40800000,40800100,43656,72760,40950000,40950000
1,273,40950000,40950100,43656,72760,41100000,41100000
1,274,41100000,41100100,43656,72760,41250000,41250000
1,275,41250000,41250100,43656,72760,41400000,41400000
1,276,41400000,41400100,43656,72760,41550000,41550000
1,277,41550000,41550100,43656,72760,41700000,41700000
1,278,41700000,41700100,43656,72760,41850000,41850000
1,279,41850000,41850100,43656,72760,42000000,42000000
1,280,42000000,42000100,43656,72760,42150000,42150000
1,281,42150000,42150100,43656,72760,42300000,42300000
1,282,42300000,42300100,43656,72760,42450000,42450000
1,283,42450000,42450100,43656,72760,42600000,42600000
1,284,42600000,42600100,43656,72760,42750000,42750000
1,285,42750000,42750100,43656,72760,42900000,42900000
1,286,42900000,42900100,43656,72760,43050000,43050000
1,287,43050000,43050100,43656,72760,43200000,43200000
1,288,43200000,43200100,43656,72760,43350000,43350000
1,289,43350000,43350100,43656,72760,43500000,43500000
1,290,43500000,43500100,43656,72760,43650000,43650000
1,291,43650000,43650100,43656,72760,43800000,43800000
1,292,43800000,43800100,43656,72760,43950000,43950000
1,293,43950000,43950100,43656,72760,44100000,44100000
1,294,44100000,44100100,43656,72760,44250000,44250000
1,295,44250000,44250100,43656,72760,44400000,44400000
1,296,44400000,44400100,43656,72760,44550000,44550000
1,297,44550000,44550100,43656,72760,44700000,44700000
1,298,44700000,44700100,43656,72760,44850000,44850000
1,299,44850000,44850100,43656,72760,45000000,45000000
1,300,45000000,45000100,43656,72760,45150000,45150000
1,301,45150000,45150100,43656,72760,45300000,45300000
1,302,45300000,45300100,43656,72760,45450000,45450000
1,303,45450000,45450100,43656,72760,45600000,45600000
1,304,45600000,45600100,43656,72760,45750000,45750000
1,305,45750000,45750100,43656,72760,45900000,45900000
1,306,45900000,45900100,43656,72760,46050000,46050000
1,307,46050000,46050100,43656,72760,46200000,46200000
1,308,46200000,46200100,43656,72760,46350000,46350000
1,309,46350000,46350100,43656,72760,46500000,46500000
1,310,46500000,46500100,43656,72760,46650000,46650000
1,311,46650000,46650100,43656,72760,46800000,46800000
1,312,46800000,46800100,43656,72760,46950000,46950000
1,313,46950000,46950100,43656,72760,47100000,47100000
1,314,47100000,47100100,43656,72760,47250000,47250000
1,315,47250000,47250100,43656,72760,47400000,47400000
1,316,47400000,47400100,43656,72760,47550000,47550000
1,317,47550000,47550100,43656,72760,47700000,47700000
1,318,47700000,47700100,43656,72760,47850000,47850000
1,319,47850000,47850100,43656,72760,48000000,48000000
1,320,48000000,48000100,43656,72760,48150000,48150000
1,321,48150000,48150100,43656,72760,48300000,48300000
1,322,48300000,48300100,43656,72760,48450000,48450000
1,323,48450000,48450100,43656,72760,48600000,48600000
1,324,48600000,48600100,43656,72760,48750000,48750000
1,325,48750000,48750100,43656,72760,48900000,48900000
1,326,48900000,48900100,43656,72760,49050000,49050000
1,327,49050000,49050100,43656,72760,49200000,49200000
1,328,49200000,49200100,43656,72760,49350000,49350000
1,329,49350000,49350100,43656,72760,49500000,49500000
1,330,49500000,49500100,43656,72760,49650000,49650000
1,331,49650000,49650100,43656,72760,49800000,49800000
1,332,49800000,49800100,43656,72760,49950000,49950000
1,333,49950000,49950100,43656,72760,50100000,50100000
1,334,50100000,50100100,43656,72760,50250000,50250000
1,335,50250000,50250100,43656,72760,50400000,50400000
1,336,50400000,50400100,43656,72760,50550000,50550000
1,337,50550000,50550100,43656,72760,50700000,50700000
1,338,50700000,50700100,43656,72760,50850000,50850000
1,339,50850000,50850100,43656,72760,51000000,51000000
1,340,51000000,51000100,43656,72760,51150000,51150000
1,341,51150000,51150100,43656,72760,51300000,51300000
1,342,51300000,51300100,43656,72760,51450000,51450000
1,343,51450000,51450100,43656,72760,51600000,51600000
1,344,51600000,51600100,43656,72760,51750000,51750000
1,345,51750000,51750100,43656,72760,51900000,51900000
1,346,51900000,51900100,43656,72760,52050000,52050000
1,347,52050000,52050100,43656,72760,52200000,52200000
1,348,52200000,52200100,43656,72760,52350000,52350000
1,349,52350000,52350100,43656,72760,52500000,52500000
1,350,52500000,52500100,43656,72760,52650000,52650000
1,351,52650000,52650100,43656,72760,52800000,52800000
1,352,52800000,52800100,43656,72760,52950000,52950000
1,353,52950000,52950100,43656,72760,53100000,53100000
1,354,53100000,53100100,43656,72760,53250000,53250000
1,355,53250000,53250100,43656,72760,53400000,53400000
1,356,53400000,53400100,43656,72760,53550000,53550000
1,357,53550000,53550100,43656,72760,53700000,53700000
1,358,53700000,53700100,43656,72760,53850000,53850000
1,359,53850000,53850100,43656,72760,54000000,54000000
1,360,54000000,54000100,43656,72760,54150000,54150000
1,361,54150000,54150100,43656,72760,54300000,54300000
1,362,54300000,54300100,43656,72760,54450000,54450000
1,363,54450000,54450100,43656,72760,54600000,54600000
1,364,54600000,54600100,43656,72760,54750000,54750000
1,365,54750000,54750100,43656,72760,54900000,54900000
1,366,54900000,54900100,43656,72760,55050000,55050000
1,367,55050000,55050100,43656,72760,55200000,55200000
1,368,55200000,55200100,43656,72760,55350000,55350000
1,369,55350000,55350100,43656,72760,55500000,55500000
1,370,55500000,55500100,43656,72760,55650000,55650000
1,371,55650000,55650100,43656,72760,55800000,55800000
1,372,55800000,55800100,43656,72760,55950000,55950000
1,373,55950000,55950100,43656,72760,56100000,56100000
1,374,56100000,56100100,43656,72760,56250000,56250000
1,375,56250000,56250100,43656,72760,56400000,56400000
1,376,56400000,56400100,43656,72760,56550000,56550000
1,377,56550000,56550100,43656,72760,56700000,56700000
1,378,56700000,56700100,43656,72760,56850000,56850000
1,379,56850000,56850100,43656,72760,57000000,57000000
1,380,57000000,57000100,43656,72760,57150000,57150000
1,381,57150000,57150100,43656,72760,57300000,57300000
1,382,57300000,57300100,43656,72760,57450000,57450000
1,383,57450000,57450100,43656,72760,57600000,57600000
1,384,57600000,57600100,43656,72760,57750000,57750000
1,385,57750000,57750100,43656,72760,57900000,57900000
1,386,57900000,57900100,43656,72760,58050000,58050000
1,387,58050000,58050100,43656,72760,58200000,58200000
1,388,58200000,58200100,43656,72760,58350000,58350000
1,389,58350000,58350100,43656,72760,58500000,58500000
1,390,58500000,58500100,43656,72760,58650000,58650000
1,391,58650000,58650100,43656,72760,58800000,58800000
1,392,58800000,58800100,43656,72760,58950000,58950000
1,393,58950000,58950100,43656,72760,59100000,59100000
1,394,59100000,59100100,43656,72760,59250000,59250000
1,395,59250000,59250100,43656,72760,59400000,59400000
1,396,59400000,59400100,43656,72760,59550000,59550000
1,397,59550000,59550100,43656,72760,59700000,59700000
1,398,59700000,59700100,43656,72760,59850000,59850000
1,399,59850000,59850100,43656,72760,60000000,60000000
1,400,60000000,60000100,43656,72760,60150000,60150000
1,401,60150000,60150100,43656,72760,60300000,60300000
1,402,60300000,60300100,43656,72760,60450000,60450000
1,403,60450000,60450100,43656,72760,60600000,60600000
1,404,60600000,60600100,43656,72760,60750000,60750000
1,405,60750000,60750100,43656,72760,60900000,60900000
1,406,60900000,60900100,43656,72760,61050000,61050000
1,407,61050000,61050100,43656,72760,61200000,61200000
1,408,61200000,61200100,43656,72760,61350000,61350000
1,409,61350000,61350100,43656,72760,61500000,61500000
1,410,61500000,61500100,43656,72760,61650000,61650000
1,411,61650000,61650100,43656,72760,61800000,61800000
1,412,61800000,61800100,43656,72760,61950000,61950000
1,413,61950000,61950100,43656,72760,62100000,62100000
1,414,62100000,62100100,43656,72760,62250000,62250000
1,415,62250000,62250100,43656,72760,62400000,62400000
1,416,62400000,62400100,43656,72760,62550000,62550000
1,417,62550000,62550100,43656,72760,62700000,62700000
1,418,62700000,62700100,43656,72760,62850000,62850000
1,419,62850000,62850100,43656,72760,63000000,63000000
1,420,63000000,63000100,43656,72760,63150000,63150000
1,421,63150000,63150100,43656,72760,63300000,63300000
1,422,63300000,63300100,43656,72760,63450000,63450000
1,423,63450000,63450100,43656,72760,63600000,63600000
1,424,63600000,63600100,43656,72760,63750000,63750000
1,425,63750000,63750100,43656,72760,63900000,63900000
1,426,63900000,63900100,43656,72760,64050000,64050000
1,427,64050000,64050100,43656,72760,64200000,64200000
1,428,64200000,64200100,43656,72760,64350000,64350000
1,429,64350000,64350100,43656,72760,64500000,64500000
1,430,64500000,64500100,43656,72760,64650000,64650000
1,431,64650000,64650100,43656,72760,64800000,64800000
1,432,64800000,64800100,43656,72760,64950000,64950000
1,433,64950000,64950100,43656,72760,65100000,65100000
1,434,65100000,65100100,43656,72760,65250000,65250000
1,435,65250000,65250100,43656,72760,65400000,65400000
1,436,65400000,65400100,43656,72760,65550000,65550000
1,437,65550000,65550100,43656,72760,65700000,65700000
1,438,65700000,65700100,43656,72760,65850000,65850000
1,439,65850000,65850100,43656,72760,66000000,66000000
1,440,66000000,66000100,43656,72760,66150000,66150000
1,441,66150000,66150100,43656,72760,66300000,66300000
1,442,66300000,66300100,43656,72760,66450000,66450000
1,443,66450000,66450100,43656,72760,66600000,66600000
1,444,66600000,66600100,43656,72760,66750000,66750000
1,445,66750000,66750100,43656,72760,66900000,66900000
1,446,66900000,66900100,43656,72760,67050000,67050000
1,447,67050000,67050100,43656,72760,67200000,67200000
1,448,67200000,67200100,43656,72760,67350000,67350000
1,449,67350000,67350100,43656,72760,67500000,67500000
1,450,67500000,67500100,43656,72760,67650000,67650000
1,451,67650000,67650100,43656,72760,67800000,67800000
1,452,67800000,67800100,43656,72760,67950000,67950000
1,453,67950000,67950100,43656,72760,68100000,68100000
1,454,68100000,68100100,43656,72760,68250000,68250000
1,455,68250000,68250100,43656,72760,68400000,68400000
1,456,68400000,68400100,43656,72760,68550000,68550000
1,457,68550000,68550100,43656,72760,68700000,68700000
1,458,68700000,68700100,43656,72760,68850000,68850000
1,459,68850000,68850100,43656,72760,69000000,69000000
1,460,69000000,69000100,43656,72760,69150000,69150000
1,461,69150000,69150100,43656,72760,69300000,69300000
1,462,69300000,69300100,43656,72760,69450000,69450000
1,463,69450000,69450100,43656,72760,69600000,69600000
1,464,69600000,69600100,43656,72760,69750000,69750000
1,465,69750000,69750100,43656,72760,69900000,69900000
1,466,69900000,69900100,43656,72760,70050000,70050000
1,467,70050000,70050100,43656,72760,70200000,70200000
1,468,70200000,70200100,43656,72760,70350000,70350000
1,469,70350000,70350100,43656,72760,70500000,70500000
1,470,70500000,70500100,43656,72760,70650000,70650000
1,471,70650000,70650100,43656,72760,70800000,70800000
1,472,70800000,70800100,43656,72760,70950000,70950000
1,473,70950000,70950100,43656,72760,71100000,71100000
1,474,71100000,71100100,43656,72760,71250000,71250000
1,475,71250000,71250100,43656,72760,71400000,71400000
1,476,71400000,71400100,43656,72760,71550000,71550000
1,477,71550000,71550100,43656,72760,71700000,71700000
1,478,71700000,71700100,43656,72760,71850000,71850000
1,479,71850000,71850100,43656,72760,72000000,72000000
1,480,72000000,72000100,43656,72760,72150000,72150000
1,481,72150000,72150100,43656,72760,72300000,72300000
1,482,72300000,72300100,43656,72760,72450000,72450000
1,483,72450000,72450100,43656,72760,72600000,72600000
1,484,72600000,72600100,43656,72760,72750000,72750000
1,485,72750000,72750100,43656,72760,72900000,72900000
1,486,72900000,72900100,43656,72760,73050000,73050000
1,487,73050000,73050100,43656,72760,73200000,73200000
1,488,73200000,73200100,43656,72760,73350000,73350000
1,489,73350000,73350100,43656,72760,73500000,73500000
1,490,73500000,73500100,43656,72760,73650000,73650000
1,491,73650000,73650100,43656,72760,73800000,73800000
1,492,73800000,73800100,43656,72760,73950000,73950000
1,493,73950000,73950100,43656,72760,74100000,74100000
1,494,74100000,74100100,43656,72760,74250000,74250000
1,495,74250000,74250100,43656,72760,74400000,74400000
1,496,74400000,74400100,43656,72760,74550000,74550000
1,497,74550000,74550100,43656,72760,74700000,74700000
1,498,74700000,74700100,43656,72760,74850000,74850000
1,499,74850000,74850100,43656,72760,75000000,75000000
1,500,75000000,75000100,43656,72760,75150000,75150000
1,501,75150000,75150100,43656,72760,75300000,75300000
1,502,75300000,75300100,43656,72760,75450000,75450000
1,503,75450000,75450100,43656,72760,75600000,75600000
1,504,75600000,75600100,43656,72760,75750000,75750000
1,505,75750000,75750100,43656,72760,75900000,75900000
1,506,75900000,75900100,43656,72760,76050000,76050000
1,507,76050000,76050100,43656,72760,76200000,76200000
1,508,76200000,76200100,43656,72760,76350000,76350000
1,509,76350000,76350100,43656,72760,76500000,76500000
1,510,76500000,76500100,43656,72760,76650000,76650000
1,511,76650000,76650100,43656,72760,76800000,76800000
1,512,76800000,76800100,43656,72760,76950000,76950000
1,513,76950000,76950100,43656,72760,77100000,77100000
1,514,77100000,77100100,43656,72760,77250000,77250000
1,515,77250000,77250100,43656,72760,77400000,77400000
1,516,77400000,77400100,43656,72760,77550000,77550000
1,517,77550000,77550100,43656,72760,77700000,77700000
1,518,77700000,77700100,43656,72760,77850000,77850000
1,519,77850000,77850100,43656,72760,78000000,78000000
1,520,78000000,78000100,43656,72760,78150000,78150000
1,521,78150000,78150100,43656,72760,78300000,78300000
1,522,78300000,78300100,43656,72760,78450000,78450000
1,523,78450000,78450100,43656,72760,78600000,78600000
1,524,78600000,78600100,43656,72760,78750000,78750000
1,525,78750000,78750100,43656,72760,78900000,78900000
1,526,78900000,78900100,43656,72760,79050000,79050000
1,527,79050000,79050100,43656,72760,79200000,79200000
1,528,79200000,79200100,43656,72760,79350000,79350000
1,529,79350000,79350100,43656,72760,79500000,79500000
1,530,79500000,79500100,43656,72760,79650000,79650000
1,531,79650000,79650100,43656,72760,79800000,79800000
1,532,79800000,79800100,43656,72760,79950000,79950000
1,533,79950000,79950100,43656,72760,80100000,80100000
1,534,80100000,80100100,43656,72760,80250000,80250000
1,535,80250000,80250100,43656,72760,80400000,80400000
1,536,80400000,80400100,43656,72760,80550000,80550000
1,537,80550000,80550100,43656,72760,80700000,80700000
1,538,80700000,80700100,43656,72760,80850000,80850000
1,539,80850000,80850100,43656,72760,81000000,81000000
1,540,81000000,81000100,43656,72760,81150000,81150000
1,541,81150000,81150100,43656,72760,81300000,81300000
1,542,81300000,81300100,43656,72760,81450000,81450000
1,543,81450000,81450100,43656,72760,81600000,81600000
1,544,81600000,81600100,43656,72760,81750000,81750000
1,545,81750000,81750100,43656,72760,81900000,81900000
1,546,81900000,81900100,43656,72760,82050000,82050000
1,547,82050000,82050100,43656,72760,82200000,82200000
1,548,82200000,82200100,43656,72760,82350000,82350000
1,549,82350000,82350100,43656,72760,82500000,82500000
1,550,82500000,82500100,43656,72760,82650000,82650000
1,551,82650000,82650100,43656,72760,82800000,82800000
1,552,82800000,82800100,43656,72760,82950000,82950000
1,553,82950000,82950100,43656,72760,83100000,83100000
1,554,83100000,83100100,43656,72760,83250000,83250000
1,555,83250000,83250100,43656,72760,83400000,83400000
1,556,83400000,83400100,43656,72760,83550000,83550000
1,557,83550000,83550100,43656,72760,83700000,83700000
1,558,83700000,83700100,43656,72760,83850000,83850000
1,559,83850000,83850100,43656,72760,84000000,84000000
1,560,84000000,84000100,43656,72760,84150000,84150000
1,561,84150000,84150100,43656,72760,84300000,84300000
1,562,84300000,84300100,43656,72760,84450000,84450000
1,563,84450000,84450100,43656,72760,84600000,84600000
1,564,84600000,84600100,43656,72760,84750000,84750000
1,565,84750000,84750100,43656,72760,84900000,84900000
1,566,84900000,84900100,43656,72760,85050000,85050000
1,567,85050000,85050100,43656,72760,85200000,85200000
1,568,85200000,85200100,43656,72760,85350000,85350000
1,569,85350000,85350100,43656,72760,85500000,85500000
1,570,85500000,85500100,43656,72760,85650000,85650000
1,571,85650000,85650100,43656,72760,85800000,85800000
1,572,85800000,85800100,43656,72760,85950000,85950000
1,573,85950000,85950100,43656,72760,86100000,86100000
1,574,86100000,86100100,43656,72760,86250000,86250000
1,575,86250000,86250100,43656,72760,86400000,86400000
1,576,86400000,86400100,43656,72760,86550000,86550000
1,577,86550000,86550100,43656,72760,86700000,86700000
1,578,86700000,86700100,43656,72760,86850000,86850000
1,579,86850000,86850100,43656,72760,87000000,87000000
1,580,87000000,87000100,43656,72760,87150000,87150000
1,581,87150000,87150100,43656,72760,87300000,87300000
1,582,87300000,87300100,43656,72760,87450000,87450000
1,583,87450000,87450100,43656,72760,87600000,87600000
1,584,87600000,87600100,43656,72760,87750000,87750000
1,585,87750000,87750100,43656,72760,87900000,87900000
1,586,87900000,87900100,43656,72760,88050000,88050000
1,587,88050000,88050100,43656,72760,88200000,88200000
1,588,88200000,88200100,43656,72760,88350000,88350000
1,589,88350000,88350100,43656,72760,88500000,88500000
1,590,88500000,88500100,43656,72760,88650000,88650000
1,591,88650000,88650100,43656,72760,88800000,88800000
1,592,88800000,88800100,43656,72760,88950000,88950000
1,593,88950000,88950100,43656,72760,89100000,89100000
1,594,89100000,89100100,43656,72760,89250000,89250000
1,595,89250000,89250100,43656,72760,89400000,89400000
1,596,89400000,89400100,43656,72760,89550000,89550000
1,597,89550000,89550100,43656,72760,89700000,89700000
1,598,89700000,89700100,43656,72760,89850000,89850000
1,599,89850000,89850100,43656,72760,90000000,90000000
1,600,90000000,90000100,43656,72760,90150000,90150000
1,601,90150000,90150100,43656,72760,90300000,90300000
1,602,90300000,90300100,43656,72760,90450000,90450000
1,603,90450000,90450100,43656,72760,90600000,90600000
1,604,90600000,90600100,43656,72760,90750000,90750000
1,605,90750000,90750100,43656,72760,90900000,90900000
1,606,90900000,90900100,43656,72760,91050000,91050000
1,607,91050000,91050100,43656,72760,91200000,91200000
1,608,91200000,91200100,43656,72760,91350000,91350000
1,609,91350000,91350100,43656,72760,91500000,91500000
1,610,91500000,91500100,43656,72760,91650000,91650000
1,611,91650000,91650100,43656,72760,91800000,91800000
1,612,91800000,91800100,43656,72760,91950000,91950000
1,613,91950000,91950100,43656,72760,92100000,92100000
1,614,92100000,92100100,43656,72760,92250000,92250000
1,615,92250000,92250100,43656,72760,92400000,92400000
1,616,92400000,92400100,43656,72760,92550000,92550000
1,617,92550000,92550100,43656,72760,92700000,92700000
1,618,92700000,92700100,43656,72760,92850000,92850000
1,619,92850000,92850100,43656,72760,93000000,93000000
1,620,93000000,93000100,43656,72760,93150000,93150000
1,621,93150000,93150100,43656,72760,93300000,93300000
1,622,93300000,93300100,43656,72760,93450000,93450000
1,623,93450000,93450100,43656,72760,93600000,93600000
1,624,93600000,93600100,43656,72760,93750000,93750000
1,625,93750000,93750100,43656,72760,93900000,93900000
1,626,93900000,93900100,43656,72760,94050000,94050000
1,627,94050000,94050100,43656,72760,94200000,94200000
1,628,94200000,94200100,43656,72760,94350000,94350000
1,629,94350000,94350100,43656,72760,94500000,94500000
1,630,94500000,94500100,43656,72760,94650000,94650000
1,631,94650000,94650100,43656,72760,94800000,94800000
1,632,94800000,94800100,43656,72760,94950000,94950000
1,633,94950000,94950100,43656,72760,95100000,95100000
1,634,95100000,95100100,43656,72760,95250000,95250000
1,635,95250000,95250100,43656,72760,95400000,95400000
1,636,95400000,95400100,43656,72760,95550000,95550000
1,637,95550000,95550100,43656,72760,95700000,95700000
1,638,95700000,95700100,43656,72760,95850000,95850000
1,639,95850000,95850100,43656,72760,96000000,96000000
1,640,96000000,96000100,43656,72760,96150000,96150000
1,641,96150000,96150100,43656,72760,96300000,96300000
1,642,96300000,96300100,43656,72760,96450000,96450000
1,643,96450000,96450100,43656,72760,96600000,96600000
1,644,96600000,96600100,43656,72760,96750000,96750000
1,645,96750000,96750100,43656,72760,96900000,96900000
1,646,96900000,96900100,43656,72760,97050000,97050000
1,647,97050000,97050100,43656,72760,97200000,97200000
1,648,97200000,97200100,43656,72760,97350000,97350000
1,649,97350000,97350100,43656,72760,97500000,97500000
1,650,97500000,97500100,43656,72760,97650000,97650000
1,651,97650000,97650100,43656,72760,97800000,97800000
1,652,97800000,97800100,43656,72760,97950000,97950000
1,653,97950000,97950100,43656,72760,98100000,98100000
1,654,98100000,98100100,43656,72760,98250000,98250000
1,655,98250000,98250100,43656,72760,98400000,98400000
1,656,98400000,98400100,43656,72760,98550000,98550000
1,657,98550000,98550100,43656,72760,98700000,98700000
1,658,98700000,98700100,43656,72760,98850000,98850000
1,659,98850000,98850100,43656,72760,99000000,99000000
1,660,99000000,99000100,43656,72760,99150000,99150000
1,661,99150000,99150100,43656,72760,99300000,99300000
1,662,99300000,99300100,43656,72760,99450000,99450000
1,663,99450000,99450100,43656,72760,99600000,99600000
1,664,99600000,99600100,43656,72760,99750000,99750000
1,665,99750000,99750100,43656,72760,99900000,99900000
1,666,99900000,99900100,43656,72760,100050000,100050000
1,667,100050000,100050100,43656,72760,100200000,100200000
1,668,100200000,100200100,43656,72760,100350000,100350000
1,669,100350000,100350100,43656,72760,100500000,100500000
1,670,100500000,100500100,43656,72760,100650000,100650000
1,671,100650000,100650100,43656,72760,100800000,100800000
1,672,100800000,100800100,43656,72760,100950000,100950000
1,673,100950000,100950100,43656,72760,101100000,101100000
1,674,101100000,101100100,43656,72760,101250000,101250000
1,675,101250000,101250100,43656,72760,101400000,101400000
1,676,101400000,101400100,43656,72760,101550000,101550000
1,677,101550000,101550100,43656,72760,101700000,101700000
1,678,101700000,101700100,43656,72760,101850000,101850000
1,679,101850000,101850100,43656,72760,102000000,102000000
1,680,102000000,102000100,43656,72760,102150000,102150000
1,681,102150000,102150100,43656,72760,102300000,102300000
1,682,102300000,102300100,43656,72760,102450000,102450000
1,683,102450000,102450100,43656,72760,102600000,102600000
1,684,102600000,102600100,43656,72760,102750000,102750000
1,685,102750000,102750100,43656,72760,102900000,102900000
1,686,102900000,102900100,43656,72760,103050000,103050000
1,687,103050000,103050100,43656,72760,103200000,103200000
1,688,103200000,103200100,43656,72760,103350000,103350000
1,689,103350000,103350100,43656,72760,103500000,103500000
1,690,103500000,103500100,43656,72760,103650000,103650000
1,691,103650000,103650100,43656,72760,103800000,103800000
1,692,103800000,103800100,43656,72760,103950000,103950000
1,693,103950000,103950100,43656,72760,104100000,104100000
1,694,104100000,104100100,43656,72760,104250000,104250000
1,695,104250000,104250100,43656,72760,104400000,104400000
1,696,104400000,104400100,43656,72760,104550000,104550000
1,697,104550000,104550100,43656,72760,104700000,104700000
1,698,104700000,104700100,43656,72760,104850000,104850000
1,699,104850000,104850100,43656,72760,105000000,105000000
1,700,105000000,105000100,43656,72760,105150000,105150000
1,701,105150000,105150100,43656,72760,105300000,105300000
1,702,105300000,105300100,43656,72760,105450000,105450000
1,703,105450000,105450100,43656,72760,105600000,105600000
1,704,105600000,105600100,43656,72760,105750000,105750000
1,705,105750000,105750100,43656,72760,105900000,105900000
1,706,105900000,105900100,43656,72760,106050000,106050000
1,707,106050000,106050100,43656,72760,106200000,106200000
1,708,106200000,106200100,43656,72760,106350000,106350000
1,709,106350000,106350100,43656,72760,106500000,106500000
1,710,106500000,106500100,43656,72760,106650000,106650000
1,711,106650000,106650100,43656,72760,106800000,106800000
1,712,106800000,106800100,43656,72760,106950000,106950000
1,713,106950000,106950100,43656,72760,107100000,107100000
1,714,107100000,107100100,43656,72760,107250000,107250000
1,715,107250000,107250100,43656,72760,107400000,107400000
1,716,107400000,107400100,43656,72760,107550000,107550000
1,717,107550000,107550100,43656,72760,107700000,107700000
1,718,107700000,107700100,43656,72760,107850000,107850000
1,719,107850000,107850100,43656,72760,108000000,108000000
1,720,108000000,108000100,43656,72760,108150000,108150000
1,721,108150000,108150100,43656,72760,108300000,108300000
1,722,108300000,108300100,43656,72760,108450000,108450000
1,723,108450000,108450100,43656,72760,108600000,108600000
1,724,108600000,108600100,43656,72760,108750000,108750000
1,725,108750000,108750100,43656,72760,108900000,108900000
1,726,108900000,108900100,43656,72760,109050000,109050000
1,727,109050000,109050100,43656,72760,109200000,109200000
1,728,109200000,109200100,43656,72760,109350000,109350000
1,729,109350000,109350100,43656,72760,109500000,109500000
1,730,109500000,109500100,43656,72760,109650000,109650000
1,731,109650000,109650100,43656,72760,109800000,109800000
1,732,109800000,109800100,43656,72760,109950000,109950000
1,733,109950000,109950100,43656,72760,110100000,110100000
1,734,110100000,110100100,43656,72760,110250000,110250000
1,735,110250000,110250100,43656,72760,110400000,110400000
1,736,110400000,110400100,43656,72760,110550000,110550000
1,737,110550000,110550100,43656,72760,110700000,110700000
1,738,110700000,110700100,43656,72760,110850000,110850000
1,739,110850000,110850100,43656,72760,111000000,111000000
1,740,111000000,111000100,43656,72760,111150000,111150000
1,741,111150000,111150100,43656,72760,111300000,111300000
1,742,111300000,111300100,43656,72760,111450000,111450000
1,743,111450000,111450100,43656,72760,111600000,111600000
1,744,111600000,111600100,43656,72760,111750000,111750000
1,745,111750000,111750100,43656,72760,111900000,111900000
1,746,111900000,111900100,43656,72760,112050000,112050000
1,747,112050000,112050100,43656,72760,112200000,112200000
1,748,112200000,112200100,43656,72760,112350000,112350000
1,749,112350000,112350100,43656,72760,112500000,112500000
1,750,112500000,112500100,43656,72760,112650000,112650000
1,751,112650000,112650100,43656,72760,112800000,112800000
1,752,112800000,112800100,43656,72760,112950000,112950000
1,753,112950000,112950100,43656,72760,113100000,113100000
1,754,113100000,113100100,43656,72760,113250000,113250000
1,755,113250000,113250100,43656,72760,113400000,113400000
1,756,113400000,113400100,43656,72760,113550000,113550000
1,757,113550000,113550100,43656,72760,113700000,113700000
1,758,113700000,113700100,43656,72760,113850000,113850000
1,759,113850000,113850100,43656,72760,114000000,114000000
1,760,114000000,114000100,43656,72760,114150000,114150000
1,761,114150000,114150100,43656,72760,114300000,114300000
1,762,114300000,114300100,43656,72760,114450000,114450000
1,763,114450000,114450100,43656,72760,114600000,114600000
1,764,114600000,114600100,43656,72760,114750000,114750000
1,765,114750000,114750100,43656,72760,114900000,114900000
1,766,114900000,114900100,43656,72760,115050000,115050000
1,767,115050000,115050100,43656,72760,115200000,115200000
1,768,115200000,115200100,43656,72760,115350000,115350000
1,769,115350000,115350100,43656,72760,115500000,115500000
1,770,115500000,115500100,43656,72760,115650000,115650000
1,771,115650000,115650100,43656,72760,115800000,115800000
1,772,115800000,115800100,43656,72760,115950000,115950000
1,773,115950000,115950100,43656,72760,116100000,116100000
1,774,116100000,116100100,43656,72760,116250000,116250000
1,775,116250000,116250100,43656,72760,116400000,116400000
1,776,116400000,116400100,43656,72760,116550000,116550000
1,777,116550000,116550100,43656,72760,116700000,116700000
1,778,116700000,116700100,43656,72760,116850000,116850000
1,779,116850000,116850100,43656,72760,117000000,117000000
1,780,117000000,117000100,43656,72760,117150000,117150000
1,781,117150000,117150100,43656,72760,117300000,117300000
1,782,117300000,117300100,43656,72760,117450000,117450000
1,783,117450000,117450100,43656,72760,117600000,117600000
1,784,117600000,117600100,43656,72760,117750000,117750000
1,785,117750000,117750100,43656,72760,117900000,117900000
1,786,117900000,117900100,43656,72760,118050000,118050000
1,787,118050000,118050100,43656,72760,118200000,118200000
1,788,118200000,118200100,43656,72760,118350000,118350000
1,789,118350000,118350100,43656,72760,118500000,118500000
1,790,118500000,118500100,43656,72760,118650000,118650000
1,791,118650000,118650100,43656,72760,118800000,118800000
1,792,118800000,118800100,43656,72760,118950000,118950000
1,793,118950000,118950100,43656,72760,119100000,119100000
1,794,119100000,119100100,43656,72760,119250000,119250000
1,795,119250000,119250100,43656,72760,119400000,119400000
1,796,119400000,119400100,43656,72760,119550000,119550000
1,797,119550000,119550100,43656,72760,119700000,119700000
1,798,119700000,119700100,43656,72760,119850000,119850000
1,799,119850000,119850100,43656,72760,120000000,120000000
1,800,120000000,120000100,43656,72760,120150000,120150000
1,801,120150000,120150100,43656,72760,120300000,120300000
1,802,120300000,120300100,43656,72760,120450000,120450000
1,803,120450000,120450100,43656,72760,120600000,120600000
1,804,120600000,120600100,43656,72760,120750000,120750000
1,805,120750000,120750100,43656,72760,120900000,120900000
1,806,120900000,120900100,43656,72760,121050000,121050000
1,807,121050000,121050100,43656,72760,121200000,121200000
1,808,121200000,121200100,43656,72760,121350000,121350000
1,809,121350000,121350100,43656,72760,121500000,121500000
1,810,121500000,121500100,43656,72760,121650000,121650000
1,811,121650000,121650100,43656,72760,121800000,121800000
1,812,121800000,121800100,43656,72760,121950000,121950000
1,813,121950000,121950100,43656,72760,122100000,122100000
1,814,122100000,122100100,43656,72760,122250000,122250000
1,815,122250000,122250100,43656,72760,122400000,122400000
1,816,122400000,122400100,43656,72760,122550000,122550000
1,817,122550000,122550100,43656,72760,122700000,122700000
1,818,122700000,122700100,43656,72760,122850000,122850000
1,819,122850000,122850100,43656,72760,123000000,123000000
1,820,123000000,123000100,43656,72760,123150000,123150000
1,821,123150000,123150100,43656,72760,123300000,123300000
1,822,123300000,123300100,43656,72760,123450000,123450000
1,823,123450000,123450100,43656,72760,123600000,123600000
1,824,123600000,123600100,43656,72760,123750000,123750000
1,825,123750000,123750100,43656,72760,123900000,123900000
1,826,123900000,123900100,43656,72760,124050000,124050000
1,827,124050000,124050100,43656,72760,124200000,124200000
1,828,124200000,124200100,43656,72760,124350000,124350000
1,829,124350000,124350100,43656,72760,124500000,124500000
1,830,124500000,124500100,43656,72760,124650000,124650000
1,831,124650000,124650100,43656,72760,124800000,124800000
1,832,124800000,124800100,43656,72760,124950000,124950000
1,833,124950000,124950100,43656,72760,125100000,125100000
1,834,125100000,125100100,43656,72760,125250000,125250000
1,835,125250000,125250100,43656,72760,125400000,125400000
1,836,125400000,125400100,43656,72760,125550000,125550000
1,837,125550000,125550100,43656,72760,125700000,125700000
1,838,125700000,125700100,43656,72760,125850000,125850000
1,839,125850000,125850100,43656,72760,126000000,126000000
1,840,126000000,126000100,43656,72760,126150000,126150000
1,841,126150000,126150100,43656,72760,126300000,126300000
1,842,126300000,126300100,43656,72760,126450000,126450000
1,843,126450000,126450100,43656,72760,126600000,126600000
1,844,126600000,126600100,43656,72760,126750000,126750000
1,845,126750000,126750100,43656,72760,126900000,126900000
1,846,126900000,126900100,43656,72760,127050000,127050000
1,847,127050000,127050100,43656,72760,127200000,127200000
1,848,127200000,127200100,43656,72760,127350000,127350000
1,849,127350000,127350100,43656,72760,127500000,127500000
1,850,127500000,127500100,43656,72760,127650000,127650000
1,851,127650000,127650100,43656,72760,127800000,127800000
1,852,127800000,127800100,43656,72760,127950000,127950000
1,853,127950000,127950100,43656,72760,128100000,128100000
1,854,128100000,128100100,43656,72760,128250000,128250000
1,855,128250000,128250100,43656,72760,128400000,128400000
1,856,128400000,128400100,43656,72760,128550000,128550000
1,857,128550000,128550100,43656,72760,128700000,128700000
1,858,128700000,128700100,43656,72760,128850000,128850000
1,859,128850000,128850100,43656,72760,129000000,129000000
1,860,129000000,129000100,43656,72760,129150000,129150000
1,861,129150000,129150100,43656,72760,129300000,129300000
1,862,129300000,129300100,43656,72760,129450000,129450000
1,863,129450000,129450100,43656,72760,129600000,129600000
1,864,129600000,129600100,43656,72760,129750000,129750000
1,865,129750000,129750100,43656,72760,129900000,129900000
1,866,129900000,129900100,43656,72760,130050000,130050000
1,867,130050000,130050100,43656,72760,130200000,130200000
1,868,130200000,130200100,43656,72760,130350000,130350000
1,869,130350000,130350100,43656,72760,130500000,130500000
1,870,130500000,130500100,43656,72760,130650000,130650000
1,871,130650000,130650100,43656,72760,130800000,130800000
1,872,130800000,130800100,43656,72760,130950000,130950000
1,873,130950000,130950100,43656,72760,131100000,131100000
1,874,131100000,131100100,43656,72760,131250000,131250000
1,875,131250000,131250100,43656,72760,131400000,131400000
1,876,131400000,131400100,43656,72760,131550000,131550000
1,877,131550000,131550100,43656,72760,131700000,131700000
1,878,131700000,131700100,43656,72760,131850000,131850000
1,879,131850000,131850100,43656,72760,132000000,132000000
1,880,132000000,132000100,43656,72760,132150000,132150000
1,881,132150000,132150100,43656,72760,132300000,132300000
1,882,132300000,132300100,43656,72760,132450000,132450000
1,883,132450000,132450100,43656,72760,132600000,132600000
1,884,132600000,132600100,43656,72760,132750000,132750000
1,885,132750000,132750100,43656,72760,132900000,132900000
1,886,132900000,132900100,43656,72760,133050000,133050000
1,887,133050000,133050100,43656,72760,133200000,133200000
1,888,133200000,133200100,43656,72760,133350000,133350000
1,889,133350000,133350100,43656,72760,133500000,133500000
1,890,133500000,133500100,43656,72760,133650000,133650000
1,891,133650000,133650100,43656,72760,133800000,133800000
1,892,133800000,133800100,43656,72760,133950000,133950000
1,893,133950000,133950100,43656,72760,134100000,134100000
1,894,134100000,134100100,43656,72760,134250000,134250000
1,895,134250000,134250100,43656,72760,134400000,134400000
1,896,134400000,134400100,43656,72760,134550000,134550000
1,897,134550000,134550100,43656,72760,134700000,134700000
1,898,134700000,134700100,43656,72760,134850000,134850000
1,899,134850000,134850100,43656,72760,135000000,135000000
1,900,135000000,135000100,43656,72760,135150000,135150000
1,901,135150000,135150100,43656,72760,135300000,135300000
1,902,135300000,135300100,43656,72760,135450000,135450000
1,903,135450000,135450100,43656,72760,135600000,135600000
1,904,135600000,135600100,43656,72760,135750000,135750000
1,905,135750000,135750100,43656,72760,135900000,135900000
1,906,135900000,135900100,43656,72760,136050000,136050000
1,907,136050000,136050100,43656,72760,136200000,136200000
1,908,136200000,136200100,43656,72760,136350000,136350000
1,909,136350000,136350100,43656,72760,136500000,136500000
1,910,136500000,136500100,43656,72760,136650000,136650000
1,911,136650000,136650100,43656,72760,136800000,136800000
1,912,136800000,136800100,43656,72760,136950000,136950000
1,913,136950000,136950100,43656,72760,137100000,137100000
1,914,137100000,137100100,43656,72760,137250000,137250000
1,915,137250000,137250100,43656,72760,137400000,137400000
1,916,137400000,137400100,43656,72760,137550000,137550000
1,917,137550000,137550100,43656,72760,137700000,137700000
1,918,137700000,137700100,43656,72760,137850000,137850000
1,919,137850000,137850100,43656,72760,138000000,138000000
1,920,138000000,138000100,43656,72760,138150000,138150000
1,921,138150000,138150100,43656,72760,138300000,138300000
1,922,138300000,138300100,43656,72760,138450000,138450000
1,923,138450000,138450100,43656,72760,138600000,138600000
1,924,138600000,138600100,43656,72760,138750000,138750000
1,925,138750000,138750100,43656,72760,138900000,138900000
1,926,138900000,138900100,43656,72760,139050000,139050000
1,927,139050000,139050100,43656,72760,139200000,139200000
1,928,139200000,139200100,43656,72760,139350000,139350000
1,929,139350000,139350100,43656,72760,139500000,139500000
1,930,139500000,139500100,43656,72760,139650000,139650000
1,931,139650000,139650100,43656,72760,139800000,139800000
1,932,139800000,139800100,43656,72760,139950000,139950000
1,933,139950000,139950100,43656,72760,140100000,140100000
1,934,140100000,140100100,43656,72760,140250000,140250000
1,935,140250000,140250100,43656,72760,140400000,140400000
1,936,140400000,140400100,43656,72760,140550000,140550000
1,937,140550000,140550100,43656,72760,140700000,140700000
1,938,140700000,140700100,43656,72760,140850000,140850000
1,939,140850000,140850100,43656,72760,141000000,141000000
1,940,141000000,141000100,43656,72760,141150000,141150000
1,941,141150000,141150100,43656,72760,141300000,141300000
1,942,141300000,141300100,43656,72760,141450000,141450000
1,943,141450000,141450100,43656,72760,141600000,141600000
1,944,141600000,141600100,43656,72760,141750000,141750000
1,945,141750000,141750100,43656,72760,141900000,141900000
1,946,141900000,141900100,43656,72760,142050000,142050000
1,947,142050000,142050100,43656,72760,142200000,142200000
1,948,142200000,142200100,43656,72760,142350000,142350000
1,949,142350000,142350100,43656,72760,142500000,142500000
1,950,142500000,142500100,43656,72760,142650000,142650000
1,951,142650000,142650100,43656,72760,142800000,142800000
1,952,142800000,142800100,43656,72760,142950000,142950000
1,953,142950000,142950100,43656,72760,143100000,143100000
1,954,143100000,143100100,43656,72760,143250000,143250000
1,955,143250000,143250100,43656,72760,143400000,143400000
1,956,143400000,143400100,43656,72760,143550000,143550000
1,957,143550000,143550100,43656,72760,143700000,143700000
1,958,143700000,143700100,43656,72760,143850000,143850000
1,959,143850000,143850100,43656,72760,144000000,144000000
1,960,144000000,144000100,43656,72760,144150000,144150000
1,961,144150000,144150100,43656,72760,144300000,144300000
1,962,144300000,144300100,43656,72760,144450000,144450000
1,963,144450000,144450100,43656,72760,144600000,144600000
1,964,144600000,144600100,43656,72760,144750000,144750000
1,965,144750000,144750100,43656,72760,144900000,144900000
1,966,144900000,144900100,43656,72760,145050000,145050000
1,967,145050000,145050100,43656,72760,145200000,145200000
1,968,145200000,145200100,43656,72760,145350000,145350000
1,969,145350000,145350100,43656,72760,145500000,145500000
1,970,145500000,145500100,43656,72760,145650000,145650000
1,971,145650000,145650100,43656,72760,145800000,145800000
1,972,145800000,145800100,43656,72760,145950000,145950000
1,973,145950000,145950100,43656,72760,146100000,146100000
1,974,146100000,146100100,43656,72760,146250000,146250000
1,975,146250000,146250100,43656,72760,146400000,146400000
1,976,146400000,146400100,43656,72760,146550000,146550000
1,977,146550000,146550100,43656,72760,146700000,146700000
1,978,146700000,146700100,43656,72760,146850000,146850000
1,979,146850000,146850100,43656,72760,147000000,147000000
1,980,147000000,147000100,43656,72760,147150000,147150000
1,981,147150000,147150100,43656,72760,147300000,147300000
1,982,147300000,147300100,43656,72760,147450000,147450000
1,983,147450000,147450100,43656,72760,147600000,147600000
1,984,147600000,147600100,43656,72760,147750000,147750000
1,985,147750000,147750100,43656,72760,147900000,147900000
1,986,147900000,147900100,43656,72760,148050000,148050000
1,987,148050000,148050100,43656,72760,148200000,148200000
1,988,148200000,148200100,43656,72760,148350000,148350000
1,989,148350000,148350100,43656,72760,148500000,148500000
1,990,148500000,148500100,43656,72760,148650000,148650000
1,991,148650000,148650100,43656,72760,148800000,148800000
1,992,148800000,148800100,43656,72760,148950000,148950000
1,993,148950000,148950100,43656,72760,149100000,149100000
1,994,149100000,149100100,43656,72760,149250000,149250000
1,995,149250000,149250100,43656,72760,149400000,149400000
1,996,149400000,149400100,43656,72760,149550000,149550000
1,997,149550000,149550100,43656,72760,149700000,149700000
1,998,149700000,149700100,43656,72760,149850000,149850000
1,999,149850000,149850100,43656,72760,150000000,150000000
1,1000,150000000,150000100,43656,72760,150150000,150150000
1,1001,150150000,150150100,43656,72760,150300000,150300000
1,1002,150300000,150300100,43656,72760,150450000,150450000
1,1003,150450000,150450100,43656,72760,150600000,150600000
1,1004,150600000,150600100,43656,72760,150750000,150750000
1,1005,150750000,150750100,43656,72760,150900000,150900000
1,1006,150900000,150900100,43656,72760,151050000,151050000
1,1007,151050000,151050100,43656,72760,151200000,151200000
1,1008,151200000,151200100,43656,72760,151350000,151350000
1,1009,151350000,151350100,43656,72760,151500000,151500000
1,1010,151500000,151500100,43656,72760,151650000,151650000
1,1011,151650000,151650100,43656,72760,151800000,151800000
1,1012,151800000,151800100,43656,72760,151950000,151950000
1,1013,151950000,151950100,43656,72760,152100000,152100000
1,1014,152100000,152100100,43656,72760,152250000,152250000
1,1015,152250000,152250100,43656,72760,152400000,152400000
1,1016,152400000,152400100,43656,72760,152550000,152550000
1,1017,152550000,152550100,43656,72760,152700000,152700000
1,1018,152700000,152700100,43656,72760,152850000,152850000
1,1019,152850000,152850100,43656,72760,153000000,153000000
1,1020,153000000,153000100,43656,72760,153150000,153150000
1,1021,153150000,153150100,43656,72760,153300000,153300000
1,1022,153300000,153300100,43656,72760,153450000,153450000
1,1023,153450000,153450100,43656,72760,153600000,153600000
1,1024,153600000,153600100,43656,72760,153750000,153750000
1,1025,153750000,153750100,43656,72760,153900000,153900000
1,1026,153900000,153900100,43656,72760,154050000,154050000
1,1027,154050000,154050100,43656,72760,154200000,154200000
1,1028,154200000,154200100,43656,72760,154350000,154350000
1,1029,154350000,154350100,43656,72760,154500000,154500000
1,1030,154500000,154500100,43656,72760,154650000,154650000
1,1031,154650000,154650100,43656,72760,154800000,154800000
1,1032,154800000,154800100,43656,72760,154950000,154950000
1,1033,154950000,154950100,43656,72760,155100000,155100000
1,1034,155100000,155100100,43656,72760,155250000,155250000
1,1035,155250000,155250100,43656,72760,155400000,155400000
1,1036,155400000,155400100,43656,72760,155550000,155550000
1,1037,155550000,155550100,43656,72760,155700000,155700000
1,1038,155700000,155700100,43656,72760,155850000,155850000
1,1039,155850000,155850100,43656,72760,156000000,156000000
1,1040,156000000,156000100,43656,72760,156150000,156150000
1,1041,156150000,156150100,43656,72760,156300000,156300000
1,1042,156300000,156300100,43656,72760,156450000,156450000
1,1043,156450000,156450100,43656,72760,156600000,156600000
1,1044,156600000,156600100,43656,72760,156750000,156750000
1,1045,156750000,156750100,43656,72760,156900000,156900000
1,1046,156900000,156900100,43656,72760,157050000,157050000
1,1047,157050000,157050100,43656,72760,157200000,157200000
1,1048,157200000,157200100,43656,72760,157350000,157350000
1,1049,157350000,157350100,43656,72760,157500000,157500000
1,1050,157500000,157500100,43656,72760,157650000,157650000
1,1051,157650000,157650100,43656,72760,157800000,157800000
1,1052,157800000,157800100,43656,72760,157950000,157950000
1,1053,157950000,157950100,43656,72760,158100000,158100000
1,1054,158100000,158100100,43656,72760,158250000,158250000
1,1055,158250000,158250100,43656,72760,158400000,158400000
1,1056,158400000,158400100,43656,72760,158550000,158550000
1,1057,158550000,158550100,43656,72760,158700000,158700000
1,1058,158700000,158700100,43656,72760,158850000,158850000
1,1059,158850000,158850100,43656,72760,159000000,159000000
1,1060,159000000,159000100,43656,72760,159150000,159150000
1,1061,159150000,159150100,43656,72760,159300000,159300000
1,1062,159300000,159300100,43656,72760,159450000,159450000
1,1063,159450000,159450100,43656,72760,159600000,159600000
1,1064,159600000,159600100,43656,72760,159750000,159750000
1,1065,159750000,159750100,43656,72760,159900000,159900000
1,1066,159900000,159900100,43656,72760,160050000,160050000
1,1067,160050000,160050100,43656,72760,160200000,160200000
1,1068,160200000,160200100,43656,72760,160350000,160350000
1,1069,160350000,160350100,43656,72760,160500000,160500000
1,1070,160500000,160500100,43656,72760,160650000,160650000
1,1071,160650000,160650100,43656,72760,160800000,160800000
1,1072,160800000,160800100,43656,72760,160950000,160950000
1,1073,160950000,160950100,43656,72760,161100000,161100000
1,1074,161100000,161100100,43656,72760,161250000,161250000
1,1075,161250000,161250100,43656,72760,161400000,161400000
1,1076,161400000,161400100,43656,72760,161550000,161550000
1,1077,161550000,161550100,43656,72760,161700000,161700000
1,1078,161700000,161700100,43656,72760,161850000,161850000
1,1079,161850000,161850100,43656,72760,162000000,162000000
1,1080,162000000,162000100,43656,72760,162150000,162150000
1,1081,162150000,162150100,43656,72760,162300000,162300000
1,1082,162300000,162300100,43656,72760,162450000,162450000
1,1083,162450000,162450100,43656,72760,162600000,162600000
1,1084,162600000,162600100,43656,72760,162750000,162750000
1,1085,162750000,162750100,43656,72760,162900000,162900000
1,1086,162900000,162900100,43656,72760,163050000,163050000
1,1087,163050000,163050100,43656,72760,163200000,163200000
1,1088,163200000,163200100,43656,72760,163350000,163350000
1,1089,163350000,163350100,43656,72760,163500000,163500000
1,1090,163500000,163500100,43656,72760,163650000,163650000
1,1091,163650000,163650100,43656,72760,163800000,163800000
1,1092,163800000,163800100,43656,72760,163950000,163950000
1,1093,163950000,163950100,43656,72760,164100000,164100000
1,1094,164100000,164100100,43656,72760,164250000,164250000
1,1095,164250000,164250100,43656,72760,164400000,164400000
1,1096,164400000,164400100,43656,72760,164550000,164550000
1,1097,164550000,164550100,43656,72760,164700000,164700000
1,1098,164700000,164700100,43656,72760,164850000,164850000
1,1099,164850000,164850100,43656,72760,165000000,165000000
1,1100,165000000,165000100,43656,72760,165150000,165150000
1,1101,165150000,165150100,43656,72760,165300000,165300000
1,1102,165300000,165300100,43656,72760,165450000,165450000
1,1103,165450000,165450100,43656,72760,165600000,165600000
1,1104,165600000,165600100,43656,72760,165750000,165750000
1,1105,165750000,165750100,43656,72760,165900000,165900000
1,1106,165900000,165900100,43656,72760,166050000,166050000
1,1107,166050000,166050100,43656,72760,166200000,166200000
1,1108,166200000,166200100,43656,72760,166350000,166350000
1,1109,166350000,166350100,43656,72760,166500000,166500000
1,1110,166500000,166500100,43656,72760,166650000,166650000
1,1111,166650000,166650100,43656,72760,166800000,166800000
1,1112,166800000,166800100,43656,72760,166950000,166950000
1,1113,166950000,166950100,43656,72760,167100000,167100000
1,1114,167100000,167100100,43656,72760,167250000,167250000
1,1115,167250000,167250100,43656,72760,167400000,167400000
1,1116,167400000,167400100,43656,72760,167550000,167550000
1,1117,167550000,167550100,43656,72760,167700000,167700000
1,1118,167700000,167700100,43656,72760,167850000,167850000
1,1119,167850000,167850100,43656,72760,168000000,168000000
1,1120,168000000,168000100,43656,72760,168150000,168150000
1,1121,168150000,168150100,43656,72760,168300000,168300000
1,1122,168300000,168300100,43656,72760,168450000,168450000
1,1123,168450000,168450100,43656,72760,168600000,168600000
1,1124,168600000,168600100,43656,72760,168750000,168750000
1,1125,168750000,168750100,43656,72760,168900000,168900000
1,1126,168900000,168900100,43656,72760,169050000,169050000
1,1127,169050000,169050100,43656,72760,169200000,169200000
1,1128,169200000,169200100,43656,72760,169350000,169350000
1,1129,169350000,169350100,43656,72760,169500000,169500000
1,1130,169500000,169500100,43656,72760,169650000,169650000
1,1131,169650000,169650100,43656,72760,169800000,169800000
1,1132,169800000,169800100,43656,72760,169950000,169950000
1,1133,169950000,169950100,43656,72760,170100000,170100000
1,1134,170100000,170100100,43656,72760,170250000,170250000
1,1135,170250000,170250100,43656,72760,170400000,170400000
1,1136,170400000,170400100,43656,72760,170550000,170550000
1,1137,170550000,170550100,43656,72760,170700000,170700000
1,1138,170700000,170700100,43656,72760,170850000,170850000
1,1139,170850000,170850100,43656,72760,171000000,171000000
1,1140,171000000,171000100,43656,72760,171150000,171150000
1,1141,171150000,171150100,43656,72760,171300000,171300000
1,1142,171300000,171300100,43656,72760,171450000,171450000
1,1143,171450000,171450100,43656,72760,171600000,171600000
1,1144,171600000,171600100,43656,72760,171750000,171750000
1,1145,171750000,171750100,43656,72760,171900000,171900000
1,1146,171900000,171900100,43656,72760,172050000,172050000
1,1147,172050000,172050100,43656,72760,172200000,172200000
1,1148,172200000,172200100,43656,72760,172350000,172350000
1,1149,172350000,172350100,43656,72760,172500000,172500000
1,1150,172500000,172500100,43656,72760,172650000,172650000
1,1151,172650000,172650100,43656,72760,172800000,172800000
1,1152,172800000,172800100,43656,72760,172950000,172950000
1,1153,172950000,172950100,43656,72760,173100000,173100000
1,1154,173100000,173100100,43656,72760,173250000,173250000
1,1155,173250000,173250100,43656,72760,173400000,173400000
1,1156,173400000,173400100,43656,72760,173550000,173550000
1,1157,173550000,173550100,43656,72760,173700000,173700000
1,1158,173700000,173700100,43656,72760,173850000,173850000
1,1159,173850000,173850100,43656,72760,174000000,174000000
1,1160,174000000,174000100,43656,72760,174150000,174150000
1,1161,174150000,174150100,43656,72760,174300000,174300000
1,1162,174300000,174300100,43656,72760,174450000,174450000
1,1163,174450000,174450100,43656,72760,174600000,174600000
1,1164,174600000,174600100,43656,72760,174750000,174750000
1,1165,174750000,174750100,43656,72760,174900000,174900000
1,1166,174900000,174900100,43656,72760,175050000,175050000
1,1167,175050000,175050100,43656,72760,175200000,175200000
1,1168,175200000,175200100,43656,72760,175350000,175350000
1,1169,175350000,175350100,43656,72760,175500000,175500000
1,1170,175500000,175500100,43656,72760,175650000,175650000
1,1171,175650000,175650100,43656,72760,175800000,175800000
1,1172,175800000,175800100,43656,72760,175950000,175950000
1,1173,175950000,175950100,43656,72760,176100000,176100000
1,1174,176100000,176100100,43656,72760,176250000,176250000
1,1175,176250000,176250100,43656,72760,176400000,176400000
1,1176,176400000,176400100,43656,72760,176550000,176550000
1,1177,176550000,176550100,43656,72760,176700000,176700000
1,1178,176700000,176700100,43656,72760,176850000,176850000
1,1179,176850000,176850100,43656,72760,177000000,177000000
1,1180,177000000,177000100,43656,72760,177150000,177150000
1,1181,177150000,177150100,43656,72760,177300000,177300000
1,1182,177300000,177300100,43656,72760,177450000,177450000
1,1183,177450000,177450100,43656,72760,177600000,177600000
1,1184,177600000,177600100,43656,72760,177750000,177750000
1,1185,177750000,177750100,43656,72760,177900000,177900000
1,1186,177900000,177900100,43656,72760,178050000,178050000
1,1187,178050000,178050100,43656,72760,178200000,178200000
1,1188,178200000,178200100,43656,72760,178350000,178350000
1,1189,178350000,178350100,43656,72760,178500000,178500000
1,1190,178500000,178500100,43656,72760,178650000,178650000
1,1191,178650000,178650100,43656,72760,178800000,178800000
1,1192,178800000,178800100,43656,72760,178950000,178950000
1,1193,178950000,178950100,43656,72760,179100000,179100000
1,1194,179100000,179100100,43656,72760,179250000,179250000
1,1195,179250000,179250100,43656,72760,179400000,179400000
1,1196,179400000,179400100,43656,72760,179550000,179550000
1,1197,179550000,179550100,43656,72760,179700000,179700000
1,1198,179700000,179700100,43656,72760,179850000,179850000
1,1199,179850000,179850100,43656,72760,180000000,180000000
1,1200,180000000,180000100,43656,72760,180150000,180150000
1,1201,180150000,180150100,43656,72760,180300000,180300000
1,1202,180300000,180300100,43656,72760,180450000,180450000
1,1203,180450000,180450100,43656,72760,180600000,180600000
1,1204,180600000,180600100,43656,72760,180750000,180750000
1,1205,180750000,180750100,43656,72760,180900000,180900000
1,1206,180900000,180900100,43656,72760,181050000,181050000
1,1207,181050000,181050100,43656,72760,181200000,181200000
1,1208,181200000,181200100,43656,72760,181350000,181350000
1,1209,181350000,181350100,43656,72760,181500000,181500000
1,1210,181500000,181500100,43656,72760,181650000,181650000
1,1211,181650000,181650100,43656,72760,181800000,181800000
1,1212,181800000,181800100,43656,72760,181950000,181950000
1,1213,181950000,181950100,43656,72760,182100000,182100000
1,1214,182100000,182100100,43656,72760,182250000,182250000
1,1215,182250000,182250100,43656,72760,182400000,182400000
1,1216,182400000,182400100,43656,72760,182550000,182550000
1,1217,182550000,182550100,43656,72760,182700000,182700000
1,1218,182700000,182700100,43656,72760,182850000,182850000
1,1219,182850000,182850100,43656,72760,183000000,183000000
1,1220,183000000,183000100,43656,72760,183150000,183150000
1,1221,183150000,183150100,43656,72760,183300000,183300000
1,1222,183300000,183300100,43656,72760,183450000,183450000
1,1223,183450000,183450100,43656,72760,183600000,183600000
1,1224,183600000,183600100,43656,72760,183750000,183750000
1,1225,183750000,183750100,43656,72760,183900000,183900000
1,1226,183900000,183900100,43656,72760,184050000,184050000
1,1227,184050000,184050100,43656,72760,184200000,184200000
1,1228,184200000,184200100,43656,72760,184350000,184350000
1,1229,184350000,184350100,43656,72760,184500000,184500000
1,1230,184500000,184500100,43656,72760,184650000,184650000
1,1231,184650000,184650100,43656,72760,184800000,184800000
1,1232,184800000,184800100,43656,72760,184950000,184950000
1,1233,184950000,184950100,43656,72760,185100000,185100000
1,1234,185100000,185100100,43656,72760,185250000,185250000
1,1235,185250000,185250100,43656,72760,185400000,185400000
1,1236,185400000,185400100,43656,72760,185550000,185550000
1,1237,185550000,185550100,43656,72760,185700000,185700000
1,1238,185700000,185700100,43656,72760,185850000,185850000
1,1239,185850000,185850100,43656,72760,186000000,186000000
1,1240,186000000,186000100,43656,72760,186150000,186150000
1,1241,186150000,186150100,43656,72760,186300000,186300000
1,1242,186300000,186300100,43656,72760,186450000,186450000
1,1243,186450000,186450100,43656,72760,186600000,186600000
1,1244,186600000,186600100,43656,72760,186750000,186750000
1,1245,186750000,186750100,43656,72760,186900000,186900000
1,1246,186900000,186900100,43656,72760,187050000,187050000
1,1247,187050000,187050100,43656,72760,187200000,187200000
1,1248,187200000,187200100,43656,72760,187350000,187350000
1,1249,187350000,187350100,43656,72760,187500000,187500000
1,1250,187500000,187500100,43656,72760,187650000,187650000
1,1251,187650000,187650100,43656,72760,187800000,187800000
1,1252,187800000,187800100,43656,72760,187950000,187950000
1,1253,187950000,187950100,43656,72760,188100000,188100000
1,1254,188100000,188100100,43656,72760,188250000,188250000
1,1255,188250000,188250100,43656,72760,188400000,188400000
1,1256,188400000,188400100,43656,72760,188550000,188550000
1,1257,188550000,188550100,43656,72760,188700000,188700000
1,1258,188700000,188700100,43656,72760,188850000,188850000
1,1259,188850000,188850100,43656,72760,189000000,189000000
1,1260,189000000,189000100,43656,72760,189150000,189150000
1,1261,189150000,189150100,43656,72760,189300000,189300000
1,1262,189300000,189300100,43656,72760,189450000,189450000
1,1263,189450000,189450100,43656,72760,189600000,189600000
1,1264,189600000,189600100,43656,72760,189750000,189750000
1,1265,189750000,189750100,43656,72760,189900000,189900000
1,1266,189900000,189900100,43656,72760,190050000,190050000
1,1267,190050000,190050100,43656,72760,190200000,190200000
1,1268,190200000,190200100,43656,72760,190350000,190350000
1,1269,190350000,190350100,43656,72760,190500000,190500000
1,1270,190500000,190500100,43656,72760,190650000,190650000
1,1271,190650000,190650100,43656,72760,190800000,190800000
1,1272,190800000,190800100,43656,72760,190950000,190950000
1,1273,190950000,190950100,43656,72760,191100000,191100000
1,1274,191100000,191100100,43656,72760,191250000,191250000
1,1275,191250000,191250100,43656,72760,191400000,191400000
1,1276,191400000,191400100,43656,72760,191550000,191550000
1,1277,191550000,191550100,43656,72760,191700000,191700000
1,1278,191700000,191700100,43656,72760,191850000,191850000
1,1279,191850000,191850100,43656,72760,192000000,192000000
1,1280,192000000,192000100,43656,72760,192150000,192150000
1,1281,192150000,192150100,43656,72760,192300000,192300000
1,1282,192300000,192300100,43656,72760,192450000,192450000
1,1283,192450000,192450100,43656,72760,192600000,192600000
1,1284,192600000,192600100,43656,72760,192750000,192750000
1,1285,192750000,192750100,43656,72760,192900000,192900000
1,1286,192900000,192900100,43656,72760,193050000,193050000
1,1287,193050000,193050100,43656,72760,193200000,193200000
1,1288,193200000,193200100,43656,72760,193350000,193350000
1,1289,193350000,193350100,43656,72760,193500000,193500000
1,1290,193500000,193500100,43656,72760,193650000,193650000
1,1291,193650000,193650100,43656,72760,193800000,193800000
1,1292,193800000,193800100,43656,72760,193950000,193950000
1,1293,193950000,193950100,43656,72760,194100000,194100000
1,1294,194100000,194100100,43656,72760,194250000,194250000
1,1295,194250000,194250100,43656,72760,194400000,194400000
1,1296,194400000,194400100,43656,72760,194550000,194550000
1,1297,194550000,194550100,43656,72760,194700000,194700000
1,1298,194700000,194700100,43656,72760,194850000,194850000
1,1299,194850000,194850100,43656,72760,195000000,195000000
1,1300,195000000,195000100,43656,72760,195150000,195150000
1,1301,195150000,195150100,43656,72760,195300000,195300000
1,1302,195300000,195300100,43656,72760,195450000,195450000
1,1303,195450000,195450100,43656,72760,195600000,195600000
1,1304,195600000,195600100,43656,72760,195750000,195750000
1,1305,195750000,195750100,43656,72760,195900000,195900000
1,1306,195900000,195900100,43656,72760,196050000,196050000
1,1307,196050000,196050100,43656,72760,196200000,196200000
1,1308,196200000,196200100,43656,72760,196350000,196350000
1,1309,196350000,196350100,43656,72760,196500000,196500000
1,1310,196500000,196500100,43656,72760,196650000,196650000
1,1311,196650000,196650100,43656,72760,196800000,196800000
1,1312,196800000,196800100,43656,72760,196950000,196950000
1,1313,196950000,196950100,43656,72760,197100000,197100000
1,1314,197100000,197100100,43656,72760,197250000,197250000
1,1315,197250000,197250100,43656,72760,197400000,197400000
1,1316,197400000,197400100,43656,72760,197550000,197550000
1,1317,197550000,197550100,43656,72760,197700000,197700000
1,1318,197700000,197700100,43656,72760,197850000,197850000
1,1319,197850000,197850100,43656,72760,198000000,198000000
1,1320,198000000,198000100,43656,72760,198150000,198150000
1,1321,198150000,198150100,43656,72760,198300000,198300000
1,1322,198300000,198300100,43656,72760,198450000,198450000
1,1323,198450000,198450100,43656,72760,198600000,198600000
1,1324,198600000,198600100,43656,72760,198750000,198750000
1,1325,198750000,198750100,43656,72760,198900000,198900000
1,1326,198900000,198900100,43656,72760,199050000,199050000
1,1327,199050000,199050100,43656,72760,199200000,199200000
1,1328,199200000,199200100,43656,72760,199350000,199350000
1,1329,199350000,199350100,43656,72760,199500000,199500000
1,1330,199500000,199500100,43656,72760,199650000,199650000
1,1331,199650000,199650100,43656,72760,199800000,199800000
1,1332,199800000,199800100,43656,72760,199950000,199950000
1,1333,199950000,199950100,43656,72760,200100000,200100000
1,1334,200100000,200100100,43656,72760,200250000,200250000
1,1335,200250000,200250100,43656,72760,200400000,200400000
1,1336,200400000,200400100,43656,72760,200550000,200550000
1,1337,200550000,200550100,43656,72760,200700000,200700000
1,1338,200700000,200700100,43656,72760,200850000,200850000
1,1339,200850000,200850100,43656,72760,201000000,201000000
1,1340,201000000,201000100,43656,72760,201150000,201150000
1,1341,201150000,201150100,43656,72760,201300000,201300000
1,1342,201300000,201300100,43656,72760,201450000,201450000
1,1343,201450000,201450100,43656,72760,201600000,201600000
1,1344,201600000,201600100,43656,72760,201750000,201750000
1,1345,201750000,201750100,43656,72760,201900000,201900000
1,1346,201900000,201900100,43656,72760,202050000,202050000
1,1347,202050000,202050100,43656,72760,202200000,202200000
1,1348,202200000,202200100,43656,72760,202350000,202350000
1,1349,202350000,202350100,43656,72760,202500000,202500000
1,1350,202500000,202500100,43656,72760,202650000,202650000
1,1351,202650000,202650100,43656,72760,202800000,202800000
1,1352,202800000,202800100,43656,72760,202950000,202950000
1,1353,202950000,202950100,43656,72760,203100000,203100000
1,1354,203100000,203100100,43656,72760,203250000,203250000
1,1355,203250000,203250100,43656,72760,203400000,203400000
1,1356,203400000,203400100,43656,72760,203550000,203550000
1,1357,203550000,203550100,43656,72760,203700000,203700000
1,1358,203700000,203700100,43656,72760,203850000,203850000
1,1359,203850000,203850100,43656,72760,204000000,204000000
1,1360,204000000,204000100,43656,72760,204150000,204150000
1,1361,204150000,204150100,43656,72760,204300000,204300000
1,1362,204300000,204300100,43656,72760,204450000,204450000
1,1363,204450000,204450100,43656,72760,204600000,204600000
1,1364,204600000,204600100,43656,72760,204750000,204750000
1,1365,204750000,204750100,43656,72760,204900000,204900000
1,1366,204900000,204900100,43656,72760,205050000,205050000
1,1367,205050000,205050100,43656,72760,205200000,205200000
1,1368,205200000,205200100,43656,72760,205350000,205350000
1,1369,205350000,205350100,43656,72760,205500000,205500000
1,1370,205500000,205500100,43656,72760,205650000,205650000
1,1371,205650000,205650100,43656,72760,205800000,205800000
1,1372,205800000,205800100,43656,72760,205950000,205950000
1,1373,205950000,205950100,43656,72760,206100000,206100000
1,1374,206100000,206100100,43656,72760,206250000,206250000
1,1375,206250000,206250100,43656,72760,206400000,206400000
1,1376,206400000,206400100,43656,72760,206550000,206550000
1,1377,206550000,206550100,43656,72760,206700000,206700000
1,1378,206700000,206700100,43656,72760,206850000,206850000
1,1379,206850000,206850100,43656,72760,207000000,207000000
1,1380,207000000,207000100,43656,72760,207150000,207150000
1,1381,207150000,207150100,43656,72760,207300000,207300000
1,1382,207300000,207300100,43656,72760,207450000,207450000
1,1383,207450000,207450100,43656,72760,207600000,207600000
1,1384,207600000,207600100,43656,72760,207750000,207750000
1,1385,207750000,207750100,43656,72760,207900000,207900000
1,1386,207900000,207900100,43656,72760,208050000,208050000
1,1387,208050000,208050100,43656,72760,208200000,208200000
1,1388,208200000,208200100,43656,72760,208350000,208350000
1,1389,208350000,208350100,43656,72760,208500000,208500000
1,1390,208500000,208500100,43656,72760,208650000,208650000
1,1391,208650000,208650100,43656,72760,208800000,208800000
1,1392,208800000,208800100,43656,72760,208950000,208950000
1,1393,208950000,208950100,43656,72760,209100000,209100000
1,1394,209100000,209100100,43656,72760,209250000,209250000
1,1395,209250000,209250100,43656,72760,209400000,209400000
1,1396,209400000,209400100,43656,72760,209550000,209550000
1,1397,209550000,209550100,43656,72760,209700000,209700000
1,1398,209700000,209700100,43656,72760,209850000,209850000
1,1399,209850000,209850100,43656,72760,210000000,210000000
1,1400,210000000,210000100,43656,72760,210150000,210150000
1,1401,210150000,210150100,43656,72760,210300000,210300000
1,1402,210300000,210300100,43656,72760,210450000,210450000
1,1403,210450000,210450100,43656,72760,210600000,210600000
1,1404,210600000,210600100,43656,72760,210750000,210750000
1,1405,210750000,210750100,43656,72760,210900000,210900000
1,1406,210900000,210900100,43656,72760,211050000,211050000
1,1407,211050000,211050100,43656,72760,211200000,211200000
1,1408,211200000,211200100,43656,72760,211350000,211350000
1,1409,211350000,211350100,43656,72760,211500000,211500000
1,1410,211500000,211500100,43656,72760,211650000,211650000
1,1411,211650000,211650100,43656,72760,211800000,211800000
1,1412,211800000,211800100,43656,72760,211950000,211950000
1,1413,211950000,211950100,43656,72760,212100000,212100000
1,1414,212100000,212100100,43656,72760,212250000,212250000
1,1415,212250000,212250100,43656,72760,212400000,212400000
1,1416,212400000,212400100,43656,72760,212550000,212550000
1,1417,212550000,212550100,43656,72760,212700000,212700000
1,1418,212700000,212700100,43656,72760,212850000,212850000
1,1419,212850000,212850100,43656,72760,213000000,213000000
1,1420,213000000,213000100,43656,72760,213150000,213150000
1,1421,213150000,213150100,43656,72760,213300000,213300000
1,1422,213300000,213300100,43656,72760,213450000,213450000
1,1423,213450000,213450100,43656,72760,213600000,213600000
1,1424,213600000,213600100,43656,72760,213750000,213750000
1,1425,213750000,213750100,43656,72760,213900000,213900000
1,1426,213900000,213900100,43656,72760,214050000,214050000
1,1427,214050000,214050100,43656,72760,214200000,214200000
1,1428,214200000,214200100,43656,72760,214350000,214350000
1,1429,214350000,214350100,43656,72760,214500000,214500000
1,1430,214500000,214500100,43656,72760,214650000,214650000
1,1431,214650000,214650100,43656,72760,214800000,214800000
1,1432,214800000,214800100,43656,72760,214950000,214950000
1,1433,214950000,214950100,43656,72760,215100000,215100000
1,1434,215100000,215100100,43656,72760,215250000,215250000
1,1435,215250000,215250100,43656,72760,215400000,215400000
1,1436,215400000,215400100,43656,72760,215550000,215550000
1,1437,215550000,215550100,43656,72760,215700000,215700000
1,1438,215700000,215700100,43656,72760,215850000,215850000
1,1439,215850000,215850100,43656,72760,216000000,216000000
1,1440,216000000,216000100,43656,72760,216150000,216150000
1,1441,216150000,216150100,43656,72760,216300000,216300000
1,1442,216300000,216300100,43656,72760,216450000,216450000
1,1443,216450000,216450100,43656,72760,216600000,216600000
1,1444,216600000,216600100,43656,72760,216750000,216750000
1,1445,216750000,216750100,43656,72760,216900000,216900000
1,1446,216900000,216900100,43656,72760,217050000,217050000
1,1447,217050000,217050100,43656,72760,217200000,217200000
1,1448,217200000,217200100,43656,72760,217350000,217350000
1,1449,217350000,217350100,43656,72760,217500000,217500000
1,1450,217500000,217500100,43656,72760,217650000,217650000
1,1451,217650000,217650100,43656,72760,217800000,217800000
1,1452,217800000,217800100,43656,72760,217950000,217950000
1,1453,217950000,217950100,43656,72760,218100000,218100000
1,1454,218100000,218100100,43656,72760,218250000,218250000
1,1455,218250000,218250100,43656,72760,218400000,218400000
1,1456,218400000,218400100,43656,72760,218550000,218550000
1,1457,218550000,218550100,43656,72760,218700000,218700000
1,1458,218700000,218700100,43656,72760,218850000,218850000
1,1459,218850000,218850100,43656,72760,219000000,219000000
1,1460,219000000,219000100,43656,72760,219150000,219150000
1,1461,219150000,219150100,43656,72760,219300000,219300000
1,1462,219300000,219300100,43656,72760,219450000,219450000
1,1463,219450000,219450100,43656,72760,219600000,219600000
1,1464,219600000,219600100,43656,72760,219750000,219750000
1,1465,219750000,219750100,43656,72760,219900000,219900000
1,1466,219900000,219900100,43656,72760,220050000,220050000
1,1467,220050000,220050100,43656,72760,220200000,220200000
1,1468,220200000,220200100,43656,72760,220350000,220350000
1,1469,220350000,220350100,43656,72760,220500000,220500000
1,1470,220500000,220500100,43656,72760,220650000,220650000
1,1471,220650000,220650100,43656,72760,220800000,220800000
1,1472,220800000,220800100,43656,72760,220950000,220950000
1,1473,220950000,220950100,43656,72760,221100000,221100000
1,1474,221100000,221100100,43656,72760,221250000,221250000
1,1475,221250000,221250100,43656,72760,221400000,221400000
1,1476,221400000,221400100,43656,72760,221550000,221550000
1,1477,221550000,221550100,43656,72760,221700000,221700000
1,1478,221700000,221700100,43656,72760,221850000,221850000
1,1479,221850000,221850100,43656,72760,222000000,222000000
1,1480,222000000,222000100,43656,72760,222150000,222150000
1,1481,222150000,222150100,43656,72760,222300000,222300000
1,1482,222300000,222300100,43656,72760,222450000,222450000
1,1483,222450000,222450100,43656,72760,222600000,222600000
1,1484,222600000,222600100,43656,72760,222750000,222750000
1,1485,222750000,222750100,43656,72760,222900000,222900000
1,1486,222900000,222900100,43656,72760,223050000,223050000
1,1487,223050000,223050100,43656,72760,223200000,223200000
1,1488,223200000,223200100,43656,72760,223350000,223350000
1,1489,223350000,223350100,43656,72760,223500000,223500000
1,1490,223500000,223500100,43656,72760,223650000,223650000
1,1491,223650000,223650100,43656,72760,223800000,223800000
1,1492,223800000,223800100,43656,72760,223950000,223950000
1,1493,223950000,223950100,43656,72760,224100000,224100000
1,1494,224100000,224100100,43656,72760,224250000,224250000
1,1495,224250000,224250100,43656,72760,224400000,224400000
1,1496,224400000,224400100,43656,72760,224550000,224550000
1,1497,224550000,224550100,43656,72760,224700000,224700000
1,1498,224700000,224700100,43656,72760,224850000,224850000
1,1499,224850000,224850100,43656,72760,225000000,225000000
1,1500,225000000,225000100,43656,72760,225150000,225150000
1,1501,225150000,225150100,43656,72760,225300000,225300000
1,1502,225300000,225300100,43656,72760,225450000,225450000
1,1503,225450000,225450100,43656,72760,225600000,225600000
1,1504,225600000,225600100,43656,72760,225750000,225750000
1,1505,225750000,225750100,43656,72760,225900000,225900000
1,1506,225900000,225900100,43656,72760,226050000,226050000
1,1507,226050000,226050100,43656,72760,226200000,226200000
1,1508,226200000,226200100,43656,72760,226350000,226350000
1,1509,226350000,226350100,43656,72760,226500000,226500000
1,1510,226500000,226500100,43656,72760,226650000,226650000
1,1511,226650000,226650100,43656,72760,226800000,226800000
1,1512,226800000,226800100,43656,72760,226950000,226950000
1,1513,226950000,226950100,43656,72760,227100000,227100000
1,1514,227100000,227100100,43656,72760,227250000,227250000
1,1515,227250000,227250100,43656,72760,227400000,227400000
1,1516,227400000,227400100,43656,72760,227550000,227550000
1,1517,227550000,227550100,43656,72760,227700000,227700000
1,1518,227700000,227700100,43656,72760,227850000,227850000
1,1519,227850000,227850100,43656,72760,228000000,228000000
1,1520,228000000,228000100,43656,72760,228150000,228150000
1,1521,228150000,228150100,43656,72760,228300000,228300000
1,1522,228300000,228300100,43656,72760,228450000,228450000
1,1523,228450000,228450100,43656,72760,228600000,228600000
1,1524,228600000,228600100,43656,72760,228750000,228750000
1,1525,228750000,228750100,43656,72760,228900000,228900000
1,1526,228900000,228900100,43656,72760,229050000,229050000
1,1527,229050000,229050100,43656,72760,229200000,229200000
1,1528,229200000,229200100,43656,72760,229350000,229350000
1,1529,229350000,229350100,43656,72760,229500000,229500000
1,1530,229500000,229500100,43656,72760,229650000,229650000
1,1531,229650000,229650100,43656,72760,229800000,229800000
1,1532,229800000,229800100,43656,72760,229950000,229950000
1,1533,229950000,229950100,43656,72760,230100000,230100000
1,1534,230100000,230100100,43656,72760,230250000,230250000
1,1535,230250000,230250100,43656,72760,230400000,230400000
1,1536,230400000,230400100,43656,72760,230550000,230550000
1,1537,230550000,230550100,43656,72760,230700000,230700000
1,1538,230700000,230700100,43656,72760,230850000,230850000
1,1539,230850000,230850100,43656,72760,231000000,231000000
1,1540,231000000,231000100,43656,72760,231150000,231150000
1,1541,231150000,231150100,43656,72760,231300000,231300000
1,1542,231300000,231300100,43656,72760,231450000,231450000
1,1543,231450000,231450100,43656,72760,231600000,231600000
1,1544,231600000,231600100,43656,72760,231750000,231750000
1,1545,231750000,231750100,43656,72760,231900000,231900000
1,1546,231900000,231900100,43656,72760,232050000,232050000
1,1547,232050000,232050100,43656,72760,232200000,232200000
1,1548,232200000,232200100,43656,72760,232350000,232350000
1,1549,232350000,232350100,43656,72760,232500000,232500000
1,1550,232500000,232500100,43656,72760,232650000,232650000
1,1551,232650000,232650100,43656,72760,232800000,232800000
1,1552,232800000,232800100,43656,72760,232950000,232950000
1,1553,232950000,232950100,43656,72760,233100000,233100000
1,1554,233100000,233100100,43656,72760,233250000,233250000
1,1555,233250000,233250100,43656,72760,233400000,233400000
1,1556,233400000,233400100,43656,72760,233550000,233550000
1,1557,233550000,233550100,43656,72760,233700000,233700000
1,1558,233700000,233700100,43656,72760,233850000,233850000
1,1559,233850000,233850100,43656,72760,234000000,234000000
1,1560,234000000,234000100,43656,72760,234150000,234150000
1,1561,234150000,234150100,43656,72760,234300000,234300000
1,1562,234300000,234300100,43656,72760,234450000,234450000
1,1563,234450000,234450100,43656,72760,234600000,234600000
1,1564,234600000,234600100,43656,72760,234750000,234750000
1,1565,234750000,234750100,43656,72760,234900000,234900000
1,1566,234900000,234900100,43656,72760,235050000,235050000
1,1567,235050000,235050100,43656,72760,235200000,235200000
1,1568,235200000,235200100,43656,72760,235350000,235350000
1,1569,235350000,235350100,43656,72760,235500000,235500000
1,1570,235500000,235500100,43656,72760,235650000,235650000
1,1571,235650000,235650100,43656,72760,235800000,235800000
1,1572,235800000,235800100,43656,72760,235950000,235950000
1,1573,235950000,235950100,43656,72760,236100000,236100000
1,1574,236100000,236100100,43656,72760,236250000,236250000
1,1575,236250000,236250100,43656,72760,236400000,236400000
1,1576,236400000,236400100,43656,72760,236550000,236550000
1,1577,236550000,236550100,43656,72760,236700000,236700000
1,1578,236700000,236700100,43656,72760,236850000,236850000
1,1579,236850000,236850100,43656,72760,237000000,237000000
1,1580,237000000,237000100,43656,72760,237150000,237150000
1,1581,237150000,237150100,43656,72760,237300000,237300000
1,1582,237300000,237300100,43656,72760,237450000,237450000
1,1583,237450000,237450100,43656,72760,237600000,237600000
1,1584,237600000,237600100,43656,72760,237750000,237750000
1,1585,237750000,237750100,43656,72760,237900000,237900000
1,1586,237900000,237900100,43656,72760,238050000,238050000
1,1587,238050000,238050100,43656,72760,238200000,238200000
1,1588,238200000,238200100,43656,72760,238350000,238350000
1,1589,238350000,238350100,43656,72760,238500000,238500000
1,1590,238500000,238500100,43656,72760,238650000,238650000
1,1591,238650000,238650100,43656,72760,238800000,238800000
1,1592,238800000,238800100,43656,72760,238950000,238950000
1,1593,238950000,238950100,43656,72760,239100000,239100000
1,1594,239100000,239100100,43656,72760,239250000,239250000
1,1595,239250000,239250100,43656,72760,239400000,239400000
1,1596,239400000,239400100,43656,72760,239550000,239550000
1,1597,239550000,239550100,43656,72760,239700000,239700000
1,1598,239700000,239700100,43656,72760,239850000,239850000
1,1599,239850000,239850100,43656,72760,240000000,240000000
1,1600,240000000,240000100,43656,72760,240150000,240150000
1,1601,240150000,240150100,43656,72760,240300000,240300000
1,1602,240300000,240300100,43656,72760,240450000,240450000
1,1603,240450000,240450100,43656,72760,240600000,240600000
1,1604,240600000,240600100,43656,72760,240750000,240750000
1,1605,240750000,240750100,43656,72760,240900000,240900000
1,1606,240900000,240900100,43656,72760,241050000,241050000
1,1607,241050000,241050100,43656,72760,241200000,241200000
1,1608,241200000,241200100,43656,72760,241350000,241350000
1,1609,241350000,241350100,43656,72760,241500000,241500000
1,1610,241500000,241500100,43656,72760,241650000,241650000
1,1611,241650000,241650100,43656,72760,241800000,241800000
1,1612,241800000,241800100,43656,72760,241950000,241950000
1,1613,241950000,241950100,43656,72760,242100000,242100000
1,1614,242100000,242100100,43656,72760,242250000,242250000
1,1615,242250000,242250100,43656,72760,242400000,242400000
1,1616,242400000,242400100,43656,72760,242550000,242550000
1,1617,242550000,242550100,43656,72760,242700000,242700000
1,1618,242700000,242700100,43656,72760,242850000,242850000
1,1619,242850000,242850100,43656,72760,243000000,243000000
1,1620,243000000,243000100,43656,72760,243150000,243150000
1,1621,243150000,243150100,43656,72760,243300000,243300000
1,1622,243300000,243300100,43656,72760,243450000,243450000
1,1623,243450000,243450100,43656,72760,243600000,243600000
1,1624,243600000,243600100,43656,72760,243750000,243750000
1,1625,243750000,243750100,43656,72760,243900000,243900000
1,1626,243900000,243900100,43656,72760,244050000,244050000
1,1627,244050000,244050100,43656,72760,244200000,244200000
1,1628,244200000,244200100,43656,72760,244350000,244350000
1,1629,244350000,244350100,43656,72760,244500000,244500000
1,1630,244500000,244500100,43656,72760,244650000,244650000
1,1631,244650000,244650100,43656,72760,244800000,244800000
1,1632,244800000,244800100,43656,72760,244950000,244950000
1,1633,244950000,244950100,43656,72760,245100000,245100000
1,1634,245100000,245100100,43656,72760,245250000,245250000
1,1635,245250000,245250100,43656,72760,245400000,245400000
1,1636,245400000,245400100,43656,72760,245550000,245550000
1,1637,245550000,245550100,43656,72760,245700000,245700000
1,1638,245700000,245700100,43656,72760,245850000,245850000
1,1639,245850000,245850100,43656,72760,246000000,246000000
1,1640,246000000,246000100,43656,72760,246150000,246150000
1,1641,246150000,246150100,43656,72760,246300000,246300000
1,1642,246300000,246300100,43656,72760,246450000,246450000
1,1643,246450000,246450100,43656,72760,246600000,246600000
1,1644,246600000,246600100,43656,72760,246750000,246750000
1,1645,246750000,246750100,43656,72760,246900000,246900000
1,1646,246900000,246900100,43656,72760,247050000,247050000
1,1647,247050000,247050100,43656,72760,247200000,247200000
1,1648,247200000,247200100,43656,72760,247350000,247350000
1,1649,247350000,247350100,43656,72760,247500000,247500000
1,1650,247500000,247500100,43656,72760,247650000,247650000
1,1651,247650000,247650100,43656,72760,247800000,247800000
1,1652,247800000,247800100,43656,72760,247950000,247950000
1,1653,247950000,247950100,43656,72760,248100000,248100000
1,1654,248100000,248100100,43656,72760,248250000,248250000
1,1655,248250000,248250100,43656,72760,248400000,248400000
1,1656,248400000,248400100,43656,72760,248550000,248550000
1,1657,248550000,248550100,43656,72760,248700000,248700000
1,1658,248700000,248700100,43656,72760,248850000,248850000
1,1659,248850000,248850100,43656,72760,249000000,249000000
1,1660,249000000,249000100,43656,72760,249150000,249150000
1,1661,249150000,249150100,43656,72760,249300000,249300000
1,1662,249300000,249300100,43656,72760,249450000,249450000
1,1663,249450000,249450100,43656,72760,249600000,249600000
1,1664,249600000,249600100,43656,72760,249750000,249750000
1,1665,249750000,249750100,43656,72760,249900000,249900000
1,1666,249900000,249900100,43656,72760,250050000,250050000
1,1667,250050000,250050100,43656,72760,250200000,250200000
1,1668,250200000,250200100,43656,72760,250350000,250350000
1,1669,250350000,250350100,43656,72760,250500000,250500000
1,1670,250500000,250500100,43656,72760,250650000,250650000
1,1671,250650000,250650100,43656,72760,250800000,250800000
1,1672,250800000,250800100,43656,72760,250950000,250950000
1,1673,250950000,250950100,43656,72760,251100000,251100000
1,1674,251100000,251100100,43656,72760,251250000,251250000
1,1675,251250000,251250100,43656,72760,251400000,251400000
1,1676,251400000,251400100,43656,72760,251550000,251550000
1,1677,251550000,251550100,43656,72760,251700000,251700000
1,1678,251700000,251700100,43656,72760,251850000,251850000
1,1679,251850000,251850100,43656,72760,252000000,252000000
1,1680,252000000,252000100,43656,72760,252150000,252150000
1,1681,252150000,252150100,43656,72760,252300000,252300000
1,1682,252300000,252300100,43656,72760,252450000,252450000
1,1683,252450000,252450100,43656,72760,252600000,252600000
1,1684,252600000,252600100,43656,72760,252750000,252750000
1,1685,252750000,252750100,43656,72760,252900000,252900000
1,1686,252900000,252900100,43656,72760,253050000,253050000
1,1687,253050000,253050100,43656,72760,253200000,253200000
1,1688,253200000,253200100,43656,72760,253350000,253350000
1,1689,253350000,253350100,43656,72760,253500000,253500000
1,1690,253500000,253500100,43656,72760,253650000,253650000
1,1691,253650000,253650100,43656,72760,253800000,253800000
1,1692,253800000,253800100,43656,72760,253950000,253950000
1,1693,253950000,253950100,43656,72760,254100000,254100000
1,1694,254100000,254100100,43656,72760,254250000,254250000
1,1695,254250000,254250100,43656,72760,254400000,254400000
1,1696,254400000,254400100,43656,72760,254550000,254550000
1,1697,254550000,254550100,43656,72760,254700000,254700000
1,1698,254700000,254700100,43656,72760,254850000,254850000
1,1699,254850000,254850100,43656,72760,255000000,255000000
1,1700,255000000,255000100,43656,72760,255150000,255150000
1,1701,255150000,255150100,43656,72760,255300000,255300000
1,1702,255300000,255300100,43656,72760,255450000,255450000
1,1703,255450000,255450100,43656,72760,255600000,255600000
1,1704,255600000,255600100,43656,72760,255750000,255750000
1,1705,255750000,255750100,43656,72760,255900000,255900000
1,1706,255900000,255900100,43656,72760,256050000,256050000
1,1707,256050000,256050100,43656,72760,256200000,256200000
1,1708,256200000,256200100,43656,72760,256350000,256350000
1,1709,256350000,256350100,43656,72760,256500000,256500000
1,1710,256500000,256500100,43656,72760,256650000,256650000
1,1711,256650000,256650100,43656,72760,256800000,256800000
1,1712,256800000,256800100,43656,72760,256950000,256950000
1,1713,256950000,256950100,43656,72760,257100000,257100000
1,1714,257100000,257100100,43656,72760,257250000,257250000
1,1715,257250000,257250100,43656,72760,257400000,257400000
1,1716,257400000,257400100,43656,72760,257550000,257550000
1,1717,257550000,257550100,43656,72760,257700000,257700000
1,1718,257700000,257700100,43656,72760,257850000,257850000
1,1719,257850000,257850100,43656,72760,258000000,258000000
1,1720,258000000,258000100,43656,72760,258150000,258150000
1,1721,258150000,258150100,43656,72760,258300000,258300000
1,1722,258300000,258300100,43656,72760,258450000,258450000
1,1723,258450000,258450100,43656,72760,258600000,258600000
1,1724,258600000,258600100,43656,72760,258750000,258750000
1,1725,258750000,258750100,43656,72760,258900000,258900000
1,1726,258900000,258900100,43656,72760,259050000,259050000
1,1727,259050000,259050100,43656,72760,259200000,259200000
1,1728,259200000,259200100,43656,72760,259350000,259350000
1,1729,259350000,259350100,43656,72760,259500000,259500000
1,1730,259500000,259500100,43656,72760,259650000,259650000
1,1731,259650000,259650100,43656,72760,259800000,259800000
1,1732,259800000,259800100,43656,72760,259950000,259950000
1,1733,259950000,259950100,43656,72760,260100000,260100000
1,1734,260100000,260100100,43656,72760,260250000,260250000
1,1735,260250000,260250100,43656,72760,260400000,260400000
1,1736,260400000,260400100,43656,72760,260550000,260550000
1,1737,260550000,260550100,43656,72760,260700000,260700000
1,1738,260700000,260700100,43656,72760,260850000,260850000
1,1739,260850000,260850100,43656,72760,261000000,261000000
1,1740,261000000,261000100,43656,72760,261150000,261150000
1,1741,261150000,261150100,43656,72760,261300000,261300000
1,1742,261300000,261300100,43656,72760,261450000,261450000
1,1743,261450000,261450100,43656,72760,261600000,261600000
1,1744,261600000,261600100,43656,72760,261750000,261750000
1,1745,261750000,261750100,43656,72760,261900000,261900000
1,1746,261900000,261900100,43656,72760,262050000,262050000
1,1747,262050000,262050100,43656,72760,262200000,262200000
1,1748,262200000,262200100,43656,72760,262350000,262350000
1,1749,262350000,262350100,43656,72760,262500000,262500000
1,1750,262500000,262500100,43656,72760,262650000,262650000
1,1751,262650000,262650100,43656,72760,262800000,262800000
1,1752,262800000,262800100,43656,72760,262950000,262950000
1,1753,262950000,262950100,43656,72760,263100000,263100000
1,1754,263100000,263100100,43656,72760,263250000,263250000
1,1755,263250000,263250100,43656,72760,263400000,263400000
1,1756,263400000,263400100,43656,72760,263550000,263550000
1,1757,263550000,263550100,43656,72760,263700000,263700000
1,1758,263700000,263700100,43656,72760,263850000,263850000
1,1759,263850000,263850100,43656,72760,264000000,264000000
1,1760,264000000,264000100,43656,72760,264150000,264150000
1,1761,264150000,264150100,43656,72760,264300000,264300000
1,1762,264300000,264300100,43656,72760,264450000,264450000
1,1763,264450000,264450100,43656,72760,264600000,264600000
1,1764,264600000,264600100,43656,72760,264750000,264750000
1,1765,264750000,264750100,43656,72760,264900000,264900000
1,1766,264900000,264900100,43656,72760,265050000,265050000
1,1767,265050000,265050100,43656,72760,265200000,265200000
1,1768,265200000,265200100,43656,72760,265350000,265350000
1,1769,265350000,265350100,43656,72760,265500000,265500000
1,1770,265500000,265500100,43656,72760,265650000,265650000
1,1771,265650000,265650100,43656,72760,265800000,265800000
1,1772,265800000,265800100,43656,72760,265950000,265950000
1,1773,265950000,265950100,43656,72760,266100000,266100000
1,1774,266100000,266100100,43656,72760,266250000,266250000
1,1775,266250000,266250100,43656,72760,266400000,266400000
1,1776,266400000,266400100,43656,72760,266550000,266550000
1,1777,266550000,266550100,43656,72760,266700000,266700000
1,1778,266700000,266700100,43656,72760,266850000,266850000
1,1779,266850000,266850100,43656,72760,267000000,267000000
1,1780,267000000,267000100,43656,72760,267150000,267150000
1,1781,267150000,267150100,43656,72760,267300000,267300000
1,1782,267300000,267300100,43656,72760,267450000,267450000
1,1783,267450000,267450100,43656,72760,267600000,267600000
1,1784,267600000,267600100,43656,72760,267750000,267750000
1,1785,267750000,267750100,43656,72760,267900000,267900000
1,1786,267900000,267900100,43656,72760,268050000,268050000
1,1787,268050000,268050100,43656,72760,268200000,268200000
1,1788,268200000,268200100,43656,72760,268350000,268350000
1,1789,268350000,268350100,43656,72760,268500000,268500000
1,1790,268500000,268500100,43656,72760,268650000,268650000
1,1791,268650000,268650100,43656,72760,268800000,268800000
1,1792,268800000,268800100,43656,72760,268950000,268950000
1,1793,268950000,268950100,43656,72760,269100000,269100000
1,1794,269100000,269100100,43656,72760,269250000,269250000
1,1795,269250000,269250100,43656,72760,269400000,269400000
1,1796,269400000,269400100,43656,72760,269550000,269550000
1,1797,269550000,269550100,43656,72760,269700000,269700000
1,1798,269700000,269700100,43656,72760,269850000,269850000
1,1799,269850000,269850100,43656,72760,270000000,270000000
1,1800,270000000,270000100,43656,72760,270150000,270150000
1,1801,270150000,270150100,43656,72760,270300000,270300000
1,1802,270300000,270300100,43656,72760,270450000,270450000
1,1803,270450000,270450100,43656,72760,270600000,270600000
1,1804,270600000,270600100,43656,72760,270750000,270750000
1,1805,270750000,270750100,43656,72760,270900000,270900000
1,1806,270900000,270900100,43656,72760,271050000,271050000
1,1807,271050000,271050100,43656,72760,271200000,271200000
1,1808,271200000,271200100,43656,72760,271350000,271350000
1,1809,271350000,271350100,43656,72760,271500000,271500000
1,1810,271500000,271500100,43656,72760,271650000,271650000
1,1811,271650000,271650100,43656,72760,271800000,271800000
1,1812,271800000,271800100,43656,72760,271950000,271950000
1,1813,271950000,271950100,43656,72760,272100000,272100000
1,1814,272100000,272100100,43656,72760,272250000,272250000
1,1815,272250000,272250100,43656,72760,272400000,272400000
1,1816,272400000,272400100,43656,72760,272550000,272550000
1,1817,272550000,272550100,43656,72760,272700000,272700000
1,1818,272700000,272700100,43656,72760,272850000,272850000
1,1819,272850000,272850100,43656,72760,273000000,273000000
1,1820,273000000,273000100,43656,72760,273150000,273150000
1,1821,273150000,273150100,43656,72760,273300000,273300000
1,1822,273300000,273300100,43656,72760,273450000,273450000
1,1823,273450000,273450100,43656,72760,273600000,273600000
1,1824,273600000,273600100,43656,72760,273750000,273750000
1,1825,273750000,273750100,43656,72760,273900000,273900000
1,1826,273900000,273900100,43656,72760,274050000,274050000
1,1827,274050000,274050100,43656,72760,274200000,274200000
1,1828,274200000,274200100,43656,72760,274350000,274350000
1,1829,274350000,274350100,43656,72760,274500000,274500000
1,1830,274500000,274500100,43656,72760,274650000,274650000
1,1831,274650000,274650100,43656,72760,274800000,274800000
1,1832,274800000,274800100,43656,72760,274950000,274950000
1,1833,274950000,274950100,43656,72760,275100000,275100000
1,1834,275100000,275100100,43656,72760,275250000,275250000
1,1835,275250000,275250100,43656,72760,275400000,275400000
1,1836,275400000,275400100,43656,72760,275550000,275550000
1,1837,275550000,275550100,43656,72760,275700000,275700000
1,1838,275700000,275700100,43656,72760,275850000,275850000
1,1839,275850000,275850100,43656,72760,276000000,276000000
1,1840,276000000,276000100,43656,72760,276150000,276150000
1,1841,276150000,276150100,43656,72760,276300000,276300000
1,1842,276300000,276300100,43656,72760,276450000,276450000
1,1843,276450000,276450100,43656,72760,276600000,276600000
1,1844,276600000,276600100,43656,72760,276750000,276750000
1,1845,276750000,276750100,43656,72760,276900000,276900000
1,1846,276900000,276900100,43656,72760,277050000,277050000
1,1847,277050000,277050100,43656,72760,277200000,277200000
1,1848,277200000,277200100,43656,72760,277350000,277350000
1,1849,277350000,277350100,43656,72760,277500000,277500000
1,1850,277500000,277500100,43656,72760,277650000,277650000
1,1851,277650000,277650100,43656,72760,277800000,277800000
1,1852,277800000,277800100,43656,72760,277950000,277950000
1,1853,277950000,277950100,43656,72760,278100000,278100000
1,1854,278100000,278100100,43656,72760,278250000,278250000
1,1855,278250000,278250100,43656,72760,278400000,278400000
1,1856,278400000,278400100,43656,72760,278550000,278550000
1,1857,278550000,278550100,43656,72760,278700000,278700000
1,1858,278700000,278700100,43656,72760,278850000,278850000
1,1859,278850000,278850100,43656,72760,279000000,279000000
1,1860,279000000,279000100,43656,72760,279150000,279150000
1,1861,279150000,279150100,43656,72760,279300000,279300000
1,1862,279300000,279300100,43656,72760,279450000,279450000
1,1863,279450000,279450100,43656,72760,279600000,279600000
1,1864,279600000,279600100,43656,72760,279750000,279750000
1,1865,279750000,279750100,43656,72760,279900000,279900000
1,1866,279900000,279900100,43656,72760,280050000,280050000
1,1867,280050000,280050100,43656,72760,280200000,280200000
1,1868,280200000,280200100,43656,72760,280350000,280350000
1,1869,280350000,280350100,43656,72760,280500000,280500000
1,1870,280500000,280500100,43656,72760,280650000,280650000
1,1871,280650000,280650100,43656,72760,280800000,280800000
1,1872,280800000,280800100,43656,72760,280950000,280950000
1,1873,280950000,280950100,43656,72760,281100000,281100000
1,1874,281100000,281100100,43656,72760,281250000,281250000
1,1875,281250000,281250100,43656,72760,281400000,281400000
1,1876,281400000,281400100,43656,72760,281550000,281550000
1,1877,281550000,281550100,43656,72760,281700000,281700000
1,1878,281700000,281700100,43656,72760,281850000,281850000
1,1879,281850000,281850100,43656,72760,282000000,282000000
1,1880,282000000,282000100,43656,72760,282150000,282150000
1,1881,282150000,282150100,43656,72760,282300000,282300000
1,1882,282300000,282300100,43656,72760,282450000,282450000
1,1883,282450000,282450100,43656,72760,282600000,282600000
1,1884,282600000,282600100,43656,72760,282750000,282750000
1,1885,282750000,282750100,43656,72760,282900000,282900000
1,1886,282900000,282900100,43656,72760,283050000,283050000
1,1887,283050000,283050100,43656,72760,283200000,283200000
1,1888,283200000,283200100,43656,72760,283350000,283350000
1,1889,283350000,283350100,43656,72760,283500000,283500000
1,1890,283500000,283500100,43656,72760,283650000,283650000
1,1891,283650000,283650100,43656,72760,283800000,283800000
1,1892,283800000,283800100,43656,72760,283950000,283950000
1,1893,283950000,283950100,43656,72760,284100000,284100000
1,1894,284100000,284100100,43656,72760,284250000,284250000
1,1895,284250000,284250100,43656,72760,284400000,284400000
1,1896,284400000,284400100,43656,72760,284550000,284550000
1,1897,284550000,284550100,43656,72760,284700000,284700000
1,1898,284700000,284700100,43656,72760,284850000,284850000
1,1899,284850000,284850100,43656,72760,285000000,285000000
1,1900,285000000,285000100,43656,72760,285150000,285150000
1,1901,285150000,285150100,43656,72760,285300000,285300000
1,1902,285300000,285300100,43656,72760,285450000,285450000
1,1903,285450000,285450100,43656,72760,285600000,285600000
1,1904,285600000,285600100,43656,72760,285750000,285750000
1,1905,285750000,285750100,43656,72760,285900000,285900000
1,1906,285900000,285900100,43656,72760,286050000,286050000
1,1907,286050000,286050100,43656,72760,286200000,286200000
1,1908,286200000,286200100,43656,72760,286350000,286350000
1,1909,286350000,286350100,43656,72760,286500000,286500000
1,1910,286500000,286500100,43656,72760,286650000,286650000
1,1911,286650000,286650100,43656,72760,286800000,286800000
1,1912,286800000,286800100,43656,72760,286950000,286950000
1,1913,286950000,286950100,43656,72760,287100000,287100000
1,1914,287100000,287100100,43656,72760,287250000,287250000
1,1915,287250000,287250100,43656,72760,287400000,287400000
1,1916,287400000,287400100,43656,72760,287550000,287550000
1,1917,287550000,287550100,43656,72760,287700000,287700000
1,1918,287700000,287700100,43656,72760,287850000,287850000
1,1919,287850000,287850100,43656,72760,288000000,288000000
1,1920,288000000,288000100,43656,72760,288150000,288150000
1,1921,288150000,288150100,43656,72760,288300000,288300000
1,1922,288300000,288300100,43656,72760,288450000,288450000
1,1923,288450000,288450100,43656,72760,288600000,288600000
1,1924,288600000,288600100,43656,72760,288750000,288750000
1,1925,288750000,288750100,43656,72760,288900000,288900000
1,1926,288900000,288900100,43656,72760,289050000,289050000
1,1927,289050000,289050100,43656,72760,289200000,289200000
1,1928,289200000,289200100,43656,72760,289350000,289350000
1,1929,289350000,289350100,43656,72760,289500000,289500000
1,1930,289500000,289500100,43656,72760,289650000,289650000
1,1931,289650000,289650100,43656,72760,289800000,289800000
1,1932,289800000,289800100,43656,72760,289950000,289950000
1,1933,289950000,289950100,43656,72760,290100000,290100000
1,1934,290100000,290100100,43656,72760,290250000,290250000
1,1935,290250000,290250100,43656,72760,290400000,290400000
1,1936,290400000,290400100,43656,72760,290550000,290550000
1,1937,290550000,290550100,43656,72760,290700000,290700000
1,1938,290700000,290700100,43656,72760,290850000,290850000
1,1939,290850000,290850100,43656,72760,291000000,291000000
1,1940,291000000,291000100,43656,72760,291150000,291150000
1,1941,291150000,291150100,43656,72760,291300000,291300000
1,1942,291300000,291300100,43656,72760,291450000,291450000
1,1943,291450000,291450100,43656,72760,291600000,291600000
1,1944,291600000,291600100,43656,72760,291750000,291750000
1,1945,291750000,291750100,43656,72760,291900000,291900000
1,1946,291900000,291900100,43656,72760,292050000,292050000
1,1947,292050000,292050100,43656,72760,292200000,292200000
1,1948,292200000,292200100,43656,72760,292350000,292350000
1,1949,292350000,292350100,43656,72760,292500000,292500000
1,1950,292500000,292500100,43656,72760,292650000,292650000
1,1951,292650000,292650100,43656,72760,292800000,292800000
1,1952,292800000,292800100,43656,72760,292950000,292950000
1,1953,292950000,292950100,43656,72760,293100000,293100000
1,1954,293100000,293100100,43656,72760,293250000,293250000
1,1955,293250000,293250100,43656,72760,293400000,293400000
1,1956,293400000,293400100,43656,72760,293550000,293550000
1,1957,293550000,293550100,43656,72760,293700000,293700000
1,1958,293700000,293700100,43656,72760,293850000,293850000
1,1959,293850000,293850100,43656,72760,294000000,294000000
1,1960,294000000,294000100,43656,72760,294150000,294150000
1,1961,294150000,294150100,43656,72760,294300000,294300000
1,1962,294300000,294300100,43656,72760,294450000,294450000
1,1963,294450000,294450100,43656,72760,294600000,294600000
1,1964,294600000,294600100,43656,72760,294750000,294750000
1,1965,294750000,294750100,43656,72760,294900000,294900000
1,1966,294900000,294900100,43656,72760,295050000,295050000
1,1967,295050000,295050100,43656,72760,295200000,295200000
1,1968,295200000,295200100,43656,72760,295350000,295350000
1,1969,295350000,295350100,43656,72760,295500000,295500000
1,1970,295500000,295500100,43656,72760,295650000,295650000
1,1971,295650000,295650100,43656,72760,295800000,295800000
1,1972,295800000,295800100,43656,72760,295950000,295950000
1,1973,295950000,295950100,43656,72760,296100000,296100000
1,1974,296100000,296100100,43656,72760,296250000,296250000
1,1975,296250000,296250100,43656,72760,296400000,296400000
1,1976,296400000,296400100,43656,72760,296550000,296550000
1,1977,296550000,296550100,43656,72760,296700000,296700000
1,1978,296700000,296700100,43656,72760,296850000,296850000
1,1979,296850000,296850100,43656,72760,297000000,297000000
1,1980,297000000,297000100,43656,72760,297150000,297150000
1,1981,297150000,297150100,43656,72760,297300000,297300000
1,1982,297300000,297300100,43656,72760,297450000,297450000
1,1983,297450000,297450100,43656,72760,297600000,297600000
1,1984,297600000,297600100,43656,72760,297750000,297750000
1,1985,297750000,297750100,43656,72760,297900000,297900000
1,1986,297900000,297900100,43656,72760,298050000,298050000
1,1987,298050000,298050100,43656,72760,298200000,298200000
1,1988,298200000,298200100,43656,72760,298350000,298350000
1,1989,298350000,298350100,43656,72760,298500000,298500000
1,1990,298500000,298500100,43656,72760,298650000,298650000
1,1991,298650000,298650100,43656,72760,298800000,298800000
1,1992,298800000,298800100,43656,72760,298950000,298950000
1,1993,298950000,298950100,43656,72760,299100000,299100000
1,1994,299100000,299100100,43656,72760,299250000,299250000
1,1995,299250000,299250100,43656,72760,299400000,299400000
1,1996,299400000,299400100,43656,72760,299550000,299550000
1,1997,299550000,299550100,43656,72760,299700000,299700000
1,1998,299700000,299700100,43656,72760,299850000,299850000
1,1999,299850000,299850100,43656,72760,300000000,300000000
1,2000,300000000,300000100,43656,72760,300150000,300150000
1,2001,300150000,300150100,43656,72760,300300000,300300000
1,2002,300300000,300300100,43656,72760,300450000,300450000
1,2003,300450000,300450100,43656,72760,300600000,300600000
1,2004,300600000,300600100,43656,72760,300750000,300750000
1,2005,300750000,300750100,43656,72760,300900000,300900000
1,2006,300900000,300900100,43656,72760,301050000,301050000
1,2007,301050000,301050100,43656,72760,301200000,301200000
1,2008,301200000,301200100,43656,72760,301350000,301350000
1,2009,301350000,301350100,43656,72760,301500000,301500000
1,2010,301500000,301500100,43656,72760,301650000,301650000
1,2011,301650000,301650100,43656,72760,301800000,301800000
1,2012,301800000,301800100,43656,72760,301950000,301950000
1,2013,301950000,301950100,43656,72760,302100000,302100000
1,2014,302100000,302100100,43656,72760,302250000,302250000
1,2015,302250000,302250100,43656,72760,302400000,302400000
1,2016,302400000,302400100,43656,72760,302550000,302550000
1,2017,302550000,302550100,43656,72760,302700000,302700000
1,2018,302700000,302700100,43656,72760,302850000,302850000
1,2019,302850000,302850100,43656,72760,303000000,303000000
1,2020,303000000,303000100,43656,72760,303150000,303150000
1,2021,303150000,303150100,43656,72760,303300000,303300000
1,2022,303300000,303300100,43656,72760,303450000,303450000
1,2023,303450000,303450100,43656,72760,303600000,303600000
1,2024,303600000,303600100,43656,72760,303750000,303750000
1,2025,303750000,303750100,43656,72760,303900000,303900000
1,2026,303900000,303900100,43656,72760,304050000,304050000
1,2027,304050000,304050100,43656,72760,304200000,304200000
1,2028,304200000,304200100,43656,72760,304350000,304350000
1,2029,304350000,304350100,43656,72760,304500000,304500000
1,2030,304500000,304500100,43656,72760,304650000,304650000
1,2031,304650000,304650100,43656,72760,304800000,304800000
1,2032,304800000,304800100,43656,72760,304950000,304950000
1,2033,304950000,304950100,43656,72760,305100000,305100000
1,2034,305100000,305100100,43656,72760,305250000,305250000
1,2035,305250000,305250100,43656,72760,305400000,305400000
1,2036,305400000,305400100,43656,72760,305550000,305550000
1,2037,305550000,305550100,43656,72760,305700000,305700000
1,2038,305700000,305700100,43656,72760,305850000,305850000
1,2039,305850000,305850100,43656,72760,306000000,306000000
1,2040,306000000,306000100,43656,72760,306150000,306150000
1,2041,306150000,306150100,43656,72760,306300000,306300000
1,2042,306300000,306300100,43656,72760,306450000,306450000
1,2043,306450000,306450100,43656,72760,306600000,306600000
1,2044,306600000,306600100,43656,72760,306750000,306750000
1,2045,306750000,306750100,43656,72760,306900000,306900000
1,2046,306900000,306900100,43656,72760,307050000,307050000
1,2047,307050000,307050100,43656,72760,307200000,307200000
1,2048,307200000,307200100,43656,72760,307350000,307350000
1,2049,307350000,307350100,43656,72760,307500000,307500000
1,2050,307500000,307500100,43656,72760,307650000,307650000
1,2051,307650000,307650100,43656,72760,307800000,307800000
1,2052,307800000,307800100,43656,72760,307950000,307950000
1,2053,307950000,307950100,43656,72760,308100000,308100000
1,2054,308100000,308100100,43656,72760,308250000,308250000
1,2055,308250000,308250100,43656,72760,308400000,308400000
1,2056,308400000,308400100,43656,72760,308550000,308550000
1,2057,308550000,308550100,43656,72760,308700000,308700000
1,2058,308700000,308700100,43656,72760,308850000,308850000
1,2059,308850000,308850100,43656,72760,309000000,309000000
1,2060,309000000,309000100,43656,72760,309150000,309150000
1,2061,309150000,309150100,43656,72760,309300000,309300000
1,2062,309300000,309300100,43656,72760,309450000,309450000
1,2063,309450000,309450100,43656,72760,309600000,309600000
1,2064,309600000,309600100,43656,72760,309750000,309750000
1,2065,309750000,309750100,43656,72760,309900000,309900000
1,2066,309900000,309900100,43656,72760,310050000,310050000
1,2067,310050000,310050100,43656,72760,310200000,310200000
1,2068,310200000,310200100,43656,72760,310350000,310350000
1,2069,310350000,310350100,43656,72760,310500000,310500000
1,2070,310500000,310500100,43656,72760,310650000,310650000
1,2071,310650000,310650100,43656,72760,310800000,310800000
1,2072,310800000,310800100,43656,72760,310950000,310950000
1,2073,310950000,310950100,43656,72760,311100000,311100000
1,2074,311100000,311100100,43656,72760,311250000,311250000
1,2075,311250000,311250100,43656,72760,311400000,311400000
1,2076,311400000,311400100,43656,72760,311550000,311550000
1,2077,311550000,311550100,43656,72760,311700000,311700000
1,2078,311700000,311700100,43656,72760,311850000,311850000
1,2079,311850000,311850100,43656,72760,312000000,312000000
1,2080,312000000,312000100,43656,72760,312150000,312150000
1,2081,312150000,312150100,43656,72760,312300000,312300000
1,2082,312300000,312300100,43656,72760,312450000,312450000
1,2083,312450000,312450100,43656,72760,312600000,312600000
1,2084,312600000,312600100,43656,72760,312750000,312750000
1,2085,312750000,312750100,43656,72760,312900000,312900000
1,2086,312900000,312900100,43656,72760,313050000,313050000
1,2087,313050000,313050100,43656,72760,313200000,313200000
1,2088,313200000,313200100,43656,72760,313350000,313350000
1,2089,313350000,313350100,43656,72760,313500000,313500000
1,2090,313500000,313500100,43656,72760,313650000,313650000
1,2091,313650000,313650100,43656,72760,313800000,313800000
1,2092,313800000,313800100,43656,72760,313950000,313950000
1,2093,313950000,313950100,43656,72760,314100000,314100000
1,2094,314100000,314100100,43656,72760,314250000,314250000
1,2095,314250000,314250100,43656,72760,314400000,314400000
1,2096,314400000,314400100,43656,72760,314550000,314550000
1,2097,314550000,314550100,43656,72760,314700000,314700000
1,2098,314700000,314700100,43656,72760,314850000,314850000
1,2099,314850000,314850100,43656,72760,315000000,315000000
1,2100,315000000,315000100,43656,72760,315150000,315150000
1,2101,315150000,315150100,43656,72760,315300000,315300000
1,2102,315300000,315300100,43656,72760,315450000,315450000
1,2103,315450000,315450100,43656,72760,315600000,315600000
1,2104,315600000,315600100,43656,72760,315750000,315750000
1,2105,315750000,315750100,43656,72760,315900000,315900000
1,2106,315900000,315900100,43656,72760,316050000,316050000
1,2107,316050000,316050100,43656,72760,316200000,316200000
1,2108,316200000,316200100,43656,72760,316350000,316350000
1,2109,316350000,316350100,43656,72760,316500000,316500000
1,2110,316500000,316500100,43656,72760,316650000,316650000
1,2111,316650000,316650100,43656,72760,316800000,316800000
1,2112,316800000,316800100,43656,72760,316950000,316950000
1,2113,316950000,316950100,43656,72760,317100000,317100000
1,2114,317100000,317100100,43656,72760,317250000,317250000
1,2115,317250000,317250100,43656,72760,317400000,317400000
1,2116,317400000,317400100,43656,72760,317550000,317550000
1,2117,317550000,317550100,43656,72760,317700000,317700000
1,2118,317700000,317700100,43656,72760,317850000,317850000
1,2119,317850000,317850100,43656,72760,318000000,318000000
1,2120,318000000,318000100,43656,72760,318150000,318150000
1,2121,318150000,318150100,43656,72760,318300000,318300000
1,2122,318300000,318300100,43656,72760,318450000,318450000
1,2123,318450000,318450100,43656,72760,318600000,318600000
1,2124,318600000,318600100,43656,72760,318750000,318750000
1,2125,318750000,318750100,43656,72760,318900000,318900000
1,2126,318900000,318900100,43656,72760,319050000,319050000
1,2127,319050000,319050100,43656,72760,319200000,319200000
1,2128,319200000,319200100,43656,72760,319350000,319350000
1,2129,319350000,319350100,43656,72760,319500000,319500000
1,2130,319500000,319500100,43656,72760,319650000,319650000
1,2131,319650000,319650100,43656,72760,319800000,319800000
1,2132,319800000,319800100,43656,72760,319950000,319950000
1,2133,319950000,319950100,43656,72760,320100000,320100000
1,2134,320100000,320100100,43656,72760,320250000,320250000
1,2135,320250000,320250100,43656,72760,320400000,320400000
1,2136,320400000,320400100,43656,72760,320550000,320550000
1,2137,320550000,320550100,43656,72760,320700000,320700000
1,2138,320700000,320700100,43656,72760,320850000,320850000
1,2139,320850000,320850100,43656,72760,321000000,321000000
1,2140,321000000,321000100,43656,72760,321150000,321150000
1,2141,321150000,321150100,43656,72760,321300000,321300000
1,2142,321300000,321300100,43656,72760,321450000,321450000
1,2143,321450000,321450100,43656,72760,321600000,321600000
1,2144,321600000,321600100,43656,72760,321750000,321750000
1,2145,321750000,321750100,43656,72760,321900000,321900000
1,2146,321900000,321900100,43656,72760,322050000,322050000
1,2147,322050000,322050100,43656,72760,322200000,322200000
1,2148,322200000,322200100,43656,72760,322350000,322350000
1,2149,322350000,322350100,43656,72760,322500000,322500000
1,2150,322500000,322500100,43656,72760,322650000,322650000
1,2151,322650000,322650100,43656,72760,322800000,322800000
1,2152,322800000,322800100,43656,72760,322950000,322950000
1,2153,322950000,322950100,43656,72760,323100000,323100000
1,2154,323100000,323100100,43656,72760,323250000,323250000
1,2155,323250000,323250100,43656,72760,323400000,323400000
1,2156,323400000,323400100,43656,72760,323550000,323550000
1,2157,323550000,323550100,43656,72760,323700000,323700000
1,2158,323700000,323700100,43656,72760,323850000,323850000
1,2159,323850000,323850100,43656,72760,324000000,324000000
1,2160,324000000,324000100,43656,72760,324150000,324150000
1,2161,324150000,324150100,43656,72760,324300000,324300000
1,2162,324300000,324300100,43656,72760,324450000,324450000
1,2163,324450000,324450100,43656,72760,324600000,324600000
1,2164,324600000,324600100,43656,72760,324750000,324750000
1,2165,324750000,324750100,43656,72760,324900000,324900000
1,2166,324900000,324900100,43656,72760,325050000,325050000
1,2167,325050000,325050100,43656,72760,325200000,325200000
1,2168,325200000,325200100,43656,72760,325350000,325350000
1,2169,325350000,325350100,43656,72760,325500000,325500000
1,2170,325500000,325500100,43656,72760,325650000,325650000
1,2171,325650000,325650100,43656,72760,325800000,325800000
1,2172,325800000,325800100,43656,72760,325950000,325950000
1,2173,325950000,325950100,43656,72760,326100000,326100000
1,2174,326100000,326100100,43656,72760,326250000,326250000
1,2175,326250000,326250100,43656,72760,326400000,326400000
1,2176,326400000,326400100,43656,72760,326550000,326550000
1,2177,326550000,326550100,43656,72760,326700000,326700000
1,2178,326700000,326700100,43656,72760,326850000,326850000
1,2179,326850000,326850100,43656,72760,327000000,327000000
1,2180,327000000,327000100,43656,72760,327150000,327150000
1,2181,327150000,327150100,43656,72760,327300000,327300000
1,2182,327300000,327300100,43656,72760,327450000,327450000
1,2183,327450000,327450100,43656,72760,327600000,327600000
1,2184,327600000,327600100,43656,72760,327750000,327750000
1,2185,327750000,327750100,43656,72760,327900000,327900000
1,2186,327900000,327900100,43656,72760,328050000,328050000
1,2187,328050000,328050100,43656,72760,328200000,328200000
1,2188,328200000,328200100,43656,72760,328350000,328350000
1,2189,328350000,328350100,43656,72760,328500000,328500000
1,2190,328500000,328500100,43656,72760,328650000,328650000
1,2191,328650000,328650100,43656,72760,328800000,328800000
1,2192,328800000,328800100,43656,72760,328950000,328950000
1,2193,328950000,328950100,43656,72760,329100000,329100000
1,2194,329100000,329100100,43656,72760,329250000,329250000
1,2195,329250000,329250100,43656,72760,329400000,329400000
1,2196,329400000,329400100,43656,72760,329550000,329550000
1,2197,329550000,329550100,43656,72760,329700000,329700000
1,2198,329700000,329700100,43656,72760,329850000,329850000
1,2199,329850000,329850100,43656,72760,330000000,330000000
1,2200,330000000,330000100,43656,72760,330150000,330150000
1,2201,330150000,330150100,43656,72760,330300000,330300000
1,2202,330300000,330300100,43656,72760,330450000,330450000
1,2203,330450000,330450100,43656,72760,330600000,330600000
1,2204,330600000,330600100,43656,72760,330750000,330750000
1,2205,330750000,330750100,43656,72760,330900000,330900000
1,2206,330900000,330900100,43656,72760,331050000,331050000
1,2207,331050000,331050100,43656,72760,331200000,331200000
1,2208,331200000,331200100,43656,72760,331350000,331350000
1,2209,331350000,331350100,43656,72760,331500000,331500000
1,2210,331500000,331500100,43656,72760,331650000,331650000
1,2211,331650000,331650100,43656,72760,331800000,331800000
1,2212,331800000,331800100,43656,72760,331950000,331950000
1,2213,331950000,331950100,43656,72760,332100000,332100000
1,2214,332100000,332100100,43656,72760,332250000,332250000
1,2215,332250000,332250100,43656,72760,332400000,332400000
1,2216,332400000,332400100,43656,72760,332550000,332550000
1,2217,332550000,332550100,43656,72760,332700000,332700000
1,2218,332700000,332700100,43656,72760,332850000,332850000
1,2219,332850000,332850100,43656,72760,333000000,333000000
1,2220,333000000,333000100,43656,72760,333150000,333150000
1,2221,333150000,333150100,43656,72760,333300000,333300000
1,2222,333300000,333300100,43656,72760,333450000,333450000
1,2223,333450000,333450100,43656,72760,333600000,333600000
1,2224,333600000,333600100,43656,72760,333750000,333750000
1,2225,333750000,333750100,43656,72760,333900000,333900000
1,2226,333900000,333900100,43656,72760,334050000,334050000
1,2227,334050000,334050100,43656,72760,334200000,334200000
1,2228,334200000,334200100,43656,72760,334350000,334350000
1,2229,334350000,334350100,43656,72760,334500000,334500000
1,2230,334500000,334500100,43656,72760,334650000,334650000
1,2231,334650000,334650100,43656,72760,334800000,334800000
1,2232,334800000,334800100,43656,72760,334950000,334950000
1,2233,334950000,334950100,43656,72760,335100000,335100000
1,2234,335100000,335100100,43656,72760,335250000,335250000
1,2235,335250000,335250100,43656,72760,335400000,335400000
1,2236,335400000,335400100,43656,72760,335550000,335550000
1,2237,335550000,335550100,43656,72760,335700000,335700000
1,2238,335700000,335700100,43656,72760,335850000,335850000
1,2239,335850000,335850100,43656,72760,336000000,336000000
1,2240,336000000,336000100,43656,72760,336150000,336150000
1,2241,336150000,336150100,43656,72760,336300000,336300000
1,2242,336300000,336300100,43656,72760,336450000,336450000
1,2243,336450000,336450100,43656,72760,336600000,336600000
1,2244,336600000,336600100,43656,72760,336750000,336750000
1,2245,336750000,336750100,43656,72760,336900000,336900000
1,2246,336900000,336900100,43656,72760,337050000,337050000
1,2247,337050000,337050100,43656,72760,337200000,337200000
1,2248,337200000,337200100,43656,72760,337350000,337350000
1,2249,337350000,337350100,43656,72760,337500000,337500000
1,2250,337500000,337500100,43656,72760,337650000,337650000
1,2251,337650000,337650100,43656,72760,337800000,337800000
1,2252,337800000,337800100,43656,72760,337950000,337950000
1,2253,337950000,337950100,43656,72760,338100000,338100000
1,2254,338100000,338100100,43656,72760,338250000,338250000
1,2255,338250000,338250100,43656,72760,338400000,338400000
1,2256,338400000,338400100,43656,72760,338550000,338550000
1,2257,338550000,338550100,43656,72760,338700000,338700000
1,2258,338700000,338700100,43656,72760,338850000,338850000
1,2259,338850000,338850100,43656,72760,339000000,339000000
1,2260,339000000,339000100,43656,72760,339150000,339150000
1,2261,339150000,339150100,43656,72760,339300000,339300000
1,2262,339300000,339300100,43656,72760,339450000,339450000
1,2263,339450000,339450100,43656,72760,339600000,339600000
1,2264,339600000,339600100,43656,72760,339750000,339750000
1,2265,339750000,339750100,43656,72760,339900000,339900000
1,2266,339900000,339900100,43656,72760,340050000,340050000
1,2267,340050000,340050100,43656,72760,340200000,340200000
1,2268,340200000,340200100,43656,72760,340350000,340350000
1,2269,340350000,340350100,43656,72760,340500000,340500000
1,2270,340500000,340500100,43656,72760,340650000,340650000
1,2271,340650000,340650100,43656,72760,340800000,340800000
1,2272,340800000,340800100,43656,72760,340950000,340950000
1,2273,340950000,340950100,43656,72760,341100000,341100000
1,2274,341100000,341100100,43656,72760,341250000,341250000
1,2275,341250000,341250100,43656,72760,341400000,341400000
1,2276,341400000,341400100,43656,72760,341550000,341550000
1,2277,341550000,341550100,43656,72760,341700000,341700000
1,2278,341700000,341700100,43656,72760,341850000,341850000
1,2279,341850000,341850100,43656,72760,342000000,342000000
1,2280,342000000,342000100,43656,72760,342150000,342150000
1,2281,342150000,342150100,43656,72760,342300000,342300000
1,2282,342300000,342300100,43656,72760,342450000,342450000
1,2283,342450000,342450100,43656,72760,342600000,342600000
1,2284,342600000,342600100,43656,72760,342750000,342750000
1,2285,342750000,342750100,43656,72760,342900000,342900000
1,2286,342900000,342900100,43656,72760,343050000,343050000
1,2287,343050000,343050100,43656,72760,343200000,343200000
1,2288,343200000,343200100,43656,72760,343350000,343350000
1,2289,343350000,343350100,43656,72760,343500000,343500000
1,2290,343500000,343500100,43656,72760,343650000,343650000
1,2291,343650000,343650100,43656,72760,343800000,343800000
1,2292,343800000,343800100,43656,72760,343950000,343950000
1,2293,343950000,343950100,43656,72760,344100000,344100000
1,2294,344100000,344100100,43656,72760,344250000,344250000
1,2295,344250000,344250100,43656,72760,344400000,344400000
1,2296,344400000,344400100,43656,72760,344550000,344550000
1,2297,344550000,344550100,43656,72760,344700000,344700000
1,2298,344700000,344700100,43656,72760,344850000,344850000
1,2299,344850000,344850100,43656,72760,345000000,345000000
1,2300,345000000,345000100,43656,72760,345150000,345150000
1,2301,345150000,345150100,43656,72760,345300000,345300000
1,2302,345300000,345300100,43656,72760,345450000,345450000
1,2303,345450000,345450100,43656,72760,345600000,345600000
1,2304,345600000,345600100,43656,72760,345750000,345750000
1,2305,345750000,345750100,43656,72760,345900000,345900000
1,2306,345900000,345900100,43656,72760,346050000,346050000
1,2307,346050000,346050100,43656,72760,346200000,346200000
1,2308,346200000,346200100,43656,72760,346350000,346350000
1,2309,346350000,346350100,43656,72760,346500000,346500000
1,2310,346500000,346500100,43656,72760,346650000,346650000
1,2311,346650000,346650100,43656,72760,346800000,346800000
1,2312,346800000,346800100,43656,72760,346950000,346950000
1,2313,346950000,346950100,43656,72760,347100000,347100000
1,2314,347100000,347100100,43656,72760,347250000,347250000
1,2315,347250000,347250100,43656,72760,347400000,347400000
1,2316,347400000,347400100,43656,72760,347550000,347550000
1,2317,347550000,347550100,43656,72760,347700000,347700000
1,2318,347700000,347700100,43656,72760,347850000,347850000
1,2319,347850000,347850100,43656,72760,348000000,348000000
1,2320,348000000,348000100,43656,72760,348150000,348150000
1,2321,348150000,348150100,43656,72760,348300000,348300000
1,2322,348300000,348300100,43656,72760,348450000,348450000
1,2323,348450000,348450100,43656,72760,348600000,348600000
1,2324,348600000,348600100,43656,72760,348750000,348750000
1,2325,348750000,348750100,43656,72760,348900000,348900000
1,2326,348900000,348900100,43656,72760,349050000,349050000
1,2327,349050000,349050100,43656,72760,349200000,349200000
1,2328,349200000,349200100,43656,72760,349350000,349350000
1,2329,349350000,349350100,43656,72760,349500000,349500000
1,2330,349500000,349500100,43656,72760,349650000,349650000
1,2331,349650000,349650100,43656,72760,349800000,349800000
1,2332,349800000,349800100,43656,72760,349950000,349950000
1,2333,349950000,349950100,43656,72760,350100000,350100000
1,2334,350100000,350100100,43656,72760,350250000,350250000
1,2335,350250000,350250100,43656,72760,350400000,350400000
1,2336,350400000,350400100,43656,72760,350550000,350550000
1,2337,350550000,350550100,43656,72760,350700000,350700000
1,2338,350700000,350700100,43656,72760,350850000,350850000
1,2339,350850000,350850100,43656,72760,351000000,351000000
1,2340,351000000,351000100,43656,72760,351150000,351150000
1,2341,351150000,351150100,43656,72760,351300000,351300000
1,2342,351300000,351300100,43656,72760,351450000,351450000
1,2343,351450000,351450100,43656,72760,351600000,351600000
1,2344,351600000,351600100,43656,72760,351750000,351750000
1,2345,351750000,351750100,43656,72760,351900000,351900000
1,2346,351900000,351900100,43656,72760,352050000,352050000
1,2347,352050000,352050100,43656,72760,352200000,352200000
1,2348,352200000,352200100,43656,72760,352350000,352350000
1,2349,352350000,352350100,43656,72760,352500000,352500000
1,2350,352500000,352500100,43656,72760,352650000,352650000
1,2351,352650000,352650100,43656,72760,352800000,352800000
1,2352,352800000,352800100,43656,72760,352950000,352950000
1,2353,352950000,352950100,43656,72760,353100000,353100000
1,2354,353100000,353100100,43656,72760,353250000,353250000
1,2355,353250000,353250100,43656,72760,353400000,353400000
1,2356,353400000,353400100,43656,72760,353550000,353550000
1,2357,353550000,353550100,43656,72760,353700000,353700000
1,2358,353700000,353700100,43656,72760,353850000,353850000
1,2359,353850000,353850100,43656,72760,354000000,354000000
1,2360,354000000,354000100,43656,72760,354150000,354150000
1,2361,354150000,354150100,43656,72760,354300000,354300000
1,2362,354300000,354300100,43656,72760,354450000,354450000
1,2363,354450000,354450100,43656,72760,354600000,354600000
1,2364,354600000,354600100,43656,72760,354750000,354750000
1,2365,354750000,354750100,43656,72760,354900000,354900000
1,2366,354900000,354900100,43656,72760,355050000,355050000
1,2367,355050000,355050100,43656,72760,355200000,355200000
1,2368,355200000,355200100,43656,72760,355350000,355350000
1,2369,355350000,355350100,43656,72760,355500000,355500000
1,2370,355500000,355500100,43656,72760,355650000,355650000
1,2371,355650000,355650100,43656,72760,355800000,355800000
1,2372,355800000,355800100,43656,72760,355950000,355950000
1,2373,355950000,355950100,43656,72760,356100000,356100000
1,2374,356100000,356100100,43656,72760,356250000,356250000
1,2375,356250000,356250100,43656,72760,356400000,356400000
1,2376,356400000,356400100,43656,72760,356550000,356550000
1,2377,356550000,356550100,43656,72760,356700000,356700000
1,2378,356700000,356700100,43656,72760,356850000,356850000
1,2379,356850000,356850100,43656,72760,357000000,357000000
2,0,0,100,1203,2006,200000,200000
2,1,200000,200100,1203,2006,400000,400000
2,2,400000,400100,1203,2006,600000,600000
2,3,600000,600100,1203,2006,800000,800000
2,4,800000,800100,1203,2006,1000000,1000000
2,5,1000000,1000100,1203,2006,1200000,1200000
2,6,1200000,1200100,1203,2006,1400000,1400000
2,7,1400000,1400100,1203,2006,1600000,1600000
2,8,1600000,1600100,1203,2006,1800000,1800000
2,9,1800000,1800100,1203,2006,2000000,2000000
2,10,2000000,2000100,1203,2006,2200000,2200000
2,11,2200000,2200100,1203,2006,2400000,2400000
2,12,2400000,2400100,1203,2006,2600000,2600000
2,13,2600000,2600100,1203,2006,2800000,2800000
2,14,2800000,2800100,1203,2006,3000000,3000000
2,15,3000000,3000100,1203,2006,3200000,3200000
2,16,3200000,3200100,1203,2006,3400000,3400000
2,17,3400000,3400100,1203,2006,3600000,3600000
2,18,3600000,3600100,1203,2006,3800000,3800000
2,19,3800000,3800100,1203,2006,4000000,4000000
2,20,4000000,4000100,1203,2006,4200000,4200000
2,21,4200000,4200100,1203,2006,4400000,4400000
2,22,4400000,4400100,1203,2006,4600000,4600000
2,23,4600000,4600100,1203,2006,4800000,4800000
2,24,4800000,4800100,1203,2006,5000000,5000000
2,25,5000000,5000100,1203,2006,5200000,5200000
2,26,5200000,5200100,1203,2006,5400000,5400000
2,27,5400000,5400100,1203,2006,5600000,5600000
2,28,5600000,5600100,1203,2006,5800000,5800000
2,29,5800000,5800100,1203,2006,6000000,6000000
2,30,6000000,6000100,1203,2006,6200000,6200000
2,31,6200000,6200100,1203,2006,6400000,6400000
2,32,6400000,6400100,1203,2006,6600000,6600000
2,33,6600000,6600100,1203,2006,6800000,6800000
2,34,6800000,6800100,1203,2006,7000000,7000000
2,35,7000000,7000100,1203,2006,7200000,7200000
2,36,7200000,7200100,1203,2006,7400000,7400000
2,37,7400000,7400100,1203,2006,7600000,7600000
2,38,7600000,7600100,1203,2006,7800000,7800000
2,39,7800000,7800100,1203,2006,8000000,8000000
2,40,8000000,8000100,1203,2006,8200000,8200000
2,41,8200000,8200100,1203,2006,8400000,8400000
2,42,8400000,8400100,1203,2006,8600000,8600000
2,43,8600000,8600100,1203,2006,8800000,8800000
2,44,8800000,8800100,1203,2006,9000000,9000000
2,45,9000000,9000100,1203,2006,9200000,9200000
2,46,9200000,9200100,1203,2006,9400000,9400000
2,47,9400000,9400100,1203,2006,9600000,9600000
2,48,9600000,9600100,1203,2006,9800000,9800000
2,49,9800000,9800100,1203,2006,10000000,10000000
2,50,10000000,10000100,1203,2006,10200000,10200000
2,51,10200000,10200100,1203,2006,10400000,10400000
2,52,10400000,10400100,1203,2006,10600000,10600000
2,53,10600000,10600100,1203,2006,10800000,10800000
2,54,10800000,10800100,1203,2006,11000000,11000000
2,55,11000000,11000100,1203,2006,11200000,11200000
2,56,11200000,11200100,1203,2006,11400000,11400000
2,57,11400000,11400100,1203,2006,11600000,11600000
2,58,11600000,11600100,1203,2006,11800000,11800000
2,59,11800000,11800100,1203,2006,12000000,12000000
2,60,12000000,12000100,1203,2006,12200000,12200000
2,61,12200000,12200100,1203,2006,12400000,12400000
2,62,12400000,12400100,1203,2006,12600000,12600000
2,63,12600000,12600100,1203,2006,12800000,12800000
2,64,12800000,12800100,1203,2006,13000000,13000000
2,65,13000000,13000100,1203,2006,13200000,13200000
2,66,13200000,13200100,1203,2006,13400000,13400000
2,67,13400000,13400100,1203,2006,13600000,13600000
2,68,13600000,13600100,1203,2006,13800000,13800000
2,69,13800000,13800100,1203,2006,14000000,14000000
2,70,14000000,14000100,1203,2006,14200000,14200000
2,71,14200000,14200100,1203,2006,14400000,14400000
2,72,14400000,14400100,1203,2006,14600000,14600000
2,73,14600000,14600100,1203,2006,14800000,14800000
2,74,14800000,14800100,1203,2006,15000000,15000000
2,75,15000000,15000100,1203,2006,15200000,15200000
2,76,15200000,15200100,1203,2006,15400000,15400000
2,77,15400000,15400100,1203,2006,15600000,15600000
2,78,15600000,15600100,1203,2006,15800000,15800000
2,79,15800000,15800100,1203,2006,16000000,16000000
2,80,16000000,16000100,1203,2006,16200000,16200000
2,81,16200000,16200100,1203,2006,16400000,16400000
2,82,16400000,16400100,1203,2006,16600000,16600000
2,83,16600000,16600100,1203,2006,16800000,16800000
2,84,16800000,16800100,1203,2006,17000000,17000000
2,85,17000000,17000100,1203,2006,17200000,17200000
2,86,17200000,17200100,1203,2006,17400000,17400000
2,87,17400000,17400100,1203,2006,17600000,17600000
2,88,17600000,17600100,1203,2006,17800000,17800000
2,89,17800000,17800100,1203,2006,18000000,18000000
2,90,18000000,18000100,1203,2006,18200000,18200000
2,91,18200000,18200100,1203,2006,18400000,18400000
2,92,18400000,18400100,1203,2006,18600000,18600000
2,93,18600000,18600100,1203,2006,18800000,18800000
2,94,18800000,18800100,1203,2006,19000000,19000000
2,95,19000000,19000100,1203,2006,19200000,19200000
2,96,19200000,19200100,1203,2006,19400000,19400000
2,97,19400000,19400100,1203,2006,19600000,19600000
2,98,19600000,19600100,1203,2006,19800000,19800000
2,99,19800000,19800100,1203,2006,20000000,20000000
2,100,20000000,20000100,1203,2006,20200000,20200000
2,101,20200000,20200100,1203,2006,20400000,20400000
2,102,20400000,20400100,1203,2006,20600000,20600000
2,103,20600000,20600100,1203,2006,20800000,20800000
2,104,20800000,20800100,1203,2006,21000000,21000000
2,105,21000000,21000100,1203,2006,21200000,21200000
2,106,21200000,21200100,1203,2006,21400000,21400000
2,107,21400000,21400100,1203,2006,21600000,21600000
2,108,21600000,21600100,1203,2006,21800000,21800000
2,109,21800000,21800100,1203,2006,22000000,22000000
2,110,22000000,22000100,1203,2006,22200000,22200000
2,111,22200000,22200100,1203,2006,22400000,22400000
2,112,22400000,22400100,1203,2006,22600000,22600000
2,113,22600000,22600100,1203,2006,22800000,22800000
2,114,22800000,22800100,1203,2006,23000000,23000000
2,115,23000000,23000100,1203,2006,23200000,23200000
2,116,23200000,23200100,1203,2006,23400000,23400000
2,117,23400000,23400100,1203,2006,23600000,23600000
2,118,23600000,23600100,1203,2006,23800000,23800000
2,119,23800000,23800100,1203,2006,24000000,24000000
2,120,24000000,24000100,1203,2006,24200000,24200000
2,121,24200000,24200100,1203,2006,24400000,24400000
2,122,24400000,24400100,1203,2006,24600000,24600000
2,123,24600000,24600100,1203,2006,24800000,24800000
2,124,24800000,24800100,1203,2006,25000000,25000000
2,125,25000000,25000100,1203,2006,25200000,25200000
2,126,25200000,25200100,1203,2006,25400000,25400000
2,127,25400000,25400100,1203,2006,25600000,25600000
2,128,25600000,25600100,1203,2006,25800000,25800000
2,129,25800000,25800100,1203,2006,26000000,26000000
2,130,26000000,26000100,1203,2006,26200000,26200000
2,131,26200000,26200100,1203,2006,26400000,26400000
2,132,26400000,26400100,1203,2006,26600000,26600000
2,133,26600000,26600100,1203,2006,26800000,26800000
2,134,26800000,26800100,1203,2006,27000000,27000000
2,135,27000000,27000100,1203,2006,27200000,27200000
2,136,27200000,27200100,1203,2006,27400000,27400000
2,137,27400000,27400100,1203,2006,27600000,27600000
2,138,27600000,27600100,1203,2006,27800000,27800000
2,139,27800000,27800100,1203,2006,28000000,28000000
2,140,28000000,28000100,1203,2006,28200000,28200000
2,141,28200000,28200100,1203,2006,28400000,28400000
2,142,28400000,28400100,1203,2006,28600000,28600000
2,143,28600000,28600100,1203,2006,28800000,28800000
2,144,28800000,28800100,1203,2006,29000000,29000000
2,145,29000000,29000100,1203,2006,29200000,29200000
2,146,29200000,29200100,1203,2006,29400000,29400000
2,147,29400000,29400100,1203,2006,29600000,29600000
2,148,29600000,29600100,1203,2006,29800000,29800000
2,149,29800000,29800100,1203,2006,30000000,30000000
2,150,30000000,30000100,1203,2006,30200000,30200000
2,151,30200000,30200100,1203,2006,30400000,30400000
2,152,30400000,30400100,1203,2006,30600000,30600000
2,153,30600000,30600100,1203,2006,30800000,30800000
2,154,30800000,30800100,1203,2006,31000000,31000000
2,155,31000000,31000100,1203,2006,31200000,31200000
2,156,31200000,31200100,1203,2006,31400000,31400000
2,157,31400000,31400100,1203,2006,31600000,31600000
2,158,31600000,31600100,1203,2006,31800000,31800000
2,159,31800000,31800100,1203,2006,32000000,32000000
2,160,32000000,32000100,1203,2006,32200000,32200000
2,161,32200000,32200100,1203,2006,32400000,32400000
2,162,32400000,32400100,1203,2006,32600000,32600000
2,163,32600000,32600100,1203,2006,32800000,32800000
2,164,32800000,32800100,1203,2006,33000000,33000000
2,165,33000000,33000100,1203,2006,33200000,33200000
2,166,33200000,33200100,1203,2006,33400000,33400000
2,167,33400000,33400100,1203,2006,33600000,33600000
2,168,33600000,33600100,1203,2006,33800000,33800000
2,169,33800000,33800100,1203,2006,34000000,34000000
2,170,34000000,34000100,1203,2006,34200000,34200000
2,171,34200000,34200100,1203,2006,34400000,34400000
2,172,34400000,34400100,1203,2006,34600000,34600000
2,173,34600000,34600100,1203,2006,34800000,34800000
2,174,34800000,34800100,1203,2006,35000000,35000000
2,175,35000000,35000100,1203,2006,35200000,35200000
2,176,35200000,35200100,1203,2006,35400000,35400000
2,177,35400000,35400100,1203,2006,35600000,35600000
2,178,35600000,35600100,1203,2006,35800000,35800000
2,179,35800000,35800100,1203,2006,36000000,36000000
2,180,36000000,36000100,1203,2006,36200000,36200000
2,181,36200000,36200100,1203,2006,36400000,36400000
2,182,36400000,36400100,1203,2006,36600000,36600000
2,183,36600000,36600100,1203,2006,36800000,36800000
2,184,36800000,36800100,1203,2006,37000000,37000000
2,185,37000000,37000100,1203,2006,37200000,37200000
2,186,37200000,37200100,1203,2006,37400000,37400000
2,187,37400000,37400100,1203,2006,37600000,37600000
2,188,37600000,37600100,1203,2006,37800000,37800000
2,189,37800000,37800100,1203,2006,38000000,38000000
2,190,38000000,38000100,1203,2006,38200000,38200000
2,191,38200000,38200100,1203,2006,38400000,38400000
2,192,38400000,38400100,1203,2006,38600000,38600000
2,193,38600000,38600100,1203,2006,38800000,38800000
2,194,38800000,38800100,1203,2006,39000000,39000000
2,195,39000000,39000100,1203,2006,39200000,39200000
2,196,39200000,39200100,1203,2006,39400000,39400000
2,197,39400000,39400100,1203,2006,39600000,39600000
2,198,39600000,39600100,1203,2006,39800000,39800000
2,199,39800000,39800100,1203,2006,40000000,40000000
2,200,40000000,40000100,1203,2006,40200000,40200000
2,201,40200000,40200100,1203,2006,40400000,40400000
2,202,40400000,40400100,1203,2006,40600000,40600000
2,203,40600000,40600100,1203,2006,40800000,40800000
2,204,40800000,40800100,1203,2006,41000000,41000000
2,205,41000000,41000100,1203,2006,41200000,41200000
2,206,41200000,41200100,1203,2006,41400000,41400000
2,207,41400000,41400100,1203,2006,41600000,41600000
2,208,41600000,41600100,1203,2006,41800000,41800000
2,209,41800000,41800100,1203,2006,42000000,42000000
2,210,42000000,42000100,1203,2006,42200000,42200000
2,211,42200000,42200100,1203,2006,42400000,42400000
2,212,42400000,42400100,1203,2006,42600000,42600000
2,213,42600000,42600100,1203,2006,42800000,42800000
2,214,42800000,42800100,1203,2006,43000000,43000000
2,215,43000000,43000100,1203,2006,43200000,43200000
2,216,43200000,43200100,1203,2006,43400000,43400000
2,217,43400000,43400100,1203,2006,43600000,43600000
2,218,43600000,43600100,1203,2006,43800000,43800000
2,219,43800000,43800100,1203,2006,44000000,44000000
2,220,44000000,44000100,1203,2006,44200000,44200000
2,221,44200000,44200100,1203,2006,44400000,44400000
2,222,44400000,44400100,1203,2006,44600000,44600000
2,223,44600000,44600100,1203,2006,44800000,44800000
2,224,44800000,44800100,1203,2006,45000000,45000000
2,225,45000000,45000100,1203,2006,45200000,45200000
2,226,45200000,45200100,1203,2006,45400000,45400000
2,227,45400000,45400100,1203,2006,45600000,45600000
2,228,45600000,45600100,1203,2006,45800000,45800000
2,229,45800000,45800100,1203,2006,46000000,46000000
2,230,46000000,46000100,1203,2006,46200000,46200000
2,231,46200000,46200100,1203,2006,46400000,46400000
2,232,46400000,46400100,1203,2006,46600000,46600000
2,233,46600000,46600100,1203,2006,46800000,46800000
2,234,46800000,46800100,1203,2006,47000000,47000000
2,235,47000000,47000100,1203,2006,47200000,47200000
2,236,47200000,47200100,1203,2006,47400000,47400000
2,237,47400000,47400100,1203,2006,47600000,47600000
2,238,47600000,47600100,1203,2006,47800000,47800000
2,239,47800000,47800100,1203,2006,48000000,48000000
2,240,48000000,48000100,1203,2006,48200000,48200000
2,241,48200000,48200100,1203,2006,48400000,48400000
2,242,48400000,48400100,1203,2006,48600000,48600000
2,243,48600000,48600100,1203,2006,48800000,48800000
2,244,48800000,48800100,1203,2006,49000000,49000000
2,245,49000000,49000100,1203,2006,49200000,49200000
2,246,49200000,49200100,1203,2006,49400000,49400000
2,247,49400000,49400100,1203,2006,49600000,49600000
2,248,49600000,49600100,1203,2006,49800000,49800000
2,249,49800000,49800100,1203,2006,50000000,50000000
2,250,50000000,50000100,1203,2006,50200000,50200000
2,251,50200000,50200100,1203,2006,50400000,50400000
2,252,50400000,50400100,1203,2006,50600000,50600000
2,253,50600000,50600100,1203,2006,50800000,50800000
2,254,50800000,50800100,1203,2006,51000000,51000000
2,255,51000000,51000100,1203,2006,51200000,51200000
2,256,51200000,51200100,1203,2006,51400000,51400000
2,257,51400000,51400100,1203,2006,51600000,51600000
2,258,51600000,51600100,1203,2006,51800000,51800000
2,259,51800000,51800100,1203,2006,52000000,52000000
2,260,52000000,52000100,1203,2006,52200000,52200000
2,261,52200000,52200100,1203,2006,52400000,52400000
2,262,52400000,52400100,1203,2006,52600000,52600000
2,263,52600000,52600100,1203,2006,52800000,52800000
2,264,52800000,52800100,1203,2006,53000000,53000000
2,265,53000000,53000100,1203,2006,53200000,53200000
2,266,53200000,53200100,1203,2006,53400000,53400000
2,267,53400000,53400100,1203,2006,53600000,53600000
2,268,53600000,53600100,1203,2006,53800000,53800000
2,269,53800000,53800100,1203,2006,54000000,54000000
2,270,54000000,54000100,1203,2006,54200000,54200000
2,271,54200000,54200100,1203,2006,54400000,54400000
2,272,54400000,54400100,1203,2006,54600000,54600000
2,273,54600000,54600100,1203,2006,54800000,54800000
2,274,54800000,54800100,1203,2006,55000000,55000000
2,275,55000000,55000100,1203,2006,55200000,55200000
2,276,55200000,55200100,1203,2006,55400000,55400000
2,277,55400000,55400100,1203,2006,55600000,55600000
2,278,55600000,55600100,1203,2006,55800000,55800000
2,279,55800000,55800100,1203,2006,56000000,56000000
2,280,56000000,56000100,1203,2006,56200000,56200000
2,281,56200000,56200100,1203,2006,56400000,56400000
2,282,56400000,56400100,1203,2006,56600000,56600000
2,283,56600000,56600100,1203,2006,56800000,56800000
2,284,56800000,56800100,1203,2006,57000000,57000000
2,285,57000000,57000100,1203,2006,57200000,57200000
2,286,57200000,57200100,1203,2006,57400000,57400000
2,287,57400000,57400100,1203,2006,57600000,57600000
2,288,57600000,57600100,1203,2006,57800000,57800000
2,289,57800000,57800100,1203,2006,58000000,58000000
2,290,58000000,58000100,1203,2006,58200000,58200000
2,291,58200000,58200100,1203,2006,58400000,58400000
2,292,58400000,58400100,1203,2006,58600000,58600000
2,293,58600000,58600100,1203,2006,58800000,58800000
2,294,58800000,58800100,1203,2006,59000000,59000000
2,295,59000000,59000100,1203,2006,59200000,59200000
2,296,59200000,59200100,1203,2006,59400000,59400000
2,297,59400000,59400100,1203,2006,59600000,59600000
2,298,59600000,59600100,1203,2006,59800000,59800000
2,299,59800000,59800100,1203,2006,60000000,60000000
2,300,60000000,60000100,1203,2006,60200000,60200000
2,301,60200000,60200100,1203,2006,60400000,60400000
2,302,60400000,60400100,1203,2006,60600000,60600000
2,303,60600000,60600100,1203,2006,60800000,60800000
2,304,60800000,60800100,1203,2006,61000000,61000000
2,305,61000000,61000100,1203,2006,61200000,61200000
2,306,61200000,61200100,1203,2006,61400000,61400000
2,307,61400000,61400100,1203,2006,61600000,61600000
2,308,61600000,61600100,1203,2006,61800000,61800000
2,309,61800000,61800100,1203,2006,62000000,62000000
2,310,62000000,62000100,1203,2006,62200000,62200000
2,311,62200000,62200100,1203,2006,62400000,62400000
2,312,62400000,62400100,1203,2006,62600000,62600000
2,313,62600000,62600100,1203,2006,62800000,62800000
2,314,62800000,62800100,1203,2006,63000000,63000000
2,315,63000000,63000100,1203,2006,63200000,63200000
2,316,63200000,63200100,1203,2006,63400000,63400000
2,317,63400000,63400100,1203,2006,63600000,63600000
2,318,63600000,63600100,1203,2006,63800000,63800000
2,319,63800000,63800100,1203,2006,64000000,64000000
2,320,64000000,64000100,1203,2006,64200000,64200000
2,321,64200000,64200100,1203,2006,64400000,64400000
2,322,64400000,64400100,1203,2006,64600000,64600000
2,323,64600000,64600100,1203,2006,64800000,64800000
2,324,64800000,64800100,1203,2006,65000000,65000000
2,325,65000000,65000100,1203,2006,65200000,65200000
2,326,65200000,65200100,1203,2006,65400000,65400000
2,327,65400000,65400100,1203,2006,65600000,65600000
2,328,65600000,65600100,1203,2006,65800000,65800000
2,329,65800000,65800100,1203,2006,66000000,66000000
2,330,66000000,66000100,1203,2006,66200000,66200000
2,331,66200000,66200100,1203,2006,66400000,66400000
2,332,66400000,66400100,1203,2006,66600000,66600000
2,333,66600000,66600100,1203,2006,66800000,66800000
2,334,66800000,66800100,1203,2006,67000000,67000000
2,335,67000000,67000100,1203,2006,67200000,67200000
2,336,67200000,67200100,1203,2006,67400000,67400000
2,337,67400000,67400100,1203,2006,67600000,67600000
2,338,67600000,67600100,1203,2006,67800000,67800000
2,339,67800000,67800100,1203,2006,68000000,68000000
2,340,68000000,68000100,1203,2006,68200000,68200000
2,341,68200000,68200100,1203,2006,68400000,68400000
2,342,68400000,68400100,1203,2006,68600000,68600000
2,343,68600000,68600100,1203,2006,68800000,68800000
2,344,68800000,68800100,1203,2006,69000000,69000000
2,345,69000000,69000100,1203,2006,69200000,69200000
2,346,69200000,69200100,1203,2006,69400000,69400000
2,347,69400000,69400100,1203,2006,69600000,69600000
2,348,69600000,69600100,1203,2006,69800000,69800000
2,349,69800000,69800100,1203,2006,70000000,70000000
2,350,70000000,70000100,1203,2006,70200000,70200000
2,351,70200000,70200100,1203,2006,70400000,70400000
2,352,70400000,70400100,1203,2006,70600000,70600000
2,353,70600000,70600100,1203,2006,70800000,70800000
2,354,70800000,70800100,1203,2006,71000000,71000000
2,355,71000000,71000100,1203,2006,71200000,71200000
2,356,71200000,71200100,1203,2006,71400000,71400000
2,357,71400000,71400100,1203,2006,71600000,71600000
2,358,71600000,71600100,1203,2006,71800000,71800000
2,359,71800000,71800100,1203,2006,72000000,72000000
2,360,72000000,72000100,1203,2006,72200000,72200000
2,361,72200000,72200100,1203,2006,72400000,72400000
2,362,72400000,72400100,1203,2006,72600000,72600000
2,363,72600000,72600100,1203,2006,72800000,72800000
2,364,72800000,72800100,1203,2006,73000000,73000000
2,365,73000000,73000100,1203,2006,73200000,73200000
2,366,73200000,73200100,1203,2006,73400000,73400000
2,367,73400000,73400100,1203,2006,73600000,73600000
2,368,73600000,73600100,1203,2006,73800000,73800000
2,369,73800000,73800100,1203,2006,74000000,74000000
2,370,74000000,74000100,1203,2006,74200000,74200000
2,371,74200000,74200100,1203,2006,74400000,74400000
2,372,74400000,74400100,1203,2006,74600000,74600000
2,373,74600000,74600100,1203,2006,74800000,74800000
2,374,74800000,74800100,1203,2006,75000000,75000000
2,375,75000000,75000100,1203,2006,75200000,75200000
2,376,75200000,75200100,1203,2006,75400000,75400000
2,377,75400000,75400100,1203,2006,75600000,75600000
2,378,75600000,75600100,1203,2006,75800000,75800000
2,379,75800000,75800100,1203,2006,76000000,76000000
2,380,76000000,76000100,1203,2006,76200000,76200000
2,381,76200000,76200100,1203,2006,76400000,76400000
2,382,76400000,76400100,1203,2006,76600000,76600000
2,383,76600000,76600100,1203,2006,76800000,76800000
2,384,76800000,76800100,1203,2006,77000000,77000000
2,385,77000000,77000100,1203,2006,77200000,77200000
2,386,77200000,77200100,1203,2006,77400000,77400000
2,387,77400000,77400100,1203,2006,77600000,77600000
2,388,77600000,77600100,1203,2006,77800000,77800000
2,389,77800000,77800100,1203,2006,78000000,78000000
2,390,78000000,78000100,1203,2006,78200000,78200000
2,391,78200000,78200100,1203,2006,78400000,78400000
2,392,78400000,78400100,1203,2006,78600000,78600000
2,393,78600000,78600100,1203,2006,78800000,78800000
2,394,78800000,78800100,1203,2006,79000000,79000000
2,395,79000000,79000100,1203,2006,79200000,79200000
2,396,79200000,79200100,1203,2006,79400000,79400000
2,397,79400000,79400100,1203,2006,79600000,79600000
2,398,79600000,79600100,1203,2006,79800000,79800000
2,399,79800000,79800100,1203,2006,80000000,80000000
2,400,80000000,80000100,1203,2006,80200000,80200000
2,401,80200000,80200100,1203,2006,80400000,80400000
2,402,80400000,80400100,1203,2006,80600000,80600000
2,403,80600000,80600100,1203,2006,80800000,80800000
2,404,80800000,80800100,1203,2006,81000000,81000000
2,405,81000000,81000100,1203,2006,81200000,81200000
2,406,81200000,81200100,1203,2006,81400000,81400000
2,407,81400000,81400100,1203,2006,81600000,81600000
2,408,81600000,81600100,1203,2006,81800000,81800000
2,409,81800000,81800100,1203,2006,82000000,82000000
2,410,82000000,82000100,1203,2006,82200000,82200000
2,411,82200000,82200100,1203,2006,82400000,82400000
2,412,82400000,82400100,1203,2006,82600000,82600000
2,413,82600000,82600100,1203,2006,82800000,82800000
2,414,82800000,82800100,1203,2006,83000000,83000000
2,415,83000000,83000100,1203,2006,83200000,83200000
2,416,83200000,83200100,1203,2006,83400000,83400000
2,417,83400000,83400100,1203,2006,83600000,83600000
2,418,83600000,83600100,1203,2006,83800000,83800000
2,419,83800000,83800100,1203,2006,84000000,84000000
2,420,84000000,84000100,1203,2006,84200000,84200000
2,421,84200000,84200100,1203,2006,84400000,84400000
2,422,84400000,84400100,1203,2006,84600000,84600000
2,423,84600000,84600100,1203,2006,84800000,84800000
2,424,84800000,84800100,1203,2006,85000000,85000000
2,425,85000000,85000100,1203,2006,85200000,85200000
2,426,85200000,85200100,1203,2006,85400000,85400000
2,427,85400000,85400100,1203,2006,85600000,85600000
2,428,85600000,85600100,1203,2006,85800000,85800000
2,429,85800000,85800100,1203,2006,86000000,86000000
2,430,86000000,86000100,1203,2006,86200000,86200000
2,431,86200000,86200100,1203,2006,86400000,86400000
2,432,86400000,86400100,1203,2006,86600000,86600000
2,433,86600000,86600100,1203,2006,86800000,86800000
2,434,86800000,86800100,1203,2006,87000000,87000000
2,435,87000000,87000100,1203,2006,87200000,87200000
2,436,87200000,87200100,1203,2006,87400000,87400000
2,437,87400000,87400100,1203,2006,87600000,87600000
2,438,87600000,87600100,1203,2006,87800000,87800000
2,439,87800000,87800100,1203,2006,88000000,88000000
2,440,88000000,88000100,1203,2006,88200000,88200000
2,441,88200000,88200100,1203,2006,88400000,88400000
2,442,88400000,88400100,1203,2006,88600000,88600000
2,443,88600000,88600100,1203,2006,88800000,88800000
2,444,88800000,88800100,1203,2006,89000000,89000000
2,445,89000000,89000100,1203,2006,89200000,89200000
2,446,89200000,89200100,1203,2006,89400000,89400000
2,447,89400000,89400100,1203,2006,89600000,89600000
2,448,89600000,89600100,1203,2006,89800000,89800000
2,449,89800000,89800100,1203,2006,90000000,90000000
2,450,90000000,90000100,1203,2006,90200000,90200000
2,451,90200000,90200100,1203,2006,90400000,90400000
2,452,90400000,90400100,1203,2006,90600000,90600000
2,453,90600000,90600100,1203,2006,90800000,90800000
2,454,90800000,90800100,1203,2006,91000000,91000000
2,455,91000000,91000100,1203,2006,91200000,91200000
2,456,91200000,91200100,1203,2006,91400000,91400000
2,457,91400000,91400100,1203,2006,91600000,91600000
2,458,91600000,91600100,1203,2006,91800000,91800000
2,459,91800000,91800100,1203,2006,92000000,92000000
2,460,92000000,92000100,1203,2006,92200000,92200000
2,461,92200000,92200100,1203,2006,92400000,92400000
2,462,92400000,92400100,1203,2006,92600000,92600000
2,463,92600000,92600100,1203,2006,92800000,92800000
2,464,92800000,92800100,1203,2006,93000000,93000000
2,465,93000000,93000100,1203,2006,93200000,93200000
2,466,93200000,93200100,1203,2006,93400000,93400000
2,467,93400000,93400100,1203,2006,93600000,93600000
2,468,93600000,93600100,1203,2006,93800000,93800000
2,469,93800000,93800100,1203,2006,94000000,94000000
2,470,94000000,94000100,1203,2006,94200000,94200000
2,471,94200000,94200100,1203,2006,94400000,94400000
2,472,94400000,94400100,1203,2006,94600000,94600000
2,473,94600000,94600100,1203,2006,94800000,94800000
2,474,94800000,94800100,1203,2006,95000000,95000000
2,475,95000000,95000100,1203,2006,95200000,95200000
2,476,95200000,95200100,1203,2006,95400000,95400000
2,477,95400000,95400100,1203,2006,95600000,95600000
2,478,95600000,95600100,1203,2006,95800000,95800000
2,479,95800000,95800100,1203,2006,96000000,96000000
2,480,96000000,96000100,1203,2006,96200000,96200000
2,481,96200000,96200100,1203,2006,96400000,96400000
2,482,96400000,96400100,1203,2006,96600000,96600000
2,483,96600000,96600100,1203,2006,96800000,96800000
2,484,96800000,96800100,1203,2006,97000000,97000000
2,485,97000000,97000100,1203,2006,97200000,97200000
2,486,97200000,97200100,1203,2006,97400000,97400000
2,487,97400000,97400100,1203,2006,97600000,97600000
2,488,97600000,97600100,1203,2006,97800000,97800000
2,489,97800000,97800100,1203,2006,98000000,98000000
2,490,98000000,98000100,1203,2006,98200000,98200000
2,491,98200000,98200100,1203,2006,98400000,98400000
2,492,98400000,98400100,1203,2006,98600000,98600000
2,493,98600000,98600100,1203,2006,98800000,98800000
2,494,98800000,98800100,1203,2006,99000000,99000000
2,495,99000000,99000100,1203,2006,99200000,99200000
2,496,99200000,99200100,1203,2006,99400000,99400000
2,497,99400000,99400100,1203,2006,99600000,99600000
2,498,99600000,99600100,1203,2006,99800000,99800000
2,499,99800000,99800100,1203,2006,100000000,100000000
2,500,100000000,100000100,1203,2006,100200000,100200000
2,501,100200000,100200100,1203,2006,100400000,100400000
2,502,100400000,100400100,1203,2006,100600000,100600000
2,503,100600000,100600100,1203,2006,100800000,100800000
2,504,100800000,100800100,1203,2006,101000000,101000000
2,505,101000000,101000100,1203,2006,101200000,101200000
2,506,101200000,101200100,1203,2006,101400000,101400000
2,507,101400000,101400100,1203,2006,101600000,101600000
2,508,101600000,101600100,1203,2006,101800000,101800000
2,509,101800000,101800100,1203,2006,102000000,102000000
2,510,102000000,102000100,1203,2006,102200000,102200000
2,511,102200000,102200100,1203,2006,102400000,102400000
2,512,102400000,102400100,1203,2006,102600000,102600000
2,513,102600000,102600100,1203,2006,102800000,102800000
2,514,102800000,102800100,1203,2006,103000000,103000000
2,515,103000000,103000100,1203,2006,103200000,103200000
2,516,103200000,103200100,1203,2006,103400000,103400000
2,517,103400000,103400100,1203,2006,103600000,103600000
2,518,103600000,103600100,1203,2006,103800000,103800000
2,519,103800000,103800100,1203,2006,104000000,104000000
2,520,104000000,104000100,1203,2006,104200000,104200000
2,521,104200000,104200100,1203,2006,104400000,104400000
2,522,104400000,104400100,1203,2006,104600000,104600000
2,523,104600000,104600100,1203,2006,104800000,104800000
2,524,104800000,104800100,1203,2006,105000000,105000000
2,525,105000000,105000100,1203,2006,105200000,105200000
2,526,105200000,105200100,1203,2006,105400000,105400000
2,527,105400000,105400100,1203,2006,105600000,105600000
2,528,105600000,105600100,1203,2006,105800000,105800000
2,529,105800000,105800100,1203,2006,106000000,106000000
2,530,106000000,106000100,1203,2006,106200000,106200000
2,531,106200000,106200100,1203,2006,106400000,106400000
2,532,106400000,106400100,1203,2006,106600000,106600000
2,533,106600000,106600100,1203,2006,106800000,106800000
2,534,106800000,106800100,1203,2006,107000000,107000000
2,535,107000000,107000100,1203,2006,107200000,107200000
2,536,107200000,107200100,1203,2006,107400000,107400000
2,537,107400000,107400100,1203,2006,107600000,107600000
2,538,107600000,107600100,1203,2006,107800000,107800000
2,539,107800000,107800100,1203,2006,108000000,108000000
2,540,108000000,108000100,1203,2006,108200000,108200000
2,541,108200000,108200100,1203,2006,108400000,108400000
2,542,108400000,108400100,1203,2006,108600000,108600000
2,543,108600000,108600100,1203,2006,108800000,108800000
2,544,108800000,108800100,1203,2006,109000000,109000000
2,545,109000000,109000100,1203,2006,109200000,109200000
2,546,109200000,109200100,1203,2006,109400000,109400000
2,547,109400000,109400100,1203,2006,109600000,109600000
2,548,109600000,109600100,1203,2006,109800000,109800000
2,549,109800000,109800100,1203,2006,110000000,110000000
2,550,110000000,110000100,1203,2006,110200000,110200000
2,551,110200000,110200100,1203,2006,110400000,110400000
2,552,110400000,110400100,1203,2006,110600000,110600000
2,553,110600000,110600100,1203,2006,110800000,110800000
2,554,110800000,110800100,1203,2006,111000000,111000000
2,555,111000000,111000100,1203,2006,111200000,111200000
2,556,111200000,111200100,1203,2006,111400000,111400000
2,557,111400000,111400100,1203,2006,111600000,111600000
2,558,111600000,111600100,1203,2006,111800000,111800000
2,559,111800000,111800100,1203,2006,112000000,112000000
2,560,112000000,112000100,1203,2006,112200000,112200000
2,561,112200000,112200100,1203,2006,112400000,112400000
2,562,112400000,112400100,1203,2006,112600000,112600000
2,563,112600000,112600100,1203,2006,112800000,112800000
2,564,112800000,112800100,1203,2006,113000000,113000000
2,565,113000000,113000100,1203,2006,113200000,113200000
2,566,113200000,113200100,1203,2006,113400000,113400000
2,567,113400000,113400100,1203,2006,113600000,113600000
2,568,113600000,113600100,1203,2006,113800000,113800000
2,569,113800000,113800100,1203,2006,114000000,114000000
2,570,114000000,114000100,1203,2006,114200000,114200000
2,571,114200000,114200100,1203,2006,114400000,114400000
2,572,114400000,114400100,1203,2006,114600000,114600000
2,573,114600000,114600100,1203,2006,114800000,114800000
2,574,114800000,114800100,1203,2006,115000000,115000000
2,575,115000000,115000100,1203,2006,115200000,115200000
2,576,115200000,115200100,1203,2006,115400000,115400000
2,577,115400000,115400100,1203,2006,115600000,115600000
2,578,115600000,115600100,1203,2006,115800000,115800000
2,579,115800000,115800100,1203,2006,116000000,116000000
2,580,116000000,116000100,1203,2006,116200000,116200000
2,581,116200000,116200100,1203,2006,116400000,116400000
2,582,116400000,116400100,1203,2006,116600000,116600000
2,583,116600000,116600100,1203,2006,116800000,116800000
2,584,116800000,116800100,1203,2006,117000000,117000000
2,585,117000000,117000100,1203,2006,117200000,117200000
2,586,117200000,117200100,1203,2006,117400000,117400000
2,587,117400000,117400100,1203,2006,117600000,117600000
2,588,117600000,117600100,1203,2006,117800000,117800000
2,589,117800000,117800100,1203,2006,118000000,118000000
2,590,118000000,118000100,1203,2006,118200000,118200000
2,591,118200000,118200100,1203,2006,118400000,118400000
2,592,118400000,118400100,1203,2006,118600000,118600000
2,593,118600000,118600100,1203,2006,118800000,118800000
2,594,118800000,118800100,1203,2006,119000000,119000000
2,595,119000000,119000100,1203,2006,119200000,119200000
2,596,119200000,119200100,1203,2006,119400000,119400000
2,597,119400000,119400100,1203,2006,119600000,119600000
2,598,119600000,119600100,1203,2006,119800000,119800000
2,599,119800000,119800100,1203,2006,120000000,120000000
2,600,120000000,120000100,1203,2006,120200000,120200000
2,601,120200000,120200100,1203,2006,120400000,120400000
2,602,120400000,120400100,1203,2006,120600000,120600000
2,603,120600000,120600100,1203,2006,120800000,120800000
2,604,120800000,120800100,1203,2006,121000000,121000000
2,605,121000000,121000100,1203,2006,121200000,121200000
2,606,121200000,121200100,1203,2006,121400000,121400000
2,607,121400000,121400100,1203,2006,121600000,121600000
2,608,121600000,121600100,1203,2006,121800000,121800000
2,609,121800000,121800100,1203,2006,122000000,122000000
2,610,122000000,122000100,1203,2006,122200000,122200000
2,611,122200000,122200100,1203,2006,122400000,122400000
2,612,122400000,122400100,1203,2006,122600000,122600000
2,613,122600000,122600100,1203,2006,122800000,122800000
2,614,122800000,122800100,1203,2006,123000000,123000000
2,615,123000000,123000100,1203,2006,123200000,123200000
2,616,123200000,123200100,1203,2006,123400000,123400000
2,617,123400000,123400100,1203,2006,123600000,123600000
2,618,123600000,123600100,1203,2006,123800000,123800000
2,619,123800000,123800100,1203,2006,124000000,124000000
2,620,124000000,124000100,1203,2006,124200000,124200000
2,621,124200000,124200100,1203,2006,124400000,124400000
2,622,124400000,124400100,1203,2006,124600000,124600000
2,623,124600000,124600100,1203,2006,124800000,124800000
2,624,124800000,124800100,1203,2006,125000000,125000000
2,625,125000000,125000100,1203,2006,125200000,125200000
2,626,125200000,125200100,1203,2006,125400000,125400000
2,627,125400000,125400100,1203,2006,125600000,125600000
2,628,125600000,125600100,1203,2006,125800000,125800000
2,629,125800000,125800100,1203,2006,126000000,126000000
2,630,126000000,126000100,1203,2006,126200000,126200000
2,631,126200000,126200100,1203,2006,126400000,126400000
2,632,126400000,126400100,1203,2006,126600000,126600000
2,633,126600000,126600100,1203,2006,126800000,126800000
2,634,126800000,126800100,1203,2006,127000000,127000000
2,635,127000000,127000100,1203,2006,127200000,127200000
2,636,127200000,127200100,1203,2006,127400000,127400000
2,637,127400000,127400100,1203,2006,127600000,127600000
2,638,127600000,127600100,1203,2006,127800000,127800000
2,639,127800000,127800100,1203,2006,128000000,128000000
2,640,128000000,128000100,1203,2006,128200000,128200000
2,641,128200000,128200100,1203,2006,128400000,128400000
2,642,128400000,128400100,1203,2006,128600000,128600000
2,643,128600000,128600100,1203,2006,128800000,128800000
2,644,128800000,128800100,1203,2006,129000000,129000000
2,645,129000000,129000100,1203,2006,129200000,129200000
2,646,129200000,129200100,1203,2006,129400000,129400000
2,647,129400000,129400100,1203,2006,129600000,129600000
2,648,129600000,129600100,1203,2006,129800000,129800000
2,649,129800000,129800100,1203,2006,130000000,130000000
2,650,130000000,130000100,1203,2006,130200000,130200000
2,651,130200000,130200100,1203,2006,130400000,130400000
2,652,130400000,130400100,1203,2006,130600000,130600000
2,653,130600000,130600100,1203,2006,130800000,130800000
2,654,130800000,130800100,1203,2006,131000000,131000000
2,655,131000000,131000100,1203,2006,131200000,131200000
2,656,131200000,131200100,1203,2006,131400000,131400000
2,657,131400000,131400100,1203,2006,131600000,131600000
2,658,131600000,131600100,1203,2006,131800000,131800000
2,659,131800000,131800100,1203,2006,132000000,132000000
2,660,132000000,132000100,1203,2006,132200000,132200000
2,661,132200000,132200100,1203,2006,132400000,132400000
2,662,132400000,132400100,1203,2006,132600000,132600000
2,663,132600000,132600100,1203,2006,132800000,132800000
2,664,132800000,132800100,1203,2006,133000000,133000000
2,665,133000000,133000100,1203,2006,133200000,133200000
2,666,133200000,133200100,1203,2006,133400000,133400000
2,667,133400000,133400100,1203,2006,133600000,133600000
2,668,133600000,133600100,1203,2006,133800000,133800000
2,669,133800000,133800100,1203,2006,134000000,134000000
2,670,134000000,134000100,1203,2006,134200000,134200000
2,671,134200000,134200100,1203,2006,134400000,134400000
2,672,134400000,134400100,1203,2006,134600000,134600000
2,673,134600000,134600100,1203,2006,134800000,134800000
2,674,134800000,134800100,1203,2006,135000000,135000000
2,675,135000000,135000100,1203,2006,135200000,135200000
2,676,135200000,135200100,1203,2006,135400000,135400000
2,677,135400000,135400100,1203,2006,135600000,135600000
2,678,135600000,135600100,1203,2006,135800000,135800000
2,679,135800000,135800100,1203,2006,136000000,136000000
2,680,136000000,136000100,1203,2006,136200000,136200000
2,681,136200000,136200100,1203,2006,136400000,136400000
2,682,136400000,136400100,1203,2006,136600000,136600000
2,683,136600000,136600100,1203,2006,136800000,136800000
2,684,136800000,136800100,1203,2006,137000000,137000000
2,685,137000000,137000100,1203,2006,137200000,137200000
2,686,137200000,137200100,1203,2006,137400000,137400000
2,687,137400000,137400100,1203,2006,137600000,137600000
2,688,137600000,137600100,1203,2006,137800000,137800000
2,689,137800000,137800100,1203,2006,138000000,138000000
2,690,138000000,138000100,1203,2006,138200000,138200000
2,691,138200000,138200100,1203,2006,138400000,138400000
2,692,138400000,138400100,1203,2006,138600000,138600000
2,693,138600000,138600100,1203,2006,138800000,138800000
2,694,138800000,138800100,1203,2006,139000000,139000000
2,695,139000000,139000100,1203,2006,139200000,139200000
2,696,139200000,139200100,1203,2006,139400000,139400000
2,697,139400000,139400100,1203,2006,139600000,139600000
2,698,139600000,139600100,1203,2006,139800000,139800000
2,699,139800000,139800100,1203,2006,140000000,140000000
2,700,140000000,140000100,1203,2006,140200000,140200000
2,701,140200000,140200100,1203,2006,140400000,140400000
2,702,140400000,140400100,1203,2006,140600000,140600000
2,703,140600000,140600100,1203,2006,140800000,140800000
2,704,140800000,140800100,1203,2006,141000000,141000000
2,705,141000000,141000100,1203,2006,141200000,141200000
2,706,141200000,141200100,1203,2006,141400000,141400000
2,707,141400000,141400100,1203,2006,141600000,141600000
2,708,141600000,141600100,1203,2006,141800000,141800000
2,709,141800000,141800100,1203,2006,142000000,142000000
2,710,142000000,142000100,1203,2006,142200000,142200000
2,711,142200000,142200100,1203,2006,142400000,142400000
2,712,142400000,142400100,1203,2006,142600000,142600000
2,713,142600000,142600100,1203,2006,142800000,142800000
2,714,142800000,142800100,1203,2006,143000000,143000000
2,715,143000000,143000100,1203,2006,143200000,143200000
2,716,143200000,143200100,1203,2006,143400000,143400000
2,717,143400000,143400100,1203,2006,143600000,143600000
2,718,143600000,143600100,1203,2006,143800000,143800000
2,719,143800000,143800100,1203,2006,144000000,144000000
2,720,144000000,144000100,1203,2006,144200000,144200000
2,721,144200000,144200100,1203,2006,144400000,144400000
2,722,144400000,144400100,1203,2006,144600000,144600000
2,723,144600000,144600100,1203,2006,144800000,144800000
2,724,144800000,144800100,1203,2006,145000000,145000000
2,725,145000000,145000100,1203,2006,145200000,145200000
2,726,145200000,145200100,1203,2006,145400000,145400000
2,727,145400000,145400100,1203,2006,145600000,145600000
2,728,145600000,145600100,1203,2006,145800000,145800000
2,729,145800000,145800100,1203,2006,146000000,146000000
2,730,146000000,146000100,1203,2006,146200000,146200000
2,731,146200000,146200100,1203,2006,146400000,146400000
2,732,146400000,146400100,1203,2006,146600000,146600000
2,733,146600000,146600100,1203,2006,146800000,146800000
2,734,146800000,146800100,1203,2006,147000000,147000000
2,735,147000000,147000100,1203,2006,147200000,147200000
2,736,147200000,147200100,1203,2006,147400000,147400000
2,737,147400000,147400100,1203,2006,147600000,147600000
2,738,147600000,147600100,1203,2006,147800000,147800000
2,739,147800000,147800100,1203,2006,148000000,148000000
2,740,148000000,148000100,1203,2006,148200000,148200000
2,741,148200000,148200100,1203,2006,148400000,148400000
2,742,148400000,148400100,1203,2006,148600000,148600000
2,743,148600000,148600100,1203,2006,148800000,148800000
2,744,148800000,148800100,1203,2006,149000000,149000000
2,745,149000000,149000100,1203,2006,149200000,149200000
2,746,149200000,149200100,1203,2006,149400000,149400000
2,747,149400000,149400100,1203,2006,149600000,149600000
2,748,149600000,149600100,1203,2006,149800000,149800000
2,749,149800000,149800100,1203,2006,150000000,150000000
2,750,150000000,150000100,1203,2006,150200000,150200000
2,751,150200000,150200100,1203,2006,150400000,150400000
2,752,150400000,150400100,1203,2006,150600000,150600000
2,753,150600000,150600100,1203,2006,150800000,150800000
2,754,150800000,150800100,1203,2006,151000000,151000000
2,755,151000000,151000100,1203,2006,151200000,151200000
2,756,151200000,151200100,1203,2006,151400000,151400000
2,757,151400000,151400100,1203,2006,151600000,151600000
2,758,151600000,151600100,1203,2006,151800000,151800000
2,759,151800000,151800100,1203,2006,152000000,152000000
2,760,152000000,152000100,1203,2006,152200000,152200000
2,761,152200000,152200100,1203,2006,152400000,152400000
2,762,152400000,152400100,1203,2006,152600000,152600000
2,763,152600000,152600100,1203,2006,152800000,152800000
2,764,152800000,152800100,1203,2006,153000000,153000000
2,765,153000000,153000100,1203,2006,153200000,153200000
2,766,153200000,153200100,1203,2006,153400000,153400000
2,767,153400000,153400100,1203,2006,153600000,153600000
2,768,153600000,153600100,1203,2006,153800000,153800000
2,769,153800000,153800100,1203,2006,154000000,154000000
2,770,154000000,154000100,1203,2006,154200000,154200000
2,771,154200000,154200100,1203,2006,154400000,154400000
2,772,154400000,154400100,1203,2006,154600000,154600000
2,773,154600000,154600100,1203,2006,154800000,154800000
2,774,154800000,154800100,1203,2006,155000000,155000000
2,775,155000000,155000100,1203,2006,155200000,155200000
2,776,155200000,155200100,1203,2006,155400000,155400000
2,777,155400000,155400100,1203,2006,155600000,155600000
2,778,155600000,155600100,1203,2006,155800000,155800000
2,779,155800000,155800100,1203,2006,156000000,156000000
2,780,156000000,156000100,1203,2006,156200000,156200000
2,781,156200000,156200100,1203,2006,156400000,156400000
2,782,156400000,156400100,1203,2006,156600000,156600000
2,783,156600000,156600100,1203,2006,156800000,156800000
2,784,156800000,156800100,1203,2006,157000000,157000000
2,785,157000000,157000100,1203,2006,157200000,157200000
2,786,157200000,157200100,1203,2006,157400000,157400000
2,787,157400000,157400100,1203,2006,157600000,157600000
2,788,157600000,157600100,1203,2006,157800000,157800000
2,789,157800000,157800100,1203,2006,158000000,158000000
2,790,158000000,158000100,1203,2006,158200000,158200000
2,791,158200000,158200100,1203,2006,158400000,158400000
2,792,158400000,158400100,1203,2006,158600000,158600000
2,793,158600000,158600100,1203,2006,158800000,158800000
2,794,158800000,158800100,1203,2006,159000000,159000000
2,795,159000000,159000100,1203,2006,159200000,159200000
2,796,159200000,159200100,1203,2006,159400000,159400000
2,797,159400000,159400100,1203,2006,159600000,159600000
2,798,159600000,159600100,1203,2006,159800000,159800000
2,799,159800000,159800100,1203,2006,160000000,160000000
2,800,160000000,160000100,1203,2006,160200000,160200000
2,801,160200000,160200100,1203,2006,160400000,160400000
2,802,160400000,160400100,1203,2006,160600000,160600000
2,803,160600000,160600100,1203,2006,160800000,160800000
2,804,160800000,160800100,1203,2006,161000000,161000000
2,805,161000000,161000100,1203,2006,161200000,161200000
2,806,161200000,161200100,1203,2006,161400000,161400000
2,807,161400000,161400100,1203,2006,161600000,161600000
2,808,161600000,161600100,1203,2006,161800000,161800000
2,809,161800000,161800100,1203,2006,162000000,162000000
2,810,162000000,162000100,1203,2006,162200000,162200000
2,811,162200000,162200100,1203,2006,162400000,162400000
2,812,162400000,162400100,1203,2006,162600000,162600000
2,813,162600000,162600100,1203,2006,162800000,162800000
2,814,162800000,162800100,1203,2006,163000000,163000000
2,815,163000000,163000100,1203,2006,163200000,163200000
2,816,163200000,163200100,1203,2006,163400000,163400000
2,817,163400000,163400100,1203,2006,163600000,163600000
2,818,163600000,163600100,1203,2006,163800000,163800000
2,819,163800000,163800100,1203,2006,164000000,164000000
2,820,164000000,164000100,1203,2006,164200000,164200000
2,821,164200000,164200100,1203,2006,164400000,164400000
2,822,164400000,164400100,1203,2006,164600000,164600000
2,823,164600000,164600100,1203,2006,164800000,164800000
2,824,164800000,164800100,1203,2006,165000000,165000000
2,825,165000000,165000100,1203,2006,165200000,165200000
2,826,165200000,165200100,1203,2006,165400000,165400000
2,827,165400000,165400100,1203,2006,165600000,165600000
2,828,165600000,165600100,1203,2006,165800000,165800000
2,829,165800000,165800100,1203,2006,166000000,166000000
2,830,166000000,166000100,1203,2006,166200000,166200000
2,831,166200000,166200100,1203,2006,166400000,166400000
2,832,166400000,166400100,1203,2006,166600000,166600000
2,833,166600000,166600100,1203,2006,166800000,166800000
2,834,166800000,166800100,1203,2006,167000000,167000000
2,835,167000000,167000100,1203,2006,167200000,167200000
2,836,167200000,167200100,1203,2006,167400000,167400000
2,837,167400000,167400100,1203,2006,167600000,167600000
2,838,167600000,167600100,1203,2006,167800000,167800000
2,839,167800000,167800100,1203,2006,168000000,168000000
2,840,168000000,168000100,1203,2006,168200000,168200000
2,841,168200000,168200100,1203,2006,168400000,168400000
2,842,168400000,168400100,1203,2006,168600000,168600000
2,843,168600000,168600100,1203,2006,168800000,168800000
2,844,168800000,168800100,1203,2006,169000000,169000000
2,845,169000000,169000100,1203,2006,169200000,169200000
2,846,169200000,169200100,1203,2006,169400000,169400000
2,847,169400000,169400100,1203,2006,169600000,169600000
2,848,169600000,169600100,1203,2006,169800000,169800000
2,849,169800000,169800100,1203,2006,170000000,170000000
2,850,170000000,170000100,1203,2006,170200000,170200000
2,851,170200000,170200100,1203,2006,170400000,170400000
2,852,170400000,170400100,1203,2006,170600000,170600000
2,853,170600000,170600100,1203,2006,170800000,170800000
2,854,170800000,170800100,1203,2006,171000000,171000000
2,855,171000000,171000100,1203,2006,171200000,171200000
2,856,171200000,171200100,1203,2006,171400000,171400000
2,857,171400000,171400100,1203,2006,171600000,171600000
2,858,171600000,171600100,1203,2006,171800000,171800000
2,859,171800000,171800100,1203,2006,172000000,172000000
2,860,172000000,172000100,1203,2006,172200000,172200000
2,861,172200000,172200100,1203,2006,172400000,172400000
2,862,172400000,172400100,1203,2006,172600000,172600000
2,863,172600000,172600100,1203,2006,172800000,172800000
2,864,172800000,172800100,1203,2006,173000000,173000000
2,865,173000000,173000100,1203,2006,173200000,173200000
2,866,173200000,173200100,1203,2006,173400000,173400000
2,867,173400000,173400100,1203,2006,173600000,173600000
2,868,173600000,173600100,1203,2006,173800000,173800000
2,869,173800000,173800100,1203,2006,174000000,174000000
2,870,174000000,174000100,1203,2006,174200000,174200000
2,871,174200000,174200100,1203,2006,174400000,174400000
2,872,174400000,174400100,1203,2006,174600000,174600000
2,873,174600000,174600100,1203,2006,174800000,174800000
2,874,174800000,174800100,1203,2006,175000000,175000000
2,875,175000000,175000100,1203,2006,175200000,175200000
2,876,175200000,175200100,1203,2006,175400000,175400000
2,877,175400000,175400100,1203,2006,175600000,175600000
2,878,175600000,175600100,1203,2006,175800000,175800000
2,879,175800000,175800100,1203,2006,176000000,176000000
2,880,176000000,176000100,1203,2006,176200000,176200000
2,881,176200000,176200100,1203,2006,176400000,176400000
2,882,176400000,176400100,1203,2006,176600000,176600000
2,883,176600000,176600100,1203,2006,176800000,176800000
2,884,176800000,176800100,1203,2006,177000000,177000000
2,885,177000000,177000100,1203,2006,177200000,177200000
2,886,177200000,177200100,1203,2006,177400000,177400000
2,887,177400000,177400100,1203,2006,177600000,177600000
2,888,177600000,177600100,1203,2006,177800000,177800000
2,889,177800000,177800100,1203,2006,178000000,178000000
2,890,178000000,178000100,1203,2006,178200000,178200000
2,891,178200000,178200100,1203,2006,178400000,178400000
2,892,178400000,178400100,1203,2006,178600000,178600000
2,893,178600000,178600100,1203,2006,178800000,178800000
2,894,178800000,178800100,1203,2006,179000000,179000000
2,895,179000000,179000100,1203,2006,179200000,179200000
2,896,179200000,179200100,1203,2006,179400000,179400000
2,897,179400000,179400100,1203,2006,179600000,179600000
2,898,179600000,179600100,1203,2006,179800000,179800000
2,899,179800000,179800100,1203,2006,180000000,180000000
2,900,180000000,180000100,1203,2006,180200000,180200000
2,901,180200000,180200100,1203,2006,180400000,180400000
2,902,180400000,180400100,1203,2006,180600000,180600000
2,903,180600000,180600100,1203,2006,180800000,180800000
2,904,180800000,180800100,1203,2006,181000000,181000000
2,905,181000000,181000100,1203,2006,181200000,181200000
2,906,181200000,181200100,1203,2006,181400000,181400000
2,907,181400000,181400100,1203,2006,181600000,181600000
2,908,181600000,181600100,1203,2006,181800000,181800000
2,909,181800000,181800100,1203,2006,182000000,182000000
2,910,182000000,182000100,1203,2006,182200000,182200000
2,911,182200000,182200100,1203,2006,182400000,182400000
2,912,182400000,182400100,1203,2006,182600000,182600000
2,913,182600000,182600100,1203,2006,182800000,182800000
2,914,182800000,182800100,1203,2006,183000000,183000000
2,915,183000000,183000100,1203,2006,183200000,183200000
2,916,183200000,183200100,1203,2006,183400000,183400000
2,917,183400000,183400100,1203,2006,183600000,183600000
2,918,183600000,183600100,1203,2006,183800000,183800000
2,919,183800000,183800100,1203,2006,184000000,184000000
2,920,184000000,184000100,1203,2006,184200000,184200000
2,921,184200000,184200100,1203,2006,184400000,184400000
2,922,184400000,184400100,1203,2006,184600000,184600000
2,923,184600000,184600100,1203,2006,184800000,184800000
2,924,184800000,184800100,1203,2006,185000000,185000000
2,925,185000000,185000100,1203,2006,185200000,185200000
2,926,185200000,185200100,1203,2006,185400000,185400000
2,927,185400000,185400100,1203,2006,185600000,185600000
2,928,185600000,185600100,1203,2006,185800000,185800000
2,929,185800000,185800100,1203,2006,186000000,186000000
2,930,186000000,186000100,1203,2006,186200000,186200000
2,931,186200000,186200100,1203,2006,186400000,186400000
2,932,186400000,186400100,1203,2006,186600000,186600000
2,933,186600000,186600100,1203,2006,186800000,186800000
2,934,186800000,186800100,1203,2006,187000000,187000000
2,935,187000000,187000100,1203,2006,187200000,187200000
2,936,187200000,187200100,1203,2006,187400000,187400000
2,937,187400000,187400100,1203,2006,187600000,187600000
2,938,187600000,187600100,1203,2006,187800000,187800000
2,939,187800000,187800100,1203,2006,188000000,188000000
2,940,188000000,188000100,1203,2006,188200000,188200000
2,941,188200000,188200100,1203,2006,188400000,188400000
2,942,188400000,188400100,1203,2006,188600000,188600000
2,943,188600000,188600100,1203,2006,188800000,188800000
2,944,188800000,188800100,1203,2006,189000000,189000000
2,945,189000000,189000100,1203,2006,189200000,189200000
2,946,189200000,189200100,1203,2006,189400000,189400000
2,947,189400000,189400100,1203,2006,189600000,189600000
2,948,189600000,189600100,1203,2006,189800000,189800000
2,949,189800000,189800100,1203,2006,190000000,190000000
2,950,190000000,190000100,1203,2006,190200000,190200000
2,951,190200000,190200100,1203,2006,190400000,190400000
2,952,190400000,190400100,1203,2006,190600000,190600000
2,953,190600000,190600100,1203,2006,190800000,190800000
2,954,190800000,190800100,1203,2006,191000000,191000000
2,955,191000000,191000100,1203,2006,191200000,191200000
2,956,191200000,191200100,1203,2006,191400000,191400000
2,957,191400000,191400100,1203,2006,191600000,191600000
2,958,191600000,191600100,1203,2006,191800000,191800000
2,959,191800000,191800100,1203,2006,192000000,192000000
2,960,192000000,192000100,1203,2006,192200000,192200000
2,961,192200000,192200100,1203,2006,192400000,192400000
2,962,192400000,192400100,1203,2006,192600000,192600000
2,963,192600000,192600100,1203,2006,192800000,192800000
2,964,192800000,192800100,1203,2006,193000000,193000000
2,965,193000000,193000100,1203,2006,193200000,193200000
2,966,193200000,193200100,1203,2006,193400000,193400000
2,967,193400000,193400100,1203,2006,193600000,193600000
2,968,193600000,193600100,1203,2006,193800000,193800000
2,969,193800000,193800100,1203,2006,194000000,194000000
2,970,194000000,194000100,1203,2006,194200000,194200000
2,971,194200000,194200100,1203,2006,194400000,194400000
2,972,194400000,194400100,1203,2006,194600000,194600000
2,973,194600000,194600100,1203,2006,194800000,194800000
2,974,194800000,194800100,1203,2006,195000000,195000000
2,975,195000000,195000100,1203,2006,195200000,195200000
2,976,195200000,195200100,1203,2006,195400000,195400000
2,977,195400000,195400100,1203,2006,195600000,195600000
2,978,195600000,195600100,1203,2006,195800000,195800000
2,979,195800000,195800100,1203,2006,196000000,196000000
2,980,196000000,196000100,1203,2006,196200000,196200000
2,981,196200000,196200100,1203,2006,196400000,196400000
2,982,196400000,196400100,1203,2006,196600000,196600000
2,983,196600000,196600100,1203,2006,196800000,196800000
2,984,196800000,196800100,1203,2006,197000000,197000000
2,985,197000000,197000100,1203,2006,197200000,197200000
2,986,197200000,197200100,1203,2006,197400000,197400000
2,987,197400000,197400100,1203,2006,197600000,197600000
2,988,197600000,197600100,1203,2006,197800000,197800000
2,989,197800000,197800100,1203,2006,198000000,198000000
2,990,198000000,198000100,1203,2006,198200000,198200000
2,991,198200000,198200100,1203,2006,198400000,198400000
2,992,198400000,198400100,1203,2006,198600000,198600000
2,993,198600000,198600100,1203,2006,198800000,198800000
2,994,198800000,198800100,1203,2006,199000000,199000000
2,995,199000000,199000100,1203,2006,199200000,199200000
2,996,199200000,199200100,1203,2006,199400000,199400000
2,997,199400000,199400100,1203,2006,199600000,199600000
2,998,199600000,199600100,1203,2006,199800000,199800000
2,999,199800000,199800100,1203,2006,200000000,200000000
2,1000,200000000,200000100,1203,2006,200200000,200200000
2,1001,200200000,200200100,1203,2006,200400000,200400000
2,1002,200400000,200400100,1203,2006,200600000,200600000
2,1003,200600000,200600100,1203,2006,200800000,200800000
2,1004,200800000,200800100,1203,2006,201000000,201000000
2,1005,201000000,201000100,1203,2006,201200000,201200000
2,1006,201200000,201200100,1203,2006,201400000,201400000
2,1007,201400000,201400100,1203,2006,201600000,201600000
2,1008,201600000,201600100,1203,2006,201800000,201800000
2,1009,201800000,201800100,1203,2006,202000000,202000000
2,1010,202000000,202000100,1203,2006,202200000,202200000
2,1011,202200000,202200100,1203,2006,202400000,202400000
2,1012,202400000,202400100,1203,2006,202600000,202600000
2,1013,202600000,202600100,1203,2006,202800000,202800000
2,1014,202800000,202800100,1203,2006,203000000,203000000
2,1015,203000000,203000100,1203,2006,203200000,203200000
2,1016,203200000,203200100,1203,2006,203400000,203400000
2,1017,203400000,203400100,1203,2006,203600000,203600000
2,1018,203600000,203600100,1203,2006,203800000,203800000
2,1019,203800000,203800100,1203,2006,204000000,204000000
2,1020,204000000,204000100,1203,2006,204200000,204200000
2,1021,204200000,204200100,1203,2006,204400000,204400000
2,1022,204400000,204400100,1203,2006,204600000,204600000
2,1023,204600000,204600100,1203,2006,204800000,204800000
2,1024,204800000,204800100,1203,2006,205000000,205000000
2,1025,205000000,205000100,1203,2006,205200000,205200000
2,1026,205200000,205200100,1203,2006,205400000,205400000
2,1027,205400000,205400100,1203,2006,205600000,205600000
2,1028,205600000,205600100,1203,2006,205800000,205800000
2,1029,205800000,205800100,1203,2006,206000000,206000000
2,1030,206000000,206000100,1203,2006,206200000,206200000
2,1031,206200000,206200100,1203,2006,206400000,206400000
2,1032,206400000,206400100,1203,2006,206600000,206600000
2,1033,206600000,206600100,1203,2006,206800000,206800000
2,1034,206800000,206800100,1203,2006,207000000,207000000
2,1035,207000000,207000100,1203,2006,207200000,207200000
2,1036,207200000,207200100,1203,2006,207400000,207400000
2,1037,207400000,207400100,1203,2006,207600000,207600000
2,1038,207600000,207600100,1203,2006,207800000,207800000
2,1039,207800000,207800100,1203,2006,208000000,208000000
2,1040,208000000,208000100,1203,2006,208200000,208200000
2,1041,208200000,208200100,1203,2006,208400000,208400000
2,1042,208400000,208400100,1203,2006,208600000,208600000
2,1043,208600000,208600100,1203,2006,208800000,208800000
2,1044,208800000,208800100,1203,2006,209000000,209000000
2,1045,209000000,209000100,1203,2006,209200000,209200000
2,1046,209200000,209200100,1203,2006,209400000,209400000
2,1047,209400000,209400100,1203,2006,209600000,209600000
2,1048,209600000,209600100,1203,2006,209800000,209800000
2,1049,209800000,209800100,1203,2006,210000000,210000000
2,1050,210000000,210000100,1203,2006,210200000,210200000
2,1051,210200000,210200100,1203,2006,210400000,210400000
2,1052,210400000,210400100,1203,2006,210600000,210600000
2,1053,210600000,210600100,1203,2006,210800000,210800000
2,1054,210800000,210800100,1203,2006,211000000,211000000
2,1055,211000000,211000100,1203,2006,211200000,211200000
2,1056,211200000,211200100,1203,2006,211400000,211400000
2,1057,211400000,211400100,1203,2006,211600000,211600000
2,1058,211600000,211600100,1203,2006,211800000,211800000
2,1059,211800000,211800100,1203,2006,212000000,212000000
2,1060,212000000,212000100,1203,2006,212200000,212200000
2,1061,212200000,212200100,1203,2006,212400000,212400000
2,1062,212400000,212400100,1203,2006,212600000,212600000
2,1063,212600000,212600100,1203,2006,212800000,212800000
2,1064,212800000,212800100,1203,2006,213000000,213000000
2,1065,213000000,213000100,1203,2006,213200000,213200000
2,1066,213200000,213200100,1203,2006,213400000,213400000
2,1067,213400000,213400100,1203,2006,213600000,213600000
2,1068,213600000,213600100,1203,2006,213800000,213800000
2,1069,213800000,213800100,1203,2006,214000000,214000000
2,1070,214000000,214000100,1203,2006,214200000,214200000
2,1071,214200000,214200100,1203,2006,214400000,214400000
2,1072,214400000,214400100,1203,2006,214600000,214600000
2,1073,214600000,214600100,1203,2006,214800000,214800000
2,1074,214800000,214800100,1203,2006,215000000,215000000
2,1075,215000000,215000100,1203,2006,215200000,215200000
2,1076,215200000,215200100,1203,2006,215400000,215400000
2,1077,215400000,215400100,1203,2006,215600000,215600000
2,1078,215600000,215600100,1203,2006,215800000,215800000
2,1079,215800000,215800100,1203,2006,216000000,216000000
2,1080,216000000,216000100,1203,2006,216200000,216200000
2,1081,216200000,216200100,1203,2006,216400000,216400000
2,1082,216400000,216400100,1203,2006,216600000,216600000
2,1083,216600000,216600100,1203,2006,216800000,216800000
2,1084,216800000,216800100,1203,2006,217000000,217000000
2,1085,217000000,217000100,1203,2006,217200000,217200000
2,1086,217200000,217200100,1203,2006,217400000,217400000
2,1087,217400000,217400100,1203,2006,217600000,217600000
2,1088,217600000,217600100,1203,2006,217800000,217800000
2,1089,217800000,217800100,1203,2006,218000000,218000000
2,1090,218000000,218000100,1203,2006,218200000,218200000
2,1091,218200000,218200100,1203,2006,218400000,218400000
2,1092,218400000,218400100,1203,2006,218600000,218600000
2,1093,218600000,218600100,1203,2006,218800000,218800000
2,1094,218800000,218800100,1203,2006,219000000,219000000
2,1095,219000000,219000100,1203,2006,219200000,219200000
2,1096,219200000,219200100,1203,2006,219400000,219400000
2,1097,219400000,219400100,1203,2006,219600000,219600000
2,1098,219600000,219600100,1203,2006,219800000,219800000
2,1099,219800000,219800100,1203,2006,220000000,220000000
2,1100,220000000,220000100,1203,2006,220200000,220200000
2,1101,220200000,220200100,1203,2006,220400000,220400000
2,1102,220400000,220400100,1203,2006,220600000,220600000
2,1103,220600000,220600100,1203,2006,220800000,220800000
2,1104,220800000,220800100,1203,2006,221000000,221000000
2,1105,221000000,221000100,1203,2006,221200000,221200000
2,1106,221200000,221200100,1203,2006,221400000,221400000
2,1107,221400000,221400100,1203,2006,221600000,221600000
2,1108,221600000,221600100,1203,2006,221800000,221800000
2,1109,221800000,221800100,1203,2006,222000000,222000000
2,1110,222000000,222000100,1203,2006,222200000,222200000
2,1111,222200000,222200100,1203,2006,222400000,222400000
2,1112,222400000,222400100,1203,2006,222600000,222600000
2,1113,222600000,222600100,1203,2006,222800000,222800000
2,1114,222800000,222800100,1203,2006,223000000,223000000
2,1115,223000000,223000100,1203,2006,223200000,223200000
2,1116,223200000,223200100,1203,2006,223400000,223400000
2,1117,223400000,223400100,1203,2006,223600000,223600000
2,1118,223600000,223600100,1203,2006,223800000,223800000
2,1119,223800000,223800100,1203,2006,224000000,224000000
2,1120,224000000,224000100,1203,2006,224200000,224200000
2,1121,224200000,224200100,1203,2006,224400000,224400000
2,1122,224400000,224400100,1203,2006,224600000,224600000
2,1123,224600000,224600100,1203,2006,224800000,224800000
2,1124,224800000,224800100,1203,2006,225000000,225000000
2,1125,225000000,225000100,1203,2006,225200000,225200000
2,1126,225200000,225200100,1203,2006,225400000,225400000
2,1127,225400000,225400100,1203,2006,225600000,225600000
2,1128,225600000,225600100,1203,2006,225800000,225800000
2,1129,225800000,225800100,1203,2006,226000000,226000000
2,1130,226000000,226000100,1203,2006,226200000,226200000
2,1131,226200000,226200100,1203,2006,226400000,226400000
2,1132,226400000,226400100,1203,2006,226600000,226600000
2,1133,226600000,226600100,1203,2006,226800000,226800000
2,1134,226800000,226800100,1203,2006,227000000,227000000
2,1135,227000000,227000100,1203,2006,227200000,227200000
2,1136,227200000,227200100,1203,2006,227400000,227400000
2,1137,227400000,227400100,1203,2006,227600000,227600000
2,1138,227600000,227600100,1203,2006,227800000,227800000
2,1139,227800000,227800100,1203,2006,228000000,228000000
2,1140,228000000,228000100,1203,2006,228200000,228200000
2,1141,228200000,228200100,1203,2006,228400000,228400000
2,1142,228400000,228400100,1203,2006,228600000,228600000
2,1143,228600000,228600100,1203,2006,228800000,228800000
2,1144,228800000,228800100,1203,2006,229000000,229000000
2,1145,229000000,229000100,1203,2006,229200000,229200000
2,1146,229200000,229200100,1203,2006,229400000,229400000
2,1147,229400000,229400100,1203,2006,229600000,229600000
2,1148,229600000,229600100,1203,2006,229800000,229800000
2,1149,229800000,229800100,1203,2006,230000000,230000000
2,1150,230000000,230000100,1203,2006,230200000,230200000
2,1151,230200000,230200100,1203,2006,230400000,230400000
2,1152,230400000,230400100,1203,2006,230600000,230600000
2,1153,230600000,230600100,1203,2006,230800000,230800000
2,1154,230800000,230800100,1203,2006,231000000,231000000
2,1155,231000000,231000100,1203,2006,231200000,231200000
2,1156,231200000,231200100,1203,2006,231400000,231400000
2,1157,231400000,231400100,1203,2006,231600000,231600000
2,1158,231600000,231600100,1203,2006,231800000,231800000
2,1159,231800000,231800100,1203,2006,232000000,232000000
2,1160,232000000,232000100,1203,2006,232200000,232200000
2,1161,232200000,232200100,1203,2006,232400000,232400000
2,1162,232400000,232400100,1203,2006,232600000,232600000
2,1163,232600000,232600100,1203,2006,232800000,232800000
2,1164,232800000,232800100,1203,2006,233000000,233000000
2,1165,233000000,233000100,1203,2006,233200000,233200000
2,1166,233200000,233200100,1203,2006,233400000,233400000
2,1167,233400000,233400100,1203,2006,233600000,233600000
2,1168,233600000,233600100,1203,2006,233800000,233800000
2,1169,233800000,233800100,1203,2006,234000000,234000000
2,1170,234000000,234000100,1203,2006,234200000,234200000
2,1171,234200000,234200100,1203,2006,234400000,234400000
2,1172,234400000,234400100,1203,2006,234600000,234600000
2,1173,234600000,234600100,1203,2006,234800000,234800000
2,1174,234800000,234800100,1203,2006,235000000,235000000
2,1175,235000000,235000100,1203,2006,235200000,235200000
2,1176,235200000,235200100,1203,2006,235400000,235400000
2,1177,235400000,235400100,1203,2006,235600000,235600000
2,1178,235600000,235600100,1203,2006,235800000,235800000
2,1179,235800000,235800100,1203,2006,236000000,236000000
2,1180,236000000,236000100,1203,2006,236200000,236200000
2,1181,236200000,236200100,1203,2006,236400000,236400000
2,1182,236400000,236400100,1203,2006,236600000,236600000
2,1183,236600000,236600100,1203,2006,236800000,236800000
2,1184,236800000,236800100,1203,2006,237000000,237000000
2,1185,237000000,237000100,1203,2006,237200000,237200000
2,1186,237200000,237200100,1203,2006,237400000,237400000
2,1187,237400000,237400100,1203,2006,237600000,237600000
2,1188,237600000,237600100,1203,2006,237800000,237800000
2,1189,237800000,237800100,1203,2006,238000000,238000000
2,1190,238000000,238000100,1203,2006,238200000,238200000
2,1191,238200000,238200100,1203,2006,238400000,238400000
2,1192,238400000,238400100,1203,2006,238600000,238600000
2,1193,238600000,238600100,1203,2006,238800000,238800000
2,1194,238800000,238800100,1203,2006,239000000,239000000
2,1195,239000000,239000100,1203,2006,239200000,239200000
2,1196,239200000,239200100,1203,2006,239400000,239400000
2,1197,239400000,239400100,1203,2006,239600000,239600000
2,1198,239600000,239600100,1203,2006,239800000,239800000
2,1199,239800000,239800100,1203,2006,240000000,240000000
2,1200,240000000,240000100,1203,2006,240200000,240200000
2,1201,240200000,240200100,1203,2006,240400000,240400000
2,1202,240400000,240400100,1203,2006,240600000,240600000
2,1203,240600000,240600100,1203,2006,240800000,240800000
2,1204,240800000,240800100,1203,2006,241000000,241000000
2,1205,241000000,241000100,1203,2006,241200000,241200000
2,1206,241200000,241200100,1203,2006,241400000,241400000
2,1207,241400000,241400100,1203,2006,241600000,241600000
2,1208,241600000,241600100,1203,2006,241800000,241800000
2,1209,241800000,241800100,1203,2006,242000000,242000000
2,1210,242000000,242000100,1203,2006,242200000,242200000
2,1211,242200000,242200100,1203,2006,242400000,242400000
2,1212,242400000,242400100,1203,2006,242600000,242600000
2,1213,242600000,242600100,1203,2006,242800000,242800000
2,1214,242800000,242800100,1203,2006,243000000,243000000
2,1215,243000000,243000100,1203,2006,243200000,243200000
2,1216,243200000,243200100,1203,2006,243400000,243400000
2,1217,243400000,243400100,1203,2006,243600000,243600000
2,1218,243600000,243600100,1203,2006,243800000,243800000
2,1219,243800000,243800100,1203,2006,244000000,244000000
2,1220,244000000,244000100,1203,2006,244200000,244200000
2,1221,244200000,244200100,1203,2006,244400000,244400000
2,1222,244400000,244400100,1203,2006,244600000,244600000
2,1223,244600000,244600100,1203,2006,244800000,244800000
2,1224,244800000,244800100,1203,2006,245000000,245000000
2,1225,245000000,245000100,1203,2006,245200000,245200000
2,1226,245200000,245200100,1203,2006,245400000,245400000
2,1227,245400000,245400100,1203,2006,245600000,245600000
2,1228,245600000,245600100,1203,2006,245800000,245800000
2,1229,245800000,245800100,1203,2006,246000000,246000000
2,1230,246000000,246000100,1203,2006,246200000,246200000
2,1231,246200000,246200100,1203,2006,246400000,246400000
2,1232,246400000,246400100,1203,2006,246600000,246600000
2,1233,246600000,246600100,1203,2006,246800000,246800000
2,1234,246800000,246800100,1203,2006,247000000,247000000
2,1235,247000000,247000100,1203,2006,247200000,247200000
2,1236,247200000,247200100,1203,2006,247400000,247400000
2,1237,247400000,247400100,1203,2006,247600000,247600000
2,1238,247600000,247600100,1203,2006,247800000,247800000
2,1239,247800000,247800100,1203,2006,248000000,248000000
2,1240,248000000,248000100,1203,2006,248200000,248200000
2,1241,248200000,248200100,1203,2006,248400000,248400000
2,1242,248400000,248400100,1203,2006,248600000,248600000
2,1243,248600000,248600100,1203,2006,248800000,248800000
2,1244,248800000,248800100,1203,2006,249000000,249000000
2,1245,249000000,249000100,1203,2006,249200000,249200000
2,1246,249200000,249200100,1203,2006,249400000,249400000
2,1247,249400000,249400100,1203,2006,249600000,249600000
2,1248,249600000,249600100,1203,2006,249800000,249800000
2,1249,249800000,249800100,1203,2006,250000000,250000000
2,1250,250000000,250000100,1203,2006,250200000,250200000
2,1251,250200000,250200100,1203,2006,250400000,250400000
2,1252,250400000,250400100,1203,2006,250600000,250600000
2,1253,250600000,250600100,1203,2006,250800000,250800000
2,1254,250800000,250800100,1203,2006,251000000,251000000
2,1255,251000000,251000100,1203,2006,251200000,251200000
2,1256,251200000,251200100,1203,2006,251400000,251400000
2,1257,251400000,251400100,1203,2006,251600000,251600000
2,1258,251600000,251600100,1203,2006,251800000,251800000
2,1259,251800000,251800100,1203,2006,252000000,252000000
2,1260,252000000,252000100,1203,2006,252200000,252200000
2,1261,252200000,252200100,1203,2006,252400000,252400000
2,1262,252400000,252400100,1203,2006,252600000,252600000
2,1263,252600000,252600100,1203,2006,252800000,252800000
2,1264,252800000,252800100,1203,2006,253000000,253000000
2,1265,253000000,253000100,1203,2006,253200000,253200000
2,1266,253200000,253200100,1203,2006,253400000,253400000
2,1267,253400000,253400100,1203,2006,253600000,253600000
2,1268,253600000,253600100,1203,2006,253800000,253800000
2,1269,253800000,253800100,1203,2006,254000000,254000000
2,1270,254000000,254000100,1203,2006,254200000,254200000
2,1271,254200000,254200100,1203,2006,254400000,254400000
2,1272,254400000,254400100,1203,2006,254600000,254600000
2,1273,254600000,254600100,1203,2006,254800000,254800000
2,1274,254800000,254800100,1203,2006,255000000,255000000
2,1275,255000000,255000100,1203,2006,255200000,255200000
2,1276,255200000,255200100,1203,2006,255400000,255400000
2,1277,255400000,255400100,1203,2006,255600000,255600000
2,1278,255600000,255600100,1203,2006,255800000,255800000
2,1279,255800000,255800100,1203,2006,256000000,256000000
2,1280,256000000,256000100,1203,2006,256200000,256200000
2,1281,256200000,256200100,1203,2006,256400000,256400000
2,1282,256400000,256400100,1203,2006,256600000,256600000
2,1283,256600000,256600100,1203,2006,256800000,256800000
2,1284,256800000,256800100,1203,2006,257000000,257000000
2,1285,257000000,257000100,1203,2006,257200000,257200000
2,1286,257200000,257200100,1203,2006,257400000,257400000
2,1287,257400000,257400100,1203,2006,257600000,257600000
2,1288,257600000,257600100,1203,2006,257800000,257800000
2,1289,257800000,257800100,1203,2006,258000000,258000000
2,1290,258000000,258000100,1203,2006,258200000,258200000
2,1291,258200000,258200100,1203,2006,258400000,258400000
2,1292,258400000,258400100,1203,2006,258600000,258600000
2,1293,258600000,258600100,1203,2006,258800000,258800000
2,1294,258800000,258800100,1203,2006,259000000,259000000
2,1295,259000000,259000100,1203,2006,259200000,259200000
2,1296,259200000,259200100,1203,2006,259400000,259400000
2,1297,259400000,259400100,1203,2006,259600000,259600000
2,1298,259600000,259600100,1203,2006,259800000,259800000
2,1299,259800000,259800100,1203,2006,260000000,260000000
2,1300,260000000,260000100,1203,2006,260200000,260200000
2,1301,260200000,260200100,1203,2006,260400000,260400000
2,1302,260400000,260400100,1203,2006,260600000,260600000
2,1303,260600000,260600100,1203,2006,260800000,260800000
2,1304,260800000,260800100,1203,2006,261000000,261000000
2,1305,261000000,261000100,1203,2006,261200000,261200000
2,1306,261200000,261200100,1203,2006,261400000,261400000
2,1307,261400000,261400100,1203,2006,261600000,261600000
2,1308,261600000,261600100,1203,2006,261800000,261800000
2,1309,261800000,261800100,1203,2006,262000000,262000000
2,1310,262000000,262000100,1203,2006,262200000,262200000
2,1311,262200000,262200100,1203,2006,262400000,262400000
2,1312,262400000,262400100,1203,2006,262600000,262600000
2,1313,262600000,262600100,1203,2006,262800000,262800000
2,1314,262800000,262800100,1203,2006,263000000,263000000
2,1315,263000000,263000100,1203,2006,263200000,263200000
2,1316,263200000,263200100,1203,2006,263400000,263400000
2,1317,263400000,263400100,1203,2006,263600000,263600000
2,1318,263600000,263600100,1203,2006,263800000,263800000
2,1319,263800000,263800100,1203,2006,264000000,264000000
2,1320,264000000,264000100,1203,2006,264200000,264200000
2,1321,264200000,264200100,1203,2006,264400000,264400000
2,1322,264400000,264400100,1203,2006,264600000,264600000
2,1323,264600000,264600100,1203,2006,264800000,264800000
2,1324,264800000,264800100,1203,2006,265000000,265000000
2,1325,265000000,265000100,1203,2006,265200000,265200000
2,1326,265200000,265200100,1203,2006,265400000,265400000
2,1327,265400000,265400100,1203,2006,265600000,265600000
2,1328,265600000,265600100,1203,2006,265800000,265800000
2,1329,265800000,265800100,1203,2006,266000000,266000000
2,1330,266000000,266000100,1203,2006,266200000,266200000
2,1331,266200000,266200100,1203,2006,266400000,266400000
2,1332,266400000,266400100,1203,2006,266600000,266600000
2,1333,266600000,266600100,1203,2006,266800000,266800000
2,1334,266800000,266800100,1203,2006,267000000,267000000
2,1335,267000000,267000100,1203,2006,267200000,267200000
2,1336,267200000,267200100,1203,2006,267400000,267400000
2,1337,267400000,267400100,1203,2006,267600000,267600000
2,1338,267600000,267600100,1203,2006,267800000,267800000
2,1339,267800000,267800100,1203,2006,268000000,268000000
2,1340,268000000,268000100,1203,2006,268200000,268200000
2,1341,268200000,268200100,1203,2006,268400000,268400000
2,1342,268400000,268400100,1203,2006,268600000,268600000
2,1343,268600000,268600100,1203,2006,268800000,268800000
2,1344,268800000,268800100,1203,2006,269000000,269000000
2,1345,269000000,269000100,1203,2006,269200000,269200000
2,1346,269200000,269200100,1203,2006,269400000,269400000
2,1347,269400000,269400100,1203,2006,269600000,269600000
2,1348,269600000,269600100,1203,2006,269800000,269800000
2,1349,269800000,269800100,1203,2006,270000000,270000000
2,1350,270000000,270000100,1203,2006,270200000,270200000
2,1351,270200000,270200100,1203,2006,270400000,270400000
2,1352,270400000,270400100,1203,2006,270600000,270600000
2,1353,270600000,270600100,1203,2006,270800000,270800000
2,1354,270800000,270800100,1203,2006,271000000,271000000
2,1355,271000000,271000100,1203,2006,271200000,271200000
2,1356,271200000,271200100,1203,2006,271400000,271400000
2,1357,271400000,271400100,1203,2006,271600000,271600000
2,1358,271600000,271600100,1203,2006,271800000,271800000
2,1359,271800000,271800100,1203,2006,272000000,272000000
2,1360,272000000,272000100,1203,2006,272200000,272200000
2,1361,272200000,272200100,1203,2006,272400000,272400000
2,1362,272400000,272400100,1203,2006,272600000,272600000
2,1363,272600000,272600100,1203,2006,272800000,272800000
2,1364,272800000,272800100,1203,2006,273000000,273000000
2,1365,273000000,273000100,1203,2006,273200000,273200000
2,1366,273200000,273200100,1203,2006,273400000,273400000
2,1367,273400000,273400100,1203,2006,273600000,273600000
2,1368,273600000,273600100,1203,2006,273800000,273800000
2,1369,273800000,273800100,1203,2006,274000000,274000000
2,1370,274000000,274000100,1203,2006,274200000,274200000
2,1371,274200000,274200100,1203,2006,274400000,274400000
2,1372,274400000,274400100,1203,2006,274600000,274600000
2,1373,274600000,274600100,1203,2006,274800000,274800000
2,1374,274800000,274800100,1203,2006,275000000,275000000
2,1375,275000000,275000100,1203,2006,275200000,275200000
2,1376,275200000,275200100,1203,2006,275400000,275400000
2,1377,275400000,275400100,1203,2006,275600000,275600000
2,1378,275600000,275600100,1203,2006,275800000,275800000
2,1379,275800000,275800100,1203,2006,276000000,276000000
2,1380,276000000,276000100,1203,2006,276200000,276200000
2,1381,276200000,276200100,1203,2006,276400000,276400000
2,1382,276400000,276400100,1203,2006,276600000,276600000
2,1383,276600000,276600100,1203,2006,276800000,276800000
2,1384,276800000,276800100,1203,2006,277000000,277000000
2,1385,277000000,277000100,1203,2006,277200000,277200000
2,1386,277200000,277200100,1203,2006,277400000,277400000
2,1387,277400000,277400100,1203,2006,277600000,277600000
2,1388,277600000,277600100,1203,2006,277800000,277800000
2,1389,277800000,277800100,1203,2006,278000000,278000000
2,1390,278000000,278000100,1203,2006,278200000,278200000
2,1391,278200000,278200100,1203,2006,278400000,278400000
2,1392,278400000,278400100,1203,2006,278600000,278600000
2,1393,278600000,278600100,1203,2006,278800000,278800000
2,1394,278800000,278800100,1203,2006,279000000,279000000
2,1395,279000000,279000100,1203,2006,279200000,279200000
2,1396,279200000,279200100,1203,2006,279400000,279400000
2,1397,279400000,279400100,1203,2006,279600000,279600000
2,1398,279600000,279600100,1203,2006,279800000,279800000
2,1399,279800000,279800100,1203,2006,280000000,280000000
2,1400,280000000,280000100,1203,2006,280200000,280200000
2,1401,280200000,280200100,1203,2006,280400000,280400000
2,1402,280400000,280400100,1203,2006,280600000,280600000
2,1403,280600000,280600100,1203,2006,280800000,280800000
2,1404,280800000,280800100,1203,2006,281000000,281000000
2,1405,281000000,281000100,1203,2006,281200000,281200000
2,1406,281200000,281200100,1203,2006,281400000,281400000
2,1407,281400000,281400100,1203,2006,281600000,281600000
2,1408,281600000,281600100,1203,2006,281800000,281800000
2,1409,281800000,281800100,1203,2006,282000000,282000000
2,1410,282000000,282000100,1203,2006,282200000,282200000
2,1411,282200000,282200100,1203,2006,282400000,282400000
2,1412,282400000,282400100,1203,2006,282600000,282600000
2,1413,282600000,282600100,1203,2006,282800000,282800000
2,1414,282800000,282800100,1203,2006,283000000,283000000
2,1415,283000000,283000100,1203,2006,283200000,283200000
2,1416,283200000,283200100,1203,2006,283400000,283400000
2,1417,283400000,283400100,1203,2006,283600000,283600000
2,1418,283600000,283600100,1203,2006,283800000,283800000
2,1419,283800000,283800100,1203,2006,284000000,284000000
2,1420,284000000,284000100,1203,2006,284200000,284200000
2,1421,284200000,284200100,1203,2006,284400000,284400000
2,1422,284400000,284400100,1203,2006,284600000,284600000
2,1423,284600000,284600100,1203,2006,284800000,284800000
2,1424,284800000,284800100,1203,2006,285000000,285000000
2,1425,285000000,285000100,1203,2006,285200000,285200000
2,1426,285200000,285200100,1203,2006,285400000,285400000
2,1427,285400000,285400100,1203,2006,285600000,285600000
2,1428,285600000,285600100,1203,2006,285800000,285800000
2,1429,285800000,285800100,1203,2006,286000000,286000000
2,1430,286000000,286000100,1203,2006,286200000,286200000
2,1431,286200000,286200100,1203,2006,286400000,286400000
2,1432,286400000,286400100,1203,2006,286600000,286600000
2,1433,286600000,286600100,1203,2006,286800000,286800000
2,1434,286800000,286800100,1203,2006,287000000,287000000
2,1435,287000000,287000100,1203,2006,287200000,287200000
2,1436,287200000,287200100,1203,2006,287400000,287400000
2,1437,287400000,287400100,1203,2006,287600000,287600000
2,1438,287600000,287600100,1203,2006,287800000,287800000
2,1439,287800000,287800100,1203,2006,288000000,288000000
2,1440,288000000,288000100,1203,2006,288200000,288200000
2,1441,288200000,288200100,1203,2006,288400000,288400000
2,1442,288400000,288400100,1203,2006,288600000,288600000
2,1443,288600000,288600100,1203,2006,288800000,288800000
2,1444,288800000,288800100,1203,2006,289000000,289000000
2,1445,289000000,289000100,1203,2006,289200000,289200000
2,1446,289200000,289200100,1203,2006,289400000,289400000
2,1447,289400000,289400100,1203,2006,289600000,289600000
2,1448,289600000,289600100,1203,2006,289800000,289800000
2,1449,289800000,289800100,1203,2006,290000000,290000000
2,1450,290000000,290000100,1203,2006,290200000,290200000
2,1451,290200000,290200100,1203,2006,290400000,290400000
2,1452,290400000,290400100,1203,2006,290600000,290600000
2,1453,290600000,290600100,1203,2006,290800000,290800000
2,1454,290800000,290800100,1203,2006,291000000,291000000
2,1455,291000000,291000100,1203,2006,291200000,291200000
2,1456,291200000,291200100,1203,2006,291400000,291400000
2,1457,291400000,291400100,1203,2006,291600000,291600000
2,1458,291600000,291600100,1203,2006,291800000,291800000
2,1459,291800000,291800100,1203,2006,292000000,292000000
2,1460,292000000,292000100,1203,2006,292200000,292200000
2,1461,292200000,292200100,1203,2006,292400000,292400000
2,1462,292400000,292400100,1203,2006,292600000,292600000
2,1463,292600000,292600100,1203,2006,292800000,292800000
2,1464,292800000,292800100,1203,2006,293000000,293000000
2,1465,293000000,293000100,1203,2006,293200000,293200000
2,1466,293200000,293200100,1203,2006,293400000,293400000
2,1467,293400000,293400100,1203,2006,293600000,293600000
2,1468,293600000,293600100,1203,2006,293800000,293800000
2,1469,293800000,293800100,1203,2006,294000000,294000000
2,1470,294000000,294000100,1203,2006,294200000,294200000
2,1471,294200000,294200100,1203,2006,294400000,294400000
2,1472,294400000,294400100,1203,2006,294600000,294600000
2,1473,294600000,294600100,1203,2006,294800000,294800000
2,1474,294800000,294800100,1203,2006,295000000,295000000
2,1475,295000000,295000100,1203,2006,295200000,295200000
2,1476,295200000,295200100,1203,2006,295400000,295400000
2,1477,295400000,295400100,1203,2006,295600000,295600000
2,1478,295600000,295600100,1203,2006,295800000,295800000
2,1479,295800000,295800100,1203,2006,296000000,296000000
2,1480,296000000,296000100,1203,2006,296200000,296200000
2,1481,296200000,296200100,1203,2006,296400000,296400000
2,1482,296400000,296400100,1203,2006,296600000,296600000
2,1483,296600000,296600100,1203,2006,296800000,296800000
2,1484,296800000,296800100,1203,2006,297000000,297000000
2,1485,297000000,297000100,1203,2006,297200000,297200000
2,1486,297200000,297200100,1203,2006,297400000,297400000
2,1487,297400000,297400100,1203,2006,297600000,297600000
2,1488,297600000,297600100,1203,2006,297800000,297800000
2,1489,297800000,297800100,1203,2006,298000000,298000000
2,1490,298000000,298000100,1203,2006,298200000,298200000
2,1491,298200000,298200100,1203,2006,298400000,298400000
2,1492,298400000,298400100,1203,2006,298600000,298600000
2,1493,298600000,298600100,1203,2006,298800000,298800000
2,1494,298800000,298800100,1203,2006,299000000,299000000
2,1495,299000000,299000100,1203,2006,299200000,299200000
2,1496,299200000,299200100,1203,2006,299400000,299400000
2,1497,299400000,299400100,1203,2006,299600000,299600000
2,1498,299600000,299600100,1203,2006,299800000,299800000
2,1499,299800000,299800100,1203,2006,300000000,300000000
2,1500,300000000,300000100,1203,2006,300200000,300200000
2,1501,300200000,300200100,1203,2006,300400000,300400000
2,1502,300400000,300400100,1203,2006,300600000,300600000
2,1503,300600000,300600100,1203,2006,300800000,300800000
2,1504,300800000,300800100,1203,2006,301000000,301000000
2,1505,301000000,301000100,1203,2006,301200000,301200000
2,1506,301200000,301200100,1203,2006,301400000,301400000
2,1507,301400000,301400100,1203,2006,301600000,301600000
2,1508,301600000,301600100,1203,2006,301800000,301800000
2,1509,301800000,301800100,1203,2006,302000000,302000000
2,1510,302000000,302000100,1203,2006,302200000,302200000
2,1511,302200000,302200100,1203,2006,302400000,302400000
2,1512,302400000,302400100,1203,2006,302600000,302600000
2,1513,302600000,302600100,1203,2006,302800000,302800000
2,1514,302800000,302800100,1203,2006,303000000,303000000
2,1515,303000000,303000100,1203,2006,303200000,303200000
2,1516,303200000,303200100,1203,2006,303400000,303400000
2,1517,303400000,303400100,1203,2006,303600000,303600000
2,1518,303600000,303600100,1203,2006,303800000,303800000
2,1519,303800000,303800100,1203,2006,304000000,304000000
2,1520,304000000,304000100,1203,2006,304200000,304200000
2,1521,304200000,304200100,1203,2006,304400000,304400000
2,1522,304400000,304400100,1203,2006,304600000,304600000
2,1523,304600000,304600100,1203,2006,304800000,304800000
2,1524,304800000,304800100,1203,2006,305000000,305000000
2,1525,305000000,305000100,1203,2006,305200000,305200000
2,1526,305200000,305200100,1203,2006,305400000,305400000
2,1527,305400000,305400100,1203,2006,305600000,305600000
2,1528,305600000,305600100,1203,2006,305800000,305800000
2,1529,305800000,305800100,1203,2006,306000000,306000000
2,1530,306000000,306000100,1203,2006,306200000,306200000
2,1531,306200000,306200100,1203,2006,306400000,306400000
2,1532,306400000,306400100,1203,2006,306600000,306600000
2,1533,306600000,306600100,1203,2006,306800000,306800000
2,1534,306800000,306800100,1203,2006,307000000,307000000
2,1535,307000000,307000100,1203,2006,307200000,307200000
2,1536,307200000,307200100,1203,2006,307400000,307400000
2,1537,307400000,307400100,1203,2006,307600000,307600000
2,1538,307600000,307600100,1203,2006,307800000,307800000
2,1539,307800000,307800100,1203,2006,308000000,308000000
2,1540,308000000,308000100,1203,2006,308200000,308200000
2,1541,308200000,308200100,1203,2006,308400000,308400000
2,1542,308400000,308400100,1203,2006,308600000,308600000
2,1543,308600000,308600100,1203,2006,308800000,308800000
2,1544,308800000,308800100,1203,2006,309000000,309000000
2,1545,309000000,309000100,1203,2006,309200000,309200000
2,1546,309200000,309200100,1203,2006,309400000,309400000
2,1547,309400000,309400100,1203,2006,309600000,309600000
2,1548,309600000,309600100,1203,2006,309800000,309800000
2,1549,309800000,309800100,1203,2006,310000000,310000000
2,1550,310000000,310000100,1203,2006,310200000,310200000
2,1551,310200000,310200100,1203,2006,310400000,310400000
2,1552,310400000,310400100,1203,2006,310600000,310600000
2,1553,310600000,310600100,1203,2006,310800000,310800000
2,1554,310800000,310800100,1203,2006,311000000,311000000
2,1555,311000000,311000100,1203,2006,311200000,311200000
2,1556,311200000,311200100,1203,2006,311400000,311400000
2,1557,311400000,311400100,1203,2006,311600000,311600000
2,1558,311600000,311600100,1203,2006,311800000,311800000
2,1559,311800000,311800100,1203,2006,312000000,312000000
2,1560,312000000,312000100,1203,2006,312200000,312200000
2,1561,312200000,312200100,1203,2006,312400000,312400000
2,1562,312400000,312400100,1203,2006,312600000,312600000
2,1563,312600000,312600100,1203,2006,312800000,312800000
2,1564,312800000,312800100,1203,2006,313000000,313000000
2,1565,313000000,313000100,1203,2006,313200000,313200000
2,1566,313200000,313200100,1203,2006,313400000,313400000
2,1567,313400000,313400100,1203,2006,313600000,313600000
2,1568,313600000,313600100,1203,2006,313800000,313800000
2,1569,313800000,313800100,1203,2006,314000000,314000000
2,1570,314000000,314000100,1203,2006,314200000,314200000
2,1571,314200000,314200100,1203,2006,314400000,314400000
2,1572,314400000,314400100,1203,2006,314600000,314600000
2,1573,314600000,314600100,1203,2006,314800000,314800000
2,1574,314800000,314800100,1203,2006,315000000,315000000
2,1575,315000000,315000100,1203,2006,315200000,315200000
2,1576,315200000,315200100,1203,2006,315400000,315400000
2,1577,315400000,315400100,1203,2006,315600000,315600000
2,1578,315600000,315600100,1203,2006,315800000,315800000
2,1579,315800000,315800100,1203,2006,316000000,316000000
2,1580,316000000,316000100,1203,2006,316200000,316200000
2,1581,316200000,316200100,1203,2006,316400000,316400000
2,1582,316400000,316400100,1203,2006,316600000,316600000
2,1583,316600000,316600100,1203,2006,316800000,316800000
2,1584,316800000,316800100,1203,2006,317000000,317000000
2,1585,317000000,317000100,1203,2006,317200000,317200000
2,1586,317200000,317200100,1203,2006,317400000,317400000
2,1587,317400000,317400100,1203,2006,317600000,317600000
2,1588,317600000,317600100,1203,2006,317800000,317800000
2,1589,317800000,317800100,1203,2006,318000000,318000000
2,1590,318000000,318000100,1203,2006,318200000,318200000
2,1591,318200000,318200100,1203,2006,318400000,318400000
2,1592,318400000,318400100,1203,2006,318600000,318600000
2,1593,318600000,318600100,1203,2006,318800000,318800000
2,1594,318800000,318800100,1203,2006,319000000,319000000
2,1595,319000000,319000100,1203,2006,319200000,319200000
2,1596,319200000,319200100,1203,2006,319400000,319400000
2,1597,319400000,319400100,1203,2006,319600000,319600000
2,1598,319600000,319600100,1203,2006,319800000,319800000
2,1599,319800000,319800100,1203,2006,320000000,320000000
2,1600,320000000,320000100,1203,2006,320200000,320200000
2,1601,320200000,320200100,1203,2006,320400000,320400000
2,1602,320400000,320400100,1203,2006,320600000,320600000
2,1603,320600000,320600100,1203,2006,320800000,320800000
2,1604,320800000,320800100,1203,2006,321000000,321000000
2,1605,321000000,321000100,1203,2006,321200000,321200000
2,1606,321200000,321200100,1203,2006,321400000,321400000
2,1607,321400000,321400100,1203,2006,321600000,321600000
2,1608,321600000,321600100,1203,2006,321800000,321800000
2,1609,321800000,321800100,1203,2006,322000000,322000000
2,1610,322000000,322000100,1203,2006,322200000,322200000
2,1611,322200000,322200100,1203,2006,322400000,322400000
2,1612,322400000,322400100,1203,2006,322600000,322600000
2,1613,322600000,322600100,1203,2006,322800000,322800000
2,1614,322800000,322800100,1203,2006,323000000,323000000
2,1615,323000000,323000100,1203,2006,323200000,323200000
2,1616,323200000,323200100,1203,2006,323400000,323400000
2,1617,323400000,323400100,1203,2006,323600000,323600000
2,1618,323600000,323600100,1203,2006,323800000,323800000
2,1619,323800000,323800100,1203,2006,324000000,324000000
2,1620,324000000,324000100,1203,2006,324200000,324200000
2,1621,324200000,324200100,1203,2006,324400000,324400000
2,1622,324400000,324400100,1203,2006,324600000,324600000
2,1623,324600000,324600100,1203,2006,324800000,324800000
2,1624,324800000,324800100,1203,2006,325000000,325000000
2,1625,325000000,325000100,1203,2006,325200000,325200000
2,1626,325200000,325200100,1203,2006,325400000,325400000
2,1627,325400000,325400100,1203,2006,325600000,325600000
2,1628,325600000,325600100,1203,2006,325800000,325800000
2,1629,325800000,325800100,1203,2006,326000000,326000000
2,1630,326000000,326000100,1203,2006,326200000,326200000
2,1631,326200000,326200100,1203,2006,326400000,326400000
2,1632,326400000,326400100,1203,2006,326600000,326600000
2,1633,326600000,326600100,1203,2006,326800000,326800000
2,1634,326800000,326800100,1203,2006,327000000,327000000
2,1635,327000000,327000100,1203,2006,327200000,327200000
2,1636,327200000,327200100,1203,2006,327400000,327400000
2,1637,327400000,327400100,1203,2006,327600000,327600000
2,1638,327600000,327600100,1203,2006,327800000,327800000
2,1639,327800000,327800100,1203,2006,328000000,328000000
2,1640,328000000,328000100,1203,2006,328200000,328200000
2,1641,328200000,328200100,1203,2006,328400000,328400000
2,1642,328400000,328400100,1203,2006,328600000,328600000
2,1643,328600000,328600100,1203,2006,328800000,328800000
2,1644,328800000,328800100,1203,2006,329000000,329000000
2,1645,329000000,329000100,1203,2006,329200000,329200000
2,1646,329200000,329200100,1203,2006,329400000,329400000
2,1647,329400000,329400100,1203,2006,329600000,329600000
2,1648,329600000,329600100,1203,2006,329800000,329800000
2,1649,329800000,329800100,1203,2006,330000000,330000000
2,1650,330000000,330000100,1203,2006,330200000,330200000
2,1651,330200000,330200100,1203,2006,330400000,330400000
2,1652,330400000,330400100,1203,2006,330600000,330600000
2,1653,330600000,330600100,1203,2006,330800000,330800000
2,1654,330800000,330800100,1203,2006,331000000,331000000
2,1655,331000000,331000100,1203,2006,331200000,331200000
2,1656,331200000,331200100,1203,2006,331400000,331400000
2,1657,331400000,331400100,1203,2006,331600000,331600000
2,1658,331600000,331600100,1203,2006,331800000,331800000
2,1659,331800000,331800100,1203,2006,332000000,332000000
2,1660,332000000,332000100,1203,2006,332200000,332200000
2,1661,332200000,332200100,1203,2006,332400000,332400000
2,1662,332400000,332400100,1203,2006,332600000,332600000
2,1663,332600000,332600100,1203,2006,332800000,332800000
2,1664,332800000,332800100,1203,2006,333000000,333000000
2,1665,333000000,333000100,1203,2006,333200000,333200000
2,1666,333200000,333200100,1203,2006,333400000,333400000
2,1667,333400000,333400100,1203,2006,333600000,333600000
2,1668,333600000,333600100,1203,2006,333800000,333800000
2,1669,333800000,333800100,1203,2006,334000000,334000000
2,1670,334000000,334000100,1203,2006,334200000,334200000
2,1671,334200000,334200100,1203,2006,334400000,334400000
2,1672,334400000,334400100,1203,2006,334600000,334600000
2,1673,334600000,334600100,1203,2006,334800000,334800000
2,1674,334800000,334800100,1203,2006,335000000,335000000
2,1675,335000000,335000100,1203,2006,335200000,335200000
2,1676,335200000,335200100,1203,2006,335400000,335400000
2,1677,335400000,335400100,1203,2006,335600000,335600000
2,1678,335600000,335600100,1203,2006,335800000,335800000
2,1679,335800000,335800100,1203,2006,336000000,336000000
2,1680,336000000,336000100,1203,2006,336200000,336200000
2,1681,336200000,336200100,1203,2006,336400000,336400000
2,1682,336400000,336400100,1203,2006,336600000,336600000
2,1683,336600000,336600100,1203,2006,336800000,336800000
2,1684,336800000,336800100,1203,2006,337000000,337000000
2,1685,337000000,337000100,1203,2006,337200000,337200000
2,1686,337200000,337200100,1203,2006,337400000,337400000
2,1687,337400000,337400100,1203,2006,337600000,337600000
2,1688,337600000,337600100,1203,2006,337800000,337800000
2,1689,337800000,337800100,1203,2006,338000000,338000000
2,1690,338000000,338000100,1203,2006,338200000,338200000
2,1691,338200000,338200100,1203,2006,338400000,338400000
2,1692,338400000,338400100,1203,2006,338600000,338600000
2,1693,338600000,338600100,1203,2006,338800000,338800000
2,1694,338800000,338800100,1203,2006,339000000,339000000
2,1695,339000000,339000100,1203,2006,339200000,339200000
2,1696,339200000,339200100,1203,2006,339400000,339400000
2,1697,339400000,339400100,1203,2006,339600000,339600000
2,1698,339600000,339600100,1203,2006,339800000,339800000
2,1699,339800000,339800100,1203,2006,340000000,340000000
2,1700,340000000,340000100,1203,2006,340200000,340200000
2,1701,340200000,340200100,1203,2006,340400000,340400000
2,1702,340400000,340400100,1203,2006,340600000,340600000
2,1703,340600000,340600100,1203,2006,340800000,340800000
2,1704,340800000,340800100,1203,2006,341000000,341000000
2,1705,341000000,341000100,1203,2006,341200000,341200000
2,1706,341200000,341200100,1203,2006,341400000,341400000
2,1707,341400000,341400100,1203,2006,341600000,341600000
2,1708,341600000,341600100,1203,2006,341800000,341800000
2,1709,341800000,341800100,1203,2006,342000000,342000000
2,1710,342000000,342000100,1203,2006,342200000,342200000
2,1711,342200000,342200100,1203,2006,342400000,342400000
2,1712,342400000,342400100,1203,2006,342600000,342600000
2,1713,342600000,342600100,1203,2006,342800000,342800000
2,1714,342800000,342800100,1203,2006,343000000,343000000
2,1715,343000000,343000100,1203,2006,343200000,343200000
2,1716,343200000,343200100,1203,2006,343400000,343400000
2,1717,343400000,343400100,1203,2006,343600000,343600000
2,1718,343600000,343600100,1203,2006,343800000,343800000
2,1719,343800000,343800100,1203,2006,344000000,344000000
2,1720,344000000,344000100,1203,2006,344200000,344200000
2,1721,344200000,344200100,1203,2006,344400000,344400000
2,1722,344400000,344400100,1203,2006,344600000,344600000
2,1723,344600000,344600100,1203,2006,344800000,344800000
2,1724,344800000,344800100,1203,2006,345000000,345000000
2,1725,345000000,345000100,1203,2006,345200000,345200000
2,1726,345200000,345200100,1203,2006,345400000,345400000
2,1727,345400000,345400100,1203,2006,345600000,345600000
2,1728,345600000,345600100,1203,2006,345800000,345800000
2,1729,345800000,345800100,1203,2006,346000000,346000000
2,1730,346000000,346000100,1203,2006,346200000,346200000
2,1731,346200000,346200100,1203,2006,346400000,346400000
2,1732,346400000,346400100,1203,2006,346600000,346600000
2,1733,346600000,346600100,1203,2006,346800000,346800000
2,1734,346800000,346800100,1203,2006,347000000,347000000
2,1735,347000000,347000100,1203,2006,347200000,347200000
2,1736,347200000,347200100,1203,2006,347400000,347400000
2,1737,347400000,347400100,1203,2006,347600000,347600000
2,1738,347600000,347600100,1203,2006,347800000,347800000
2,1739,347800000,347800100,1203,2006,348000000,348000000
2,1740,348000000,348000100,1203,2006,348200000,348200000
2,1741,348200000,348200100,1203,2006,348400000,348400000
2,1742,348400000,348400100,1203,2006,348600000,348600000
2,1743,348600000,348600100,1203,2006,348800000,348800000
2,1744,348800000,348800100,1203,2006,349000000,349000000
2,1745,349000000,349000100,1203,2006,349200000,349200000
2,1746,349200000,349200100,1203,2006,349400000,349400000
2,1747,349400000,349400100,1203,2006,349600000,349600000
2,1748,349600000,349600100,1203,2006,349800000,349800000
2,1749,349800000,349800100,1203,2006,350000000,350000000
2,1750,350000000,350000100,1203,2006,350200000,350200000
2,1751,350200000,350200100,1203,2006,350400000,350400000
2,1752,350400000,350400100,1203,2006,350600000,350600000
2,1753,350600000,350600100,1203,2006,350800000,350800000
2,1754,350800000,350800100,1203,2006,351000000,351000000
2,1755,351000000,351000100,1203,2006,351200000,351200000
2,1756,351200000,351200100,1203,2006,351400000,351400000
2,1757,351400000,351400100,1203,2006,351600000,351600000
2,1758,351600000,351600100,1203,2006,351800000,351800000
2,1759,351800000,351800100,1203,2006,352000000,352000000
2,1760,352000000,352000100,1203,2006,352200000,352200000
2,1761,352200000,352200100,1203,2006,352400000,352400000
2,1762,352400000,352400100,1203,2006,352600000,352600000
2,1763,352600000,352600100,1203,2006,352800000,352800000
2,1764,352800000,352800100,1203,2006,353000000,353000000
2,1765,353000000,353000100,1203,2006,353200000,353200000
2,1766,353200000,353200100,1203,2006,353400000,353400000
2,1767,353400000,353400100,1203,2006,353600000,353600000
2,1768,353600000,353600100,1203,2006,353800000,353800000
2,1769,353800000,353800100,1203,2006,354000000,354000000
2,1770,354000000,354000100,1203,2006,354200000,354200000
2,1771,354200000,354200100,1203,2006,354400000,354400000
2,1772,354400000,354400100,1203,2006,354600000,354600000
2,1773,354600000,354600100,1203,2006,354800000,354800000
2,1774,354800000,354800100,1203,2006,355000000,355000000
2,1775,355000000,355000100,1203,2006,355200000,355200000
2,1776,355200000,355200100,1203,2006,355400000,355400000
2,1777,355400000,355400100,1203,2006,355600000,355600000
2,1778,355600000,355600100,1203,2006,355800000,355800000
2,1779,355800000,355800100,1203,2006,356000000,356000000
2,1780,356000000,356000100,1203,2006,356200000,356200000
2,1781,356200000,356200100,1203,2006,356400000,356400000
2,1782,356400000,356400100,1203,2006,356600000,356600000
2,1783,356600000,356600100,1203,2006,356800000,356800000
2,1784,356800000,356800100,1203,2006,357000000,357000000
3,0,0,100,16629,27716,350000,350000
3,1,350000,350100,16629,27716,700000,700000
3,2,700000,700100,16629,27716,1050000,1050000
3,3,1050000,1050100,16629,27716,1400000,1400000
3,4,1400000,1400100,16629,27716,1750000,1750000
3,5,1750000,1750100,16629,27716,2100000,2100000
3,6,2100000,2100100,16629,27716,2450000,2450000
3,7,2450000,2450100,16629,27716,2800000,2800000
3,8,2800000,2800100,16629,27716,3150000,3150000
3,9,3150000,3150100,16629,27716,3500000,3500000
3,10,3500000,3500100,16629,27716,3850000,3850000
3,11,3850000,3850100,16629,27716,4200000,4200000
3,12,4200000,4200100,16629,27716,4550000,4550000
3,13,4550000,4550100,16629,27716,4900000,4900000
3,14,4900000,4900100,16629,27716,5250000,5250000
3,15,5250000,5250100,16629,27716,5600000,5600000
3,16,5600000,5600100,16629,27716,5950000,5950000
3,17,5950000,5950100,16629,27716,6300000,6300000
3,18,6300000,6300100,16629,27716,6650000,6650000
3,19,6650000,6650100,16629,27716,7000000,7000000
3,20,7000000,7000100,16629,27716,7350000,7350000
3,21,7350000,7350100,16629,27716,7700000,7700000
3,22,7700000,7700100,16629,27716,8050000,8050000
3,23,8050000,8050100,16629,27716,8400000,8400000
3,24,8400000,8400100,16629,27716,8750000,8750000
3,25,8750000,8750100,16629,27716,9100000,9100000
3,26,9100000,9100100,16629,27716,9450000,9450000
3,27,9450000,9450100,16629,27716,9800000,9800000
3,28,9800000,9800100,16629,27716,10150000,10150000
3,29,10150000,10150100,16629,27716,10500000,10500000
3,30,10500000,10500100,16629,27716,10850000,10850000
3,31,10850000,10850100,16629,27716,11200000,11200000
3,32,11200000,11200100,16629,27716,11550000,11550000
3,33,11550000,11550100,16629,27716,11900000,11900000
3,34,11900000,11900100,16629,27716,12250000,12250000
3,35,12250000,12250100,16629,27716,12600000,12600000
3,36,12600000,12600100,16629,27716,12950000,12950000
3,37,12950000,12950100,16629,27716,13300000,13300000
3,38,13300000,13300100,16629,27716,13650000,13650000
3,39,13650000,13650100,16629,27716,14000000,14000000
3,40,14000000,14000100,16629,27716,14350000,14350000
3,41,14350000,14350100,16629,27716,14700000,14700000
3,42,14700000,14700100,16629,27716,15050000,15050000
3,43,15050000,15050100,16629,27716,15400000,15400000
3,44,15400000,15400100,16629,27716,15750000,15750000
3,45,15750000,15750100,16629,27716,16100000,16100000
3,46,16100000,16100100,16629,27716,16450000,16450000
3,47,16450000,16450100,16629,27716,16800000,16800000
3,48,16800000,16800100,16629,27716,17150000,17150000
3,49,17150000,17150100,16629,27716,17500000,17500000
3,50,17500000,17500100,16629,27716,17850000,17850000
3,51,17850000,17850100,16629,27716,18200000,18200000
3,52,18200000,18200100,16629,27716,18550000,18550000
3,53,18550000,18550100,16629,27716,18900000,18900000
3,54,18900000,18900100,16629,27716,19250000,19250000
3,55,19250000,19250100,16629,27716,19600000,19600000
3,56,19600000,19600100,16629,27716,19950000,19950000
3,57,19950000,19950100,16629,27716,20300000,20300000
3,58,20300000,20300100,16629,27716,20650000,20650000
3,59,20650000,20650100,16629,27716,21000000,21000000
3,60,21000000,21000100,16629,27716,21350000,21350000
3,61,21350000,21350100,16629,27716,21700000,21700000
3,62,21700000,21700100,16629,27716,22050000,22050000
3,63,22050000,22050100,16629,27716,22400000,22400000
3,64,22400000,22400100,16629,27716,22750000,22750000
3,65,22750000,22750100,16629,27716,23100000,23100000
3,66,23100000,23100100,16629,27716,23450000,23450000
3,67,23450000,23450100,16629,27716,23800000,23800000
3,68,23800000,23800100,16629,27716,24150000,24150000
3,69,24150000,24150100,16629,27716,24500000,24500000
3,70,24500000,24500100,16629,27716,24850000,24850000
3,71,24850000,24850100,16629,27716,25200000,25200000
3,72,25200000,25200100,16629,27716,25550000,25550000
3,73,25550000,25550100,16629,27716,25900000,25900000
3,74,25900000,25900100,16629,27716,26250000,26250000
3,75,26250000,26250100,16629,27716,26600000,26600000
3,76,26600000,26600100,16629,27716,26950000,26950000
3,77,26950000,26950100,16629,27716,27300000,27300000
3,78,27300000,27300100,16629,27716,27650000,27650000
3,79,27650000,27650100,16629,27716,28000000,28000000
3,80,28000000,28000100,16629,27716,28350000,28350000
3,81,28350000,28350100,16629,27716,28700000,28700000
3,82,28700000,28700100,16629,27716,29050000,29050000
3,83,29050000,29050100,16629,27716,29400000,29400000
3,84,29400000,29400100,16629,27716,29750000,29750000
3,85,29750000,29750100,16629,27716,30100000,30100000
3,86,30100000,30100100,16629,27716,30450000,30450000
3,87,30450000,30450100,16629,27716,30800000,30800000
3,88,30800000,30800100,16629,27716,31150000,31150000
3,89,31150000,31150100,16629,27716,31500000,31500000
3,90,31500000,31500100,16629,27716,31850000,31850000
3,91,31850000,31850100,16629,27716,32200000,32200000
3,92,32200000,32200100,16629,27716,32550000,32550000
3,93,32550000,32550100,16629,27716,32900000,32900000
3,94,32900000,32900100,16629,27716,33250000,33250000
3,95,33250000,33250100,16629,27716,33600000,33600000
3,96,33600000,33600100,16629,27716,33950000,33950000
3,97,33950000,33950100,16629,27716,34300000,34300000
3,98,34300000,34300100,16629,27716,34650000,34650000
3,99,34650000,34650100,16629,27716,35000000,35000000
3,100,35000000,35000100,16629,27716,35350000,35350000
3,101,35350000,35350100,16629,27716,35700000,35700000
3,102,35700000,35700100,16629,27716,36050000,36050000
3,103,36050000,36050100,16629,27716,36400000,36400000
3,104,36400000,36400100,16629,27716,36750000,36750000
3,105,36750000,36750100,16629,27716,37100000,37100000
3,106,37100000,37100100,16629,27716,37450000,37450000
3,107,37450000,37450100,16629,27716,37800000,37800000
3,108,37800000,37800100,16629,27716,38150000,38150000
3,109,38150000,38150100,16629,27716,38500000,38500000
3,110,38500000,38500100,16629,27716,38850000,38850000
3,111,38850000,38850100,16629,27716,39200000,39200000
3,112,39200000,39200100,16629,27716,39550000,39550000
3,113,39550000,39550100,16629,27716,39900000,39900000
3,114,39900000,39900100,16629,27716,40250000,40250000
3,115,40250000,40250100,16629,27716,40600000,40600000
3,116,40600000,40600100,16629,27716,40950000,40950000
3,117,40950000,40950100,16629,27716,41300000,41300000
3,118,41300000,41300100,16629,27716,41650000,41650000
3,119,41650000,41650100,16629,27716,42000000,42000000
3,120,42000000,42000100,16629,27716,42350000,42350000
3,121,42350000,42350100,16629,27716,42700000,42700000
3,122,42700000,42700100,16629,27716,43050000,43050000
3,123,43050000,43050100,16629,27716,43400000,43400000
3,124,43400000,43400100,16629,27716,43750000,43750000
3,125,43750000,43750100,16629,27716,44100000,44100000
3,126,44100000,44100100,16629,27716,44450000,44450000
3,127,44450000,44450100,16629,27716,44800000,44800000
3,128,44800000,44800100,16629,27716,45150000,45150000
3,129,45150000,45150100,16629,27716,45500000,45500000
3,130,45500000,45500100,16629,27716,45850000,45850000
3,131,45850000,45850100,16629,27716,46200000,46200000
3,132,46200000,46200100,16629,27716,46550000,46550000
3,133,46550000,46550100,16629,27716,46900000,46900000
3,134,46900000,46900100,16629,27716,47250000,47250000
3,135,47250000,47250100,16629,27716,47600000,47600000
3,136,47600000,47600100,16629,27716,47950000,47950000
3,137,47950000,47950100,16629,27716,48300000,48300000
3,138,48300000,48300100,16629,27716,48650000,48650000
3,139,48650000,48650100,16629,27716,49000000,49000000
3,140,49000000,49000100,16629,27716,49350000,49350000
3,141,49350000,49350100,16629,27716,49700000,49700000
3,142,49700000,49700100,16629,27716,50050000,50050000
3,143,50050000,50050100,16629,27716,50400000,50400000
3,144,50400000,50400100,16629,27716,50750000,50750000
3,145,50750000,50750100,16629,27716,51100000,51100000
3,146,51100000,51100100,16629,27716,51450000,51450000
3,147,51450000,51450100,16629,27716,51800000,51800000
3,148,51800000,51800100,16629,27716,52150000,52150000
3,149,52150000,52150100,16629,27716,52500000,52500000
3,150,52500000,52500100,16629,27716,52850000,52850000
3,151,52850000,52850100,16629,27716,53200000,53200000
3,152,53200000,53200100,16629,27716,53550000,53550000
3,153,53550000,53550100,16629,27716,53900000,53900000
3,154,53900000,53900100,16629,27716,54250000,54250000
3,155,54250000,54250100,16629,27716,54600000,54600000
3,156,54600000,54600100,16629,27716,54950000,54950000
3,157,54950000,54950100,16629,27716,55300000,55300000
3,158,55300000,55300100,16629,27716,55650000,55650000
3,159,55650000,55650100,16629,27716,56000000,56000000
3,160,56000000,56000100,16629,27716,56350000,56350000
3,161,56350000,56350100,16629,27716,56700000,56700000
3,162,56700000,56700100,16629,27716,57050000,57050000
3,163,57050000,57050100,16629,27716,57400000,57400000
3,164,57400000,57400100,16629,27716,57750000,57750000
3,165,57750000,57750100,16629,27716,58100000,58100000
3,166,58100000,58100100,16629,27716,58450000,58450000
3,167,58450000,58450100,16629,27716,58800000,58800000
3,168,58800000,58800100,16629,27716,59150000,59150000
3,169,59150000,59150100,16629,27716,59500000,59500000
3,170,59500000,59500100,16629,27716,59850000,59850000
3,171,59850000,59850100,16629,27716,60200000,60200000
3,172,60200000,60200100,16629,27716,60550000,60550000
3,173,60550000,60550100,16629,27716,60900000,60900000
3,174,60900000,60900100,16629,27716,61250000,61250000
3,175,61250000,61250100,16629,27716,61600000,61600000
3,176,61600000,61600100,16629,27716,61950000,61950000
3,177,61950000,61950100,16629,27716,62300000,62300000
3,178,62300000,62300100,16629,27716,62650000,62650000
3,179,62650000,62650100,16629,27716,63000000,63000000
3,180,63000000,63000100,16629,27716,63350000,63350000
3,181,63350000,63350100,16629,27716,63700000,63700000
3,182,63700000,63700100,16629,27716,64050000,64050000
3,183,64050000,64050100,16629,27716,64400000,64400000
3,184,64400000,64400100,16629,27716,64750000,64750000
3,185,64750000,64750100,16629,27716,65100000,65100000
3,186,65100000,65100100,16629,27716,65450000,65450000
3,187,65450000,65450100,16629,27716,65800000,65800000
3,188,65800000,65800100,16629,27716,66150000,66150000
3,189,66150000,66150100,16629,27716,66500000,66500000
3,190,66500000,66500100,16629,27716,66850000,66850000
3,191,66850000,66850100,16629,27716,67200000,67200000
3,192,67200000,67200100,16629,27716,67550000,67550000
3,193,67550000,67550100,16629,27716,67900000,67900000
3,194,67900000,67900100,16629,27716,68250000,68250000
3,195,68250000,68250100,16629,27716,68600000,68600000
3,196,68600000,68600100,16629,27716,68950000,68950000
3,197,68950000,68950100,16629,27716,69300000,69300000
3,198,69300000,69300100,16629,27716,69650000,69650000
3,199,69650000,69650100,16629,27716,70000000,70000000
3,200,70000000,70000100,16629,27716,70350000,70350000
3,201,70350000,70350100,16629,27716,70700000,70700000
3,202,70700000,70700100,16629,27716,71050000,71050000
3,203,71050000,71050100,16629,27716,71400000,71400000
3,204,71400000,71400100,16629,27716,71750000,71750000
3,205,71750000,71750100,16629,27716,72100000,72100000
3,206,72100000,72100100,16629,27716,72450000,72450000
3,207,72450000,72450100,16629,27716,72800000,72800000
3,208,72800000,72800100,16629,27716,73150000,73150000
3,209,73150000,73150100,16629,27716,73500000,73500000
3,210,73500000,73500100,16629,27716,73850000,73850000
3,211,73850000,73850100,16629,27716,74200000,74200000
3,212,74200000,74200100,16629,27716,74550000,74550000
3,213,74550000,74550100,16629,27716,74900000,74900000
3,214,74900000,74900100,16629,27716,75250000,75250000
3,215,75250000,75250100,16629,27716,75600000,75600000
3,216,75600000,75600100,16629,27716,75950000,75950000
3,217,75950000,75950100,16629,27716,76300000,76300000
3,218,76300000,76300100,16629,27716,76650000,76650000
3,219,76650000,76650100,16629,27716,77000000,77000000
3,220,77000000,77000100,16629,27716,77350000,77350000
3,221,77350000,77350100,16629,27716,77700000,77700000
3,222,77700000,77700100,16629,27716,78050000,78050000
3,223,78050000,78050100,16629,27716,78400000,78400000
3,224,78400000,78400100,16629,27716,78750000,78750000
3,225,78750000,78750100,16629,27716,79100000,79100000
3,226,79100000,79100100,16629,27716,79450000,79450000
3,227,79450000,79450100,16629,27716,79800000,79800000
3,228,79800000,79800100,16629,27716,80150000,80150000
3,229,80150000,80150100,16629,27716,80500000,80500000
3,230,80500000,80500100,16629,27716,80850000,80850000
3,231,80850000,80850100,16629,27716,81200000,81200000
3,232,81200000,81200100,16629,27716,81550000,81550000
3,233,81550000,81550100,16629,27716,81900000,81900000
3,234,81900000,81900100,16629,27716,82250000,82250000
3,235,82250000,82250100,16629,27716,82600000,82600000
3,236,82600000,82600100,16629,27716,82950000,82950000
3,237,82950000,82950100,16629,27716,83300000,83300000
3,238,83300000,83300100,16629,27716,83650000,83650000
3,239,83650000,83650100,16629,27716,84000000,84000000
3,240,84000000,84000100,16629,27716,84350000,84350000
3,241,84350000,84350100,16629,27716,84700000,84700000
3,242,84700000,84700100,16629,27716,85050000,85050000
3,243,85050000,85050100,16629,27716,85400000,85400000
3,244,85400000,85400100,16629,27716,85750000,85750000
3,245,85750000,85750100,16629,27716,86100000,86100000
3,246,86100000,86100100,16629,27716,86450000,86450000
3,247,86450000,86450100,16629,27716,86800000,86800000
3,248,86800000,86800100,16629,27716,87150000,87150000
3,249,87150000,87150100,16629,27716,87500000,87500000
3,250,87500000,87500100,16629,27716,87850000,87850000
3,251,87850000,87850100,16629,27716,88200000,88200000
3,252,88200000,88200100,16629,27716,88550000,88550000
3,253,88550000,88550100,16629,27716,88900000,88900000
3,254,88900000,88900100,16629,27716,89250000,89250000
3,255,89250000,89250100,16629,27716,89600000,89600000
3,256,89600000,89600100,16629,27716,89950000,89950000
3,257,89950000,89950100,16629,27716,90300000,90300000
3,258,90300000,90300100,16629,27716,90650000,90650000
3,259,90650000,90650100,16629,27716,91000000,91000000
3,260,91000000,91000100,16629,27716,91350000,91350000
3,261,91350000,91350100,16629,27716,91700000,91700000
3,262,91700000,91700100,16629,27716,92050000,92050000
3,263,92050000,92050100,16629,27716,92400000,92400000
3,264,92400000,92400100,16629,27716,92750000,92750000
3,265,92750000,92750100,16629,27716,93100000,93100000
3,266,93100000,93100100,16629,27716,93450000,93450000
3,267,93450000,93450100,16629,27716,93800000,93800000
3,268,93800000,93800100,16629,27716,94150000,94150000
3,269,94150000,94150100,16629,27716,94500000,94500000
3,270,94500000,94500100,16629,27716,94850000,94850000
3,271,94850000,94850100,16629,27716,95200000,95200000
3,272,95200000,95200100,16629,27716,95550000,95550000
3,273,95550000,95550100,16629,27716,95900000,95900000
3,274,95900000,95900100,16629,27716,96250000,96250000
3,275,96250000,96250100,16629,27716,96600000,96600000
3,276,96600000,96600100,16629,27716,96950000,96950000
3,277,96950000,96950100,16629,27716,97300000,97300000
3,278,97300000,97300100,16629,27716,97650000,97650000
3,279,97650000,97650100,16629,27716,98000000,98000000
3,280,98000000,98000100,16629,27716,98350000,98350000
3,281,98350000,98350100,16629,27716,98700000,98700000
3,282,98700000,98700100,16629,27716,99050000,99050000
3,283,99050000,99050100,16629,27716,99400000,99400000
3,284,99400000,99400100,16629,27716,99750000,99750000
3,285,99750000,99750100,16629,27716,100100000,100100000
3,286,100100000,100100100,16629,27716,100450000,100450000
3,287,100450000,100450100,16629,27716,100800000,100800000
3,288,100800000,100800100,16629,27716,101150000,101150000
3,289,101150000,101150100,16629,27716,101500000,101500000
3,290,101500000,101500100,16629,27716,101850000,101850000
3,291,101850000,101850100,16629,27716,102200000,102200000
3,292,102200000,102200100,16629,27716,102550000,102550000
3,293,102550000,102550100,16629,27716,102900000,102900000
3,294,102900000,102900100,16629,27716,103250000,103250000
3,295,103250000,103250100,16629,27716,103600000,103600000
3,296,103600000,103600100,16629,27716,103950000,103950000
3,297,103950000,103950100,16629,27716,104300000,104300000
3,298,104300000,104300100,16629,27716,104650000,104650000
3,299,104650000,104650100,16629,27716,105000000,105000000
3,300,105000000,105000100,16629,27716,105350000,105350000
3,301,105350000,105350100,16629,27716,105700000,105700000
3,302,105700000,105700100,16629,27716,106050000,106050000
3,303,106050000,106050100,16629,27716,106400000,106400000
3,304,106400000,106400100,16629,27716,106750000,106750000
3,305,106750000,106750100,16629,27716,107100000,107100000
3,306,107100000,107100100,16629,27716,107450000,107450000
3,307,107450000,107450100,16629,27716,107800000,107800000
3,308,107800000,107800100,16629,27716,108150000,108150000
3,309,108150000,108150100,16629,27716,108500000,108500000
3,310,108500000,108500100,16629,27716,108850000,108850000
3,311,108850000,108850100,16629,27716,109200000,109200000
3,312,109200000,109200100,16629,27716,109550000,109550000
3,313,109550000,109550100,16629,27716,109900000,109900000
3,314,109900000,109900100,16629,27716,110250000,110250000
3,315,110250000,110250100,16629,27716,110600000,110600000
3,316,110600000,110600100,16629,27716,110950000,110950000
3,317,110950000,110950100,16629,27716,111300000,111300000
3,318,111300000,111300100,16629,27716,111650000,111650000
3,319,111650000,111650100,16629,27716,112000000,112000000
3,320,112000000,112000100,16629,27716,112350000,112350000
3,321,112350000,112350100,16629,27716,112700000,112700000
3,322,112700000,112700100,16629,27716,113050000,113050000
3,323,113050000,113050100,16629,27716,113400000,113400000
3,324,113400000,113400100,16629,27716,113750000,113750000
3,325,113750000,113750100,16629,27716,114100000,114100000
3,326,114100000,114100100,16629,27716,114450000,114450000
3,327,114450000,114450100,16629,27716,114800000,114800000
3,328,114800000,114800100,16629,27716,115150000,115150000
3,329,115150000,115150100,16629,27716,115500000,115500000
3,330,115500000,115500100,16629,27716,115850000,115850000
3,331,115850000,115850100,16629,27716,116200000,116200000
3,332,116200000,116200100,16629,27716,116550000,116550000
3,333,116550000,116550100,16629,27716,116900000,116900000
3,334,116900000,116900100,16629,27716,117250000,117250000
3,335,117250000,117250100,16629,27716,117600000,117600000
3,336,117600000,117600100,16629,27716,117950000,117950000
3,337,117950000,117950100,16629,27716,118300000,118300000
3,338,118300000,118300100,16629,27716,118650000,118650000
3,339,118650000,118650100,16629,27716,119000000,119000000
3,340,119000000,119000100,16629,27716,119350000,119350000
3,341,119350000,119350100,16629,27716,119700000,119700000
3,342,119700000,119700100,16629,27716,120050000,120050000
3,343,120050000,120050100,16629,27716,120400000,120400000
3,344,120400000,120400100,16629,27716,120750000,120750000
3,345,120750000,120750100,16629,27716,121100000,121100000
3,346,121100000,121100100,16629,27716,121450000,121450000
3,347,121450000,121450100,16629,27716,121800000,121800000
3,348,121800000,121800100,16629,27716,122150000,122150000
3,349,122150000,122150100,16629,27716,122500000,122500000
3,350,122500000,122500100,16629,27716,122850000,122850000
3,351,122850000,122850100,16629,27716,123200000,123200000
3,352,123200000,123200100,16629,27716,123550000,123550000
3,353,123550000,123550100,16629,27716,123900000,123900000
3,354,123900000,123900100,16629,27716,124250000,124250000
3,355,124250000,124250100,16629,27716,124600000,124600000
3,356,124600000,124600100,16629,27716,124950000,124950000
3,357,124950000,124950100,16629,27716,125300000,125300000
3,358,125300000,125300100,16629,27716,125650000,125650000
3,359,125650000,125650100,16629,27716,126000000,126000000
3,360,126000000,126000100,16629,27716,126350000,126350000
3,361,126350000,126350100,16629,27716,126700000,126700000
3,362,126700000,126700100,16629,27716,127050000,127050000
3,363,127050000,127050100,16629,27716,127400000,127400000
3,364,127400000,127400100,16629,27716,127750000,127750000
3,365,127750000,127750100,16629,27716,128100000,128100000
3,366,128100000,128100100,16629,27716,128450000,128450000
3,367,128450000,128450100,16629,27716,128800000,128800000
3,368,128800000,128800100,16629,27716,129150000,129150000
3,369,129150000,129150100,16629,27716,129500000,129500000
3,370,129500000,129500100,16629,27716,129850000,129850000
3,371,129850000,129850100,16629,27716,130200000,130200000
3,372,130200000,130200100,16629,27716,130550000,130550000
3,373,130550000,130550100,16629,27716,130900000,130900000
3,374,130900000,130900100,16629,27716,131250000,131250000
3,375,131250000,131250100,16629,27716,131600000,131600000
3,376,131600000,131600100,16629,27716,131950000,131950000
3,377,131950000,131950100,16629,27716,132300000,132300000
3,378,132300000,132300100,16629,27716,132650000,132650000
3,379,132650000,132650100,16629,27716,133000000,133000000
3,380,133000000,133000100,16629,27716,133350000,133350000
3,381,133350000,133350100,16629,27716,133700000,133700000
3,382,133700000,133700100,16629,27716,134050000,134050000
3,383,134050000,134050100,16629,27716,134400000,134400000
3,384,134400000,134400100,16629,27716,134750000,134750000
3,385,134750000,134750100,16629,27716,135100000,135100000
3,386,135100000,135100100,16629,27716,135450000,135450000
3,387,135450000,135450100,16629,27716,135800000,135800000
3,388,135800000,135800100,16629,27716,136150000,136150000
3,389,136150000,136150100,16629,27716,136500000,136500000
3,390,136500000,136500100,16629,27716,136850000,136850000
3,391,136850000,136850100,16629,27716,137200000,137200000
3,392,137200000,137200100,16629,27716,137550000,137550000
3,393,137550000,137550100,16629,27716,137900000,137900000
3,394,137900000,137900100,16629,27716,138250000,138250000
3,395,138250000,138250100,16629,27716,138600000,138600000
3,396,138600000,138600100,16629,27716,138950000,138950000
3,397,138950000,138950100,16629,27716,139300000,139300000
3,398,139300000,139300100,16629,27716,139650000,139650000
3,399,139650000,139650100,16629,27716,140000000,140000000
3,400,140000000,140000100,16629,27716,140350000,140350000
3,401,140350000,140350100,16629,27716,140700000,140700000
3,402,140700000,140700100,16629,27716,141050000,141050000
3,403,141050000,141050100,16629,27716,141400000,141400000
3,404,141400000,141400100,16629,27716,141750000,141750000
3,405,141750000,141750100,16629,27716,142100000,142100000
3,406,142100000,142100100,16629,27716,142450000,142450000
3,407,142450000,142450100,16629,27716,142800000,142800000
3,408,142800000,142800100,16629,27716,143150000,143150000
3,409,143150000,143150100,16629,27716,143500000,143500000
3,410,143500000,143500100,16629,27716,143850000,143850000
3,411,143850000,143850100,16629,27716,144200000,144200000
3,412,144200000,144200100,16629,27716,144550000,144550000
3,413,144550000,144550100,16629,27716,144900000,144900000
3,414,144900000,144900100,16629,27716,145250000,145250000
3,415,145250000,145250100,16629,27716,145600000,145600000
3,416,145600000,145600100,16629,27716,145950000,145950000
3,417,145950000,145950100,16629,27716,146300000,146300000
3,418,146300000,146300100,16629,27716,146650000,146650000
3,419,146650000,146650100,16629,27716,147000000,147000000
3,420,147000000,147000100,16629,27716,147350000,147350000
3,421,147350000,147350100,16629,27716,147700000,147700000
3,422,147700000,147700100,16629,27716,148050000,148050000
3,423,148050000,148050100,16629,27716,148400000,148400000
3,424,148400000,148400100,16629,27716,148750000,148750000
3,425,148750000,148750100,16629,27716,149100000,149100000
3,426,149100000,149100100,16629,27716,149450000,149450000
3,427,149450000,149450100,16629,27716,149800000,149800000
3,428,149800000,149800100,16629,27716,150150000,150150000
3,429,150150000,150150100,16629,27716,150500000,150500000
3,430,150500000,150500100,16629,27716,150850000,150850000
3,431,150850000,150850100,16629,27716,151200000,151200000
3,432,151200000,151200100,16629,27716,151550000,151550000
3,433,151550000,151550100,16629,27716,151900000,151900000
3,434,151900000,151900100,16629,27716,152250000,152250000
3,435,152250000,152250100,16629,27716,152600000,152600000
3,436,152600000,152600100,16629,27716,152950000,152950000
3,437,152950000,152950100,16629,27716,153300000,153300000
3,438,153300000,153300100,16629,27716,153650000,153650000
3,439,153650000,153650100,16629,27716,154000000,154000000
3,440,154000000,154000100,16629,27716,154350000,154350000
3,441,154350000,154350100,16629,27716,154700000,154700000
3,442,154700000,154700100,16629,27716,155050000,155050000
3,443,155050000,155050100,16629,27716,155400000,155400000
3,444,155400000,155400100,16629,27716,155750000,155750000
3,445,155750000,155750100,16629,27716,156100000,156100000
3,446,156100000,156100100,16629,27716,156450000,156450000
3,447,156450000,156450100,16629,27716,156800000,156800000
3,448,156800000,156800100,16629,27716,157150000,157150000
3,449,157150000,157150100,16629,27716,157500000,157500000
3,450,157500000,157500100,16629,27716,157850000,157850000
3,451,157850000,157850100,16629,27716,158200000,158200000
3,452,158200000,158200100,16629,27716,158550000,158550000
3,453,158550000,158550100,16629,27716,158900000,158900000
3,454,158900000,158900100,16629,27716,159250000,159250000
3,455,159250000,159250100,16629,27716,159600000,159600000
3,456,159600000,159600100,16629,27716,159950000,159950000
3,457,159950000,159950100,16629,27716,160300000,160300000
3,458,160300000,160300100,16629,27716,160650000,160650000
3,459,160650000,160650100,16629,27716,161000000,161000000
3,460,161000000,161000100,16629,27716,161350000,161350000
3,461,161350000,161350100,16629,27716,161700000,161700000
3,462,161700000,161700100,16629,27716,162050000,162050000
3,463,162050000,162050100,16629,27716,162400000,162400000
3,464,162400000,162400100,16629,27716,162750000,162750000
3,465,162750000,162750100,16629,27716,163100000,163100000
3,466,163100000,163100100,16629,27716,163450000,163450000
3,467,163450000,163450100,16629,27716,163800000,163800000
3,468,163800000,163800100,16629,27716,164150000,164150000
3,469,164150000,164150100,16629,27716,164500000,164500000
3,470,164500000,164500100,16629,27716,164850000,164850000
3,471,164850000,164850100,16629,27716,165200000,165200000
3,472,165200000,165200100,16629,27716,165550000,165550000
3,473,165550000,165550100,16629,27716,165900000,165900000
3,474,165900000,165900100,16629,27716,166250000,166250000
3,475,166250000,166250100,16629,27716,166600000,166600000
3,476,166600000,166600100,16629,27716,166950000,166950000
3,477,166950000,166950100,16629,27716,167300000,167300000
3,478,167300000,167300100,16629,27716,167650000,167650000
3,479,167650000,167650100,16629,27716,168000000,168000000
3,480,168000000,168000100,16629,27716,168350000,168350000
3,481,168350000,168350100,16629,27716,168700000,168700000
3,482,168700000,168700100,16629,27716,169050000,169050000
3,483,169050000,169050100,16629,27716,169400000,169400000
3,484,169400000,169400100,16629,27716,169750000,169750000
3,485,169750000,169750100,16629,27716,170100000,170100000
3,486,170100000,170100100,16629,27716,170450000,170450000
3,487,170450000,170450100,16629,27716,170800000,170800000
3,488,170800000,170800100,16629,27716,171150000,171150000
3,489,171150000,171150100,16629,27716,171500000,171500000
3,490,171500000,171500100,16629,27716,171850000,171850000
3,491,171850000,171850100,16629,27716,172200000,172200000
3,492,172200000,172200100,16629,27716,172550000,172550000
3,493,172550000,172550100,16629,27716,172900000,172900000
3,494,172900000,172900100,16629,27716,173250000,173250000
3,495,173250000,173250100,16629,27716,173600000,173600000
3,496,173600000,173600100,16629,27716,173950000,173950000
3,497,173950000,173950100,16629,27716,174300000,174300000
3,498,174300000,174300100,16629,27716,174650000,174650000
3,499,174650000,174650100,16629,27716,175000000,175000000
3,500,175000000,175000100,16629,27716,175350000,175350000
3,501,175350000,175350100,16629,27716,175700000,175700000
3,502,175700000,175700100,16629,27716,176050000,176050000
3,503,176050000,176050100,16629,27716,176400000,176400000
3,504,176400000,176400100,16629,27716,176750000,176750000
3,505,176750000,176750100,16629,27716,177100000,177100000
3,506,177100000,177100100,16629,27716,177450000,177450000
3,507,177450000,177450100,16629,27716,177800000,177800000
3,508,177800000,177800100,16629,27716,178150000,178150000
3,509,178150000,178150100,16629,27716,178500000,178500000
3,510,178500000,178500100,16629,27716,178850000,178850000
3,511,178850000,178850100,16629,27716,179200000,179200000
3,512,179200000,179200100,16629,27716,179550000,179550000
3,513,179550000,179550100,16629,27716,179900000,179900000
3,514,179900000,179900100,16629,27716,180250000,180250000
3,515,180250000,180250100,16629,27716,180600000,180600000
3,516,180600000,180600100,16629,27716,180950000,180950000
3,517,180950000,180950100,16629,27716,181300000,181300000
3,518,181300000,181300100,16629,27716,181650000,181650000
3,519,181650000,181650100,16629,27716,182000000,182000000
3,520,182000000,182000100,16629,27716,182350000,182350000
3,521,182350000,182350100,16629,27716,182700000,182700000
3,522,182700000,182700100,16629,27716,183050000,183050000
3,523,183050000,183050100,16629,27716,183400000,183400000
3,524,183400000,183400100,16629,27716,183750000,183750000
3,525,183750000,183750100,16629,27716,184100000,184100000
3,526,184100000,184100100,16629,27716,184450000,184450000
3,527,184450000,184450100,16629,27716,184800000,184800000
3,528,184800000,184800100,16629,27716,185150000,185150000
3,529,185150000,185150100,16629,27716,185500000,185500000
3,530,185500000,185500100,16629,27716,185850000,185850000
3,531,185850000,185850100,16629,27716,186200000,186200000
3,532,186200000,186200100,16629,27716,186550000,186550000
3,533,186550000,186550100,16629,27716,186900000,186900000
3,534,186900000,186900100,16629,27716,187250000,187250000
3,535,187250000,187250100,16629,27716,187600000,187600000
3,536,187600000,187600100,16629,27716,187950000,187950000
3,537,187950000,187950100,16629,27716,188300000,188300000
3,538,188300000,188300100,16629,27716,188650000,188650000
3,539,188650000,188650100,16629,27716,189000000,189000000
3,540,189000000,189000100,16629,27716,189350000,189350000
3,541,189350000,189350100,16629,27716,189700000,189700000
3,542,189700000,189700100,16629,27716,190050000,190050000
3,543,190050000,190050100,16629,27716,190400000,190400000
3,544,190400000,190400100,16629,27716,190750000,190750000
3,545,190750000,190750100,16629,27716,191100000,191100000
3,546,191100000,191100100,16629,27716,191450000,191450000
3,547,191450000,191450100,16629,27716,191800000,191800000
3,548,191800000,191800100,16629,27716,192150000,192150000
3,549,192150000,192150100,16629,27716,192500000,192500000
3,550,192500000,192500100,16629,27716,192850000,192850000
3,551,192850000,192850100,16629,27716,193200000,193200000
3,552,193200000,193200100,16629,27716,193550000,193550000
3,553,193550000,193550100,16629,27716,193900000,193900000
3,554,193900000,193900100,16629,27716,194250000,194250000
3,555,194250000,194250100,16629,27716,194600000,194600000
3,556,194600000,194600100,16629,27716,194950000,194950000
3,557,194950000,194950100,16629,27716,195300000,195300000
3,558,195300000,195300100,16629,27716,195650000,195650000
3,559,195650000,195650100,16629,27716,196000000,196000000
3,560,196000000,196000100,16629,27716,196350000,196350000
3,561,196350000,196350100,16629,27716,196700000,196700000
3,562,196700000,196700100,16629,27716,197050000,197050000
3,563,197050000,197050100,16629,27716,197400000,197400000
3,564,197400000,197400100,16629,27716,197750000,197750000
3,565,197750000,197750100,16629,27716,198100000,198100000
3,566,198100000,198100100,16629,27716,198450000,198450000
3,567,198450000,198450100,16629,27716,198800000,198800000
3,568,198800000,198800100,16629,27716,199150000,199150000
3,569,199150000,199150100,16629,27716,199500000,199500000
3,570,199500000,199500100,16629,27716,199850000,199850000
3,571,199850000,199850100,16629,27716,200200000,200200000
3,572,200200000,200200100,16629,27716,200550000,200550000
3,573,200550000,200550100,16629,27716,200900000,200900000
3,574,200900000,200900100,16629,27716,201250000,201250000
3,575,201250000,201250100,16629,27716,201600000,201600000
3,576,201600000,201600100,16629,27716,201950000,201950000
3,577,201950000,201950100,16629,27716,202300000,202300000
3,578,202300000,202300100,16629,27716,202650000,202650000
3,579,202650000,202650100,16629,27716,203000000,203000000
3,580,203000000,203000100,16629,27716,203350000,203350000
3,581,203350000,203350100,16629,27716,203700000,203700000
3,582,203700000,203700100,16629,27716,204050000,204050000
3,583,204050000,204050100,16629,27716,204400000,204400000
3,584,204400000,204400100,16629,27716,204750000,204750000
3,585,204750000,204750100,16629,27716,205100000,205100000
3,586,205100000,205100100,16629,27716,205450000,205450000
3,587,205450000,205450100,16629,27716,205800000,205800000
3,588,205800000,205800100,16629,27716,206150000,206150000
3,589,206150000,206150100,16629,27716,206500000,206500000
3,590,206500000,206500100,16629,27716,206850000,206850000
3,591,206850000,206850100,16629,27716,207200000,207200000
3,592,207200000,207200100,16629,27716,207550000,207550000
3,593,207550000,207550100,16629,27716,207900000,207900000
3,594,207900000,207900100,16629,27716,208250000,208250000
3,595,208250000,208250100,16629,27716,208600000,208600000
3,596,208600000,208600100,16629,27716,208950000,208950000
3,597,208950000,208950100,16629,27716,209300000,209300000
3,598,209300000,209300100,16629,27716,209650000,209650000
3,599,209650000,209650100,16629,27716,210000000,210000000
3,600,210000000,210000100,16629,27716,210350000,210350000
3,601,210350000,210350100,16629,27716,210700000,210700000
3,602,210700000,210700100,16629,27716,211050000,211050000
3,603,211050000,211050100,16629,27716,211400000,211400000
3,604,211400000,211400100,16629,27716,211750000,211750000
3,605,211750000,211750100,16629,27716,212100000,212100000
3,606,212100000,212100100,16629,27716,212450000,212450000
3,607,212450000,212450100,16629,27716,212800000,212800000
3,608,212800000,212800100,16629,27716,213150000,213150000
3,609,213150000,213150100,16629,27716,213500000,213500000
3,610,213500000,213500100,16629,27716,213850000,213850000
3,611,213850000,213850100,16629,27716,214200000,214200000
3,612,214200000,214200100,16629,27716,214550000,214550000
3,613,214550000,214550100,16629,27716,214900000,214900000
3,614,214900000,214900100,16629,27716,215250000,215250000
3,615,215250000,215250100,16629,27716,215600000,215600000
3,616,215600000,215600100,16629,27716,215950000,215950000
3,617,215950000,215950100,16629,27716,216300000,216300000
3,618,216300000,216300100,16629,27716,216650000,216650000
3,619,216650000,216650100,16629,27716,217000000,217000000
3,620,217000000,217000100,16629,27716,217350000,217350000
3,621,217350000,217350100,16629,27716,217700000,217700000
3,622,217700000,217700100,16629,27716,218050000,218050000
3,623,218050000,218050100,16629,27716,218400000,218400000
3,624,218400000,218400100,16629,27716,218750000,218750000
3,625,218750000,218750100,16629,27716,219100000,219100000
3,626,219100000,219100100,16629,27716,219450000,219450000
3,627,219450000,219450100,16629,27716,219800000,219800000
3,628,219800000,219800100,16629,27716,220150000,220150000
3,629,220150000,220150100,16629,27716,220500000,220500000
3,630,220500000,220500100,16629,27716,220850000,220850000
3,631,220850000,220850100,16629,27716,221200000,221200000
3,632,221200000,221200100,16629,27716,221550000,221550000
3,633,221550000,221550100,16629,27716,221900000,221900000
3,634,221900000,221900100,16629,27716,222250000,222250000
3,635,222250000,222250100,16629,27716,222600000,222600000
3,636,222600000,222600100,16629,27716,222950000,222950000
3,637,222950000,222950100,16629,27716,223300000,223300000
3,638,223300000,223300100,16629,27716,223650000,223650000
3,639,223650000,223650100,16629,27716,224000000,224000000
3,640,224000000,224000100,16629,27716,224350000,224350000
3,641,224350000,224350100,16629,27716,224700000,224700000
3,642,224700000,224700100,16629,27716,225050000,225050000
3,643,225050000,225050100,16629,27716,225400000,225400000
3,644,225400000,225400100,16629,27716,225750000,225750000
3,645,225750000,225750100,16629,27716,226100000,226100000
3,646,226100000,226100100,16629,27716,226450000,226450000
3,647,226450000,226450100,16629,27716,226800000,226800000
3,648,226800000,226800100,16629,27716,227150000,227150000
3,649,227150000,227150100,16629,27716,227500000,227500000
3,650,227500000,227500100,16629,27716,227850000,227850000
3,651,227850000,227850100,16629,27716,228200000,228200000
3,652,228200000,228200100,16629,27716,228550000,228550000
3,653,228550000,228550100,16629,27716,228900000,228900000
3,654,228900000,228900100,16629,27716,229250000,229250000
3,655,229250000,229250100,16629,27716,229600000,229600000
3,656,229600000,229600100,16629,27716,229950000,229950000
3,657,229950000,229950100,16629,27716,230300000,230300000
3,658,230300000,230300100,16629,27716,230650000,230650000
3,659,230650000,230650100,16629,27716,231000000,231000000
3,660,231000000,231000100,16629,27716,231350000,231350000
3,661,231350000,231350100,16629,27716,231700000,231700000
3,662,231700000,231700100,16629,27716,232050000,232050000
3,663,232050000,232050100,16629,27716,232400000,232400000
3,664,232400000,232400100,16629,27716,232750000,232750000
3,665,232750000,232750100,16629,27716,233100000,233100000
3,666,233100000,233100100,16629,27716,233450000,233450000
3,667,233450000,233450100,16629,27716,233800000,233800000
3,668,233800000,233800100,16629,27716,234150000,234150000
3,669,234150000,234150100,16629,27716,234500000,234500000
3,670,234500000,234500100,16629,27716,234850000,234850000
3,671,234850000,234850100,16629,27716,235200000,235200000
3,672,235200000,235200100,16629,27716,235550000,235550000
3,673,235550000,235550100,16629,27716,235900000,235900000
3,674,235900000,235900100,16629,27716,236250000,236250000
3,675,236250000,236250100,16629,27716,236600000,236600000
3,676,236600000,236600100,16629,27716,236950000,236950000
3,677,236950000,236950100,16629,27716,237300000,237300000
3,678,237300000,237300100,16629,27716,237650000,237650000
3,679,237650000,237650100,16629,27716,238000000,238000000
3,680,238000000,238000100,16629,27716,238350000,238350000
3,681,238350000,238350100,16629,27716,238700000,238700000
3,682,238700000,238700100,16629,27716,239050000,239050000
3,683,239050000,239050100,16629,27716,239400000,239400000
3,684,239400000,239400100,16629,27716,239750000,239750000
3,685,239750000,239750100,16629,27716,240100000,240100000
3,686,240100000,240100100,16629,27716,240450000,240450000
3,687,240450000,240450100,16629,27716,240800000,240800000
3,688,240800000,240800100,16629,27716,241150000,241150000
3,689,241150000,241150100,16629,27716,241500000,241500000
3,690,241500000,241500100,16629,27716,241850000,241850000
3,691,241850000,241850100,16629,27716,242200000,242200000
3,692,242200000,242200100,16629,27716,242550000,242550000
3,693,242550000,242550100,16629,27716,242900000,242900000
3,694,242900000,242900100,16629,27716,243250000,243250000
3,695,243250000,243250100,16629,27716,243600000,243600000
3,696,243600000,243600100,16629,27716,243950000,243950000
3,697,243950000,243950100,16629,27716,244300000,244300000
3,698,244300000,244300100,16629,27716,244650000,244650000
3,699,244650000,244650100,16629,27716,245000000,245000000
3,700,245000000,245000100,16629,27716,245350000,245350000
3,701,245350000,245350100,16629,27716,245700000,245700000
3,702,245700000,245700100,16629,27716,246050000,246050000
3,703,246050000,246050100,16629,27716,246400000,246400000
3,704,246400000,246400100,16629,27716,246750000,246750000
3,705,246750000,246750100,16629,27716,247100000,247100000
3,706,247100000,247100100,16629,27716,247450000,247450000
3,707,247450000,247450100,16629,27716,247800000,247800000
3,708,247800000,247800100,16629,27716,248150000,248150000
3,709,248150000,248150100,16629,27716,248500000,248500000
3,710,248500000,248500100,16629,27716,248850000,248850000
3,711,248850000,248850100,16629,27716,249200000,249200000
3,712,249200000,249200100,16629,27716,249550000,249550000
3,713,249550000,249550100,16629,27716,249900000,249900000
3,714,249900000,249900100,16629,27716,250250000,250250000
3,715,250250000,250250100,16629,27716,250600000,250600000
3,716,250600000,250600100,16629,27716,250950000,250950000
3,717,250950000,250950100,16629,27716,251300000,251300000
3,718,251300000,251300100,16629,27716,251650000,251650000
3,719,251650000,251650100,16629,27716,252000000,252000000
3,720,252000000,252000100,16629,27716,252350000,252350000
3,721,252350000,252350100,16629,27716,252700000,252700000
3,722,252700000,252700100,16629,27716,253050000,253050000
3,723,253050000,253050100,16629,27716,253400000,253400000
3,724,253400000,253400100,16629,27716,253750000,253750000
3,725,253750000,253750100,16629,27716,254100000,254100000
3,726,254100000,254100100,16629,27716,254450000,254450000
3,727,254450000,254450100,16629,27716,254800000,254800000
3,728,254800000,254800100,16629,27716,255150000,255150000
3,729,255150000,255150100,16629,27716,255500000,255500000
3,730,255500000,255500100,16629,27716,255850000,255850000
3,731,255850000,255850100,16629,27716,256200000,256200000
3,732,256200000,256200100,16629,27716,256550000,256550000
3,733,256550000,256550100,16629,27716,256900000,256900000
3,734,256900000,256900100,16629,27716,257250000,257250000
3,735,257250000,257250100,16629,27716,257600000,257600000
3,736,257600000,257600100,16629,27716,257950000,257950000
3,737,257950000,257950100,16629,27716,258300000,258300000
3,738,258300000,258300100,16629,27716,258650000,258650000
3,739,258650000,258650100,16629,27716,259000000,259000000
3,740,259000000,259000100,16629,27716,259350000,259350000
3,741,259350000,259350100,16629,27716,259700000,259700000
3,742,259700000,259700100,16629,27716,260050000,260050000
3,743,260050000,260050100,16629,27716,260400000,260400000
3,744,260400000,260400100,16629,27716,260750000,260750000
3,745,260750000,260750100,16629,27716,261100000,261100000
3,746,261100000,261100100,16629,27716,261450000,261450000
3,747,261450000,261450100,16629,27716,261800000,261800000
3,748,261800000,261800100,16629,27716,262150000,262150000
3,749,262150000,262150100,16629,27716,262500000,262500000
3,750,262500000,262500100,16629,27716,262850000,262850000
3,751,262850000,262850100,16629,27716,263200000,263200000
3,752,263200000,263200100,16629,27716,263550000,263550000
3,753,263550000,263550100,16629,27716,263900000,263900000
3,754,263900000,263900100,16629,27716,264250000,264250000
3,755,264250000,264250100,16629,27716,264600000,264600000
3,756,264600000,264600100,16629,27716,264950000,264950000
3,757,264950000,264950100,16629,27716,265300000,265300000
3,758,265300000,265300100,16629,27716,265650000,265650000
3,759,265650000,265650100,16629,27716,266000000,266000000
3,760,266000000,266000100,16629,27716,266350000,266350000
3,761,266350000,266350100,16629,27716,266700000,266700000
3,762,266700000,266700100,16629,27716,267050000,267050000
3,763,267050000,267050100,16629,27716,267400000,267400000
3,764,267400000,267400100,16629,27716,267750000,267750000
3,765,267750000,267750100,16629,27716,268100000,268100000
3,766,268100000,268100100,16629,27716,268450000,268450000
3,767,268450000,268450100,16629,27716,268800000,268800000
3,768,268800000,268800100,16629,27716,269150000,269150000
3,769,269150000,269150100,16629,27716,269500000,269500000
3,770,269500000,269500100,16629,27716,269850000,269850000
3,771,269850000,269850100,16629,27716,270200000,270200000
3,772,270200000,270200100,16629,27716,270550000,270550000
3,773,270550000,270550100,16629,27716,270900000,270900000
3,774,270900000,270900100,16629,27716,271250000,271250000
3,775,271250000,271250100,16629,27716,271600000,271600000
3,776,271600000,271600100,16629,27716,271950000,271950000
3,777,271950000,271950100,16629,27716,272300000,272300000
3,778,272300000,272300100,16629,27716,272650000,272650000
3,779,272650000,272650100,16629,27716,273000000,273000000
3,780,273000000,273000100,16629,27716,273350000,273350000
3,781,273350000,273350100,16629,27716,273700000,273700000
3,782,273700000,273700100,16629,27716,274050000,274050000
3,783,274050000,274050100,16629,27716,274400000,274400000
3,784,274400000,274400100,16629,27716,274750000,274750000
3,785,274750000,274750100,16629,27716,275100000,275100000
3,786,275100000,275100100,16629,27716,275450000,275450000
3,787,275450000,275450100,16629,27716,275800000,275800000
3,788,275800000,275800100,16629,27716,276150000,276150000
3,789,276150000,276150100,16629,27716,276500000,276500000
3,790,276500000,276500100,16629,27716,276850000,276850000
3,791,276850000,276850100,16629,27716,277200000,277200000
3,792,277200000,277200100,16629,27716,277550000,277550000
3,793,277550000,277550100,16629,27716,277900000,277900000
3,794,277900000,277900100,16629,27716,278250000,278250000
3,795,278250000,278250100,16629,27716,278600000,278600000
3,796,278600000,278600100,16629,27716,278950000,278950000
3,797,278950000,278950100,16629,27716,279300000,279300000
3,798,279300000,279300100,16629,27716,279650000,279650000
3,799,279650000,279650100,16629,27716,280000000,280000000
3,800,280000000,280000100,16629,27716,280350000,280350000
3,801,280350000,280350100,16629,27716,280700000,280700000
3,802,280700000,280700100,16629,27716,281050000,281050000
3,803,281050000,281050100,16629,27716,281400000,281400000
3,804,281400000,281400100,16629,27716,281750000,281750000
3,805,281750000,281750100,16629,27716,282100000,282100000
3,806,282100000,282100100,16629,27716,282450000,282450000
3,807,282450000,282450100,16629,27716,282800000,282800000
3,808,282800000,282800100,16629,27716,283150000,283150000
3,809,283150000,283150100,16629,27716,283500000,283500000
3,810,283500000,283500100,16629,27716,283850000,283850000
3,811,283850000,283850100,16629,27716,284200000,284200000
3,812,284200000,284200100,16629,27716,284550000,284550000
3,813,284550000,284550100,16629,27716,284900000,284900000
3,814,284900000,284900100,16629,27716,285250000,285250000
3,815,285250000,285250100,16629,27716,285600000,285600000
3,816,285600000,285600100,16629,27716,285950000,285950000
3,817,285950000,285950100,16629,27716,286300000,286300000
3,818,286300000,286300100,16629,27716,286650000,286650000
3,819,286650000,286650100,16629,27716,287000000,287000000
3,820,287000000,287000100,16629,27716,287350000,287350000
3,821,287350000,287350100,16629,27716,287700000,287700000
3,822,287700000,287700100,16629,27716,288050000,288050000
3,823,288050000,288050100,16629,27716,288400000,288400000
3,824,288400000,288400100,16629,27716,288750000,288750000
3,825,288750000,288750100,16629,27716,289100000,289100000
3,826,289100000,289100100,16629,27716,289450000,289450000
3,827,289450000,289450100,16629,27716,289800000,289800000
3,828,289800000,289800100,16629,27716,290150000,290150000
3,829,290150000,290150100,16629,27716,290500000,290500000
3,830,290500000,290500100,16629,27716,290850000,290850000
3,831,290850000,290850100,16629,27716,291200000,291200000
3,832,291200000,291200100,16629,27716,291550000,291550000
3,833,291550000,291550100,16629,27716,291900000,291900000
3,834,291900000,291900100,16629,27716,292250000,292250000
3,835,292250000,292250100,16629,27716,292600000,292600000
3,836,292600000,292600100,16629,27716,292950000,292950000
3,837,292950000,292950100,16629,27716,293300000,293300000
3,838,293300000,293300100,16629,27716,293650000,293650000
3,839,293650000,293650100,16629,27716,294000000,294000000
3,840,294000000,294000100,16629,27716,294350000,294350000
3,841,294350000,294350100,16629,27716,294700000,294700000
3,842,294700000,294700100,16629,27716,295050000,295050000
3,843,295050000,295050100,16629,27716,295400000,295400000
3,844,295400000,295400100,16629,27716,295750000,295750000
3,845,295750000,295750100,16629,27716,296100000,296100000
3,846,296100000,296100100,16629,27716,296450000,296450000
3,847,296450000,296450100,16629,27716,296800000,296800000
3,848,296800000,296800100,16629,27716,297150000,297150000
3,849,297150000,297150100,16629,27716,297500000,297500000
3,850,297500000,297500100,16629,27716,297850000,297850000
3,851,297850000,297850100,16629,27716,298200000,298200000
3,852,298200000,298200100,16629,27716,298550000,298550000
3,853,298550000,298550100,16629,27716,298900000,298900000
3,854,298900000,298900100,16629,27716,299250000,299250000
3,855,299250000,299250100,16629,27716,299600000,299600000
3,856,299600000,299600100,16629,27716,299950000,299950000
3,857,299950000,299950100,16629,27716,300300000,300300000
3,858,300300000,300300100,16629,27716,300650000,300650000
3,859,300650000,300650100,16629,27716,301000000,301000000
3,860,301000000,301000100,16629,27716,301350000,301350000
3,861,301350000,301350100,16629,27716,301700000,301700000
3,862,301700000,301700100,16629,27716,302050000,302050000
3,863,302050000,302050100,16629,27716,302400000,302400000
3,864,302400000,302400100,16629,27716,302750000,302750000
3,865,302750000,302750100,16629,27716,303100000,303100000
3,866,303100000,303100100,16629,27716,303450000,303450000
3,867,303450000,303450100,16629,27716,303800000,303800000
3,868,303800000,303800100,16629,27716,304150000,304150000
3,869,304150000,304150100,16629,27716,304500000,304500000
3,870,304500000,304500100,16629,27716,304850000,304850000
3,871,304850000,304850100,16629,27716,305200000,305200000
3,872,305200000,305200100,16629,27716,305550000,305550000
3,873,305550000,305550100,16629,27716,305900000,305900000
3,874,305900000,305900100,16629,27716,306250000,306250000
3,875,306250000,306250100,16629,27716,306600000,306600000
3,876,306600000,306600100,16629,27716,306950000,306950000
3,877,306950000,306950100,16629,27716,307300000,307300000
3,878,307300000,307300100,16629,27716,307650000,307650000
3,879,307650000,307650100,16629,27716,308000000,308000000
3,880,308000000,308000100,16629,27716,308350000,308350000
3,881,308350000,308350100,16629,27716,308700000,308700000
3,882,308700000,308700100,16629,27716,309050000,309050000
3,883,309050000,309050100,16629,27716,309400000,309400000
3,884,309400000,309400100,16629,27716,309750000,309750000
3,885,309750000,309750100,16629,27716,310100000,310100000
3,886,310100000,310100100,16629,27716,310450000,310450000
3,887,310450000,310450100,16629,27716,310800000,310800000
3,888,310800000,310800100,16629,27716,311150000,311150000
3,889,311150000,311150100,16629,27716,311500000,311500000
3,890,311500000,311500100,16629,27716,311850000,311850000
3,891,311850000,311850100,16629,27716,312200000,312200000
3,892,312200000,312200100,16629,27716,312550000,312550000
3,893,312550000,312550100,16629,27716,312900000,312900000
3,894,312900000,312900100,16629,27716,313250000,313250000
3,895,313250000,313250100,16629,27716,313600000,313600000
3,896,313600000,313600100,16629,27716,313950000,313950000
3,897,313950000,313950100,16629,27716,314300000,314300000
3,898,314300000,314300100,16629,27716,314650000,314650000
3,899,314650000,314650100,16629,27716,315000000,315000000
3,900,315000000,315000100,16629,27716,315350000,315350000
3,901,315350000,315350100,16629,27716,315700000,315700000
3,902,315700000,315700100,16629,27716,316050000,316050000
3,903,316050000,316050100,16629,27716,316400000,316400000
3,904,316400000,316400100,16629,27716,316750000,316750000
3,905,316750000,316750100,16629,27716,317100000,317100000
3,906,317100000,317100100,16629,27716,317450000,317450000
3,907,317450000,317450100,16629,27716,317800000,317800000
3,908,317800000,317800100,16629,27716,318150000,318150000
3,909,318150000,318150100,16629,27716,318500000,318500000
3,910,318500000,318500100,16629,27716,318850000,318850000
3,911,318850000,318850100,16629,27716,319200000,319200000
3,912,319200000,319200100,16629,27716,319550000,319550000
3,913,319550000,319550100,16629,27716,319900000,319900000
3,914,319900000,319900100,16629,27716,320250000,320250000
3,915,320250000,320250100,16629,27716,320600000,320600000
3,916,320600000,320600100,16629,27716,320950000,320950000
3,917,320950000,320950100,16629,27716,321300000,321300000
3,918,321300000,321300100,16629,27716,321650000,321650000
3,919,321650000,321650100,16629,27716,322000000,322000000
3,920,322000000,322000100,16629,27716,322350000,322350000
3,921,322350000,322350100,16629,27716,322700000,322700000
3,922,322700000,322700100,16629,27716,323050000,323050000
3,923,323050000,323050100,16629,27716,323400000,323400000
3,924,323400000,323400100,16629,27716,323750000,323750000
3,925,323750000,323750100,16629,27716,324100000,324100000
3,926,324100000,324100100,16629,27716,324450000,324450000
3,927,324450000,324450100,16629,27716,324800000,324800000
3,928,324800000,324800100,16629,27716,325150000,325150000
3,929,325150000,325150100,16629,27716,325500000,325500000
3,930,325500000,325500100,16629,27716,325850000,325850000
3,931,325850000,325850100,16629,27716,326200000,326200000
3,932,326200000,326200100,16629,27716,326550000,326550000
3,933,326550000,326550100,16629,27716,326900000,326900000
3,934,326900000,326900100,16629,27716,327250000,327250000
3,935,327250000,327250100,16629,27716,327600000,327600000
3,936,327600000,327600100,16629,27716,327950000,327950000
3,937,327950000,327950100,16629,27716,328300000,328300000
3,938,328300000,328300100,16629,27716,328650000,328650000
3,939,328650000,328650100,16629,27716,329000000,329000000
3,940,329000000,329000100,16629,27716,329350000,329350000
3,941,329350000,329350100,16629,27716,329700000,329700000
3,942,329700000,329700100,16629,27716,330050000,330050000
3,943,330050000,330050100,16629,27716,330400000,330400000
3,944,330400000,330400100,16629,27716,330750000,330750000
3,945,330750000,330750100,16629,27716,331100000,331100000
3,946,331100000,331100100,16629,27716,331450000,331450000
3,947,331450000,331450100,16629,27716,331800000,331800000
3,948,331800000,331800100,16629,27716,332150000,332150000
3,949,332150000,332150100,16629,27716,332500000,332500000
3,950,332500000,332500100,16629,27716,332850000,332850000
3,951,332850000,332850100,16629,27716,333200000,333200000
3,952,333200000,333200100,16629,27716,333550000,333550000
3,953,333550000,333550100,16629,27716,333900000,333900000
3,954,333900000,333900100,16629,27716,334250000,334250000
3,955,334250000,334250100,16629,27716,334600000,334600000
3,956,334600000,334600100,16629,27716,334950000,334950000
3,957,334950000,334950100,16629,27716,335300000,335300000
3,958,335300000,335300100,16629,27716,335650000,335650000
3,959,335650000,335650100,16629,27716,336000000,336000000
3,960,336000000,336000100,16629,27716,336350000,336350000
3,961,336350000,336350100,16629,27716,336700000,336700000
3,962,336700000,336700100,16629,27716,337050000,337050000
3,963,337050000,337050100,16629,27716,337400000,337400000
3,964,337400000,337400100,16629,27716,337750000,337750000
3,965,337750000,337750100,16629,27716,338100000,338100000
3,966,338100000,338100100,16629,27716,338450000,338450000
3,967,338450000,338450100,16629,27716,338800000,338800000
3,968,338800000,338800100,16629,27716,339150000,339150000
3,969,339150000,339150100,16629,27716,339500000,339500000
3,970,339500000,339500100,16629,27716,339850000,339850000
3,971,339850000,339850100,16629,27716,340200000,340200000
3,972,340200000,340200100,16629,27716,340550000,340550000
3,973,340550000,340550100,16629,27716,340900000,340900000
3,974,340900000,340900100,16629,27716,341250000,341250000
3,975,341250000,341250100,16629,27716,341600000,341600000
3,976,341600000,341600100,16629,27716,341950000,341950000
3,977,341950000,341950100,16629,27716,342300000,342300000
3,978,342300000,342300100,16629,27716,342650000,342650000
3,979,342650000,342650100,16629,27716,343000000,343000000
3,980,343000000,343000100,16629,27716,343350000,343350000
3,981,343350000,343350100,16629,27716,343700000,343700000
3,982,343700000,343700100,16629,27716,344050000,344050000
3,983,344050000,344050100,16629,27716,344400000,344400000
3,984,344400000,344400100,16629,27716,344750000,344750000
3,985,344750000,344750100,16629,27716,345100000,345100000
3,986,345100000,345100100,16629,27716,345450000,345450000
3,987,345450000,345450100,16629,27716,345800000,345800000
3,988,345800000,345800100,16629,27716,346150000,346150000
3,989,346150000,346150100,16629,27716,346500000,346500000
3,990,346500000,346500100,16629,27716,346850000,346850000
3,991,346850000,346850100,16629,27716,347200000,347200000
3,992,347200000,347200100,16629,27716,347550000,347550000
3,993,347550000,347550100,16629,27716,347900000,347900000
3,994,347900000,347900100,16629,27716,348250000,348250000
3,995,348250000,348250100,16629,27716,348600000,348600000
3,996,348600000,348600100,16629,27716,348950000,348950000
3,997,348950000,348950100,16629,27716,349300000,349300000
3,998,349300000,349300100,16629,27716,349650000,349650000
3,999,349650000,349650100,16629,27716,350000000,350000000
3,1000,350000000,350000100,16629,27716,350350000,350350000
3,1001,350350000,350350100,16629,27716,350700000,350700000
3,1002,350700000,350700100,16629,27716,351050000,351050000
3,1003,351050000,351050100,16629,27716,351400000,351400000
3,1004,351400000,351400100,16629,27716,351750000,351750000
3,1005,351750000,351750100,16629,27716,352100000,352100000
3,1006,352100000,352100100,16629,27716,352450000,352450000
3,1007,352450000,352450100,16629,27716,352800000,352800000
3,1008,352800000,352800100,16629,27716,353150000,353150000
3,1009,353150000,353150100,16629,27716,353500000,353500000
3,1010,353500000,353500100,16629,27716,353850000,353850000
3,1011,353850000,353850100,16629,27716,354200000,354200000
3,1012,354200000,354200100,16629,27716,354550000,354550000
3,1013,354550000,354550100,16629,27716,354900000,354900000
3,1014,354900000,354900100,16629,27716,355250000,355250000
3,1015,355250000,355250100,16629,27716,355600000,355600000
3,1016,355600000,355600100,16629,27716,355950000,355950000
3,1017,355950000,355950100,16629,27716,356300000,356300000
3,1018,356300000,356300100,16629,27716,356650000,356650000
3,1019,356650000,356650100,16629,27716,357000000,357000000
4,0,0,100,13295,22159,500000,500000
4,1,500000,500100,13295,22159,1000000,1000000
4,2,1000000,1000100,13295,22159,1500000,1500000
4,3,1500000,1500100,13295,22159,2000000,2000000
4,4,2000000,2000100,13295,22159,2500000,2500000
4,5,2500000,2500100,13295,22159,3000000,3000000
4,6,3000000,3000100,13295,22159,3500000,3500000
4,7,3500000,3500100,13295,22159,4000000,4000000
4,8,4000000,4000100,13295,22159,4500000,4500000
4,9,4500000,4500100,13295,22159,5000000,5000000
4,10,5000000,5000100,13295,22159,5500000,5500000
4,11,5500000,5500100,13295,22159,6000000,6000000
4,12,6000000,6000100,13295,22159,6500000,6500000
4,13,6500000,6500100,13295,22159,7000000,7000000
4,14,7000000,7000100,13295,22159,7500000,7500000
4,15,7500000,7500100,13295,22159,8000000,8000000
4,16,8000000,8000100,13295,22159,8500000,8500000
4,17,8500000,8500100,13295,22159,9000000,9000000
4,18,9000000,9000100,13295,22159,9500000,9500000
4,19,9500000,9500100,13295,22159,10000000,10000000
4,20,10000000,10000100,13295,22159,10500000,10500000
4,21,10500000,10500100,13295,22159,11000000,11000000
4,22,11000000,11000100,13295,22159,11500000,11500000
4,23,11500000,11500100,13295,22159,12000000,12000000
4,24,12000000,12000100,13295,22159,12500000,12500000
4,25,12500000,12500100,13295,22159,13000000,13000000
4,26,13000000,13000100,13295,22159,13500000,13500000
4,27,13500000,13500100,13295,22159,14000000,14000000
4,28,14000000,14000100,13295,22159,14500000,14500000
4,29,14500000,14500100,13295,22159,15000000,15000000
4,30,15000000,15000100,13295,22159,15500000,15500000
4,31,15500000,15500100,13295,22159,16000000,16000000
4,32,16000000,16000100,13295,22159,16500000,16500000
4,33,16500000,16500100,13295,22159,17000000,17000000
4,34,17000000,17000100,13295,22159,17500000,17500000
4,35,17500000,17500100,13295,22159,18000000,18000000
4,36,18000000,18000100,13295,22159,18500000,18500000
4,37,18500000,18500100,13295,22159,19000000,19000000
4,38,19000000,19000100,13295,22159,19500000,19500000
4,39,19500000,19500100,13295,22159,20000000,20000000
4,40,20000000,20000100,13295,22159,20500000,20500000
4,41,20500000,20500100,13295,22159,21000000,21000000
4,42,21000000,21000100,13295,22159,21500000,21500000
4,43,21500000,21500100,13295,22159,22000000,22000000
4,44,22000000,22000100,13295,22159,22500000,22500000
4,45,22500000,22500100,13295,22159,23000000,23000000
4,46,23000000,23000100,13295,22159,23500000,23500000
4,47,23500000,23500100,13295,22159,24000000,24000000
4,48,24000000,24000100,13295,22159,24500000,24500000
4,49,24500000,24500100,13295,22159,25000000,25000000
4,50,25000000,25000100,13295,22159,25500000,25500000
4,51,25500000,25500100,13295,22159,26000000,26000000
4,52,26000000,26000100,13295,22159,26500000,26500000
4,53,26500000,26500100,13295,22159,27000000,27000000
4,54,27000000,27000100,13295,22159,27500000,27500000
4,55,27500000,27500100,13295,22159,28000000,28000000
4,56,28000000,28000100,13295,22159,28500000,28500000
4,57,28500000,28500100,13295,22159,29000000,29000000
4,58,29000000,29000100,13295,22159,29500000,29500000
4,59,29500000,29500100,13295,22159,30000000,30000000
4,60,30000000,30000100,13295,22159,30500000,30500000
4,61,30500000,30500100,13295,22159,31000000,31000000
4,62,31000000,31000100,13295,22159,31500000,31500000
4,63,31500000,31500100,13295,22159,32000000,32000000
4,64,32000000,32000100,13295,22159,32500000,32500000
4,65,32500000,32500100,13295,22159,33000000,33000000
4,66,33000000,33000100,13295,22159,33500000,33500000
4,67,33500000,33500100,13295,22159,34000000,34000000
4,68,34000000,34000100,13295,22159,34500000,34500000
4,69,34500000,34500100,13295,22159,35000000,35000000
4,70,35000000,35000100,13295,22159,35500000,35500000
4,71,35500000,35500100,13295,22159,36000000,36000000
4,72,36000000,36000100,13295,22159,36500000,36500000
4,73,36500000,36500100,13295,22159,37000000,37000000
4,74,37000000,37000100,13295,22159,37500000,37500000
4,75,37500000,37500100,13295,22159,38000000,38000000
4,76,38000000,38000100,13295,22159,38500000,38500000
4,77,38500000,38500100,13295,22159,39000000,39000000
4,78,39000000,39000100,13295,22159,39500000,39500000
4,79,39500000,39500100,13295,22159,40000000,40000000
4,80,40000000,40000100,13295,22159,40500000,40500000
4,81,40500000,40500100,13295,22159,41000000,41000000
4,82,41000000,41000100,13295,22159,41500000,41500000
4,83,41500000,41500100,13295,22159,42000000,42000000
4,84,42000000,42000100,13295,22159,42500000,42500000
4,85,42500000,42500100,13295,22159,43000000,43000000
4,86,43000000,43000100,13295,22159,43500000,43500000
4,87,43500000,43500100,13295,22159,44000000,44000000
4,88,44000000,44000100,13295,22159,44500000,44500000
4,89,44500000,44500100,13295,22159,45000000,45000000
4,90,45000000,45000100,13295,22159,45500000,45500000
4,91,45500000,45500100,13295,22159,46000000,46000000
4,92,46000000,46000100,13295,22159,46500000,46500000
4,93,46500000,46500100,13295,22159,47000000,47000000
4,94,47000000,47000100,13295,22159,47500000,47500000
4,95,47500000,47500100,13295,22159,48000000,48000000
4,96,48000000,48000100,13295,22159,48500000,48500000
4,97,48500000,48500100,13295,22159,49000000,49000000
4,98,49000000,49000100,13295,22159,49500000,49500000
4,99,49500000,49500100,13295,22159,50000000,50000000
4,100,50000000,50000100,13295,22159,50500000,50500000
4,101,50500000,50500100,13295,22159,51000000,51000000
4,102,51000000,51000100,13295,22159,51500000,51500000
4,103,51500000,51500100,13295,22159,52000000,52000000
4,104,52000000,52000100,13295,22159,52500000,52500000
4,105,52500000,52500100,13295,22159,53000000,53000000
4,106,53000000,53000100,13295,22159,53500000,53500000
4,107,53500000,53500100,13295,22159,54000000,54000000
4,108,54000000,54000100,13295,22159,54500000,54500000
4,109,54500000,54500100,13295,22159,55000000,55000000
4,110,55000000,55000100,13295,22159,55500000,55500000
4,111,55500000,55500100,13295,22159,56000000,56000000
4,112,56000000,56000100,13295,22159,56500000,56500000
4,113,56500000,56500100,13295,22159,57000000,57000000
4,114,57000000,57000100,13295,22159,57500000,57500000
4,115,57500000,57500100,13295,22159,58000000,58000000
4,116,58000000,58000100,13295,22159,58500000,58500000
4,117,58500000,58500100,13295,22159,59000000,59000000
4,118,59000000,59000100,13295,22159,59500000,59500000
4,119,59500000,59500100,13295,22159,60000000,60000000
4,120,60000000,60000100,13295,22159,60500000,60500000
4,121,60500000,60500100,13295,22159,61000000,61000000
4,122,61000000,61000100,13295,22159,61500000,61500000
4,123,61500000,61500100,13295,22159,62000000,62000000
4,124,62000000,62000100,13295,22159,62500000,62500000
4,125,62500000,62500100,13295,22159,63000000,63000000
4,126,63000000,63000100,13295,22159,63500000,63500000
4,127,63500000,63500100,13295,22159,64000000,64000000
4,128,64000000,64000100,13295,22159,64500000,64500000
4,129,64500000,64500100,13295,22159,65000000,65000000
4,130,65000000,65000100,13295,22159,65500000,65500000
4,131,65500000,65500100,13295,22159,66000000,66000000
4,132,66000000,66000100,13295,22159,66500000,66500000
4,133,66500000,66500100,13295,22159,67000000,67000000
4,134,67000000,67000100,13295,22159,67500000,67500000
4,135,67500000,67500100,13295,22159,68000000,68000000
4,136,68000000,68000100,13295,22159,68500000,68500000
4,137,68500000,68500100,13295,22159,69000000,69000000
4,138,69000000,69000100,13295,22159,69500000,69500000
4,139,69500000,69500100,13295,22159,70000000,70000000
4,140,70000000,70000100,13295,22159,70500000,70500000
4,141,70500000,70500100,13295,22159,71000000,71000000
4,142,71000000,71000100,13295,22159,71500000,71500000
4,143,71500000,71500100,13295,22159,72000000,72000000
4,144,72000000,72000100,13295,22159,72500000,72500000
4,145,72500000,72500100,13295,22159,73000000,73000000
4,146,73000000,73000100,13295,22159,73500000,73500000
4,147,73500000,73500100,13295,22159,74000000,74000000
4,148,74000000,74000100,13295,22159,74500000,74500000
4,149,74500000,74500100,13295,22159,75000000,75000000
4,150,75000000,75000100,13295,22159,75500000,75500000
4,151,75500000,75500100,13295,22159,76000000,76000000
4,152,76000000,76000100,13295,22159,76500000,76500000
4,153,76500000,76500100,13295,22159,77000000,77000000
4,154,77000000,77000100,13295,22159,77500000,77500000
4,155,77500000,77500100,13295,22159,78000000,78000000
4,156,78000000,78000100,13295,22159,78500000,78500000
4,157,78500000,78500100,13295,22159,79000000,79000000
4,158,79000000,79000100,13295,22159,79500000,79500000
4,159,79500000,79500100,13295,22159,80000000,80000000
4,160,80000000,80000100,13295,22159,80500000,80500000
4,161,80500000,80500100,13295,22159,81000000,81000000
4,162,81000000,81000100,13295,22159,81500000,81500000
4,163,81500000,81500100,13295,22159,82000000,82000000
4,164,82000000,82000100,13295,22159,82500000,82500000
4,165,82500000,82500100,13295,22159,83000000,83000000
4,166,83000000,83000100,13295,22159,83500000,83500000
4,167,83500000,83500100,13295,22159,84000000,84000000
4,168,84000000,84000100,13295,22159,84500000,84500000
4,169,84500000,84500100,13295,22159,85000000,85000000
4,170,85000000,85000100,13295,22159,85500000,85500000
4,171,85500000,85500100,13295,22159,86000000,86000000
4,172,86000000,86000100,13295,22159,86500000,86500000
4,173,86500000,86500100,13295,22159,87000000,87000000
4,174,87000000,87000100,13295,22159,87500000,87500000
4,175,87500000,87500100,13295,22159,88000000,88000000
4,176,88000000,88000100,13295,22159,88500000,88500000
4,177,88500000,88500100,13295,22159,89000000,89000000
4,178,89000000,89000100,13295,22159,89500000,89500000
4,179,89500000,89500100,13295,22159,90000000,90000000
4,180,90000000,90000100,13295,22159,90500000,90500000
4,181,90500000,90500100,13295,22159,91000000,91000000
4,182,91000000,91000100,13295,22159,91500000,91500000
4,183,91500000,91500100,13295,22159,92000000,92000000
4,184,92000000,92000100,13295,22159,92500000,92500000
4,185,92500000,92500100,13295,22159,93000000,93000000
4,186,93000000,93000100,13295,22159,93500000,93500000
4,187,93500000,93500100,13295,22159,94000000,94000000
4,188,94000000,94000100,13295,22159,94500000,94500000
4,189,94500000,94500100,13295,22159,95000000,95000000
4,190,95000000,95000100,13295,22159,95500000,95500000
4,191,95500000,95500100,13295,22159,96000000,96000000
4,192,96000000,96000100,13295,22159,96500000,96500000
4,193,96500000,96500100,13295,22159,97000000,97000000
4,194,97000000,97000100,13295,22159,97500000,97500000
4,195,97500000,97500100,13295,22159,98000000,98000000
4,196,98000000,98000100,13295,22159,98500000,98500000
4,197,98500000,98500100,13295,22159,99000000,99000000
4,198,99000000,99000100,13295,22159,99500000,99500000
4,199,99500000,99500100,13295,22159,100000000,100000000
4,200,100000000,100000100,13295,22159,100500000,100500000
4,201,100500000,100500100,13295,22159,101000000,101000000
4,202,101000000,101000100,13295,22159,101500000,101500000
4,203,101500000,101500100,13295,22159,102000000,102000000
4,204,102000000,102000100,13295,22159,102500000,102500000
4,205,102500000,102500100,13295,22159,103000000,103000000
4,206,103000000,103000100,13295,22159,103500000,103500000
4,207,103500000,103500100,13295,22159,104000000,104000000
4,208,104000000,104000100,13295,22159,104500000,104500000
4,209,104500000,104500100,13295,22159,105000000,105000000
4,210,105000000,105000100,13295,22159,105500000,105500000
4,211,105500000,105500100,13295,22159,106000000,106000000
4,212,106000000,106000100,13295,22159,106500000,106500000
4,213,106500000,106500100,13295,22159,107000000,107000000
4,214,107000000,107000100,13295,22159,107500000,107500000
4,215,107500000,107500100,13295,22159,108000000,108000000
4,216,108000000,108000100,13295,22159,108500000,108500000
4,217,108500000,108500100,13295,22159,109000000,109000000
4,218,109000000,109000100,13295,22159,109500000,109500000
4,219,109500000,109500100,13295,22159,110000000,110000000
4,220,110000000,110000100,13295,22159,110500000,110500000
4,221,110500000,110500100,13295,22159,111000000,111000000
4,222,111000000,111000100,13295,22159,111500000,111500000
4,223,111500000,111500100,13295,22159,112000000,112000000
4,224,112000000,112000100,13295,22159,112500000,112500000
4,225,112500000,112500100,13295,22159,113000000,113000000
4,226,113000000,113000100,13295,22159,113500000,113500000
4,227,113500000,113500100,13295,22159,114000000,114000000
4,228,114000000,114000100,13295,22159,114500000,114500000
4,229,114500000,114500100,13295,22159,115000000,115000000
4,230,115000000,115000100,13295,22159,115500000,115500000
4,231,115500000,115500100,13295,22159,116000000,116000000
4,232,116000000,116000100,13295,22159,116500000,116500000
4,233,116500000,116500100,13295,22159,117000000,117000000
4,234,117000000,117000100,13295,22159,117500000,117500000
4,235,117500000,117500100,13295,22159,118000000,118000000
4,236,118000000,118000100,13295,22159,118500000,118500000
4,237,118500000,118500100,13295,22159,119000000,119000000
4,238,119000000,119000100,13295,22159,119500000,119500000
4,239,119500000,119500100,13295,22159,120000000,120000000
4,240,120000000,120000100,13295,22159,120500000,120500000
4,241,120500000,120500100,13295,22159,121000000,121000000
4,242,121000000,121000100,13295,22159,121500000,121500000
4,243,121500000,121500100,13295,22159,122000000,122000000
4,244,122000000,122000100,13295,22159,122500000,122500000
4,245,122500000,122500100,13295,22159,123000000,123000000
4,246,123000000,123000100,13295,22159,123500000,123500000
4,247,123500000,123500100,13295,22159,124000000,124000000
4,248,124000000,124000100,13295,22159,124500000,124500000
4,249,124500000,124500100,13295,22159,125000000,125000000
4,250,125000000,125000100,13295,22159,125500000,125500000
4,251,125500000,125500100,13295,22159,126000000,126000000
4,252,126000000,126000100,13295,22159,126500000,126500000
4,253,126500000,126500100,13295,22159,127000000,127000000
4,254,127000000,127000100,13295,22159,127500000,127500000
4,255,127500000,127500100,13295,22159,128000000,128000000
4,256,128000000,128000100,13295,22159,128500000,128500000
4,257,128500000,128500100,13295,22159,129000000,129000000
4,258,129000000,129000100,13295,22159,129500000,129500000
4,259,129500000,129500100,13295,22159,130000000,130000000
4,260,130000000,130000100,13295,22159,130500000,130500000
4,261,130500000,130500100,13295,22159,131000000,131000000
4,262,131000000,131000100,13295,22159,131500000,131500000
4,263,131500000,131500100,13295,22159,132000000,132000000
4,264,132000000,132000100,13295,22159,132500000,132500000
4,265,132500000,132500100,13295,22159,133000000,133000000
4,266,133000000,133000100,13295,22159,133500000,133500000
4,267,133500000,133500100,13295,22159,134000000,134000000
4,268,134000000,134000100,13295,22159,134500000,134500000
4,269,134500000,134500100,13295,22159,135000000,135000000
4,270,135000000,135000100,13295,22159,135500000,135500000
4,271,135500000,135500100,13295,22159,136000000,136000000
4,272,136000000,136000100,13295,22159,136500000,136500000
4,273,136500000,136500100,13295,22159,137000000,137000000
4,274,137000000,137000100,13295,22159,137500000,137500000
4,275,137500000,137500100,13295,22159,138000000,138000000
4,276,138000000,138000100,13295,22159,138500000,138500000
4,277,138500000,138500100,13295,22159,139000000,139000000
4,278,139000000,139000100,13295,22159,139500000,139500000
4,279,139500000,139500100,13295,22159,140000000,140000000
4,280,140000000,140000100,13295,22159,140500000,140500000
4,281,140500000,140500100,13295,22159,141000000,141000000
4,282,141000000,141000100,13295,22159,141500000,141500000
4,283,141500000,141500100,13295,22159,142000000,142000000
4,284,142000000,142000100,13295,22159,142500000,142500000
4,285,142500000,142500100,13295,22159,143000000,143000000
4,286,143000000,143000100,13295,22159,143500000,143500000
4,287,143500000,143500100,13295,22159,144000000,144000000
4,288,144000000,144000100,13295,22159,144500000,144500000
4,289,144500000,144500100,13295,22159,145000000,145000000
4,290,145000000,145000100,13295,22159,145500000,145500000
4,291,145500000,145500100,13295,22159,146000000,146000000
4,292,146000000,146000100,13295,22159,146500000,146500000
4,293,146500000,146500100,13295,22159,147000000,147000000
4,294,147000000,147000100,13295,22159,147500000,147500000
4,295,147500000,147500100,13295,22159,148000000,148000000
4,296,148000000,148000100,13295,22159,148500000,148500000
4,297,148500000,148500100,13295,22159,149000000,149000000
4,298,149000000,149000100,13295,22159,149500000,149500000
4,299,149500000,149500100,13295,22159,150000000,150000000
4,300,150000000,150000100,13295,22159,150500000,150500000
4,301,150500000,150500100,13295,22159,151000000,151000000
4,302,151000000,151000100,13295,22159,151500000,151500000
4,303,151500000,151500100,13295,22159,152000000,152000000
4,304,152000000,152000100,13295,22159,152500000,152500000
4,305,152500000,152500100,13295,22159,153000000,153000000
4,306,153000000,153000100,13295,22159,153500000,153500000
4,307,153500000,153500100,13295,22159,154000000,154000000
4,308,154000000,154000100,13295,22159,154500000,154500000
4,309,154500000,154500100,13295,22159,155000000,155000000
4,310,155000000,155000100,13295,22159,155500000,155500000
4,311,155500000,155500100,13295,22159,156000000,156000000
4,312,156000000,156000100,13295,22159,156500000,156500000
4,313,156500000,156500100,13295,22159,157000000,157000000
4,314,157000000,157000100,13295,22159,157500000,157500000
4,315,157500000,157500100,13295,22159,158000000,158000000
4,316,158000000,158000100,13295,22159,158500000,158500000
4,317,158500000,158500100,13295,22159,159000000,159000000
4,318,159000000,159000100,13295,22159,159500000,159500000
4,319,159500000,159500100,13295,22159,160000000,160000000
4,320,160000000,160000100,13295,22159,160500000,160500000
4,321,160500000,160500100,13295,22159,161000000,161000000
4,322,161000000,161000100,13295,22159,161500000,161500000
4,323,161500000,161500100,13295,22159,162000000,162000000
4,324,162000000,162000100,13295,22159,162500000,162500000
4,325,162500000,162500100,13295,22159,163000000,163000000
4,326,163000000,163000100,13295,22159,163500000,163500000
4,327,163500000,163500100,13295,22159,164000000,164000000
4,328,164000000,164000100,13295,22159,164500000,164500000
4,329,164500000,164500100,13295,22159,165000000,165000000
4,330,165000000,165000100,13295,22159,165500000,165500000
4,331,165500000,165500100,13295,22159,166000000,166000000
4,332,166000000,166000100,13295,22159,166500000,166500000
4,333,166500000,166500100,13295,22159,167000000,167000000
4,334,167000000,167000100,13295,22159,167500000,167500000
4,335,167500000,167500100,13295,22159,168000000,168000000
4,336,168000000,168000100,13295,22159,168500000,168500000
4,337,168500000,168500100,13295,22159,169000000,169000000
4,338,169000000,169000100,13295,22159,169500000,169500000
4,339,169500000,169500100,13295,22159,170000000,170000000
4,340,170000000,170000100,13295,22159,170500000,170500000
4,341,170500000,170500100,13295,22159,171000000,171000000
4,342,171000000,171000100,13295,22159,171500000,171500000
4,343,171500000,171500100,13295,22159,172000000,172000000
4,344,172000000,172000100,13295,22159,172500000,172500000
4,345,172500000,172500100,13295,22159,173000000,173000000
4,346,173000000,173000100,13295,22159,173500000,173500000
4,347,173500000,173500100,13295,22159,174000000,174000000
4,348,174000000,174000100,13295,22159,174500000,174500000
4,349,174500000,174500100,13295,22159,175000000,175000000
4,350,175000000,175000100,13295,22159,175500000,175500000
4,351,175500000,175500100,13295,22159,176000000,176000000
4,352,176000000,176000100,13295,22159,176500000,176500000
4,353,176500000,176500100,13295,22159,177000000,177000000
4,354,177000000,177000100,13295,22159,177500000,177500000
4,355,177500000,177500100,13295,22159,178000000,178000000
4,356,178000000,178000100,13295,22159,178500000,178500000
4,357,178500000,178500100,13295,22159,179000000,179000000
4,358,179000000,179000100,13295,22159,179500000,179500000
4,359,179500000,179500100,13295,22159,180000000,180000000
4,360,180000000,180000100,13295,22159,180500000,180500000
4,361,180500000,180500100,13295,22159,181000000,181000000
4,362,181000000,181000100,13295,22159,181500000,181500000
4,363,181500000,181500100,13295,22159,182000000,182000000
4,364,182000000,182000100,13295,22159,182500000,182500000
4,365,182500000,182500100,13295,22159,183000000,183000000
4,366,183000000,183000100,13295,22159,183500000,183500000
4,367,183500000,183500100,13295,22159,184000000,184000000
4,368,184000000,184000100,13295,22159,184500000,184500000
4,369,184500000,184500100,13295,22159,185000000,185000000
4,370,185000000,185000100,13295,22159,185500000,185500000
4,371,185500000,185500100,13295,22159,186000000,186000000
4,372,186000000,186000100,13295,22159,186500000,186500000
4,373,186500000,186500100,13295,22159,187000000,187000000
4,374,187000000,187000100,13295,22159,187500000,187500000
4,375,187500000,187500100,13295,22159,188000000,188000000
4,376,188000000,188000100,13295,22159,188500000,188500000
4,377,188500000,188500100,13295,22159,189000000,189000000
4,378,189000000,189000100,13295,22159,189500000,189500000
4,379,189500000,189500100,13295,22159,190000000,190000000
4,380,190000000,190000100,13295,22159,190500000,190500000
4,381,190500000,190500100,13295,22159,191000000,191000000
4,382,191000000,191000100,13295,22159,191500000,191500000
4,383,191500000,191500100,13295,22159,192000000,192000000
4,384,192000000,192000100,13295,22159,192500000,192500000
4,385,192500000,192500100,13295,22159,193000000,193000000
4,386,193000000,193000100,13295,22159,193500000,193500000
4,387,193500000,193500100,13295,22159,194000000,194000000
4,388,194000000,194000100,13295,22159,194500000,194500000
4,389,194500000,194500100,13295,22159,195000000,195000000
4,390,195000000,195000100,13295,22159,195500000,195500000
4,391,195500000,195500100,13295,22159,196000000,196000000
4,392,196000000,196000100,13295,22159,196500000,196500000
4,393,196500000,196500100,13295,22159,197000000,197000000
4,394,197000000,197000100,13295,22159,197500000,197500000
4,395,197500000,197500100,13295,22159,198000000,198000000
4,396,198000000,198000100,13295,22159,198500000,198500000
4,397,198500000,198500100,13295,22159,199000000,199000000
4,398,199000000,199000100,13295,22159,199500000,199500000
4,399,199500000,199500100,13295,22159,200000000,200000000
4,400,200000000,200000100,13295,22159,200500000,200500000
4,401,200500000,200500100,13295,22159,201000000,201000000
4,402,201000000,201000100,13295,22159,201500000,201500000
4,403,201500000,201500100,13295,22159,202000000,202000000
4,404,202000000,202000100,13295,22159,202500000,202500000
4,405,202500000,202500100,13295,22159,203000000,203000000
4,406,203000000,203000100,13295,22159,203500000,203500000
4,407,203500000,203500100,13295,22159,204000000,204000000
4,408,204000000,204000100,13295,22159,204500000,204500000
4,409,204500000,204500100,13295,22159,205000000,205000000
4,410,205000000,205000100,13295,22159,205500000,205500000
4,411,205500000,205500100,13295,22159,206000000,206000000
4,412,206000000,206000100,13295,22159,206500000,206500000
4,413,206500000,206500100,13295,22159,207000000,207000000
4,414,207000000,207000100,13295,22159,207500000,207500000
4,415,207500000,207500100,13295,22159,208000000,208000000
4,416,208000000,208000100,13295,22159,208500000,208500000
4,417,208500000,208500100,13295,22159,209000000,209000000
4,418,209000000,209000100,13295,22159,209500000,209500000
4,419,209500000,209500100,13295,22159,210000000,210000000
4,420,210000000,210000100,13295,22159,210500000,210500000
4,421,210500000,210500100,13295,22159,211000000,211000000
4,422,211000000,211000100,13295,22159,211500000,211500000
4,423,211500000,211500100,13295,22159,212000000,212000000
4,424,212000000,212000100,13295,22159,212500000,212500000
4,425,212500000,212500100,13295,22159,213000000,213000000
4,426,213000000,213000100,13295,22159,213500000,213500000
4,427,213500000,213500100,13295,22159,214000000,214000000
4,428,214000000,214000100,13295,22159,214500000,214500000
4,429,214500000,214500100,13295,22159,215000000,215000000
4,430,215000000,215000100,13295,22159,215500000,215500000
4,431,215500000,215500100,13295,22159,216000000,216000000
4,432,216000000,216000100,13295,22159,216500000,216500000
4,433,216500000,216500100,13295,22159,217000000,217000000
4,434,217000000,217000100,13295,22159,217500000,217500000
4,435,217500000,217500100,13295,22159,218000000,218000000
4,436,218000000,218000100,13295,22159,218500000,218500000
4,437,218500000,218500100,13295,22159,219000000,219000000
4,438,219000000,219000100,13295,22159,219500000,219500000
4,439,219500000,219500100,13295,22159,220000000,220000000
4,440,220000000,220000100,13295,22159,220500000,220500000
4,441,220500000,220500100,13295,22159,221000000,221000000
4,442,221000000,221000100,13295,22159,221500000,221500000
4,443,221500000,221500100,13295,22159,222000000,222000000
4,444,222000000,222000100,13295,22159,222500000,222500000
4,445,222500000,222500100,13295,22159,223000000,223000000
4,446,223000000,223000100,13295,22159,223500000,223500000
4,447,223500000,223500100,13295,22159,224000000,224000000
4,448,224000000,224000100,13295,22159,224500000,224500000
4,449,224500000,224500100,13295,22159,225000000,225000000
4,450,225000000,225000100,13295,22159,225500000,225500000
4,451,225500000,225500100,13295,22159,226000000,226000000
4,452,226000000,226000100,13295,22159,226500000,226500000
4,453,226500000,226500100,13295,22159,227000000,227000000
4,454,227000000,227000100,13295,22159,227500000,227500000
4,455,227500000,227500100,13295,22159,228000000,228000000
4,456,228000000,228000100,13295,22159,228500000,228500000
4,457,228500000,228500100,13295,22159,229000000,229000000
4,458,229000000,229000100,13295,22159,229500000,229500000
4,459,229500000,229500100,13295,22159,230000000,230000000
4,460,230000000,230000100,13295,22159,230500000,230500000
4,461,230500000,230500100,13295,22159,231000000,231000000
4,462,231000000,231000100,13295,22159,231500000,231500000
4,463,231500000,231500100,13295,22159,232000000,232000000
4,464,232000000,232000100,13295,22159,232500000,232500000
4,465,232500000,232500100,13295,22159,233000000,233000000
4,466,233000000,233000100,13295,22159,233500000,233500000
4,467,233500000,233500100,13295,22159,234000000,234000000
4,468,234000000,234000100,13295,22159,234500000,234500000
4,469,234500000,234500100,13295,22159,235000000,235000000
4,470,235000000,235000100,13295,22159,235500000,235500000
4,471,235500000,235500100,13295,22159,236000000,236000000
4,472,236000000,236000100,13295,22159,236500000,236500000
4,473,236500000,236500100,13295,22159,237000000,237000000
4,474,237000000,237000100,13295,22159,237500000,237500000
4,475,237500000,237500100,13295,22159,238000000,238000000
4,476,238000000,238000100,13295,22159,238500000,238500000
4,477,238500000,238500100,13295,22159,239000000,239000000
4,478,239000000,239000100,13295,22159,239500000,239500000
4,479,239500000,239500100,13295,22159,240000000,240000000
4,480,240000000,240000100,13295,22159,240500000,240500000
4,481,240500000,240500100,13295,22159,241000000,241000000
4,482,241000000,241000100,13295,22159,241500000,241500000
4,483,241500000,241500100,13295,22159,242000000,242000000
4,484,242000000,242000100,13295,22159,242500000,242500000
4,485,242500000,242500100,13295,22159,243000000,243000000
4,486,243000000,243000100,13295,22159,243500000,243500000
4,487,243500000,243500100,13295,22159,244000000,244000000
4,488,244000000,244000100,13295,22159,244500000,244500000
4,489,244500000,244500100,13295,22159,245000000,245000000
4,490,245000000,245000100,13295,22159,245500000,245500000
4,491,245500000,245500100,13295,22159,246000000,246000000
4,492,246000000,246000100,13295,22159,246500000,246500000
4,493,246500000,246500100,13295,22159,247000000,247000000
4,494,247000000,247000100,13295,22159,247500000,247500000
4,495,247500000,247500100,13295,22159,248000000,248000000
4,496,248000000,248000100,13295,22159,248500000,248500000
4,497,248500000,248500100,13295,22159,249000000,249000000
4,498,249000000,249000100,13295,22159,249500000,249500000
4,499,249500000,249500100,13295,22159,250000000,250000000
4,500,250000000,250000100,13295,22159,250500000,250500000
4,501,250500000,250500100,13295,22159,251000000,251000000
4,502,251000000,251000100,13295,22159,251500000,251500000
4,503,251500000,251500100,13295,22159,252000000,252000000
4,504,252000000,252000100,13295,22159,252500000,252500000
4,505,252500000,252500100,13295,22159,253000000,253000000
4,506,253000000,253000100,13295,22159,253500000,253500000
4,507,253500000,253500100,13295,22159,254000000,254000000
4,508,254000000,254000100,13295,22159,254500000,254500000
4,509,254500000,254500100,13295,22159,255000000,255000000
4,510,255000000,255000100,13295,22159,255500000,255500000
4,511,255500000,255500100,13295,22159,256000000,256000000
4,512,256000000,256000100,13295,22159,256500000,256500000
4,513,256500000,256500100,13295,22159,257000000,257000000
4,514,257000000,257000100,13295,22159,257500000,257500000
4,515,257500000,257500100,13295,22159,258000000,258000000
4,516,258000000,258000100,13295,22159,258500000,258500000
4,517,258500000,258500100,13295,22159,259000000,259000000
4,518,259000000,259000100,13295,22159,259500000,259500000
4,519,259500000,259500100,13295,22159,260000000,260000000
4,520,260000000,260000100,13295,22159,260500000,260500000
4,521,260500000,260500100,13295,22159,261000000,261000000
4,522,261000000,261000100,13295,22159,261500000,261500000
4,523,261500000,261500100,13295,22159,262000000,262000000
4,524,262000000,262000100,13295,22159,262500000,262500000
4,525,262500000,262500100,13295,22159,263000000,263000000
4,526,263000000,263000100,13295,22159,263500000,263500000
4,527,263500000,263500100,13295,22159,264000000,264000000
4,528,264000000,264000100,13295,22159,264500000,264500000
4,529,264500000,264500100,13295,22159,265000000,265000000
4,530,265000000,265000100,13295,22159,265500000,265500000
4,531,265500000,265500100,13295,22159,266000000,266000000
4,532,266000000,266000100,13295,22159,266500000,266500000
4,533,266500000,266500100,13295,22159,267000000,267000000
4,534,267000000,267000100,13295,22159,267500000,267500000
4,535,267500000,267500100,13295,22159,268000000,268000000
4,536,268000000,268000100,13295,22159,268500000,268500000
4,537,268500000,268500100,13295,22159,269000000,269000000
4,538,269000000,269000100,13295,22159,269500000,269500000
4,539,269500000,269500100,13295,22159,270000000,270000000
4,540,270000000,270000100,13295,22159,270500000,270500000
4,541,270500000,270500100,13295,22159,271000000,271000000
4,542,271000000,271000100,13295,22159,271500000,271500000
4,543,271500000,271500100,13295,22159,272000000,272000000
4,544,272000000,272000100,13295,22159,272500000,272500000
4,545,272500000,272500100,13295,22159,273000000,273000000
4,546,273000000,273000100,13295,22159,273500000,273500000
4,547,273500000,273500100,13295,22159,274000000,274000000
4,548,274000000,274000100,13295,22159,274500000,274500000
4,549,274500000,274500100,13295,22159,275000000,275000000
4,550,275000000,275000100,13295,22159,275500000,275500000
4,551,275500000,275500100,13295,22159,276000000,276000000
4,552,276000000,276000100,13295,22159,276500000,276500000
4,553,276500000,276500100,13295,22159,277000000,277000000
4,554,277000000,277000100,13295,22159,277500000,277500000
4,555,277500000,277500100,13295,22159,278000000,278000000
4,556,278000000,278000100,13295,22159,278500000,278500000
4,557,278500000,278500100,13295,22159,279000000,279000000
4,558,279000000,279000100,13295,22159,279500000,279500000
4,559,279500000,279500100,13295,22159,280000000,280000000
4,560,280000000,280000100,13295,22159,280500000,280500000
4,561,280500000,280500100,13295,22159,281000000,281000000
4,562,281000000,281000100,13295,22159,281500000,281500000
4,563,281500000,281500100,13295,22159,282000000,282000000
4,564,282000000,282000100,13295,22159,282500000,282500000
4,565,282500000,282500100,13295,22159,283000000,283000000
4,566,283000000,283000100,13295,22159,283500000,283500000
4,567,283500000,283500100,13295,22159,284000000,284000000
4,568,284000000,284000100,13295,22159,284500000,284500000
4,569,284500000,284500100,13295,22159,285000000,285000000
4,570,285000000,285000100,13295,22159,285500000,285500000
4,571,285500000,285500100,13295,22159,286000000,286000000
4,572,286000000,286000100,13295,22159,286500000,286500000
4,573,286500000,286500100,13295,22159,287000000,287000000
4,574,287000000,287000100,13295,22159,287500000,287500000
4,575,287500000,287500100,13295,22159,288000000,288000000
4,576,288000000,288000100,13295,22159,288500000,288500000
4,577,288500000,288500100,13295,22159,289000000,289000000
4,578,289000000,289000100,13295,22159,289500000,289500000
4,579,289500000,289500100,13295,22159,290000000,290000000
4,580,290000000,290000100,13295,22159,290500000,290500000
4,581,290500000,290500100,13295,22159,291000000,291000000
4,582,291000000,291000100,13295,22159,291500000,291500000
4,583,291500000,291500100,13295,22159,292000000,292000000
4,584,292000000,292000100,13295,22159,292500000,292500000
4,585,292500000,292500100,13295,22159,293000000,293000000
4,586,293000000,293000100,13295,22159,293500000,293500000
4,587,293500000,293500100,13295,22159,294000000,294000000
4,588,294000000,294000100,13295,22159,294500000,294500000
4,589,294500000,294500100,13295,22159,295000000,295000000
4,590,295000000,295000100,13295,22159,295500000,295500000
4,591,295500000,295500100,13295,22159,296000000,296000000
4,592,296000000,296000100,13295,22159,296500000,296500000
4,593,296500000,296500100,13295,22159,297000000,297000000
4,594,297000000,297000100,13295,22159,297500000,297500000
4,595,297500000,297500100,13295,22159,298000000,298000000
4,596,298000000,298000100,13295,22159,298500000,298500000
4,597,298500000,298500100,13295,22159,299000000,299000000
4,598,299000000,299000100,13295,22159,299500000,299500000
4,599,299500000,299500100,13295,22159,300000000,300000000
4,600,300000000,300000100,13295,22159,300500000,300500000
4,601,300500000,300500100,13295,22159,301000000,301000000
4,602,301000000,301000100,13295,22159,301500000,301500000
4,603,301500000,301500100,13295,22159,302000000,302000000
4,604,302000000,302000100,13295,22159,302500000,302500000
4,605,302500000,302500100,13295,22159,303000000,303000000
4,606,303000000,303000100,13295,22159,303500000,303500000
4,607,303500000,303500100,13295,22159,304000000,304000000
4,608,304000000,304000100,13295,22159,304500000,304500000
4,609,304500000,304500100,13295,22159,305000000,305000000
4,610,305000000,305000100,13295,22159,305500000,305500000
4,611,305500000,305500100,13295,22159,306000000,306000000
4,612,306000000,306000100,13295,22159,306500000,306500000
4,613,306500000,306500100,13295,22159,307000000,307000000
4,614,307000000,307000100,13295,22159,307500000,307500000
4,615,307500000,307500100,13295,22159,308000000,308000000
4,616,308000000,308000100,13295,22159,308500000,308500000
4,617,308500000,308500100,13295,22159,309000000,309000000
4,618,309000000,309000100,13295,22159,309500000,309500000
4,619,309500000,309500100,13295,22159,310000000,310000000
4,620,310000000,310000100,13295,22159,310500000,310500000
4,621,310500000,310500100,13295,22159,311000000,311000000
4,622,311000000,311000100,13295,22159,311500000,311500000
4,623,311500000,311500100,13295,22159,312000000,312000000
4,624,312000000,312000100,13295,22159,312500000,312500000
4,625,312500000,312500100,13295,22159,313000000,313000000
4,626,313000000,313000100,13295,22159,313500000,313500000
4,627,313500000,313500100,13295,22159,314000000,314000000
4,628,314000000,314000100,13295,22159,314500000,314500000
4,629,314500000,314500100,13295,22159,315000000,315000000
4,630,315000000,315000100,13295,22159,315500000,315500000
4,631,315500000,315500100,13295,22159,316000000,316000000
4,632,316000000,316000100,13295,22159,316500000,316500000
4,633,316500000,316500100,13295,22159,317000000,317000000
4,634,317000000,317000100,13295,22159,317500000,317500000
4,635,317500000,317500100,13295,22159,318000000,318000000
4,636,318000000,318000100,13295,22159,318500000,318500000
4,637,318500000,318500100,13295,22159,319000000,319000000
4,638,319000000,319000100,13295,22159,319500000,319500000
4,639,319500000,319500100,13295,22159,320000000,320000000
4,640,320000000,320000100,13295,22159,320500000,320500000
4,641,320500000,320500100,13295,22159,321000000,321000000
4,642,321000000,321000100,13295,22159,321500000,321500000
4,643,321500000,321500100,13295,22159,322000000,322000000
4,644,322000000,322000100,13295,22159,322500000,322500000
4,645,322500000,322500100,13295,22159,323000000,323000000
4,646,323000000,323000100,13295,22159,323500000,323500000
4,647,323500000,323500100,13295,22159,324000000,324000000
4,648,324000000,324000100,13295,22159,324500000,324500000
4,649,324500000,324500100,13295,22159,325000000,325000000
4,650,325000000,325000100,13295,22159,325500000,325500000
4,651,325500000,325500100,13295,22159,326000000,326000000
4,652,326000000,326000100,13295,22159,326500000,326500000
4,653,326500000,326500100,13295,22159,327000000,327000000
4,654,327000000,327000100,13295,22159,327500000,327500000
4,655,327500000,327500100,13295,22159,328000000,328000000
4,656,328000000,328000100,13295,22159,328500000,328500000
4,657,328500000,328500100,13295,22159,329000000,329000000
4,658,329000000,329000100,13295,22159,329500000,329500000
4,659,329500000,329500100,13295,22159,330000000,330000000
4,660,330000000,330000100,13295,22159,330500000,330500000
4,661,330500000,330500100,13295,22159,331000000,331000000
4,662,331000000,331000100,13295,22159,331500000,331500000
4,663,331500000,331500100,13295,22159,332000000,332000000
4,664,332000000,332000100,13295,22159,332500000,332500000
4,665,332500000,332500100,13295,22159,333000000,333000000
4,666,333000000,333000100,13295,22159,333500000,333500000
4,667,333500000,333500100,13295,22159,334000000,334000000
4,668,334000000,334000100,13295,22159,334500000,334500000
4,669,334500000,334500100,13295,22159,335000000,335000000
4,670,335000000,335000100,13295,22159,335500000,335500000
4,671,335500000,335500100,13295,22159,336000000,336000000
4,672,336000000,336000100,13295,22159,336500000,336500000
4,673,336500000,336500100,13295,22159,337000000,337000000
4,674,337000000,337000100,13295,22159,337500000,337500000
4,675,337500000,337500100,13295,22159,338000000,338000000
4,676,338000000,338000100,13295,22159,338500000,338500000
4,677,338500000,338500100,13295,22159,339000000,339000000
4,678,339000000,339000100,13295,22159,339500000,339500000
4,679,339500000,339500100,13295,22159,340000000,340000000
4,680,340000000,340000100,13295,22159,340500000,340500000
4,681,340500000,340500100,13295,22159,341000000,341000000
4,682,341000000,341000100,13295,22159,341500000,341500000
4,683,341500000,341500100,13295,22159,342000000,342000000
4,684,342000000,342000100,13295,22159,342500000,342500000
4,685,342500000,342500100,13295,22159,343000000,343000000
4,686,343000000,343000100,13295,22159,343500000,343500000
4,687,343500000,343500100,13295,22159,344000000,344000000
4,688,344000000,344000100,13295,22159,344500000,344500000
4,689,344500000,344500100,13295,22159,345000000,345000000
4,690,345000000,345000100,13295,22159,345500000,345500000
4,691,345500000,345500100,13295,22159,346000000,346000000
4,692,346000000,346000100,13295,22159,346500000,346500000
4,693,346500000,346500100,13295,22159,347000000,347000000
4,694,347000000,347000100,13295,22159,347500000,347500000
4,695,347500000,347500100,13295,22159,348000000,348000000
4,696,348000000,348000100,13295,22159,348500000,348500000
4,697,348500000,348500100,13295,22159,349000000,349000000
4,698,349000000,349000100,13295,22159,349500000,349500000
4,699,349500000,349500100,13295,22159,350000000,350000000
4,700,350000000,350000100,13295,22159,350500000,350500000
4,701,350500000,350500100,13295,22159,351000000,351000000
4,702,351000000,351000100,13295,22159,351500000,351500000
4,703,351500000,351500100,13295,22159,352000000,352000000
4,704,352000000,352000100,13295,22159,352500000,352500000
4,705,352500000,352500100,13295,22159,353000000,353000000
4,706,353000000,353000100,13295,22159,353500000,353500000
4,707,353500000,353500100,13295,22159,354000000,354000000
4,708,354000000,354000100,13295,22159,354500000,354500000
4,709,354500000,354500100,13295,22159,355000000,355000000
4,710,355000000,355000100,13295,22159,355500000,355500000
4,711,355500000,355500100,13295,22159,356000000,356000000
4,712,356000000,356000100,13295,22159,356500000,356500000
4,713,356500000,356500100,13295,22159,357000000,357000000
5,0,0,100,12146,20244,850000,850000
5,1,850000,850100,12146,20244,1700000,1700000
5,2,1700000,1700100,12146,20244,2550000,2550000
5,3,2550000,2550100,12146,20244,3400000,3400000
5,4,3400000,3400100,12146,20244,4250000,4250000
5,5,4250000,4250100,12146,20244,5100000,5100000
5,6,5100000,5100100,12146,20244,5950000,5950000
5,7,5950000,5950100,12146,20244,6800000,6800000
5,8,6800000,6800100,12146,20244,7650000,7650000
5,9,7650000,7650100,12146,20244,8500000,8500000
5,10,8500000,8500100,12146,20244,9350000,9350000
5,11,9350000,9350100,12146,20244,10200000,10200000
5,12,10200000,10200100,12146,20244,11050000,11050000
5,13,11050000,11050100,12146,20244,11900000,11900000
5,14,11900000,11900100,12146,20244,12750000,12750000
5,15,12750000,12750100,12146,20244,13600000,13600000
5,16,13600000,13600100,12146,20244,14450000,14450000
5,17,14450000,14450100,12146,20244,15300000,15300000
5,18,15300000,15300100,12146,20244,16150000,16150000
5,19,16150000,16150100,12146,20244,17000000,17000000
5,20,17000000,17000100,12146,20244,17850000,17850000
5,21,17850000,17850100,12146,20244,18700000,18700000
5,22,18700000,18700100,12146,20244,19550000,19550000
5,23,19550000,19550100,12146,20244,20400000,20400000
5,24,20400000,20400100,12146,20244,21250000,21250000
5,25,21250000,21250100,12146,20244,22100000,22100000
5,26,22100000,22100100,12146,20244,22950000,22950000
5,27,22950000,22950100,12146,20244,23800000,23800000
5,28,23800000,23800100,12146,20244,24650000,24650000
5,29,24650000,24650100,12146,20244,25500000,25500000
5,30,25500000,25500100,12146,20244,26350000,26350000
5,31,26350000,26350100,12146,20244,27200000,27200000
5,32,27200000,27200100,12146,20244,28050000,28050000
5,33,28050000,28050100,12146,20244,28900000,28900000
5,34,28900000,28900100,12146,20244,29750000,29750000
5,35,29750000,29750100,12146,20244,30600000,30600000
5,36,30600000,30600100,12146,20244,31450000,31450000
5,37,31450000,31450100,12146,20244,32300000,32300000
5,38,32300000,32300100,12146,20244,33150000,33150000
5,39,33150000,33150100,12146,20244,34000000,34000000
5,40,34000000,34000100,12146,20244,34850000,34850000
5,41,34850000,34850100,12146,20244,35700000,35700000
5,42,35700000,35700100,12146,20244,36550000,36550000
5,43,36550000,36550100,12146,20244,37400000,37400000
5,44,37400000,37400100,12146,20244,38250000,38250000
5,45,38250000,38250100,12146,20244,39100000,39100000
5,46,39100000,39100100,12146,20244,39950000,39950000
5,47,39950000,39950100,12146,20244,40800000,40800000
5,48,40800000,40800100,12146,20244,41650000,41650000
5,49,41650000,41650100,12146,20244,42500000,42500000
5,50,42500000,42500100,12146,20244,43350000,43350000
5,51,43350000,43350100,12146,20244,44200000,44200000
5,52,44200000,44200100,12146,20244,45050000,45050000
5,53,45050000,45050100,12146,20244,45900000,45900000
5,54,45900000,45900100,12146,20244,46750000,46750000
5,55,46750000,46750100,12146,20244,47600000,47600000
5,56,47600000,47600100,12146,20244,48450000,48450000
5,57,48450000,48450100,12146,20244,49300000,49300000
5,58,49300000,49300100,12146,20244,50150000,50150000
5,59,50150000,50150100,12146,20244,51000000,51000000
5,60,51000000,51000100,12146,20244,51850000,51850000
5,61,51850000,51850100,12146,20244,52700000,52700000
5,62,52700000,52700100,12146,20244,53550000,53550000
5,63,53550000,53550100,12146,20244,54400000,54400000
5,64,54400000,54400100,12146,20244,55250000,55250000
5,65,55250000,55250100,12146,20244,56100000,56100000
5,66,56100000,56100100,12146,20244,56950000,56950000
5,67,56950000,56950100,12146,20244,57800000,57800000
5,68,57800000,57800100,12146,20244,58650000,58650000
5,69,58650000,58650100,12146,20244,59500000,59500000
5,70,59500000,59500100,12146,20244,60350000,60350000
5,71,60350000,60350100,12146,20244,61200000,61200000
5,72,61200000,61200100,12146,20244,62050000,62050000
5,73,62050000,62050100,12146,20244,62900000,62900000
5,74,62900000,62900100,12146,20244,63750000,63750000
5,75,63750000,63750100,12146,20244,64600000,64600000
5,76,64600000,64600100,12146,20244,65450000,65450000
5,77,65450000,65450100,12146,20244,66300000,66300000
5,78,66300000,66300100,12146,20244,67150000,67150000
5,79,67150000,67150100,12146,20244,68000000,68000000
5,80,68000000,68000100,12146,20244,68850000,68850000
5,81,68850000,68850100,12146,20244,69700000,69700000
5,82,69700000,69700100,12146,20244,70550000,70550000
5,83,70550000,70550100,12146,20244,71400000,71400000
5,84,71400000,71400100,12146,20244,72250000,72250000
5,85,72250000,72250100,12146,20244,73100000,73100000
5,86,73100000,73100100,12146,20244,73950000,73950000
5,87,73950000,73950100,12146,20244,74800000,74800000
5,88,74800000,74800100,12146,20244,75650000,75650000
5,89,75650000,75650100,12146,20244,76500000,76500000
5,90,76500000,76500100,12146,20244,77350000,77350000
5,91,77350000,77350100,12146,20244,78200000,78200000
5,92,78200000,78200100,12146,20244,79050000,79050000
5,93,79050000,79050100,12146,20244,79900000,79900000
5,94,79900000,79900100,12146,20244,80750000,80750000
5,95,80750000,80750100,12146,20244,81600000,81600000
5,96,81600000,81600100,12146,20244,82450000,82450000
5,97,82450000,82450100,12146,20244,83300000,83300000
5,98,83300000,83300100,12146,20244,84150000,84150000
5,99,84150000,84150100,12146,20244,85000000,85000000
5,100,85000000,85000100,12146,20244,85850000,85850000
5,101,85850000,85850100,12146,20244,86700000,86700000
5,102,86700000,86700100,12146,20244,87550000,87550000
5,103,87550000,87550100,12146,20244,88400000,88400000
5,104,88400000,88400100,12146,20244,89250000,89250000
5,105,89250000,89250100,12146,20244,90100000,90100000
5,106,90100000,90100100,12146,20244,90950000,90950000
5,107,90950000,90950100,12146,20244,91800000,91800000
5,108,91800000,91800100,12146,20244,92650000,92650000
5,109,92650000,92650100,12146,20244,93500000,93500000
5,110,93500000,93500100,12146,20244,94350000,94350000
5,111,94350000,94350100,12146,20244,95200000,95200000
5,112,95200000,95200100,12146,20244,96050000,96050000
5,113,96050000,96050100,12146,20244,96900000,96900000
5,114,96900000,96900100,12146,20244,97750000,97750000
5,115,97750000,97750100,12146,20244,98600000,98600000
5,116,98600000,98600100,12146,20244,99450000,99450000
5,117,99450000,99450100,12146,20244,100300000,100300000
5,118,100300000,100300100,12146,20244,101150000,101150000
5,119,101150000,101150100,12146,20244,102000000,102000000
5,120,102000000,102000100,12146,20244,102850000,102850000
5,121,102850000,102850100,12146,20244,103700000,103700000
5,122,103700000,103700100,12146,20244,104550000,104550000
5,123,104550000,104550100,12146,20244,105400000,105400000
5,124,105400000,105400100,12146,20244,106250000,106250000
5,125,106250000,106250100,12146,20244,107100000,107100000
5,126,107100000,107100100,12146,20244,107950000,107950000
5,127,107950000,107950100,12146,20244,108800000,108800000
5,128,108800000,108800100,12146,20244,109650000,109650000
5,129,109650000,109650100,12146,20244,110500000,110500000
5,130,110500000,110500100,12146,20244,111350000,111350000
5,131,111350000,111350100,12146,20244,112200000,112200000
5,132,112200000,112200100,12146,20244,113050000,113050000
5,133,113050000,113050100,12146,20244,113900000,113900000
5,134,113900000,113900100,12146,20244,114750000,114750000
5,135,114750000,114750100,12146,20244,115600000,115600000
5,136,115600000,115600100,12146,20244,116450000,116450000
5,137,116450000,116450100,12146,20244,117300000,117300000
5,138,117300000,117300100,12146,20244,118150000,118150000
5,139,118150000,118150100,12146,20244,119000000,119000000
5,140,119000000,119000100,12146,20244,119850000,119850000
5,141,119850000,119850100,12146,20244,120700000,120700000
5,142,120700000,120700100,12146,20244,121550000,121550000
5,143,121550000,121550100,12146,20244,122400000,122400000
5,144,122400000,122400100,12146,20244,123250000,123250000
5,145,123250000,123250100,12146,20244,124100000,124100000
5,146,124100000,124100100,12146,20244,124950000,124950000
5,147,124950000,124950100,12146,20244,125800000,125800000
5,148,125800000,125800100,12146,20244,126650000,126650000
5,149,126650000,126650100,12146,20244,127500000,127500000
5,150,127500000,127500100,12146,20244,128350000,128350000
5,151,128350000,128350100,12146,20244,129200000,129200000
5,152,129200000,129200100,12146,20244,130050000,130050000
5,153,130050000,130050100,12146,20244,130900000,130900000
5,154,130900000,130900100,12146,20244,131750000,131750000
5,155,131750000,131750100,12146,20244,132600000,132600000
5,156,132600000,132600100,12146,20244,133450000,133450000
5,157,133450000,133450100,12146,20244,134300000,134300000
5,158,134300000,134300100,12146,20244,135150000,135150000
5,159,135150000,135150100,12146,20244,136000000,136000000
5,160,136000000,136000100,12146,20244,136850000,136850000
5,161,136850000,136850100,12146,20244,137700000,137700000
5,162,137700000,137700100,12146,20244,138550000,138550000
5,163,138550000,138550100,12146,20244,139400000,139400000
5,164,139400000,139400100,12146,20244,140250000,140250000
5,165,140250000,140250100,12146,20244,141100000,141100000
5,166,141100000,141100100,12146,20244,141950000,141950000
5,167,141950000,141950100,12146,20244,142800000,142800000
5,168,142800000,142800100,12146,20244,143650000,143650000
5,169,143650000,143650100,12146,20244,144500000,144500000
5,170,144500000,144500100,12146,20244,145350000,145350000
5,171,145350000,145350100,12146,20244,146200000,146200000
5,172,146200000,146200100,12146,20244,147050000,147050000
5,173,147050000,147050100,12146,20244,147900000,147900000
5,174,147900000,147900100,12146,20244,148750000,148750000
5,175,148750000,148750100,12146,20244,149600000,149600000
5,176,149600000,149600100,12146,20244,150450000,150450000
5,177,150450000,150450100,12146,20244,151300000,151300000
5,178,151300000,151300100,12146,20244,152150000,152150000
5,179,152150000,152150100,12146,20244,153000000,153000000
5,180,153000000,153000100,12146,20244,153850000,153850000
5,181,153850000,153850100,12146,20244,154700000,154700000
5,182,154700000,154700100,12146,20244,155550000,155550000
5,183,155550000,155550100,12146,20244,156400000,156400000
5,184,156400000,156400100,12146,20244,157250000,157250000
5,185,157250000,157250100,12146,20244,158100000,158100000
5,186,158100000,158100100,12146,20244,158950000,158950000
5,187,158950000,158950100,12146,20244,159800000,159800000
5,188,159800000,159800100,12146,20244,160650000,160650000
5,189,160650000,160650100,12146,20244,161500000,161500000
5,190,161500000,161500100,12146,20244,162350000,162350000
5,191,162350000,162350100,12146,20244,163200000,163200000
5,192,163200000,163200100,12146,20244,164050000,164050000
5,193,164050000,164050100,12146,20244,164900000,164900000
5,194,164900000,164900100,12146,20244,165750000,165750000
5,195,165750000,165750100,12146,20244,166600000,166600000
5,196,166600000,166600100,12146,20244,167450000,167450000
5,197,167450000,167450100,12146,20244,168300000,168300000
5,198,168300000,168300100,12146,20244,169150000,169150000
5,199,169150000,169150100,12146,20244,170000000,170000000
5,200,170000000,170000100,12146,20244,170850000,170850000
5,201,170850000,170850100,12146,20244,171700000,171700000
5,202,171700000,171700100,12146,20244,172550000,172550000
5,203,172550000,172550100,12146,20244,173400000,173400000
5,204,173400000,173400100,12146,20244,174250000,174250000
5,205,174250000,174250100,12146,20244,175100000,175100000
5,206,175100000,175100100,12146,20244,175950000,175950000
5,207,175950000,175950100,12146,20244,176800000,176800000
5,208,176800000,176800100,12146,20244,177650000,177650000
5,209,177650000,177650100,12146,20244,178500000,178500000
5,210,178500000,178500100,12146,20244,179350000,179350000
5,211,179350000,179350100,12146,20244,180200000,180200000
5,212,180200000,180200100,12146,20244,181050000,181050000
5,213,181050000,181050100,12146,20244,181900000,181900000
5,214,181900000,181900100,12146,20244,182750000,182750000
5,215,182750000,182750100,12146,20244,183600000,183600000
5,216,183600000,183600100,12146,20244,184450000,184450000
5,217,184450000,184450100,12146,20244,185300000,185300000
5,218,185300000,185300100,12146,20244,186150000,186150000
5,219,186150000,186150100,12146,20244,187000000,187000000
5,220,187000000,187000100,12146,20244,187850000,187850000
5,221,187850000,187850100,12146,20244,188700000,188700000
5,222,188700000,188700100,12146,20244,189550000,189550000
5,223,189550000,189550100,12146,20244,190400000,190400000
5,224,190400000,190400100,12146,20244,191250000,191250000
5,225,191250000,191250100,12146,20244,192100000,192100000
5,226,192100000,192100100,12146,20244,192950000,192950000
5,227,192950000,192950100,12146,20244,193800000,193800000
5,228,193800000,193800100,12146,20244,194650000,194650000
5,229,194650000,194650100,12146,20244,195500000,195500000
5,230,195500000,195500100,12146,20244,196350000,196350000
5,231,196350000,196350100,12146,20244,197200000,197200000
5,232,197200000,197200100,12146,20244,198050000,198050000
5,233,198050000,198050100,12146,20244,198900000,198900000
5,234,198900000,198900100,12146,20244,199750000,199750000
5,235,199750000,199750100,12146,20244,200600000,200600000
5,236,200600000,200600100,12146,20244,201450000,201450000
5,237,201450000,201450100,12146,20244,202300000,202300000
5,238,202300000,202300100,12146,20244,203150000,203150000
5,239,203150000,203150100,12146,20244,204000000,204000000
5,240,204000000,204000100,12146,20244,204850000,204850000
5,241,204850000,204850100,12146,20244,205700000,205700000
5,242,205700000,205700100,12146,20244,206550000,206550000
5,243,206550000,206550100,12146,20244,207400000,207400000
5,244,207400000,207400100,12146,20244,208250000,208250000
5,245,208250000,208250100,12146,20244,209100000,209100000
5,246,209100000,209100100,12146,20244,209950000,209950000
5,247,209950000,209950100,12146,20244,210800000,210800000
5,248,210800000,210800100,12146,20244,211650000,211650000
5,249,211650000,211650100,12146,20244,212500000,212500000
5,250,212500000,212500100,12146,20244,213350000,213350000
5,251,213350000,213350100,12146,20244,214200000,214200000
5,252,214200000,214200100,12146,20244,215050000,215050000
5,253,215050000,215050100,12146,20244,215900000,215900000
5,254,215900000,215900100,12146,20244,216750000,216750000
5,255,216750000,216750100,12146,20244,217600000,217600000
5,256,217600000,217600100,12146,20244,218450000,218450000
5,257,218450000,218450100,12146,20244,219300000,219300000
5,258,219300000,219300100,12146,20244,220150000,220150000
5,259,220150000,220150100,12146,20244,221000000,221000000
5,260,221000000,221000100,12146,20244,221850000,221850000
5,261,221850000,221850100,12146,20244,222700000,222700000
5,262,222700000,222700100,12146,20244,223550000,223550000
5,263,223550000,223550100,12146,20244,224400000,224400000
5,264,224400000,224400100,12146,20244,225250000,225250000
5,265,225250000,225250100,12146,20244,226100000,226100000
5,266,226100000,226100100,12146,20244,226950000,226950000
5,267,226950000,226950100,12146,20244,227800000,227800000
5,268,227800000,227800100,12146,20244,228650000,228650000
5,269,228650000,228650100,12146,20244,229500000,229500000
5,270,229500000,229500100,12146,20244,230350000,230350000
5,271,230350000,230350100,12146,20244,231200000,231200000
5,272,231200000,231200100,12146,20244,232050000,232050000
5,273,232050000,232050100,12146,20244,232900000,232900000
5,274,232900000,232900100,12146,20244,233750000,233750000
5,275,233750000,233750100,12146,20244,234600000,234600000
5,276,234600000,234600100,12146,20244,235450000,235450000
5,277,235450000,235450100,12146,20244,236300000,236300000
5,278,236300000,236300100,12146,20244,237150000,237150000
5,279,237150000,237150100,12146,20244,238000000,238000000
5,280,238000000,238000100,12146,20244,238850000,238850000
5,281,238850000,238850100,12146,20244,239700000,239700000
5,282,239700000,239700100,12146,20244,240550000,240550000
5,283,240550000,240550100,12146,20244,241400000,241400000
5,284,241400000,241400100,12146,20244,242250000,242250000
5,285,242250000,242250100,12146,20244,243100000,243100000
5,286,243100000,243100100,12146,20244,243950000,243950000
5,287,243950000,243950100,12146,20244,244800000,244800000
5,288,244800000,244800100,12146,20244,245650000,245650000
5,289,245650000,245650100,12146,20244,246500000,246500000
5,290,246500000,246500100,12146,20244,247350000,247350000
5,291,247350000,247350100,12146,20244,248200000,248200000
5,292,248200000,248200100,12146,20244,249050000,249050000
5,293,249050000,249050100,12146,20244,249900000,249900000
5,294,249900000,249900100,12146,20244,250750000,250750000
5,295,250750000,250750100,12146,20244,251600000,251600000
5,296,251600000,251600100,12146,20244,252450000,252450000
5,297,252450000,252450100,12146,20244,253300000,253300000
5,298,253300000,253300100,12146,20244,254150000,254150000
5,299,254150000,254150100,12146,20244,255000000,255000000
5,300,255000000,255000100,12146,20244,255850000,255850000
5,301,255850000,255850100,12146,20244,256700000,256700000
5,302,256700000,256700100,12146,20244,257550000,257550000
5,303,257550000,257550100,12146,20244,258400000,258400000
5,304,258400000,258400100,12146,20244,259250000,259250000
5,305,259250000,259250100,12146,20244,260100000,260100000
5,306,260100000,260100100,12146,20244,260950000,260950000
5,307,260950000,260950100,12146,20244,261800000,261800000
5,308,261800000,261800100,12146,20244,262650000,262650000
5,309,262650000,262650100,12146,20244,263500000,263500000
5,310,263500000,263500100,12146,20244,264350000,264350000
5,311,264350000,264350100,12146,20244,265200000,265200000
5,312,265200000,265200100,12146,20244,266050000,266050000
5,313,266050000,266050100,12146,20244,266900000,266900000
5,314,266900000,266900100,12146,20244,267750000,267750000
5,315,267750000,267750100,12146,20244,268600000,268600000
5,316,268600000,268600100,12146,20244,269450000,269450000
5,317,269450000,269450100,12146,20244,270300000,270300000
5,318,270300000,270300100,12146,20244,271150000,271150000
5,319,271150000,271150100,12146,20244,272000000,272000000
5,320,272000000,272000100,12146,20244,272850000,272850000
5,321,272850000,272850100,12146,20244,273700000,273700000
5,322,273700000,273700100,12146,20244,274550000,274550000
5,323,274550000,274550100,12146,20244,275400000,275400000
5,324,275400000,275400100,12146,20244,276250000,276250000
5,325,276250000,276250100,12146,20244,277100000,277100000
5,326,277100000,277100100,12146,20244,277950000,277950000
5,327,277950000,277950100,12146,20244,278800000,278800000
5,328,278800000,278800100,12146,20244,279650000,279650000
5,329,279650000,279650100,12146,20244,280500000,280500000
5,330,280500000,280500100,12146,20244,281350000,281350000
5,331,281350000,281350100,12146,20244,282200000,282200000
5,332,282200000,282200100,12146,20244,283050000,283050000
5,333,283050000,283050100,12146,20244,283900000,283900000
5,334,283900000,283900100,12146,20244,284750000,284750000
5,335,284750000,284750100,12146,20244,285600000,285600000
5,336,285600000,285600100,12146,20244,286450000,286450000
5,337,286450000,286450100,12146,20244,287300000,287300000
5,338,287300000,287300100,12146,20244,288150000,288150000
5,339,288150000,288150100,12146,20244,289000000,289000000
5,340,289000000,289000100,12146,20244,289850000,289850000
5,341,289850000,289850100,12146,20244,290700000,290700000
5,342,290700000,290700100,12146,20244,291550000,291550000
5,343,291550000,291550100,12146,20244,292400000,292400000
5,344,292400000,292400100,12146,20244,293250000,293250000
5,345,293250000,293250100,12146,20244,294100000,294100000
5,346,294100000,294100100,12146,20244,294950000,294950000
5,347,294950000,294950100,12146,20244,295800000,295800000
5,348,295800000,295800100,12146,20244,296650000,296650000
5,349,296650000,296650100,12146,20244,297500000,297500000
5,350,297500000,297500100,12146,20244,298350000,298350000
5,351,298350000,298350100,12146,20244,299200000,299200000
5,352,299200000,299200100,12146,20244,300050000,300050000
5,353,300050000,300050100,12146,20244,300900000,300900000
5,354,300900000,300900100,12146,20244,301750000,301750000
5,355,301750000,301750100,12146,20244,302600000,302600000
5,356,302600000,302600100,12146,20244,303450000,303450000
5,357,303450000,303450100,12146,20244,304300000,304300000
5,358,304300000,304300100,12146,20244,305150000,305150000
5,359,305150000,305150100,12146,20244,306000000,306000000
5,360,306000000,306000100,12146,20244,306850000,306850000
5,361,306850000,306850100,12146,20244,307700000,307700000
5,362,307700000,307700100,12146,20244,308550000,308550000
5,363,308550000,308550100,12146,20244,309400000,309400000
5,364,309400000,309400100,12146,20244,310250000,310250000
5,365,310250000,310250100,12146,20244,311100000,311100000
5,366,311100000,311100100,12146,20244,311950000,311950000
5,367,311950000,311950100,12146,20244,312800000,312800000
5,368,312800000,312800100,12146,20244,313650000,313650000
5,369,313650000,313650100,12146,20244,314500000,314500000
5,370,314500000,314500100,12146,20244,315350000,315350000
5,371,315350000,315350100,12146,20244,316200000,316200000
5,372,316200000,316200100,12146,20244,317050000,317050000
5,373,317050000,317050100,12146,20244,317900000,317900000
5,374,317900000,317900100,12146,20244,318750000,318750000
5,375,318750000,318750100,12146,20244,319600000,319600000
5,376,319600000,319600100,12146,20244,320450000,320450000
5,377,320450000,320450100,12146,20244,321300000,321300000
5,378,321300000,321300100,12146,20244,322150000,322150000
5,379,322150000,322150100,12146,20244,323000000,323000000
5,380,323000000,323000100,12146,20244,323850000,323850000
5,381,323850000,323850100,12146,20244,324700000,324700000
5,382,324700000,324700100,12146,20244,325550000,325550000
5,383,325550000,325550100,12146,20244,326400000,326400000
5,384,326400000,326400100,12146,20244,327250000,327250000
5,385,327250000,327250100,12146,20244,328100000,328100000
5,386,328100000,328100100,12146,20244,328950000,328950000
5,387,328950000,328950100,12146,20244,329800000,329800000
5,388,329800000,329800100,12146,20244,330650000,330650000
5,389,330650000,330650100,12146,20244,331500000,331500000
5,390,331500000,331500100,12146,20244,332350000,332350000
5,391,332350000,332350100,12146,20244,333200000,333200000
5,392,333200000,333200100,12146,20244,334050000,334050000
5,393,334050000,334050100,12146,20244,334900000,334900000
5,394,334900000,334900100,12146,20244,335750000,335750000
5,395,335750000,335750100,12146,20244,336600000,336600000
5,396,336600000,336600100,12146,20244,337450000,337450000
5,397,337450000,337450100,12146,20244,338300000,338300000
5,398,338300000,338300100,12146,20244,339150000,339150000
5,399,339150000,339150100,12146,20244,340000000,340000000
5,400,340000000,340000100,12146,20244,340850000,340850000
5,401,340850000,340850100,12146,20244,341700000,341700000
5,402,341700000,341700100,12146,20244,342550000,342550000
5,403,342550000,342550100,12146,20244,343400000,343400000
5,404,343400000,343400100,12146,20244,344250000,344250000
5,405,344250000,344250100,12146,20244,345100000,345100000
5,406,345100000,345100100,12146,20244,345950000,345950000
5,407,345950000,345950100,12146,20244,346800000,346800000
5,408,346800000,346800100,12146,20244,347650000,347650000
5,409,347650000,347650100,12146,20244,348500000,348500000
5,410,348500000,348500100,12146,20244,349350000,349350000
5,411,349350000,349350100,12146,20244,350200000,350200000
5,412,350200000,350200100,12146,20244,351050000,351050000
5,413,351050000,351050100,12146,20244,351900000,351900000
5,414,351900000,351900100,12146,20244,352750000,352750000
5,415,352750000,352750100,12146,20244,353600000,353600000
5,416,353600000,353600100,12146,20244,354450000,354450000
5,417,354450000,354450100,12146,20244,355300000,355300000
5,418,355300000,355300100,12146,20244,356150000,356150000
5,419,356150000,356150100,12146,20244,357000000,357000000
