Task ID,Job ID,Arrival min,Arrival max,Cost min,Cost max,Deadline,Priority
0,0,0,100,7069,11783,200000,200000
0,1,200000,200100,7069,11783,400000,400000
0,2,400000,400100,7069,11783,600000,600000
0,3,600000,600100,7069,11783,800000,800000
0,4,800000,800100,7069,11783,1000000,1000000
0,5,1000000,1000100,7069,11783,1200000,1200000
0,6,1200000,1200100,7069,11783,1400000,1400000
0,7,1400000,1400100,7069,11783,1600000,1600000
0,8,1600000,1600100,7069,11783,1800000,1800000
0,9,1800000,1800100,7069,11783,2000000,2000000
0,10,2000000,2000100,7069,11783,2200000,2200000
0,11,2200000,2200100,7069,11783,2400000,2400000
0,12,2400000,2400100,7069,11783,2600000,2600000
0,13,2600000,2600100,7069,11783,2800000,2800000
0,14,2800000,2800100,7069,11783,3000000,3000000
0,15,3000000,3000100,7069,11783,3200000,3200000
0,16,3200000,3200100,7069,11783,3400000,3400000
0,17,3400000,3400100,7069,11783,3600000,3600000
0,18,3600000,3600100,7069,11783,3800000,3800000
0,19,3800000,3800100,7069,11783,4000000,4000000
0,20,4000000,4000100,7069,11783,4200000,4200000
0,21,4200000,4200100,7069,11783,4400000,4400000
0,22,4400000,4400100,7069,11783,4600000,4600000
0,23,4600000,4600100,7069,11783,4800000,4800000
0,24,4800000,4800100,7069,11783,5000000,5000000
0,25,5000000,5000100,7069,11783,5200000,5200000
0,26,5200000,5200100,7069,11783,5400000,5400000
0,27,5400000,5400100,7069,11783,5600000,5600000
0,28,5600000,5600100,7069,11783,5800000,5800000
0,29,5800000,5800100,7069,11783,6000000,6000000
0,30,6000000,6000100,7069,11783,6200000,6200000
0,31,6200000,6200100,7069,11783,6400000,6400000
0,32,6400000,6400100,7069,11783,6600000,6600000
0,33,6600000,6600100,7069,11783,6800000,6800000
0,34,6800000,6800100,7069,11783,7000000,7000000
0,35,7000000,7000100,7069,11783,7200000,7200000
0,36,7200000,7200100,7069,11783,7400000,7400000
0,37,7400000,7400100,7069,11783,7600000,7600000
0,38,7600000,7600100,7069,11783,7800000,7800000
0,39,7800000,7800100,7069,11783,8000000,8000000
0,40,8000000,8000100,7069,11783,8200000,8200000
0,41,8200000,8200100,7069,11783,8400000,8400000
0,42,8400000,8400100,7069,11783,8600000,8600000
0,43,8600000,8600100,7069,11783,8800000,8800000
0,44,8800000,8800100,7069,11783,9000000,9000000
0,45,9000000,9000100,7069,11783,9200000,9200000
0,46,9200000,9200100,7069,11783,9400000,9400000
0,47,9400000,9400100,7069,11783,9600000,9600000
0,48,9600000,9600100,7069,11783,9800000,9800000
0,49,9800000,9800100,7069,11783,10000000,10000000
0,50,10000000,10000100,7069,11783,10200000,10200000
0,51,10200000,10200100,7069,11783,10400000,10400000
0,52,10400000,10400100,7069,11783,10600000,10600000
0,53,10600000,10600100,7069,11783,10800000,10800000
0,54,10800000,10800100,7069,11783,11000000,11000000
0,55,11000000,11000100,7069,11783,11200000,11200000
0,56,11200000,11200100,7069,11783,11400000,11400000
0,57,11400000,11400100,7069,11783,11600000,11600000
0,58,11600000,11600100,7069,11783,11800000,11800000
0,59,11800000,11800100,7069,11783,12000000,12000000
0,60,12000000,12000100,7069,11783,12200000,12200000
0,61,12200000,12200100,7069,11783,12400000,12400000
0,62,12400000,12400100,7069,11783,12600000,12600000
0,63,12600000,12600100,7069,11783,12800000,12800000
0,64,12800000,12800100,7069,11783,13000000,13000000
0,65,13000000,13000100,7069,11783,13200000,13200000
0,66,13200000,13200100,7069,11783,13400000,13400000
0,67,13400000,13400100,7069,11783,13600000,13600000
0,68,13600000,13600100,7069,11783,13800000,13800000
0,69,13800000,13800100,7069,11783,14000000,14000000
0,70,14000000,14000100,7069,11783,14200000,14200000
0,71,14200000,14200100,7069,11783,14400000,14400000
0,72,14400000,14400100,7069,11783,14600000,14600000
0,73,14600000,14600100,7069,11783,14800000,14800000
0,74,14800000,14800100,7069,11783,15000000,15000000
0,75,15000000,15000100,7069,11783,15200000,15200000
0,76,15200000,15200100,7069,11783,15400000,15400000
0,77,15400000,15400100,7069,11783,15600000,15600000
0,78,15600000,15600100,7069,11783,15800000,15800000
0,79,15800000,15800100,7069,11783,16000000,16000000
0,80,16000000,16000100,7069,11783,16200000,16200000
0,81,16200000,16200100,7069,11783,16400000,16400000
0,82,16400000,16400100,7069,11783,16600000,16600000
0,83,16600000,16600100,7069,11783,16800000,16800000
0,84,16800000,16800100,7069,11783,17000000,17000000
0,85,17000000,17000100,7069,11783,17200000,17200000
0,86,17200000,17200100,7069,11783,17400000,17400000
0,87,17400000,17400100,7069,11783,17600000,17600000
0,88,17600000,17600100,7069,11783,17800000,17800000
0,89,17800000,17800100,7069,11783,18000000,18000000
0,90,18000000,18000100,7069,11783,18200000,18200000
0,91,18200000,18200100,7069,11783,18400000,18400000
0,92,18400000,18400100,7069,11783,18600000,18600000
0,93,18600000,18600100,7069,11783,18800000,18800000
0,94,18800000,18800100,7069,11783,19000000,19000000
0,95,19000000,19000100,7069,11783,19200000,19200000
0,96,19200000,19200100,7069,11783,19400000,19400000
0,97,19400000,19400100,7069,11783,19600000,19600000
0,98,19600000,19600100,7069,11783,19800000,19800000
0,99,19800000,19800100,7069,11783,20000000,20000000
0,100,20000000,20000100,7069,11783,20200000,20200000
0,101,20200000,20200100,7069,11783,20400000,20400000
0,102,20400000,20400100,7069,11783,20600000,20600000
0,103,20600000,20600100,7069,11783,20800000,20800000
0,104,20800000,20800100,7069,11783,21000000,21000000
0,105,21000000,21000100,7069,11783,21200000,21200000
0,106,21200000,21200100,7069,11783,21400000,21400000
0,107,21400000,21400100,7069,11783,21600000,21600000
0,108,21600000,21600100,7069,11783,21800000,21800000
0,109,21800000,21800100,7069,11783,22000000,22000000
0,110,22000000,22000100,7069,11783,22200000,22200000
0,111,22200000,22200100,7069,11783,22400000,22400000
0,112,22400000,22400100,7069,11783,22600000,22600000
0,113,22600000,22600100,7069,11783,22800000,22800000
0,114,22800000,22800100,7069,11783,23000000,23000000
0,115,23000000,23000100,7069,11783,23200000,23200000
0,116,23200000,23200100,7069,11783,23400000,23400000
0,117,23400000,23400100,7069,11783,23600000,23600000
0,118,23600000,23600100,7069,11783,23800000,23800000
0,119,23800000,23800100,7069,11783,24000000,24000000
0,120,24000000,24000100,7069,11783,24200000,24200000
0,121,24200000,24200100,7069,11783,24400000,24400000
0,122,24400000,24400100,7069,11783,24600000,24600000
0,123,24600000,24600100,7069,11783,24800000,24800000
0,124,24800000,24800100,7069,11783,25000000,25000000
0,125,25000000,25000100,7069,11783,25200000,25200000
0,126,25200000,25200100,7069,11783,25400000,25400000
0,127,25400000,25400100,7069,11783,25600000,25600000
0,128,25600000,25600100,7069,11783,25800000,25800000
0,129,25800000,25800100,7069,11783,26000000,26000000
0,130,26000000,26000100,7069,11783,26200000,26200000
0,131,26200000,26200100,7069,11783,26400000,26400000
0,132,26400000,26400100,7069,11783,26600000,26600000
0,133,26600000,26600100,7069,11783,26800000,26800000
0,134,26800000,26800100,7069,11783,27000000,27000000
0,135,27000000,27000100,7069,11783,27200000,27200000
0,136,27200000,27200100,7069,11783,27400000,27400000
0,137,27400000,27400100,7069,11783,27600000,27600000
0,138,27600000,27600100,7069,11783,27800000,27800000
0,139,27800000,27800100,7069,11783,28000000,28000000
0,140,28000000,28000100,7069,11783,28200000,28200000
0,141,28200000,28200100,7069,11783,28400000,28400000
0,142,28400000,28400100,7069,11783,28600000,28600000
0,143,28600000,28600100,7069,11783,28800000,28800000
0,144,28800000,28800100,7069,11783,29000000,29000000
0,145,29000000,29000100,7069,11783,29200000,29200000
0,146,29200000,29200100,7069,11783,29400000,29400000
0,147,29400000,29400100,7069,11783,29600000,29600000
0,148,29600000,29600100,7069,11783,29800000,29800000
0,149,29800000,29800100,7069,11783,30000000,30000000
0,150,30000000,30000100,7069,11783,30200000,30200000
0,151,30200000,30200100,7069,11783,30400000,30400000
0,152,30400000,30400100,7069,11783,30600000,30600000
0,153,30600000,30600100,7069,11783,30800000,30800000
0,154,30800000,30800100,7069,11783,31000000,31000000
0,155,31000000,31000100,7069,11783,31200000,31200000
0,156,31200000,31200100,7069,11783,31400000,31400000
0,157,31400000,31400100,7069,11783,31600000,31600000
0,158,31600000,31600100,7069,11783,31800000,31800000
0,159,31800000,31800100,7069,11783,32000000,32000000
0,160,32000000,32000100,7069,11783,32200000,32200000
0,161,32200000,32200100,7069,11783,32400000,32400000
0,162,32400000,32400100,7069,11783,32600000,32600000
0,163,32600000,32600100,7069,11783,32800000,32800000
0,164,32800000,32800100,7069,11783,33000000,33000000
0,165,33000000,33000100,7069,11783,33200000,33200000
0,166,33200000,33200100,7069,11783,33400000,33400000
0,167,33400000,33400100,7069,11783,33600000,33600000
0,168,33600000,33600100,7069,11783,33800000,33800000
0,169,33800000,33800100,7069,11783,34000000,34000000
0,170,34000000,34000100,7069,11783,34200000,34200000
0,171,34200000,34200100,7069,11783,34400000,34400000
0,172,34400000,34400100,7069,11783,34600000,34600000
0,173,34600000,34600100,7069,11783,34800000,34800000
0,174,34800000,34800100,7069,11783,35000000,35000000
0,175,35000000,35000100,7069,11783,35200000,35200000
0,176,35200000,35200100,7069,11783,35400000,35400000
0,177,35400000,35400100,7069,11783,35600000,35600000
0,178,35600000,35600100,7069,11783,35800000,35800000
0,179,35800000,35800100,7069,11783,36000000,36000000
0,180,36000000,36000100,7069,11783,36200000,36200000
0,181,36200000,36200100,7069,11783,36400000,36400000
0,182,36400000,36400100,7069,11783,36600000,36600000
0,183,36600000,36600100,7069,11783,36800000,36800000
0,184,36800000,36800100,7069,11783,37000000,37000000
0,185,37000000,37000100,7069,11783,37200000,37200000
0,186,37200000,37200100,7069,11783,37400000,37400000
0,187,37400000,37400100,7069,11783,37600000,37600000
0,188,37600000,37600100,7069,11783,37800000,37800000
0,189,37800000,37800100,7069,11783,38000000,38000000
0,190,38000000,38000100,7069,11783,38200000,38200000
0,191,38200000,38200100,7069,11783,38400000,38400000
0,192,38400000,38400100,7069,11783,38600000,38600000
0,193,38600000,38600100,7069,11783,38800000,38800000
0,194,38800000,38800100,7069,11783,39000000,39000000
0,195,39000000,39000100,7069,11783,39200000,39200000
0,196,39200000,39200100,7069,11783,39400000,39400000
0,197,39400000,39400100,7069,11783,39600000,39600000
0,198,39600000,39600100,7069,11783,39800000,39800000
0,199,39800000,39800100,7069,11783,40000000,40000000
0,200,40000000,40000100,7069,11783,40200000,40200000
0,201,40200000,40200100,7069,11783,40400000,40400000
0,202,40400000,40400100,7069,11783,40600000,40600000
0,203,40600000,40600100,7069,11783,40800000,40800000
0,204,40800000,40800100,7069,11783,41000000,41000000
0,205,41000000,41000100,7069,11783,41200000,41200000
0,206,41200000,41200100,7069,11783,41400000,41400000
0,207,41400000,41400100,7069,11783,41600000,41600000
0,208,41600000,41600100,7069,11783,41800000,41800000
0,209,41800000,41800100,7069,11783,42000000,42000000
0,210,42000000,42000100,7069,11783,42200000,42200000
0,211,42200000,42200100,7069,11783,42400000,42400000
0,212,42400000,42400100,7069,11783,42600000,42600000
0,213,42600000,42600100,7069,11783,42800000,42800000
0,214,42800000,42800100,7069,11783,43000000,43000000
0,215,43000000,43000100,7069,11783,43200000,43200000
0,216,43200000,43200100,7069,11783,43400000,43400000
0,217,43400000,43400100,7069,11783,43600000,43600000
0,218,43600000,43600100,7069,11783,43800000,43800000
0,219,43800000,43800100,7069,11783,44000000,44000000
0,220,44000000,44000100,7069,11783,44200000,44200000
0,221,44200000,44200100,7069,11783,44400000,44400000
0,222,44400000,44400100,7069,11783,44600000,44600000
0,223,44600000,44600100,7069,11783,44800000,44800000
0,224,44800000,44800100,7069,11783,45000000,45000000
0,225,45000000,45000100,7069,11783,45200000,45200000
0,226,45200000,45200100,7069,11783,45400000,45400000
0,227,45400000,45400100,7069,11783,45600000,45600000
0,228,45600000,45600100,7069,11783,45800000,45800000
0,229,45800000,45800100,7069,11783,46000000,46000000
0,230,46000000,46000100,7069,11783,46200000,46200000
0,231,46200000,46200100,7069,11783,46400000,46400000
0,232,46400000,46400100,7069,11783,46600000,46600000
0,233,46600000,46600100,7069,11783,46800000,46800000
0,234,46800000,46800100,7069,11783,47000000,47000000
0,235,47000000,47000100,7069,11783,47200000,47200000
0,236,47200000,47200100,7069,11783,47400000,47400000
0,237,47400000,47400100,7069,11783,47600000,47600000
0,238,47600000,47600100,7069,11783,47800000,47800000
0,239,47800000,47800100,7069,11783,48000000,48000000
0,240,48000000,48000100,7069,11783,48200000,48200000
0,241,48200000,48200100,7069,11783,48400000,48400000
0,242,48400000,48400100,7069,11783,48600000,48600000
0,243,48600000,48600100,7069,11783,48800000,48800000
0,244,48800000,48800100,7069,11783,49000000,49000000
0,245,49000000,49000100,7069,11783,49200000,49200000
0,246,49200000,49200100,7069,11783,49400000,49400000
0,247,49400000,49400100,7069,11783,49600000,49600000
0,248,49600000,49600100,7069,11783,49800000,49800000
0,249,49800000,49800100,7069,11783,50000000,50000000
0,250,50000000,50000100,7069,11783,50200000,50200000
0,251,50200000,50200100,7069,11783,50400000,50400000
0,252,50400000,50400100,7069,11783,50600000,50600000
0,253,50600000,50600100,7069,11783,50800000,50800000
0,254,50800000,50800100,7069,11783,51000000,51000000
0,255,51000000,51000100,7069,11783,51200000,51200000
0,256,51200000,51200100,7069,11783,51400000,51400000
0,257,51400000,51400100,7069,11783,51600000,51600000
0,258,51600000,51600100,7069,11783,51800000,51800000
0,259,51800000,51800100,7069,11783,52000000,52000000
0,260,52000000,52000100,7069,11783,52200000,52200000
0,261,52200000,52200100,7069,11783,52400000,52400000
0,262,52400000,52400100,7069,11783,52600000,52600000
0,263,52600000,52600100,7069,11783,52800000,52800000
0,264,52800000,52800100,7069,11783,53000000,53000000
0,265,53000000,53000100,7069,11783,53200000,53200000
0,266,53200000,53200100,7069,11783,53400000,53400000
0,267,53400000,53400100,7069,11783,53600000,53600000
0,268,53600000,53600100,7069,11783,53800000,53800000
0,269,53800000,53800100,7069,11783,54000000,54000000
0,270,54000000,54000100,7069,11783,54200000,54200000
0,271,54200000,54200100,7069,11783,54400000,54400000
0,272,54400000,54400100,7069,11783,54600000,54600000
0,273,54600000,54600100,7069,11783,54800000,54800000
0,274,54800000,54800100,7069,11783,55000000,55000000
0,275,55000000,55000100,7069,11783,55200000,55200000
0,276,55200000,55200100,7069,11783,55400000,55400000
0,277,55400000,55400100,7069,11783,55600000,55600000
0,278,55600000,55600100,7069,11783,55800000,55800000
0,279,55800000,55800100,7069,11783,56000000,56000000
0,280,56000000,56000100,7069,11783,56200000,56200000
0,281,56200000,56200100,7069,11783,56400000,56400000
0,282,56400000,56400100,7069,11783,56600000,56600000
0,283,56600000,56600100,7069,11783,56800000,56800000
0,284,56800000,56800100,7069,11783,57000000,57000000
0,285,57000000,57000100,7069,11783,57200000,57200000
0,286,57200000,57200100,7069,11783,57400000,57400000
0,287,57400000,57400100,7069,11783,57600000,57600000
0,288,57600000,57600100,7069,11783,57800000,57800000
0,289,57800000,57800100,7069,11783,58000000,58000000
0,290,58000000,58000100,7069,11783,58200000,58200000
0,291,58200000,58200100,7069,11783,58400000,58400000
0,292,58400000,58400100,7069,11783,58600000,58600000
0,293,58600000,58600100,7069,11783,58800000,58800000
0,294,58800000,58800100,7069,11783,59000000,59000000
0,295,59000000,59000100,7069,11783,59200000,59200000
0,296,59200000,59200100,7069,11783,59400000,59400000
0,297,59400000,59400100,7069,11783,59600000,59600000
0,298,59600000,59600100,7069,11783,59800000,59800000
0,299,59800000,59800100,7069,11783,60000000,60000000
0,300,60000000,60000100,7069,11783,60200000,60200000
0,301,60200000,60200100,7069,11783,60400000,60400000
0,302,60400000,60400100,7069,11783,60600000,60600000
0,303,60600000,60600100,7069,11783,60800000,60800000
0,304,60800000,60800100,7069,11783,61000000,61000000
0,305,61000000,61000100,7069,11783,61200000,61200000
0,306,61200000,61200100,7069,11783,61400000,61400000
0,307,61400000,61400100,7069,11783,61600000,61600000
0,308,61600000,61600100,7069,11783,61800000,61800000
0,309,61800000,61800100,7069,11783,62000000,62000000
0,310,62000000,62000100,7069,11783,62200000,62200000
0,311,62200000,62200100,7069,11783,62400000,62400000
0,312,62400000,62400100,7069,11783,62600000,62600000
0,313,62600000,62600100,7069,11783,62800000,62800000
0,314,62800000,62800100,7069,11783,63000000,63000000
0,315,63000000,63000100,7069,11783,63200000,63200000
0,316,63200000,63200100,7069,11783,63400000,63400000
0,317,63400000,63400100,7069,11783,63600000,63600000
0,318,63600000,63600100,7069,11783,63800000,63800000
0,319,63800000,63800100,7069,11783,64000000,64000000
0,320,64000000,64000100,7069,11783,64200000,64200000
0,321,64200000,64200100,7069,11783,64400000,64400000
0,322,64400000,64400100,7069,11783,64600000,64600000
0,323,64600000,64600100,7069,11783,64800000,64800000
0,324,64800000,64800100,7069,11783,65000000,65000000
0,325,65000000,65000100,7069,11783,65200000,65200000
0,326,65200000,65200100,7069,11783,65400000,65400000
0,327,65400000,65400100,7069,11783,65600000,65600000
0,328,65600000,65600100,7069,11783,65800000,65800000
0,329,65800000,65800100,7069,11783,66000000,66000000
0,330,66000000,66000100,7069,11783,66200000,66200000
0,331,66200000,66200100,7069,11783,66400000,66400000
0,332,66400000,66400100,7069,11783,66600000,66600000
0,333,66600000,66600100,7069,11783,66800000,66800000
0,334,66800000,66800100,7069,11783,67000000,67000000
0,335,67000000,67000100,7069,11783,67200000,67200000
0,336,67200000,67200100,7069,11783,67400000,67400000
0,337,67400000,67400100,7069,11783,67600000,67600000
0,338,67600000,67600100,7069,11783,67800000,67800000
0,339,67800000,67800100,7069,11783,68000000,68000000
0,340,68000000,68000100,7069,11783,68200000,68200000
0,341,68200000,68200100,7069,11783,68400000,68400000
0,342,68400000,68400100,7069,11783,68600000,68600000
0,343,68600000,68600100,7069,11783,68800000,68800000
0,344,68800000,68800100,7069,11783,69000000,69000000
0,345,69000000,69000100,7069,11783,69200000,69200000
0,346,69200000,69200100,7069,11783,69400000,69400000
0,347,69400000,69400100,7069,11783,69600000,69600000
0,348,69600000,69600100,7069,11783,69800000,69800000
0,349,69800000,69800100,7069,11783,70000000,70000000
0,350,70000000,70000100,7069,11783,70200000,70200000
0,351,70200000,70200100,7069,11783,70400000,70400000
0,352,70400000,70400100,7069,11783,70600000,70600000
0,353,70600000,70600100,7069,11783,70800000,70800000
0,354,70800000,70800100,7069,11783,71000000,71000000
0,355,71000000,71000100,7069,11783,71200000,71200000
0,356,71200000,71200100,7069,11783,71400000,71400000
0,357,71400000,71400100,7069,11783,71600000,71600000
0,358,71600000,71600100,7069,11783,71800000,71800000
0,359,71800000,71800100,7069,11783,72000000,72000000
0,360,72000000,72000100,7069,11783,72200000,72200000
0,361,72200000,72200100,7069,11783,72400000,72400000
0,362,72400000,72400100,7069,11783,72600000,72600000
0,363,72600000,72600100,7069,11783,72800000,72800000
0,364,72800000,72800100,7069,11783,73000000,73000000
0,365,73000000,73000100,7069,11783,73200000,73200000
0,366,73200000,73200100,7069,11783,73400000,73400000
0,367,73400000,73400100,7069,11783,73600000,73600000
0,368,73600000,73600100,7069,11783,73800000,73800000
0,369,73800000,73800100,7069,11783,74000000,74000000
0,370,74000000,74000100,7069,11783,74200000,74200000
0,371,74200000,74200100,7069,11783,74400000,74400000
0,372,74400000,74400100,7069,11783,74600000,74600000
0,373,74600000,74600100,7069,11783,74800000,74800000
0,374,74800000,74800100,7069,11783,75000000,75000000
0,375,75000000,75000100,7069,11783,75200000,75200000
0,376,75200000,75200100,7069,11783,75400000,75400000
0,377,75400000,75400100,7069,11783,75600000,75600000
0,378,75600000,75600100,7069,11783,75800000,75800000
0,379,75800000,75800100,7069,11783,76000000,76000000
0,380,76000000,76000100,7069,11783,76200000,76200000
0,381,76200000,76200100,7069,11783,76400000,76400000
0,382,76400000,76400100,7069,11783,76600000,76600000
0,383,76600000,76600100,7069,11783,76800000,76800000
0,384,76800000,76800100,7069,11783,77000000,77000000
0,385,77000000,77000100,7069,11783,77200000,77200000
0,386,77200000,77200100,7069,11783,77400000,77400000
0,387,77400000,77400100,7069,11783,77600000,77600000
0,388,77600000,77600100,7069,11783,77800000,77800000
0,389,77800000,77800100,7069,11783,78000000,78000000
0,390,78000000,78000100,7069,11783,78200000,78200000
0,391,78200000,78200100,7069,11783,78400000,78400000
0,392,78400000,78400100,7069,11783,78600000,78600000
0,393,78600000,78600100,7069,11783,78800000,78800000
0,394,78800000,78800100,7069,11783,79000000,79000000
0,395,79000000,79000100,7069,11783,79200000,79200000
0,396,79200000,79200100,7069,11783,79400000,79400000
0,397,79400000,79400100,7069,11783,79600000,79600000
0,398,79600000,79600100,7069,11783,79800000,79800000
0,399,79800000,79800100,7069,11783,80000000,80000000
0,400,80000000,80000100,7069,11783,80200000,80200000
0,401,80200000,80200100,7069,11783,80400000,80400000
0,402,80400000,80400100,7069,11783,80600000,80600000
0,403,80600000,80600100,7069,11783,80800000,80800000
0,404,80800000,80800100,7069,11783,81000000,81000000
0,405,81000000,81000100,7069,11783,81200000,81200000
0,406,81200000,81200100,7069,11783,81400000,81400000
0,407,81400000,81400100,7069,11783,81600000,81600000
0,408,81600000,81600100,7069,11783,81800000,81800000
0,409,81800000,81800100,7069,11783,82000000,82000000
0,410,82000000,82000100,7069,11783,82200000,82200000
0,411,82200000,82200100,7069,11783,82400000,82400000
0,412,82400000,82400100,7069,11783,82600000,82600000
0,413,82600000,82600100,7069,11783,82800000,82800000
0,414,82800000,82800100,7069,11783,83000000,83000000
0,415,83000000,83000100,7069,11783,83200000,83200000
0,416,83200000,83200100,7069,11783,83400000,83400000
0,417,83400000,83400100,7069,11783,83600000,83600000
0,418,83600000,83600100,7069,11783,83800000,83800000
0,419,83800000,83800100,7069,11783,84000000,84000000
0,420,84000000,84000100,7069,11783,84200000,84200000
0,421,84200000,84200100,7069,11783,84400000,84400000
0,422,84400000,84400100,7069,11783,84600000,84600000
0,423,84600000,84600100,7069,11783,84800000,84800000
0,424,84800000,84800100,7069,11783,85000000,85000000
0,425,85000000,85000100,7069,11783,85200000,85200000
0,426,85200000,85200100,7069,11783,85400000,85400000
0,427,85400000,85400100,7069,11783,85600000,85600000
0,428,85600000,85600100,7069,11783,85800000,85800000
0,429,85800000,85800100,7069,11783,86000000,86000000
0,430,86000000,86000100,7069,11783,86200000,86200000
0,431,86200000,86200100,7069,11783,86400000,86400000
0,432,86400000,86400100,7069,11783,86600000,86600000
0,433,86600000,86600100,7069,11783,86800000,86800000
0,434,86800000,86800100,7069,11783,87000000,87000000
0,435,87000000,87000100,7069,11783,87200000,87200000
0,436,87200000,87200100,7069,11783,87400000,87400000
0,437,87400000,87400100,7069,11783,87600000,87600000
0,438,87600000,87600100,7069,11783,87800000,87800000
0,439,87800000,87800100,7069,11783,88000000,88000000
0,440,88000000,88000100,7069,11783,88200000,88200000
0,441,88200000,88200100,7069,11783,88400000,88400000
0,442,88400000,88400100,7069,11783,88600000,88600000
0,443,88600000,88600100,7069,11783,88800000,88800000
0,444,88800000,88800100,7069,11783,89000000,89000000
0,445,89000000,89000100,7069,11783,89200000,89200000
0,446,89200000,89200100,7069,11783,89400000,89400000
0,447,89400000,89400100,7069,11783,89600000,89600000
0,448,89600000,89600100,7069,11783,89800000,89800000
0,449,89800000,89800100,7069,11783,90000000,90000000
0,450,90000000,90000100,7069,11783,90200000,90200000
0,451,90200000,90200100,7069,11783,90400000,90400000
0,452,90400000,90400100,7069,11783,90600000,90600000
0,453,90600000,90600100,7069,11783,90800000,90800000
0,454,90800000,90800100,7069,11783,91000000,91000000
0,455,91000000,91000100,7069,11783,91200000,91200000
0,456,91200000,91200100,7069,11783,91400000,91400000
0,457,91400000,91400100,7069,11783,91600000,91600000
0,458,91600000,91600100,7069,11783,91800000,91800000
0,459,91800000,91800100,7069,11783,92000000,92000000
0,460,92000000,92000100,7069,11783,92200000,92200000
0,461,92200000,92200100,7069,11783,92400000,92400000
0,462,92400000,92400100,7069,11783,92600000,92600000
0,463,92600000,92600100,7069,11783,92800000,92800000
0,464,92800000,92800100,7069,11783,93000000,93000000
0,465,93000000,93000100,7069,11783,93200000,93200000
0,466,93200000,93200100,7069,11783,93400000,93400000
0,467,93400000,93400100,7069,11783,93600000,93600000
0,468,93600000,93600100,7069,11783,93800000,93800000
0,469,93800000,93800100,7069,11783,94000000,94000000
0,470,94000000,94000100,7069,11783,94200000,94200000
0,471,94200000,94200100,7069,11783,94400000,94400000
0,472,94400000,94400100,7069,11783,94600000,94600000
0,473,94600000,94600100,7069,11783,94800000,94800000
0,474,94800000,94800100,7069,11783,95000000,95000000
0,475,95000000,95000100,7069,11783,95200000,95200000
0,476,95200000,95200100,7069,11783,95400000,95400000
0,477,95400000,95400100,7069,11783,95600000,95600000
0,478,95600000,95600100,7069,11783,95800000,95800000
0,479,95800000,95800100,7069,11783,96000000,96000000
0,480,96000000,96000100,7069,11783,96200000,96200000
0,481,96200000,96200100,7069,11783,96400000,96400000
0,482,96400000,96400100,7069,11783,96600000,96600000
0,483,96600000,96600100,7069,11783,96800000,96800000
0,484,96800000,96800100,7069,11783,97000000,97000000
0,485,97000000,97000100,7069,11783,97200000,97200000
0,486,97200000,97200100,7069,11783,97400000,97400000
0,487,97400000,97400100,7069,11783,97600000,97600000
0,488,97600000,97600100,7069,11783,97800000,97800000
0,489,97800000,97800100,7069,11783,98000000,98000000
0,490,98000000,98000100,7069,11783,98200000,98200000
0,491,98200000,98200100,7069,11783,98400000,98400000
0,492,98400000,98400100,7069,11783,98600000,98600000
0,493,98600000,98600100,7069,11783,98800000,98800000
0,494,98800000,98800100,7069,11783,99000000,99000000
0,495,99000000,99000100,7069,11783,99200000,99200000
0,496,99200000,99200100,7069,11783,99400000,99400000
0,497,99400000,99400100,7069,11783,99600000,99600000
0,498,99600000,99600100,7069,11783,99800000,99800000
0,499,99800000,99800100,7069,11783,100000000,100000000
0,500,100000000,100000100,7069,11783,100200000,100200000
0,501,100200000,100200100,7069,11783,100400000,100400000
0,502,100400000,100400100,7069,11783,100600000,100600000
0,503,100600000,100600100,7069,11783,100800000,100800000
0,504,100800000,100800100,7069,11783,101000000,101000000
0,505,101000000,101000100,7069,11783,101200000,101200000
0,506,101200000,101200100,7069,11783,101400000,101400000
0,507,101400000,101400100,7069,11783,101600000,101600000
0,508,101600000,101600100,7069,11783,101800000,101800000
0,509,101800000,101800100,7069,11783,102000000,102000000
0,510,102000000,102000100,7069,11783,102200000,102200000
0,511,102200000,102200100,7069,11783,102400000,102400000
0,512,102400000,102400100,7069,11783,102600000,102600000
0,513,102600000,102600100,7069,11783,102800000,102800000
0,514,102800000,102800100,7069,11783,103000000,103000000
0,515,103000000,103000100,7069,11783,103200000,103200000
0,516,103200000,103200100,7069,11783,103400000,103400000
0,517,103400000,103400100,7069,11783,103600000,103600000
0,518,103600000,103600100,7069,11783,103800000,103800000
0,519,103800000,103800100,7069,11783,104000000,104000000
0,520,104000000,104000100,7069,11783,104200000,104200000
0,521,104200000,104200100,7069,11783,104400000,104400000
0,522,104400000,104400100,7069,11783,104600000,104600000
0,523,104600000,104600100,7069,11783,104800000,104800000
0,524,104800000,104800100,7069,11783,105000000,105000000
0,525,105000000,105000100,7069,11783,105200000,105200000
0,526,105200000,105200100,7069,11783,105400000,105400000
0,527,105400000,105400100,7069,11783,105600000,105600000
0,528,105600000,105600100,7069,11783,105800000,105800000
0,529,105800000,105800100,7069,11783,106000000,106000000
0,530,106000000,106000100,7069,11783,106200000,106200000
0,531,106200000,106200100,7069,11783,106400000,106400000
0,532,106400000,106400100,7069,11783,106600000,106600000
0,533,106600000,106600100,7069,11783,106800000,106800000
0,534,106800000,106800100,7069,11783,107000000,107000000
0,535,107000000,107000100,7069,11783,107200000,107200000
0,536,107200000,107200100,7069,11783,107400000,107400000
0,537,107400000,107400100,7069,11783,107600000,107600000
0,538,107600000,107600100,7069,11783,107800000,107800000
0,539,107800000,107800100,7069,11783,108000000,108000000
0,540,108000000,108000100,7069,11783,108200000,108200000
0,541,108200000,108200100,7069,11783,108400000,108400000
0,542,108400000,108400100,7069,11783,108600000,108600000
0,543,108600000,108600100,7069,11783,108800000,108800000
0,544,108800000,108800100,7069,11783,109000000,109000000
0,545,109000000,109000100,7069,11783,109200000,109200000
0,546,109200000,109200100,7069,11783,109400000,109400000
0,547,109400000,109400100,7069,11783,109600000,109600000
0,548,109600000,109600100,7069,11783,109800000,109800000
0,549,109800000,109800100,7069,11783,110000000,110000000
0,550,110000000,110000100,7069,11783,110200000,110200000
0,551,110200000,110200100,7069,11783,110400000,110400000
0,552,110400000,110400100,7069,11783,110600000,110600000
0,553,110600000,110600100,7069,11783,110800000,110800000
0,554,110800000,110800100,7069,11783,111000000,111000000
0,555,111000000,111000100,7069,11783,111200000,111200000
0,556,111200000,111200100,7069,11783,111400000,111400000
0,557,111400000,111400100,7069,11783,111600000,111600000
0,558,111600000,111600100,7069,11783,111800000,111800000
0,559,111800000,111800100,7069,11783,112000000,112000000
0,560,112000000,112000100,7069,11783,112200000,112200000
0,561,112200000,112200100,7069,11783,112400000,112400000
0,562,112400000,112400100,7069,11783,112600000,112600000
0,563,112600000,112600100,7069,11783,112800000,112800000
0,564,112800000,112800100,7069,11783,113000000,113000000
0,565,113000000,113000100,7069,11783,113200000,113200000
0,566,113200000,113200100,7069,11783,113400000,113400000
0,567,113400000,113400100,7069,11783,113600000,113600000
0,568,113600000,113600100,7069,11783,113800000,113800000
0,569,113800000,113800100,7069,11783,114000000,114000000
0,570,114000000,114000100,7069,11783,114200000,114200000
0,571,114200000,114200100,7069,11783,114400000,114400000
0,572,114400000,114400100,7069,11783,114600000,114600000
0,573,114600000,114600100,7069,11783,114800000,114800000
0,574,114800000,114800100,7069,11783,115000000,115000000
0,575,115000000,115000100,7069,11783,115200000,115200000
0,576,115200000,115200100,7069,11783,115400000,115400000
0,577,115400000,115400100,7069,11783,115600000,115600000
0,578,115600000,115600100,7069,11783,115800000,115800000
0,579,115800000,115800100,7069,11783,116000000,116000000
0,580,116000000,116000100,7069,11783,116200000,116200000
0,581,116200000,116200100,7069,11783,116400000,116400000
0,582,116400000,116400100,7069,11783,116600000,116600000
0,583,116600000,116600100,7069,11783,116800000,116800000
0,584,116800000,116800100,7069,11783,117000000,117000000
0,585,117000000,117000100,7069,11783,117200000,117200000
0,586,117200000,117200100,7069,11783,117400000,117400000
0,587,117400000,117400100,7069,11783,117600000,117600000
0,588,117600000,117600100,7069,11783,117800000,117800000
0,589,117800000,117800100,7069,11783,118000000,118000000
0,590,118000000,118000100,7069,11783,118200000,118200000
0,591,118200000,118200100,7069,11783,118400000,118400000
0,592,118400000,118400100,7069,11783,118600000,118600000
0,593,118600000,118600100,7069,11783,118800000,118800000
0,594,118800000,118800100,7069,11783,119000000,119000000
0,595,119000000,119000100,7069,11783,119200000,119200000
0,596,119200000,119200100,7069,11783,119400000,119400000
0,597,119400000,119400100,7069,11783,119600000,119600000
0,598,119600000,119600100,7069,11783,119800000,119800000
0,599,119800000,119800100,7069,11783,120000000,120000000
0,600,120000000,120000100,7069,11783,120200000,120200000
0,601,120200000,120200100,7069,11783,120400000,120400000
0,602,120400000,120400100,7069,11783,120600000,120600000
0,603,120600000,120600100,7069,11783,120800000,120800000
0,604,120800000,120800100,7069,11783,121000000,121000000
0,605,121000000,121000100,7069,11783,121200000,121200000
0,606,121200000,121200100,7069,11783,121400000,121400000
0,607,121400000,121400100,7069,11783,121600000,121600000
0,608,121600000,121600100,7069,11783,121800000,121800000
0,609,121800000,121800100,7069,11783,122000000,122000000
0,610,122000000,122000100,7069,11783,122200000,122200000
0,611,122200000,122200100,7069,11783,122400000,122400000
0,612,122400000,122400100,7069,11783,122600000,122600000
0,613,122600000,122600100,7069,11783,122800000,122800000
0,614,122800000,122800100,7069,11783,123000000,123000000
0,615,123000000,123000100,7069,11783,123200000,123200000
0,616,123200000,123200100,7069,11783,123400000,123400000
0,617,123400000,123400100,7069,11783,123600000,123600000
0,618,123600000,123600100,7069,11783,123800000,123800000
0,619,123800000,123800100,7069,11783,124000000,124000000
0,620,124000000,124000100,7069,11783,124200000,124200000
0,621,124200000,124200100,7069,11783,124400000,124400000
0,622,124400000,124400100,7069,11783,124600000,124600000
0,623,124600000,124600100,7069,11783,124800000,124800000
0,624,124800000,124800100,7069,11783,125000000,125000000
0,625,125000000,125000100,7069,11783,125200000,125200000
0,626,125200000,125200100,7069,11783,125400000,125400000
0,627,125400000,125400100,7069,11783,125600000,125600000
0,628,125600000,125600100,7069,11783,125800000,125800000
0,629,125800000,125800100,7069,11783,126000000,126000000
1,0,0,100,14520,24201,250000,250000
1,1,250000,250100,14520,24201,500000,500000
1,2,500000,500100,14520,24201,750000,750000
1,3,750000,750100,14520,24201,1000000,1000000
1,4,1000000,1000100,14520,24201,1250000,1250000
1,5,1250000,1250100,14520,24201,1500000,1500000
1,6,1500000,1500100,14520,24201,1750000,1750000
1,7,1750000,1750100,14520,24201,2000000,2000000
1,8,2000000,2000100,14520,24201,2250000,2250000
1,9,2250000,2250100,14520,24201,2500000,2500000
1,10,2500000,2500100,14520,24201,2750000,2750000
1,11,2750000,2750100,14520,24201,3000000,3000000
1,12,3000000,3000100,14520,24201,3250000,3250000
1,13,3250000,3250100,14520,24201,3500000,3500000
1,14,3500000,3500100,14520,24201,3750000,3750000
1,15,3750000,3750100,14520,24201,4000000,4000000
1,16,4000000,4000100,14520,24201,4250000,4250000
1,17,4250000,4250100,14520,24201,4500000,4500000
1,18,4500000,4500100,14520,24201,4750000,4750000
1,19,4750000,4750100,14520,24201,5000000,5000000
1,20,5000000,5000100,14520,24201,5250000,5250000
1,21,5250000,5250100,14520,24201,5500000,5500000
1,22,5500000,5500100,14520,24201,5750000,5750000
1,23,5750000,5750100,14520,24201,6000000,6000000
1,24,6000000,6000100,14520,24201,6250000,6250000
1,25,6250000,6250100,14520,24201,6500000,6500000
1,26,6500000,6500100,14520,24201,6750000,6750000
1,27,6750000,6750100,14520,24201,7000000,7000000
1,28,7000000,7000100,14520,24201,7250000,7250000
1,29,7250000,7250100,14520,24201,7500000,7500000
1,30,7500000,7500100,14520,24201,7750000,7750000
1,31,7750000,7750100,14520,24201,8000000,8000000
1,32,8000000,8000100,14520,24201,8250000,8250000
1,33,8250000,8250100,14520,24201,8500000,8500000
1,34,8500000,8500100,14520,24201,8750000,8750000
1,35,8750000,8750100,14520,24201,9000000,9000000
1,36,9000000,9000100,14520,24201,9250000,9250000
1,37,9250000,9250100,14520,24201,9500000,9500000
1,38,9500000,9500100,14520,24201,9750000,9750000
1,39,9750000,9750100,14520,24201,10000000,10000000
1,40,10000000,10000100,14520,24201,10250000,10250000
1,41,10250000,10250100,14520,24201,10500000,10500000
1,42,10500000,10500100,14520,24201,10750000,10750000
1,43,10750000,10750100,14520,24201,11000000,11000000
1,44,11000000,11000100,14520,24201,11250000,11250000
1,45,11250000,11250100,14520,24201,11500000,11500000
1,46,11500000,11500100,14520,24201,11750000,11750000
1,47,11750000,11750100,14520,24201,12000000,12000000
1,48,12000000,12000100,14520,24201,12250000,12250000
1,49,12250000,12250100,14520,24201,12500000,12500000
1,50,12500000,12500100,14520,24201,12750000,12750000
1,51,12750000,12750100,14520,24201,13000000,13000000
1,52,13000000,13000100,14520,24201,13250000,13250000
1,53,13250000,13250100,14520,24201,13500000,13500000
1,54,13500000,13500100,14520,24201,13750000,13750000
1,55,13750000,13750100,14520,24201,14000000,14000000
1,56,14000000,14000100,14520,24201,14250000,14250000
1,57,14250000,14250100,14520,24201,14500000,14500000
1,58,14500000,14500100,14520,24201,14750000,14750000
1,59,14750000,14750100,14520,24201,15000000,15000000
1,60,15000000,15000100,14520,24201,15250000,15250000
1,61,15250000,15250100,14520,24201,15500000,15500000
1,62,15500000,15500100,14520,24201,15750000,15750000
1,63,15750000,15750100,14520,24201,16000000,16000000
1,64,16000000,16000100,14520,24201,16250000,16250000
1,65,16250000,16250100,14520,24201,16500000,16500000
1,66,16500000,16500100,14520,24201,16750000,16750000
1,67,16750000,16750100,14520,24201,17000000,17000000
1,68,17000000,17000100,14520,24201,17250000,17250000
1,69,17250000,17250100,14520,24201,17500000,17500000
1,70,17500000,17500100,14520,24201,17750000,17750000
1,71,17750000,17750100,14520,24201,18000000,18000000
1,72,18000000,18000100,14520,24201,18250000,18250000
1,73,18250000,18250100,14520,24201,18500000,18500000
1,74,18500000,18500100,14520,24201,18750000,18750000
1,75,18750000,18750100,14520,24201,19000000,19000000
1,76,19000000,19000100,14520,24201,19250000,19250000
1,77,19250000,19250100,14520,24201,19500000,19500000
1,78,19500000,19500100,14520,24201,19750000,19750000
1,79,19750000,19750100,14520,24201,20000000,20000000
1,80,20000000,20000100,14520,24201,20250000,20250000
1,81,20250000,20250100,14520,24201,20500000,20500000
1,82,20500000,20500100,14520,24201,20750000,20750000
1,83,20750000,20750100,14520,24201,21000000,21000000
1,84,21000000,21000100,14520,24201,21250000,21250000
1,85,21250000,21250100,14520,24201,21500000,21500000
1,86,21500000,21500100,14520,24201,21750000,21750000
1,87,21750000,21750100,14520,24201,22000000,22000000
1,88,22000000,22000100,14520,24201,22250000,22250000
1,89,22250000,22250100,14520,24201,22500000,22500000
1,90,22500000,22500100,14520,24201,22750000,22750000
1,91,22750000,22750100,14520,24201,23000000,23000000
1,92,23000000,23000100,14520,24201,23250000,23250000
1,93,23250000,23250100,14520,24201,23500000,23500000
1,94,23500000,23500100,14520,24201,23750000,23750000
1,95,23750000,23750100,14520,24201,24000000,24000000
1,96,24000000,24000100,14520,24201,24250000,24250000
1,97,24250000,24250100,14520,24201,24500000,24500000
1,98,24500000,24500100,14520,24201,24750000,24750000
1,99,24750000,24750100,14520,24201,25000000,25000000
1,100,25000000,25000100,14520,24201,25250000,25250000
1,101,25250000,25250100,14520,24201,25500000,25500000
1,102,25500000,25500100,14520,24201,25750000,25750000
1,103,25750000,25750100,14520,24201,26000000,26000000
1,104,26000000,26000100,14520,24201,26250000,26250000
1,105,26250000,26250100,14520,24201,26500000,26500000
1,106,26500000,26500100,14520,24201,26750000,26750000
1,107,26750000,26750100,14520,24201,27000000,27000000
1,108,27000000,27000100,14520,24201,27250000,27250000
1,109,27250000,27250100,14520,24201,27500000,27500000
1,110,27500000,27500100,14520,24201,27750000,27750000
1,111,27750000,27750100,14520,24201,28000000,28000000
1,112,28000000,28000100,14520,24201,28250000,28250000
1,113,28250000,28250100,14520,24201,28500000,28500000
1,114,28500000,28500100,14520,24201,28750000,28750000
1,115,28750000,28750100,14520,24201,29000000,29000000
1,116,29000000,29000100,14520,24201,29250000,29250000
1,117,29250000,29250100,14520,24201,29500000,29500000
1,118,29500000,29500100,14520,24201,29750000,29750000
1,119,29750000,29750100,14520,24201,30000000,30000000
1,120,30000000,30000100,14520,24201,30250000,30250000
1,121,30250000,30250100,14520,24201,30500000,30500000
1,122,30500000,30500100,14520,24201,30750000,30750000
1,123,30750000,30750100,14520,24201,31000000,31000000
1,124,31000000,31000100,14520,24201,31250000,31250000
1,125,31250000,31250100,14520,24201,31500000,31500000
1,126,31500000,31500100,14520,24201,31750000,31750000
1,127,31750000,31750100,14520,24201,32000000,32000000
1,128,32000000,32000100,14520,24201,32250000,32250000
1,129,32250000,32250100,14520,24201,32500000,32500000
1,130,32500000,32500100,14520,24201,32750000,32750000
1,131,32750000,32750100,14520,24201,33000000,33000000
1,132,33000000,33000100,14520,24201,33250000,33250000
1,133,33250000,33250100,14520,24201,33500000,33500000
1,134,33500000,33500100,14520,24201,33750000,33750000
1,135,33750000,33750100,14520,24201,34000000,34000000
1,136,34000000,34000100,14520,24201,34250000,34250000
1,137,34250000,34250100,14520,24201,34500000,34500000
1,138,34500000,34500100,14520,24201,34750000,34750000
1,139,34750000,34750100,14520,24201,35000000,35000000
1,140,35000000,35000100,14520,24201,35250000,35250000
1,141,35250000,35250100,14520,24201,35500000,35500000
1,142,35500000,35500100,14520,24201,35750000,35750000
1,143,35750000,35750100,14520,24201,36000000,36000000
1,144,36000000,36000100,14520,24201,36250000,36250000
1,145,36250000,36250100,14520,24201,36500000,36500000
1,146,36500000,36500100,14520,24201,36750000,36750000
1,147,36750000,36750100,14520,24201,37000000,37000000
1,148,37000000,37000100,14520,24201,37250000,37250000
1,149,37250000,37250100,14520,24201,37500000,37500000
1,150,37500000,37500100,14520,24201,37750000,37750000
1,151,37750000,37750100,14520,24201,38000000,38000000
1,152,38000000,38000100,14520,24201,38250000,38250000
1,153,38250000,38250100,14520,24201,38500000,38500000
1,154,38500000,38500100,14520,24201,38750000,38750000
1,155,38750000,38750100,14520,24201,39000000,39000000
1,156,39000000,39000100,14520,24201,39250000,39250000
1,157,39250000,39250100,14520,24201,39500000,39500000
1,158,39500000,39500100,14520,24201,39750000,39750000
1,159,39750000,39750100,14520,24201,40000000,40000000
1,160,40000000,40000100,14520,24201,40250000,40250000
1,161,40250000,40250100,14520,24201,40500000,40500000
1,162,40500000,40500100,14520,24201,40750000,40750000
1,163,40750000,40750100,14520,24201,41000000,41000000
1,164,41000000,41000100,14520,24201,41250000,41250000
1,165,41250000,41250100,14520,24201,41500000,41500000
1,166,41500000,41500100,14520,24201,41750000,41750000
1,167,41750000,41750100,14520,24201,42000000,42000000
1,168,42000000,42000100,14520,24201,42250000,42250000
1,169,42250000,42250100,14520,24201,42500000,42500000
1,170,42500000,42500100,14520,24201,42750000,42750000
1,171,42750000,42750100,14520,24201,43000000,43000000
1,172,43000000,43000100,14520,24201,43250000,43250000
1,173,43250000,43250100,14520,24201,43500000,43500000
1,174,43500000,43500100,14520,24201,43750000,43750000
1,175,43750000,43750100,14520,24201,44000000,44000000
1,176,44000000,44000100,14520,24201,44250000,44250000
1,177,44250000,44250100,14520,24201,44500000,44500000
1,178,44500000,44500100,14520,24201,44750000,44750000
1,179,44750000,44750100,14520,24201,45000000,45000000
1,180,45000000,45000100,14520,24201,45250000,45250000
1,181,45250000,45250100,14520,24201,45500000,45500000
1,182,45500000,45500100,14520,24201,45750000,45750000
1,183,45750000,45750100,14520,24201,46000000,46000000
1,184,46000000,46000100,14520,24201,46250000,46250000
1,185,46250000,46250100,14520,24201,46500000,46500000
1,186,46500000,46500100,14520,24201,46750000,46750000
1,187,46750000,46750100,14520,24201,47000000,47000000
1,188,47000000,47000100,14520,24201,47250000,47250000
1,189,47250000,47250100,14520,24201,47500000,47500000
1,190,47500000,47500100,14520,24201,47750000,47750000
1,191,47750000,47750100,14520,24201,48000000,48000000
1,192,48000000,48000100,14520,24201,48250000,48250000
1,193,48250000,48250100,14520,24201,48500000,48500000
1,194,48500000,48500100,14520,24201,48750000,48750000
1,195,48750000,48750100,14520,24201,49000000,49000000
1,196,49000000,49000100,14520,24201,49250000,49250000
1,197,49250000,49250100,14520,24201,49500000,49500000
1,198,49500000,49500100,14520,24201,49750000,49750000
1,199,49750000,49750100,14520,24201,50000000,50000000
1,200,50000000,50000100,14520,24201,50250000,50250000
1,201,50250000,50250100,14520,24201,50500000,50500000
1,202,50500000,50500100,14520,24201,50750000,50750000
1,203,50750000,50750100,14520,24201,51000000,51000000
1,204,51000000,51000100,14520,24201,51250000,51250000
1,205,51250000,51250100,14520,24201,51500000,51500000
1,206,51500000,51500100,14520,24201,51750000,51750000
1,207,51750000,51750100,14520,24201,52000000,52000000
1,208,52000000,52000100,14520,24201,52250000,52250000
1,209,52250000,52250100,14520,24201,52500000,52500000
1,210,52500000,52500100,14520,24201,52750000,52750000
1,211,52750000,52750100,14520,24201,53000000,53000000
1,212,53000000,53000100,14520,24201,53250000,53250000
1,213,53250000,53250100,14520,24201,53500000,53500000
1,214,53500000,53500100,14520,24201,53750000,53750000
1,215,53750000,53750100,14520,24201,54000000,54000000
1,216,54000000,54000100,14520,24201,54250000,54250000
1,217,54250000,54250100,14520,24201,54500000,54500000
1,218,54500000,54500100,14520,24201,54750000,54750000
1,219,54750000,54750100,14520,24201,55000000,55000000
1,220,55000000,55000100,14520,24201,55250000,55250000
1,221,55250000,55250100,14520,24201,55500000,55500000
1,222,55500000,55500100,14520,24201,55750000,55750000
1,223,55750000,55750100,14520,24201,56000000,56000000
1,224,56000000,56000100,14520,24201,56250000,56250000
1,225,56250000,56250100,14520,24201,56500000,56500000
1,226,56500000,56500100,14520,24201,56750000,56750000
1,227,56750000,56750100,14520,24201,57000000,57000000
1,228,57000000,57000100,14520,24201,57250000,57250000
1,229,57250000,57250100,14520,24201,57500000,57500000
1,230,57500000,57500100,14520,24201,57750000,57750000
1,231,57750000,57750100,14520,24201,58000000,58000000
1,232,58000000,58000100,14520,24201,58250000,58250000
1,233,58250000,58250100,14520,24201,58500000,58500000
1,234,58500000,58500100,14520,24201,58750000,58750000
1,235,58750000,58750100,14520,24201,59000000,59000000
1,236,59000000,59000100,14520,24201,59250000,59250000
1,237,59250000,59250100,14520,24201,59500000,59500000
1,238,59500000,59500100,14520,24201,59750000,59750000
1,239,59750000,59750100,14520,24201,60000000,60000000
1,240,60000000,60000100,14520,24201,60250000,60250000
1,241,60250000,60250100,14520,24201,60500000,60500000
1,242,60500000,60500100,14520,24201,60750000,60750000
1,243,60750000,60750100,14520,24201,61000000,61000000
1,244,61000000,61000100,14520,24201,61250000,61250000
1,245,61250000,61250100,14520,24201,61500000,61500000
1,246,61500000,61500100,14520,24201,61750000,61750000
1,247,61750000,61750100,14520,24201,62000000,62000000
1,248,62000000,62000100,14520,24201,62250000,62250000
1,249,62250000,62250100,14520,24201,62500000,62500000
1,250,62500000,62500100,14520,24201,62750000,62750000
1,251,62750000,62750100,14520,24201,63000000,63000000
1,252,63000000,63000100,14520,24201,63250000,63250000
1,253,63250000,63250100,14520,24201,63500000,63500000
1,254,63500000,63500100,14520,24201,63750000,63750000
1,255,63750000,63750100,14520,24201,64000000,64000000
1,256,64000000,64000100,14520,24201,64250000,64250000
1,257,64250000,64250100,14520,24201,64500000,64500000
1,258,64500000,64500100,14520,24201,64750000,64750000
1,259,64750000,64750100,14520,24201,65000000,65000000
1,260,65000000,65000100,14520,24201,65250000,65250000
1,261,65250000,65250100,14520,24201,65500000,65500000
1,262,65500000,65500100,14520,24201,65750000,65750000
1,263,65750000,65750100,14520,24201,66000000,66000000
1,264,66000000,66000100,14520,24201,66250000,66250000
1,265,66250000,66250100,14520,24201,66500000,66500000
1,266,66500000,66500100,14520,24201,66750000,66750000
1,267,66750000,66750100,14520,24201,67000000,67000000
1,268,67000000,67000100,14520,24201,67250000,67250000
1,269,67250000,67250100,14520,24201,67500000,67500000
1,270,67500000,67500100,14520,24201,67750000,67750000
1,271,67750000,67750100,14520,24201,68000000,68000000
1,272,68000000,68000100,14520,24201,68250000,68250000
1,273,68250000,68250100,14520,24201,68500000,68500000
1,274,68500000,68500100,14520,24201,68750000,68750000
1,275,68750000,68750100,14520,24201,69000000,69000000
1,276,69000000,69000100,14520,24201,69250000,69250000
1,277,69250000,69250100,14520,24201,69500000,69500000
1,278,69500000,69500100,14520,24201,69750000,69750000
1,279,69750000,69750100,14520,24201,70000000,70000000
1,280,70000000,70000100,14520,24201,70250000,70250000
1,281,70250000,70250100,14520,24201,70500000,70500000
1,282,70500000,70500100,14520,24201,70750000,70750000
1,283,70750000,70750100,14520,24201,71000000,71000000
1,284,71000000,71000100,14520,24201,71250000,71250000
1,285,71250000,71250100,14520,24201,71500000,71500000
1,286,71500000,71500100,14520,24201,71750000,71750000
1,287,71750000,71750100,14520,24201,72000000,72000000
1,288,72000000,72000100,14520,24201,72250000,72250000
1,289,72250000,72250100,14520,24201,72500000,72500000
1,290,72500000,72500100,14520,24201,72750000,72750000
1,291,72750000,72750100,14520,24201,73000000,73000000
1,292,73000000,73000100,14520,24201,73250000,73250000
1,293,73250000,73250100,14520,24201,73500000,73500000
1,294,73500000,73500100,14520,24201,73750000,73750000
1,295,73750000,73750100,14520,24201,74000000,74000000
1,296,74000000,74000100,14520,24201,74250000,74250000
1,297,74250000,74250100,14520,24201,74500000,74500000
1,298,74500000,74500100,14520,24201,74750000,74750000
1,299,74750000,74750100,14520,24201,75000000,75000000
1,300,75000000,75000100,14520,24201,75250000,75250000
1,301,75250000,75250100,14520,24201,75500000,75500000
1,302,75500000,75500100,14520,24201,75750000,75750000
1,303,75750000,75750100,14520,24201,76000000,76000000
1,304,76000000,76000100,14520,24201,76250000,76250000
1,305,76250000,76250100,14520,24201,76500000,76500000
1,306,76500000,76500100,14520,24201,76750000,76750000
1,307,76750000,76750100,14520,24201,77000000,77000000
1,308,77000000,77000100,14520,24201,77250000,77250000
1,309,77250000,77250100,14520,24201,77500000,77500000
1,310,77500000,77500100,14520,24201,77750000,77750000
1,311,77750000,77750100,14520,24201,78000000,78000000
1,312,78000000,78000100,14520,24201,78250000,78250000
1,313,78250000,78250100,14520,24201,78500000,78500000
1,314,78500000,78500100,14520,24201,78750000,78750000
1,315,78750000,78750100,14520,24201,79000000,79000000
1,316,79000000,79000100,14520,24201,79250000,79250000
1,317,79250000,79250100,14520,24201,79500000,79500000
1,318,79500000,79500100,14520,24201,79750000,79750000
1,319,79750000,79750100,14520,24201,80000000,80000000
1,320,80000000,80000100,14520,24201,80250000,80250000
1,321,80250000,80250100,14520,24201,80500000,80500000
1,322,80500000,80500100,14520,24201,80750000,80750000
1,323,80750000,80750100,14520,24201,81000000,81000000
1,324,81000000,81000100,14520,24201,81250000,81250000
1,325,81250000,81250100,14520,24201,81500000,81500000
1,326,81500000,81500100,14520,24201,81750000,81750000
1,327,81750000,81750100,14520,24201,82000000,82000000
1,328,82000000,82000100,14520,24201,82250000,82250000
1,329,82250000,82250100,14520,24201,82500000,82500000
1,330,82500000,82500100,14520,24201,82750000,82750000
1,331,82750000,82750100,14520,24201,83000000,83000000
1,332,83000000,83000100,14520,24201,83250000,83250000
1,333,83250000,83250100,14520,24201,83500000,83500000
1,334,83500000,83500100,14520,24201,83750000,83750000
1,335,83750000,83750100,14520,24201,84000000,84000000
1,336,84000000,84000100,14520,24201,84250000,84250000
1,337,84250000,84250100,14520,24201,84500000,84500000
1,338,84500000,84500100,14520,24201,84750000,84750000
1,339,84750000,84750100,14520,24201,85000000,85000000
1,340,85000000,85000100,14520,24201,85250000,85250000
1,341,85250000,85250100,14520,24201,85500000,85500000
1,342,85500000,85500100,14520,24201,85750000,85750000
1,343,85750000,85750100,14520,24201,86000000,86000000
1,344,86000000,86000100,14520,24201,86250000,86250000
1,345,86250000,86250100,14520,24201,86500000,86500000
1,346,86500000,86500100,14520,24201,86750000,86750000
1,347,86750000,86750100,14520,24201,87000000,87000000
1,348,87000000,87000100,14520,24201,87250000,87250000
1,349,87250000,87250100,14520,24201,87500000,87500000
1,350,87500000,87500100,14520,24201,87750000,87750000
1,351,87750000,87750100,14520,24201,88000000,88000000
1,352,88000000,88000100,14520,24201,88250000,88250000
1,353,88250000,88250100,14520,24201,88500000,88500000
1,354,88500000,88500100,14520,24201,88750000,88750000
1,355,88750000,88750100,14520,24201,89000000,89000000
1,356,89000000,89000100,14520,24201,89250000,89250000
1,357,89250000,89250100,14520,24201,89500000,89500000
1,358,89500000,89500100,14520,24201,89750000,89750000
1,359,89750000,89750100,14520,24201,90000000,90000000
1,360,90000000,90000100,14520,24201,90250000,90250000
1,361,90250000,90250100,14520,24201,90500000,90500000
1,362,90500000,90500100,14520,24201,90750000,90750000
1,363,90750000,90750100,14520,24201,91000000,91000000
1,364,91000000,91000100,14520,24201,91250000,91250000
1,365,91250000,91250100,14520,24201,91500000,91500000
1,366,91500000,91500100,14520,24201,91750000,91750000
1,367,91750000,91750100,14520,24201,92000000,92000000
1,368,92000000,92000100,14520,24201,92250000,92250000
1,369,92250000,92250100,14520,24201,92500000,92500000
1,370,92500000,92500100,14520,24201,92750000,92750000
1,371,92750000,92750100,14520,24201,93000000,93000000
1,372,93000000,93000100,14520,24201,93250000,93250000
1,373,93250000,93250100,14520,24201,93500000,93500000
1,374,93500000,93500100,14520,24201,93750000,93750000
1,375,93750000,93750100,14520,24201,94000000,94000000
1,376,94000000,94000100,14520,24201,94250000,94250000
1,377,94250000,94250100,14520,24201,94500000,94500000
1,378,94500000,94500100,14520,24201,94750000,94750000
1,379,94750000,94750100,14520,24201,95000000,95000000
1,380,95000000,95000100,14520,24201,95250000,95250000
1,381,95250000,95250100,14520,24201,95500000,95500000
1,382,95500000,95500100,14520,24201,95750000,95750000
1,383,95750000,95750100,14520,24201,96000000,96000000
1,384,96000000,96000100,14520,24201,96250000,96250000
1,385,96250000,96250100,14520,24201,96500000,96500000
1,386,96500000,96500100,14520,24201,96750000,96750000
1,387,96750000,96750100,14520,24201,97000000,97000000
1,388,97000000,97000100,14520,24201,97250000,97250000
1,389,97250000,97250100,14520,24201,97500000,97500000
1,390,97500000,97500100,14520,24201,97750000,97750000
1,391,97750000,97750100,14520,24201,98000000,98000000
1,392,98000000,98000100,14520,24201,98250000,98250000
1,393,98250000,98250100,14520,24201,98500000,98500000
1,394,98500000,98500100,14520,24201,98750000,98750000
1,395,98750000,98750100,14520,24201,99000000,99000000
1,396,99000000,99000100,14520,24201,99250000,99250000
1,397,99250000,99250100,14520,24201,99500000,99500000
1,398,99500000,99500100,14520,24201,99750000,99750000
1,399,99750000,99750100,14520,24201,100000000,100000000
1,400,100000000,100000100,14520,24201,100250000,100250000
1,401,100250000,100250100,14520,24201,100500000,100500000
1,402,100500000,100500100,14520,24201,100750000,100750000
1,403,100750000,100750100,14520,24201,101000000,101000000
1,404,101000000,101000100,14520,24201,101250000,101250000
1,405,101250000,101250100,14520,24201,101500000,101500000
1,406,101500000,101500100,14520,24201,101750000,101750000
1,407,101750000,101750100,14520,24201,102000000,102000000
1,408,102000000,102000100,14520,24201,102250000,102250000
1,409,102250000,102250100,14520,24201,102500000,102500000
1,410,102500000,102500100,14520,24201,102750000,102750000
1,411,102750000,102750100,14520,24201,103000000,103000000
1,412,103000000,103000100,14520,24201,103250000,103250000
1,413,103250000,103250100,14520,24201,103500000,103500000
1,414,103500000,103500100,14520,24201,103750000,103750000
1,415,103750000,103750100,14520,24201,104000000,104000000
1,416,104000000,104000100,14520,24201,104250000,104250000
1,417,104250000,104250100,14520,24201,104500000,104500000
1,418,104500000,104500100,14520,24201,104750000,104750000
1,419,104750000,104750100,14520,24201,105000000,105000000
1,420,105000000,105000100,14520,24201,105250000,105250000
1,421,105250000,105250100,14520,24201,105500000,105500000
1,422,105500000,105500100,14520,24201,105750000,105750000
1,423,105750000,105750100,14520,24201,106000000,106000000
1,424,106000000,106000100,14520,24201,106250000,106250000
1,425,106250000,106250100,14520,24201,106500000,106500000
1,426,106500000,106500100,14520,24201,106750000,106750000
1,427,106750000,106750100,14520,24201,107000000,107000000
1,428,107000000,107000100,14520,24201,107250000,107250000
1,429,107250000,107250100,14520,24201,107500000,107500000
1,430,107500000,107500100,14520,24201,107750000,107750000
1,431,107750000,107750100,14520,24201,108000000,108000000
1,432,108000000,108000100,14520,24201,108250000,108250000
1,433,108250000,108250100,14520,24201,108500000,108500000
1,434,108500000,108500100,14520,24201,108750000,108750000
1,435,108750000,108750100,14520,24201,109000000,109000000
1,436,109000000,109000100,14520,24201,109250000,109250000
1,437,109250000,109250100,14520,24201,109500000,109500000
1,438,109500000,109500100,14520,24201,109750000,109750000
1,439,109750000,109750100,14520,24201,110000000,110000000
1,440,110000000,110000100,14520,24201,110250000,110250000
1,441,110250000,110250100,14520,24201,110500000,110500000
1,442,110500000,110500100,14520,24201,110750000,110750000
1,443,110750000,110750100,14520,24201,111000000,111000000
1,444,111000000,111000100,14520,24201,111250000,111250000
1,445,111250000,111250100,14520,24201,111500000,111500000
1,446,111500000,111500100,14520,24201,111750000,111750000
1,447,111750000,111750100,14520,24201,112000000,112000000
1,448,112000000,112000100,14520,24201,112250000,112250000
1,449,112250000,112250100,14520,24201,112500000,112500000
1,450,112500000,112500100,14520,24201,112750000,112750000
1,451,112750000,112750100,14520,24201,113000000,113000000
1,452,113000000,113000100,14520,24201,113250000,113250000
1,453,113250000,113250100,14520,24201,113500000,113500000
1,454,113500000,113500100,14520,24201,113750000,113750000
1,455,113750000,113750100,14520,24201,114000000,114000000
1,456,114000000,114000100,14520,24201,114250000,114250000
1,457,114250000,114250100,14520,24201,114500000,114500000
1,458,114500000,114500100,14520,24201,114750000,114750000
1,459,114750000,114750100,14520,24201,115000000,115000000
1,460,115000000,115000100,14520,24201,115250000,115250000
1,461,115250000,115250100,14520,24201,115500000,115500000
1,462,115500000,115500100,14520,24201,115750000,115750000
1,463,115750000,115750100,14520,24201,116000000,116000000
1,464,116000000,116000100,14520,24201,116250000,116250000
1,465,116250000,116250100,14520,24201,116500000,116500000
1,466,116500000,116500100,14520,24201,116750000,116750000
1,467,116750000,116750100,14520,24201,117000000,117000000
1,468,117000000,117000100,14520,24201,117250000,117250000
1,469,117250000,117250100,14520,24201,117500000,117500000
1,470,117500000,117500100,14520,24201,117750000,117750000
1,471,117750000,117750100,14520,24201,118000000,118000000
1,472,118000000,118000100,14520,24201,118250000,118250000
1,473,118250000,118250100,14520,24201,118500000,118500000
1,474,118500000,118500100,14520,24201,118750000,118750000
1,475,118750000,118750100,14520,24201,119000000,119000000
1,476,119000000,119000100,14520,24201,119250000,119250000
1,477,119250000,119250100,14520,24201,119500000,119500000
1,478,119500000,119500100,14520,24201,119750000,119750000
1,479,119750000,119750100,14520,24201,120000000,120000000
1,480,120000000,120000100,14520,24201,120250000,120250000
1,481,120250000,120250100,14520,24201,120500000,120500000
1,482,120500000,120500100,14520,24201,120750000,120750000
1,483,120750000,120750100,14520,24201,121000000,121000000
1,484,121000000,121000100,14520,24201,121250000,121250000
1,485,121250000,121250100,14520,24201,121500000,121500000
1,486,121500000,121500100,14520,24201,121750000,121750000
1,487,121750000,121750100,14520,24201,122000000,122000000
1,488,122000000,122000100,14520,24201,122250000,122250000
1,489,122250000,122250100,14520,24201,122500000,122500000
1,490,122500000,122500100,14520,24201,122750000,122750000
1,491,122750000,122750100,14520,24201,123000000,123000000
1,492,123000000,123000100,14520,24201,123250000,123250000
1,493,123250000,123250100,14520,24201,123500000,123500000
1,494,123500000,123500100,14520,24201,123750000,123750000
1,495,123750000,123750100,14520,24201,124000000,124000000
1,496,124000000,124000100,14520,24201,124250000,124250000
1,497,124250000,124250100,14520,24201,124500000,124500000
1,498,124500000,124500100,14520,24201,124750000,124750000
1,499,124750000,124750100,14520,24201,125000000,125000000
1,500,125000000,125000100,14520,24201,125250000,125250000
1,501,125250000,125250100,14520,24201,125500000,125500000
1,502,125500000,125500100,14520,24201,125750000,125750000
1,503,125750000,125750100,14520,24201,126000000,126000000
2,0,0,100,5724,9541,350000,350000
2,1,350000,350100,5724,9541,700000,700000
2,2,700000,700100,5724,9541,1050000,1050000
2,3,1050000,1050100,5724,9541,1400000,1400000
2,4,1400000,1400100,5724,9541,1750000,1750000
2,5,1750000,1750100,5724,9541,2100000,2100000
2,6,2100000,2100100,5724,9541,2450000,2450000
2,7,2450000,2450100,5724,9541,2800000,2800000
2,8,2800000,2800100,5724,9541,3150000,3150000
2,9,3150000,3150100,5724,9541,3500000,3500000
2,10,3500000,3500100,5724,9541,3850000,3850000
2,11,3850000,3850100,5724,9541,4200000,4200000
2,12,4200000,4200100,5724,9541,4550000,4550000
2,13,4550000,4550100,5724,9541,4900000,4900000
2,14,4900000,4900100,5724,9541,5250000,5250000
2,15,5250000,5250100,5724,9541,5600000,5600000
2,16,5600000,5600100,5724,9541,5950000,5950000
2,17,5950000,5950100,5724,9541,6300000,6300000
2,18,6300000,6300100,5724,9541,6650000,6650000
2,19,6650000,6650100,5724,9541,7000000,7000000
2,20,7000000,7000100,5724,9541,7350000,7350000
2,21,7350000,7350100,5724,9541,7700000,7700000
2,22,7700000,7700100,5724,9541,8050000,8050000
2,23,8050000,8050100,5724,9541,8400000,8400000
2,24,8400000,8400100,5724,9541,8750000,8750000
2,25,8750000,8750100,5724,9541,9100000,9100000
2,26,9100000,9100100,5724,9541,9450000,9450000
2,27,9450000,9450100,5724,9541,9800000,9800000
2,28,9800000,9800100,5724,9541,10150000,10150000
2,29,10150000,10150100,5724,9541,10500000,10500000
2,30,10500000,10500100,5724,9541,10850000,10850000
2,31,10850000,10850100,5724,9541,11200000,11200000
2,32,11200000,11200100,5724,9541,11550000,11550000
2,33,11550000,11550100,5724,9541,11900000,11900000
2,34,11900000,11900100,5724,9541,12250000,12250000
2,35,12250000,12250100,5724,9541,12600000,12600000
2,36,12600000,12600100,5724,9541,12950000,12950000
2,37,12950000,12950100,5724,9541,13300000,13300000
2,38,13300000,13300100,5724,9541,13650000,13650000
2,39,13650000,13650100,5724,9541,14000000,14000000
2,40,14000000,14000100,5724,9541,14350000,14350000
2,41,14350000,14350100,5724,9541,14700000,14700000
2,42,14700000,14700100,5724,9541,15050000,15050000
2,43,15050000,15050100,5724,9541,15400000,15400000
2,44,15400000,15400100,5724,9541,15750000,15750000
2,45,15750000,15750100,5724,9541,16100000,16100000
2,46,16100000,16100100,5724,9541,16450000,16450000
2,47,16450000,16450100,5724,9541,16800000,16800000
2,48,16800000,16800100,5724,9541,17150000,17150000
2,49,17150000,17150100,5724,9541,17500000,17500000
2,50,17500000,17500100,5724,9541,17850000,17850000
2,51,17850000,17850100,5724,9541,18200000,18200000
2,52,18200000,18200100,5724,9541,18550000,18550000
2,53,18550000,18550100,5724,9541,18900000,18900000
2,54,18900000,18900100,5724,9541,19250000,19250000
2,55,19250000,19250100,5724,9541,19600000,19600000
2,56,19600000,19600100,5724,9541,19950000,19950000
2,57,19950000,19950100,5724,9541,20300000,20300000
2,58,20300000,20300100,5724,9541,20650000,20650000
2,59,20650000,20650100,5724,9541,21000000,21000000
2,60,21000000,21000100,5724,9541,21350000,21350000
2,61,21350000,21350100,5724,9541,21700000,21700000
2,62,21700000,21700100,5724,9541,22050000,22050000
2,63,22050000,22050100,5724,9541,22400000,22400000
2,64,22400000,22400100,5724,9541,22750000,22750000
2,65,22750000,22750100,5724,9541,23100000,23100000
2,66,23100000,23100100,5724,9541,23450000,23450000
2,67,23450000,23450100,5724,9541,23800000,23800000
2,68,23800000,23800100,5724,9541,24150000,24150000
2,69,24150000,24150100,5724,9541,24500000,24500000
2,70,24500000,24500100,5724,9541,24850000,24850000
2,71,24850000,24850100,5724,9541,25200000,25200000
2,72,25200000,25200100,5724,9541,25550000,25550000
2,73,25550000,25550100,5724,9541,25900000,25900000
2,74,25900000,25900100,5724,9541,26250000,26250000
2,75,26250000,26250100,5724,9541,26600000,26600000
2,76,26600000,26600100,5724,9541,26950000,26950000
2,77,26950000,26950100,5724,9541,27300000,27300000
2,78,27300000,27300100,5724,9541,27650000,27650000
2,79,27650000,27650100,5724,9541,28000000,28000000
2,80,28000000,28000100,5724,9541,28350000,28350000
2,81,28350000,28350100,5724,9541,28700000,28700000
2,82,28700000,28700100,5724,9541,29050000,29050000
2,83,29050000,29050100,5724,9541,29400000,29400000
2,84,29400000,29400100,5724,9541,29750000,29750000
2,85,29750000,29750100,5724,9541,30100000,30100000
2,86,30100000,30100100,5724,9541,30450000,30450000
2,87,30450000,30450100,5724,9541,30800000,30800000
2,88,30800000,30800100,5724,9541,31150000,31150000
2,89,31150000,31150100,5724,9541,31500000,31500000
2,90,31500000,31500100,5724,9541,31850000,31850000
2,91,31850000,31850100,5724,9541,32200000,32200000
2,92,32200000,32200100,5724,9541,32550000,32550000
2,93,32550000,32550100,5724,9541,32900000,32900000
2,94,32900000,32900100,5724,9541,33250000,33250000
2,95,33250000,33250100,5724,9541,33600000,33600000
2,96,33600000,33600100,5724,9541,33950000,33950000
2,97,33950000,33950100,5724,9541,34300000,34300000
2,98,34300000,34300100,5724,9541,34650000,34650000
2,99,34650000,34650100,5724,9541,35000000,35000000
2,100,35000000,35000100,5724,9541,35350000,35350000
2,101,35350000,35350100,5724,9541,35700000,35700000
2,102,35700000,35700100,5724,9541,36050000,36050000
2,103,36050000,36050100,5724,9541,36400000,36400000
2,104,36400000,36400100,5724,9541,36750000,36750000
2,105,36750000,36750100,5724,9541,37100000,37100000
2,106,37100000,37100100,5724,9541,37450000,37450000
2,107,37450000,37450100,5724,9541,37800000,37800000
2,108,37800000,37800100,5724,9541,38150000,38150000
2,109,38150000,38150100,5724,9541,38500000,38500000
2,110,38500000,38500100,5724,9541,38850000,38850000
2,111,38850000,38850100,5724,9541,39200000,39200000
2,112,39200000,39200100,5724,9541,39550000,39550000
2,113,39550000,39550100,5724,9541,39900000,39900000
2,114,39900000,39900100,5724,9541,40250000,40250000
2,115,40250000,40250100,5724,9541,40600000,40600000
2,116,40600000,40600100,5724,9541,40950000,40950000
2,117,40950000,40950100,5724,9541,41300000,41300000
2,118,41300000,41300100,5724,9541,41650000,41650000
2,119,41650000,41650100,5724,9541,42000000,42000000
2,120,42000000,42000100,5724,9541,42350000,42350000
2,121,42350000,42350100,5724,9541,42700000,42700000
2,122,42700000,42700100,5724,9541,43050000,43050000
2,123,43050000,43050100,5724,9541,43400000,43400000
2,124,43400000,43400100,5724,9541,43750000,43750000
2,125,43750000,43750100,5724,9541,44100000,44100000
2,126,44100000,44100100,5724,9541,44450000,44450000
2,127,44450000,44450100,5724,9541,44800000,44800000
2,128,44800000,44800100,5724,9541,45150000,45150000
2,129,45150000,45150100,5724,9541,45500000,45500000
2,130,45500000,45500100,5724,9541,45850000,45850000
2,131,45850000,45850100,5724,9541,46200000,46200000
2,132,46200000,46200100,5724,9541,46550000,46550000
2,133,46550000,46550100,5724,9541,46900000,46900000
2,134,46900000,46900100,5724,9541,47250000,47250000
2,135,47250000,47250100,5724,9541,47600000,47600000
2,136,47600000,47600100,5724,9541,47950000,47950000
2,137,47950000,47950100,5724,9541,48300000,48300000
2,138,48300000,48300100,5724,9541,48650000,48650000
2,139,48650000,48650100,5724,9541,49000000,49000000
2,140,49000000,49000100,5724,9541,49350000,49350000
2,141,49350000,49350100,5724,9541,49700000,49700000
2,142,49700000,49700100,5724,9541,50050000,50050000
2,143,50050000,50050100,5724,9541,50400000,50400000
2,144,50400000,50400100,5724,9541,50750000,50750000
2,145,50750000,50750100,5724,9541,51100000,51100000
2,146,51100000,51100100,5724,9541,51450000,51450000
2,147,51450000,51450100,5724,9541,51800000,51800000
2,148,51800000,51800100,5724,9541,52150000,52150000
2,149,52150000,52150100,5724,9541,52500000,52500000
2,150,52500000,52500100,5724,9541,52850000,52850000
2,151,52850000,52850100,5724,9541,53200000,53200000
2,152,53200000,53200100,5724,9541,53550000,53550000
2,153,53550000,53550100,5724,9541,53900000,53900000
2,154,53900000,53900100,5724,9541,54250000,54250000
2,155,54250000,54250100,5724,9541,54600000,54600000
2,156,54600000,54600100,5724,9541,54950000,54950000
2,157,54950000,54950100,5724,9541,55300000,55300000
2,158,55300000,55300100,5724,9541,55650000,55650000
2,159,55650000,55650100,5724,9541,56000000,56000000
2,160,56000000,56000100,5724,9541,56350000,56350000
2,161,56350000,56350100,5724,9541,56700000,56700000
2,162,56700000,56700100,5724,9541,57050000,57050000
2,163,57050000,57050100,5724,9541,57400000,57400000
2,164,57400000,57400100,5724,9541,57750000,57750000
2,165,57750000,57750100,5724,9541,58100000,58100000
2,166,58100000,58100100,5724,9541,58450000,58450000
2,167,58450000,58450100,5724,9541,58800000,58800000
2,168,58800000,58800100,5724,9541,59150000,59150000
2,169,59150000,59150100,5724,9541,59500000,59500000
2,170,59500000,59500100,5724,9541,59850000,59850000
2,171,59850000,59850100,5724,9541,60200000,60200000
2,172,60200000,60200100,5724,9541,60550000,60550000
2,173,60550000,60550100,5724,9541,60900000,60900000
2,174,60900000,60900100,5724,9541,61250000,61250000
2,175,61250000,61250100,5724,9541,61600000,61600000
2,176,61600000,61600100,5724,9541,61950000,61950000
2,177,61950000,61950100,5724,9541,62300000,62300000
2,178,62300000,62300100,5724,9541,62650000,62650000
2,179,62650000,62650100,5724,9541,63000000,63000000
2,180,63000000,63000100,5724,9541,63350000,63350000
2,181,63350000,63350100,5724,9541,63700000,63700000
2,182,63700000,63700100,5724,9541,64050000,64050000
2,183,64050000,64050100,5724,9541,64400000,64400000
2,184,64400000,64400100,5724,9541,64750000,64750000
2,185,64750000,64750100,5724,9541,65100000,65100000
2,186,65100000,65100100,5724,9541,65450000,65450000
2,187,65450000,65450100,5724,9541,65800000,65800000
2,188,65800000,65800100,5724,9541,66150000,66150000
2,189,66150000,66150100,5724,9541,66500000,66500000
2,190,66500000,66500100,5724,9541,66850000,66850000
2,191,66850000,66850100,5724,9541,67200000,67200000
2,192,67200000,67200100,5724,9541,67550000,67550000
2,193,67550000,67550100,5724,9541,67900000,67900000
2,194,67900000,67900100,5724,9541,68250000,68250000
2,195,68250000,68250100,5724,9541,68600000,68600000
2,196,68600000,68600100,5724,9541,68950000,68950000
2,197,68950000,68950100,5724,9541,69300000,69300000
2,198,69300000,69300100,5724,9541,69650000,69650000
2,199,69650000,69650100,5724,9541,70000000,70000000
2,200,70000000,70000100,5724,9541,70350000,70350000
2,201,70350000,70350100,5724,9541,70700000,70700000
2,202,70700000,70700100,5724,9541,71050000,71050000
2,203,71050000,71050100,5724,9541,71400000,71400000
2,204,71400000,71400100,5724,9541,71750000,71750000
2,205,71750000,71750100,5724,9541,72100000,72100000
2,206,72100000,72100100,5724,9541,72450000,72450000
2,207,72450000,72450100,5724,9541,72800000,72800000
2,208,72800000,72800100,5724,9541,73150000,73150000
2,209,73150000,73150100,5724,9541,73500000,73500000
2,210,73500000,73500100,5724,9541,73850000,73850000
2,211,73850000,73850100,5724,9541,74200000,74200000
2,212,74200000,74200100,5724,9541,74550000,74550000
2,213,74550000,74550100,5724,9541,74900000,74900000
2,214,74900000,74900100,5724,9541,75250000,75250000
2,215,75250000,75250100,5724,9541,75600000,75600000
2,216,75600000,75600100,5724,9541,75950000,75950000
2,217,75950000,75950100,5724,9541,76300000,76300000
2,218,76300000,76300100,5724,9541,76650000,76650000
2,219,76650000,76650100,5724,9541,77000000,77000000
2,220,77000000,77000100,5724,9541,77350000,77350000
2,221,77350000,77350100,5724,9541,77700000,77700000
2,222,77700000,77700100,5724,9541,78050000,78050000
2,223,78050000,78050100,5724,9541,78400000,78400000
2,224,78400000,78400100,5724,9541,78750000,78750000
2,225,78750000,78750100,5724,9541,79100000,79100000
2,226,79100000,79100100,5724,9541,79450000,79450000
2,227,79450000,79450100,5724,9541,79800000,79800000
2,228,79800000,79800100,5724,9541,80150000,80150000
2,229,80150000,80150100,5724,9541,80500000,80500000
2,230,80500000,80500100,5724,9541,80850000,80850000
2,231,80850000,80850100,5724,9541,81200000,81200000
2,232,81200000,81200100,5724,9541,81550000,81550000
2,233,81550000,81550100,5724,9541,81900000,81900000
2,234,81900000,81900100,5724,9541,82250000,82250000
2,235,82250000,82250100,5724,9541,82600000,82600000
2,236,82600000,82600100,5724,9541,82950000,82950000
2,237,82950000,82950100,5724,9541,83300000,83300000
2,238,83300000,83300100,5724,9541,83650000,83650000
2,239,83650000,83650100,5724,9541,84000000,84000000
2,240,84000000,84000100,5724,9541,84350000,84350000
2,241,84350000,84350100,5724,9541,84700000,84700000
2,242,84700000,84700100,5724,9541,85050000,85050000
2,243,85050000,85050100,5724,9541,85400000,85400000
2,244,85400000,85400100,5724,9541,85750000,85750000
2,245,85750000,85750100,5724,9541,86100000,86100000
2,246,86100000,86100100,5724,9541,86450000,86450000
2,247,86450000,86450100,5724,9541,86800000,86800000
2,248,86800000,86800100,5724,9541,87150000,87150000
2,249,87150000,87150100,5724,9541,87500000,87500000
2,250,87500000,87500100,5724,9541,87850000,87850000
2,251,87850000,87850100,5724,9541,88200000,88200000
2,252,88200000,88200100,5724,9541,88550000,88550000
2,253,88550000,88550100,5724,9541,88900000,88900000
2,254,88900000,88900100,5724,9541,89250000,89250000
2,255,89250000,89250100,5724,9541,89600000,89600000
2,256,89600000,89600100,5724,9541,89950000,89950000
2,257,89950000,89950100,5724,9541,90300000,90300000
2,258,90300000,90300100,5724,9541,90650000,90650000
2,259,90650000,90650100,5724,9541,91000000,91000000
2,260,91000000,91000100,5724,9541,91350000,91350000
2,261,91350000,91350100,5724,9541,91700000,91700000
2,262,91700000,91700100,5724,9541,92050000,92050000
2,263,92050000,92050100,5724,9541,92400000,92400000
2,264,92400000,92400100,5724,9541,92750000,92750000
2,265,92750000,92750100,5724,9541,93100000,93100000
2,266,93100000,93100100,5724,9541,93450000,93450000
2,267,93450000,93450100,5724,9541,93800000,93800000
2,268,93800000,93800100,5724,9541,94150000,94150000
2,269,94150000,94150100,5724,9541,94500000,94500000
2,270,94500000,94500100,5724,9541,94850000,94850000
2,271,94850000,94850100,5724,9541,95200000,95200000
2,272,95200000,95200100,5724,9541,95550000,95550000
2,273,95550000,95550100,5724,9541,95900000,95900000
2,274,95900000,95900100,5724,9541,96250000,96250000
2,275,96250000,96250100,5724,9541,96600000,96600000
2,276,96600000,96600100,5724,9541,96950000,96950000
2,277,96950000,96950100,5724,9541,97300000,97300000
2,278,97300000,97300100,5724,9541,97650000,97650000
2,279,97650000,97650100,5724,9541,98000000,98000000
2,280,98000000,98000100,5724,9541,98350000,98350000
2,281,98350000,98350100,5724,9541,98700000,98700000
2,282,98700000,98700100,5724,9541,99050000,99050000
2,283,99050000,99050100,5724,9541,99400000,99400000
2,284,99400000,99400100,5724,9541,99750000,99750000
2,285,99750000,99750100,5724,9541,100100000,100100000
2,286,100100000,100100100,5724,9541,100450000,100450000
2,287,100450000,100450100,5724,9541,100800000,100800000
2,288,100800000,100800100,5724,9541,101150000,101150000
2,289,101150000,101150100,5724,9541,101500000,101500000
2,290,101500000,101500100,5724,9541,101850000,101850000
2,291,101850000,101850100,5724,9541,102200000,102200000
2,292,102200000,102200100,5724,9541,102550000,102550000
2,293,102550000,102550100,5724,9541,102900000,102900000
2,294,102900000,102900100,5724,9541,103250000,103250000
2,295,103250000,103250100,5724,9541,103600000,103600000
2,296,103600000,103600100,5724,9541,103950000,103950000
2,297,103950000,103950100,5724,9541,104300000,104300000
2,298,104300000,104300100,5724,9541,104650000,104650000
2,299,104650000,104650100,5724,9541,105000000,105000000
2,300,105000000,105000100,5724,9541,105350000,105350000
2,301,105350000,105350100,5724,9541,105700000,105700000
2,302,105700000,105700100,5724,9541,106050000,106050000
2,303,106050000,106050100,5724,9541,106400000,106400000
2,304,106400000,106400100,5724,9541,106750000,106750000
2,305,106750000,106750100,5724,9541,107100000,107100000
2,306,107100000,107100100,5724,9541,107450000,107450000
2,307,107450000,107450100,5724,9541,107800000,107800000
2,308,107800000,107800100,5724,9541,108150000,108150000
2,309,108150000,108150100,5724,9541,108500000,108500000
2,310,108500000,108500100,5724,9541,108850000,108850000
2,311,108850000,108850100,5724,9541,109200000,109200000
2,312,109200000,109200100,5724,9541,109550000,109550000
2,313,109550000,109550100,5724,9541,109900000,109900000
2,314,109900000,109900100,5724,9541,110250000,110250000
2,315,110250000,110250100,5724,9541,110600000,110600000
2,316,110600000,110600100,5724,9541,110950000,110950000
2,317,110950000,110950100,5724,9541,111300000,111300000
2,318,111300000,111300100,5724,9541,111650000,111650000
2,319,111650000,111650100,5724,9541,112000000,112000000
2,320,112000000,112000100,5724,9541,112350000,112350000
2,321,112350000,112350100,5724,9541,112700000,112700000
2,322,112700000,112700100,5724,9541,113050000,113050000
2,323,113050000,113050100,5724,9541,113400000,113400000
2,324,113400000,113400100,5724,9541,113750000,113750000
2,325,113750000,113750100,5724,9541,114100000,114100000
2,326,114100000,114100100,5724,9541,114450000,114450000
2,327,114450000,114450100,5724,9541,114800000,114800000
2,328,114800000,114800100,5724,9541,115150000,115150000
2,329,115150000,115150100,5724,9541,115500000,115500000
2,330,115500000,115500100,5724,9541,115850000,115850000
2,331,115850000,115850100,5724,9541,116200000,116200000
2,332,116200000,116200100,5724,9541,116550000,116550000
2,333,116550000,116550100,5724,9541,116900000,116900000
2,334,116900000,116900100,5724,9541,117250000,117250000
2,335,117250000,117250100,5724,9541,117600000,117600000
2,336,117600000,117600100,5724,9541,117950000,117950000
2,337,117950000,117950100,5724,9541,118300000,118300000
2,338,118300000,118300100,5724,9541,118650000,118650000
2,339,118650000,118650100,5724,9541,119000000,119000000
2,340,119000000,119000100,5724,9541,119350000,119350000
2,341,119350000,119350100,5724,9541,119700000,119700000
2,342,119700000,119700100,5724,9541,120050000,120050000
2,343,120050000,120050100,5724,9541,120400000,120400000
2,344,120400000,120400100,5724,9541,120750000,120750000
2,345,120750000,120750100,5724,9541,121100000,121100000
2,346,121100000,121100100,5724,9541,121450000,121450000
2,347,121450000,121450100,5724,9541,121800000,121800000
2,348,121800000,121800100,5724,9541,122150000,122150000
2,349,122150000,122150100,5724,9541,122500000,122500000
2,350,122500000,122500100,5724,9541,122850000,122850000
2,351,122850000,122850100,5724,9541,123200000,123200000
2,352,123200000,123200100,5724,9541,123550000,123550000
2,353,123550000,123550100,5724,9541,123900000,123900000
2,354,123900000,123900100,5724,9541,124250000,124250000
2,355,124250000,124250100,5724,9541,124600000,124600000
2,356,124600000,124600100,5724,9541,124950000,124950000
2,357,124950000,124950100,5724,9541,125300000,125300000
2,358,125300000,125300100,5724,9541,125650000,125650000
2,359,125650000,125650100,5724,9541,126000000,126000000
3,0,0,100,49686,82810,400000,400000
3,1,400000,400100,49686,82810,800000,800000
3,2,800000,800100,49686,82810,1200000,1200000
3,3,1200000,1200100,49686,82810,1600000,1600000
3,4,1600000,1600100,49686,82810,2000000,2000000
3,5,2000000,2000100,49686,82810,2400000,2400000
3,6,2400000,2400100,49686,82810,2800000,2800000
3,7,2800000,2800100,49686,82810,3200000,3200000
3,8,3200000,3200100,49686,82810,3600000,3600000
3,9,3600000,3600100,49686,82810,4000000,4000000
3,10,4000000,4000100,49686,82810,4400000,4400000
3,11,4400000,4400100,49686,82810,4800000,4800000
3,12,4800000,4800100,49686,82810,5200000,5200000
3,13,5200000,5200100,49686,82810,5600000,5600000
3,14,5600000,5600100,49686,82810,6000000,6000000
3,15,6000000,6000100,49686,82810,6400000,6400000
3,16,6400000,6400100,49686,82810,6800000,6800000
3,17,6800000,6800100,49686,82810,7200000,7200000
3,18,7200000,7200100,49686,82810,7600000,7600000
3,19,7600000,7600100,49686,82810,8000000,8000000
3,20,8000000,8000100,49686,82810,8400000,8400000
3,21,8400000,8400100,49686,82810,8800000,8800000
3,22,8800000,8800100,49686,82810,9200000,9200000
3,23,9200000,9200100,49686,82810,9600000,9600000
3,24,9600000,9600100,49686,82810,10000000,10000000
3,25,10000000,10000100,49686,82810,10400000,10400000
3,26,10400000,10400100,49686,82810,10800000,10800000
3,27,10800000,10800100,49686,82810,11200000,11200000
3,28,11200000,11200100,49686,82810,11600000,11600000
3,29,11600000,11600100,49686,82810,12000000,12000000
3,30,12000000,12000100,49686,82810,12400000,12400000
3,31,12400000,12400100,49686,82810,12800000,12800000
3,32,12800000,12800100,49686,82810,13200000,13200000
3,33,13200000,13200100,49686,82810,13600000,13600000
3,34,13600000,13600100,49686,82810,14000000,14000000
3,35,14000000,14000100,49686,82810,14400000,14400000
3,36,14400000,14400100,49686,82810,14800000,14800000
3,37,14800000,14800100,49686,82810,15200000,15200000
3,38,15200000,15200100,49686,82810,15600000,15600000
3,39,15600000,15600100,49686,82810,16000000,16000000
3,40,16000000,16000100,49686,82810,16400000,16400000
3,41,16400000,16400100,49686,82810,16800000,16800000
3,42,16800000,16800100,49686,82810,17200000,17200000
3,43,17200000,17200100,49686,82810,17600000,17600000
3,44,17600000,17600100,49686,82810,18000000,18000000
3,45,18000000,18000100,49686,82810,18400000,18400000
3,46,18400000,18400100,49686,82810,18800000,18800000
3,47,18800000,18800100,49686,82810,19200000,19200000
3,48,19200000,19200100,49686,82810,19600000,19600000
3,49,19600000,19600100,49686,82810,20000000,20000000
3,50,20000000,20000100,49686,82810,20400000,20400000
3,51,20400000,20400100,49686,82810,20800000,20800000
3,52,20800000,20800100,49686,82810,21200000,21200000
3,53,21200000,21200100,49686,82810,21600000,21600000
3,54,21600000,21600100,49686,82810,22000000,22000000
3,55,22000000,22000100,49686,82810,22400000,22400000
3,56,22400000,22400100,49686,82810,22800000,22800000
3,57,22800000,22800100,49686,82810,23200000,23200000
3,58,23200000,23200100,49686,82810,23600000,23600000
3,59,23600000,23600100,49686,82810,24000000,24000000
3,60,24000000,24000100,49686,82810,24400000,24400000
3,61,24400000,24400100,49686,82810,24800000,24800000
3,62,24800000,24800100,49686,82810,25200000,25200000
3,63,25200000,25200100,49686,82810,25600000,25600000
3,64,25600000,25600100,49686,82810,26000000,26000000
3,65,26000000,26000100,49686,82810,26400000,26400000
3,66,26400000,26400100,49686,82810,26800000,26800000
3,67,26800000,26800100,49686,82810,27200000,27200000
3,68,27200000,27200100,49686,82810,27600000,27600000
3,69,27600000,27600100,49686,82810,28000000,28000000
3,70,28000000,28000100,49686,82810,28400000,28400000
3,71,28400000,28400100,49686,82810,28800000,28800000
3,72,28800000,28800100,49686,82810,29200000,29200000
3,73,29200000,29200100,49686,82810,29600000,29600000
3,74,29600000,29600100,49686,82810,30000000,30000000
3,75,30000000,30000100,49686,82810,30400000,30400000
3,76,30400000,30400100,49686,82810,30800000,30800000
3,77,30800000,30800100,49686,82810,31200000,31200000
3,78,31200000,31200100,49686,82810,31600000,31600000
3,79,31600000,31600100,49686,82810,32000000,32000000
3,80,32000000,32000100,49686,82810,32400000,32400000
3,81,32400000,32400100,49686,82810,32800000,32800000
3,82,32800000,32800100,49686,82810,33200000,33200000
3,83,33200000,33200100,49686,82810,33600000,33600000
3,84,33600000,33600100,49686,82810,34000000,34000000
3,85,34000000,34000100,49686,82810,34400000,34400000
3,86,34400000,34400100,49686,82810,34800000,34800000
3,87,34800000,34800100,49686,82810,35200000,35200000
3,88,35200000,35200100,49686,82810,35600000,35600000
3,89,35600000,35600100,49686,82810,36000000,36000000
3,90,36000000,36000100,49686,82810,36400000,36400000
3,91,36400000,36400100,49686,82810,36800000,36800000
3,92,36800000,36800100,49686,82810,37200000,37200000
3,93,37200000,37200100,49686,82810,37600000,37600000
3,94,37600000,37600100,49686,82810,38000000,38000000
3,95,38000000,38000100,49686,82810,38400000,38400000
3,96,38400000,38400100,49686,82810,38800000,38800000
3,97,38800000,38800100,49686,82810,39200000,39200000
3,98,39200000,39200100,49686,82810,39600000,39600000
3,99,39600000,39600100,49686,82810,40000000,40000000
3,100,40000000,40000100,49686,82810,40400000,40400000
3,101,40400000,40400100,49686,82810,40800000,40800000
3,102,40800000,40800100,49686,82810,41200000,41200000
3,103,41200000,41200100,49686,82810,41600000,41600000
3,104,41600000,41600100,49686,82810,42000000,42000000
3,105,42000000,42000100,49686,82810,42400000,42400000
3,106,42400000,42400100,49686,82810,42800000,42800000
3,107,42800000,42800100,49686,82810,43200000,43200000
3,108,43200000,43200100,49686,82810,43600000,43600000
3,109,43600000,43600100,49686,82810,44000000,44000000
3,110,44000000,44000100,49686,82810,44400000,44400000
3,111,44400000,44400100,49686,82810,44800000,44800000
3,112,44800000,44800100,49686,82810,45200000,45200000
3,113,45200000,45200100,49686,82810,45600000,45600000
3,114,45600000,45600100,49686,82810,46000000,46000000
3,115,46000000,46000100,49686,82810,46400000,46400000
3,116,46400000,46400100,49686,82810,46800000,46800000
3,117,46800000,46800100,49686,82810,47200000,47200000
3,118,47200000,47200100,49686,82810,47600000,47600000
3,119,47600000,47600100,49686,82810,48000000,48000000
3,120,48000000,48000100,49686,82810,48400000,48400000
3,121,48400000,48400100,49686,82810,48800000,48800000
3,122,48800000,48800100,49686,82810,49200000,49200000
3,123,49200000,49200100,49686,82810,49600000,49600000
3,124,49600000,49600100,49686,82810,50000000,50000000
3,125,50000000,50000100,49686,82810,50400000,50400000
3,126,50400000,50400100,49686,82810,50800000,50800000
3,127,50800000,50800100,49686,82810,51200000,51200000
3,128,51200000,51200100,49686,82810,51600000,51600000
3,129,51600000,51600100,49686,82810,52000000,52000000
3,130,52000000,52000100,49686,82810,52400000,52400000
3,131,52400000,52400100,49686,82810,52800000,52800000
3,132,52800000,52800100,49686,82810,53200000,53200000
3,133,53200000,53200100,49686,82810,53600000,53600000
3,134,53600000,53600100,49686,82810,54000000,54000000
3,135,54000000,54000100,49686,82810,54400000,54400000
3,136,54400000,54400100,49686,82810,54800000,54800000
3,137,54800000,54800100,49686,82810,55200000,55200000
3,138,55200000,55200100,49686,82810,55600000,55600000
3,139,55600000,55600100,49686,82810,56000000,56000000
3,140,56000000,56000100,49686,82810,56400000,56400000
3,141,56400000,56400100,49686,82810,56800000,56800000
3,142,56800000,56800100,49686,82810,57200000,57200000
3,143,57200000,57200100,49686,82810,57600000,57600000
3,144,57600000,57600100,49686,82810,58000000,58000000
3,145,58000000,58000100,49686,82810,58400000,58400000
3,146,58400000,58400100,49686,82810,58800000,58800000
3,147,58800000,58800100,49686,82810,59200000,59200000
3,148,59200000,59200100,49686,82810,59600000,59600000
3,149,59600000,59600100,49686,82810,60000000,60000000
3,150,60000000,60000100,49686,82810,60400000,60400000
3,151,60400000,60400100,49686,82810,60800000,60800000
3,152,60800000,60800100,49686,82810,61200000,61200000
3,153,61200000,61200100,49686,82810,61600000,61600000
3,154,61600000,61600100,49686,82810,62000000,62000000
3,155,62000000,62000100,49686,82810,62400000,62400000
3,156,62400000,62400100,49686,82810,62800000,62800000
3,157,62800000,62800100,49686,82810,63200000,63200000
3,158,63200000,63200100,49686,82810,63600000,63600000
3,159,63600000,63600100,49686,82810,64000000,64000000
3,160,64000000,64000100,49686,82810,64400000,64400000
3,161,64400000,64400100,49686,82810,64800000,64800000
3,162,64800000,64800100,49686,82810,65200000,65200000
3,163,65200000,65200100,49686,82810,65600000,65600000
3,164,65600000,65600100,49686,82810,66000000,66000000
3,165,66000000,66000100,49686,82810,66400000,66400000
3,166,66400000,66400100,49686,82810,66800000,66800000
3,167,66800000,66800100,49686,82810,67200000,67200000
3,168,67200000,67200100,49686,82810,67600000,67600000
3,169,67600000,67600100,49686,82810,68000000,68000000
3,170,68000000,68000100,49686,82810,68400000,68400000
3,171,68400000,68400100,49686,82810,68800000,68800000
3,172,68800000,68800100,49686,82810,69200000,69200000
3,173,69200000,69200100,49686,82810,69600000,69600000
3,174,69600000,69600100,49686,82810,70000000,70000000
3,175,70000000,70000100,49686,82810,70400000,70400000
3,176,70400000,70400100,49686,82810,70800000,70800000
3,177,70800000,70800100,49686,82810,71200000,71200000
3,178,71200000,71200100,49686,82810,71600000,71600000
3,179,71600000,71600100,49686,82810,72000000,72000000
3,180,72000000,72000100,49686,82810,72400000,72400000
3,181,72400000,72400100,49686,82810,72800000,72800000
3,182,72800000,72800100,49686,82810,73200000,73200000
3,183,73200000,73200100,49686,82810,73600000,73600000
3,184,73600000,73600100,49686,82810,74000000,74000000
3,185,74000000,74000100,49686,82810,74400000,74400000
3,186,74400000,74400100,49686,82810,74800000,74800000
3,187,74800000,74800100,49686,82810,75200000,75200000
3,188,75200000,75200100,49686,82810,75600000,75600000
3,189,75600000,75600100,49686,82810,76000000,76000000
3,190,76000000,76000100,49686,82810,76400000,76400000
3,191,76400000,76400100,49686,82810,76800000,76800000
3,192,76800000,76800100,49686,82810,77200000,77200000
3,193,77200000,77200100,49686,82810,77600000,77600000
3,194,77600000,77600100,49686,82810,78000000,78000000
3,195,78000000,78000100,49686,82810,78400000,78400000
3,196,78400000,78400100,49686,82810,78800000,78800000
3,197,78800000,78800100,49686,82810,79200000,79200000
3,198,79200000,79200100,49686,82810,79600000,79600000
3,199,79600000,79600100,49686,82810,80000000,80000000
3,200,80000000,80000100,49686,82810,80400000,80400000
3,201,80400000,80400100,49686,82810,80800000,80800000
3,202,80800000,80800100,49686,82810,81200000,81200000
3,203,81200000,81200100,49686,82810,81600000,81600000
3,204,81600000,81600100,49686,82810,82000000,82000000
3,205,82000000,82000100,49686,82810,82400000,82400000
3,206,82400000,82400100,49686,82810,82800000,82800000
3,207,82800000,82800100,49686,82810,83200000,83200000
3,208,83200000,83200100,49686,82810,83600000,83600000
3,209,83600000,83600100,49686,82810,84000000,84000000
3,210,84000000,84000100,49686,82810,84400000,84400000
3,211,84400000,84400100,49686,82810,84800000,84800000
3,212,84800000,84800100,49686,82810,85200000,85200000
3,213,85200000,85200100,49686,82810,85600000,85600000
3,214,85600000,85600100,49686,82810,86000000,86000000
3,215,86000000,86000100,49686,82810,86400000,86400000
3,216,86400000,86400100,49686,82810,86800000,86800000
3,217,86800000,86800100,49686,82810,87200000,87200000
3,218,87200000,87200100,49686,82810,87600000,87600000
3,219,87600000,87600100,49686,82810,88000000,88000000
3,220,88000000,88000100,49686,82810,88400000,88400000
3,221,88400000,88400100,49686,82810,88800000,88800000
3,222,88800000,88800100,49686,82810,89200000,89200000
3,223,89200000,89200100,49686,82810,89600000,89600000
3,224,89600000,89600100,49686,82810,90000000,90000000
3,225,90000000,90000100,49686,82810,90400000,90400000
3,226,90400000,90400100,49686,82810,90800000,90800000
3,227,90800000,90800100,49686,82810,91200000,91200000
3,228,91200000,91200100,49686,82810,91600000,91600000
3,229,91600000,91600100,49686,82810,92000000,92000000
3,230,92000000,92000100,49686,82810,92400000,92400000
3,231,92400000,92400100,49686,82810,92800000,92800000
3,232,92800000,92800100,49686,82810,93200000,93200000
3,233,93200000,93200100,49686,82810,93600000,93600000
3,234,93600000,93600100,49686,82810,94000000,94000000
3,235,94000000,94000100,49686,82810,94400000,94400000
3,236,94400000,94400100,49686,82810,94800000,94800000
3,237,94800000,94800100,49686,82810,95200000,95200000
3,238,95200000,95200100,49686,82810,95600000,95600000
3,239,95600000,95600100,49686,82810,96000000,96000000
3,240,96000000,96000100,49686,82810,96400000,96400000
3,241,96400000,96400100,49686,82810,96800000,96800000
3,242,96800000,96800100,49686,82810,97200000,97200000
3,243,97200000,97200100,49686,82810,97600000,97600000
3,244,97600000,97600100,49686,82810,98000000,98000000
3,245,98000000,98000100,49686,82810,98400000,98400000
3,246,98400000,98400100,49686,82810,98800000,98800000
3,247,98800000,98800100,49686,82810,99200000,99200000
3,248,99200000,99200100,49686,82810,99600000,99600000
3,249,99600000,99600100,49686,82810,100000000,100000000
3,250,100000000,100000100,49686,82810,100400000,100400000
3,251,100400000,100400100,49686,82810,100800000,100800000
3,252,100800000,100800100,49686,82810,101200000,101200000
3,253,101200000,101200100,49686,82810,101600000,101600000
3,254,101600000,101600100,49686,82810,102000000,102000000
3,255,102000000,102000100,49686,82810,102400000,102400000
3,256,102400000,102400100,49686,82810,102800000,102800000
3,257,102800000,102800100,49686,82810,103200000,103200000
3,258,103200000,103200100,49686,82810,103600000,103600000
3,259,103600000,103600100,49686,82810,104000000,104000000
3,260,104000000,104000100,49686,82810,104400000,104400000
3,261,104400000,104400100,49686,82810,104800000,104800000
3,262,104800000,104800100,49686,82810,105200000,105200000
3,263,105200000,105200100,49686,82810,105600000,105600000
3,264,105600000,105600100,49686,82810,106000000,106000000
3,265,106000000,106000100,49686,82810,106400000,106400000
3,266,106400000,106400100,49686,82810,106800000,106800000
3,267,106800000,106800100,49686,82810,107200000,107200000
3,268,107200000,107200100,49686,82810,107600000,107600000
3,269,107600000,107600100,49686,82810,108000000,108000000
3,270,108000000,108000100,49686,82810,108400000,108400000
3,271,108400000,108400100,49686,82810,108800000,108800000
3,272,108800000,108800100,49686,82810,109200000,109200000
3,273,109200000,109200100,49686,82810,109600000,109600000
3,274,109600000,109600100,49686,82810,110000000,110000000
3,275,110000000,110000100,49686,82810,110400000,110400000
3,276,110400000,110400100,49686,82810,110800000,110800000
3,277,110800000,110800100,49686,82810,111200000,111200000
3,278,111200000,111200100,49686,82810,111600000,111600000
3,279,111600000,111600100,49686,82810,112000000,112000000
3,280,112000000,112000100,49686,82810,112400000,112400000
3,281,112400000,112400100,49686,82810,112800000,112800000
3,282,112800000,112800100,49686,82810,113200000,113200000
3,283,113200000,113200100,49686,82810,113600000,113600000
3,284,113600000,113600100,49686,82810,114000000,114000000
3,285,114000000,114000100,49686,82810,114400000,114400000
3,286,114400000,114400100,49686,82810,114800000,114800000
3,287,114800000,114800100,49686,82810,115200000,115200000
3,288,115200000,115200100,49686,82810,115600000,115600000
3,289,115600000,115600100,49686,82810,116000000,116000000
3,290,116000000,116000100,49686,82810,116400000,116400000
3,291,116400000,116400100,49686,82810,116800000,116800000
3,292,116800000,116800100,49686,82810,117200000,117200000
3,293,117200000,117200100,49686,82810,117600000,117600000
3,294,117600000,117600100,49686,82810,118000000,118000000
3,295,118000000,118000100,49686,82810,118400000,118400000
3,296,118400000,118400100,49686,82810,118800000,118800000
3,297,118800000,118800100,49686,82810,119200000,119200000
3,298,119200000,119200100,49686,82810,119600000,119600000
3,299,119600000,119600100,49686,82810,120000000,120000000
3,300,120000000,120000100,49686,82810,120400000,120400000
3,301,120400000,120400100,49686,82810,120800000,120800000
3,302,120800000,120800100,49686,82810,121200000,121200000
3,303,121200000,121200100,49686,82810,121600000,121600000
3,304,121600000,121600100,49686,82810,122000000,122000000
3,305,122000000,122000100,49686,82810,122400000,122400000
3,306,122400000,122400100,49686,82810,122800000,122800000
3,307,122800000,122800100,49686,82810,123200000,123200000
3,308,123200000,123200100,49686,82810,123600000,123600000
3,309,123600000,123600100,49686,82810,124000000,124000000
3,310,124000000,124000100,49686,82810,124400000,124400000
3,311,124400000,124400100,49686,82810,124800000,124800000
3,312,124800000,124800100,49686,82810,125200000,125200000
3,313,125200000,125200100,49686,82810,125600000,125600000
3,314,125600000,125600100,49686,82810,126000000,126000000
4,0,0,100,38939,64899,450000,450000
4,1,450000,450100,38939,64899,900000,900000
4,2,900000,900100,38939,64899,1350000,1350000
4,3,1350000,1350100,38939,64899,1800000,1800000
4,4,1800000,1800100,38939,64899,2250000,2250000
4,5,2250000,2250100,38939,64899,2700000,2700000
4,6,2700000,2700100,38939,64899,3150000,3150000
4,7,3150000,3150100,38939,64899,3600000,3600000
4,8,3600000,3600100,38939,64899,4050000,4050000
4,9,4050000,4050100,38939,64899,4500000,4500000
4,10,4500000,4500100,38939,64899,4950000,4950000
4,11,4950000,4950100,38939,64899,5400000,5400000
4,12,5400000,5400100,38939,64899,5850000,5850000
4,13,5850000,5850100,38939,64899,6300000,6300000
4,14,6300000,6300100,38939,64899,6750000,6750000
4,15,6750000,6750100,38939,64899,7200000,7200000
4,16,7200000,7200100,38939,64899,7650000,7650000
4,17,7650000,7650100,38939,64899,8100000,8100000
4,18,8100000,8100100,38939,64899,8550000,8550000
4,19,8550000,8550100,38939,64899,9000000,9000000
4,20,9000000,9000100,38939,64899,9450000,9450000
4,21,9450000,9450100,38939,64899,9900000,9900000
4,22,9900000,9900100,38939,64899,10350000,10350000
4,23,10350000,10350100,38939,64899,10800000,10800000
4,24,10800000,10800100,38939,64899,11250000,11250000
4,25,11250000,11250100,38939,64899,11700000,11700000
4,26,11700000,11700100,38939,64899,12150000,12150000
4,27,12150000,12150100,38939,64899,12600000,12600000
4,28,12600000,12600100,38939,64899,13050000,13050000
4,29,13050000,13050100,38939,64899,13500000,13500000
4,30,13500000,13500100,38939,64899,13950000,13950000
4,31,13950000,13950100,38939,64899,14400000,14400000
4,32,14400000,14400100,38939,64899,14850000,14850000
4,33,14850000,14850100,38939,64899,15300000,15300000
4,34,15300000,15300100,38939,64899,15750000,15750000
4,35,15750000,15750100,38939,64899,16200000,16200000
4,36,16200000,16200100,38939,64899,16650000,16650000
4,37,16650000,16650100,38939,64899,17100000,17100000
4,38,17100000,17100100,38939,64899,17550000,17550000
4,39,17550000,17550100,38939,64899,18000000,18000000
4,40,18000000,18000100,38939,64899,18450000,18450000
4,41,18450000,18450100,38939,64899,18900000,18900000
4,42,18900000,18900100,38939,64899,19350000,19350000
4,43,19350000,19350100,38939,64899,19800000,19800000
4,44,19800000,19800100,38939,64899,20250000,20250000
4,45,20250000,20250100,38939,64899,20700000,20700000
4,46,20700000,20700100,38939,64899,21150000,21150000
4,47,21150000,21150100,38939,64899,21600000,21600000
4,48,21600000,21600100,38939,64899,22050000,22050000
4,49,22050000,22050100,38939,64899,22500000,22500000
4,50,22500000,22500100,38939,64899,22950000,22950000
4,51,22950000,22950100,38939,64899,23400000,23400000
4,52,23400000,23400100,38939,64899,23850000,23850000
4,53,23850000,23850100,38939,64899,24300000,24300000
4,54,24300000,24300100,38939,64899,24750000,24750000
4,55,24750000,24750100,38939,64899,25200000,25200000
4,56,25200000,25200100,38939,64899,25650000,25650000
4,57,25650000,25650100,38939,64899,26100000,26100000
4,58,26100000,26100100,38939,64899,26550000,26550000
4,59,26550000,26550100,38939,64899,27000000,27000000
4,60,27000000,27000100,38939,64899,27450000,27450000
4,61,27450000,27450100,38939,64899,27900000,27900000
4,62,27900000,27900100,38939,64899,28350000,28350000
4,63,28350000,28350100,38939,64899,28800000,28800000
4,64,28800000,28800100,38939,64899,29250000,29250000
4,65,29250000,29250100,38939,64899,29700000,29700000
4,66,29700000,29700100,38939,64899,30150000,30150000
4,67,30150000,30150100,38939,64899,30600000,30600000
4,68,30600000,30600100,38939,64899,31050000,31050000
4,69,31050000,31050100,38939,64899,31500000,31500000
4,70,31500000,31500100,38939,64899,31950000,31950000
4,71,31950000,31950100,38939,64899,32400000,32400000
4,72,32400000,32400100,38939,64899,32850000,32850000
4,73,32850000,32850100,38939,64899,33300000,33300000
4,74,33300000,33300100,38939,64899,33750000,33750000
4,75,33750000,33750100,38939,64899,34200000,34200000
4,76,34200000,34200100,38939,64899,34650000,34650000
4,77,34650000,34650100,38939,64899,35100000,35100000
4,78,35100000,35100100,38939,64899,35550000,35550000
4,79,35550000,35550100,38939,64899,36000000,36000000
4,80,36000000,36000100,38939,64899,36450000,36450000
4,81,36450000,36450100,38939,64899,36900000,36900000
4,82,36900000,36900100,38939,64899,37350000,37350000
4,83,37350000,37350100,38939,64899,37800000,37800000
4,84,37800000,37800100,38939,64899,38250000,38250000
4,85,38250000,38250100,38939,64899,38700000,38700000
4,86,38700000,38700100,38939,64899,39150000,39150000
4,87,39150000,39150100,38939,64899,39600000,39600000
4,88,39600000,39600100,38939,64899,40050000,40050000
4,89,40050000,40050100,38939,64899,40500000,40500000
4,90,40500000,40500100,38939,64899,40950000,40950000
4,91,40950000,40950100,38939,64899,41400000,41400000
4,92,41400000,41400100,38939,64899,41850000,41850000
4,93,41850000,41850100,38939,64899,42300000,42300000
4,94,42300000,42300100,38939,64899,42750000,42750000
4,95,42750000,42750100,38939,64899,43200000,43200000
4,96,43200000,43200100,38939,64899,43650000,43650000
4,97,43650000,43650100,38939,64899,44100000,44100000
4,98,44100000,44100100,38939,64899,44550000,44550000
4,99,44550000,44550100,38939,64899,45000000,45000000
4,100,45000000,45000100,38939,64899,45450000,45450000
4,101,45450000,45450100,38939,64899,45900000,45900000
4,102,45900000,45900100,38939,64899,46350000,46350000
4,103,46350000,46350100,38939,64899,46800000,46800000
4,104,46800000,46800100,38939,64899,47250000,47250000
4,105,47250000,47250100,38939,64899,47700000,47700000
4,106,47700000,47700100,38939,64899,48150000,48150000
4,107,48150000,48150100,38939,64899,48600000,48600000
4,108,48600000,48600100,38939,64899,49050000,49050000
4,109,49050000,49050100,38939,64899,49500000,49500000
4,110,49500000,49500100,38939,64899,49950000,49950000
4,111,49950000,49950100,38939,64899,50400000,50400000
4,112,50400000,50400100,38939,64899,50850000,50850000
4,113,50850000,50850100,38939,64899,51300000,51300000
4,114,51300000,51300100,38939,64899,51750000,51750000
4,115,51750000,51750100,38939,64899,52200000,52200000
4,116,52200000,52200100,38939,64899,52650000,52650000
4,117,52650000,52650100,38939,64899,53100000,53100000
4,118,53100000,53100100,38939,64899,53550000,53550000
4,119,53550000,53550100,38939,64899,54000000,54000000
4,120,54000000,54000100,38939,64899,54450000,54450000
4,121,54450000,54450100,38939,64899,54900000,54900000
4,122,54900000,54900100,38939,64899,55350000,55350000
4,123,55350000,55350100,38939,64899,55800000,55800000
4,124,55800000,55800100,38939,64899,56250000,56250000
4,125,56250000,56250100,38939,64899,56700000,56700000
4,126,56700000,56700100,38939,64899,57150000,57150000
4,127,57150000,57150100,38939,64899,57600000,57600000
4,128,57600000,57600100,38939,64899,58050000,58050000
4,129,58050000,58050100,38939,64899,58500000,58500000
4,130,58500000,58500100,38939,64899,58950000,58950000
4,131,58950000,58950100,38939,64899,59400000,59400000
4,132,59400000,59400100,38939,64899,59850000,59850000
4,133,59850000,59850100,38939,64899,60300000,60300000
4,134,60300000,60300100,38939,64899,60750000,60750000
4,135,60750000,60750100,38939,64899,61200000,61200000
4,136,61200000,61200100,38939,64899,61650000,61650000
4,137,61650000,61650100,38939,64899,62100000,62100000
4,138,62100000,62100100,38939,64899,62550000,62550000
4,139,62550000,62550100,38939,64899,63000000,63000000
4,140,63000000,63000100,38939,64899,63450000,63450000
4,141,63450000,63450100,38939,64899,63900000,63900000
4,142,63900000,63900100,38939,64899,64350000,64350000
4,143,64350000,64350100,38939,64899,64800000,64800000
4,144,64800000,64800100,38939,64899,65250000,65250000
4,145,65250000,65250100,38939,64899,65700000,65700000
4,146,65700000,65700100,38939,64899,66150000,66150000
4,147,66150000,66150100,38939,64899,66600000,66600000
4,148,66600000,66600100,38939,64899,67050000,67050000
4,149,67050000,67050100,38939,64899,67500000,67500000
4,150,67500000,67500100,38939,64899,67950000,67950000
4,151,67950000,67950100,38939,64899,68400000,68400000
4,152,68400000,68400100,38939,64899,68850000,68850000
4,153,68850000,68850100,38939,64899,69300000,69300000
4,154,69300000,69300100,38939,64899,69750000,69750000
4,155,69750000,69750100,38939,64899,70200000,70200000
4,156,70200000,70200100,38939,64899,70650000,70650000
4,157,70650000,70650100,38939,64899,71100000,71100000
4,158,71100000,71100100,38939,64899,71550000,71550000
4,159,71550000,71550100,38939,64899,72000000,72000000
4,160,72000000,72000100,38939,64899,72450000,72450000
4,161,72450000,72450100,38939,64899,72900000,72900000
4,162,72900000,72900100,38939,64899,73350000,73350000
4,163,73350000,73350100,38939,64899,73800000,73800000
4,164,73800000,73800100,38939,64899,74250000,74250000
4,165,74250000,74250100,38939,64899,74700000,74700000
4,166,74700000,74700100,38939,64899,75150000,75150000
4,167,75150000,75150100,38939,64899,75600000,75600000
4,168,75600000,75600100,38939,64899,76050000,76050000
4,169,76050000,76050100,38939,64899,76500000,76500000
4,170,76500000,76500100,38939,64899,76950000,76950000
4,171,76950000,76950100,38939,64899,77400000,77400000
4,172,77400000,77400100,38939,64899,77850000,77850000
4,173,77850000,77850100,38939,64899,78300000,78300000
4,174,78300000,78300100,38939,64899,78750000,78750000
4,175,78750000,78750100,38939,64899,79200000,79200000
4,176,79200000,79200100,38939,64899,79650000,79650000
4,177,79650000,79650100,38939,64899,80100000,80100000
4,178,80100000,80100100,38939,64899,80550000,80550000
4,179,80550000,80550100,38939,64899,81000000,81000000
4,180,81000000,81000100,38939,64899,81450000,81450000
4,181,81450000,81450100,38939,64899,81900000,81900000
4,182,81900000,81900100,38939,64899,82350000,82350000
4,183,82350000,82350100,38939,64899,82800000,82800000
4,184,82800000,82800100,38939,64899,83250000,83250000
4,185,83250000,83250100,38939,64899,83700000,83700000
4,186,83700000,83700100,38939,64899,84150000,84150000
4,187,84150000,84150100,38939,64899,84600000,84600000
4,188,84600000,84600100,38939,64899,85050000,85050000
4,189,85050000,85050100,38939,64899,85500000,85500000
4,190,85500000,85500100,38939,64899,85950000,85950000
4,191,85950000,85950100,38939,64899,86400000,86400000
4,192,86400000,86400100,38939,64899,86850000,86850000
4,193,86850000,86850100,38939,64899,87300000,87300000
4,194,87300000,87300100,38939,64899,87750000,87750000
4,195,87750000,87750100,38939,64899,88200000,88200000
4,196,88200000,88200100,38939,64899,88650000,88650000
4,197,88650000,88650100,38939,64899,89100000,89100000
4,198,89100000,89100100,38939,64899,89550000,89550000
4,199,89550000,89550100,38939,64899,90000000,90000000
4,200,90000000,90000100,38939,64899,90450000,90450000
4,201,90450000,90450100,38939,64899,90900000,90900000
4,202,90900000,90900100,38939,64899,91350000,91350000
4,203,91350000,91350100,38939,64899,91800000,91800000
4,204,91800000,91800100,38939,64899,92250000,92250000
4,205,92250000,92250100,38939,64899,92700000,92700000
4,206,92700000,92700100,38939,64899,93150000,93150000
4,207,93150000,93150100,38939,64899,93600000,93600000
4,208,93600000,93600100,38939,64899,94050000,94050000
4,209,94050000,94050100,38939,64899,94500000,94500000
4,210,94500000,94500100,38939,64899,94950000,94950000
4,211,94950000,94950100,38939,64899,95400000,95400000
4,212,95400000,95400100,38939,64899,95850000,95850000
4,213,95850000,95850100,38939,64899,96300000,96300000
4,214,96300000,96300100,38939,64899,96750000,96750000
4,215,96750000,96750100,38939,64899,97200000,97200000
4,216,97200000,97200100,38939,64899,97650000,97650000
4,217,97650000,97650100,38939,64899,98100000,98100000
4,218,98100000,98100100,38939,64899,98550000,98550000
4,219,98550000,98550100,38939,64899,99000000,99000000
4,220,99000000,99000100,38939,64899,99450000,99450000
4,221,99450000,99450100,38939,64899,99900000,99900000
4,222,99900000,99900100,38939,64899,100350000,100350000
4,223,100350000,100350100,38939,64899,100800000,100800000
4,224,100800000,100800100,38939,64899,101250000,101250000
4,225,101250000,101250100,38939,64899,101700000,101700000
4,226,101700000,101700100,38939,64899,102150000,102150000
4,227,102150000,102150100,38939,64899,102600000,102600000
4,228,102600000,102600100,38939,64899,103050000,103050000
4,229,103050000,103050100,38939,64899,103500000,103500000
4,230,103500000,103500100,38939,64899,103950000,103950000
4,231,103950000,103950100,38939,64899,104400000,104400000
4,232,104400000,104400100,38939,64899,104850000,104850000
4,233,104850000,104850100,38939,64899,105300000,105300000
4,234,105300000,105300100,38939,64899,105750000,105750000
4,235,105750000,105750100,38939,64899,106200000,106200000
4,236,106200000,106200100,38939,64899,106650000,106650000
4,237,106650000,106650100,38939,64899,107100000,107100000
4,238,107100000,107100100,38939,64899,107550000,107550000
4,239,107550000,107550100,38939,64899,108000000,108000000
4,240,108000000,108000100,38939,64899,108450000,108450000
4,241,108450000,108450100,38939,64899,108900000,108900000
4,242,108900000,108900100,38939,64899,109350000,109350000
4,243,109350000,109350100,38939,64899,109800000,109800000
4,244,109800000,109800100,38939,64899,110250000,110250000
4,245,110250000,110250100,38939,64899,110700000,110700000
4,246,110700000,110700100,38939,64899,111150000,111150000
4,247,111150000,111150100,38939,64899,111600000,111600000
4,248,111600000,111600100,38939,64899,112050000,112050000
4,249,112050000,112050100,38939,64899,112500000,112500000
4,250,112500000,112500100,38939,64899,112950000,112950000
4,251,112950000,112950100,38939,64899,113400000,113400000
4,252,113400000,113400100,38939,64899,113850000,113850000
4,253,113850000,113850100,38939,64899,114300000,114300000
4,254,114300000,114300100,38939,64899,114750000,114750000
4,255,114750000,114750100,38939,64899,115200000,115200000
4,256,115200000,115200100,38939,64899,115650000,115650000
4,257,115650000,115650100,38939,64899,116100000,116100000
4,258,116100000,116100100,38939,64899,116550000,116550000
4,259,116550000,116550100,38939,64899,117000000,117000000
4,260,117000000,117000100,38939,64899,117450000,117450000
4,261,117450000,117450100,38939,64899,117900000,117900000
4,262,117900000,117900100,38939,64899,118350000,118350000
4,263,118350000,118350100,38939,64899,118800000,118800000
4,264,118800000,118800100,38939,64899,119250000,119250000
4,265,119250000,119250100,38939,64899,119700000,119700000
4,266,119700000,119700100,38939,64899,120150000,120150000
4,267,120150000,120150100,38939,64899,120600000,120600000
4,268,120600000,120600100,38939,64899,121050000,121050000
4,269,121050000,121050100,38939,64899,121500000,121500000
4,270,121500000,121500100,38939,64899,121950000,121950000
4,271,121950000,121950100,38939,64899,122400000,122400000
4,272,122400000,122400100,38939,64899,122850000,122850000
4,273,122850000,122850100,38939,64899,123300000,123300000
4,274,123300000,123300100,38939,64899,123750000,123750000
4,275,123750000,123750100,38939,64899,124200000,124200000
4,276,124200000,124200100,38939,64899,124650000,124650000
4,277,124650000,124650100,38939,64899,125100000,125100000
4,278,125100000,125100100,38939,64899,125550000,125550000
4,279,125550000,125550100,38939,64899,126000000,126000000
5,0,0,100,79730,132884,500000,500000
5,1,500000,500100,79730,132884,1000000,1000000
5,2,1000000,1000100,79730,132884,1500000,1500000
5,3,1500000,1500100,79730,132884,2000000,2000000
5,4,2000000,2000100,79730,132884,2500000,2500000
5,5,2500000,2500100,79730,132884,3000000,3000000
5,6,3000000,3000100,79730,132884,3500000,3500000
5,7,3500000,3500100,79730,132884,4000000,4000000
5,8,4000000,4000100,79730,132884,4500000,4500000
5,9,4500000,4500100,79730,132884,5000000,5000000
5,10,5000000,5000100,79730,132884,5500000,5500000
5,11,5500000,5500100,79730,132884,6000000,6000000
5,12,6000000,6000100,79730,132884,6500000,6500000
5,13,6500000,6500100,79730,132884,7000000,7000000
5,14,7000000,7000100,79730,132884,7500000,7500000
5,15,7500000,7500100,79730,132884,8000000,8000000
5,16,8000000,8000100,79730,132884,8500000,8500000
5,17,8500000,8500100,79730,132884,9000000,9000000
5,18,9000000,9000100,79730,132884,9500000,9500000
5,19,9500000,9500100,79730,132884,10000000,10000000
5,20,10000000,10000100,79730,132884,10500000,10500000
5,21,10500000,10500100,79730,132884,11000000,11000000
5,22,11000000,11000100,79730,132884,11500000,11500000
5,23,11500000,11500100,79730,132884,12000000,12000000
5,24,12000000,12000100,79730,132884,12500000,12500000
5,25,12500000,12500100,79730,132884,13000000,13000000
5,26,13000000,13000100,79730,132884,13500000,13500000
5,27,13500000,13500100,79730,132884,14000000,14000000
5,28,14000000,14000100,79730,132884,14500000,14500000
5,29,14500000,14500100,79730,132884,15000000,15000000
5,30,15000000,15000100,79730,132884,15500000,15500000
5,31,15500000,15500100,79730,132884,16000000,16000000
5,32,16000000,16000100,79730,132884,16500000,16500000
5,33,16500000,16500100,79730,132884,17000000,17000000
5,34,17000000,17000100,79730,132884,17500000,17500000
5,35,17500000,17500100,79730,132884,18000000,18000000
5,36,18000000,18000100,79730,132884,18500000,18500000
5,37,18500000,18500100,79730,132884,19000000,19000000
5,38,19000000,19000100,79730,132884,19500000,19500000
5,39,19500000,19500100,79730,132884,20000000,20000000
5,40,20000000,20000100,79730,132884,20500000,20500000
5,41,20500000,20500100,79730,132884,21000000,21000000
5,42,21000000,21000100,79730,132884,21500000,21500000
5,43,21500000,21500100,79730,132884,22000000,22000000
5,44,22000000,22000100,79730,132884,22500000,22500000
5,45,22500000,22500100,79730,132884,23000000,23000000
5,46,23000000,23000100,79730,132884,23500000,23500000
5,47,23500000,23500100,79730,132884,24000000,24000000
5,48,24000000,24000100,79730,132884,24500000,24500000
5,49,24500000,24500100,79730,132884,25000000,25000000
5,50,25000000,25000100,79730,132884,25500000,25500000
5,51,25500000,25500100,79730,132884,26000000,26000000
5,52,26000000,26000100,79730,132884,26500000,26500000
5,53,26500000,26500100,79730,132884,27000000,27000000
5,54,27000000,27000100,79730,132884,27500000,27500000
5,55,27500000,27500100,79730,132884,28000000,28000000
5,56,28000000,28000100,79730,132884,28500000,28500000
5,57,28500000,28500100,79730,132884,29000000,29000000
5,58,29000000,29000100,79730,132884,29500000,29500000
5,59,29500000,29500100,79730,132884,30000000,30000000
5,60,30000000,30000100,79730,132884,30500000,30500000
5,61,30500000,30500100,79730,132884,31000000,31000000
5,62,31000000,31000100,79730,132884,31500000,31500000
5,63,31500000,31500100,79730,132884,32000000,32000000
5,64,32000000,32000100,79730,132884,32500000,32500000
5,65,32500000,32500100,79730,132884,33000000,33000000
5,66,33000000,33000100,79730,132884,33500000,33500000
5,67,33500000,33500100,79730,132884,34000000,34000000
5,68,34000000,34000100,79730,132884,34500000,34500000
5,69,34500000,34500100,79730,132884,35000000,35000000
5,70,35000000,35000100,79730,132884,35500000,35500000
5,71,35500000,35500100,79730,132884,36000000,36000000
5,72,36000000,36000100,79730,132884,36500000,36500000
5,73,36500000,36500100,79730,132884,37000000,37000000
5,74,37000000,37000100,79730,132884,37500000,37500000
5,75,37500000,37500100,79730,132884,38000000,38000000
5,76,38000000,38000100,79730,132884,38500000,38500000
5,77,38500000,38500100,79730,132884,39000000,39000000
5,78,39000000,39000100,79730,132884,39500000,39500000
5,79,39500000,39500100,79730,132884,40000000,40000000
5,80,40000000,40000100,79730,132884,40500000,40500000
5,81,40500000,40500100,79730,132884,41000000,41000000
5,82,41000000,41000100,79730,132884,41500000,41500000
5,83,41500000,41500100,79730,132884,42000000,42000000
5,84,42000000,42000100,79730,132884,42500000,42500000
5,85,42500000,42500100,79730,132884,43000000,43000000
5,86,43000000,43000100,79730,132884,43500000,43500000
5,87,43500000,43500100,79730,132884,44000000,44000000
5,88,44000000,44000100,79730,132884,44500000,44500000
5,89,44500000,44500100,79730,132884,45000000,45000000
5,90,45000000,45000100,79730,132884,45500000,45500000
5,91,45500000,45500100,79730,132884,46000000,46000000
5,92,46000000,46000100,79730,132884,46500000,46500000
5,93,46500000,46500100,79730,132884,47000000,47000000
5,94,47000000,47000100,79730,132884,47500000,47500000
5,95,47500000,47500100,79730,132884,48000000,48000000
5,96,48000000,48000100,79730,132884,48500000,48500000
5,97,48500000,48500100,79730,132884,49000000,49000000
5,98,49000000,49000100,79730,132884,49500000,49500000
5,99,49500000,49500100,79730,132884,50000000,50000000
5,100,50000000,50000100,79730,132884,50500000,50500000
5,101,50500000,50500100,79730,132884,51000000,51000000
5,102,51000000,51000100,79730,132884,51500000,51500000
5,103,51500000,51500100,79730,132884,52000000,52000000
5,104,52000000,52000100,79730,132884,52500000,52500000
5,105,52500000,52500100,79730,132884,53000000,53000000
5,106,53000000,53000100,79730,132884,53500000,53500000
5,107,53500000,53500100,79730,132884,54000000,54000000
5,108,54000000,54000100,79730,132884,54500000,54500000
5,109,54500000,54500100,79730,132884,55000000,55000000
5,110,55000000,55000100,79730,132884,55500000,55500000
5,111,55500000,55500100,79730,132884,56000000,56000000
5,112,56000000,56000100,79730,132884,56500000,56500000
5,113,56500000,56500100,79730,132884,57000000,57000000
5,114,57000000,57000100,79730,132884,57500000,57500000
5,115,57500000,57500100,79730,132884,58000000,58000000
5,116,58000000,58000100,79730,132884,58500000,58500000
5,117,58500000,58500100,79730,132884,59000000,59000000
5,118,59000000,59000100,79730,132884,59500000,59500000
5,119,59500000,59500100,79730,132884,60000000,60000000
5,120,60000000,60000100,79730,132884,60500000,60500000
5,121,60500000,60500100,79730,132884,61000000,61000000
5,122,61000000,61000100,79730,132884,61500000,61500000
5,123,61500000,61500100,79730,132884,62000000,62000000
5,124,62000000,62000100,79730,132884,62500000,62500000
5,125,62500000,62500100,79730,132884,63000000,63000000
5,126,63000000,63000100,79730,132884,63500000,63500000
5,127,63500000,63500100,79730,132884,64000000,64000000
5,128,64000000,64000100,79730,132884,64500000,64500000
5,129,64500000,64500100,79730,132884,65000000,65000000
5,130,65000000,65000100,79730,132884,65500000,65500000
5,131,65500000,65500100,79730,132884,66000000,66000000
5,132,66000000,66000100,79730,132884,66500000,66500000
5,133,66500000,66500100,79730,132884,67000000,67000000
5,134,67000000,67000100,79730,132884,67500000,67500000
5,135,67500000,67500100,79730,132884,68000000,68000000
5,136,68000000,68000100,79730,132884,68500000,68500000
5,137,68500000,68500100,79730,132884,69000000,69000000
5,138,69000000,69000100,79730,132884,69500000,69500000
5,139,69500000,69500100,79730,132884,70000000,70000000
5,140,70000000,70000100,79730,132884,70500000,70500000
5,141,70500000,70500100,79730,132884,71000000,71000000
5,142,71000000,71000100,79730,132884,71500000,71500000
5,143,71500000,71500100,79730,132884,72000000,72000000
5,144,72000000,72000100,79730,132884,72500000,72500000
5,145,72500000,72500100,79730,132884,73000000,73000000
5,146,73000000,73000100,79730,132884,73500000,73500000
5,147,73500000,73500100,79730,132884,74000000,74000000
5,148,74000000,74000100,79730,132884,74500000,74500000
5,149,74500000,74500100,79730,132884,75000000,75000000
5,150,75000000,75000100,79730,132884,75500000,75500000
5,151,75500000,75500100,79730,132884,76000000,76000000
5,152,76000000,76000100,79730,132884,76500000,76500000
5,153,76500000,76500100,79730,132884,77000000,77000000
5,154,77000000,77000100,79730,132884,77500000,77500000
5,155,77500000,77500100,79730,132884,78000000,78000000
5,156,78000000,78000100,79730,132884,78500000,78500000
5,157,78500000,78500100,79730,132884,79000000,79000000
5,158,79000000,79000100,79730,132884,79500000,79500000
5,159,79500000,79500100,79730,132884,80000000,80000000
5,160,80000000,80000100,79730,132884,80500000,80500000
5,161,80500000,80500100,79730,132884,81000000,81000000
5,162,81000000,81000100,79730,132884,81500000,81500000
5,163,81500000,81500100,79730,132884,82000000,82000000
5,164,82000000,82000100,79730,132884,82500000,82500000
5,165,82500000,82500100,79730,132884,83000000,83000000
5,166,83000000,83000100,79730,132884,83500000,83500000
5,167,83500000,83500100,79730,132884,84000000,84000000
5,168,84000000,84000100,79730,132884,84500000,84500000
5,169,84500000,84500100,79730,132884,85000000,85000000
5,170,85000000,85000100,79730,132884,85500000,85500000
5,171,85500000,85500100,79730,132884,86000000,86000000
5,172,86000000,86000100,79730,132884,86500000,86500000
5,173,86500000,86500100,79730,132884,87000000,87000000
5,174,87000000,87000100,79730,132884,87500000,87500000
5,175,87500000,87500100,79730,132884,88000000,88000000
5,176,88000000,88000100,79730,132884,88500000,88500000
5,177,88500000,88500100,79730,132884,89000000,89000000
5,178,89000000,89000100,79730,132884,89500000,89500000
5,179,89500000,89500100,79730,132884,90000000,90000000
5,180,90000000,90000100,79730,132884,90500000,90500000
5,181,90500000,90500100,79730,132884,91000000,91000000
5,182,91000000,91000100,79730,132884,91500000,91500000
5,183,91500000,91500100,79730,132884,92000000,92000000
5,184,92000000,92000100,79730,132884,92500000,92500000
5,185,92500000,92500100,79730,132884,93000000,93000000
5,186,93000000,93000100,79730,132884,93500000,93500000
5,187,93500000,93500100,79730,132884,94000000,94000000
5,188,94000000,94000100,79730,132884,94500000,94500000
5,189,94500000,94500100,79730,132884,95000000,95000000
5,190,95000000,95000100,79730,132884,95500000,95500000
5,191,95500000,95500100,79730,132884,96000000,96000000
5,192,96000000,96000100,79730,132884,96500000,96500000
5,193,96500000,96500100,79730,132884,97000000,97000000
5,194,97000000,97000100,79730,132884,97500000,97500000
5,195,97500000,97500100,79730,132884,98000000,98000000
5,196,98000000,98000100,79730,132884,98500000,98500000
5,197,98500000,98500100,79730,132884,99000000,99000000
5,198,99000000,99000100,79730,132884,99500000,99500000
5,199,99500000,99500100,79730,132884,100000000,100000000
5,200,100000000,100000100,79730,132884,100500000,100500000
5,201,100500000,100500100,79730,132884,101000000,101000000
5,202,101000000,101000100,79730,132884,101500000,101500000
5,203,101500000,101500100,79730,132884,102000000,102000000
5,204,102000000,102000100,79730,132884,102500000,102500000
5,205,102500000,102500100,79730,132884,103000000,103000000
5,206,103000000,103000100,79730,132884,103500000,103500000
5,207,103500000,103500100,79730,132884,104000000,104000000
5,208,104000000,104000100,79730,132884,104500000,104500000
5,209,104500000,104500100,79730,132884,105000000,105000000
5,210,105000000,105000100,79730,132884,105500000,105500000
5,211,105500000,105500100,79730,132884,106000000,106000000
5,212,106000000,106000100,79730,132884,106500000,106500000
5,213,106500000,106500100,79730,132884,107000000,107000000
5,214,107000000,107000100,79730,132884,107500000,107500000
5,215,107500000,107500100,79730,132884,108000000,108000000
5,216,108000000,108000100,79730,132884,108500000,108500000
5,217,108500000,108500100,79730,132884,109000000,109000000
5,218,109000000,109000100,79730,132884,109500000,109500000
5,219,109500000,109500100,79730,132884,110000000,110000000
5,220,110000000,110000100,79730,132884,110500000,110500000
5,221,110500000,110500100,79730,132884,111000000,111000000
5,222,111000000,111000100,79730,132884,111500000,111500000
5,223,111500000,111500100,79730,132884,112000000,112000000
5,224,112000000,112000100,79730,132884,112500000,112500000
5,225,112500000,112500100,79730,132884,113000000,113000000
5,226,113000000,113000100,79730,132884,113500000,113500000
5,227,113500000,113500100,79730,132884,114000000,114000000
5,228,114000000,114000100,79730,132884,114500000,114500000
5,229,114500000,114500100,79730,132884,115000000,115000000
5,230,115000000,115000100,79730,132884,115500000,115500000
5,231,115500000,115500100,79730,132884,116000000,116000000
5,232,116000000,116000100,79730,132884,116500000,116500000
5,233,116500000,116500100,79730,132884,117000000,117000000
5,234,117000000,117000100,79730,132884,117500000,117500000
5,235,117500000,117500100,79730,132884,118000000,118000000
5,236,118000000,118000100,79730,132884,118500000,118500000
5,237,118500000,118500100,79730,132884,119000000,119000000
5,238,119000000,119000100,79730,132884,119500000,119500000
5,239,119500000,119500100,79730,132884,120000000,120000000
5,240,120000000,120000100,79730,132884,120500000,120500000
5,241,120500000,120500100,79730,132884,121000000,121000000
5,242,121000000,121000100,79730,132884,121500000,121500000
5,243,121500000,121500100,79730,132884,122000000,122000000
5,244,122000000,122000100,79730,132884,122500000,122500000
5,245,122500000,122500100,79730,132884,123000000,123000000
5,246,123000000,123000100,79730,132884,123500000,123500000
5,247,123500000,123500100,79730,132884,124000000,124000000
5,248,124000000,124000100,79730,132884,124500000,124500000
5,249,124500000,124500100,79730,132884,125000000,125000000
5,250,125000000,125000100,79730,132884,125500000,125500000
5,251,125500000,125500100,79730,132884,126000000,126000000
