Task ID,Job ID,Arrival min,Arrival max,Cost min,Cost max,Deadline,Priority
0,0,0,100,878,8786,150000,150000
0,1,150000,150100,878,8786,300000,300000
0,2,300000,300100,878,8786,450000,450000
0,3,450000,450100,878,8786,600000,600000
0,4,600000,600100,878,8786,750000,750000
0,5,750000,750100,878,8786,900000,900000
0,6,900000,900100,878,8786,1050000,1050000
0,7,1050000,1050100,878,8786,1200000,1200000
0,8,1200000,1200100,878,8786,1350000,1350000
0,9,1350000,1350100,878,8786,1500000,1500000
0,10,1500000,1500100,878,8786,1650000,1650000
0,11,1650000,1650100,878,8786,1800000,1800000
0,12,1800000,1800100,878,8786,1950000,1950000
0,13,1950000,1950100,878,8786,2100000,2100000
0,14,2100000,2100100,878,8786,2250000,2250000
0,15,2250000,2250100,878,8786,2400000,2400000
0,16,2400000,2400100,878,8786,2550000,2550000
0,17,2550000,2550100,878,8786,2700000,2700000
0,18,2700000,2700100,878,8786,2850000,2850000
0,19,2850000,2850100,878,8786,3000000,3000000
0,20,3000000,3000100,878,8786,3150000,3150000
0,21,3150000,3150100,878,8786,3300000,3300000
0,22,3300000,3300100,878,8786,3450000,3450000
0,23,3450000,3450100,878,8786,3600000,3600000
0,24,3600000,3600100,878,8786,3750000,3750000
0,25,3750000,3750100,878,8786,3900000,3900000
0,26,3900000,3900100,878,8786,4050000,4050000
0,27,4050000,4050100,878,8786,4200000,4200000
0,28,4200000,4200100,878,8786,4350000,4350000
0,29,4350000,4350100,878,8786,4500000,4500000
0,30,4500000,4500100,878,8786,4650000,4650000
0,31,4650000,4650100,878,8786,4800000,4800000
0,32,4800000,4800100,878,8786,4950000,4950000
0,33,4950000,4950100,878,8786,5100000,5100000
0,34,5100000,5100100,878,8786,5250000,5250000
0,35,5250000,5250100,878,8786,5400000,5400000
0,36,5400000,5400100,878,8786,5550000,5550000
0,37,5550000,5550100,878,8786,5700000,5700000
0,38,5700000,5700100,878,8786,5850000,5850000
0,39,5850000,5850100,878,8786,6000000,6000000
0,40,6000000,6000100,878,8786,6150000,6150000
0,41,6150000,6150100,878,8786,6300000,6300000
0,42,6300000,6300100,878,8786,6450000,6450000
0,43,6450000,6450100,878,8786,6600000,6600000
0,44,6600000,6600100,878,8786,6750000,6750000
0,45,6750000,6750100,878,8786,6900000,6900000
0,46,6900000,6900100,878,8786,7050000,7050000
0,47,7050000,7050100,878,8786,7200000,7200000
0,48,7200000,7200100,878,8786,7350000,7350000
0,49,7350000,7350100,878,8786,7500000,7500000
0,50,7500000,7500100,878,8786,7650000,7650000
0,51,7650000,7650100,878,8786,7800000,7800000
0,52,7800000,7800100,878,8786,7950000,7950000
0,53,7950000,7950100,878,8786,8100000,8100000
0,54,8100000,8100100,878,8786,8250000,8250000
0,55,8250000,8250100,878,8786,8400000,8400000
0,56,8400000,8400100,878,8786,8550000,8550000
0,57,8550000,8550100,878,8786,8700000,8700000
0,58,8700000,8700100,878,8786,8850000,8850000
0,59,8850000,8850100,878,8786,9000000,9000000
0,60,9000000,9000100,878,8786,9150000,9150000
0,61,9150000,9150100,878,8786,9300000,9300000
0,62,9300000,9300100,878,8786,9450000,9450000
0,63,9450000,9450100,878,8786,9600000,9600000
0,64,9600000,9600100,878,8786,9750000,9750000
0,65,9750000,9750100,878,8786,9900000,9900000
0,66,9900000,9900100,878,8786,10050000,10050000
0,67,10050000,10050100,878,8786,10200000,10200000
0,68,10200000,10200100,878,8786,10350000,10350000
0,69,10350000,10350100,878,8786,10500000,10500000
0,70,10500000,10500100,878,8786,10650000,10650000
0,71,10650000,10650100,878,8786,10800000,10800000
0,72,10800000,10800100,878,8786,10950000,10950000
0,73,10950000,10950100,878,8786,11100000,11100000
0,74,11100000,11100100,878,8786,11250000,11250000
0,75,11250000,11250100,878,8786,11400000,11400000
0,76,11400000,11400100,878,8786,11550000,11550000
0,77,11550000,11550100,878,8786,11700000,11700000
0,78,11700000,11700100,878,8786,11850000,11850000
0,79,11850000,11850100,878,8786,12000000,12000000
0,80,12000000,12000100,878,8786,12150000,12150000
0,81,12150000,12150100,878,8786,12300000,12300000
0,82,12300000,12300100,878,8786,12450000,12450000
0,83,12450000,12450100,878,8786,12600000,12600000
0,84,12600000,12600100,878,8786,12750000,12750000
0,85,12750000,12750100,878,8786,12900000,12900000
0,86,12900000,12900100,878,8786,13050000,13050000
0,87,13050000,13050100,878,8786,13200000,13200000
0,88,13200000,13200100,878,8786,13350000,13350000
0,89,13350000,13350100,878,8786,13500000,13500000
0,90,13500000,13500100,878,8786,13650000,13650000
0,91,13650000,13650100,878,8786,13800000,13800000
0,92,13800000,13800100,878,8786,13950000,13950000
0,93,13950000,13950100,878,8786,14100000,14100000
0,94,14100000,14100100,878,8786,14250000,14250000
0,95,14250000,14250100,878,8786,14400000,14400000
0,96,14400000,14400100,878,8786,14550000,14550000
0,97,14550000,14550100,878,8786,14700000,14700000
0,98,14700000,14700100,878,8786,14850000,14850000
0,99,14850000,14850100,878,8786,15000000,15000000
0,100,15000000,15000100,878,8786,15150000,15150000
0,101,15150000,15150100,878,8786,15300000,15300000
0,102,15300000,15300100,878,8786,15450000,15450000
0,103,15450000,15450100,878,8786,15600000,15600000
0,104,15600000,15600100,878,8786,15750000,15750000
0,105,15750000,15750100,878,8786,15900000,15900000
0,106,15900000,15900100,878,8786,16050000,16050000
0,107,16050000,16050100,878,8786,16200000,16200000
0,108,16200000,16200100,878,8786,16350000,16350000
0,109,16350000,16350100,878,8786,16500000,16500000
0,110,16500000,16500100,878,8786,16650000,16650000
0,111,16650000,16650100,878,8786,16800000,16800000
0,112,16800000,16800100,878,8786,16950000,16950000
0,113,16950000,16950100,878,8786,17100000,17100000
0,114,17100000,17100100,878,8786,17250000,17250000
0,115,17250000,17250100,878,8786,17400000,17400000
0,116,17400000,17400100,878,8786,17550000,17550000
0,117,17550000,17550100,878,8786,17700000,17700000
0,118,17700000,17700100,878,8786,17850000,17850000
0,119,17850000,17850100,878,8786,18000000,18000000
0,120,18000000,18000100,878,8786,18150000,18150000
0,121,18150000,18150100,878,8786,18300000,18300000
0,122,18300000,18300100,878,8786,18450000,18450000
0,123,18450000,18450100,878,8786,18600000,18600000
0,124,18600000,18600100,878,8786,18750000,18750000
0,125,18750000,18750100,878,8786,18900000,18900000
0,126,18900000,18900100,878,8786,19050000,19050000
0,127,19050000,19050100,878,8786,19200000,19200000
0,128,19200000,19200100,878,8786,19350000,19350000
0,129,19350000,19350100,878,8786,19500000,19500000
0,130,19500000,19500100,878,8786,19650000,19650000
0,131,19650000,19650100,878,8786,19800000,19800000
0,132,19800000,19800100,878,8786,19950000,19950000
0,133,19950000,19950100,878,8786,20100000,20100000
0,134,20100000,20100100,878,8786,20250000,20250000
0,135,20250000,20250100,878,8786,20400000,20400000
0,136,20400000,20400100,878,8786,20550000,20550000
0,137,20550000,20550100,878,8786,20700000,20700000
0,138,20700000,20700100,878,8786,20850000,20850000
0,139,20850000,20850100,878,8786,21000000,21000000
0,140,21000000,21000100,878,8786,21150000,21150000
0,141,21150000,21150100,878,8786,21300000,21300000
0,142,21300000,21300100,878,8786,21450000,21450000
0,143,21450000,21450100,878,8786,21600000,21600000
0,144,21600000,21600100,878,8786,21750000,21750000
0,145,21750000,21750100,878,8786,21900000,21900000
0,146,21900000,21900100,878,8786,22050000,22050000
0,147,22050000,22050100,878,8786,22200000,22200000
0,148,22200000,22200100,878,8786,22350000,22350000
0,149,22350000,22350100,878,8786,22500000,22500000
0,150,22500000,22500100,878,8786,22650000,22650000
0,151,22650000,22650100,878,8786,22800000,22800000
0,152,22800000,22800100,878,8786,22950000,22950000
0,153,22950000,22950100,878,8786,23100000,23100000
0,154,23100000,23100100,878,8786,23250000,23250000
0,155,23250000,23250100,878,8786,23400000,23400000
0,156,23400000,23400100,878,8786,23550000,23550000
0,157,23550000,23550100,878,8786,23700000,23700000
0,158,23700000,23700100,878,8786,23850000,23850000
0,159,23850000,23850100,878,8786,24000000,24000000
0,160,24000000,24000100,878,8786,24150000,24150000
0,161,24150000,24150100,878,8786,24300000,24300000
0,162,24300000,24300100,878,8786,24450000,24450000
0,163,24450000,24450100,878,8786,24600000,24600000
0,164,24600000,24600100,878,8786,24750000,24750000
0,165,24750000,24750100,878,8786,24900000,24900000
0,166,24900000,24900100,878,8786,25050000,25050000
0,167,25050000,25050100,878,8786,25200000,25200000
0,168,25200000,25200100,878,8786,25350000,25350000
0,169,25350000,25350100,878,8786,25500000,25500000
0,170,25500000,25500100,878,8786,25650000,25650000
0,171,25650000,25650100,878,8786,25800000,25800000
0,172,25800000,25800100,878,8786,25950000,25950000
0,173,25950000,25950100,878,8786,26100000,26100000
0,174,26100000,26100100,878,8786,26250000,26250000
0,175,26250000,26250100,878,8786,26400000,26400000
0,176,26400000,26400100,878,8786,26550000,26550000
0,177,26550000,26550100,878,8786,26700000,26700000
0,178,26700000,26700100,878,8786,26850000,26850000
0,179,26850000,26850100,878,8786,27000000,27000000
0,180,27000000,27000100,878,8786,27150000,27150000
0,181,27150000,27150100,878,8786,27300000,27300000
0,182,27300000,27300100,878,8786,27450000,27450000
0,183,27450000,27450100,878,8786,27600000,27600000
0,184,27600000,27600100,878,8786,27750000,27750000
0,185,27750000,27750100,878,8786,27900000,27900000
0,186,27900000,27900100,878,8786,28050000,28050000
0,187,28050000,28050100,878,8786,28200000,28200000
0,188,28200000,28200100,878,8786,28350000,28350000
0,189,28350000,28350100,878,8786,28500000,28500000
0,190,28500000,28500100,878,8786,28650000,28650000
0,191,28650000,28650100,878,8786,28800000,28800000
0,192,28800000,28800100,878,8786,28950000,28950000
0,193,28950000,28950100,878,8786,29100000,29100000
0,194,29100000,29100100,878,8786,29250000,29250000
0,195,29250000,29250100,878,8786,29400000,29400000
0,196,29400000,29400100,878,8786,29550000,29550000
0,197,29550000,29550100,878,8786,29700000,29700000
0,198,29700000,29700100,878,8786,29850000,29850000
0,199,29850000,29850100,878,8786,30000000,30000000
0,200,30000000,30000100,878,8786,30150000,30150000
0,201,30150000,30150100,878,8786,30300000,30300000
0,202,30300000,30300100,878,8786,30450000,30450000
0,203,30450000,30450100,878,8786,30600000,30600000
0,204,30600000,30600100,878,8786,30750000,30750000
0,205,30750000,30750100,878,8786,30900000,30900000
0,206,30900000,30900100,878,8786,31050000,31050000
0,207,31050000,31050100,878,8786,31200000,31200000
0,208,31200000,31200100,878,8786,31350000,31350000
0,209,31350000,31350100,878,8786,31500000,31500000
0,210,31500000,31500100,878,8786,31650000,31650000
0,211,31650000,31650100,878,8786,31800000,31800000
0,212,31800000,31800100,878,8786,31950000,31950000
0,213,31950000,31950100,878,8786,32100000,32100000
0,214,32100000,32100100,878,8786,32250000,32250000
0,215,32250000,32250100,878,8786,32400000,32400000
0,216,32400000,32400100,878,8786,32550000,32550000
0,217,32550000,32550100,878,8786,32700000,32700000
0,218,32700000,32700100,878,8786,32850000,32850000
0,219,32850000,32850100,878,8786,33000000,33000000
0,220,33000000,33000100,878,8786,33150000,33150000
0,221,33150000,33150100,878,8786,33300000,33300000
0,222,33300000,33300100,878,8786,33450000,33450000
0,223,33450000,33450100,878,8786,33600000,33600000
0,224,33600000,33600100,878,8786,33750000,33750000
0,225,33750000,33750100,878,8786,33900000,33900000
0,226,33900000,33900100,878,8786,34050000,34050000
0,227,34050000,34050100,878,8786,34200000,34200000
0,228,34200000,34200100,878,8786,34350000,34350000
0,229,34350000,34350100,878,8786,34500000,34500000
0,230,34500000,34500100,878,8786,34650000,34650000
0,231,34650000,34650100,878,8786,34800000,34800000
0,232,34800000,34800100,878,8786,34950000,34950000
0,233,34950000,34950100,878,8786,35100000,35100000
0,234,35100000,35100100,878,8786,35250000,35250000
0,235,35250000,35250100,878,8786,35400000,35400000
0,236,35400000,35400100,878,8786,35550000,35550000
0,237,35550000,35550100,878,8786,35700000,35700000
0,238,35700000,35700100,878,8786,35850000,35850000
0,239,35850000,35850100,878,8786,36000000,36000000
0,240,36000000,36000100,878,8786,36150000,36150000
0,241,36150000,36150100,878,8786,36300000,36300000
0,242,36300000,36300100,878,8786,36450000,36450000
0,243,36450000,36450100,878,8786,36600000,36600000
0,244,36600000,36600100,878,8786,36750000,36750000
0,245,36750000,36750100,878,8786,36900000,36900000
0,246,36900000,36900100,878,8786,37050000,37050000
0,247,37050000,37050100,878,8786,37200000,37200000
0,248,37200000,37200100,878,8786,37350000,37350000
0,249,37350000,37350100,878,8786,37500000,37500000
0,250,37500000,37500100,878,8786,37650000,37650000
0,251,37650000,37650100,878,8786,37800000,37800000
0,252,37800000,37800100,878,8786,37950000,37950000
0,253,37950000,37950100,878,8786,38100000,38100000
0,254,38100000,38100100,878,8786,38250000,38250000
0,255,38250000,38250100,878,8786,38400000,38400000
0,256,38400000,38400100,878,8786,38550000,38550000
0,257,38550000,38550100,878,8786,38700000,38700000
0,258,38700000,38700100,878,8786,38850000,38850000
0,259,38850000,38850100,878,8786,39000000,39000000
0,260,39000000,39000100,878,8786,39150000,39150000
0,261,39150000,39150100,878,8786,39300000,39300000
0,262,39300000,39300100,878,8786,39450000,39450000
0,263,39450000,39450100,878,8786,39600000,39600000
0,264,39600000,39600100,878,8786,39750000,39750000
0,265,39750000,39750100,878,8786,39900000,39900000
0,266,39900000,39900100,878,8786,40050000,40050000
0,267,40050000,40050100,878,8786,40200000,40200000
0,268,40200000,40200100,878,8786,40350000,40350000
0,269,40350000,40350100,878,8786,40500000,40500000
0,270,40500000,40500100,878,8786,40650000,40650000
0,271,40650000,40650100,878,8786,40800000,40800000
0,272,40800000,40800100,878,8786,40950000,40950000
0,273,40950000,40950100,878,8786,41100000,41100000
0,274,41100000,41100100,878,8786,41250000,41250000
0,275,41250000,41250100,878,8786,41400000,41400000
0,276,41400000,41400100,878,8786,41550000,41550000
0,277,41550000,41550100,878,8786,41700000,41700000
0,278,41700000,41700100,878,8786,41850000,41850000
0,279,41850000,41850100,878,8786,42000000,42000000
0,280,42000000,42000100,878,8786,42150000,42150000
0,281,42150000,42150100,878,8786,42300000,42300000
0,282,42300000,42300100,878,8786,42450000,42450000
0,283,42450000,42450100,878,8786,42600000,42600000
0,284,42600000,42600100,878,8786,42750000,42750000
0,285,42750000,42750100,878,8786,42900000,42900000
0,286,42900000,42900100,878,8786,43050000,43050000
0,287,43050000,43050100,878,8786,43200000,43200000
0,288,43200000,43200100,878,8786,43350000,43350000
0,289,43350000,43350100,878,8786,43500000,43500000
0,290,43500000,43500100,878,8786,43650000,43650000
0,291,43650000,43650100,878,8786,43800000,43800000
0,292,43800000,43800100,878,8786,43950000,43950000
0,293,43950000,43950100,878,8786,44100000,44100000
0,294,44100000,44100100,878,8786,44250000,44250000
0,295,44250000,44250100,878,8786,44400000,44400000
0,296,44400000,44400100,878,8786,44550000,44550000
0,297,44550000,44550100,878,8786,44700000,44700000
0,298,44700000,44700100,878,8786,44850000,44850000
0,299,44850000,44850100,878,8786,45000000,45000000
0,300,45000000,45000100,878,8786,45150000,45150000
0,301,45150000,45150100,878,8786,45300000,45300000
0,302,45300000,45300100,878,8786,45450000,45450000
0,303,45450000,45450100,878,8786,45600000,45600000
0,304,45600000,45600100,878,8786,45750000,45750000
0,305,45750000,45750100,878,8786,45900000,45900000
0,306,45900000,45900100,878,8786,46050000,46050000
0,307,46050000,46050100,878,8786,46200000,46200000
0,308,46200000,46200100,878,8786,46350000,46350000
0,309,46350000,46350100,878,8786,46500000,46500000
0,310,46500000,46500100,878,8786,46650000,46650000
0,311,46650000,46650100,878,8786,46800000,46800000
0,312,46800000,46800100,878,8786,46950000,46950000
0,313,46950000,46950100,878,8786,47100000,47100000
0,314,47100000,47100100,878,8786,47250000,47250000
0,315,47250000,47250100,878,8786,47400000,47400000
0,316,47400000,47400100,878,8786,47550000,47550000
0,317,47550000,47550100,878,8786,47700000,47700000
0,318,47700000,47700100,878,8786,47850000,47850000
0,319,47850000,47850100,878,8786,48000000,48000000
0,320,48000000,48000100,878,8786,48150000,48150000
0,321,48150000,48150100,878,8786,48300000,48300000
0,322,48300000,48300100,878,8786,48450000,48450000
0,323,48450000,48450100,878,8786,48600000,48600000
0,324,48600000,48600100,878,8786,48750000,48750000
0,325,48750000,48750100,878,8786,48900000,48900000
0,326,48900000,48900100,878,8786,49050000,49050000
0,327,49050000,49050100,878,8786,49200000,49200000
0,328,49200000,49200100,878,8786,49350000,49350000
0,329,49350000,49350100,878,8786,49500000,49500000
0,330,49500000,49500100,878,8786,49650000,49650000
0,331,49650000,49650100,878,8786,49800000,49800000
0,332,49800000,49800100,878,8786,49950000,49950000
0,333,49950000,49950100,878,8786,50100000,50100000
0,334,50100000,50100100,878,8786,50250000,50250000
0,335,50250000,50250100,878,8786,50400000,50400000
0,336,50400000,50400100,878,8786,50550000,50550000
0,337,50550000,50550100,878,8786,50700000,50700000
0,338,50700000,50700100,878,8786,50850000,50850000
0,339,50850000,50850100,878,8786,51000000,51000000
0,340,51000000,51000100,878,8786,51150000,51150000
0,341,51150000,51150100,878,8786,51300000,51300000
0,342,51300000,51300100,878,8786,51450000,51450000
0,343,51450000,51450100,878,8786,51600000,51600000
0,344,51600000,51600100,878,8786,51750000,51750000
0,345,51750000,51750100,878,8786,51900000,51900000
0,346,51900000,51900100,878,8786,52050000,52050000
0,347,52050000,52050100,878,8786,52200000,52200000
0,348,52200000,52200100,878,8786,52350000,52350000
0,349,52350000,52350100,878,8786,52500000,52500000
0,350,52500000,52500100,878,8786,52650000,52650000
0,351,52650000,52650100,878,8786,52800000,52800000
0,352,52800000,52800100,878,8786,52950000,52950000
0,353,52950000,52950100,878,8786,53100000,53100000
0,354,53100000,53100100,878,8786,53250000,53250000
0,355,53250000,53250100,878,8786,53400000,53400000
0,356,53400000,53400100,878,8786,53550000,53550000
0,357,53550000,53550100,878,8786,53700000,53700000
0,358,53700000,53700100,878,8786,53850000,53850000
0,359,53850000,53850100,878,8786,54000000,54000000
0,360,54000000,54000100,878,8786,54150000,54150000
0,361,54150000,54150100,878,8786,54300000,54300000
0,362,54300000,54300100,878,8786,54450000,54450000
0,363,54450000,54450100,878,8786,54600000,54600000
0,364,54600000,54600100,878,8786,54750000,54750000
0,365,54750000,54750100,878,8786,54900000,54900000
0,366,54900000,54900100,878,8786,55050000,55050000
0,367,55050000,55050100,878,8786,55200000,55200000
0,368,55200000,55200100,878,8786,55350000,55350000
0,369,55350000,55350100,878,8786,55500000,55500000
0,370,55500000,55500100,878,8786,55650000,55650000
0,371,55650000,55650100,878,8786,55800000,55800000
0,372,55800000,55800100,878,8786,55950000,55950000
0,373,55950000,55950100,878,8786,56100000,56100000
0,374,56100000,56100100,878,8786,56250000,56250000
0,375,56250000,56250100,878,8786,56400000,56400000
0,376,56400000,56400100,878,8786,56550000,56550000
0,377,56550000,56550100,878,8786,56700000,56700000
0,378,56700000,56700100,878,8786,56850000,56850000
0,379,56850000,56850100,878,8786,57000000,57000000
0,380,57000000,57000100,878,8786,57150000,57150000
0,381,57150000,57150100,878,8786,57300000,57300000
0,382,57300000,57300100,878,8786,57450000,57450000
0,383,57450000,57450100,878,8786,57600000,57600000
0,384,57600000,57600100,878,8786,57750000,57750000
0,385,57750000,57750100,878,8786,57900000,57900000
0,386,57900000,57900100,878,8786,58050000,58050000
0,387,58050000,58050100,878,8786,58200000,58200000
0,388,58200000,58200100,878,8786,58350000,58350000
0,389,58350000,58350100,878,8786,58500000,58500000
0,390,58500000,58500100,878,8786,58650000,58650000
0,391,58650000,58650100,878,8786,58800000,58800000
0,392,58800000,58800100,878,8786,58950000,58950000
0,393,58950000,58950100,878,8786,59100000,59100000
0,394,59100000,59100100,878,8786,59250000,59250000
0,395,59250000,59250100,878,8786,59400000,59400000
0,396,59400000,59400100,878,8786,59550000,59550000
0,397,59550000,59550100,878,8786,59700000,59700000
0,398,59700000,59700100,878,8786,59850000,59850000
0,399,59850000,59850100,878,8786,60000000,60000000
0,400,60000000,60000100,878,8786,60150000,60150000
0,401,60150000,60150100,878,8786,60300000,60300000
0,402,60300000,60300100,878,8786,60450000,60450000
0,403,60450000,60450100,878,8786,60600000,60600000
0,404,60600000,60600100,878,8786,60750000,60750000
0,405,60750000,60750100,878,8786,60900000,60900000
0,406,60900000,60900100,878,8786,61050000,61050000
0,407,61050000,61050100,878,8786,61200000,61200000
0,408,61200000,61200100,878,8786,61350000,61350000
0,409,61350000,61350100,878,8786,61500000,61500000
0,410,61500000,61500100,878,8786,61650000,61650000
0,411,61650000,61650100,878,8786,61800000,61800000
0,412,61800000,61800100,878,8786,61950000,61950000
0,413,61950000,61950100,878,8786,62100000,62100000
0,414,62100000,62100100,878,8786,62250000,62250000
0,415,62250000,62250100,878,8786,62400000,62400000
0,416,62400000,62400100,878,8786,62550000,62550000
0,417,62550000,62550100,878,8786,62700000,62700000
0,418,62700000,62700100,878,8786,62850000,62850000
0,419,62850000,62850100,878,8786,63000000,63000000
0,420,63000000,63000100,878,8786,63150000,63150000
0,421,63150000,63150100,878,8786,63300000,63300000
0,422,63300000,63300100,878,8786,63450000,63450000
0,423,63450000,63450100,878,8786,63600000,63600000
0,424,63600000,63600100,878,8786,63750000,63750000
0,425,63750000,63750100,878,8786,63900000,63900000
0,426,63900000,63900100,878,8786,64050000,64050000
0,427,64050000,64050100,878,8786,64200000,64200000
0,428,64200000,64200100,878,8786,64350000,64350000
0,429,64350000,64350100,878,8786,64500000,64500000
0,430,64500000,64500100,878,8786,64650000,64650000
0,431,64650000,64650100,878,8786,64800000,64800000
0,432,64800000,64800100,878,8786,64950000,64950000
0,433,64950000,64950100,878,8786,65100000,65100000
0,434,65100000,65100100,878,8786,65250000,65250000
0,435,65250000,65250100,878,8786,65400000,65400000
0,436,65400000,65400100,878,8786,65550000,65550000
0,437,65550000,65550100,878,8786,65700000,65700000
0,438,65700000,65700100,878,8786,65850000,65850000
0,439,65850000,65850100,878,8786,66000000,66000000
0,440,66000000,66000100,878,8786,66150000,66150000
0,441,66150000,66150100,878,8786,66300000,66300000
0,442,66300000,66300100,878,8786,66450000,66450000
0,443,66450000,66450100,878,8786,66600000,66600000
0,444,66600000,66600100,878,8786,66750000,66750000
0,445,66750000,66750100,878,8786,66900000,66900000
0,446,66900000,66900100,878,8786,67050000,67050000
0,447,67050000,67050100,878,8786,67200000,67200000
0,448,67200000,67200100,878,8786,67350000,67350000
0,449,67350000,67350100,878,8786,67500000,67500000
0,450,67500000,67500100,878,8786,67650000,67650000
0,451,67650000,67650100,878,8786,67800000,67800000
0,452,67800000,67800100,878,8786,67950000,67950000
0,453,67950000,67950100,878,8786,68100000,68100000
0,454,68100000,68100100,878,8786,68250000,68250000
0,455,68250000,68250100,878,8786,68400000,68400000
0,456,68400000,68400100,878,8786,68550000,68550000
0,457,68550000,68550100,878,8786,68700000,68700000
0,458,68700000,68700100,878,8786,68850000,68850000
0,459,68850000,68850100,878,8786,69000000,69000000
0,460,69000000,69000100,878,8786,69150000,69150000
0,461,69150000,69150100,878,8786,69300000,69300000
0,462,69300000,69300100,878,8786,69450000,69450000
0,463,69450000,69450100,878,8786,69600000,69600000
0,464,69600000,69600100,878,8786,69750000,69750000
0,465,69750000,69750100,878,8786,69900000,69900000
0,466,69900000,69900100,878,8786,70050000,70050000
0,467,70050000,70050100,878,8786,70200000,70200000
0,468,70200000,70200100,878,8786,70350000,70350000
0,469,70350000,70350100,878,8786,70500000,70500000
0,470,70500000,70500100,878,8786,70650000,70650000
0,471,70650000,70650100,878,8786,70800000,70800000
0,472,70800000,70800100,878,8786,70950000,70950000
0,473,70950000,70950100,878,8786,71100000,71100000
0,474,71100000,71100100,878,8786,71250000,71250000
0,475,71250000,71250100,878,8786,71400000,71400000
0,476,71400000,71400100,878,8786,71550000,71550000
0,477,71550000,71550100,878,8786,71700000,71700000
0,478,71700000,71700100,878,8786,71850000,71850000
0,479,71850000,71850100,878,8786,72000000,72000000
0,480,72000000,72000100,878,8786,72150000,72150000
0,481,72150000,72150100,878,8786,72300000,72300000
0,482,72300000,72300100,878,8786,72450000,72450000
0,483,72450000,72450100,878,8786,72600000,72600000
0,484,72600000,72600100,878,8786,72750000,72750000
0,485,72750000,72750100,878,8786,72900000,72900000
0,486,72900000,72900100,878,8786,73050000,73050000
0,487,73050000,73050100,878,8786,73200000,73200000
0,488,73200000,73200100,878,8786,73350000,73350000
0,489,73350000,73350100,878,8786,73500000,73500000
0,490,73500000,73500100,878,8786,73650000,73650000
0,491,73650000,73650100,878,8786,73800000,73800000
0,492,73800000,73800100,878,8786,73950000,73950000
0,493,73950000,73950100,878,8786,74100000,74100000
0,494,74100000,74100100,878,8786,74250000,74250000
0,495,74250000,74250100,878,8786,74400000,74400000
0,496,74400000,74400100,878,8786,74550000,74550000
0,497,74550000,74550100,878,8786,74700000,74700000
0,498,74700000,74700100,878,8786,74850000,74850000
0,499,74850000,74850100,878,8786,75000000,75000000
0,500,75000000,75000100,878,8786,75150000,75150000
0,501,75150000,75150100,878,8786,75300000,75300000
0,502,75300000,75300100,878,8786,75450000,75450000
0,503,75450000,75450100,878,8786,75600000,75600000
0,504,75600000,75600100,878,8786,75750000,75750000
0,505,75750000,75750100,878,8786,75900000,75900000
0,506,75900000,75900100,878,8786,76050000,76050000
0,507,76050000,76050100,878,8786,76200000,76200000
0,508,76200000,76200100,878,8786,76350000,76350000
0,509,76350000,76350100,878,8786,76500000,76500000
0,510,76500000,76500100,878,8786,76650000,76650000
0,511,76650000,76650100,878,8786,76800000,76800000
0,512,76800000,76800100,878,8786,76950000,76950000
0,513,76950000,76950100,878,8786,77100000,77100000
0,514,77100000,77100100,878,8786,77250000,77250000
0,515,77250000,77250100,878,8786,77400000,77400000
0,516,77400000,77400100,878,8786,77550000,77550000
0,517,77550000,77550100,878,8786,77700000,77700000
0,518,77700000,77700100,878,8786,77850000,77850000
0,519,77850000,77850100,878,8786,78000000,78000000
0,520,78000000,78000100,878,8786,78150000,78150000
0,521,78150000,78150100,878,8786,78300000,78300000
0,522,78300000,78300100,878,8786,78450000,78450000
0,523,78450000,78450100,878,8786,78600000,78600000
0,524,78600000,78600100,878,8786,78750000,78750000
0,525,78750000,78750100,878,8786,78900000,78900000
0,526,78900000,78900100,878,8786,79050000,79050000
0,527,79050000,79050100,878,8786,79200000,79200000
0,528,79200000,79200100,878,8786,79350000,79350000
0,529,79350000,79350100,878,8786,79500000,79500000
0,530,79500000,79500100,878,8786,79650000,79650000
0,531,79650000,79650100,878,8786,79800000,79800000
0,532,79800000,79800100,878,8786,79950000,79950000
0,533,79950000,79950100,878,8786,80100000,80100000
0,534,80100000,80100100,878,8786,80250000,80250000
0,535,80250000,80250100,878,8786,80400000,80400000
0,536,80400000,80400100,878,8786,80550000,80550000
0,537,80550000,80550100,878,8786,80700000,80700000
0,538,80700000,80700100,878,8786,80850000,80850000
0,539,80850000,80850100,878,8786,81000000,81000000
0,540,81000000,81000100,878,8786,81150000,81150000
0,541,81150000,81150100,878,8786,81300000,81300000
0,542,81300000,81300100,878,8786,81450000,81450000
0,543,81450000,81450100,878,8786,81600000,81600000
0,544,81600000,81600100,878,8786,81750000,81750000
0,545,81750000,81750100,878,8786,81900000,81900000
0,546,81900000,81900100,878,8786,82050000,82050000
0,547,82050000,82050100,878,8786,82200000,82200000
0,548,82200000,82200100,878,8786,82350000,82350000
0,549,82350000,82350100,878,8786,82500000,82500000
0,550,82500000,82500100,878,8786,82650000,82650000
0,551,82650000,82650100,878,8786,82800000,82800000
0,552,82800000,82800100,878,8786,82950000,82950000
0,553,82950000,82950100,878,8786,83100000,83100000
0,554,83100000,83100100,878,8786,83250000,83250000
0,555,83250000,83250100,878,8786,83400000,83400000
0,556,83400000,83400100,878,8786,83550000,83550000
0,557,83550000,83550100,878,8786,83700000,83700000
0,558,83700000,83700100,878,8786,83850000,83850000
0,559,83850000,83850100,878,8786,84000000,84000000
0,560,84000000,84000100,878,8786,84150000,84150000
0,561,84150000,84150100,878,8786,84300000,84300000
0,562,84300000,84300100,878,8786,84450000,84450000
0,563,84450000,84450100,878,8786,84600000,84600000
0,564,84600000,84600100,878,8786,84750000,84750000
0,565,84750000,84750100,878,8786,84900000,84900000
0,566,84900000,84900100,878,8786,85050000,85050000
0,567,85050000,85050100,878,8786,85200000,85200000
0,568,85200000,85200100,878,8786,85350000,85350000
0,569,85350000,85350100,878,8786,85500000,85500000
0,570,85500000,85500100,878,8786,85650000,85650000
0,571,85650000,85650100,878,8786,85800000,85800000
0,572,85800000,85800100,878,8786,85950000,85950000
0,573,85950000,85950100,878,8786,86100000,86100000
0,574,86100000,86100100,878,8786,86250000,86250000
0,575,86250000,86250100,878,8786,86400000,86400000
0,576,86400000,86400100,878,8786,86550000,86550000
0,577,86550000,86550100,878,8786,86700000,86700000
0,578,86700000,86700100,878,8786,86850000,86850000
0,579,86850000,86850100,878,8786,87000000,87000000
0,580,87000000,87000100,878,8786,87150000,87150000
0,581,87150000,87150100,878,8786,87300000,87300000
0,582,87300000,87300100,878,8786,87450000,87450000
0,583,87450000,87450100,878,8786,87600000,87600000
0,584,87600000,87600100,878,8786,87750000,87750000
0,585,87750000,87750100,878,8786,87900000,87900000
0,586,87900000,87900100,878,8786,88050000,88050000
0,587,88050000,88050100,878,8786,88200000,88200000
0,588,88200000,88200100,878,8786,88350000,88350000
0,589,88350000,88350100,878,8786,88500000,88500000
0,590,88500000,88500100,878,8786,88650000,88650000
0,591,88650000,88650100,878,8786,88800000,88800000
0,592,88800000,88800100,878,8786,88950000,88950000
0,593,88950000,88950100,878,8786,89100000,89100000
0,594,89100000,89100100,878,8786,89250000,89250000
0,595,89250000,89250100,878,8786,89400000,89400000
0,596,89400000,89400100,878,8786,89550000,89550000
0,597,89550000,89550100,878,8786,89700000,89700000
0,598,89700000,89700100,878,8786,89850000,89850000
0,599,89850000,89850100,878,8786,90000000,90000000
0,600,90000000,90000100,878,8786,90150000,90150000
0,601,90150000,90150100,878,8786,90300000,90300000
0,602,90300000,90300100,878,8786,90450000,90450000
0,603,90450000,90450100,878,8786,90600000,90600000
0,604,90600000,90600100,878,8786,90750000,90750000
0,605,90750000,90750100,878,8786,90900000,90900000
0,606,90900000,90900100,878,8786,91050000,91050000
0,607,91050000,91050100,878,8786,91200000,91200000
0,608,91200000,91200100,878,8786,91350000,91350000
0,609,91350000,91350100,878,8786,91500000,91500000
0,610,91500000,91500100,878,8786,91650000,91650000
0,611,91650000,91650100,878,8786,91800000,91800000
0,612,91800000,91800100,878,8786,91950000,91950000
0,613,91950000,91950100,878,8786,92100000,92100000
0,614,92100000,92100100,878,8786,92250000,92250000
0,615,92250000,92250100,878,8786,92400000,92400000
0,616,92400000,92400100,878,8786,92550000,92550000
0,617,92550000,92550100,878,8786,92700000,92700000
0,618,92700000,92700100,878,8786,92850000,92850000
0,619,92850000,92850100,878,8786,93000000,93000000
0,620,93000000,93000100,878,8786,93150000,93150000
0,621,93150000,93150100,878,8786,93300000,93300000
0,622,93300000,93300100,878,8786,93450000,93450000
0,623,93450000,93450100,878,8786,93600000,93600000
0,624,93600000,93600100,878,8786,93750000,93750000
0,625,93750000,93750100,878,8786,93900000,93900000
0,626,93900000,93900100,878,8786,94050000,94050000
0,627,94050000,94050100,878,8786,94200000,94200000
0,628,94200000,94200100,878,8786,94350000,94350000
0,629,94350000,94350100,878,8786,94500000,94500000
0,630,94500000,94500100,878,8786,94650000,94650000
0,631,94650000,94650100,878,8786,94800000,94800000
0,632,94800000,94800100,878,8786,94950000,94950000
0,633,94950000,94950100,878,8786,95100000,95100000
0,634,95100000,95100100,878,8786,95250000,95250000
0,635,95250000,95250100,878,8786,95400000,95400000
0,636,95400000,95400100,878,8786,95550000,95550000
0,637,95550000,95550100,878,8786,95700000,95700000
0,638,95700000,95700100,878,8786,95850000,95850000
0,639,95850000,95850100,878,8786,96000000,96000000
0,640,96000000,96000100,878,8786,96150000,96150000
0,641,96150000,96150100,878,8786,96300000,96300000
0,642,96300000,96300100,878,8786,96450000,96450000
0,643,96450000,96450100,878,8786,96600000,96600000
0,644,96600000,96600100,878,8786,96750000,96750000
0,645,96750000,96750100,878,8786,96900000,96900000
0,646,96900000,96900100,878,8786,97050000,97050000
0,647,97050000,97050100,878,8786,97200000,97200000
0,648,97200000,97200100,878,8786,97350000,97350000
0,649,97350000,97350100,878,8786,97500000,97500000
0,650,97500000,97500100,878,8786,97650000,97650000
0,651,97650000,97650100,878,8786,97800000,97800000
0,652,97800000,97800100,878,8786,97950000,97950000
0,653,97950000,97950100,878,8786,98100000,98100000
0,654,98100000,98100100,878,8786,98250000,98250000
0,655,98250000,98250100,878,8786,98400000,98400000
0,656,98400000,98400100,878,8786,98550000,98550000
0,657,98550000,98550100,878,8786,98700000,98700000
0,658,98700000,98700100,878,8786,98850000,98850000
0,659,98850000,98850100,878,8786,99000000,99000000
0,660,99000000,99000100,878,8786,99150000,99150000
0,661,99150000,99150100,878,8786,99300000,99300000
0,662,99300000,99300100,878,8786,99450000,99450000
0,663,99450000,99450100,878,8786,99600000,99600000
0,664,99600000,99600100,878,8786,99750000,99750000
0,665,99750000,99750100,878,8786,99900000,99900000
0,666,99900000,99900100,878,8786,100050000,100050000
0,667,100050000,100050100,878,8786,100200000,100200000
0,668,100200000,100200100,878,8786,100350000,100350000
0,669,100350000,100350100,878,8786,100500000,100500000
0,670,100500000,100500100,878,8786,100650000,100650000
0,671,100650000,100650100,878,8786,100800000,100800000
0,672,100800000,100800100,878,8786,100950000,100950000
0,673,100950000,100950100,878,8786,101100000,101100000
0,674,101100000,101100100,878,8786,101250000,101250000
0,675,101250000,101250100,878,8786,101400000,101400000
0,676,101400000,101400100,878,8786,101550000,101550000
0,677,101550000,101550100,878,8786,101700000,101700000
0,678,101700000,101700100,878,8786,101850000,101850000
0,679,101850000,101850100,878,8786,102000000,102000000
0,680,102000000,102000100,878,8786,102150000,102150000
0,681,102150000,102150100,878,8786,102300000,102300000
0,682,102300000,102300100,878,8786,102450000,102450000
0,683,102450000,102450100,878,8786,102600000,102600000
0,684,102600000,102600100,878,8786,102750000,102750000
0,685,102750000,102750100,878,8786,102900000,102900000
0,686,102900000,102900100,878,8786,103050000,103050000
0,687,103050000,103050100,878,8786,103200000,103200000
0,688,103200000,103200100,878,8786,103350000,103350000
0,689,103350000,103350100,878,8786,103500000,103500000
0,690,103500000,103500100,878,8786,103650000,103650000
0,691,103650000,103650100,878,8786,103800000,103800000
0,692,103800000,103800100,878,8786,103950000,103950000
0,693,103950000,103950100,878,8786,104100000,104100000
0,694,104100000,104100100,878,8786,104250000,104250000
0,695,104250000,104250100,878,8786,104400000,104400000
0,696,104400000,104400100,878,8786,104550000,104550000
0,697,104550000,104550100,878,8786,104700000,104700000
0,698,104700000,104700100,878,8786,104850000,104850000
0,699,104850000,104850100,878,8786,105000000,105000000
0,700,105000000,105000100,878,8786,105150000,105150000
0,701,105150000,105150100,878,8786,105300000,105300000
0,702,105300000,105300100,878,8786,105450000,105450000
0,703,105450000,105450100,878,8786,105600000,105600000
0,704,105600000,105600100,878,8786,105750000,105750000
0,705,105750000,105750100,878,8786,105900000,105900000
0,706,105900000,105900100,878,8786,106050000,106050000
0,707,106050000,106050100,878,8786,106200000,106200000
0,708,106200000,106200100,878,8786,106350000,106350000
0,709,106350000,106350100,878,8786,106500000,106500000
0,710,106500000,106500100,878,8786,106650000,106650000
0,711,106650000,106650100,878,8786,106800000,106800000
0,712,106800000,106800100,878,8786,106950000,106950000
0,713,106950000,106950100,878,8786,107100000,107100000
0,714,107100000,107100100,878,8786,107250000,107250000
0,715,107250000,107250100,878,8786,107400000,107400000
0,716,107400000,107400100,878,8786,107550000,107550000
0,717,107550000,107550100,878,8786,107700000,107700000
0,718,107700000,107700100,878,8786,107850000,107850000
0,719,107850000,107850100,878,8786,108000000,108000000
0,720,108000000,108000100,878,8786,108150000,108150000
0,721,108150000,108150100,878,8786,108300000,108300000
0,722,108300000,108300100,878,8786,108450000,108450000
0,723,108450000,108450100,878,8786,108600000,108600000
0,724,108600000,108600100,878,8786,108750000,108750000
0,725,108750000,108750100,878,8786,108900000,108900000
0,726,108900000,108900100,878,8786,109050000,109050000
0,727,109050000,109050100,878,8786,109200000,109200000
0,728,109200000,109200100,878,8786,109350000,109350000
0,729,109350000,109350100,878,8786,109500000,109500000
0,730,109500000,109500100,878,8786,109650000,109650000
0,731,109650000,109650100,878,8786,109800000,109800000
0,732,109800000,109800100,878,8786,109950000,109950000
0,733,109950000,109950100,878,8786,110100000,110100000
0,734,110100000,110100100,878,8786,110250000,110250000
0,735,110250000,110250100,878,8786,110400000,110400000
0,736,110400000,110400100,878,8786,110550000,110550000
0,737,110550000,110550100,878,8786,110700000,110700000
0,738,110700000,110700100,878,8786,110850000,110850000
0,739,110850000,110850100,878,8786,111000000,111000000
0,740,111000000,111000100,878,8786,111150000,111150000
0,741,111150000,111150100,878,8786,111300000,111300000
0,742,111300000,111300100,878,8786,111450000,111450000
0,743,111450000,111450100,878,8786,111600000,111600000
0,744,111600000,111600100,878,8786,111750000,111750000
0,745,111750000,111750100,878,8786,111900000,111900000
0,746,111900000,111900100,878,8786,112050000,112050000
0,747,112050000,112050100,878,8786,112200000,112200000
0,748,112200000,112200100,878,8786,112350000,112350000
0,749,112350000,112350100,878,8786,112500000,112500000
0,750,112500000,112500100,878,8786,112650000,112650000
0,751,112650000,112650100,878,8786,112800000,112800000
0,752,112800000,112800100,878,8786,112950000,112950000
0,753,112950000,112950100,878,8786,113100000,113100000
0,754,113100000,113100100,878,8786,113250000,113250000
0,755,113250000,113250100,878,8786,113400000,113400000
0,756,113400000,113400100,878,8786,113550000,113550000
0,757,113550000,113550100,878,8786,113700000,113700000
0,758,113700000,113700100,878,8786,113850000,113850000
0,759,113850000,113850100,878,8786,114000000,114000000
0,760,114000000,114000100,878,8786,114150000,114150000
0,761,114150000,114150100,878,8786,114300000,114300000
0,762,114300000,114300100,878,8786,114450000,114450000
0,763,114450000,114450100,878,8786,114600000,114600000
0,764,114600000,114600100,878,8786,114750000,114750000
0,765,114750000,114750100,878,8786,114900000,114900000
0,766,114900000,114900100,878,8786,115050000,115050000
0,767,115050000,115050100,878,8786,115200000,115200000
0,768,115200000,115200100,878,8786,115350000,115350000
0,769,115350000,115350100,878,8786,115500000,115500000
0,770,115500000,115500100,878,8786,115650000,115650000
0,771,115650000,115650100,878,8786,115800000,115800000
0,772,115800000,115800100,878,8786,115950000,115950000
0,773,115950000,115950100,878,8786,116100000,116100000
0,774,116100000,116100100,878,8786,116250000,116250000
0,775,116250000,116250100,878,8786,116400000,116400000
0,776,116400000,116400100,878,8786,116550000,116550000
0,777,116550000,116550100,878,8786,116700000,116700000
0,778,116700000,116700100,878,8786,116850000,116850000
0,779,116850000,116850100,878,8786,117000000,117000000
0,780,117000000,117000100,878,8786,117150000,117150000
0,781,117150000,117150100,878,8786,117300000,117300000
0,782,117300000,117300100,878,8786,117450000,117450000
0,783,117450000,117450100,878,8786,117600000,117600000
0,784,117600000,117600100,878,8786,117750000,117750000
0,785,117750000,117750100,878,8786,117900000,117900000
0,786,117900000,117900100,878,8786,118050000,118050000
0,787,118050000,118050100,878,8786,118200000,118200000
0,788,118200000,118200100,878,8786,118350000,118350000
0,789,118350000,118350100,878,8786,118500000,118500000
0,790,118500000,118500100,878,8786,118650000,118650000
0,791,118650000,118650100,878,8786,118800000,118800000
0,792,118800000,118800100,878,8786,118950000,118950000
0,793,118950000,118950100,878,8786,119100000,119100000
0,794,119100000,119100100,878,8786,119250000,119250000
0,795,119250000,119250100,878,8786,119400000,119400000
0,796,119400000,119400100,878,8786,119550000,119550000
0,797,119550000,119550100,878,8786,119700000,119700000
0,798,119700000,119700100,878,8786,119850000,119850000
0,799,119850000,119850100,878,8786,120000000,120000000
0,800,120000000,120000100,878,8786,120150000,120150000
0,801,120150000,120150100,878,8786,120300000,120300000
0,802,120300000,120300100,878,8786,120450000,120450000
0,803,120450000,120450100,878,8786,120600000,120600000
0,804,120600000,120600100,878,8786,120750000,120750000
0,805,120750000,120750100,878,8786,120900000,120900000
0,806,120900000,120900100,878,8786,121050000,121050000
0,807,121050000,121050100,878,8786,121200000,121200000
0,808,121200000,121200100,878,8786,121350000,121350000
0,809,121350000,121350100,878,8786,121500000,121500000
0,810,121500000,121500100,878,8786,121650000,121650000
0,811,121650000,121650100,878,8786,121800000,121800000
0,812,121800000,121800100,878,8786,121950000,121950000
0,813,121950000,121950100,878,8786,122100000,122100000
0,814,122100000,122100100,878,8786,122250000,122250000
0,815,122250000,122250100,878,8786,122400000,122400000
0,816,122400000,122400100,878,8786,122550000,122550000
0,817,122550000,122550100,878,8786,122700000,122700000
0,818,122700000,122700100,878,8786,122850000,122850000
0,819,122850000,122850100,878,8786,123000000,123000000
0,820,123000000,123000100,878,8786,123150000,123150000
0,821,123150000,123150100,878,8786,123300000,123300000
0,822,123300000,123300100,878,8786,123450000,123450000
0,823,123450000,123450100,878,8786,123600000,123600000
0,824,123600000,123600100,878,8786,123750000,123750000
0,825,123750000,123750100,878,8786,123900000,123900000
0,826,123900000,123900100,878,8786,124050000,124050000
0,827,124050000,124050100,878,8786,124200000,124200000
0,828,124200000,124200100,878,8786,124350000,124350000
0,829,124350000,124350100,878,8786,124500000,124500000
0,830,124500000,124500100,878,8786,124650000,124650000
0,831,124650000,124650100,878,8786,124800000,124800000
0,832,124800000,124800100,878,8786,124950000,124950000
0,833,124950000,124950100,878,8786,125100000,125100000
0,834,125100000,125100100,878,8786,125250000,125250000
0,835,125250000,125250100,878,8786,125400000,125400000
0,836,125400000,125400100,878,8786,125550000,125550000
0,837,125550000,125550100,878,8786,125700000,125700000
0,838,125700000,125700100,878,8786,125850000,125850000
0,839,125850000,125850100,878,8786,126000000,126000000
0,840,126000000,126000100,878,8786,126150000,126150000
0,841,126150000,126150100,878,8786,126300000,126300000
0,842,126300000,126300100,878,8786,126450000,126450000
0,843,126450000,126450100,878,8786,126600000,126600000
0,844,126600000,126600100,878,8786,126750000,126750000
0,845,126750000,126750100,878,8786,126900000,126900000
0,846,126900000,126900100,878,8786,127050000,127050000
0,847,127050000,127050100,878,8786,127200000,127200000
0,848,127200000,127200100,878,8786,127350000,127350000
0,849,127350000,127350100,878,8786,127500000,127500000
0,850,127500000,127500100,878,8786,127650000,127650000
0,851,127650000,127650100,878,8786,127800000,127800000
0,852,127800000,127800100,878,8786,127950000,127950000
0,853,127950000,127950100,878,8786,128100000,128100000
0,854,128100000,128100100,878,8786,128250000,128250000
0,855,128250000,128250100,878,8786,128400000,128400000
0,856,128400000,128400100,878,8786,128550000,128550000
0,857,128550000,128550100,878,8786,128700000,128700000
0,858,128700000,128700100,878,8786,128850000,128850000
0,859,128850000,128850100,878,8786,129000000,129000000
0,860,129000000,129000100,878,8786,129150000,129150000
0,861,129150000,129150100,878,8786,129300000,129300000
0,862,129300000,129300100,878,8786,129450000,129450000
0,863,129450000,129450100,878,8786,129600000,129600000
0,864,129600000,129600100,878,8786,129750000,129750000
0,865,129750000,129750100,878,8786,129900000,129900000
0,866,129900000,129900100,878,8786,130050000,130050000
0,867,130050000,130050100,878,8786,130200000,130200000
0,868,130200000,130200100,878,8786,130350000,130350000
0,869,130350000,130350100,878,8786,130500000,130500000
0,870,130500000,130500100,878,8786,130650000,130650000
0,871,130650000,130650100,878,8786,130800000,130800000
0,872,130800000,130800100,878,8786,130950000,130950000
0,873,130950000,130950100,878,8786,131100000,131100000
0,874,131100000,131100100,878,8786,131250000,131250000
0,875,131250000,131250100,878,8786,131400000,131400000
0,876,131400000,131400100,878,8786,131550000,131550000
0,877,131550000,131550100,878,8786,131700000,131700000
0,878,131700000,131700100,878,8786,131850000,131850000
0,879,131850000,131850100,878,8786,132000000,132000000
0,880,132000000,132000100,878,8786,132150000,132150000
0,881,132150000,132150100,878,8786,132300000,132300000
0,882,132300000,132300100,878,8786,132450000,132450000
0,883,132450000,132450100,878,8786,132600000,132600000
0,884,132600000,132600100,878,8786,132750000,132750000
0,885,132750000,132750100,878,8786,132900000,132900000
0,886,132900000,132900100,878,8786,133050000,133050000
0,887,133050000,133050100,878,8786,133200000,133200000
0,888,133200000,133200100,878,8786,133350000,133350000
0,889,133350000,133350100,878,8786,133500000,133500000
0,890,133500000,133500100,878,8786,133650000,133650000
0,891,133650000,133650100,878,8786,133800000,133800000
0,892,133800000,133800100,878,8786,133950000,133950000
0,893,133950000,133950100,878,8786,134100000,134100000
0,894,134100000,134100100,878,8786,134250000,134250000
0,895,134250000,134250100,878,8786,134400000,134400000
0,896,134400000,134400100,878,8786,134550000,134550000
0,897,134550000,134550100,878,8786,134700000,134700000
0,898,134700000,134700100,878,8786,134850000,134850000
0,899,134850000,134850100,878,8786,135000000,135000000
0,900,135000000,135000100,878,8786,135150000,135150000
0,901,135150000,135150100,878,8786,135300000,135300000
0,902,135300000,135300100,878,8786,135450000,135450000
0,903,135450000,135450100,878,8786,135600000,135600000
0,904,135600000,135600100,878,8786,135750000,135750000
0,905,135750000,135750100,878,8786,135900000,135900000
0,906,135900000,135900100,878,8786,136050000,136050000
0,907,136050000,136050100,878,8786,136200000,136200000
0,908,136200000,136200100,878,8786,136350000,136350000
0,909,136350000,136350100,878,8786,136500000,136500000
0,910,136500000,136500100,878,8786,136650000,136650000
0,911,136650000,136650100,878,8786,136800000,136800000
0,912,136800000,136800100,878,8786,136950000,136950000
0,913,136950000,136950100,878,8786,137100000,137100000
0,914,137100000,137100100,878,8786,137250000,137250000
0,915,137250000,137250100,878,8786,137400000,137400000
0,916,137400000,137400100,878,8786,137550000,137550000
0,917,137550000,137550100,878,8786,137700000,137700000
0,918,137700000,137700100,878,8786,137850000,137850000
0,919,137850000,137850100,878,8786,138000000,138000000
0,920,138000000,138000100,878,8786,138150000,138150000
0,921,138150000,138150100,878,8786,138300000,138300000
0,922,138300000,138300100,878,8786,138450000,138450000
0,923,138450000,138450100,878,8786,138600000,138600000
0,924,138600000,138600100,878,8786,138750000,138750000
0,925,138750000,138750100,878,8786,138900000,138900000
0,926,138900000,138900100,878,8786,139050000,139050000
0,927,139050000,139050100,878,8786,139200000,139200000
0,928,139200000,139200100,878,8786,139350000,139350000
0,929,139350000,139350100,878,8786,139500000,139500000
0,930,139500000,139500100,878,8786,139650000,139650000
0,931,139650000,139650100,878,8786,139800000,139800000
0,932,139800000,139800100,878,8786,139950000,139950000
0,933,139950000,139950100,878,8786,140100000,140100000
0,934,140100000,140100100,878,8786,140250000,140250000
0,935,140250000,140250100,878,8786,140400000,140400000
0,936,140400000,140400100,878,8786,140550000,140550000
0,937,140550000,140550100,878,8786,140700000,140700000
0,938,140700000,140700100,878,8786,140850000,140850000
0,939,140850000,140850100,878,8786,141000000,141000000
0,940,141000000,141000100,878,8786,141150000,141150000
0,941,141150000,141150100,878,8786,141300000,141300000
0,942,141300000,141300100,878,8786,141450000,141450000
0,943,141450000,141450100,878,8786,141600000,141600000
0,944,141600000,141600100,878,8786,141750000,141750000
0,945,141750000,141750100,878,8786,141900000,141900000
0,946,141900000,141900100,878,8786,142050000,142050000
0,947,142050000,142050100,878,8786,142200000,142200000
0,948,142200000,142200100,878,8786,142350000,142350000
0,949,142350000,142350100,878,8786,142500000,142500000
0,950,142500000,142500100,878,8786,142650000,142650000
0,951,142650000,142650100,878,8786,142800000,142800000
0,952,142800000,142800100,878,8786,142950000,142950000
0,953,142950000,142950100,878,8786,143100000,143100000
0,954,143100000,143100100,878,8786,143250000,143250000
0,955,143250000,143250100,878,8786,143400000,143400000
0,956,143400000,143400100,878,8786,143550000,143550000
0,957,143550000,143550100,878,8786,143700000,143700000
0,958,143700000,143700100,878,8786,143850000,143850000
0,959,143850000,143850100,878,8786,144000000,144000000
0,960,144000000,144000100,878,8786,144150000,144150000
0,961,144150000,144150100,878,8786,144300000,144300000
0,962,144300000,144300100,878,8786,144450000,144450000
0,963,144450000,144450100,878,8786,144600000,144600000
0,964,144600000,144600100,878,8786,144750000,144750000
0,965,144750000,144750100,878,8786,144900000,144900000
0,966,144900000,144900100,878,8786,145050000,145050000
0,967,145050000,145050100,878,8786,145200000,145200000
0,968,145200000,145200100,878,8786,145350000,145350000
0,969,145350000,145350100,878,8786,145500000,145500000
0,970,145500000,145500100,878,8786,145650000,145650000
0,971,145650000,145650100,878,8786,145800000,145800000
0,972,145800000,145800100,878,8786,145950000,145950000
0,973,145950000,145950100,878,8786,146100000,146100000
0,974,146100000,146100100,878,8786,146250000,146250000
0,975,146250000,146250100,878,8786,146400000,146400000
0,976,146400000,146400100,878,8786,146550000,146550000
0,977,146550000,146550100,878,8786,146700000,146700000
0,978,146700000,146700100,878,8786,146850000,146850000
0,979,146850000,146850100,878,8786,147000000,147000000
0,980,147000000,147000100,878,8786,147150000,147150000
0,981,147150000,147150100,878,8786,147300000,147300000
0,982,147300000,147300100,878,8786,147450000,147450000
0,983,147450000,147450100,878,8786,147600000,147600000
0,984,147600000,147600100,878,8786,147750000,147750000
0,985,147750000,147750100,878,8786,147900000,147900000
0,986,147900000,147900100,878,8786,148050000,148050000
0,987,148050000,148050100,878,8786,148200000,148200000
0,988,148200000,148200100,878,8786,148350000,148350000
0,989,148350000,148350100,878,8786,148500000,148500000
0,990,148500000,148500100,878,8786,148650000,148650000
0,991,148650000,148650100,878,8786,148800000,148800000
0,992,148800000,148800100,878,8786,148950000,148950000
0,993,148950000,148950100,878,8786,149100000,149100000
0,994,149100000,149100100,878,8786,149250000,149250000
0,995,149250000,149250100,878,8786,149400000,149400000
0,996,149400000,149400100,878,8786,149550000,149550000
0,997,149550000,149550100,878,8786,149700000,149700000
0,998,149700000,149700100,878,8786,149850000,149850000
0,999,149850000,149850100,878,8786,150000000,150000000
0,1000,150000000,150000100,878,8786,150150000,150150000
0,1001,150150000,150150100,878,8786,150300000,150300000
0,1002,150300000,150300100,878,8786,150450000,150450000
0,1003,150450000,150450100,878,8786,150600000,150600000
0,1004,150600000,150600100,878,8786,150750000,150750000
0,1005,150750000,150750100,878,8786,150900000,150900000
0,1006,150900000,150900100,878,8786,151050000,151050000
0,1007,151050000,151050100,878,8786,151200000,151200000
0,1008,151200000,151200100,878,8786,151350000,151350000
0,1009,151350000,151350100,878,8786,151500000,151500000
0,1010,151500000,151500100,878,8786,151650000,151650000
0,1011,151650000,151650100,878,8786,151800000,151800000
0,1012,151800000,151800100,878,8786,151950000,151950000
0,1013,151950000,151950100,878,8786,152100000,152100000
0,1014,152100000,152100100,878,8786,152250000,152250000
0,1015,152250000,152250100,878,8786,152400000,152400000
0,1016,152400000,152400100,878,8786,152550000,152550000
0,1017,152550000,152550100,878,8786,152700000,152700000
0,1018,152700000,152700100,878,8786,152850000,152850000
0,1019,152850000,152850100,878,8786,153000000,153000000
0,1020,153000000,153000100,878,8786,153150000,153150000
0,1021,153150000,153150100,878,8786,153300000,153300000
0,1022,153300000,153300100,878,8786,153450000,153450000
0,1023,153450000,153450100,878,8786,153600000,153600000
0,1024,153600000,153600100,878,8786,153750000,153750000
0,1025,153750000,153750100,878,8786,153900000,153900000
0,1026,153900000,153900100,878,8786,154050000,154050000
0,1027,154050000,154050100,878,8786,154200000,154200000
0,1028,154200000,154200100,878,8786,154350000,154350000
0,1029,154350000,154350100,878,8786,154500000,154500000
0,1030,154500000,154500100,878,8786,154650000,154650000
0,1031,154650000,154650100,878,8786,154800000,154800000
0,1032,154800000,154800100,878,8786,154950000,154950000
0,1033,154950000,154950100,878,8786,155100000,155100000
0,1034,155100000,155100100,878,8786,155250000,155250000
0,1035,155250000,155250100,878,8786,155400000,155400000
0,1036,155400000,155400100,878,8786,155550000,155550000
0,1037,155550000,155550100,878,8786,155700000,155700000
0,1038,155700000,155700100,878,8786,155850000,155850000
0,1039,155850000,155850100,878,8786,156000000,156000000
0,1040,156000000,156000100,878,8786,156150000,156150000
0,1041,156150000,156150100,878,8786,156300000,156300000
0,1042,156300000,156300100,878,8786,156450000,156450000
0,1043,156450000,156450100,878,8786,156600000,156600000
0,1044,156600000,156600100,878,8786,156750000,156750000
0,1045,156750000,156750100,878,8786,156900000,156900000
0,1046,156900000,156900100,878,8786,157050000,157050000
0,1047,157050000,157050100,878,8786,157200000,157200000
0,1048,157200000,157200100,878,8786,157350000,157350000
0,1049,157350000,157350100,878,8786,157500000,157500000
0,1050,157500000,157500100,878,8786,157650000,157650000
0,1051,157650000,157650100,878,8786,157800000,157800000
0,1052,157800000,157800100,878,8786,157950000,157950000
0,1053,157950000,157950100,878,8786,158100000,158100000
0,1054,158100000,158100100,878,8786,158250000,158250000
0,1055,158250000,158250100,878,8786,158400000,158400000
0,1056,158400000,158400100,878,8786,158550000,158550000
0,1057,158550000,158550100,878,8786,158700000,158700000
0,1058,158700000,158700100,878,8786,158850000,158850000
0,1059,158850000,158850100,878,8786,159000000,159000000
0,1060,159000000,159000100,878,8786,159150000,159150000
0,1061,159150000,159150100,878,8786,159300000,159300000
0,1062,159300000,159300100,878,8786,159450000,159450000
0,1063,159450000,159450100,878,8786,159600000,159600000
0,1064,159600000,159600100,878,8786,159750000,159750000
0,1065,159750000,159750100,878,8786,159900000,159900000
0,1066,159900000,159900100,878,8786,160050000,160050000
0,1067,160050000,160050100,878,8786,160200000,160200000
0,1068,160200000,160200100,878,8786,160350000,160350000
0,1069,160350000,160350100,878,8786,160500000,160500000
0,1070,160500000,160500100,878,8786,160650000,160650000
0,1071,160650000,160650100,878,8786,160800000,160800000
0,1072,160800000,160800100,878,8786,160950000,160950000
0,1073,160950000,160950100,878,8786,161100000,161100000
0,1074,161100000,161100100,878,8786,161250000,161250000
0,1075,161250000,161250100,878,8786,161400000,161400000
0,1076,161400000,161400100,878,8786,161550000,161550000
0,1077,161550000,161550100,878,8786,161700000,161700000
0,1078,161700000,161700100,878,8786,161850000,161850000
0,1079,161850000,161850100,878,8786,162000000,162000000
0,1080,162000000,162000100,878,8786,162150000,162150000
0,1081,162150000,162150100,878,8786,162300000,162300000
0,1082,162300000,162300100,878,8786,162450000,162450000
0,1083,162450000,162450100,878,8786,162600000,162600000
0,1084,162600000,162600100,878,8786,162750000,162750000
0,1085,162750000,162750100,878,8786,162900000,162900000
0,1086,162900000,162900100,878,8786,163050000,163050000
0,1087,163050000,163050100,878,8786,163200000,163200000
0,1088,163200000,163200100,878,8786,163350000,163350000
0,1089,163350000,163350100,878,8786,163500000,163500000
0,1090,163500000,163500100,878,8786,163650000,163650000
0,1091,163650000,163650100,878,8786,163800000,163800000
0,1092,163800000,163800100,878,8786,163950000,163950000
0,1093,163950000,163950100,878,8786,164100000,164100000
0,1094,164100000,164100100,878,8786,164250000,164250000
0,1095,164250000,164250100,878,8786,164400000,164400000
0,1096,164400000,164400100,878,8786,164550000,164550000
0,1097,164550000,164550100,878,8786,164700000,164700000
0,1098,164700000,164700100,878,8786,164850000,164850000
0,1099,164850000,164850100,878,8786,165000000,165000000
0,1100,165000000,165000100,878,8786,165150000,165150000
0,1101,165150000,165150100,878,8786,165300000,165300000
0,1102,165300000,165300100,878,8786,165450000,165450000
0,1103,165450000,165450100,878,8786,165600000,165600000
0,1104,165600000,165600100,878,8786,165750000,165750000
0,1105,165750000,165750100,878,8786,165900000,165900000
0,1106,165900000,165900100,878,8786,166050000,166050000
0,1107,166050000,166050100,878,8786,166200000,166200000
0,1108,166200000,166200100,878,8786,166350000,166350000
0,1109,166350000,166350100,878,8786,166500000,166500000
0,1110,166500000,166500100,878,8786,166650000,166650000
0,1111,166650000,166650100,878,8786,166800000,166800000
0,1112,166800000,166800100,878,8786,166950000,166950000
0,1113,166950000,166950100,878,8786,167100000,167100000
0,1114,167100000,167100100,878,8786,167250000,167250000
0,1115,167250000,167250100,878,8786,167400000,167400000
0,1116,167400000,167400100,878,8786,167550000,167550000
0,1117,167550000,167550100,878,8786,167700000,167700000
0,1118,167700000,167700100,878,8786,167850000,167850000
0,1119,167850000,167850100,878,8786,168000000,168000000
0,1120,168000000,168000100,878,8786,168150000,168150000
0,1121,168150000,168150100,878,8786,168300000,168300000
0,1122,168300000,168300100,878,8786,168450000,168450000
0,1123,168450000,168450100,878,8786,168600000,168600000
0,1124,168600000,168600100,878,8786,168750000,168750000
0,1125,168750000,168750100,878,8786,168900000,168900000
0,1126,168900000,168900100,878,8786,169050000,169050000
0,1127,169050000,169050100,878,8786,169200000,169200000
0,1128,169200000,169200100,878,8786,169350000,169350000
0,1129,169350000,169350100,878,8786,169500000,169500000
0,1130,169500000,169500100,878,8786,169650000,169650000
0,1131,169650000,169650100,878,8786,169800000,169800000
0,1132,169800000,169800100,878,8786,169950000,169950000
0,1133,169950000,169950100,878,8786,170100000,170100000
0,1134,170100000,170100100,878,8786,170250000,170250000
0,1135,170250000,170250100,878,8786,170400000,170400000
0,1136,170400000,170400100,878,8786,170550000,170550000
0,1137,170550000,170550100,878,8786,170700000,170700000
0,1138,170700000,170700100,878,8786,170850000,170850000
0,1139,170850000,170850100,878,8786,171000000,171000000
0,1140,171000000,171000100,878,8786,171150000,171150000
0,1141,171150000,171150100,878,8786,171300000,171300000
0,1142,171300000,171300100,878,8786,171450000,171450000
0,1143,171450000,171450100,878,8786,171600000,171600000
0,1144,171600000,171600100,878,8786,171750000,171750000
0,1145,171750000,171750100,878,8786,171900000,171900000
0,1146,171900000,171900100,878,8786,172050000,172050000
0,1147,172050000,172050100,878,8786,172200000,172200000
0,1148,172200000,172200100,878,8786,172350000,172350000
0,1149,172350000,172350100,878,8786,172500000,172500000
0,1150,172500000,172500100,878,8786,172650000,172650000
0,1151,172650000,172650100,878,8786,172800000,172800000
0,1152,172800000,172800100,878,8786,172950000,172950000
0,1153,172950000,172950100,878,8786,173100000,173100000
0,1154,173100000,173100100,878,8786,173250000,173250000
0,1155,173250000,173250100,878,8786,173400000,173400000
0,1156,173400000,173400100,878,8786,173550000,173550000
0,1157,173550000,173550100,878,8786,173700000,173700000
0,1158,173700000,173700100,878,8786,173850000,173850000
0,1159,173850000,173850100,878,8786,174000000,174000000
0,1160,174000000,174000100,878,8786,174150000,174150000
0,1161,174150000,174150100,878,8786,174300000,174300000
0,1162,174300000,174300100,878,8786,174450000,174450000
0,1163,174450000,174450100,878,8786,174600000,174600000
0,1164,174600000,174600100,878,8786,174750000,174750000
0,1165,174750000,174750100,878,8786,174900000,174900000
0,1166,174900000,174900100,878,8786,175050000,175050000
0,1167,175050000,175050100,878,8786,175200000,175200000
0,1168,175200000,175200100,878,8786,175350000,175350000
0,1169,175350000,175350100,878,8786,175500000,175500000
0,1170,175500000,175500100,878,8786,175650000,175650000
0,1171,175650000,175650100,878,8786,175800000,175800000
0,1172,175800000,175800100,878,8786,175950000,175950000
0,1173,175950000,175950100,878,8786,176100000,176100000
0,1174,176100000,176100100,878,8786,176250000,176250000
0,1175,176250000,176250100,878,8786,176400000,176400000
0,1176,176400000,176400100,878,8786,176550000,176550000
0,1177,176550000,176550100,878,8786,176700000,176700000
0,1178,176700000,176700100,878,8786,176850000,176850000
0,1179,176850000,176850100,878,8786,177000000,177000000
0,1180,177000000,177000100,878,8786,177150000,177150000
0,1181,177150000,177150100,878,8786,177300000,177300000
0,1182,177300000,177300100,878,8786,177450000,177450000
0,1183,177450000,177450100,878,8786,177600000,177600000
0,1184,177600000,177600100,878,8786,177750000,177750000
0,1185,177750000,177750100,878,8786,177900000,177900000
0,1186,177900000,177900100,878,8786,178050000,178050000
0,1187,178050000,178050100,878,8786,178200000,178200000
0,1188,178200000,178200100,878,8786,178350000,178350000
0,1189,178350000,178350100,878,8786,178500000,178500000
0,1190,178500000,178500100,878,8786,178650000,178650000
0,1191,178650000,178650100,878,8786,178800000,178800000
0,1192,178800000,178800100,878,8786,178950000,178950000
0,1193,178950000,178950100,878,8786,179100000,179100000
0,1194,179100000,179100100,878,8786,179250000,179250000
0,1195,179250000,179250100,878,8786,179400000,179400000
0,1196,179400000,179400100,878,8786,179550000,179550000
0,1197,179550000,179550100,878,8786,179700000,179700000
0,1198,179700000,179700100,878,8786,179850000,179850000
0,1199,179850000,179850100,878,8786,180000000,180000000
0,1200,180000000,180000100,878,8786,180150000,180150000
0,1201,180150000,180150100,878,8786,180300000,180300000
0,1202,180300000,180300100,878,8786,180450000,180450000
0,1203,180450000,180450100,878,8786,180600000,180600000
0,1204,180600000,180600100,878,8786,180750000,180750000
0,1205,180750000,180750100,878,8786,180900000,180900000
0,1206,180900000,180900100,878,8786,181050000,181050000
0,1207,181050000,181050100,878,8786,181200000,181200000
0,1208,181200000,181200100,878,8786,181350000,181350000
0,1209,181350000,181350100,878,8786,181500000,181500000
0,1210,181500000,181500100,878,8786,181650000,181650000
0,1211,181650000,181650100,878,8786,181800000,181800000
0,1212,181800000,181800100,878,8786,181950000,181950000
0,1213,181950000,181950100,878,8786,182100000,182100000
0,1214,182100000,182100100,878,8786,182250000,182250000
0,1215,182250000,182250100,878,8786,182400000,182400000
0,1216,182400000,182400100,878,8786,182550000,182550000
0,1217,182550000,182550100,878,8786,182700000,182700000
0,1218,182700000,182700100,878,8786,182850000,182850000
0,1219,182850000,182850100,878,8786,183000000,183000000
0,1220,183000000,183000100,878,8786,183150000,183150000
0,1221,183150000,183150100,878,8786,183300000,183300000
0,1222,183300000,183300100,878,8786,183450000,183450000
0,1223,183450000,183450100,878,8786,183600000,183600000
0,1224,183600000,183600100,878,8786,183750000,183750000
0,1225,183750000,183750100,878,8786,183900000,183900000
0,1226,183900000,183900100,878,8786,184050000,184050000
0,1227,184050000,184050100,878,8786,184200000,184200000
0,1228,184200000,184200100,878,8786,184350000,184350000
0,1229,184350000,184350100,878,8786,184500000,184500000
0,1230,184500000,184500100,878,8786,184650000,184650000
0,1231,184650000,184650100,878,8786,184800000,184800000
0,1232,184800000,184800100,878,8786,184950000,184950000
0,1233,184950000,184950100,878,8786,185100000,185100000
0,1234,185100000,185100100,878,8786,185250000,185250000
0,1235,185250000,185250100,878,8786,185400000,185400000
0,1236,185400000,185400100,878,8786,185550000,185550000
0,1237,185550000,185550100,878,8786,185700000,185700000
0,1238,185700000,185700100,878,8786,185850000,185850000
0,1239,185850000,185850100,878,8786,186000000,186000000
0,1240,186000000,186000100,878,8786,186150000,186150000
0,1241,186150000,186150100,878,8786,186300000,186300000
0,1242,186300000,186300100,878,8786,186450000,186450000
0,1243,186450000,186450100,878,8786,186600000,186600000
0,1244,186600000,186600100,878,8786,186750000,186750000
0,1245,186750000,186750100,878,8786,186900000,186900000
0,1246,186900000,186900100,878,8786,187050000,187050000
0,1247,187050000,187050100,878,8786,187200000,187200000
0,1248,187200000,187200100,878,8786,187350000,187350000
0,1249,187350000,187350100,878,8786,187500000,187500000
0,1250,187500000,187500100,878,8786,187650000,187650000
0,1251,187650000,187650100,878,8786,187800000,187800000
0,1252,187800000,187800100,878,8786,187950000,187950000
0,1253,187950000,187950100,878,8786,188100000,188100000
0,1254,188100000,188100100,878,8786,188250000,188250000
0,1255,188250000,188250100,878,8786,188400000,188400000
0,1256,188400000,188400100,878,8786,188550000,188550000
0,1257,188550000,188550100,878,8786,188700000,188700000
0,1258,188700000,188700100,878,8786,188850000,188850000
0,1259,188850000,188850100,878,8786,189000000,189000000
0,1260,189000000,189000100,878,8786,189150000,189150000
0,1261,189150000,189150100,878,8786,189300000,189300000
0,1262,189300000,189300100,878,8786,189450000,189450000
0,1263,189450000,189450100,878,8786,189600000,189600000
0,1264,189600000,189600100,878,8786,189750000,189750000
0,1265,189750000,189750100,878,8786,189900000,189900000
0,1266,189900000,189900100,878,8786,190050000,190050000
0,1267,190050000,190050100,878,8786,190200000,190200000
0,1268,190200000,190200100,878,8786,190350000,190350000
0,1269,190350000,190350100,878,8786,190500000,190500000
0,1270,190500000,190500100,878,8786,190650000,190650000
0,1271,190650000,190650100,878,8786,190800000,190800000
0,1272,190800000,190800100,878,8786,190950000,190950000
0,1273,190950000,190950100,878,8786,191100000,191100000
0,1274,191100000,191100100,878,8786,191250000,191250000
0,1275,191250000,191250100,878,8786,191400000,191400000
0,1276,191400000,191400100,878,8786,191550000,191550000
0,1277,191550000,191550100,878,8786,191700000,191700000
0,1278,191700000,191700100,878,8786,191850000,191850000
0,1279,191850000,191850100,878,8786,192000000,192000000
0,1280,192000000,192000100,878,8786,192150000,192150000
0,1281,192150000,192150100,878,8786,192300000,192300000
0,1282,192300000,192300100,878,8786,192450000,192450000
0,1283,192450000,192450100,878,8786,192600000,192600000
0,1284,192600000,192600100,878,8786,192750000,192750000
0,1285,192750000,192750100,878,8786,192900000,192900000
0,1286,192900000,192900100,878,8786,193050000,193050000
0,1287,193050000,193050100,878,8786,193200000,193200000
0,1288,193200000,193200100,878,8786,193350000,193350000
0,1289,193350000,193350100,878,8786,193500000,193500000
0,1290,193500000,193500100,878,8786,193650000,193650000
0,1291,193650000,193650100,878,8786,193800000,193800000
0,1292,193800000,193800100,878,8786,193950000,193950000
0,1293,193950000,193950100,878,8786,194100000,194100000
0,1294,194100000,194100100,878,8786,194250000,194250000
0,1295,194250000,194250100,878,8786,194400000,194400000
0,1296,194400000,194400100,878,8786,194550000,194550000
0,1297,194550000,194550100,878,8786,194700000,194700000
0,1298,194700000,194700100,878,8786,194850000,194850000
0,1299,194850000,194850100,878,8786,195000000,195000000
0,1300,195000000,195000100,878,8786,195150000,195150000
0,1301,195150000,195150100,878,8786,195300000,195300000
0,1302,195300000,195300100,878,8786,195450000,195450000
0,1303,195450000,195450100,878,8786,195600000,195600000
0,1304,195600000,195600100,878,8786,195750000,195750000
0,1305,195750000,195750100,878,8786,195900000,195900000
0,1306,195900000,195900100,878,8786,196050000,196050000
0,1307,196050000,196050100,878,8786,196200000,196200000
0,1308,196200000,196200100,878,8786,196350000,196350000
0,1309,196350000,196350100,878,8786,196500000,196500000
0,1310,196500000,196500100,878,8786,196650000,196650000
0,1311,196650000,196650100,878,8786,196800000,196800000
0,1312,196800000,196800100,878,8786,196950000,196950000
0,1313,196950000,196950100,878,8786,197100000,197100000
0,1314,197100000,197100100,878,8786,197250000,197250000
0,1315,197250000,197250100,878,8786,197400000,197400000
0,1316,197400000,197400100,878,8786,197550000,197550000
0,1317,197550000,197550100,878,8786,197700000,197700000
0,1318,197700000,197700100,878,8786,197850000,197850000
0,1319,197850000,197850100,878,8786,198000000,198000000
1,0,0,100,2793,27931,150000,150000
1,1,150000,150100,2793,27931,300000,300000
1,2,300000,300100,2793,27931,450000,450000
1,3,450000,450100,2793,27931,600000,600000
1,4,600000,600100,2793,27931,750000,750000
1,5,750000,750100,2793,27931,900000,900000
1,6,900000,900100,2793,27931,1050000,1050000
1,7,1050000,1050100,2793,27931,1200000,1200000
1,8,1200000,1200100,2793,27931,1350000,1350000
1,9,1350000,1350100,2793,27931,1500000,1500000
1,10,1500000,1500100,2793,27931,1650000,1650000
1,11,1650000,1650100,2793,27931,1800000,1800000
1,12,1800000,1800100,2793,27931,1950000,1950000
1,13,1950000,1950100,2793,27931,2100000,2100000
1,14,2100000,2100100,2793,27931,2250000,2250000
1,15,2250000,2250100,2793,27931,2400000,2400000
1,16,2400000,2400100,2793,27931,2550000,2550000
1,17,2550000,2550100,2793,27931,2700000,2700000
1,18,2700000,2700100,2793,27931,2850000,2850000
1,19,2850000,2850100,2793,27931,3000000,3000000
1,20,3000000,3000100,2793,27931,3150000,3150000
1,21,3150000,3150100,2793,27931,3300000,3300000
1,22,3300000,3300100,2793,27931,3450000,3450000
1,23,3450000,3450100,2793,27931,3600000,3600000
1,24,3600000,3600100,2793,27931,3750000,3750000
1,25,3750000,3750100,2793,27931,3900000,3900000
1,26,3900000,3900100,2793,27931,4050000,4050000
1,27,4050000,4050100,2793,27931,4200000,4200000
1,28,4200000,4200100,2793,27931,4350000,4350000
1,29,4350000,4350100,2793,27931,4500000,4500000
1,30,4500000,4500100,2793,27931,4650000,4650000
1,31,4650000,4650100,2793,27931,4800000,4800000
1,32,4800000,4800100,2793,27931,4950000,4950000
1,33,4950000,4950100,2793,27931,5100000,5100000
1,34,5100000,5100100,2793,27931,5250000,5250000
1,35,5250000,5250100,2793,27931,5400000,5400000
1,36,5400000,5400100,2793,27931,5550000,5550000
1,37,5550000,5550100,2793,27931,5700000,5700000
1,38,5700000,5700100,2793,27931,5850000,5850000
1,39,5850000,5850100,2793,27931,6000000,6000000
1,40,6000000,6000100,2793,27931,6150000,6150000
1,41,6150000,6150100,2793,27931,6300000,6300000
1,42,6300000,6300100,2793,27931,6450000,6450000
1,43,6450000,6450100,2793,27931,6600000,6600000
1,44,6600000,6600100,2793,27931,6750000,6750000
1,45,6750000,6750100,2793,27931,6900000,6900000
1,46,6900000,6900100,2793,27931,7050000,7050000
1,47,7050000,7050100,2793,27931,7200000,7200000
1,48,7200000,7200100,2793,27931,7350000,7350000
1,49,7350000,7350100,2793,27931,7500000,7500000
1,50,7500000,7500100,2793,27931,7650000,7650000
1,51,7650000,7650100,2793,27931,7800000,7800000
1,52,7800000,7800100,2793,27931,7950000,7950000
1,53,7950000,7950100,2793,27931,8100000,8100000
1,54,8100000,8100100,2793,27931,8250000,8250000
1,55,8250000,8250100,2793,27931,8400000,8400000
1,56,8400000,8400100,2793,27931,8550000,8550000
1,57,8550000,8550100,2793,27931,8700000,8700000
1,58,8700000,8700100,2793,27931,8850000,8850000
1,59,8850000,8850100,2793,27931,9000000,9000000
1,60,9000000,9000100,2793,27931,9150000,9150000
1,61,9150000,9150100,2793,27931,9300000,9300000
1,62,9300000,9300100,2793,27931,9450000,9450000
1,63,9450000,9450100,2793,27931,9600000,9600000
1,64,9600000,9600100,2793,27931,9750000,9750000
1,65,9750000,9750100,2793,27931,9900000,9900000
1,66,9900000,9900100,2793,27931,10050000,10050000
1,67,10050000,10050100,2793,27931,10200000,10200000
1,68,10200000,10200100,2793,27931,10350000,10350000
1,69,10350000,10350100,2793,27931,10500000,10500000
1,70,10500000,10500100,2793,27931,10650000,10650000
1,71,10650000,10650100,2793,27931,10800000,10800000
1,72,10800000,10800100,2793,27931,10950000,10950000
1,73,10950000,10950100,2793,27931,11100000,11100000
1,74,11100000,11100100,2793,27931,11250000,11250000
1,75,11250000,11250100,2793,27931,11400000,11400000
1,76,11400000,11400100,2793,27931,11550000,11550000
1,77,11550000,11550100,2793,27931,11700000,11700000
1,78,11700000,11700100,2793,27931,11850000,11850000
1,79,11850000,11850100,2793,27931,12000000,12000000
1,80,12000000,12000100,2793,27931,12150000,12150000
1,81,12150000,12150100,2793,27931,12300000,12300000
1,82,12300000,12300100,2793,27931,12450000,12450000
1,83,12450000,12450100,2793,27931,12600000,12600000
1,84,12600000,12600100,2793,27931,12750000,12750000
1,85,12750000,12750100,2793,27931,12900000,12900000
1,86,12900000,12900100,2793,27931,13050000,13050000
1,87,13050000,13050100,2793,27931,13200000,13200000
1,88,13200000,13200100,2793,27931,13350000,13350000
1,89,13350000,13350100,2793,27931,13500000,13500000
1,90,13500000,13500100,2793,27931,13650000,13650000
1,91,13650000,13650100,2793,27931,13800000,13800000
1,92,13800000,13800100,2793,27931,13950000,13950000
1,93,13950000,13950100,2793,27931,14100000,14100000
1,94,14100000,14100100,2793,27931,14250000,14250000
1,95,14250000,14250100,2793,27931,14400000,14400000
1,96,14400000,14400100,2793,27931,14550000,14550000
1,97,14550000,14550100,2793,27931,14700000,14700000
1,98,14700000,14700100,2793,27931,14850000,14850000
1,99,14850000,14850100,2793,27931,15000000,15000000
1,100,15000000,15000100,2793,27931,15150000,15150000
1,101,15150000,15150100,2793,27931,15300000,15300000
1,102,15300000,15300100,2793,27931,15450000,15450000
1,103,15450000,15450100,2793,27931,15600000,15600000
1,104,15600000,15600100,2793,27931,15750000,15750000
1,105,15750000,15750100,2793,27931,15900000,15900000
1,106,15900000,15900100,2793,27931,16050000,16050000
1,107,16050000,16050100,2793,27931,16200000,16200000
1,108,16200000,16200100,2793,27931,16350000,16350000
1,109,16350000,16350100,2793,27931,16500000,16500000
1,110,16500000,16500100,2793,27931,16650000,16650000
1,111,16650000,16650100,2793,27931,16800000,16800000
1,112,16800000,16800100,2793,27931,16950000,16950000
1,113,16950000,16950100,2793,27931,17100000,17100000
1,114,17100000,17100100,2793,27931,17250000,17250000
1,115,17250000,17250100,2793,27931,17400000,17400000
1,116,17400000,17400100,2793,27931,17550000,17550000
1,117,17550000,17550100,2793,27931,17700000,17700000
1,118,17700000,17700100,2793,27931,17850000,17850000
1,119,17850000,17850100,2793,27931,18000000,18000000
1,120,18000000,18000100,2793,27931,18150000,18150000
1,121,18150000,18150100,2793,27931,18300000,18300000
1,122,18300000,18300100,2793,27931,18450000,18450000
1,123,18450000,18450100,2793,27931,18600000,18600000
1,124,18600000,18600100,2793,27931,18750000,18750000
1,125,18750000,18750100,2793,27931,18900000,18900000
1,126,18900000,18900100,2793,27931,19050000,19050000
1,127,19050000,19050100,2793,27931,19200000,19200000
1,128,19200000,19200100,2793,27931,19350000,19350000
1,129,19350000,19350100,2793,27931,19500000,19500000
1,130,19500000,19500100,2793,27931,19650000,19650000
1,131,19650000,19650100,2793,27931,19800000,19800000
1,132,19800000,19800100,2793,27931,19950000,19950000
1,133,19950000,19950100,2793,27931,20100000,20100000
1,134,20100000,20100100,2793,27931,20250000,20250000
1,135,20250000,20250100,2793,27931,20400000,20400000
1,136,20400000,20400100,2793,27931,20550000,20550000
1,137,20550000,20550100,2793,27931,20700000,20700000
1,138,20700000,20700100,2793,27931,20850000,20850000
1,139,20850000,20850100,2793,27931,21000000,21000000
1,140,21000000,21000100,2793,27931,21150000,21150000
1,141,21150000,21150100,2793,27931,21300000,21300000
1,142,21300000,21300100,2793,27931,21450000,21450000
1,143,21450000,21450100,2793,27931,21600000,21600000
1,144,21600000,21600100,2793,27931,21750000,21750000
1,145,21750000,21750100,2793,27931,21900000,21900000
1,146,21900000,21900100,2793,27931,22050000,22050000
1,147,22050000,22050100,2793,27931,22200000,22200000
1,148,22200000,22200100,2793,27931,22350000,22350000
1,149,22350000,22350100,2793,27931,22500000,22500000
1,150,22500000,22500100,2793,27931,22650000,22650000
1,151,22650000,22650100,2793,27931,22800000,22800000
1,152,22800000,22800100,2793,27931,22950000,22950000
1,153,22950000,22950100,2793,27931,23100000,23100000
1,154,23100000,23100100,2793,27931,23250000,23250000
1,155,23250000,23250100,2793,27931,23400000,23400000
1,156,23400000,23400100,2793,27931,23550000,23550000
1,157,23550000,23550100,2793,27931,23700000,23700000
1,158,23700000,23700100,2793,27931,23850000,23850000
1,159,23850000,23850100,2793,27931,24000000,24000000
1,160,24000000,24000100,2793,27931,24150000,24150000
1,161,24150000,24150100,2793,27931,24300000,24300000
1,162,24300000,24300100,2793,27931,24450000,24450000
1,163,24450000,24450100,2793,27931,24600000,24600000
1,164,24600000,24600100,2793,27931,24750000,24750000
1,165,24750000,24750100,2793,27931,24900000,24900000
1,166,24900000,24900100,2793,27931,25050000,25050000
1,167,25050000,25050100,2793,27931,25200000,25200000
1,168,25200000,25200100,2793,27931,25350000,25350000
1,169,25350000,25350100,2793,27931,25500000,25500000
1,170,25500000,25500100,2793,27931,25650000,25650000
1,171,25650000,25650100,2793,27931,25800000,25800000
1,172,25800000,25800100,2793,27931,25950000,25950000
1,173,25950000,25950100,2793,27931,26100000,26100000
1,174,26100000,26100100,2793,27931,26250000,26250000
1,175,26250000,26250100,2793,27931,26400000,26400000
1,176,26400000,26400100,2793,27931,26550000,26550000
1,177,26550000,26550100,2793,27931,26700000,26700000
1,178,26700000,26700100,2793,27931,26850000,26850000
1,179,26850000,26850100,2793,27931,27000000,27000000
1,180,27000000,27000100,2793,27931,27150000,27150000
1,181,27150000,27150100,2793,27931,27300000,27300000
1,182,27300000,27300100,2793,27931,27450000,27450000
1,183,27450000,27450100,2793,27931,27600000,27600000
1,184,27600000,27600100,2793,27931,27750000,27750000
1,185,27750000,27750100,2793,27931,27900000,27900000
1,186,27900000,27900100,2793,27931,28050000,28050000
1,187,28050000,28050100,2793,27931,28200000,28200000
1,188,28200000,28200100,2793,27931,28350000,28350000
1,189,28350000,28350100,2793,27931,28500000,28500000
1,190,28500000,28500100,2793,27931,28650000,28650000
1,191,28650000,28650100,2793,27931,28800000,28800000
1,192,28800000,28800100,2793,27931,28950000,28950000
1,193,28950000,28950100,2793,27931,29100000,29100000
1,194,29100000,29100100,2793,27931,29250000,29250000
1,195,29250000,29250100,2793,27931,29400000,29400000
1,196,29400000,29400100,2793,27931,29550000,29550000
1,197,29550000,29550100,2793,27931,29700000,29700000
1,198,29700000,29700100,2793,27931,29850000,29850000
1,199,29850000,29850100,2793,27931,30000000,30000000
1,200,30000000,30000100,2793,27931,30150000,30150000
1,201,30150000,30150100,2793,27931,30300000,30300000
1,202,30300000,30300100,2793,27931,30450000,30450000
1,203,30450000,30450100,2793,27931,30600000,30600000
1,204,30600000,30600100,2793,27931,30750000,30750000
1,205,30750000,30750100,2793,27931,30900000,30900000
1,206,30900000,30900100,2793,27931,31050000,31050000
1,207,31050000,31050100,2793,27931,31200000,31200000
1,208,31200000,31200100,2793,27931,31350000,31350000
1,209,31350000,31350100,2793,27931,31500000,31500000
1,210,31500000,31500100,2793,27931,31650000,31650000
1,211,31650000,31650100,2793,27931,31800000,31800000
1,212,31800000,31800100,2793,27931,31950000,31950000
1,213,31950000,31950100,2793,27931,32100000,32100000
1,214,32100000,32100100,2793,27931,32250000,32250000
1,215,32250000,32250100,2793,27931,32400000,32400000
1,216,32400000,32400100,2793,27931,32550000,32550000
1,217,32550000,32550100,2793,27931,32700000,32700000
1,218,32700000,32700100,2793,27931,32850000,32850000
1,219,32850000,32850100,2793,27931,33000000,33000000
1,220,33000000,33000100,2793,27931,33150000,33150000
1,221,33150000,33150100,2793,27931,33300000,33300000
1,222,33300000,33300100,2793,27931,33450000,33450000
1,223,33450000,33450100,2793,27931,33600000,33600000
1,224,33600000,33600100,2793,27931,33750000,33750000
1,225,33750000,33750100,2793,27931,33900000,33900000
1,226,33900000,33900100,2793,27931,34050000,34050000
1,227,34050000,34050100,2793,27931,34200000,34200000
1,228,34200000,34200100,2793,27931,34350000,34350000
1,229,34350000,34350100,2793,27931,34500000,34500000
1,230,34500000,34500100,2793,27931,34650000,34650000
1,231,34650000,34650100,2793,27931,34800000,34800000
1,232,34800000,34800100,2793,27931,34950000,34950000
1,233,34950000,34950100,2793,27931,35100000,35100000
1,234,35100000,35100100,2793,27931,35250000,35250000
1,235,35250000,35250100,2793,27931,35400000,35400000
1,236,35400000,35400100,2793,27931,35550000,35550000
1,237,35550000,35550100,2793,27931,35700000,35700000
1,238,35700000,35700100,2793,27931,35850000,35850000
1,239,35850000,35850100,2793,27931,36000000,36000000
1,240,36000000,36000100,2793,27931,36150000,36150000
1,241,36150000,36150100,2793,27931,36300000,36300000
1,242,36300000,36300100,2793,27931,36450000,36450000
1,243,36450000,36450100,2793,27931,36600000,36600000
1,244,36600000,36600100,2793,27931,36750000,36750000
1,245,36750000,36750100,2793,27931,36900000,36900000
1,246,36900000,36900100,2793,27931,37050000,37050000
1,247,37050000,37050100,2793,27931,37200000,37200000
1,248,37200000,37200100,2793,27931,37350000,37350000
1,249,37350000,37350100,2793,27931,37500000,37500000
1,250,37500000,37500100,2793,27931,37650000,37650000
1,251,37650000,37650100,2793,27931,37800000,37800000
1,252,37800000,37800100,2793,27931,37950000,37950000
1,253,37950000,37950100,2793,27931,38100000,38100000
1,254,38100000,38100100,2793,27931,38250000,38250000
1,255,38250000,38250100,2793,27931,38400000,38400000
1,256,38400000,38400100,2793,27931,38550000,38550000
1,257,38550000,38550100,2793,27931,38700000,38700000
1,258,38700000,38700100,2793,27931,38850000,38850000
1,259,38850000,38850100,2793,27931,39000000,39000000
1,260,39000000,39000100,2793,27931,39150000,39150000
1,261,39150000,39150100,2793,27931,39300000,39300000
1,262,39300000,39300100,2793,27931,39450000,39450000
1,263,39450000,39450100,2793,27931,39600000,39600000
1,264,39600000,39600100,2793,27931,39750000,39750000
1,265,39750000,39750100,2793,27931,39900000,39900000
1,266,39900000,39900100,2793,27931,40050000,40050000
1,267,40050000,40050100,2793,27931,40200000,40200000
1,268,40200000,40200100,2793,27931,40350000,40350000
1,269,40350000,40350100,2793,27931,40500000,40500000
1,270,40500000,40500100,2793,27931,40650000,40650000
1,271,40650000,40650100,2793,27931,40800000,40800000
1,272,40800000,40800100,2793,27931,40950000,40950000
1,273,40950000,40950100,2793,27931,41100000,41100000
1,274,41100000,41100100,2793,27931,41250000,41250000
1,275,41250000,41250100,2793,27931,41400000,41400000
1,276,41400000,41400100,2793,27931,41550000,41550000
1,277,41550000,41550100,2793,27931,41700000,41700000
1,278,41700000,41700100,2793,27931,41850000,41850000
1,279,41850000,41850100,2793,27931,42000000,42000000
1,280,42000000,42000100,2793,27931,42150000,42150000
1,281,42150000,42150100,2793,27931,42300000,42300000
1,282,42300000,42300100,2793,27931,42450000,42450000
1,283,42450000,42450100,2793,27931,42600000,42600000
1,284,42600000,42600100,2793,27931,42750000,42750000
1,285,42750000,42750100,2793,27931,42900000,42900000
1,286,42900000,42900100,2793,27931,43050000,43050000
1,287,43050000,43050100,2793,27931,43200000,43200000
1,288,43200000,43200100,2793,27931,43350000,43350000
1,289,43350000,43350100,2793,27931,43500000,43500000
1,290,43500000,43500100,2793,27931,43650000,43650000
1,291,43650000,43650100,2793,27931,43800000,43800000
1,292,43800000,43800100,2793,27931,43950000,43950000
1,293,43950000,43950100,2793,27931,44100000,44100000
1,294,44100000,44100100,2793,27931,44250000,44250000
1,295,44250000,44250100,2793,27931,44400000,44400000
1,296,44400000,44400100,2793,27931,44550000,44550000
1,297,44550000,44550100,2793,27931,44700000,44700000
1,298,44700000,44700100,2793,27931,44850000,44850000
1,299,44850000,44850100,2793,27931,45000000,45000000
1,300,45000000,45000100,2793,27931,45150000,45150000
1,301,45150000,45150100,2793,27931,45300000,45300000
1,302,45300000,45300100,2793,27931,45450000,45450000
1,303,45450000,45450100,2793,27931,45600000,45600000
1,304,45600000,45600100,2793,27931,45750000,45750000
1,305,45750000,45750100,2793,27931,45900000,45900000
1,306,45900000,45900100,2793,27931,46050000,46050000
1,307,46050000,46050100,2793,27931,46200000,46200000
1,308,46200000,46200100,2793,27931,46350000,46350000
1,309,46350000,46350100,2793,27931,46500000,46500000
1,310,46500000,46500100,2793,27931,46650000,46650000
1,311,46650000,46650100,2793,27931,46800000,46800000
1,312,46800000,46800100,2793,27931,46950000,46950000
1,313,46950000,46950100,2793,27931,47100000,47100000
1,314,47100000,47100100,2793,27931,47250000,47250000
1,315,47250000,47250100,2793,27931,47400000,47400000
1,316,47400000,47400100,2793,27931,47550000,47550000
1,317,47550000,47550100,2793,27931,47700000,47700000
1,318,47700000,47700100,2793,27931,47850000,47850000
1,319,47850000,47850100,2793,27931,48000000,48000000
1,320,48000000,48000100,2793,27931,48150000,48150000
1,321,48150000,48150100,2793,27931,48300000,48300000
1,322,48300000,48300100,2793,27931,48450000,48450000
1,323,48450000,48450100,2793,27931,48600000,48600000
1,324,48600000,48600100,2793,27931,48750000,48750000
1,325,48750000,48750100,2793,27931,48900000,48900000
1,326,48900000,48900100,2793,27931,49050000,49050000
1,327,49050000,49050100,2793,27931,49200000,49200000
1,328,49200000,49200100,2793,27931,49350000,49350000
1,329,49350000,49350100,2793,27931,49500000,49500000
1,330,49500000,49500100,2793,27931,49650000,49650000
1,331,49650000,49650100,2793,27931,49800000,49800000
1,332,49800000,49800100,2793,27931,49950000,49950000
1,333,49950000,49950100,2793,27931,50100000,50100000
1,334,50100000,50100100,2793,27931,50250000,50250000
1,335,50250000,50250100,2793,27931,50400000,50400000
1,336,50400000,50400100,2793,27931,50550000,50550000
1,337,50550000,50550100,2793,27931,50700000,50700000
1,338,50700000,50700100,2793,27931,50850000,50850000
1,339,50850000,50850100,2793,27931,51000000,51000000
1,340,51000000,51000100,2793,27931,51150000,51150000
1,341,51150000,51150100,2793,27931,51300000,51300000
1,342,51300000,51300100,2793,27931,51450000,51450000
1,343,51450000,51450100,2793,27931,51600000,51600000
1,344,51600000,51600100,2793,27931,51750000,51750000
1,345,51750000,51750100,2793,27931,51900000,51900000
1,346,51900000,51900100,2793,27931,52050000,52050000
1,347,52050000,52050100,2793,27931,52200000,52200000
1,348,52200000,52200100,2793,27931,52350000,52350000
1,349,52350000,52350100,2793,27931,52500000,52500000
1,350,52500000,52500100,2793,27931,52650000,52650000
1,351,52650000,52650100,2793,27931,52800000,52800000
1,352,52800000,52800100,2793,27931,52950000,52950000
1,353,52950000,52950100,2793,27931,53100000,53100000
1,354,53100000,53100100,2793,27931,53250000,53250000
1,355,53250000,53250100,2793,27931,53400000,53400000
1,356,53400000,53400100,2793,27931,53550000,53550000
1,357,53550000,53550100,2793,27931,53700000,53700000
1,358,53700000,53700100,2793,27931,53850000,53850000
1,359,53850000,53850100,2793,27931,54000000,54000000
1,360,54000000,54000100,2793,27931,54150000,54150000
1,361,54150000,54150100,2793,27931,54300000,54300000
1,362,54300000,54300100,2793,27931,54450000,54450000
1,363,54450000,54450100,2793,27931,54600000,54600000
1,364,54600000,54600100,2793,27931,54750000,54750000
1,365,54750000,54750100,2793,27931,54900000,54900000
1,366,54900000,54900100,2793,27931,55050000,55050000
1,367,55050000,55050100,2793,27931,55200000,55200000
1,368,55200000,55200100,2793,27931,55350000,55350000
1,369,55350000,55350100,2793,27931,55500000,55500000
1,370,55500000,55500100,2793,27931,55650000,55650000
1,371,55650000,55650100,2793,27931,55800000,55800000
1,372,55800000,55800100,2793,27931,55950000,55950000
1,373,55950000,55950100,2793,27931,56100000,56100000
1,374,56100000,56100100,2793,27931,56250000,56250000
1,375,56250000,56250100,2793,27931,56400000,56400000
1,376,56400000,56400100,2793,27931,56550000,56550000
1,377,56550000,56550100,2793,27931,56700000,56700000
1,378,56700000,56700100,2793,27931,56850000,56850000
1,379,56850000,56850100,2793,27931,57000000,57000000
1,380,57000000,57000100,2793,27931,57150000,57150000
1,381,57150000,57150100,2793,27931,57300000,57300000
1,382,57300000,57300100,2793,27931,57450000,57450000
1,383,57450000,57450100,2793,27931,57600000,57600000
1,384,57600000,57600100,2793,27931,57750000,57750000
1,385,57750000,57750100,2793,27931,57900000,57900000
1,386,57900000,57900100,2793,27931,58050000,58050000
1,387,58050000,58050100,2793,27931,58200000,58200000
1,388,58200000,58200100,2793,27931,58350000,58350000
1,389,58350000,58350100,2793,27931,58500000,58500000
1,390,58500000,58500100,2793,27931,58650000,58650000
1,391,58650000,58650100,2793,27931,58800000,58800000
1,392,58800000,58800100,2793,27931,58950000,58950000
1,393,58950000,58950100,2793,27931,59100000,59100000
1,394,59100000,59100100,2793,27931,59250000,59250000
1,395,59250000,59250100,2793,27931,59400000,59400000
1,396,59400000,59400100,2793,27931,59550000,59550000
1,397,59550000,59550100,2793,27931,59700000,59700000
1,398,59700000,59700100,2793,27931,59850000,59850000
1,399,59850000,59850100,2793,27931,60000000,60000000
1,400,60000000,60000100,2793,27931,60150000,60150000
1,401,60150000,60150100,2793,27931,60300000,60300000
1,402,60300000,60300100,2793,27931,60450000,60450000
1,403,60450000,60450100,2793,27931,60600000,60600000
1,404,60600000,60600100,2793,27931,60750000,60750000
1,405,60750000,60750100,2793,27931,60900000,60900000
1,406,60900000,60900100,2793,27931,61050000,61050000
1,407,61050000,61050100,2793,27931,61200000,61200000
1,408,61200000,61200100,2793,27931,61350000,61350000
1,409,61350000,61350100,2793,27931,61500000,61500000
1,410,61500000,61500100,2793,27931,61650000,61650000
1,411,61650000,61650100,2793,27931,61800000,61800000
1,412,61800000,61800100,2793,27931,61950000,61950000
1,413,61950000,61950100,2793,27931,62100000,62100000
1,414,62100000,62100100,2793,27931,62250000,62250000
1,415,62250000,62250100,2793,27931,62400000,62400000
1,416,62400000,62400100,2793,27931,62550000,62550000
1,417,62550000,62550100,2793,27931,62700000,62700000
1,418,62700000,62700100,2793,27931,62850000,62850000
1,419,62850000,62850100,2793,27931,63000000,63000000
1,420,63000000,63000100,2793,27931,63150000,63150000
1,421,63150000,63150100,2793,27931,63300000,63300000
1,422,63300000,63300100,2793,27931,63450000,63450000
1,423,63450000,63450100,2793,27931,63600000,63600000
1,424,63600000,63600100,2793,27931,63750000,63750000
1,425,63750000,63750100,2793,27931,63900000,63900000
1,426,63900000,63900100,2793,27931,64050000,64050000
1,427,64050000,64050100,2793,27931,64200000,64200000
1,428,64200000,64200100,2793,27931,64350000,64350000
1,429,64350000,64350100,2793,27931,64500000,64500000
1,430,64500000,64500100,2793,27931,64650000,64650000
1,431,64650000,64650100,2793,27931,64800000,64800000
1,432,64800000,64800100,2793,27931,64950000,64950000
1,433,64950000,64950100,2793,27931,65100000,65100000
1,434,65100000,65100100,2793,27931,65250000,65250000
1,435,65250000,65250100,2793,27931,65400000,65400000
1,436,65400000,65400100,2793,27931,65550000,65550000
1,437,65550000,65550100,2793,27931,65700000,65700000
1,438,65700000,65700100,2793,27931,65850000,65850000
1,439,65850000,65850100,2793,27931,66000000,66000000
1,440,66000000,66000100,2793,27931,66150000,66150000
1,441,66150000,66150100,2793,27931,66300000,66300000
1,442,66300000,66300100,2793,27931,66450000,66450000
1,443,66450000,66450100,2793,27931,66600000,66600000
1,444,66600000,66600100,2793,27931,66750000,66750000
1,445,66750000,66750100,2793,27931,66900000,66900000
1,446,66900000,66900100,2793,27931,67050000,67050000
1,447,67050000,67050100,2793,27931,67200000,67200000
1,448,67200000,67200100,2793,27931,67350000,67350000
1,449,67350000,67350100,2793,27931,67500000,67500000
1,450,67500000,67500100,2793,27931,67650000,67650000
1,451,67650000,67650100,2793,27931,67800000,67800000
1,452,67800000,67800100,2793,27931,67950000,67950000
1,453,67950000,67950100,2793,27931,68100000,68100000
1,454,68100000,68100100,2793,27931,68250000,68250000
1,455,68250000,68250100,2793,27931,68400000,68400000
1,456,68400000,68400100,2793,27931,68550000,68550000
1,457,68550000,68550100,2793,27931,68700000,68700000
1,458,68700000,68700100,2793,27931,68850000,68850000
1,459,68850000,68850100,2793,27931,69000000,69000000
1,460,69000000,69000100,2793,27931,69150000,69150000
1,461,69150000,69150100,2793,27931,69300000,69300000
1,462,69300000,69300100,2793,27931,69450000,69450000
1,463,69450000,69450100,2793,27931,69600000,69600000
1,464,69600000,69600100,2793,27931,69750000,69750000
1,465,69750000,69750100,2793,27931,69900000,69900000
1,466,69900000,69900100,2793,27931,70050000,70050000
1,467,70050000,70050100,2793,27931,70200000,70200000
1,468,70200000,70200100,2793,27931,70350000,70350000
1,469,70350000,70350100,2793,27931,70500000,70500000
1,470,70500000,70500100,2793,27931,70650000,70650000
1,471,70650000,70650100,2793,27931,70800000,70800000
1,472,70800000,70800100,2793,27931,70950000,70950000
1,473,70950000,70950100,2793,27931,71100000,71100000
1,474,71100000,71100100,2793,27931,71250000,71250000
1,475,71250000,71250100,2793,27931,71400000,71400000
1,476,71400000,71400100,2793,27931,71550000,71550000
1,477,71550000,71550100,2793,27931,71700000,71700000
1,478,71700000,71700100,2793,27931,71850000,71850000
1,479,71850000,71850100,2793,27931,72000000,72000000
1,480,72000000,72000100,2793,27931,72150000,72150000
1,481,72150000,72150100,2793,27931,72300000,72300000
1,482,72300000,72300100,2793,27931,72450000,72450000
1,483,72450000,72450100,2793,27931,72600000,72600000
1,484,72600000,72600100,2793,27931,72750000,72750000
1,485,72750000,72750100,2793,27931,72900000,72900000
1,486,72900000,72900100,2793,27931,73050000,73050000
1,487,73050000,73050100,2793,27931,73200000,73200000
1,488,73200000,73200100,2793,27931,73350000,73350000
1,489,73350000,73350100,2793,27931,73500000,73500000
1,490,73500000,73500100,2793,27931,73650000,73650000
1,491,73650000,73650100,2793,27931,73800000,73800000
1,492,73800000,73800100,2793,27931,73950000,73950000
1,493,73950000,73950100,2793,27931,74100000,74100000
1,494,74100000,74100100,2793,27931,74250000,74250000
1,495,74250000,74250100,2793,27931,74400000,74400000
1,496,74400000,74400100,2793,27931,74550000,74550000
1,497,74550000,74550100,2793,27931,74700000,74700000
1,498,74700000,74700100,2793,27931,74850000,74850000
1,499,74850000,74850100,2793,27931,75000000,75000000
1,500,75000000,75000100,2793,27931,75150000,75150000
1,501,75150000,75150100,2793,27931,75300000,75300000
1,502,75300000,75300100,2793,27931,75450000,75450000
1,503,75450000,75450100,2793,27931,75600000,75600000
1,504,75600000,75600100,2793,27931,75750000,75750000
1,505,75750000,75750100,2793,27931,75900000,75900000
1,506,75900000,75900100,2793,27931,76050000,76050000
1,507,76050000,76050100,2793,27931,76200000,76200000
1,508,76200000,76200100,2793,27931,76350000,76350000
1,509,76350000,76350100,2793,27931,76500000,76500000
1,510,76500000,76500100,2793,27931,76650000,76650000
1,511,76650000,76650100,2793,27931,76800000,76800000
1,512,76800000,76800100,2793,27931,76950000,76950000
1,513,76950000,76950100,2793,27931,77100000,77100000
1,514,77100000,77100100,2793,27931,77250000,77250000
1,515,77250000,77250100,2793,27931,77400000,77400000
1,516,77400000,77400100,2793,27931,77550000,77550000
1,517,77550000,77550100,2793,27931,77700000,77700000
1,518,77700000,77700100,2793,27931,77850000,77850000
1,519,77850000,77850100,2793,27931,78000000,78000000
1,520,78000000,78000100,2793,27931,78150000,78150000
1,521,78150000,78150100,2793,27931,78300000,78300000
1,522,78300000,78300100,2793,27931,78450000,78450000
1,523,78450000,78450100,2793,27931,78600000,78600000
1,524,78600000,78600100,2793,27931,78750000,78750000
1,525,78750000,78750100,2793,27931,78900000,78900000
1,526,78900000,78900100,2793,27931,79050000,79050000
1,527,79050000,79050100,2793,27931,79200000,79200000
1,528,79200000,79200100,2793,27931,79350000,79350000
1,529,79350000,79350100,2793,27931,79500000,79500000
1,530,79500000,79500100,2793,27931,79650000,79650000
1,531,79650000,79650100,2793,27931,79800000,79800000
1,532,79800000,79800100,2793,27931,79950000,79950000
1,533,79950000,79950100,2793,27931,80100000,80100000
1,534,80100000,80100100,2793,27931,80250000,80250000
1,535,80250000,80250100,2793,27931,80400000,80400000
1,536,80400000,80400100,2793,27931,80550000,80550000
1,537,80550000,80550100,2793,27931,80700000,80700000
1,538,80700000,80700100,2793,27931,80850000,80850000
1,539,80850000,80850100,2793,27931,81000000,81000000
1,540,81000000,81000100,2793,27931,81150000,81150000
1,541,81150000,81150100,2793,27931,81300000,81300000
1,542,81300000,81300100,2793,27931,81450000,81450000
1,543,81450000,81450100,2793,27931,81600000,81600000
1,544,81600000,81600100,2793,27931,81750000,81750000
1,545,81750000,81750100,2793,27931,81900000,81900000
1,546,81900000,81900100,2793,27931,82050000,82050000
1,547,82050000,82050100,2793,27931,82200000,82200000
1,548,82200000,82200100,2793,27931,82350000,82350000
1,549,82350000,82350100,2793,27931,82500000,82500000
1,550,82500000,82500100,2793,27931,82650000,82650000
1,551,82650000,82650100,2793,27931,82800000,82800000
1,552,82800000,82800100,2793,27931,82950000,82950000
1,553,82950000,82950100,2793,27931,83100000,83100000
1,554,83100000,83100100,2793,27931,83250000,83250000
1,555,83250000,83250100,2793,27931,83400000,83400000
1,556,83400000,83400100,2793,27931,83550000,83550000
1,557,83550000,83550100,2793,27931,83700000,83700000
1,558,83700000,83700100,2793,27931,83850000,83850000
1,559,83850000,83850100,2793,27931,84000000,84000000
1,560,84000000,84000100,2793,27931,84150000,84150000
1,561,84150000,84150100,2793,27931,84300000,84300000
1,562,84300000,84300100,2793,27931,84450000,84450000
1,563,84450000,84450100,2793,27931,84600000,84600000
1,564,84600000,84600100,2793,27931,84750000,84750000
1,565,84750000,84750100,2793,27931,84900000,84900000
1,566,84900000,84900100,2793,27931,85050000,85050000
1,567,85050000,85050100,2793,27931,85200000,85200000
1,568,85200000,85200100,2793,27931,85350000,85350000
1,569,85350000,85350100,2793,27931,85500000,85500000
1,570,85500000,85500100,2793,27931,85650000,85650000
1,571,85650000,85650100,2793,27931,85800000,85800000
1,572,85800000,85800100,2793,27931,85950000,85950000
1,573,85950000,85950100,2793,27931,86100000,86100000
1,574,86100000,86100100,2793,27931,86250000,86250000
1,575,86250000,86250100,2793,27931,86400000,86400000
1,576,86400000,86400100,2793,27931,86550000,86550000
1,577,86550000,86550100,2793,27931,86700000,86700000
1,578,86700000,86700100,2793,27931,86850000,86850000
1,579,86850000,86850100,2793,27931,87000000,87000000
1,580,87000000,87000100,2793,27931,87150000,87150000
1,581,87150000,87150100,2793,27931,87300000,87300000
1,582,87300000,87300100,2793,27931,87450000,87450000
1,583,87450000,87450100,2793,27931,87600000,87600000
1,584,87600000,87600100,2793,27931,87750000,87750000
1,585,87750000,87750100,2793,27931,87900000,87900000
1,586,87900000,87900100,2793,27931,88050000,88050000
1,587,88050000,88050100,2793,27931,88200000,88200000
1,588,88200000,88200100,2793,27931,88350000,88350000
1,589,88350000,88350100,2793,27931,88500000,88500000
1,590,88500000,88500100,2793,27931,88650000,88650000
1,591,88650000,88650100,2793,27931,88800000,88800000
1,592,88800000,88800100,2793,27931,88950000,88950000
1,593,88950000,88950100,2793,27931,89100000,89100000
1,594,89100000,89100100,2793,27931,89250000,89250000
1,595,89250000,89250100,2793,27931,89400000,89400000
1,596,89400000,89400100,2793,27931,89550000,89550000
1,597,89550000,89550100,2793,27931,89700000,89700000
1,598,89700000,89700100,2793,27931,89850000,89850000
1,599,89850000,89850100,2793,27931,90000000,90000000
1,600,90000000,90000100,2793,27931,90150000,90150000
1,601,90150000,90150100,2793,27931,90300000,90300000
1,602,90300000,90300100,2793,27931,90450000,90450000
1,603,90450000,90450100,2793,27931,90600000,90600000
1,604,90600000,90600100,2793,27931,90750000,90750000
1,605,90750000,90750100,2793,27931,90900000,90900000
1,606,90900000,90900100,2793,27931,91050000,91050000
1,607,91050000,91050100,2793,27931,91200000,91200000
1,608,91200000,91200100,2793,27931,91350000,91350000
1,609,91350000,91350100,2793,27931,91500000,91500000
1,610,91500000,91500100,2793,27931,91650000,91650000
1,611,91650000,91650100,2793,27931,91800000,91800000
1,612,91800000,91800100,2793,27931,91950000,91950000
1,613,91950000,91950100,2793,27931,92100000,92100000
1,614,92100000,92100100,2793,27931,92250000,92250000
1,615,92250000,92250100,2793,27931,92400000,92400000
1,616,92400000,92400100,2793,27931,92550000,92550000
1,617,92550000,92550100,2793,27931,92700000,92700000
1,618,92700000,92700100,2793,27931,92850000,92850000
1,619,92850000,92850100,2793,27931,93000000,93000000
1,620,93000000,93000100,2793,27931,93150000,93150000
1,621,93150000,93150100,2793,27931,93300000,93300000
1,622,93300000,93300100,2793,27931,93450000,93450000
1,623,93450000,93450100,2793,27931,93600000,93600000
1,624,93600000,93600100,2793,27931,93750000,93750000
1,625,93750000,93750100,2793,27931,93900000,93900000
1,626,93900000,93900100,2793,27931,94050000,94050000
1,627,94050000,94050100,2793,27931,94200000,94200000
1,628,94200000,94200100,2793,27931,94350000,94350000
1,629,94350000,94350100,2793,27931,94500000,94500000
1,630,94500000,94500100,2793,27931,94650000,94650000
1,631,94650000,94650100,2793,27931,94800000,94800000
1,632,94800000,94800100,2793,27931,94950000,94950000
1,633,94950000,94950100,2793,27931,95100000,95100000
1,634,95100000,95100100,2793,27931,95250000,95250000
1,635,95250000,95250100,2793,27931,95400000,95400000
1,636,95400000,95400100,2793,27931,95550000,95550000
1,637,95550000,95550100,2793,27931,95700000,95700000
1,638,95700000,95700100,2793,27931,95850000,95850000
1,639,95850000,95850100,2793,27931,96000000,96000000
1,640,96000000,96000100,2793,27931,96150000,96150000
1,641,96150000,96150100,2793,27931,96300000,96300000
1,642,96300000,96300100,2793,27931,96450000,96450000
1,643,96450000,96450100,2793,27931,96600000,96600000
1,644,96600000,96600100,2793,27931,96750000,96750000
1,645,96750000,96750100,2793,27931,96900000,96900000
1,646,96900000,96900100,2793,27931,97050000,97050000
1,647,97050000,97050100,2793,27931,97200000,97200000
1,648,97200000,97200100,2793,27931,97350000,97350000
1,649,97350000,97350100,2793,27931,97500000,97500000
1,650,97500000,97500100,2793,27931,97650000,97650000
1,651,97650000,97650100,2793,27931,97800000,97800000
1,652,97800000,97800100,2793,27931,97950000,97950000
1,653,97950000,97950100,2793,27931,98100000,98100000
1,654,98100000,98100100,2793,27931,98250000,98250000
1,655,98250000,98250100,2793,27931,98400000,98400000
1,656,98400000,98400100,2793,27931,98550000,98550000
1,657,98550000,98550100,2793,27931,98700000,98700000
1,658,98700000,98700100,2793,27931,98850000,98850000
1,659,98850000,98850100,2793,27931,99000000,99000000
1,660,99000000,99000100,2793,27931,99150000,99150000
1,661,99150000,99150100,2793,27931,99300000,99300000
1,662,99300000,99300100,2793,27931,99450000,99450000
1,663,99450000,99450100,2793,27931,99600000,99600000
1,664,99600000,99600100,2793,27931,99750000,99750000
1,665,99750000,99750100,2793,27931,99900000,99900000
1,666,99900000,99900100,2793,27931,100050000,100050000
1,667,100050000,100050100,2793,27931,100200000,100200000
1,668,100200000,100200100,2793,27931,100350000,100350000
1,669,100350000,100350100,2793,27931,100500000,100500000
1,670,100500000,100500100,2793,27931,100650000,100650000
1,671,100650000,100650100,2793,27931,100800000,100800000
1,672,100800000,100800100,2793,27931,100950000,100950000
1,673,100950000,100950100,2793,27931,101100000,101100000
1,674,101100000,101100100,2793,27931,101250000,101250000
1,675,101250000,101250100,2793,27931,101400000,101400000
1,676,101400000,101400100,2793,27931,101550000,101550000
1,677,101550000,101550100,2793,27931,101700000,101700000
1,678,101700000,101700100,2793,27931,101850000,101850000
1,679,101850000,101850100,2793,27931,102000000,102000000
1,680,102000000,102000100,2793,27931,102150000,102150000
1,681,102150000,102150100,2793,27931,102300000,102300000
1,682,102300000,102300100,2793,27931,102450000,102450000
1,683,102450000,102450100,2793,27931,102600000,102600000
1,684,102600000,102600100,2793,27931,102750000,102750000
1,685,102750000,102750100,2793,27931,102900000,102900000
1,686,102900000,102900100,2793,27931,103050000,103050000
1,687,103050000,103050100,2793,27931,103200000,103200000
1,688,103200000,103200100,2793,27931,103350000,103350000
1,689,103350000,103350100,2793,27931,103500000,103500000
1,690,103500000,103500100,2793,27931,103650000,103650000
1,691,103650000,103650100,2793,27931,103800000,103800000
1,692,103800000,103800100,2793,27931,103950000,103950000
1,693,103950000,103950100,2793,27931,104100000,104100000
1,694,104100000,104100100,2793,27931,104250000,104250000
1,695,104250000,104250100,2793,27931,104400000,104400000
1,696,104400000,104400100,2793,27931,104550000,104550000
1,697,104550000,104550100,2793,27931,104700000,104700000
1,698,104700000,104700100,2793,27931,104850000,104850000
1,699,104850000,104850100,2793,27931,105000000,105000000
1,700,105000000,105000100,2793,27931,105150000,105150000
1,701,105150000,105150100,2793,27931,105300000,105300000
1,702,105300000,105300100,2793,27931,105450000,105450000
1,703,105450000,105450100,2793,27931,105600000,105600000
1,704,105600000,105600100,2793,27931,105750000,105750000
1,705,105750000,105750100,2793,27931,105900000,105900000
1,706,105900000,105900100,2793,27931,106050000,106050000
1,707,106050000,106050100,2793,27931,106200000,106200000
1,708,106200000,106200100,2793,27931,106350000,106350000
1,709,106350000,106350100,2793,27931,106500000,106500000
1,710,106500000,106500100,2793,27931,106650000,106650000
1,711,106650000,106650100,2793,27931,106800000,106800000
1,712,106800000,106800100,2793,27931,106950000,106950000
1,713,106950000,106950100,2793,27931,107100000,107100000
1,714,107100000,107100100,2793,27931,107250000,107250000
1,715,107250000,107250100,2793,27931,107400000,107400000
1,716,107400000,107400100,2793,27931,107550000,107550000
1,717,107550000,107550100,2793,27931,107700000,107700000
1,718,107700000,107700100,2793,27931,107850000,107850000
1,719,107850000,107850100,2793,27931,108000000,108000000
1,720,108000000,108000100,2793,27931,108150000,108150000
1,721,108150000,108150100,2793,27931,108300000,108300000
1,722,108300000,108300100,2793,27931,108450000,108450000
1,723,108450000,108450100,2793,27931,108600000,108600000
1,724,108600000,108600100,2793,27931,108750000,108750000
1,725,108750000,108750100,2793,27931,108900000,108900000
1,726,108900000,108900100,2793,27931,109050000,109050000
1,727,109050000,109050100,2793,27931,109200000,109200000
1,728,109200000,109200100,2793,27931,109350000,109350000
1,729,109350000,109350100,2793,27931,109500000,109500000
1,730,109500000,109500100,2793,27931,109650000,109650000
1,731,109650000,109650100,2793,27931,109800000,109800000
1,732,109800000,109800100,2793,27931,109950000,109950000
1,733,109950000,109950100,2793,27931,110100000,110100000
1,734,110100000,110100100,2793,27931,110250000,110250000
1,735,110250000,110250100,2793,27931,110400000,110400000
1,736,110400000,110400100,2793,27931,110550000,110550000
1,737,110550000,110550100,2793,27931,110700000,110700000
1,738,110700000,110700100,2793,27931,110850000,110850000
1,739,110850000,110850100,2793,27931,111000000,111000000
1,740,111000000,111000100,2793,27931,111150000,111150000
1,741,111150000,111150100,2793,27931,111300000,111300000
1,742,111300000,111300100,2793,27931,111450000,111450000
1,743,111450000,111450100,2793,27931,111600000,111600000
1,744,111600000,111600100,2793,27931,111750000,111750000
1,745,111750000,111750100,2793,27931,111900000,111900000
1,746,111900000,111900100,2793,27931,112050000,112050000
1,747,112050000,112050100,2793,27931,112200000,112200000
1,748,112200000,112200100,2793,27931,112350000,112350000
1,749,112350000,112350100,2793,27931,112500000,112500000
1,750,112500000,112500100,2793,27931,112650000,112650000
1,751,112650000,112650100,2793,27931,112800000,112800000
1,752,112800000,112800100,2793,27931,112950000,112950000
1,753,112950000,112950100,2793,27931,113100000,113100000
1,754,113100000,113100100,2793,27931,113250000,113250000
1,755,113250000,113250100,2793,27931,113400000,113400000
1,756,113400000,113400100,2793,27931,113550000,113550000
1,757,113550000,113550100,2793,27931,113700000,113700000
1,758,113700000,113700100,2793,27931,113850000,113850000
1,759,113850000,113850100,2793,27931,114000000,114000000
1,760,114000000,114000100,2793,27931,114150000,114150000
1,761,114150000,114150100,2793,27931,114300000,114300000
1,762,114300000,114300100,2793,27931,114450000,114450000
1,763,114450000,114450100,2793,27931,114600000,114600000
1,764,114600000,114600100,2793,27931,114750000,114750000
1,765,114750000,114750100,2793,27931,114900000,114900000
1,766,114900000,114900100,2793,27931,115050000,115050000
1,767,115050000,115050100,2793,27931,115200000,115200000
1,768,115200000,115200100,2793,27931,115350000,115350000
1,769,115350000,115350100,2793,27931,115500000,115500000
1,770,115500000,115500100,2793,27931,115650000,115650000
1,771,115650000,115650100,2793,27931,115800000,115800000
1,772,115800000,115800100,2793,27931,115950000,115950000
1,773,115950000,115950100,2793,27931,116100000,116100000
1,774,116100000,116100100,2793,27931,116250000,116250000
1,775,116250000,116250100,2793,27931,116400000,116400000
1,776,116400000,116400100,2793,27931,116550000,116550000
1,777,116550000,116550100,2793,27931,116700000,116700000
1,778,116700000,116700100,2793,27931,116850000,116850000
1,779,116850000,116850100,2793,27931,117000000,117000000
1,780,117000000,117000100,2793,27931,117150000,117150000
1,781,117150000,117150100,2793,27931,117300000,117300000
1,782,117300000,117300100,2793,27931,117450000,117450000
1,783,117450000,117450100,2793,27931,117600000,117600000
1,784,117600000,117600100,2793,27931,117750000,117750000
1,785,117750000,117750100,2793,27931,117900000,117900000
1,786,117900000,117900100,2793,27931,118050000,118050000
1,787,118050000,118050100,2793,27931,118200000,118200000
1,788,118200000,118200100,2793,27931,118350000,118350000
1,789,118350000,118350100,2793,27931,118500000,118500000
1,790,118500000,118500100,2793,27931,118650000,118650000
1,791,118650000,118650100,2793,27931,118800000,118800000
1,792,118800000,118800100,2793,27931,118950000,118950000
1,793,118950000,118950100,2793,27931,119100000,119100000
1,794,119100000,119100100,2793,27931,119250000,119250000
1,795,119250000,119250100,2793,27931,119400000,119400000
1,796,119400000,119400100,2793,27931,119550000,119550000
1,797,119550000,119550100,2793,27931,119700000,119700000
1,798,119700000,119700100,2793,27931,119850000,119850000
1,799,119850000,119850100,2793,27931,120000000,120000000
1,800,120000000,120000100,2793,27931,120150000,120150000
1,801,120150000,120150100,2793,27931,120300000,120300000
1,802,120300000,120300100,2793,27931,120450000,120450000
1,803,120450000,120450100,2793,27931,120600000,120600000
1,804,120600000,120600100,2793,27931,120750000,120750000
1,805,120750000,120750100,2793,27931,120900000,120900000
1,806,120900000,120900100,2793,27931,121050000,121050000
1,807,121050000,121050100,2793,27931,121200000,121200000
1,808,121200000,121200100,2793,27931,121350000,121350000
1,809,121350000,121350100,2793,27931,121500000,121500000
1,810,121500000,121500100,2793,27931,121650000,121650000
1,811,121650000,121650100,2793,27931,121800000,121800000
1,812,121800000,121800100,2793,27931,121950000,121950000
1,813,121950000,121950100,2793,27931,122100000,122100000
1,814,122100000,122100100,2793,27931,122250000,122250000
1,815,122250000,122250100,2793,27931,122400000,122400000
1,816,122400000,122400100,2793,27931,122550000,122550000
1,817,122550000,122550100,2793,27931,122700000,122700000
1,818,122700000,122700100,2793,27931,122850000,122850000
1,819,122850000,122850100,2793,27931,123000000,123000000
1,820,123000000,123000100,2793,27931,123150000,123150000
1,821,123150000,123150100,2793,27931,123300000,123300000
1,822,123300000,123300100,2793,27931,123450000,123450000
1,823,123450000,123450100,2793,27931,123600000,123600000
1,824,123600000,123600100,2793,27931,123750000,123750000
1,825,123750000,123750100,2793,27931,123900000,123900000
1,826,123900000,123900100,2793,27931,124050000,124050000
1,827,124050000,124050100,2793,27931,124200000,124200000
1,828,124200000,124200100,2793,27931,124350000,124350000
1,829,124350000,124350100,2793,27931,124500000,124500000
1,830,124500000,124500100,2793,27931,124650000,124650000
1,831,124650000,124650100,2793,27931,124800000,124800000
1,832,124800000,124800100,2793,27931,124950000,124950000
1,833,124950000,124950100,2793,27931,125100000,125100000
1,834,125100000,125100100,2793,27931,125250000,125250000
1,835,125250000,125250100,2793,27931,125400000,125400000
1,836,125400000,125400100,2793,27931,125550000,125550000
1,837,125550000,125550100,2793,27931,125700000,125700000
1,838,125700000,125700100,2793,27931,125850000,125850000
1,839,125850000,125850100,2793,27931,126000000,126000000
1,840,126000000,126000100,2793,27931,126150000,126150000
1,841,126150000,126150100,2793,27931,126300000,126300000
1,842,126300000,126300100,2793,27931,126450000,126450000
1,843,126450000,126450100,2793,27931,126600000,126600000
1,844,126600000,126600100,2793,27931,126750000,126750000
1,845,126750000,126750100,2793,27931,126900000,126900000
1,846,126900000,126900100,2793,27931,127050000,127050000
1,847,127050000,127050100,2793,27931,127200000,127200000
1,848,127200000,127200100,2793,27931,127350000,127350000
1,849,127350000,127350100,2793,27931,127500000,127500000
1,850,127500000,127500100,2793,27931,127650000,127650000
1,851,127650000,127650100,2793,27931,127800000,127800000
1,852,127800000,127800100,2793,27931,127950000,127950000
1,853,127950000,127950100,2793,27931,128100000,128100000
1,854,128100000,128100100,2793,27931,128250000,128250000
1,855,128250000,128250100,2793,27931,128400000,128400000
1,856,128400000,128400100,2793,27931,128550000,128550000
1,857,128550000,128550100,2793,27931,128700000,128700000
1,858,128700000,128700100,2793,27931,128850000,128850000
1,859,128850000,128850100,2793,27931,129000000,129000000
1,860,129000000,129000100,2793,27931,129150000,129150000
1,861,129150000,129150100,2793,27931,129300000,129300000
1,862,129300000,129300100,2793,27931,129450000,129450000
1,863,129450000,129450100,2793,27931,129600000,129600000
1,864,129600000,129600100,2793,27931,129750000,129750000
1,865,129750000,129750100,2793,27931,129900000,129900000
1,866,129900000,129900100,2793,27931,130050000,130050000
1,867,130050000,130050100,2793,27931,130200000,130200000
1,868,130200000,130200100,2793,27931,130350000,130350000
1,869,130350000,130350100,2793,27931,130500000,130500000
1,870,130500000,130500100,2793,27931,130650000,130650000
1,871,130650000,130650100,2793,27931,130800000,130800000
1,872,130800000,130800100,2793,27931,130950000,130950000
1,873,130950000,130950100,2793,27931,131100000,131100000
1,874,131100000,131100100,2793,27931,131250000,131250000
1,875,131250000,131250100,2793,27931,131400000,131400000
1,876,131400000,131400100,2793,27931,131550000,131550000
1,877,131550000,131550100,2793,27931,131700000,131700000
1,878,131700000,131700100,2793,27931,131850000,131850000
1,879,131850000,131850100,2793,27931,132000000,132000000
1,880,132000000,132000100,2793,27931,132150000,132150000
1,881,132150000,132150100,2793,27931,132300000,132300000
1,882,132300000,132300100,2793,27931,132450000,132450000
1,883,132450000,132450100,2793,27931,132600000,132600000
1,884,132600000,132600100,2793,27931,132750000,132750000
1,885,132750000,132750100,2793,27931,132900000,132900000
1,886,132900000,132900100,2793,27931,133050000,133050000
1,887,133050000,133050100,2793,27931,133200000,133200000
1,888,133200000,133200100,2793,27931,133350000,133350000
1,889,133350000,133350100,2793,27931,133500000,133500000
1,890,133500000,133500100,2793,27931,133650000,133650000
1,891,133650000,133650100,2793,27931,133800000,133800000
1,892,133800000,133800100,2793,27931,133950000,133950000
1,893,133950000,133950100,2793,27931,134100000,134100000
1,894,134100000,134100100,2793,27931,134250000,134250000
1,895,134250000,134250100,2793,27931,134400000,134400000
1,896,134400000,134400100,2793,27931,134550000,134550000
1,897,134550000,134550100,2793,27931,134700000,134700000
1,898,134700000,134700100,2793,27931,134850000,134850000
1,899,134850000,134850100,2793,27931,135000000,135000000
1,900,135000000,135000100,2793,27931,135150000,135150000
1,901,135150000,135150100,2793,27931,135300000,135300000
1,902,135300000,135300100,2793,27931,135450000,135450000
1,903,135450000,135450100,2793,27931,135600000,135600000
1,904,135600000,135600100,2793,27931,135750000,135750000
1,905,135750000,135750100,2793,27931,135900000,135900000
1,906,135900000,135900100,2793,27931,136050000,136050000
1,907,136050000,136050100,2793,27931,136200000,136200000
1,908,136200000,136200100,2793,27931,136350000,136350000
1,909,136350000,136350100,2793,27931,136500000,136500000
1,910,136500000,136500100,2793,27931,136650000,136650000
1,911,136650000,136650100,2793,27931,136800000,136800000
1,912,136800000,136800100,2793,27931,136950000,136950000
1,913,136950000,136950100,2793,27931,137100000,137100000
1,914,137100000,137100100,2793,27931,137250000,137250000
1,915,137250000,137250100,2793,27931,137400000,137400000
1,916,137400000,137400100,2793,27931,137550000,137550000
1,917,137550000,137550100,2793,27931,137700000,137700000
1,918,137700000,137700100,2793,27931,137850000,137850000
1,919,137850000,137850100,2793,27931,138000000,138000000
1,920,138000000,138000100,2793,27931,138150000,138150000
1,921,138150000,138150100,2793,27931,138300000,138300000
1,922,138300000,138300100,2793,27931,138450000,138450000
1,923,138450000,138450100,2793,27931,138600000,138600000
1,924,138600000,138600100,2793,27931,138750000,138750000
1,925,138750000,138750100,2793,27931,138900000,138900000
1,926,138900000,138900100,2793,27931,139050000,139050000
1,927,139050000,139050100,2793,27931,139200000,139200000
1,928,139200000,139200100,2793,27931,139350000,139350000
1,929,139350000,139350100,2793,27931,139500000,139500000
1,930,139500000,139500100,2793,27931,139650000,139650000
1,931,139650000,139650100,2793,27931,139800000,139800000
1,932,139800000,139800100,2793,27931,139950000,139950000
1,933,139950000,139950100,2793,27931,140100000,140100000
1,934,140100000,140100100,2793,27931,140250000,140250000
1,935,140250000,140250100,2793,27931,140400000,140400000
1,936,140400000,140400100,2793,27931,140550000,140550000
1,937,140550000,140550100,2793,27931,140700000,140700000
1,938,140700000,140700100,2793,27931,140850000,140850000
1,939,140850000,140850100,2793,27931,141000000,141000000
1,940,141000000,141000100,2793,27931,141150000,141150000
1,941,141150000,141150100,2793,27931,141300000,141300000
1,942,141300000,141300100,2793,27931,141450000,141450000
1,943,141450000,141450100,2793,27931,141600000,141600000
1,944,141600000,141600100,2793,27931,141750000,141750000
1,945,141750000,141750100,2793,27931,141900000,141900000
1,946,141900000,141900100,2793,27931,142050000,142050000
1,947,142050000,142050100,2793,27931,142200000,142200000
1,948,142200000,142200100,2793,27931,142350000,142350000
1,949,142350000,142350100,2793,27931,142500000,142500000
1,950,142500000,142500100,2793,27931,142650000,142650000
1,951,142650000,142650100,2793,27931,142800000,142800000
1,952,142800000,142800100,2793,27931,142950000,142950000
1,953,142950000,142950100,2793,27931,143100000,143100000
1,954,143100000,143100100,2793,27931,143250000,143250000
1,955,143250000,143250100,2793,27931,143400000,143400000
1,956,143400000,143400100,2793,27931,143550000,143550000
1,957,143550000,143550100,2793,27931,143700000,143700000
1,958,143700000,143700100,2793,27931,143850000,143850000
1,959,143850000,143850100,2793,27931,144000000,144000000
1,960,144000000,144000100,2793,27931,144150000,144150000
1,961,144150000,144150100,2793,27931,144300000,144300000
1,962,144300000,144300100,2793,27931,144450000,144450000
1,963,144450000,144450100,2793,27931,144600000,144600000
1,964,144600000,144600100,2793,27931,144750000,144750000
1,965,144750000,144750100,2793,27931,144900000,144900000
1,966,144900000,144900100,2793,27931,145050000,145050000
1,967,145050000,145050100,2793,27931,145200000,145200000
1,968,145200000,145200100,2793,27931,145350000,145350000
1,969,145350000,145350100,2793,27931,145500000,145500000
1,970,145500000,145500100,2793,27931,145650000,145650000
1,971,145650000,145650100,2793,27931,145800000,145800000
1,972,145800000,145800100,2793,27931,145950000,145950000
1,973,145950000,145950100,2793,27931,146100000,146100000
1,974,146100000,146100100,2793,27931,146250000,146250000
1,975,146250000,146250100,2793,27931,146400000,146400000
1,976,146400000,146400100,2793,27931,146550000,146550000
1,977,146550000,146550100,2793,27931,146700000,146700000
1,978,146700000,146700100,2793,27931,146850000,146850000
1,979,146850000,146850100,2793,27931,147000000,147000000
1,980,147000000,147000100,2793,27931,147150000,147150000
1,981,147150000,147150100,2793,27931,147300000,147300000
1,982,147300000,147300100,2793,27931,147450000,147450000
1,983,147450000,147450100,2793,27931,147600000,147600000
1,984,147600000,147600100,2793,27931,147750000,147750000
1,985,147750000,147750100,2793,27931,147900000,147900000
1,986,147900000,147900100,2793,27931,148050000,148050000
1,987,148050000,148050100,2793,27931,148200000,148200000
1,988,148200000,148200100,2793,27931,148350000,148350000
1,989,148350000,148350100,2793,27931,148500000,148500000
1,990,148500000,148500100,2793,27931,148650000,148650000
1,991,148650000,148650100,2793,27931,148800000,148800000
1,992,148800000,148800100,2793,27931,148950000,148950000
1,993,148950000,148950100,2793,27931,149100000,149100000
1,994,149100000,149100100,2793,27931,149250000,149250000
1,995,149250000,149250100,2793,27931,149400000,149400000
1,996,149400000,149400100,2793,27931,149550000,149550000
1,997,149550000,149550100,2793,27931,149700000,149700000
1,998,149700000,149700100,2793,27931,149850000,149850000
1,999,149850000,149850100,2793,27931,150000000,150000000
1,1000,150000000,150000100,2793,27931,150150000,150150000
1,1001,150150000,150150100,2793,27931,150300000,150300000
1,1002,150300000,150300100,2793,27931,150450000,150450000
1,1003,150450000,150450100,2793,27931,150600000,150600000
1,1004,150600000,150600100,2793,27931,150750000,150750000
1,1005,150750000,150750100,2793,27931,150900000,150900000
1,1006,150900000,150900100,2793,27931,151050000,151050000
1,1007,151050000,151050100,2793,27931,151200000,151200000
1,1008,151200000,151200100,2793,27931,151350000,151350000
1,1009,151350000,151350100,2793,27931,151500000,151500000
1,1010,151500000,151500100,2793,27931,151650000,151650000
1,1011,151650000,151650100,2793,27931,151800000,151800000
1,1012,151800000,151800100,2793,27931,151950000,151950000
1,1013,151950000,151950100,2793,27931,152100000,152100000
1,1014,152100000,152100100,2793,27931,152250000,152250000
1,1015,152250000,152250100,2793,27931,152400000,152400000
1,1016,152400000,152400100,2793,27931,152550000,152550000
1,1017,152550000,152550100,2793,27931,152700000,152700000
1,1018,152700000,152700100,2793,27931,152850000,152850000
1,1019,152850000,152850100,2793,27931,153000000,153000000
1,1020,153000000,153000100,2793,27931,153150000,153150000
1,1021,153150000,153150100,2793,27931,153300000,153300000
1,1022,153300000,153300100,2793,27931,153450000,153450000
1,1023,153450000,153450100,2793,27931,153600000,153600000
1,1024,153600000,153600100,2793,27931,153750000,153750000
1,1025,153750000,153750100,2793,27931,153900000,153900000
1,1026,153900000,153900100,2793,27931,154050000,154050000
1,1027,154050000,154050100,2793,27931,154200000,154200000
1,1028,154200000,154200100,2793,27931,154350000,154350000
1,1029,154350000,154350100,2793,27931,154500000,154500000
1,1030,154500000,154500100,2793,27931,154650000,154650000
1,1031,154650000,154650100,2793,27931,154800000,154800000
1,1032,154800000,154800100,2793,27931,154950000,154950000
1,1033,154950000,154950100,2793,27931,155100000,155100000
1,1034,155100000,155100100,2793,27931,155250000,155250000
1,1035,155250000,155250100,2793,27931,155400000,155400000
1,1036,155400000,155400100,2793,27931,155550000,155550000
1,1037,155550000,155550100,2793,27931,155700000,155700000
1,1038,155700000,155700100,2793,27931,155850000,155850000
1,1039,155850000,155850100,2793,27931,156000000,156000000
1,1040,156000000,156000100,2793,27931,156150000,156150000
1,1041,156150000,156150100,2793,27931,156300000,156300000
1,1042,156300000,156300100,2793,27931,156450000,156450000
1,1043,156450000,156450100,2793,27931,156600000,156600000
1,1044,156600000,156600100,2793,27931,156750000,156750000
1,1045,156750000,156750100,2793,27931,156900000,156900000
1,1046,156900000,156900100,2793,27931,157050000,157050000
1,1047,157050000,157050100,2793,27931,157200000,157200000
1,1048,157200000,157200100,2793,27931,157350000,157350000
1,1049,157350000,157350100,2793,27931,157500000,157500000
1,1050,157500000,157500100,2793,27931,157650000,157650000
1,1051,157650000,157650100,2793,27931,157800000,157800000
1,1052,157800000,157800100,2793,27931,157950000,157950000
1,1053,157950000,157950100,2793,27931,158100000,158100000
1,1054,158100000,158100100,2793,27931,158250000,158250000
1,1055,158250000,158250100,2793,27931,158400000,158400000
1,1056,158400000,158400100,2793,27931,158550000,158550000
1,1057,158550000,158550100,2793,27931,158700000,158700000
1,1058,158700000,158700100,2793,27931,158850000,158850000
1,1059,158850000,158850100,2793,27931,159000000,159000000
1,1060,159000000,159000100,2793,27931,159150000,159150000
1,1061,159150000,159150100,2793,27931,159300000,159300000
1,1062,159300000,159300100,2793,27931,159450000,159450000
1,1063,159450000,159450100,2793,27931,159600000,159600000
1,1064,159600000,159600100,2793,27931,159750000,159750000
1,1065,159750000,159750100,2793,27931,159900000,159900000
1,1066,159900000,159900100,2793,27931,160050000,160050000
1,1067,160050000,160050100,2793,27931,160200000,160200000
1,1068,160200000,160200100,2793,27931,160350000,160350000
1,1069,160350000,160350100,2793,27931,160500000,160500000
1,1070,160500000,160500100,2793,27931,160650000,160650000
1,1071,160650000,160650100,2793,27931,160800000,160800000
1,1072,160800000,160800100,2793,27931,160950000,160950000
1,1073,160950000,160950100,2793,27931,161100000,161100000
1,1074,161100000,161100100,2793,27931,161250000,161250000
1,1075,161250000,161250100,2793,27931,161400000,161400000
1,1076,161400000,161400100,2793,27931,161550000,161550000
1,1077,161550000,161550100,2793,27931,161700000,161700000
1,1078,161700000,161700100,2793,27931,161850000,161850000
1,1079,161850000,161850100,2793,27931,162000000,162000000
1,1080,162000000,162000100,2793,27931,162150000,162150000
1,1081,162150000,162150100,2793,27931,162300000,162300000
1,1082,162300000,162300100,2793,27931,162450000,162450000
1,1083,162450000,162450100,2793,27931,162600000,162600000
1,1084,162600000,162600100,2793,27931,162750000,162750000
1,1085,162750000,162750100,2793,27931,162900000,162900000
1,1086,162900000,162900100,2793,27931,163050000,163050000
1,1087,163050000,163050100,2793,27931,163200000,163200000
1,1088,163200000,163200100,2793,27931,163350000,163350000
1,1089,163350000,163350100,2793,27931,163500000,163500000
1,1090,163500000,163500100,2793,27931,163650000,163650000
1,1091,163650000,163650100,2793,27931,163800000,163800000
1,1092,163800000,163800100,2793,27931,163950000,163950000
1,1093,163950000,163950100,2793,27931,164100000,164100000
1,1094,164100000,164100100,2793,27931,164250000,164250000
1,1095,164250000,164250100,2793,27931,164400000,164400000
1,1096,164400000,164400100,2793,27931,164550000,164550000
1,1097,164550000,164550100,2793,27931,164700000,164700000
1,1098,164700000,164700100,2793,27931,164850000,164850000
1,1099,164850000,164850100,2793,27931,165000000,165000000
1,1100,165000000,165000100,2793,27931,165150000,165150000
1,1101,165150000,165150100,2793,27931,165300000,165300000
1,1102,165300000,165300100,2793,27931,165450000,165450000
1,1103,165450000,165450100,2793,27931,165600000,165600000
1,1104,165600000,165600100,2793,27931,165750000,165750000
1,1105,165750000,165750100,2793,27931,165900000,165900000
1,1106,165900000,165900100,2793,27931,166050000,166050000
1,1107,166050000,166050100,2793,27931,166200000,166200000
1,1108,166200000,166200100,2793,27931,166350000,166350000
1,1109,166350000,166350100,2793,27931,166500000,166500000
1,1110,166500000,166500100,2793,27931,166650000,166650000
1,1111,166650000,166650100,2793,27931,166800000,166800000
1,1112,166800000,166800100,2793,27931,166950000,166950000
1,1113,166950000,166950100,2793,27931,167100000,167100000
1,1114,167100000,167100100,2793,27931,167250000,167250000
1,1115,167250000,167250100,2793,27931,167400000,167400000
1,1116,167400000,167400100,2793,27931,167550000,167550000
1,1117,167550000,167550100,2793,27931,167700000,167700000
1,1118,167700000,167700100,2793,27931,167850000,167850000
1,1119,167850000,167850100,2793,27931,168000000,168000000
1,1120,168000000,168000100,2793,27931,168150000,168150000
1,1121,168150000,168150100,2793,27931,168300000,168300000
1,1122,168300000,168300100,2793,27931,168450000,168450000
1,1123,168450000,168450100,2793,27931,168600000,168600000
1,1124,168600000,168600100,2793,27931,168750000,168750000
1,1125,168750000,168750100,2793,27931,168900000,168900000
1,1126,168900000,168900100,2793,27931,169050000,169050000
1,1127,169050000,169050100,2793,27931,169200000,169200000
1,1128,169200000,169200100,2793,27931,169350000,169350000
1,1129,169350000,169350100,2793,27931,169500000,169500000
1,1130,169500000,169500100,2793,27931,169650000,169650000
1,1131,169650000,169650100,2793,27931,169800000,169800000
1,1132,169800000,169800100,2793,27931,169950000,169950000
1,1133,169950000,169950100,2793,27931,170100000,170100000
1,1134,170100000,170100100,2793,27931,170250000,170250000
1,1135,170250000,170250100,2793,27931,170400000,170400000
1,1136,170400000,170400100,2793,27931,170550000,170550000
1,1137,170550000,170550100,2793,27931,170700000,170700000
1,1138,170700000,170700100,2793,27931,170850000,170850000
1,1139,170850000,170850100,2793,27931,171000000,171000000
1,1140,171000000,171000100,2793,27931,171150000,171150000
1,1141,171150000,171150100,2793,27931,171300000,171300000
1,1142,171300000,171300100,2793,27931,171450000,171450000
1,1143,171450000,171450100,2793,27931,171600000,171600000
1,1144,171600000,171600100,2793,27931,171750000,171750000
1,1145,171750000,171750100,2793,27931,171900000,171900000
1,1146,171900000,171900100,2793,27931,172050000,172050000
1,1147,172050000,172050100,2793,27931,172200000,172200000
1,1148,172200000,172200100,2793,27931,172350000,172350000
1,1149,172350000,172350100,2793,27931,172500000,172500000
1,1150,172500000,172500100,2793,27931,172650000,172650000
1,1151,172650000,172650100,2793,27931,172800000,172800000
1,1152,172800000,172800100,2793,27931,172950000,172950000
1,1153,172950000,172950100,2793,27931,173100000,173100000
1,1154,173100000,173100100,2793,27931,173250000,173250000
1,1155,173250000,173250100,2793,27931,173400000,173400000
1,1156,173400000,173400100,2793,27931,173550000,173550000
1,1157,173550000,173550100,2793,27931,173700000,173700000
1,1158,173700000,173700100,2793,27931,173850000,173850000
1,1159,173850000,173850100,2793,27931,174000000,174000000
1,1160,174000000,174000100,2793,27931,174150000,174150000
1,1161,174150000,174150100,2793,27931,174300000,174300000
1,1162,174300000,174300100,2793,27931,174450000,174450000
1,1163,174450000,174450100,2793,27931,174600000,174600000
1,1164,174600000,174600100,2793,27931,174750000,174750000
1,1165,174750000,174750100,2793,27931,174900000,174900000
1,1166,174900000,174900100,2793,27931,175050000,175050000
1,1167,175050000,175050100,2793,27931,175200000,175200000
1,1168,175200000,175200100,2793,27931,175350000,175350000
1,1169,175350000,175350100,2793,27931,175500000,175500000
1,1170,175500000,175500100,2793,27931,175650000,175650000
1,1171,175650000,175650100,2793,27931,175800000,175800000
1,1172,175800000,175800100,2793,27931,175950000,175950000
1,1173,175950000,175950100,2793,27931,176100000,176100000
1,1174,176100000,176100100,2793,27931,176250000,176250000
1,1175,176250000,176250100,2793,27931,176400000,176400000
1,1176,176400000,176400100,2793,27931,176550000,176550000
1,1177,176550000,176550100,2793,27931,176700000,176700000
1,1178,176700000,176700100,2793,27931,176850000,176850000
1,1179,176850000,176850100,2793,27931,177000000,177000000
1,1180,177000000,177000100,2793,27931,177150000,177150000
1,1181,177150000,177150100,2793,27931,177300000,177300000
1,1182,177300000,177300100,2793,27931,177450000,177450000
1,1183,177450000,177450100,2793,27931,177600000,177600000
1,1184,177600000,177600100,2793,27931,177750000,177750000
1,1185,177750000,177750100,2793,27931,177900000,177900000
1,1186,177900000,177900100,2793,27931,178050000,178050000
1,1187,178050000,178050100,2793,27931,178200000,178200000
1,1188,178200000,178200100,2793,27931,178350000,178350000
1,1189,178350000,178350100,2793,27931,178500000,178500000
1,1190,178500000,178500100,2793,27931,178650000,178650000
1,1191,178650000,178650100,2793,27931,178800000,178800000
1,1192,178800000,178800100,2793,27931,178950000,178950000
1,1193,178950000,178950100,2793,27931,179100000,179100000
1,1194,179100000,179100100,2793,27931,179250000,179250000
1,1195,179250000,179250100,2793,27931,179400000,179400000
1,1196,179400000,179400100,2793,27931,179550000,179550000
1,1197,179550000,179550100,2793,27931,179700000,179700000
1,1198,179700000,179700100,2793,27931,179850000,179850000
1,1199,179850000,179850100,2793,27931,180000000,180000000
1,1200,180000000,180000100,2793,27931,180150000,180150000
1,1201,180150000,180150100,2793,27931,180300000,180300000
1,1202,180300000,180300100,2793,27931,180450000,180450000
1,1203,180450000,180450100,2793,27931,180600000,180600000
1,1204,180600000,180600100,2793,27931,180750000,180750000
1,1205,180750000,180750100,2793,27931,180900000,180900000
1,1206,180900000,180900100,2793,27931,181050000,181050000
1,1207,181050000,181050100,2793,27931,181200000,181200000
1,1208,181200000,181200100,2793,27931,181350000,181350000
1,1209,181350000,181350100,2793,27931,181500000,181500000
1,1210,181500000,181500100,2793,27931,181650000,181650000
1,1211,181650000,181650100,2793,27931,181800000,181800000
1,1212,181800000,181800100,2793,27931,181950000,181950000
1,1213,181950000,181950100,2793,27931,182100000,182100000
1,1214,182100000,182100100,2793,27931,182250000,182250000
1,1215,182250000,182250100,2793,27931,182400000,182400000
1,1216,182400000,182400100,2793,27931,182550000,182550000
1,1217,182550000,182550100,2793,27931,182700000,182700000
1,1218,182700000,182700100,2793,27931,182850000,182850000
1,1219,182850000,182850100,2793,27931,183000000,183000000
1,1220,183000000,183000100,2793,27931,183150000,183150000
1,1221,183150000,183150100,2793,27931,183300000,183300000
1,1222,183300000,183300100,2793,27931,183450000,183450000
1,1223,183450000,183450100,2793,27931,183600000,183600000
1,1224,183600000,183600100,2793,27931,183750000,183750000
1,1225,183750000,183750100,2793,27931,183900000,183900000
1,1226,183900000,183900100,2793,27931,184050000,184050000
1,1227,184050000,184050100,2793,27931,184200000,184200000
1,1228,184200000,184200100,2793,27931,184350000,184350000
1,1229,184350000,184350100,2793,27931,184500000,184500000
1,1230,184500000,184500100,2793,27931,184650000,184650000
1,1231,184650000,184650100,2793,27931,184800000,184800000
1,1232,184800000,184800100,2793,27931,184950000,184950000
1,1233,184950000,184950100,2793,27931,185100000,185100000
1,1234,185100000,185100100,2793,27931,185250000,185250000
1,1235,185250000,185250100,2793,27931,185400000,185400000
1,1236,185400000,185400100,2793,27931,185550000,185550000
1,1237,185550000,185550100,2793,27931,185700000,185700000
1,1238,185700000,185700100,2793,27931,185850000,185850000
1,1239,185850000,185850100,2793,27931,186000000,186000000
1,1240,186000000,186000100,2793,27931,186150000,186150000
1,1241,186150000,186150100,2793,27931,186300000,186300000
1,1242,186300000,186300100,2793,27931,186450000,186450000
1,1243,186450000,186450100,2793,27931,186600000,186600000
1,1244,186600000,186600100,2793,27931,186750000,186750000
1,1245,186750000,186750100,2793,27931,186900000,186900000
1,1246,186900000,186900100,2793,27931,187050000,187050000
1,1247,187050000,187050100,2793,27931,187200000,187200000
1,1248,187200000,187200100,2793,27931,187350000,187350000
1,1249,187350000,187350100,2793,27931,187500000,187500000
1,1250,187500000,187500100,2793,27931,187650000,187650000
1,1251,187650000,187650100,2793,27931,187800000,187800000
1,1252,187800000,187800100,2793,27931,187950000,187950000
1,1253,187950000,187950100,2793,27931,188100000,188100000
1,1254,188100000,188100100,2793,27931,188250000,188250000
1,1255,188250000,188250100,2793,27931,188400000,188400000
1,1256,188400000,188400100,2793,27931,188550000,188550000
1,1257,188550000,188550100,2793,27931,188700000,188700000
1,1258,188700000,188700100,2793,27931,188850000,188850000
1,1259,188850000,188850100,2793,27931,189000000,189000000
1,1260,189000000,189000100,2793,27931,189150000,189150000
1,1261,189150000,189150100,2793,27931,189300000,189300000
1,1262,189300000,189300100,2793,27931,189450000,189450000
1,1263,189450000,189450100,2793,27931,189600000,189600000
1,1264,189600000,189600100,2793,27931,189750000,189750000
1,1265,189750000,189750100,2793,27931,189900000,189900000
1,1266,189900000,189900100,2793,27931,190050000,190050000
1,1267,190050000,190050100,2793,27931,190200000,190200000
1,1268,190200000,190200100,2793,27931,190350000,190350000
1,1269,190350000,190350100,2793,27931,190500000,190500000
1,1270,190500000,190500100,2793,27931,190650000,190650000
1,1271,190650000,190650100,2793,27931,190800000,190800000
1,1272,190800000,190800100,2793,27931,190950000,190950000
1,1273,190950000,190950100,2793,27931,191100000,191100000
1,1274,191100000,191100100,2793,27931,191250000,191250000
1,1275,191250000,191250100,2793,27931,191400000,191400000
1,1276,191400000,191400100,2793,27931,191550000,191550000
1,1277,191550000,191550100,2793,27931,191700000,191700000
1,1278,191700000,191700100,2793,27931,191850000,191850000
1,1279,191850000,191850100,2793,27931,192000000,192000000
1,1280,192000000,192000100,2793,27931,192150000,192150000
1,1281,192150000,192150100,2793,27931,192300000,192300000
1,1282,192300000,192300100,2793,27931,192450000,192450000
1,1283,192450000,192450100,2793,27931,192600000,192600000
1,1284,192600000,192600100,2793,27931,192750000,192750000
1,1285,192750000,192750100,2793,27931,192900000,192900000
1,1286,192900000,192900100,2793,27931,193050000,193050000
1,1287,193050000,193050100,2793,27931,193200000,193200000
1,1288,193200000,193200100,2793,27931,193350000,193350000
1,1289,193350000,193350100,2793,27931,193500000,193500000
1,1290,193500000,193500100,2793,27931,193650000,193650000
1,1291,193650000,193650100,2793,27931,193800000,193800000
1,1292,193800000,193800100,2793,27931,193950000,193950000
1,1293,193950000,193950100,2793,27931,194100000,194100000
1,1294,194100000,194100100,2793,27931,194250000,194250000
1,1295,194250000,194250100,2793,27931,194400000,194400000
1,1296,194400000,194400100,2793,27931,194550000,194550000
1,1297,194550000,194550100,2793,27931,194700000,194700000
1,1298,194700000,194700100,2793,27931,194850000,194850000
1,1299,194850000,194850100,2793,27931,195000000,195000000
1,1300,195000000,195000100,2793,27931,195150000,195150000
1,1301,195150000,195150100,2793,27931,195300000,195300000
1,1302,195300000,195300100,2793,27931,195450000,195450000
1,1303,195450000,195450100,2793,27931,195600000,195600000
1,1304,195600000,195600100,2793,27931,195750000,195750000
1,1305,195750000,195750100,2793,27931,195900000,195900000
1,1306,195900000,195900100,2793,27931,196050000,196050000
1,1307,196050000,196050100,2793,27931,196200000,196200000
1,1308,196200000,196200100,2793,27931,196350000,196350000
1,1309,196350000,196350100,2793,27931,196500000,196500000
1,1310,196500000,196500100,2793,27931,196650000,196650000
1,1311,196650000,196650100,2793,27931,196800000,196800000
1,1312,196800000,196800100,2793,27931,196950000,196950000
1,1313,196950000,196950100,2793,27931,197100000,197100000
1,1314,197100000,197100100,2793,27931,197250000,197250000
1,1315,197250000,197250100,2793,27931,197400000,197400000
1,1316,197400000,197400100,2793,27931,197550000,197550000
1,1317,197550000,197550100,2793,27931,197700000,197700000
1,1318,197700000,197700100,2793,27931,197850000,197850000
1,1319,197850000,197850100,2793,27931,198000000,198000000
2,0,0,100,4283,42832,400000,400000
2,1,400000,400100,4283,42832,800000,800000
2,2,800000,800100,4283,42832,1200000,1200000
2,3,1200000,1200100,4283,42832,1600000,1600000
2,4,1600000,1600100,4283,42832,2000000,2000000
2,5,2000000,2000100,4283,42832,2400000,2400000
2,6,2400000,2400100,4283,42832,2800000,2800000
2,7,2800000,2800100,4283,42832,3200000,3200000
2,8,3200000,3200100,4283,42832,3600000,3600000
2,9,3600000,3600100,4283,42832,4000000,4000000
2,10,4000000,4000100,4283,42832,4400000,4400000
2,11,4400000,4400100,4283,42832,4800000,4800000
2,12,4800000,4800100,4283,42832,5200000,5200000
2,13,5200000,5200100,4283,42832,5600000,5600000
2,14,5600000,5600100,4283,42832,6000000,6000000
2,15,6000000,6000100,4283,42832,6400000,6400000
2,16,6400000,6400100,4283,42832,6800000,6800000
2,17,6800000,6800100,4283,42832,7200000,7200000
2,18,7200000,7200100,4283,42832,7600000,7600000
2,19,7600000,7600100,4283,42832,8000000,8000000
2,20,8000000,8000100,4283,42832,8400000,8400000
2,21,8400000,8400100,4283,42832,8800000,8800000
2,22,8800000,8800100,4283,42832,9200000,9200000
2,23,9200000,9200100,4283,42832,9600000,9600000
2,24,9600000,9600100,4283,42832,10000000,10000000
2,25,10000000,10000100,4283,42832,10400000,10400000
2,26,10400000,10400100,4283,42832,10800000,10800000
2,27,10800000,10800100,4283,42832,11200000,11200000
2,28,11200000,11200100,4283,42832,11600000,11600000
2,29,11600000,11600100,4283,42832,12000000,12000000
2,30,12000000,12000100,4283,42832,12400000,12400000
2,31,12400000,12400100,4283,42832,12800000,12800000
2,32,12800000,12800100,4283,42832,13200000,13200000
2,33,13200000,13200100,4283,42832,13600000,13600000
2,34,13600000,13600100,4283,42832,14000000,14000000
2,35,14000000,14000100,4283,42832,14400000,14400000
2,36,14400000,14400100,4283,42832,14800000,14800000
2,37,14800000,14800100,4283,42832,15200000,15200000
2,38,15200000,15200100,4283,42832,15600000,15600000
2,39,15600000,15600100,4283,42832,16000000,16000000
2,40,16000000,16000100,4283,42832,16400000,16400000
2,41,16400000,16400100,4283,42832,16800000,16800000
2,42,16800000,16800100,4283,42832,17200000,17200000
2,43,17200000,17200100,4283,42832,17600000,17600000
2,44,17600000,17600100,4283,42832,18000000,18000000
2,45,18000000,18000100,4283,42832,18400000,18400000
2,46,18400000,18400100,4283,42832,18800000,18800000
2,47,18800000,18800100,4283,42832,19200000,19200000
2,48,19200000,19200100,4283,42832,19600000,19600000
2,49,19600000,19600100,4283,42832,20000000,20000000
2,50,20000000,20000100,4283,42832,20400000,20400000
2,51,20400000,20400100,4283,42832,20800000,20800000
2,52,20800000,20800100,4283,42832,21200000,21200000
2,53,21200000,21200100,4283,42832,21600000,21600000
2,54,21600000,21600100,4283,42832,22000000,22000000
2,55,22000000,22000100,4283,42832,22400000,22400000
2,56,22400000,22400100,4283,42832,22800000,22800000
2,57,22800000,22800100,4283,42832,23200000,23200000
2,58,23200000,23200100,4283,42832,23600000,23600000
2,59,23600000,23600100,4283,42832,24000000,24000000
2,60,24000000,24000100,4283,42832,24400000,24400000
2,61,24400000,24400100,4283,42832,24800000,24800000
2,62,24800000,24800100,4283,42832,25200000,25200000
2,63,25200000,25200100,4283,42832,25600000,25600000
2,64,25600000,25600100,4283,42832,26000000,26000000
2,65,26000000,26000100,4283,42832,26400000,26400000
2,66,26400000,26400100,4283,42832,26800000,26800000
2,67,26800000,26800100,4283,42832,27200000,27200000
2,68,27200000,27200100,4283,42832,27600000,27600000
2,69,27600000,27600100,4283,42832,28000000,28000000
2,70,28000000,28000100,4283,42832,28400000,28400000
2,71,28400000,28400100,4283,42832,28800000,28800000
2,72,28800000,28800100,4283,42832,29200000,29200000
2,73,29200000,29200100,4283,42832,29600000,29600000
2,74,29600000,29600100,4283,42832,30000000,30000000
2,75,30000000,30000100,4283,42832,30400000,30400000
2,76,30400000,30400100,4283,42832,30800000,30800000
2,77,30800000,30800100,4283,42832,31200000,31200000
2,78,31200000,31200100,4283,42832,31600000,31600000
2,79,31600000,31600100,4283,42832,32000000,32000000
2,80,32000000,32000100,4283,42832,32400000,32400000
2,81,32400000,32400100,4283,42832,32800000,32800000
2,82,32800000,32800100,4283,42832,33200000,33200000
2,83,33200000,33200100,4283,42832,33600000,33600000
2,84,33600000,33600100,4283,42832,34000000,34000000
2,85,34000000,34000100,4283,42832,34400000,34400000
2,86,34400000,34400100,4283,42832,34800000,34800000
2,87,34800000,34800100,4283,42832,35200000,35200000
2,88,35200000,35200100,4283,42832,35600000,35600000
2,89,35600000,35600100,4283,42832,36000000,36000000
2,90,36000000,36000100,4283,42832,36400000,36400000
2,91,36400000,36400100,4283,42832,36800000,36800000
2,92,36800000,36800100,4283,42832,37200000,37200000
2,93,37200000,37200100,4283,42832,37600000,37600000
2,94,37600000,37600100,4283,42832,38000000,38000000
2,95,38000000,38000100,4283,42832,38400000,38400000
2,96,38400000,38400100,4283,42832,38800000,38800000
2,97,38800000,38800100,4283,42832,39200000,39200000
2,98,39200000,39200100,4283,42832,39600000,39600000
2,99,39600000,39600100,4283,42832,40000000,40000000
2,100,40000000,40000100,4283,42832,40400000,40400000
2,101,40400000,40400100,4283,42832,40800000,40800000
2,102,40800000,40800100,4283,42832,41200000,41200000
2,103,41200000,41200100,4283,42832,41600000,41600000
2,104,41600000,41600100,4283,42832,42000000,42000000
2,105,42000000,42000100,4283,42832,42400000,42400000
2,106,42400000,42400100,4283,42832,42800000,42800000
2,107,42800000,42800100,4283,42832,43200000,43200000
2,108,43200000,43200100,4283,42832,43600000,43600000
2,109,43600000,43600100,4283,42832,44000000,44000000
2,110,44000000,44000100,4283,42832,44400000,44400000
2,111,44400000,44400100,4283,42832,44800000,44800000
2,112,44800000,44800100,4283,42832,45200000,45200000
2,113,45200000,45200100,4283,42832,45600000,45600000
2,114,45600000,45600100,4283,42832,46000000,46000000
2,115,46000000,46000100,4283,42832,46400000,46400000
2,116,46400000,46400100,4283,42832,46800000,46800000
2,117,46800000,46800100,4283,42832,47200000,47200000
2,118,47200000,47200100,4283,42832,47600000,47600000
2,119,47600000,47600100,4283,42832,48000000,48000000
2,120,48000000,48000100,4283,42832,48400000,48400000
2,121,48400000,48400100,4283,42832,48800000,48800000
2,122,48800000,48800100,4283,42832,49200000,49200000
2,123,49200000,49200100,4283,42832,49600000,49600000
2,124,49600000,49600100,4283,42832,50000000,50000000
2,125,50000000,50000100,4283,42832,50400000,50400000
2,126,50400000,50400100,4283,42832,50800000,50800000
2,127,50800000,50800100,4283,42832,51200000,51200000
2,128,51200000,51200100,4283,42832,51600000,51600000
2,129,51600000,51600100,4283,42832,52000000,52000000
2,130,52000000,52000100,4283,42832,52400000,52400000
2,131,52400000,52400100,4283,42832,52800000,52800000
2,132,52800000,52800100,4283,42832,53200000,53200000
2,133,53200000,53200100,4283,42832,53600000,53600000
2,134,53600000,53600100,4283,42832,54000000,54000000
2,135,54000000,54000100,4283,42832,54400000,54400000
2,136,54400000,54400100,4283,42832,54800000,54800000
2,137,54800000,54800100,4283,42832,55200000,55200000
2,138,55200000,55200100,4283,42832,55600000,55600000
2,139,55600000,55600100,4283,42832,56000000,56000000
2,140,56000000,56000100,4283,42832,56400000,56400000
2,141,56400000,56400100,4283,42832,56800000,56800000
2,142,56800000,56800100,4283,42832,57200000,57200000
2,143,57200000,57200100,4283,42832,57600000,57600000
2,144,57600000,57600100,4283,42832,58000000,58000000
2,145,58000000,58000100,4283,42832,58400000,58400000
2,146,58400000,58400100,4283,42832,58800000,58800000
2,147,58800000,58800100,4283,42832,59200000,59200000
2,148,59200000,59200100,4283,42832,59600000,59600000
2,149,59600000,59600100,4283,42832,60000000,60000000
2,150,60000000,60000100,4283,42832,60400000,60400000
2,151,60400000,60400100,4283,42832,60800000,60800000
2,152,60800000,60800100,4283,42832,61200000,61200000
2,153,61200000,61200100,4283,42832,61600000,61600000
2,154,61600000,61600100,4283,42832,62000000,62000000
2,155,62000000,62000100,4283,42832,62400000,62400000
2,156,62400000,62400100,4283,42832,62800000,62800000
2,157,62800000,62800100,4283,42832,63200000,63200000
2,158,63200000,63200100,4283,42832,63600000,63600000
2,159,63600000,63600100,4283,42832,64000000,64000000
2,160,64000000,64000100,4283,42832,64400000,64400000
2,161,64400000,64400100,4283,42832,64800000,64800000
2,162,64800000,64800100,4283,42832,65200000,65200000
2,163,65200000,65200100,4283,42832,65600000,65600000
2,164,65600000,65600100,4283,42832,66000000,66000000
2,165,66000000,66000100,4283,42832,66400000,66400000
2,166,66400000,66400100,4283,42832,66800000,66800000
2,167,66800000,66800100,4283,42832,67200000,67200000
2,168,67200000,67200100,4283,42832,67600000,67600000
2,169,67600000,67600100,4283,42832,68000000,68000000
2,170,68000000,68000100,4283,42832,68400000,68400000
2,171,68400000,68400100,4283,42832,68800000,68800000
2,172,68800000,68800100,4283,42832,69200000,69200000
2,173,69200000,69200100,4283,42832,69600000,69600000
2,174,69600000,69600100,4283,42832,70000000,70000000
2,175,70000000,70000100,4283,42832,70400000,70400000
2,176,70400000,70400100,4283,42832,70800000,70800000
2,177,70800000,70800100,4283,42832,71200000,71200000
2,178,71200000,71200100,4283,42832,71600000,71600000
2,179,71600000,71600100,4283,42832,72000000,72000000
2,180,72000000,72000100,4283,42832,72400000,72400000
2,181,72400000,72400100,4283,42832,72800000,72800000
2,182,72800000,72800100,4283,42832,73200000,73200000
2,183,73200000,73200100,4283,42832,73600000,73600000
2,184,73600000,73600100,4283,42832,74000000,74000000
2,185,74000000,74000100,4283,42832,74400000,74400000
2,186,74400000,74400100,4283,42832,74800000,74800000
2,187,74800000,74800100,4283,42832,75200000,75200000
2,188,75200000,75200100,4283,42832,75600000,75600000
2,189,75600000,75600100,4283,42832,76000000,76000000
2,190,76000000,76000100,4283,42832,76400000,76400000
2,191,76400000,76400100,4283,42832,76800000,76800000
2,192,76800000,76800100,4283,42832,77200000,77200000
2,193,77200000,77200100,4283,42832,77600000,77600000
2,194,77600000,77600100,4283,42832,78000000,78000000
2,195,78000000,78000100,4283,42832,78400000,78400000
2,196,78400000,78400100,4283,42832,78800000,78800000
2,197,78800000,78800100,4283,42832,79200000,79200000
2,198,79200000,79200100,4283,42832,79600000,79600000
2,199,79600000,79600100,4283,42832,80000000,80000000
2,200,80000000,80000100,4283,42832,80400000,80400000
2,201,80400000,80400100,4283,42832,80800000,80800000
2,202,80800000,80800100,4283,42832,81200000,81200000
2,203,81200000,81200100,4283,42832,81600000,81600000
2,204,81600000,81600100,4283,42832,82000000,82000000
2,205,82000000,82000100,4283,42832,82400000,82400000
2,206,82400000,82400100,4283,42832,82800000,82800000
2,207,82800000,82800100,4283,42832,83200000,83200000
2,208,83200000,83200100,4283,42832,83600000,83600000
2,209,83600000,83600100,4283,42832,84000000,84000000
2,210,84000000,84000100,4283,42832,84400000,84400000
2,211,84400000,84400100,4283,42832,84800000,84800000
2,212,84800000,84800100,4283,42832,85200000,85200000
2,213,85200000,85200100,4283,42832,85600000,85600000
2,214,85600000,85600100,4283,42832,86000000,86000000
2,215,86000000,86000100,4283,42832,86400000,86400000
2,216,86400000,86400100,4283,42832,86800000,86800000
2,217,86800000,86800100,4283,42832,87200000,87200000
2,218,87200000,87200100,4283,42832,87600000,87600000
2,219,87600000,87600100,4283,42832,88000000,88000000
2,220,88000000,88000100,4283,42832,88400000,88400000
2,221,88400000,88400100,4283,42832,88800000,88800000
2,222,88800000,88800100,4283,42832,89200000,89200000
2,223,89200000,89200100,4283,42832,89600000,89600000
2,224,89600000,89600100,4283,42832,90000000,90000000
2,225,90000000,90000100,4283,42832,90400000,90400000
2,226,90400000,90400100,4283,42832,90800000,90800000
2,227,90800000,90800100,4283,42832,91200000,91200000
2,228,91200000,91200100,4283,42832,91600000,91600000
2,229,91600000,91600100,4283,42832,92000000,92000000
2,230,92000000,92000100,4283,42832,92400000,92400000
2,231,92400000,92400100,4283,42832,92800000,92800000
2,232,92800000,92800100,4283,42832,93200000,93200000
2,233,93200000,93200100,4283,42832,93600000,93600000
2,234,93600000,93600100,4283,42832,94000000,94000000
2,235,94000000,94000100,4283,42832,94400000,94400000
2,236,94400000,94400100,4283,42832,94800000,94800000
2,237,94800000,94800100,4283,42832,95200000,95200000
2,238,95200000,95200100,4283,42832,95600000,95600000
2,239,95600000,95600100,4283,42832,96000000,96000000
2,240,96000000,96000100,4283,42832,96400000,96400000
2,241,96400000,96400100,4283,42832,96800000,96800000
2,242,96800000,96800100,4283,42832,97200000,97200000
2,243,97200000,97200100,4283,42832,97600000,97600000
2,244,97600000,97600100,4283,42832,98000000,98000000
2,245,98000000,98000100,4283,42832,98400000,98400000
2,246,98400000,98400100,4283,42832,98800000,98800000
2,247,98800000,98800100,4283,42832,99200000,99200000
2,248,99200000,99200100,4283,42832,99600000,99600000
2,249,99600000,99600100,4283,42832,100000000,100000000
2,250,100000000,100000100,4283,42832,100400000,100400000
2,251,100400000,100400100,4283,42832,100800000,100800000
2,252,100800000,100800100,4283,42832,101200000,101200000
2,253,101200000,101200100,4283,42832,101600000,101600000
2,254,101600000,101600100,4283,42832,102000000,102000000
2,255,102000000,102000100,4283,42832,102400000,102400000
2,256,102400000,102400100,4283,42832,102800000,102800000
2,257,102800000,102800100,4283,42832,103200000,103200000
2,258,103200000,103200100,4283,42832,103600000,103600000
2,259,103600000,103600100,4283,42832,104000000,104000000
2,260,104000000,104000100,4283,42832,104400000,104400000
2,261,104400000,104400100,4283,42832,104800000,104800000
2,262,104800000,104800100,4283,42832,105200000,105200000
2,263,105200000,105200100,4283,42832,105600000,105600000
2,264,105600000,105600100,4283,42832,106000000,106000000
2,265,106000000,106000100,4283,42832,106400000,106400000
2,266,106400000,106400100,4283,42832,106800000,106800000
2,267,106800000,106800100,4283,42832,107200000,107200000
2,268,107200000,107200100,4283,42832,107600000,107600000
2,269,107600000,107600100,4283,42832,108000000,108000000
2,270,108000000,108000100,4283,42832,108400000,108400000
2,271,108400000,108400100,4283,42832,108800000,108800000
2,272,108800000,108800100,4283,42832,109200000,109200000
2,273,109200000,109200100,4283,42832,109600000,109600000
2,274,109600000,109600100,4283,42832,110000000,110000000
2,275,110000000,110000100,4283,42832,110400000,110400000
2,276,110400000,110400100,4283,42832,110800000,110800000
2,277,110800000,110800100,4283,42832,111200000,111200000
2,278,111200000,111200100,4283,42832,111600000,111600000
2,279,111600000,111600100,4283,42832,112000000,112000000
2,280,112000000,112000100,4283,42832,112400000,112400000
2,281,112400000,112400100,4283,42832,112800000,112800000
2,282,112800000,112800100,4283,42832,113200000,113200000
2,283,113200000,113200100,4283,42832,113600000,113600000
2,284,113600000,113600100,4283,42832,114000000,114000000
2,285,114000000,114000100,4283,42832,114400000,114400000
2,286,114400000,114400100,4283,42832,114800000,114800000
2,287,114800000,114800100,4283,42832,115200000,115200000
2,288,115200000,115200100,4283,42832,115600000,115600000
2,289,115600000,115600100,4283,42832,116000000,116000000
2,290,116000000,116000100,4283,42832,116400000,116400000
2,291,116400000,116400100,4283,42832,116800000,116800000
2,292,116800000,116800100,4283,42832,117200000,117200000
2,293,117200000,117200100,4283,42832,117600000,117600000
2,294,117600000,117600100,4283,42832,118000000,118000000
2,295,118000000,118000100,4283,42832,118400000,118400000
2,296,118400000,118400100,4283,42832,118800000,118800000
2,297,118800000,118800100,4283,42832,119200000,119200000
2,298,119200000,119200100,4283,42832,119600000,119600000
2,299,119600000,119600100,4283,42832,120000000,120000000
2,300,120000000,120000100,4283,42832,120400000,120400000
2,301,120400000,120400100,4283,42832,120800000,120800000
2,302,120800000,120800100,4283,42832,121200000,121200000
2,303,121200000,121200100,4283,42832,121600000,121600000
2,304,121600000,121600100,4283,42832,122000000,122000000
2,305,122000000,122000100,4283,42832,122400000,122400000
2,306,122400000,122400100,4283,42832,122800000,122800000
2,307,122800000,122800100,4283,42832,123200000,123200000
2,308,123200000,123200100,4283,42832,123600000,123600000
2,309,123600000,123600100,4283,42832,124000000,124000000
2,310,124000000,124000100,4283,42832,124400000,124400000
2,311,124400000,124400100,4283,42832,124800000,124800000
2,312,124800000,124800100,4283,42832,125200000,125200000
2,313,125200000,125200100,4283,42832,125600000,125600000
2,314,125600000,125600100,4283,42832,126000000,126000000
2,315,126000000,126000100,4283,42832,126400000,126400000
2,316,126400000,126400100,4283,42832,126800000,126800000
2,317,126800000,126800100,4283,42832,127200000,127200000
2,318,127200000,127200100,4283,42832,127600000,127600000
2,319,127600000,127600100,4283,42832,128000000,128000000
2,320,128000000,128000100,4283,42832,128400000,128400000
2,321,128400000,128400100,4283,42832,128800000,128800000
2,322,128800000,128800100,4283,42832,129200000,129200000
2,323,129200000,129200100,4283,42832,129600000,129600000
2,324,129600000,129600100,4283,42832,130000000,130000000
2,325,130000000,130000100,4283,42832,130400000,130400000
2,326,130400000,130400100,4283,42832,130800000,130800000
2,327,130800000,130800100,4283,42832,131200000,131200000
2,328,131200000,131200100,4283,42832,131600000,131600000
2,329,131600000,131600100,4283,42832,132000000,132000000
2,330,132000000,132000100,4283,42832,132400000,132400000
2,331,132400000,132400100,4283,42832,132800000,132800000
2,332,132800000,132800100,4283,42832,133200000,133200000
2,333,133200000,133200100,4283,42832,133600000,133600000
2,334,133600000,133600100,4283,42832,134000000,134000000
2,335,134000000,134000100,4283,42832,134400000,134400000
2,336,134400000,134400100,4283,42832,134800000,134800000
2,337,134800000,134800100,4283,42832,135200000,135200000
2,338,135200000,135200100,4283,42832,135600000,135600000
2,339,135600000,135600100,4283,42832,136000000,136000000
2,340,136000000,136000100,4283,42832,136400000,136400000
2,341,136400000,136400100,4283,42832,136800000,136800000
2,342,136800000,136800100,4283,42832,137200000,137200000
2,343,137200000,137200100,4283,42832,137600000,137600000
2,344,137600000,137600100,4283,42832,138000000,138000000
2,345,138000000,138000100,4283,42832,138400000,138400000
2,346,138400000,138400100,4283,42832,138800000,138800000
2,347,138800000,138800100,4283,42832,139200000,139200000
2,348,139200000,139200100,4283,42832,139600000,139600000
2,349,139600000,139600100,4283,42832,140000000,140000000
2,350,140000000,140000100,4283,42832,140400000,140400000
2,351,140400000,140400100,4283,42832,140800000,140800000
2,352,140800000,140800100,4283,42832,141200000,141200000
2,353,141200000,141200100,4283,42832,141600000,141600000
2,354,141600000,141600100,4283,42832,142000000,142000000
2,355,142000000,142000100,4283,42832,142400000,142400000
2,356,142400000,142400100,4283,42832,142800000,142800000
2,357,142800000,142800100,4283,42832,143200000,143200000
2,358,143200000,143200100,4283,42832,143600000,143600000
2,359,143600000,143600100,4283,42832,144000000,144000000
2,360,144000000,144000100,4283,42832,144400000,144400000
2,361,144400000,144400100,4283,42832,144800000,144800000
2,362,144800000,144800100,4283,42832,145200000,145200000
2,363,145200000,145200100,4283,42832,145600000,145600000
2,364,145600000,145600100,4283,42832,146000000,146000000
2,365,146000000,146000100,4283,42832,146400000,146400000
2,366,146400000,146400100,4283,42832,146800000,146800000
2,367,146800000,146800100,4283,42832,147200000,147200000
2,368,147200000,147200100,4283,42832,147600000,147600000
2,369,147600000,147600100,4283,42832,148000000,148000000
2,370,148000000,148000100,4283,42832,148400000,148400000
2,371,148400000,148400100,4283,42832,148800000,148800000
2,372,148800000,148800100,4283,42832,149200000,149200000
2,373,149200000,149200100,4283,42832,149600000,149600000
2,374,149600000,149600100,4283,42832,150000000,150000000
2,375,150000000,150000100,4283,42832,150400000,150400000
2,376,150400000,150400100,4283,42832,150800000,150800000
2,377,150800000,150800100,4283,42832,151200000,151200000
2,378,151200000,151200100,4283,42832,151600000,151600000
2,379,151600000,151600100,4283,42832,152000000,152000000
2,380,152000000,152000100,4283,42832,152400000,152400000
2,381,152400000,152400100,4283,42832,152800000,152800000
2,382,152800000,152800100,4283,42832,153200000,153200000
2,383,153200000,153200100,4283,42832,153600000,153600000
2,384,153600000,153600100,4283,42832,154000000,154000000
2,385,154000000,154000100,4283,42832,154400000,154400000
2,386,154400000,154400100,4283,42832,154800000,154800000
2,387,154800000,154800100,4283,42832,155200000,155200000
2,388,155200000,155200100,4283,42832,155600000,155600000
2,389,155600000,155600100,4283,42832,156000000,156000000
2,390,156000000,156000100,4283,42832,156400000,156400000
2,391,156400000,156400100,4283,42832,156800000,156800000
2,392,156800000,156800100,4283,42832,157200000,157200000
2,393,157200000,157200100,4283,42832,157600000,157600000
2,394,157600000,157600100,4283,42832,158000000,158000000
2,395,158000000,158000100,4283,42832,158400000,158400000
2,396,158400000,158400100,4283,42832,158800000,158800000
2,397,158800000,158800100,4283,42832,159200000,159200000
2,398,159200000,159200100,4283,42832,159600000,159600000
2,399,159600000,159600100,4283,42832,160000000,160000000
2,400,160000000,160000100,4283,42832,160400000,160400000
2,401,160400000,160400100,4283,42832,160800000,160800000
2,402,160800000,160800100,4283,42832,161200000,161200000
2,403,161200000,161200100,4283,42832,161600000,161600000
2,404,161600000,161600100,4283,42832,162000000,162000000
2,405,162000000,162000100,4283,42832,162400000,162400000
2,406,162400000,162400100,4283,42832,162800000,162800000
2,407,162800000,162800100,4283,42832,163200000,163200000
2,408,163200000,163200100,4283,42832,163600000,163600000
2,409,163600000,163600100,4283,42832,164000000,164000000
2,410,164000000,164000100,4283,42832,164400000,164400000
2,411,164400000,164400100,4283,42832,164800000,164800000
2,412,164800000,164800100,4283,42832,165200000,165200000
2,413,165200000,165200100,4283,42832,165600000,165600000
2,414,165600000,165600100,4283,42832,166000000,166000000
2,415,166000000,166000100,4283,42832,166400000,166400000
2,416,166400000,166400100,4283,42832,166800000,166800000
2,417,166800000,166800100,4283,42832,167200000,167200000
2,418,167200000,167200100,4283,42832,167600000,167600000
2,419,167600000,167600100,4283,42832,168000000,168000000
2,420,168000000,168000100,4283,42832,168400000,168400000
2,421,168400000,168400100,4283,42832,168800000,168800000
2,422,168800000,168800100,4283,42832,169200000,169200000
2,423,169200000,169200100,4283,42832,169600000,169600000
2,424,169600000,169600100,4283,42832,170000000,170000000
2,425,170000000,170000100,4283,42832,170400000,170400000
2,426,170400000,170400100,4283,42832,170800000,170800000
2,427,170800000,170800100,4283,42832,171200000,171200000
2,428,171200000,171200100,4283,42832,171600000,171600000
2,429,171600000,171600100,4283,42832,172000000,172000000
2,430,172000000,172000100,4283,42832,172400000,172400000
2,431,172400000,172400100,4283,42832,172800000,172800000
2,432,172800000,172800100,4283,42832,173200000,173200000
2,433,173200000,173200100,4283,42832,173600000,173600000
2,434,173600000,173600100,4283,42832,174000000,174000000
2,435,174000000,174000100,4283,42832,174400000,174400000
2,436,174400000,174400100,4283,42832,174800000,174800000
2,437,174800000,174800100,4283,42832,175200000,175200000
2,438,175200000,175200100,4283,42832,175600000,175600000
2,439,175600000,175600100,4283,42832,176000000,176000000
2,440,176000000,176000100,4283,42832,176400000,176400000
2,441,176400000,176400100,4283,42832,176800000,176800000
2,442,176800000,176800100,4283,42832,177200000,177200000
2,443,177200000,177200100,4283,42832,177600000,177600000
2,444,177600000,177600100,4283,42832,178000000,178000000
2,445,178000000,178000100,4283,42832,178400000,178400000
2,446,178400000,178400100,4283,42832,178800000,178800000
2,447,178800000,178800100,4283,42832,179200000,179200000
2,448,179200000,179200100,4283,42832,179600000,179600000
2,449,179600000,179600100,4283,42832,180000000,180000000
2,450,180000000,180000100,4283,42832,180400000,180400000
2,451,180400000,180400100,4283,42832,180800000,180800000
2,452,180800000,180800100,4283,42832,181200000,181200000
2,453,181200000,181200100,4283,42832,181600000,181600000
2,454,181600000,181600100,4283,42832,182000000,182000000
2,455,182000000,182000100,4283,42832,182400000,182400000
2,456,182400000,182400100,4283,42832,182800000,182800000
2,457,182800000,182800100,4283,42832,183200000,183200000
2,458,183200000,183200100,4283,42832,183600000,183600000
2,459,183600000,183600100,4283,42832,184000000,184000000
2,460,184000000,184000100,4283,42832,184400000,184400000
2,461,184400000,184400100,4283,42832,184800000,184800000
2,462,184800000,184800100,4283,42832,185200000,185200000
2,463,185200000,185200100,4283,42832,185600000,185600000
2,464,185600000,185600100,4283,42832,186000000,186000000
2,465,186000000,186000100,4283,42832,186400000,186400000
2,466,186400000,186400100,4283,42832,186800000,186800000
2,467,186800000,186800100,4283,42832,187200000,187200000
2,468,187200000,187200100,4283,42832,187600000,187600000
2,469,187600000,187600100,4283,42832,188000000,188000000
2,470,188000000,188000100,4283,42832,188400000,188400000
2,471,188400000,188400100,4283,42832,188800000,188800000
2,472,188800000,188800100,4283,42832,189200000,189200000
2,473,189200000,189200100,4283,42832,189600000,189600000
2,474,189600000,189600100,4283,42832,190000000,190000000
2,475,190000000,190000100,4283,42832,190400000,190400000
2,476,190400000,190400100,4283,42832,190800000,190800000
2,477,190800000,190800100,4283,42832,191200000,191200000
2,478,191200000,191200100,4283,42832,191600000,191600000
2,479,191600000,191600100,4283,42832,192000000,192000000
2,480,192000000,192000100,4283,42832,192400000,192400000
2,481,192400000,192400100,4283,42832,192800000,192800000
2,482,192800000,192800100,4283,42832,193200000,193200000
2,483,193200000,193200100,4283,42832,193600000,193600000
2,484,193600000,193600100,4283,42832,194000000,194000000
2,485,194000000,194000100,4283,42832,194400000,194400000
2,486,194400000,194400100,4283,42832,194800000,194800000
2,487,194800000,194800100,4283,42832,195200000,195200000
2,488,195200000,195200100,4283,42832,195600000,195600000
2,489,195600000,195600100,4283,42832,196000000,196000000
2,490,196000000,196000100,4283,42832,196400000,196400000
2,491,196400000,196400100,4283,42832,196800000,196800000
2,492,196800000,196800100,4283,42832,197200000,197200000
2,493,197200000,197200100,4283,42832,197600000,197600000
2,494,197600000,197600100,4283,42832,198000000,198000000
3,0,0,100,15820,158200,450000,450000
3,1,450000,450100,15820,158200,900000,900000
3,2,900000,900100,15820,158200,1350000,1350000
3,3,1350000,1350100,15820,158200,1800000,1800000
3,4,1800000,1800100,15820,158200,2250000,2250000
3,5,2250000,2250100,15820,158200,2700000,2700000
3,6,2700000,2700100,15820,158200,3150000,3150000
3,7,3150000,3150100,15820,158200,3600000,3600000
3,8,3600000,3600100,15820,158200,4050000,4050000
3,9,4050000,4050100,15820,158200,4500000,4500000
3,10,4500000,4500100,15820,158200,4950000,4950000
3,11,4950000,4950100,15820,158200,5400000,5400000
3,12,5400000,5400100,15820,158200,5850000,5850000
3,13,5850000,5850100,15820,158200,6300000,6300000
3,14,6300000,6300100,15820,158200,6750000,6750000
3,15,6750000,6750100,15820,158200,7200000,7200000
3,16,7200000,7200100,15820,158200,7650000,7650000
3,17,7650000,7650100,15820,158200,8100000,8100000
3,18,8100000,8100100,15820,158200,8550000,8550000
3,19,8550000,8550100,15820,158200,9000000,9000000
3,20,9000000,9000100,15820,158200,9450000,9450000
3,21,9450000,9450100,15820,158200,9900000,9900000
3,22,9900000,9900100,15820,158200,10350000,10350000
3,23,10350000,10350100,15820,158200,10800000,10800000
3,24,10800000,10800100,15820,158200,11250000,11250000
3,25,11250000,11250100,15820,158200,11700000,11700000
3,26,11700000,11700100,15820,158200,12150000,12150000
3,27,12150000,12150100,15820,158200,12600000,12600000
3,28,12600000,12600100,15820,158200,13050000,13050000
3,29,13050000,13050100,15820,158200,13500000,13500000
3,30,13500000,13500100,15820,158200,13950000,13950000
3,31,13950000,13950100,15820,158200,14400000,14400000
3,32,14400000,14400100,15820,158200,14850000,14850000
3,33,14850000,14850100,15820,158200,15300000,15300000
3,34,15300000,15300100,15820,158200,15750000,15750000
3,35,15750000,15750100,15820,158200,16200000,16200000
3,36,16200000,16200100,15820,158200,16650000,16650000
3,37,16650000,16650100,15820,158200,17100000,17100000
3,38,17100000,17100100,15820,158200,17550000,17550000
3,39,17550000,17550100,15820,158200,18000000,18000000
3,40,18000000,18000100,15820,158200,18450000,18450000
3,41,18450000,18450100,15820,158200,18900000,18900000
3,42,18900000,18900100,15820,158200,19350000,19350000
3,43,19350000,19350100,15820,158200,19800000,19800000
3,44,19800000,19800100,15820,158200,20250000,20250000
3,45,20250000,20250100,15820,158200,20700000,20700000
3,46,20700000,20700100,15820,158200,21150000,21150000
3,47,21150000,21150100,15820,158200,21600000,21600000
3,48,21600000,21600100,15820,158200,22050000,22050000
3,49,22050000,22050100,15820,158200,22500000,22500000
3,50,22500000,22500100,15820,158200,22950000,22950000
3,51,22950000,22950100,15820,158200,23400000,23400000
3,52,23400000,23400100,15820,158200,23850000,23850000
3,53,23850000,23850100,15820,158200,24300000,24300000
3,54,24300000,24300100,15820,158200,24750000,24750000
3,55,24750000,24750100,15820,158200,25200000,25200000
3,56,25200000,25200100,15820,158200,25650000,25650000
3,57,25650000,25650100,15820,158200,26100000,26100000
3,58,26100000,26100100,15820,158200,26550000,26550000
3,59,26550000,26550100,15820,158200,27000000,27000000
3,60,27000000,27000100,15820,158200,27450000,27450000
3,61,27450000,27450100,15820,158200,27900000,27900000
3,62,27900000,27900100,15820,158200,28350000,28350000
3,63,28350000,28350100,15820,158200,28800000,28800000
3,64,28800000,28800100,15820,158200,29250000,29250000
3,65,29250000,29250100,15820,158200,29700000,29700000
3,66,29700000,29700100,15820,158200,30150000,30150000
3,67,30150000,30150100,15820,158200,30600000,30600000
3,68,30600000,30600100,15820,158200,31050000,31050000
3,69,31050000,31050100,15820,158200,31500000,31500000
3,70,31500000,31500100,15820,158200,31950000,31950000
3,71,31950000,31950100,15820,158200,32400000,32400000
3,72,32400000,32400100,15820,158200,32850000,32850000
3,73,32850000,32850100,15820,158200,33300000,33300000
3,74,33300000,33300100,15820,158200,33750000,33750000
3,75,33750000,33750100,15820,158200,34200000,34200000
3,76,34200000,34200100,15820,158200,34650000,34650000
3,77,34650000,34650100,15820,158200,35100000,35100000
3,78,35100000,35100100,15820,158200,35550000,35550000
3,79,35550000,35550100,15820,158200,36000000,36000000
3,80,36000000,36000100,15820,158200,36450000,36450000
3,81,36450000,36450100,15820,158200,36900000,36900000
3,82,36900000,36900100,15820,158200,37350000,37350000
3,83,37350000,37350100,15820,158200,37800000,37800000
3,84,37800000,37800100,15820,158200,38250000,38250000
3,85,38250000,38250100,15820,158200,38700000,38700000
3,86,38700000,38700100,15820,158200,39150000,39150000
3,87,39150000,39150100,15820,158200,39600000,39600000
3,88,39600000,39600100,15820,158200,40050000,40050000
3,89,40050000,40050100,15820,158200,40500000,40500000
3,90,40500000,40500100,15820,158200,40950000,40950000
3,91,40950000,40950100,15820,158200,41400000,41400000
3,92,41400000,41400100,15820,158200,41850000,41850000
3,93,41850000,41850100,15820,158200,42300000,42300000
3,94,42300000,42300100,15820,158200,42750000,42750000
3,95,42750000,42750100,15820,158200,43200000,43200000
3,96,43200000,43200100,15820,158200,43650000,43650000
3,97,43650000,43650100,15820,158200,44100000,44100000
3,98,44100000,44100100,15820,158200,44550000,44550000
3,99,44550000,44550100,15820,158200,45000000,45000000
3,100,45000000,45000100,15820,158200,45450000,45450000
3,101,45450000,45450100,15820,158200,45900000,45900000
3,102,45900000,45900100,15820,158200,46350000,46350000
3,103,46350000,46350100,15820,158200,46800000,46800000
3,104,46800000,46800100,15820,158200,47250000,47250000
3,105,47250000,47250100,15820,158200,47700000,47700000
3,106,47700000,47700100,15820,158200,48150000,48150000
3,107,48150000,48150100,15820,158200,48600000,48600000
3,108,48600000,48600100,15820,158200,49050000,49050000
3,109,49050000,49050100,15820,158200,49500000,49500000
3,110,49500000,49500100,15820,158200,49950000,49950000
3,111,49950000,49950100,15820,158200,50400000,50400000
3,112,50400000,50400100,15820,158200,50850000,50850000
3,113,50850000,50850100,15820,158200,51300000,51300000
3,114,51300000,51300100,15820,158200,51750000,51750000
3,115,51750000,51750100,15820,158200,52200000,52200000
3,116,52200000,52200100,15820,158200,52650000,52650000
3,117,52650000,52650100,15820,158200,53100000,53100000
3,118,53100000,53100100,15820,158200,53550000,53550000
3,119,53550000,53550100,15820,158200,54000000,54000000
3,120,54000000,54000100,15820,158200,54450000,54450000
3,121,54450000,54450100,15820,158200,54900000,54900000
3,122,54900000,54900100,15820,158200,55350000,55350000
3,123,55350000,55350100,15820,158200,55800000,55800000
3,124,55800000,55800100,15820,158200,56250000,56250000
3,125,56250000,56250100,15820,158200,56700000,56700000
3,126,56700000,56700100,15820,158200,57150000,57150000
3,127,57150000,57150100,15820,158200,57600000,57600000
3,128,57600000,57600100,15820,158200,58050000,58050000
3,129,58050000,58050100,15820,158200,58500000,58500000
3,130,58500000,58500100,15820,158200,58950000,58950000
3,131,58950000,58950100,15820,158200,59400000,59400000
3,132,59400000,59400100,15820,158200,59850000,59850000
3,133,59850000,59850100,15820,158200,60300000,60300000
3,134,60300000,60300100,15820,158200,60750000,60750000
3,135,60750000,60750100,15820,158200,61200000,61200000
3,136,61200000,61200100,15820,158200,61650000,61650000
3,137,61650000,61650100,15820,158200,62100000,62100000
3,138,62100000,62100100,15820,158200,62550000,62550000
3,139,62550000,62550100,15820,158200,63000000,63000000
3,140,63000000,63000100,15820,158200,63450000,63450000
3,141,63450000,63450100,15820,158200,63900000,63900000
3,142,63900000,63900100,15820,158200,64350000,64350000
3,143,64350000,64350100,15820,158200,64800000,64800000
3,144,64800000,64800100,15820,158200,65250000,65250000
3,145,65250000,65250100,15820,158200,65700000,65700000
3,146,65700000,65700100,15820,158200,66150000,66150000
3,147,66150000,66150100,15820,158200,66600000,66600000
3,148,66600000,66600100,15820,158200,67050000,67050000
3,149,67050000,67050100,15820,158200,67500000,67500000
3,150,67500000,67500100,15820,158200,67950000,67950000
3,151,67950000,67950100,15820,158200,68400000,68400000
3,152,68400000,68400100,15820,158200,68850000,68850000
3,153,68850000,68850100,15820,158200,69300000,69300000
3,154,69300000,69300100,15820,158200,69750000,69750000
3,155,69750000,69750100,15820,158200,70200000,70200000
3,156,70200000,70200100,15820,158200,70650000,70650000
3,157,70650000,70650100,15820,158200,71100000,71100000
3,158,71100000,71100100,15820,158200,71550000,71550000
3,159,71550000,71550100,15820,158200,72000000,72000000
3,160,72000000,72000100,15820,158200,72450000,72450000
3,161,72450000,72450100,15820,158200,72900000,72900000
3,162,72900000,72900100,15820,158200,73350000,73350000
3,163,73350000,73350100,15820,158200,73800000,73800000
3,164,73800000,73800100,15820,158200,74250000,74250000
3,165,74250000,74250100,15820,158200,74700000,74700000
3,166,74700000,74700100,15820,158200,75150000,75150000
3,167,75150000,75150100,15820,158200,75600000,75600000
3,168,75600000,75600100,15820,158200,76050000,76050000
3,169,76050000,76050100,15820,158200,76500000,76500000
3,170,76500000,76500100,15820,158200,76950000,76950000
3,171,76950000,76950100,15820,158200,77400000,77400000
3,172,77400000,77400100,15820,158200,77850000,77850000
3,173,77850000,77850100,15820,158200,78300000,78300000
3,174,78300000,78300100,15820,158200,78750000,78750000
3,175,78750000,78750100,15820,158200,79200000,79200000
3,176,79200000,79200100,15820,158200,79650000,79650000
3,177,79650000,79650100,15820,158200,80100000,80100000
3,178,80100000,80100100,15820,158200,80550000,80550000
3,179,80550000,80550100,15820,158200,81000000,81000000
3,180,81000000,81000100,15820,158200,81450000,81450000
3,181,81450000,81450100,15820,158200,81900000,81900000
3,182,81900000,81900100,15820,158200,82350000,82350000
3,183,82350000,82350100,15820,158200,82800000,82800000
3,184,82800000,82800100,15820,158200,83250000,83250000
3,185,83250000,83250100,15820,158200,83700000,83700000
3,186,83700000,83700100,15820,158200,84150000,84150000
3,187,84150000,84150100,15820,158200,84600000,84600000
3,188,84600000,84600100,15820,158200,85050000,85050000
3,189,85050000,85050100,15820,158200,85500000,85500000
3,190,85500000,85500100,15820,158200,85950000,85950000
3,191,85950000,85950100,15820,158200,86400000,86400000
3,192,86400000,86400100,15820,158200,86850000,86850000
3,193,86850000,86850100,15820,158200,87300000,87300000
3,194,87300000,87300100,15820,158200,87750000,87750000
3,195,87750000,87750100,15820,158200,88200000,88200000
3,196,88200000,88200100,15820,158200,88650000,88650000
3,197,88650000,88650100,15820,158200,89100000,89100000
3,198,89100000,89100100,15820,158200,89550000,89550000
3,199,89550000,89550100,15820,158200,90000000,90000000
3,200,90000000,90000100,15820,158200,90450000,90450000
3,201,90450000,90450100,15820,158200,90900000,90900000
3,202,90900000,90900100,15820,158200,91350000,91350000
3,203,91350000,91350100,15820,158200,91800000,91800000
3,204,91800000,91800100,15820,158200,92250000,92250000
3,205,92250000,92250100,15820,158200,92700000,92700000
3,206,92700000,92700100,15820,158200,93150000,93150000
3,207,93150000,93150100,15820,158200,93600000,93600000
3,208,93600000,93600100,15820,158200,94050000,94050000
3,209,94050000,94050100,15820,158200,94500000,94500000
3,210,94500000,94500100,15820,158200,94950000,94950000
3,211,94950000,94950100,15820,158200,95400000,95400000
3,212,95400000,95400100,15820,158200,95850000,95850000
3,213,95850000,95850100,15820,158200,96300000,96300000
3,214,96300000,96300100,15820,158200,96750000,96750000
3,215,96750000,96750100,15820,158200,97200000,97200000
3,216,97200000,97200100,15820,158200,97650000,97650000
3,217,97650000,97650100,15820,158200,98100000,98100000
3,218,98100000,98100100,15820,158200,98550000,98550000
3,219,98550000,98550100,15820,158200,99000000,99000000
3,220,99000000,99000100,15820,158200,99450000,99450000
3,221,99450000,99450100,15820,158200,99900000,99900000
3,222,99900000,99900100,15820,158200,100350000,100350000
3,223,100350000,100350100,15820,158200,100800000,100800000
3,224,100800000,100800100,15820,158200,101250000,101250000
3,225,101250000,101250100,15820,158200,101700000,101700000
3,226,101700000,101700100,15820,158200,102150000,102150000
3,227,102150000,102150100,15820,158200,102600000,102600000
3,228,102600000,102600100,15820,158200,103050000,103050000
3,229,103050000,103050100,15820,158200,103500000,103500000
3,230,103500000,103500100,15820,158200,103950000,103950000
3,231,103950000,103950100,15820,158200,104400000,104400000
3,232,104400000,104400100,15820,158200,104850000,104850000
3,233,104850000,104850100,15820,158200,105300000,105300000
3,234,105300000,105300100,15820,158200,105750000,105750000
3,235,105750000,105750100,15820,158200,106200000,106200000
3,236,106200000,106200100,15820,158200,106650000,106650000
3,237,106650000,106650100,15820,158200,107100000,107100000
3,238,107100000,107100100,15820,158200,107550000,107550000
3,239,107550000,107550100,15820,158200,108000000,108000000
3,240,108000000,108000100,15820,158200,108450000,108450000
3,241,108450000,108450100,15820,158200,108900000,108900000
3,242,108900000,108900100,15820,158200,109350000,109350000
3,243,109350000,109350100,15820,158200,109800000,109800000
3,244,109800000,109800100,15820,158200,110250000,110250000
3,245,110250000,110250100,15820,158200,110700000,110700000
3,246,110700000,110700100,15820,158200,111150000,111150000
3,247,111150000,111150100,15820,158200,111600000,111600000
3,248,111600000,111600100,15820,158200,112050000,112050000
3,249,112050000,112050100,15820,158200,112500000,112500000
3,250,112500000,112500100,15820,158200,112950000,112950000
3,251,112950000,112950100,15820,158200,113400000,113400000
3,252,113400000,113400100,15820,158200,113850000,113850000
3,253,113850000,113850100,15820,158200,114300000,114300000
3,254,114300000,114300100,15820,158200,114750000,114750000
3,255,114750000,114750100,15820,158200,115200000,115200000
3,256,115200000,115200100,15820,158200,115650000,115650000
3,257,115650000,115650100,15820,158200,116100000,116100000
3,258,116100000,116100100,15820,158200,116550000,116550000
3,259,116550000,116550100,15820,158200,117000000,117000000
3,260,117000000,117000100,15820,158200,117450000,117450000
3,261,117450000,117450100,15820,158200,117900000,117900000
3,262,117900000,117900100,15820,158200,118350000,118350000
3,263,118350000,118350100,15820,158200,118800000,118800000
3,264,118800000,118800100,15820,158200,119250000,119250000
3,265,119250000,119250100,15820,158200,119700000,119700000
3,266,119700000,119700100,15820,158200,120150000,120150000
3,267,120150000,120150100,15820,158200,120600000,120600000
3,268,120600000,120600100,15820,158200,121050000,121050000
3,269,121050000,121050100,15820,158200,121500000,121500000
3,270,121500000,121500100,15820,158200,121950000,121950000
3,271,121950000,121950100,15820,158200,122400000,122400000
3,272,122400000,122400100,15820,158200,122850000,122850000
3,273,122850000,122850100,15820,158200,123300000,123300000
3,274,123300000,123300100,15820,158200,123750000,123750000
3,275,123750000,123750100,15820,158200,124200000,124200000
3,276,124200000,124200100,15820,158200,124650000,124650000
3,277,124650000,124650100,15820,158200,125100000,125100000
3,278,125100000,125100100,15820,158200,125550000,125550000
3,279,125550000,125550100,15820,158200,126000000,126000000
3,280,126000000,126000100,15820,158200,126450000,126450000
3,281,126450000,126450100,15820,158200,126900000,126900000
3,282,126900000,126900100,15820,158200,127350000,127350000
3,283,127350000,127350100,15820,158200,127800000,127800000
3,284,127800000,127800100,15820,158200,128250000,128250000
3,285,128250000,128250100,15820,158200,128700000,128700000
3,286,128700000,128700100,15820,158200,129150000,129150000
3,287,129150000,129150100,15820,158200,129600000,129600000
3,288,129600000,129600100,15820,158200,130050000,130050000
3,289,130050000,130050100,15820,158200,130500000,130500000
3,290,130500000,130500100,15820,158200,130950000,130950000
3,291,130950000,130950100,15820,158200,131400000,131400000
3,292,131400000,131400100,15820,158200,131850000,131850000
3,293,131850000,131850100,15820,158200,132300000,132300000
3,294,132300000,132300100,15820,158200,132750000,132750000
3,295,132750000,132750100,15820,158200,133200000,133200000
3,296,133200000,133200100,15820,158200,133650000,133650000
3,297,133650000,133650100,15820,158200,134100000,134100000
3,298,134100000,134100100,15820,158200,134550000,134550000
3,299,134550000,134550100,15820,158200,135000000,135000000
3,300,135000000,135000100,15820,158200,135450000,135450000
3,301,135450000,135450100,15820,158200,135900000,135900000
3,302,135900000,135900100,15820,158200,136350000,136350000
3,303,136350000,136350100,15820,158200,136800000,136800000
3,304,136800000,136800100,15820,158200,137250000,137250000
3,305,137250000,137250100,15820,158200,137700000,137700000
3,306,137700000,137700100,15820,158200,138150000,138150000
3,307,138150000,138150100,15820,158200,138600000,138600000
3,308,138600000,138600100,15820,158200,139050000,139050000
3,309,139050000,139050100,15820,158200,139500000,139500000
3,310,139500000,139500100,15820,158200,139950000,139950000
3,311,139950000,139950100,15820,158200,140400000,140400000
3,312,140400000,140400100,15820,158200,140850000,140850000
3,313,140850000,140850100,15820,158200,141300000,141300000
3,314,141300000,141300100,15820,158200,141750000,141750000
3,315,141750000,141750100,15820,158200,142200000,142200000
3,316,142200000,142200100,15820,158200,142650000,142650000
3,317,142650000,142650100,15820,158200,143100000,143100000
3,318,143100000,143100100,15820,158200,143550000,143550000
3,319,143550000,143550100,15820,158200,144000000,144000000
3,320,144000000,144000100,15820,158200,144450000,144450000
3,321,144450000,144450100,15820,158200,144900000,144900000
3,322,144900000,144900100,15820,158200,145350000,145350000
3,323,145350000,145350100,15820,158200,145800000,145800000
3,324,145800000,145800100,15820,158200,146250000,146250000
3,325,146250000,146250100,15820,158200,146700000,146700000
3,326,146700000,146700100,15820,158200,147150000,147150000
3,327,147150000,147150100,15820,158200,147600000,147600000
3,328,147600000,147600100,15820,158200,148050000,148050000
3,329,148050000,148050100,15820,158200,148500000,148500000
3,330,148500000,148500100,15820,158200,148950000,148950000
3,331,148950000,148950100,15820,158200,149400000,149400000
3,332,149400000,149400100,15820,158200,149850000,149850000
3,333,149850000,149850100,15820,158200,150300000,150300000
3,334,150300000,150300100,15820,158200,150750000,150750000
3,335,150750000,150750100,15820,158200,151200000,151200000
3,336,151200000,151200100,15820,158200,151650000,151650000
3,337,151650000,151650100,15820,158200,152100000,152100000
3,338,152100000,152100100,15820,158200,152550000,152550000
3,339,152550000,152550100,15820,158200,153000000,153000000
3,340,153000000,153000100,15820,158200,153450000,153450000
3,341,153450000,153450100,15820,158200,153900000,153900000
3,342,153900000,153900100,15820,158200,154350000,154350000
3,343,154350000,154350100,15820,158200,154800000,154800000
3,344,154800000,154800100,15820,158200,155250000,155250000
3,345,155250000,155250100,15820,158200,155700000,155700000
3,346,155700000,155700100,15820,158200,156150000,156150000
3,347,156150000,156150100,15820,158200,156600000,156600000
3,348,156600000,156600100,15820,158200,157050000,157050000
3,349,157050000,157050100,15820,158200,157500000,157500000
3,350,157500000,157500100,15820,158200,157950000,157950000
3,351,157950000,157950100,15820,158200,158400000,158400000
3,352,158400000,158400100,15820,158200,158850000,158850000
3,353,158850000,158850100,15820,158200,159300000,159300000
3,354,159300000,159300100,15820,158200,159750000,159750000
3,355,159750000,159750100,15820,158200,160200000,160200000
3,356,160200000,160200100,15820,158200,160650000,160650000
3,357,160650000,160650100,15820,158200,161100000,161100000
3,358,161100000,161100100,15820,158200,161550000,161550000
3,359,161550000,161550100,15820,158200,162000000,162000000
3,360,162000000,162000100,15820,158200,162450000,162450000
3,361,162450000,162450100,15820,158200,162900000,162900000
3,362,162900000,162900100,15820,158200,163350000,163350000
3,363,163350000,163350100,15820,158200,163800000,163800000
3,364,163800000,163800100,15820,158200,164250000,164250000
3,365,164250000,164250100,15820,158200,164700000,164700000
3,366,164700000,164700100,15820,158200,165150000,165150000
3,367,165150000,165150100,15820,158200,165600000,165600000
3,368,165600000,165600100,15820,158200,166050000,166050000
3,369,166050000,166050100,15820,158200,166500000,166500000
3,370,166500000,166500100,15820,158200,166950000,166950000
3,371,166950000,166950100,15820,158200,167400000,167400000
3,372,167400000,167400100,15820,158200,167850000,167850000
3,373,167850000,167850100,15820,158200,168300000,168300000
3,374,168300000,168300100,15820,158200,168750000,168750000
3,375,168750000,168750100,15820,158200,169200000,169200000
3,376,169200000,169200100,15820,158200,169650000,169650000
3,377,169650000,169650100,15820,158200,170100000,170100000
3,378,170100000,170100100,15820,158200,170550000,170550000
3,379,170550000,170550100,15820,158200,171000000,171000000
3,380,171000000,171000100,15820,158200,171450000,171450000
3,381,171450000,171450100,15820,158200,171900000,171900000
3,382,171900000,171900100,15820,158200,172350000,172350000
3,383,172350000,172350100,15820,158200,172800000,172800000
3,384,172800000,172800100,15820,158200,173250000,173250000
3,385,173250000,173250100,15820,158200,173700000,173700000
3,386,173700000,173700100,15820,158200,174150000,174150000
3,387,174150000,174150100,15820,158200,174600000,174600000
3,388,174600000,174600100,15820,158200,175050000,175050000
3,389,175050000,175050100,15820,158200,175500000,175500000
3,390,175500000,175500100,15820,158200,175950000,175950000
3,391,175950000,175950100,15820,158200,176400000,176400000
3,392,176400000,176400100,15820,158200,176850000,176850000
3,393,176850000,176850100,15820,158200,177300000,177300000
3,394,177300000,177300100,15820,158200,177750000,177750000
3,395,177750000,177750100,15820,158200,178200000,178200000
3,396,178200000,178200100,15820,158200,178650000,178650000
3,397,178650000,178650100,15820,158200,179100000,179100000
3,398,179100000,179100100,15820,158200,179550000,179550000
3,399,179550000,179550100,15820,158200,180000000,180000000
3,400,180000000,180000100,15820,158200,180450000,180450000
3,401,180450000,180450100,15820,158200,180900000,180900000
3,402,180900000,180900100,15820,158200,181350000,181350000
3,403,181350000,181350100,15820,158200,181800000,181800000
3,404,181800000,181800100,15820,158200,182250000,182250000
3,405,182250000,182250100,15820,158200,182700000,182700000
3,406,182700000,182700100,15820,158200,183150000,183150000
3,407,183150000,183150100,15820,158200,183600000,183600000
3,408,183600000,183600100,15820,158200,184050000,184050000
3,409,184050000,184050100,15820,158200,184500000,184500000
3,410,184500000,184500100,15820,158200,184950000,184950000
3,411,184950000,184950100,15820,158200,185400000,185400000
3,412,185400000,185400100,15820,158200,185850000,185850000
3,413,185850000,185850100,15820,158200,186300000,186300000
3,414,186300000,186300100,15820,158200,186750000,186750000
3,415,186750000,186750100,15820,158200,187200000,187200000
3,416,187200000,187200100,15820,158200,187650000,187650000
3,417,187650000,187650100,15820,158200,188100000,188100000
3,418,188100000,188100100,15820,158200,188550000,188550000
3,419,188550000,188550100,15820,158200,189000000,189000000
3,420,189000000,189000100,15820,158200,189450000,189450000
3,421,189450000,189450100,15820,158200,189900000,189900000
3,422,189900000,189900100,15820,158200,190350000,190350000
3,423,190350000,190350100,15820,158200,190800000,190800000
3,424,190800000,190800100,15820,158200,191250000,191250000
3,425,191250000,191250100,15820,158200,191700000,191700000
3,426,191700000,191700100,15820,158200,192150000,192150000
3,427,192150000,192150100,15820,158200,192600000,192600000
3,428,192600000,192600100,15820,158200,193050000,193050000
3,429,193050000,193050100,15820,158200,193500000,193500000
3,430,193500000,193500100,15820,158200,193950000,193950000
3,431,193950000,193950100,15820,158200,194400000,194400000
3,432,194400000,194400100,15820,158200,194850000,194850000
3,433,194850000,194850100,15820,158200,195300000,195300000
3,434,195300000,195300100,15820,158200,195750000,195750000
3,435,195750000,195750100,15820,158200,196200000,196200000
3,436,196200000,196200100,15820,158200,196650000,196650000
3,437,196650000,196650100,15820,158200,197100000,197100000
3,438,197100000,197100100,15820,158200,197550000,197550000
3,439,197550000,197550100,15820,158200,198000000,198000000
4,0,0,100,1250,12500,500000,500000
4,1,500000,500100,1250,12500,1000000,1000000
4,2,1000000,1000100,1250,12500,1500000,1500000
4,3,1500000,1500100,1250,12500,2000000,2000000
4,4,2000000,2000100,1250,12500,2500000,2500000
4,5,2500000,2500100,1250,12500,3000000,3000000
4,6,3000000,3000100,1250,12500,3500000,3500000
4,7,3500000,3500100,1250,12500,4000000,4000000
4,8,4000000,4000100,1250,12500,4500000,4500000
4,9,4500000,4500100,1250,12500,5000000,5000000
4,10,5000000,5000100,1250,12500,5500000,5500000
4,11,5500000,5500100,1250,12500,6000000,6000000
4,12,6000000,6000100,1250,12500,6500000,6500000
4,13,6500000,6500100,1250,12500,7000000,7000000
4,14,7000000,7000100,1250,12500,7500000,7500000
4,15,7500000,7500100,1250,12500,8000000,8000000
4,16,8000000,8000100,1250,12500,8500000,8500000
4,17,8500000,8500100,1250,12500,9000000,9000000
4,18,9000000,9000100,1250,12500,9500000,9500000
4,19,9500000,9500100,1250,12500,10000000,10000000
4,20,10000000,10000100,1250,12500,10500000,10500000
4,21,10500000,10500100,1250,12500,11000000,11000000
4,22,11000000,11000100,1250,12500,11500000,11500000
4,23,11500000,11500100,1250,12500,12000000,12000000
4,24,12000000,12000100,1250,12500,12500000,12500000
4,25,12500000,12500100,1250,12500,13000000,13000000
4,26,13000000,13000100,1250,12500,13500000,13500000
4,27,13500000,13500100,1250,12500,14000000,14000000
4,28,14000000,14000100,1250,12500,14500000,14500000
4,29,14500000,14500100,1250,12500,15000000,15000000
4,30,15000000,15000100,1250,12500,15500000,15500000
4,31,15500000,15500100,1250,12500,16000000,16000000
4,32,16000000,16000100,1250,12500,16500000,16500000
4,33,16500000,16500100,1250,12500,17000000,17000000
4,34,17000000,17000100,1250,12500,17500000,17500000
4,35,17500000,17500100,1250,12500,18000000,18000000
4,36,18000000,18000100,1250,12500,18500000,18500000
4,37,18500000,18500100,1250,12500,19000000,19000000
4,38,19000000,19000100,1250,12500,19500000,19500000
4,39,19500000,19500100,1250,12500,20000000,20000000
4,40,20000000,20000100,1250,12500,20500000,20500000
4,41,20500000,20500100,1250,12500,21000000,21000000
4,42,21000000,21000100,1250,12500,21500000,21500000
4,43,21500000,21500100,1250,12500,22000000,22000000
4,44,22000000,22000100,1250,12500,22500000,22500000
4,45,22500000,22500100,1250,12500,23000000,23000000
4,46,23000000,23000100,1250,12500,23500000,23500000
4,47,23500000,23500100,1250,12500,24000000,24000000
4,48,24000000,24000100,1250,12500,24500000,24500000
4,49,24500000,24500100,1250,12500,25000000,25000000
4,50,25000000,25000100,1250,12500,25500000,25500000
4,51,25500000,25500100,1250,12500,26000000,26000000
4,52,26000000,26000100,1250,12500,26500000,26500000
4,53,26500000,26500100,1250,12500,27000000,27000000
4,54,27000000,27000100,1250,12500,27500000,27500000
4,55,27500000,27500100,1250,12500,28000000,28000000
4,56,28000000,28000100,1250,12500,28500000,28500000
4,57,28500000,28500100,1250,12500,29000000,29000000
4,58,29000000,29000100,1250,12500,29500000,29500000
4,59,29500000,29500100,1250,12500,30000000,30000000
4,60,30000000,30000100,1250,12500,30500000,30500000
4,61,30500000,30500100,1250,12500,31000000,31000000
4,62,31000000,31000100,1250,12500,31500000,31500000
4,63,31500000,31500100,1250,12500,32000000,32000000
4,64,32000000,32000100,1250,12500,32500000,32500000
4,65,32500000,32500100,1250,12500,33000000,33000000
4,66,33000000,33000100,1250,12500,33500000,33500000
4,67,33500000,33500100,1250,12500,34000000,34000000
4,68,34000000,34000100,1250,12500,34500000,34500000
4,69,34500000,34500100,1250,12500,35000000,35000000
4,70,35000000,35000100,1250,12500,35500000,35500000
4,71,35500000,35500100,1250,12500,36000000,36000000
4,72,36000000,36000100,1250,12500,36500000,36500000
4,73,36500000,36500100,1250,12500,37000000,37000000
4,74,37000000,37000100,1250,12500,37500000,37500000
4,75,37500000,37500100,1250,12500,38000000,38000000
4,76,38000000,38000100,1250,12500,38500000,38500000
4,77,38500000,38500100,1250,12500,39000000,39000000
4,78,39000000,39000100,1250,12500,39500000,39500000
4,79,39500000,39500100,1250,12500,40000000,40000000
4,80,40000000,40000100,1250,12500,40500000,40500000
4,81,40500000,40500100,1250,12500,41000000,41000000
4,82,41000000,41000100,1250,12500,41500000,41500000
4,83,41500000,41500100,1250,12500,42000000,42000000
4,84,42000000,42000100,1250,12500,42500000,42500000
4,85,42500000,42500100,1250,12500,43000000,43000000
4,86,43000000,43000100,1250,12500,43500000,43500000
4,87,43500000,43500100,1250,12500,44000000,44000000
4,88,44000000,44000100,1250,12500,44500000,44500000
4,89,44500000,44500100,1250,12500,45000000,45000000
4,90,45000000,45000100,1250,12500,45500000,45500000
4,91,45500000,45500100,1250,12500,46000000,46000000
4,92,46000000,46000100,1250,12500,46500000,46500000
4,93,46500000,46500100,1250,12500,47000000,47000000
4,94,47000000,47000100,1250,12500,47500000,47500000
4,95,47500000,47500100,1250,12500,48000000,48000000
4,96,48000000,48000100,1250,12500,48500000,48500000
4,97,48500000,48500100,1250,12500,49000000,49000000
4,98,49000000,49000100,1250,12500,49500000,49500000
4,99,49500000,49500100,1250,12500,50000000,50000000
4,100,50000000,50000100,1250,12500,50500000,50500000
4,101,50500000,50500100,1250,12500,51000000,51000000
4,102,51000000,51000100,1250,12500,51500000,51500000
4,103,51500000,51500100,1250,12500,52000000,52000000
4,104,52000000,52000100,1250,12500,52500000,52500000
4,105,52500000,52500100,1250,12500,53000000,53000000
4,106,53000000,53000100,1250,12500,53500000,53500000
4,107,53500000,53500100,1250,12500,54000000,54000000
4,108,54000000,54000100,1250,12500,54500000,54500000
4,109,54500000,54500100,1250,12500,55000000,55000000
4,110,55000000,55000100,1250,12500,55500000,55500000
4,111,55500000,55500100,1250,12500,56000000,56000000
4,112,56000000,56000100,1250,12500,56500000,56500000
4,113,56500000,56500100,1250,12500,57000000,57000000
4,114,57000000,57000100,1250,12500,57500000,57500000
4,115,57500000,57500100,1250,12500,58000000,58000000
4,116,58000000,58000100,1250,12500,58500000,58500000
4,117,58500000,58500100,1250,12500,59000000,59000000
4,118,59000000,59000100,1250,12500,59500000,59500000
4,119,59500000,59500100,1250,12500,60000000,60000000
4,120,60000000,60000100,1250,12500,60500000,60500000
4,121,60500000,60500100,1250,12500,61000000,61000000
4,122,61000000,61000100,1250,12500,61500000,61500000
4,123,61500000,61500100,1250,12500,62000000,62000000
4,124,62000000,62000100,1250,12500,62500000,62500000
4,125,62500000,62500100,1250,12500,63000000,63000000
4,126,63000000,63000100,1250,12500,63500000,63500000
4,127,63500000,63500100,1250,12500,64000000,64000000
4,128,64000000,64000100,1250,12500,64500000,64500000
4,129,64500000,64500100,1250,12500,65000000,65000000
4,130,65000000,65000100,1250,12500,65500000,65500000
4,131,65500000,65500100,1250,12500,66000000,66000000
4,132,66000000,66000100,1250,12500,66500000,66500000
4,133,66500000,66500100,1250,12500,67000000,67000000
4,134,67000000,67000100,1250,12500,67500000,67500000
4,135,67500000,67500100,1250,12500,68000000,68000000
4,136,68000000,68000100,1250,12500,68500000,68500000
4,137,68500000,68500100,1250,12500,69000000,69000000
4,138,69000000,69000100,1250,12500,69500000,69500000
4,139,69500000,69500100,1250,12500,70000000,70000000
4,140,70000000,70000100,1250,12500,70500000,70500000
4,141,70500000,70500100,1250,12500,71000000,71000000
4,142,71000000,71000100,1250,12500,71500000,71500000
4,143,71500000,71500100,1250,12500,72000000,72000000
4,144,72000000,72000100,1250,12500,72500000,72500000
4,145,72500000,72500100,1250,12500,73000000,73000000
4,146,73000000,73000100,1250,12500,73500000,73500000
4,147,73500000,73500100,1250,12500,74000000,74000000
4,148,74000000,74000100,1250,12500,74500000,74500000
4,149,74500000,74500100,1250,12500,75000000,75000000
4,150,75000000,75000100,1250,12500,75500000,75500000
4,151,75500000,75500100,1250,12500,76000000,76000000
4,152,76000000,76000100,1250,12500,76500000,76500000
4,153,76500000,76500100,1250,12500,77000000,77000000
4,154,77000000,77000100,1250,12500,77500000,77500000
4,155,77500000,77500100,1250,12500,78000000,78000000
4,156,78000000,78000100,1250,12500,78500000,78500000
4,157,78500000,78500100,1250,12500,79000000,79000000
4,158,79000000,79000100,1250,12500,79500000,79500000
4,159,79500000,79500100,1250,12500,80000000,80000000
4,160,80000000,80000100,1250,12500,80500000,80500000
4,161,80500000,80500100,1250,12500,81000000,81000000
4,162,81000000,81000100,1250,12500,81500000,81500000
4,163,81500000,81500100,1250,12500,82000000,82000000
4,164,82000000,82000100,1250,12500,82500000,82500000
4,165,82500000,82500100,1250,12500,83000000,83000000
4,166,83000000,83000100,1250,12500,83500000,83500000
4,167,83500000,83500100,1250,12500,84000000,84000000
4,168,84000000,84000100,1250,12500,84500000,84500000
4,169,84500000,84500100,1250,12500,85000000,85000000
4,170,85000000,85000100,1250,12500,85500000,85500000
4,171,85500000,85500100,1250,12500,86000000,86000000
4,172,86000000,86000100,1250,12500,86500000,86500000
4,173,86500000,86500100,1250,12500,87000000,87000000
4,174,87000000,87000100,1250,12500,87500000,87500000
4,175,87500000,87500100,1250,12500,88000000,88000000
4,176,88000000,88000100,1250,12500,88500000,88500000
4,177,88500000,88500100,1250,12500,89000000,89000000
4,178,89000000,89000100,1250,12500,89500000,89500000
4,179,89500000,89500100,1250,12500,90000000,90000000
4,180,90000000,90000100,1250,12500,90500000,90500000
4,181,90500000,90500100,1250,12500,91000000,91000000
4,182,91000000,91000100,1250,12500,91500000,91500000
4,183,91500000,91500100,1250,12500,92000000,92000000
4,184,92000000,92000100,1250,12500,92500000,92500000
4,185,92500000,92500100,1250,12500,93000000,93000000
4,186,93000000,93000100,1250,12500,93500000,93500000
4,187,93500000,93500100,1250,12500,94000000,94000000
4,188,94000000,94000100,1250,12500,94500000,94500000
4,189,94500000,94500100,1250,12500,95000000,95000000
4,190,95000000,95000100,1250,12500,95500000,95500000
4,191,95500000,95500100,1250,12500,96000000,96000000
4,192,96000000,96000100,1250,12500,96500000,96500000
4,193,96500000,96500100,1250,12500,97000000,97000000
4,194,97000000,97000100,1250,12500,97500000,97500000
4,195,97500000,97500100,1250,12500,98000000,98000000
4,196,98000000,98000100,1250,12500,98500000,98500000
4,197,98500000,98500100,1250,12500,99000000,99000000
4,198,99000000,99000100,1250,12500,99500000,99500000
4,199,99500000,99500100,1250,12500,100000000,100000000
4,200,100000000,100000100,1250,12500,100500000,100500000
4,201,100500000,100500100,1250,12500,101000000,101000000
4,202,101000000,101000100,1250,12500,101500000,101500000
4,203,101500000,101500100,1250,12500,102000000,102000000
4,204,102000000,102000100,1250,12500,102500000,102500000
4,205,102500000,102500100,1250,12500,103000000,103000000
4,206,103000000,103000100,1250,12500,103500000,103500000
4,207,103500000,103500100,1250,12500,104000000,104000000
4,208,104000000,104000100,1250,12500,104500000,104500000
4,209,104500000,104500100,1250,12500,105000000,105000000
4,210,105000000,105000100,1250,12500,105500000,105500000
4,211,105500000,105500100,1250,12500,106000000,106000000
4,212,106000000,106000100,1250,12500,106500000,106500000
4,213,106500000,106500100,1250,12500,107000000,107000000
4,214,107000000,107000100,1250,12500,107500000,107500000
4,215,107500000,107500100,1250,12500,108000000,108000000
4,216,108000000,108000100,1250,12500,108500000,108500000
4,217,108500000,108500100,1250,12500,109000000,109000000
4,218,109000000,109000100,1250,12500,109500000,109500000
4,219,109500000,109500100,1250,12500,110000000,110000000
4,220,110000000,110000100,1250,12500,110500000,110500000
4,221,110500000,110500100,1250,12500,111000000,111000000
4,222,111000000,111000100,1250,12500,111500000,111500000
4,223,111500000,111500100,1250,12500,112000000,112000000
4,224,112000000,112000100,1250,12500,112500000,112500000
4,225,112500000,112500100,1250,12500,113000000,113000000
4,226,113000000,113000100,1250,12500,113500000,113500000
4,227,113500000,113500100,1250,12500,114000000,114000000
4,228,114000000,114000100,1250,12500,114500000,114500000
4,229,114500000,114500100,1250,12500,115000000,115000000
4,230,115000000,115000100,1250,12500,115500000,115500000
4,231,115500000,115500100,1250,12500,116000000,116000000
4,232,116000000,116000100,1250,12500,116500000,116500000
4,233,116500000,116500100,1250,12500,117000000,117000000
4,234,117000000,117000100,1250,12500,117500000,117500000
4,235,117500000,117500100,1250,12500,118000000,118000000
4,236,118000000,118000100,1250,12500,118500000,118500000
4,237,118500000,118500100,1250,12500,119000000,119000000
4,238,119000000,119000100,1250,12500,119500000,119500000
4,239,119500000,119500100,1250,12500,120000000,120000000
4,240,120000000,120000100,1250,12500,120500000,120500000
4,241,120500000,120500100,1250,12500,121000000,121000000
4,242,121000000,121000100,1250,12500,121500000,121500000
4,243,121500000,121500100,1250,12500,122000000,122000000
4,244,122000000,122000100,1250,12500,122500000,122500000
4,245,122500000,122500100,1250,12500,123000000,123000000
4,246,123000000,123000100,1250,12500,123500000,123500000
4,247,123500000,123500100,1250,12500,124000000,124000000
4,248,124000000,124000100,1250,12500,124500000,124500000
4,249,124500000,124500100,1250,12500,125000000,125000000
4,250,125000000,125000100,1250,12500,125500000,125500000
4,251,125500000,125500100,1250,12500,126000000,126000000
4,252,126000000,126000100,1250,12500,126500000,126500000
4,253,126500000,126500100,1250,12500,127000000,127000000
4,254,127000000,127000100,1250,12500,127500000,127500000
4,255,127500000,127500100,1250,12500,128000000,128000000
4,256,128000000,128000100,1250,12500,128500000,128500000
4,257,128500000,128500100,1250,12500,129000000,129000000
4,258,129000000,129000100,1250,12500,129500000,129500000
4,259,129500000,129500100,1250,12500,130000000,130000000
4,260,130000000,130000100,1250,12500,130500000,130500000
4,261,130500000,130500100,1250,12500,131000000,131000000
4,262,131000000,131000100,1250,12500,131500000,131500000
4,263,131500000,131500100,1250,12500,132000000,132000000
4,264,132000000,132000100,1250,12500,132500000,132500000
4,265,132500000,132500100,1250,12500,133000000,133000000
4,266,133000000,133000100,1250,12500,133500000,133500000
4,267,133500000,133500100,1250,12500,134000000,134000000
4,268,134000000,134000100,1250,12500,134500000,134500000
4,269,134500000,134500100,1250,12500,135000000,135000000
4,270,135000000,135000100,1250,12500,135500000,135500000
4,271,135500000,135500100,1250,12500,136000000,136000000
4,272,136000000,136000100,1250,12500,136500000,136500000
4,273,136500000,136500100,1250,12500,137000000,137000000
4,274,137000000,137000100,1250,12500,137500000,137500000
4,275,137500000,137500100,1250,12500,138000000,138000000
4,276,138000000,138000100,1250,12500,138500000,138500000
4,277,138500000,138500100,1250,12500,139000000,139000000
4,278,139000000,139000100,1250,12500,139500000,139500000
4,279,139500000,139500100,1250,12500,140000000,140000000
4,280,140000000,140000100,1250,12500,140500000,140500000
4,281,140500000,140500100,1250,12500,141000000,141000000
4,282,141000000,141000100,1250,12500,141500000,141500000
4,283,141500000,141500100,1250,12500,142000000,142000000
4,284,142000000,142000100,1250,12500,142500000,142500000
4,285,142500000,142500100,1250,12500,143000000,143000000
4,286,143000000,143000100,1250,12500,143500000,143500000
4,287,143500000,143500100,1250,12500,144000000,144000000
4,288,144000000,144000100,1250,12500,144500000,144500000
4,289,144500000,144500100,1250,12500,145000000,145000000
4,290,145000000,145000100,1250,12500,145500000,145500000
4,291,145500000,145500100,1250,12500,146000000,146000000
4,292,146000000,146000100,1250,12500,146500000,146500000
4,293,146500000,146500100,1250,12500,147000000,147000000
4,294,147000000,147000100,1250,12500,147500000,147500000
4,295,147500000,147500100,1250,12500,148000000,148000000
4,296,148000000,148000100,1250,12500,148500000,148500000
4,297,148500000,148500100,1250,12500,149000000,149000000
4,298,149000000,149000100,1250,12500,149500000,149500000
4,299,149500000,149500100,1250,12500,150000000,150000000
4,300,150000000,150000100,1250,12500,150500000,150500000
4,301,150500000,150500100,1250,12500,151000000,151000000
4,302,151000000,151000100,1250,12500,151500000,151500000
4,303,151500000,151500100,1250,12500,152000000,152000000
4,304,152000000,152000100,1250,12500,152500000,152500000
4,305,152500000,152500100,1250,12500,153000000,153000000
4,306,153000000,153000100,1250,12500,153500000,153500000
4,307,153500000,153500100,1250,12500,154000000,154000000
4,308,154000000,154000100,1250,12500,154500000,154500000
4,309,154500000,154500100,1250,12500,155000000,155000000
4,310,155000000,155000100,1250,12500,155500000,155500000
4,311,155500000,155500100,1250,12500,156000000,156000000
4,312,156000000,156000100,1250,12500,156500000,156500000
4,313,156500000,156500100,1250,12500,157000000,157000000
4,314,157000000,157000100,1250,12500,157500000,157500000
4,315,157500000,157500100,1250,12500,158000000,158000000
4,316,158000000,158000100,1250,12500,158500000,158500000
4,317,158500000,158500100,1250,12500,159000000,159000000
4,318,159000000,159000100,1250,12500,159500000,159500000
4,319,159500000,159500100,1250,12500,160000000,160000000
4,320,160000000,160000100,1250,12500,160500000,160500000
4,321,160500000,160500100,1250,12500,161000000,161000000
4,322,161000000,161000100,1250,12500,161500000,161500000
4,323,161500000,161500100,1250,12500,162000000,162000000
4,324,162000000,162000100,1250,12500,162500000,162500000
4,325,162500000,162500100,1250,12500,163000000,163000000
4,326,163000000,163000100,1250,12500,163500000,163500000
4,327,163500000,163500100,1250,12500,164000000,164000000
4,328,164000000,164000100,1250,12500,164500000,164500000
4,329,164500000,164500100,1250,12500,165000000,165000000
4,330,165000000,165000100,1250,12500,165500000,165500000
4,331,165500000,165500100,1250,12500,166000000,166000000
4,332,166000000,166000100,1250,12500,166500000,166500000
4,333,166500000,166500100,1250,12500,167000000,167000000
4,334,167000000,167000100,1250,12500,167500000,167500000
4,335,167500000,167500100,1250,12500,168000000,168000000
4,336,168000000,168000100,1250,12500,168500000,168500000
4,337,168500000,168500100,1250,12500,169000000,169000000
4,338,169000000,169000100,1250,12500,169500000,169500000
4,339,169500000,169500100,1250,12500,170000000,170000000
4,340,170000000,170000100,1250,12500,170500000,170500000
4,341,170500000,170500100,1250,12500,171000000,171000000
4,342,171000000,171000100,1250,12500,171500000,171500000
4,343,171500000,171500100,1250,12500,172000000,172000000
4,344,172000000,172000100,1250,12500,172500000,172500000
4,345,172500000,172500100,1250,12500,173000000,173000000
4,346,173000000,173000100,1250,12500,173500000,173500000
4,347,173500000,173500100,1250,12500,174000000,174000000
4,348,174000000,174000100,1250,12500,174500000,174500000
4,349,174500000,174500100,1250,12500,175000000,175000000
4,350,175000000,175000100,1250,12500,175500000,175500000
4,351,175500000,175500100,1250,12500,176000000,176000000
4,352,176000000,176000100,1250,12500,176500000,176500000
4,353,176500000,176500100,1250,12500,177000000,177000000
4,354,177000000,177000100,1250,12500,177500000,177500000
4,355,177500000,177500100,1250,12500,178000000,178000000
4,356,178000000,178000100,1250,12500,178500000,178500000
4,357,178500000,178500100,1250,12500,179000000,179000000
4,358,179000000,179000100,1250,12500,179500000,179500000
4,359,179500000,179500100,1250,12500,180000000,180000000
4,360,180000000,180000100,1250,12500,180500000,180500000
4,361,180500000,180500100,1250,12500,181000000,181000000
4,362,181000000,181000100,1250,12500,181500000,181500000
4,363,181500000,181500100,1250,12500,182000000,182000000
4,364,182000000,182000100,1250,12500,182500000,182500000
4,365,182500000,182500100,1250,12500,183000000,183000000
4,366,183000000,183000100,1250,12500,183500000,183500000
4,367,183500000,183500100,1250,12500,184000000,184000000
4,368,184000000,184000100,1250,12500,184500000,184500000
4,369,184500000,184500100,1250,12500,185000000,185000000
4,370,185000000,185000100,1250,12500,185500000,185500000
4,371,185500000,185500100,1250,12500,186000000,186000000
4,372,186000000,186000100,1250,12500,186500000,186500000
4,373,186500000,186500100,1250,12500,187000000,187000000
4,374,187000000,187000100,1250,12500,187500000,187500000
4,375,187500000,187500100,1250,12500,188000000,188000000
4,376,188000000,188000100,1250,12500,188500000,188500000
4,377,188500000,188500100,1250,12500,189000000,189000000
4,378,189000000,189000100,1250,12500,189500000,189500000
4,379,189500000,189500100,1250,12500,190000000,190000000
4,380,190000000,190000100,1250,12500,190500000,190500000
4,381,190500000,190500100,1250,12500,191000000,191000000
4,382,191000000,191000100,1250,12500,191500000,191500000
4,383,191500000,191500100,1250,12500,192000000,192000000
4,384,192000000,192000100,1250,12500,192500000,192500000
4,385,192500000,192500100,1250,12500,193000000,193000000
4,386,193000000,193000100,1250,12500,193500000,193500000
4,387,193500000,193500100,1250,12500,194000000,194000000
4,388,194000000,194000100,1250,12500,194500000,194500000
4,389,194500000,194500100,1250,12500,195000000,195000000
4,390,195000000,195000100,1250,12500,195500000,195500000
4,391,195500000,195500100,1250,12500,196000000,196000000
4,392,196000000,196000100,1250,12500,196500000,196500000
4,393,196500000,196500100,1250,12500,197000000,197000000
4,394,197000000,197000100,1250,12500,197500000,197500000
4,395,197500000,197500100,1250,12500,198000000,198000000
5,0,0,100,47936,479366,550000,550000
5,1,550000,550100,47936,479366,1100000,1100000
5,2,1100000,1100100,47936,479366,1650000,1650000
5,3,1650000,1650100,47936,479366,2200000,2200000
5,4,2200000,2200100,47936,479366,2750000,2750000
5,5,2750000,2750100,47936,479366,3300000,3300000
5,6,3300000,3300100,47936,479366,3850000,3850000
5,7,3850000,3850100,47936,479366,4400000,4400000
5,8,4400000,4400100,47936,479366,4950000,4950000
5,9,4950000,4950100,47936,479366,5500000,5500000
5,10,5500000,5500100,47936,479366,6050000,6050000
5,11,6050000,6050100,47936,479366,6600000,6600000
5,12,6600000,6600100,47936,479366,7150000,7150000
5,13,7150000,7150100,47936,479366,7700000,7700000
5,14,7700000,7700100,47936,479366,8250000,8250000
5,15,8250000,8250100,47936,479366,8800000,8800000
5,16,8800000,8800100,47936,479366,9350000,9350000
5,17,9350000,9350100,47936,479366,9900000,9900000
5,18,9900000,9900100,47936,479366,10450000,10450000
5,19,10450000,10450100,47936,479366,11000000,11000000
5,20,11000000,11000100,47936,479366,11550000,11550000
5,21,11550000,11550100,47936,479366,12100000,12100000
5,22,12100000,12100100,47936,479366,12650000,12650000
5,23,12650000,12650100,47936,479366,13200000,13200000
5,24,13200000,13200100,47936,479366,13750000,13750000
5,25,13750000,13750100,47936,479366,14300000,14300000
5,26,14300000,14300100,47936,479366,14850000,14850000
5,27,14850000,14850100,47936,479366,15400000,15400000
5,28,15400000,15400100,47936,479366,15950000,15950000
5,29,15950000,15950100,47936,479366,16500000,16500000
5,30,16500000,16500100,47936,479366,17050000,17050000
5,31,17050000,17050100,47936,479366,17600000,17600000
5,32,17600000,17600100,47936,479366,18150000,18150000
5,33,18150000,18150100,47936,479366,18700000,18700000
5,34,18700000,18700100,47936,479366,19250000,19250000
5,35,19250000,19250100,47936,479366,19800000,19800000
5,36,19800000,19800100,47936,479366,20350000,20350000
5,37,20350000,20350100,47936,479366,20900000,20900000
5,38,20900000,20900100,47936,479366,21450000,21450000
5,39,21450000,21450100,47936,479366,22000000,22000000
5,40,22000000,22000100,47936,479366,22550000,22550000
5,41,22550000,22550100,47936,479366,23100000,23100000
5,42,23100000,23100100,47936,479366,23650000,23650000
5,43,23650000,23650100,47936,479366,24200000,24200000
5,44,24200000,24200100,47936,479366,24750000,24750000
5,45,24750000,24750100,47936,479366,25300000,25300000
5,46,25300000,25300100,47936,479366,25850000,25850000
5,47,25850000,25850100,47936,479366,26400000,26400000
5,48,26400000,26400100,47936,479366,26950000,26950000
5,49,26950000,26950100,47936,479366,27500000,27500000
5,50,27500000,27500100,47936,479366,28050000,28050000
5,51,28050000,28050100,47936,479366,28600000,28600000
5,52,28600000,28600100,47936,479366,29150000,29150000
5,53,29150000,29150100,47936,479366,29700000,29700000
5,54,29700000,29700100,47936,479366,30250000,30250000
5,55,30250000,30250100,47936,479366,30800000,30800000
5,56,30800000,30800100,47936,479366,31350000,31350000
5,57,31350000,31350100,47936,479366,31900000,31900000
5,58,31900000,31900100,47936,479366,32450000,32450000
5,59,32450000,32450100,47936,479366,33000000,33000000
5,60,33000000,33000100,47936,479366,33550000,33550000
5,61,33550000,33550100,47936,479366,34100000,34100000
5,62,34100000,34100100,47936,479366,34650000,34650000
5,63,34650000,34650100,47936,479366,35200000,35200000
5,64,35200000,35200100,47936,479366,35750000,35750000
5,65,35750000,35750100,47936,479366,36300000,36300000
5,66,36300000,36300100,47936,479366,36850000,36850000
5,67,36850000,36850100,47936,479366,37400000,37400000
5,68,37400000,37400100,47936,479366,37950000,37950000
5,69,37950000,37950100,47936,479366,38500000,38500000
5,70,38500000,38500100,47936,479366,39050000,39050000
5,71,39050000,39050100,47936,479366,39600000,39600000
5,72,39600000,39600100,47936,479366,40150000,40150000
5,73,40150000,40150100,47936,479366,40700000,40700000
5,74,40700000,40700100,47936,479366,41250000,41250000
5,75,41250000,41250100,47936,479366,41800000,41800000
5,76,41800000,41800100,47936,479366,42350000,42350000
5,77,42350000,42350100,47936,479366,42900000,42900000
5,78,42900000,42900100,47936,479366,43450000,43450000
5,79,43450000,43450100,47936,479366,44000000,44000000
5,80,44000000,44000100,47936,479366,44550000,44550000
5,81,44550000,44550100,47936,479366,45100000,45100000
5,82,45100000,45100100,47936,479366,45650000,45650000
5,83,45650000,45650100,47936,479366,46200000,46200000
5,84,46200000,46200100,47936,479366,46750000,46750000
5,85,46750000,46750100,47936,479366,47300000,47300000
5,86,47300000,47300100,47936,479366,47850000,47850000
5,87,47850000,47850100,47936,479366,48400000,48400000
5,88,48400000,48400100,47936,479366,48950000,48950000
5,89,48950000,48950100,47936,479366,49500000,49500000
5,90,49500000,49500100,47936,479366,50050000,50050000
5,91,50050000,50050100,47936,479366,50600000,50600000
5,92,50600000,50600100,47936,479366,51150000,51150000
5,93,51150000,51150100,47936,479366,51700000,51700000
5,94,51700000,51700100,47936,479366,52250000,52250000
5,95,52250000,52250100,47936,479366,52800000,52800000
5,96,52800000,52800100,47936,479366,53350000,53350000
5,97,53350000,53350100,47936,479366,53900000,53900000
5,98,53900000,53900100,47936,479366,54450000,54450000
5,99,54450000,54450100,47936,479366,55000000,55000000
5,100,55000000,55000100,47936,479366,55550000,55550000
5,101,55550000,55550100,47936,479366,56100000,56100000
5,102,56100000,56100100,47936,479366,56650000,56650000
5,103,56650000,56650100,47936,479366,57200000,57200000
5,104,57200000,57200100,47936,479366,57750000,57750000
5,105,57750000,57750100,47936,479366,58300000,58300000
5,106,58300000,58300100,47936,479366,58850000,58850000
5,107,58850000,58850100,47936,479366,59400000,59400000
5,108,59400000,59400100,47936,479366,59950000,59950000
5,109,59950000,59950100,47936,479366,60500000,60500000
5,110,60500000,60500100,47936,479366,61050000,61050000
5,111,61050000,61050100,47936,479366,61600000,61600000
5,112,61600000,61600100,47936,479366,62150000,62150000
5,113,62150000,62150100,47936,479366,62700000,62700000
5,114,62700000,62700100,47936,479366,63250000,63250000
5,115,63250000,63250100,47936,479366,63800000,63800000
5,116,63800000,63800100,47936,479366,64350000,64350000
5,117,64350000,64350100,47936,479366,64900000,64900000
5,118,64900000,64900100,47936,479366,65450000,65450000
5,119,65450000,65450100,47936,479366,66000000,66000000
5,120,66000000,66000100,47936,479366,66550000,66550000
5,121,66550000,66550100,47936,479366,67100000,67100000
5,122,67100000,67100100,47936,479366,67650000,67650000
5,123,67650000,67650100,47936,479366,68200000,68200000
5,124,68200000,68200100,47936,479366,68750000,68750000
5,125,68750000,68750100,47936,479366,69300000,69300000
5,126,69300000,69300100,47936,479366,69850000,69850000
5,127,69850000,69850100,47936,479366,70400000,70400000
5,128,70400000,70400100,47936,479366,70950000,70950000
5,129,70950000,70950100,47936,479366,71500000,71500000
5,130,71500000,71500100,47936,479366,72050000,72050000
5,131,72050000,72050100,47936,479366,72600000,72600000
5,132,72600000,72600100,47936,479366,73150000,73150000
5,133,73150000,73150100,47936,479366,73700000,73700000
5,134,73700000,73700100,47936,479366,74250000,74250000
5,135,74250000,74250100,47936,479366,74800000,74800000
5,136,74800000,74800100,47936,479366,75350000,75350000
5,137,75350000,75350100,47936,479366,75900000,75900000
5,138,75900000,75900100,47936,479366,76450000,76450000
5,139,76450000,76450100,47936,479366,77000000,77000000
5,140,77000000,77000100,47936,479366,77550000,77550000
5,141,77550000,77550100,47936,479366,78100000,78100000
5,142,78100000,78100100,47936,479366,78650000,78650000
5,143,78650000,78650100,47936,479366,79200000,79200000
5,144,79200000,79200100,47936,479366,79750000,79750000
5,145,79750000,79750100,47936,479366,80300000,80300000
5,146,80300000,80300100,47936,479366,80850000,80850000
5,147,80850000,80850100,47936,479366,81400000,81400000
5,148,81400000,81400100,47936,479366,81950000,81950000
5,149,81950000,81950100,47936,479366,82500000,82500000
5,150,82500000,82500100,47936,479366,83050000,83050000
5,151,83050000,83050100,47936,479366,83600000,83600000
5,152,83600000,83600100,47936,479366,84150000,84150000
5,153,84150000,84150100,47936,479366,84700000,84700000
5,154,84700000,84700100,47936,479366,85250000,85250000
5,155,85250000,85250100,47936,479366,85800000,85800000
5,156,85800000,85800100,47936,479366,86350000,86350000
5,157,86350000,86350100,47936,479366,86900000,86900000
5,158,86900000,86900100,47936,479366,87450000,87450000
5,159,87450000,87450100,47936,479366,88000000,88000000
5,160,88000000,88000100,47936,479366,88550000,88550000
5,161,88550000,88550100,47936,479366,89100000,89100000
5,162,89100000,89100100,47936,479366,89650000,89650000
5,163,89650000,89650100,47936,479366,90200000,90200000
5,164,90200000,90200100,47936,479366,90750000,90750000
5,165,90750000,90750100,47936,479366,91300000,91300000
5,166,91300000,91300100,47936,479366,91850000,91850000
5,167,91850000,91850100,47936,479366,92400000,92400000
5,168,92400000,92400100,47936,479366,92950000,92950000
5,169,92950000,92950100,47936,479366,93500000,93500000
5,170,93500000,93500100,47936,479366,94050000,94050000
5,171,94050000,94050100,47936,479366,94600000,94600000
5,172,94600000,94600100,47936,479366,95150000,95150000
5,173,95150000,95150100,47936,479366,95700000,95700000
5,174,95700000,95700100,47936,479366,96250000,96250000
5,175,96250000,96250100,47936,479366,96800000,96800000
5,176,96800000,96800100,47936,479366,97350000,97350000
5,177,97350000,97350100,47936,479366,97900000,97900000
5,178,97900000,97900100,47936,479366,98450000,98450000
5,179,98450000,98450100,47936,479366,99000000,99000000
5,180,99000000,99000100,47936,479366,99550000,99550000
5,181,99550000,99550100,47936,479366,100100000,100100000
5,182,100100000,100100100,47936,479366,100650000,100650000
5,183,100650000,100650100,47936,479366,101200000,101200000
5,184,101200000,101200100,47936,479366,101750000,101750000
5,185,101750000,101750100,47936,479366,102300000,102300000
5,186,102300000,102300100,47936,479366,102850000,102850000
5,187,102850000,102850100,47936,479366,103400000,103400000
5,188,103400000,103400100,47936,479366,103950000,103950000
5,189,103950000,103950100,47936,479366,104500000,104500000
5,190,104500000,104500100,47936,479366,105050000,105050000
5,191,105050000,105050100,47936,479366,105600000,105600000
5,192,105600000,105600100,47936,479366,106150000,106150000
5,193,106150000,106150100,47936,479366,106700000,106700000
5,194,106700000,106700100,47936,479366,107250000,107250000
5,195,107250000,107250100,47936,479366,107800000,107800000
5,196,107800000,107800100,47936,479366,108350000,108350000
5,197,108350000,108350100,47936,479366,108900000,108900000
5,198,108900000,108900100,47936,479366,109450000,109450000
5,199,109450000,109450100,47936,479366,110000000,110000000
5,200,110000000,110000100,47936,479366,110550000,110550000
5,201,110550000,110550100,47936,479366,111100000,111100000
5,202,111100000,111100100,47936,479366,111650000,111650000
5,203,111650000,111650100,47936,479366,112200000,112200000
5,204,112200000,112200100,47936,479366,112750000,112750000
5,205,112750000,112750100,47936,479366,113300000,113300000
5,206,113300000,113300100,47936,479366,113850000,113850000
5,207,113850000,113850100,47936,479366,114400000,114400000
5,208,114400000,114400100,47936,479366,114950000,114950000
5,209,114950000,114950100,47936,479366,115500000,115500000
5,210,115500000,115500100,47936,479366,116050000,116050000
5,211,116050000,116050100,47936,479366,116600000,116600000
5,212,116600000,116600100,47936,479366,117150000,117150000
5,213,117150000,117150100,47936,479366,117700000,117700000
5,214,117700000,117700100,47936,479366,118250000,118250000
5,215,118250000,118250100,47936,479366,118800000,118800000
5,216,118800000,118800100,47936,479366,119350000,119350000
5,217,119350000,119350100,47936,479366,119900000,119900000
5,218,119900000,119900100,47936,479366,120450000,120450000
5,219,120450000,120450100,47936,479366,121000000,121000000
5,220,121000000,121000100,47936,479366,121550000,121550000
5,221,121550000,121550100,47936,479366,122100000,122100000
5,222,122100000,122100100,47936,479366,122650000,122650000
5,223,122650000,122650100,47936,479366,123200000,123200000
5,224,123200000,123200100,47936,479366,123750000,123750000
5,225,123750000,123750100,47936,479366,124300000,124300000
5,226,124300000,124300100,47936,479366,124850000,124850000
5,227,124850000,124850100,47936,479366,125400000,125400000
5,228,125400000,125400100,47936,479366,125950000,125950000
5,229,125950000,125950100,47936,479366,126500000,126500000
5,230,126500000,126500100,47936,479366,127050000,127050000
5,231,127050000,127050100,47936,479366,127600000,127600000
5,232,127600000,127600100,47936,479366,128150000,128150000
5,233,128150000,128150100,47936,479366,128700000,128700000
5,234,128700000,128700100,47936,479366,129250000,129250000
5,235,129250000,129250100,47936,479366,129800000,129800000
5,236,129800000,129800100,47936,479366,130350000,130350000
5,237,130350000,130350100,47936,479366,130900000,130900000
5,238,130900000,130900100,47936,479366,131450000,131450000
5,239,131450000,131450100,47936,479366,132000000,132000000
5,240,132000000,132000100,47936,479366,132550000,132550000
5,241,132550000,132550100,47936,479366,133100000,133100000
5,242,133100000,133100100,47936,479366,133650000,133650000
5,243,133650000,133650100,47936,479366,134200000,134200000
5,244,134200000,134200100,47936,479366,134750000,134750000
5,245,134750000,134750100,47936,479366,135300000,135300000
5,246,135300000,135300100,47936,479366,135850000,135850000
5,247,135850000,135850100,47936,479366,136400000,136400000
5,248,136400000,136400100,47936,479366,136950000,136950000
5,249,136950000,136950100,47936,479366,137500000,137500000
5,250,137500000,137500100,47936,479366,138050000,138050000
5,251,138050000,138050100,47936,479366,138600000,138600000
5,252,138600000,138600100,47936,479366,139150000,139150000
5,253,139150000,139150100,47936,479366,139700000,139700000
5,254,139700000,139700100,47936,479366,140250000,140250000
5,255,140250000,140250100,47936,479366,140800000,140800000
5,256,140800000,140800100,47936,479366,141350000,141350000
5,257,141350000,141350100,47936,479366,141900000,141900000
5,258,141900000,141900100,47936,479366,142450000,142450000
5,259,142450000,142450100,47936,479366,143000000,143000000
5,260,143000000,143000100,47936,479366,143550000,143550000
5,261,143550000,143550100,47936,479366,144100000,144100000
5,262,144100000,144100100,47936,479366,144650000,144650000
5,263,144650000,144650100,47936,479366,145200000,145200000
5,264,145200000,145200100,47936,479366,145750000,145750000
5,265,145750000,145750100,47936,479366,146300000,146300000
5,266,146300000,146300100,47936,479366,146850000,146850000
5,267,146850000,146850100,47936,479366,147400000,147400000
5,268,147400000,147400100,47936,479366,147950000,147950000
5,269,147950000,147950100,47936,479366,148500000,148500000
5,270,148500000,148500100,47936,479366,149050000,149050000
5,271,149050000,149050100,47936,479366,149600000,149600000
5,272,149600000,149600100,47936,479366,150150000,150150000
5,273,150150000,150150100,47936,479366,150700000,150700000
5,274,150700000,150700100,47936,479366,151250000,151250000
5,275,151250000,151250100,47936,479366,151800000,151800000
5,276,151800000,151800100,47936,479366,152350000,152350000
5,277,152350000,152350100,47936,479366,152900000,152900000
5,278,152900000,152900100,47936,479366,153450000,153450000
5,279,153450000,153450100,47936,479366,154000000,154000000
5,280,154000000,154000100,47936,479366,154550000,154550000
5,281,154550000,154550100,47936,479366,155100000,155100000
5,282,155100000,155100100,47936,479366,155650000,155650000
5,283,155650000,155650100,47936,479366,156200000,156200000
5,284,156200000,156200100,47936,479366,156750000,156750000
5,285,156750000,156750100,47936,479366,157300000,157300000
5,286,157300000,157300100,47936,479366,157850000,157850000
5,287,157850000,157850100,47936,479366,158400000,158400000
5,288,158400000,158400100,47936,479366,158950000,158950000
5,289,158950000,158950100,47936,479366,159500000,159500000
5,290,159500000,159500100,47936,479366,160050000,160050000
5,291,160050000,160050100,47936,479366,160600000,160600000
5,292,160600000,160600100,47936,479366,161150000,161150000
5,293,161150000,161150100,47936,479366,161700000,161700000
5,294,161700000,161700100,47936,479366,162250000,162250000
5,295,162250000,162250100,47936,479366,162800000,162800000
5,296,162800000,162800100,47936,479366,163350000,163350000
5,297,163350000,163350100,47936,479366,163900000,163900000
5,298,163900000,163900100,47936,479366,164450000,164450000
5,299,164450000,164450100,47936,479366,165000000,165000000
5,300,165000000,165000100,47936,479366,165550000,165550000
5,301,165550000,165550100,47936,479366,166100000,166100000
5,302,166100000,166100100,47936,479366,166650000,166650000
5,303,166650000,166650100,47936,479366,167200000,167200000
5,304,167200000,167200100,47936,479366,167750000,167750000
5,305,167750000,167750100,47936,479366,168300000,168300000
5,306,168300000,168300100,47936,479366,168850000,168850000
5,307,168850000,168850100,47936,479366,169400000,169400000
5,308,169400000,169400100,47936,479366,169950000,169950000
5,309,169950000,169950100,47936,479366,170500000,170500000
5,310,170500000,170500100,47936,479366,171050000,171050000
5,311,171050000,171050100,47936,479366,171600000,171600000
5,312,171600000,171600100,47936,479366,172150000,172150000
5,313,172150000,172150100,47936,479366,172700000,172700000
5,314,172700000,172700100,47936,479366,173250000,173250000
5,315,173250000,173250100,47936,479366,173800000,173800000
5,316,173800000,173800100,47936,479366,174350000,174350000
5,317,174350000,174350100,47936,479366,174900000,174900000
5,318,174900000,174900100,47936,479366,175450000,175450000
5,319,175450000,175450100,47936,479366,176000000,176000000
5,320,176000000,176000100,47936,479366,176550000,176550000
5,321,176550000,176550100,47936,479366,177100000,177100000
5,322,177100000,177100100,47936,479366,177650000,177650000
5,323,177650000,177650100,47936,479366,178200000,178200000
5,324,178200000,178200100,47936,479366,178750000,178750000
5,325,178750000,178750100,47936,479366,179300000,179300000
5,326,179300000,179300100,47936,479366,179850000,179850000
5,327,179850000,179850100,47936,479366,180400000,180400000
5,328,180400000,180400100,47936,479366,180950000,180950000
5,329,180950000,180950100,47936,479366,181500000,181500000
5,330,181500000,181500100,47936,479366,182050000,182050000
5,331,182050000,182050100,47936,479366,182600000,182600000
5,332,182600000,182600100,47936,479366,183150000,183150000
5,333,183150000,183150100,47936,479366,183700000,183700000
5,334,183700000,183700100,47936,479366,184250000,184250000
5,335,184250000,184250100,47936,479366,184800000,184800000
5,336,184800000,184800100,47936,479366,185350000,185350000
5,337,185350000,185350100,47936,479366,185900000,185900000
5,338,185900000,185900100,47936,479366,186450000,186450000
5,339,186450000,186450100,47936,479366,187000000,187000000
5,340,187000000,187000100,47936,479366,187550000,187550000
5,341,187550000,187550100,47936,479366,188100000,188100000
5,342,188100000,188100100,47936,479366,188650000,188650000
5,343,188650000,188650100,47936,479366,189200000,189200000
5,344,189200000,189200100,47936,479366,189750000,189750000
5,345,189750000,189750100,47936,479366,190300000,190300000
5,346,190300000,190300100,47936,479366,190850000,190850000
5,347,190850000,190850100,47936,479366,191400000,191400000
5,348,191400000,191400100,47936,479366,191950000,191950000
5,349,191950000,191950100,47936,479366,192500000,192500000
5,350,192500000,192500100,47936,479366,193050000,193050000
5,351,193050000,193050100,47936,479366,193600000,193600000
5,352,193600000,193600100,47936,479366,194150000,194150000
5,353,194150000,194150100,47936,479366,194700000,194700000
5,354,194700000,194700100,47936,479366,195250000,195250000
5,355,195250000,195250100,47936,479366,195800000,195800000
5,356,195800000,195800100,47936,479366,196350000,196350000
5,357,196350000,196350100,47936,479366,196900000,196900000
5,358,196900000,196900100,47936,479366,197450000,197450000
5,359,197450000,197450100,47936,479366,198000000,198000000
