Task ID,Job ID,Arrival min,Arrival max,Cost min,Cost max,Deadline,Priority
0,0,0,100,1231,12311,100000,100000
0,1,100000,100100,1231,12311,200000,200000
0,2,200000,200100,1231,12311,300000,300000
0,3,300000,300100,1231,12311,400000,400000
0,4,400000,400100,1231,12311,500000,500000
0,5,500000,500100,1231,12311,600000,600000
0,6,600000,600100,1231,12311,700000,700000
0,7,700000,700100,1231,12311,800000,800000
0,8,800000,800100,1231,12311,900000,900000
0,9,900000,900100,1231,12311,1000000,1000000
0,10,1000000,1000100,1231,12311,1100000,1100000
0,11,1100000,1100100,1231,12311,1200000,1200000
0,12,1200000,1200100,1231,12311,1300000,1300000
0,13,1300000,1300100,1231,12311,1400000,1400000
0,14,1400000,1400100,1231,12311,1500000,1500000
0,15,1500000,1500100,1231,12311,1600000,1600000
0,16,1600000,1600100,1231,12311,1700000,1700000
0,17,1700000,1700100,1231,12311,1800000,1800000
0,18,1800000,1800100,1231,12311,1900000,1900000
0,19,1900000,1900100,1231,12311,2000000,2000000
0,20,2000000,2000100,1231,12311,2100000,2100000
0,21,2100000,2100100,1231,12311,2200000,2200000
0,22,2200000,2200100,1231,12311,2300000,2300000
0,23,2300000,2300100,1231,12311,2400000,2400000
0,24,2400000,2400100,1231,12311,2500000,2500000
0,25,2500000,2500100,1231,12311,2600000,2600000
0,26,2600000,2600100,1231,12311,2700000,2700000
0,27,2700000,2700100,1231,12311,2800000,2800000
0,28,2800000,2800100,1231,12311,2900000,2900000
0,29,2900000,2900100,1231,12311,3000000,3000000
0,30,3000000,3000100,1231,12311,3100000,3100000
0,31,3100000,3100100,1231,12311,3200000,3200000
0,32,3200000,3200100,1231,12311,3300000,3300000
0,33,3300000,3300100,1231,12311,3400000,3400000
0,34,3400000,3400100,1231,12311,3500000,3500000
0,35,3500000,3500100,1231,12311,3600000,3600000
0,36,3600000,3600100,1231,12311,3700000,3700000
0,37,3700000,3700100,1231,12311,3800000,3800000
0,38,3800000,3800100,1231,12311,3900000,3900000
0,39,3900000,3900100,1231,12311,4000000,4000000
0,40,4000000,4000100,1231,12311,4100000,4100000
0,41,4100000,4100100,1231,12311,4200000,4200000
0,42,4200000,4200100,1231,12311,4300000,4300000
0,43,4300000,4300100,1231,12311,4400000,4400000
0,44,4400000,4400100,1231,12311,4500000,4500000
0,45,4500000,4500100,1231,12311,4600000,4600000
0,46,4600000,4600100,1231,12311,4700000,4700000
0,47,4700000,4700100,1231,12311,4800000,4800000
0,48,4800000,4800100,1231,12311,4900000,4900000
0,49,4900000,4900100,1231,12311,5000000,5000000
0,50,5000000,5000100,1231,12311,5100000,5100000
0,51,5100000,5100100,1231,12311,5200000,5200000
0,52,5200000,5200100,1231,12311,5300000,5300000
0,53,5300000,5300100,1231,12311,5400000,5400000
0,54,5400000,5400100,1231,12311,5500000,5500000
0,55,5500000,5500100,1231,12311,5600000,5600000
0,56,5600000,5600100,1231,12311,5700000,5700000
0,57,5700000,5700100,1231,12311,5800000,5800000
0,58,5800000,5800100,1231,12311,5900000,5900000
0,59,5900000,5900100,1231,12311,6000000,6000000
0,60,6000000,6000100,1231,12311,6100000,6100000
0,61,6100000,6100100,1231,12311,6200000,6200000
0,62,6200000,6200100,1231,12311,6300000,6300000
0,63,6300000,6300100,1231,12311,6400000,6400000
0,64,6400000,6400100,1231,12311,6500000,6500000
0,65,6500000,6500100,1231,12311,6600000,6600000
0,66,6600000,6600100,1231,12311,6700000,6700000
0,67,6700000,6700100,1231,12311,6800000,6800000
0,68,6800000,6800100,1231,12311,6900000,6900000
0,69,6900000,6900100,1231,12311,7000000,7000000
0,70,7000000,7000100,1231,12311,7100000,7100000
0,71,7100000,7100100,1231,12311,7200000,7200000
0,72,7200000,7200100,1231,12311,7300000,7300000
0,73,7300000,7300100,1231,12311,7400000,7400000
0,74,7400000,7400100,1231,12311,7500000,7500000
0,75,7500000,7500100,1231,12311,7600000,7600000
0,76,7600000,7600100,1231,12311,7700000,7700000
0,77,7700000,7700100,1231,12311,7800000,7800000
0,78,7800000,7800100,1231,12311,7900000,7900000
0,79,7900000,7900100,1231,12311,8000000,8000000
0,80,8000000,8000100,1231,12311,8100000,8100000
0,81,8100000,8100100,1231,12311,8200000,8200000
0,82,8200000,8200100,1231,12311,8300000,8300000
0,83,8300000,8300100,1231,12311,8400000,8400000
0,84,8400000,8400100,1231,12311,8500000,8500000
0,85,8500000,8500100,1231,12311,8600000,8600000
0,86,8600000,8600100,1231,12311,8700000,8700000
0,87,8700000,8700100,1231,12311,8800000,8800000
0,88,8800000,8800100,1231,12311,8900000,8900000
0,89,8900000,8900100,1231,12311,9000000,9000000
0,90,9000000,9000100,1231,12311,9100000,9100000
0,91,9100000,9100100,1231,12311,9200000,9200000
0,92,9200000,9200100,1231,12311,9300000,9300000
0,93,9300000,9300100,1231,12311,9400000,9400000
0,94,9400000,9400100,1231,12311,9500000,9500000
0,95,9500000,9500100,1231,12311,9600000,9600000
0,96,9600000,9600100,1231,12311,9700000,9700000
0,97,9700000,9700100,1231,12311,9800000,9800000
0,98,9800000,9800100,1231,12311,9900000,9900000
0,99,9900000,9900100,1231,12311,10000000,10000000
0,100,10000000,10000100,1231,12311,10100000,10100000
0,101,10100000,10100100,1231,12311,10200000,10200000
0,102,10200000,10200100,1231,12311,10300000,10300000
0,103,10300000,10300100,1231,12311,10400000,10400000
0,104,10400000,10400100,1231,12311,10500000,10500000
0,105,10500000,10500100,1231,12311,10600000,10600000
0,106,10600000,10600100,1231,12311,10700000,10700000
0,107,10700000,10700100,1231,12311,10800000,10800000
0,108,10800000,10800100,1231,12311,10900000,10900000
0,109,10900000,10900100,1231,12311,11000000,11000000
0,110,11000000,11000100,1231,12311,11100000,11100000
0,111,11100000,11100100,1231,12311,11200000,11200000
0,112,11200000,11200100,1231,12311,11300000,11300000
0,113,11300000,11300100,1231,12311,11400000,11400000
0,114,11400000,11400100,1231,12311,11500000,11500000
0,115,11500000,11500100,1231,12311,11600000,11600000
0,116,11600000,11600100,1231,12311,11700000,11700000
0,117,11700000,11700100,1231,12311,11800000,11800000
0,118,11800000,11800100,1231,12311,11900000,11900000
0,119,11900000,11900100,1231,12311,12000000,12000000
0,120,12000000,12000100,1231,12311,12100000,12100000
0,121,12100000,12100100,1231,12311,12200000,12200000
0,122,12200000,12200100,1231,12311,12300000,12300000
0,123,12300000,12300100,1231,12311,12400000,12400000
0,124,12400000,12400100,1231,12311,12500000,12500000
0,125,12500000,12500100,1231,12311,12600000,12600000
0,126,12600000,12600100,1231,12311,12700000,12700000
0,127,12700000,12700100,1231,12311,12800000,12800000
0,128,12800000,12800100,1231,12311,12900000,12900000
0,129,12900000,12900100,1231,12311,13000000,13000000
0,130,13000000,13000100,1231,12311,13100000,13100000
0,131,13100000,13100100,1231,12311,13200000,13200000
0,132,13200000,13200100,1231,12311,13300000,13300000
0,133,13300000,13300100,1231,12311,13400000,13400000
0,134,13400000,13400100,1231,12311,13500000,13500000
0,135,13500000,13500100,1231,12311,13600000,13600000
0,136,13600000,13600100,1231,12311,13700000,13700000
0,137,13700000,13700100,1231,12311,13800000,13800000
0,138,13800000,13800100,1231,12311,13900000,13900000
0,139,13900000,13900100,1231,12311,14000000,14000000
0,140,14000000,14000100,1231,12311,14100000,14100000
0,141,14100000,14100100,1231,12311,14200000,14200000
0,142,14200000,14200100,1231,12311,14300000,14300000
0,143,14300000,14300100,1231,12311,14400000,14400000
0,144,14400000,14400100,1231,12311,14500000,14500000
0,145,14500000,14500100,1231,12311,14600000,14600000
0,146,14600000,14600100,1231,12311,14700000,14700000
0,147,14700000,14700100,1231,12311,14800000,14800000
0,148,14800000,14800100,1231,12311,14900000,14900000
0,149,14900000,14900100,1231,12311,15000000,15000000
0,150,15000000,15000100,1231,12311,15100000,15100000
0,151,15100000,15100100,1231,12311,15200000,15200000
0,152,15200000,15200100,1231,12311,15300000,15300000
0,153,15300000,15300100,1231,12311,15400000,15400000
0,154,15400000,15400100,1231,12311,15500000,15500000
0,155,15500000,15500100,1231,12311,15600000,15600000
0,156,15600000,15600100,1231,12311,15700000,15700000
0,157,15700000,15700100,1231,12311,15800000,15800000
0,158,15800000,15800100,1231,12311,15900000,15900000
0,159,15900000,15900100,1231,12311,16000000,16000000
0,160,16000000,16000100,1231,12311,16100000,16100000
0,161,16100000,16100100,1231,12311,16200000,16200000
0,162,16200000,16200100,1231,12311,16300000,16300000
0,163,16300000,16300100,1231,12311,16400000,16400000
0,164,16400000,16400100,1231,12311,16500000,16500000
0,165,16500000,16500100,1231,12311,16600000,16600000
0,166,16600000,16600100,1231,12311,16700000,16700000
0,167,16700000,16700100,1231,12311,16800000,16800000
0,168,16800000,16800100,1231,12311,16900000,16900000
0,169,16900000,16900100,1231,12311,17000000,17000000
0,170,17000000,17000100,1231,12311,17100000,17100000
0,171,17100000,17100100,1231,12311,17200000,17200000
0,172,17200000,17200100,1231,12311,17300000,17300000
0,173,17300000,17300100,1231,12311,17400000,17400000
0,174,17400000,17400100,1231,12311,17500000,17500000
0,175,17500000,17500100,1231,12311,17600000,17600000
0,176,17600000,17600100,1231,12311,17700000,17700000
0,177,17700000,17700100,1231,12311,17800000,17800000
0,178,17800000,17800100,1231,12311,17900000,17900000
0,179,17900000,17900100,1231,12311,18000000,18000000
0,180,18000000,18000100,1231,12311,18100000,18100000
0,181,18100000,18100100,1231,12311,18200000,18200000
0,182,18200000,18200100,1231,12311,18300000,18300000
0,183,18300000,18300100,1231,12311,18400000,18400000
0,184,18400000,18400100,1231,12311,18500000,18500000
0,185,18500000,18500100,1231,12311,18600000,18600000
0,186,18600000,18600100,1231,12311,18700000,18700000
0,187,18700000,18700100,1231,12311,18800000,18800000
0,188,18800000,18800100,1231,12311,18900000,18900000
0,189,18900000,18900100,1231,12311,19000000,19000000
0,190,19000000,19000100,1231,12311,19100000,19100000
0,191,19100000,19100100,1231,12311,19200000,19200000
0,192,19200000,19200100,1231,12311,19300000,19300000
0,193,19300000,19300100,1231,12311,19400000,19400000
0,194,19400000,19400100,1231,12311,19500000,19500000
0,195,19500000,19500100,1231,12311,19600000,19600000
0,196,19600000,19600100,1231,12311,19700000,19700000
0,197,19700000,19700100,1231,12311,19800000,19800000
0,198,19800000,19800100,1231,12311,19900000,19900000
0,199,19900000,19900100,1231,12311,20000000,20000000
0,200,20000000,20000100,1231,12311,20100000,20100000
0,201,20100000,20100100,1231,12311,20200000,20200000
0,202,20200000,20200100,1231,12311,20300000,20300000
0,203,20300000,20300100,1231,12311,20400000,20400000
0,204,20400000,20400100,1231,12311,20500000,20500000
0,205,20500000,20500100,1231,12311,20600000,20600000
0,206,20600000,20600100,1231,12311,20700000,20700000
0,207,20700000,20700100,1231,12311,20800000,20800000
0,208,20800000,20800100,1231,12311,20900000,20900000
0,209,20900000,20900100,1231,12311,21000000,21000000
0,210,21000000,21000100,1231,12311,21100000,21100000
0,211,21100000,21100100,1231,12311,21200000,21200000
0,212,21200000,21200100,1231,12311,21300000,21300000
0,213,21300000,21300100,1231,12311,21400000,21400000
0,214,21400000,21400100,1231,12311,21500000,21500000
0,215,21500000,21500100,1231,12311,21600000,21600000
0,216,21600000,21600100,1231,12311,21700000,21700000
0,217,21700000,21700100,1231,12311,21800000,21800000
0,218,21800000,21800100,1231,12311,21900000,21900000
0,219,21900000,21900100,1231,12311,22000000,22000000
0,220,22000000,22000100,1231,12311,22100000,22100000
0,221,22100000,22100100,1231,12311,22200000,22200000
0,222,22200000,22200100,1231,12311,22300000,22300000
0,223,22300000,22300100,1231,12311,22400000,22400000
0,224,22400000,22400100,1231,12311,22500000,22500000
0,225,22500000,22500100,1231,12311,22600000,22600000
0,226,22600000,22600100,1231,12311,22700000,22700000
0,227,22700000,22700100,1231,12311,22800000,22800000
0,228,22800000,22800100,1231,12311,22900000,22900000
0,229,22900000,22900100,1231,12311,23000000,23000000
0,230,23000000,23000100,1231,12311,23100000,23100000
0,231,23100000,23100100,1231,12311,23200000,23200000
0,232,23200000,23200100,1231,12311,23300000,23300000
0,233,23300000,23300100,1231,12311,23400000,23400000
0,234,23400000,23400100,1231,12311,23500000,23500000
0,235,23500000,23500100,1231,12311,23600000,23600000
0,236,23600000,23600100,1231,12311,23700000,23700000
0,237,23700000,23700100,1231,12311,23800000,23800000
0,238,23800000,23800100,1231,12311,23900000,23900000
0,239,23900000,23900100,1231,12311,24000000,24000000
0,240,24000000,24000100,1231,12311,24100000,24100000
0,241,24100000,24100100,1231,12311,24200000,24200000
0,242,24200000,24200100,1231,12311,24300000,24300000
0,243,24300000,24300100,1231,12311,24400000,24400000
0,244,24400000,24400100,1231,12311,24500000,24500000
0,245,24500000,24500100,1231,12311,24600000,24600000
0,246,24600000,24600100,1231,12311,24700000,24700000
0,247,24700000,24700100,1231,12311,24800000,24800000
0,248,24800000,24800100,1231,12311,24900000,24900000
0,249,24900000,24900100,1231,12311,25000000,25000000
0,250,25000000,25000100,1231,12311,25100000,25100000
0,251,25100000,25100100,1231,12311,25200000,25200000
0,252,25200000,25200100,1231,12311,25300000,25300000
0,253,25300000,25300100,1231,12311,25400000,25400000
0,254,25400000,25400100,1231,12311,25500000,25500000
0,255,25500000,25500100,1231,12311,25600000,25600000
0,256,25600000,25600100,1231,12311,25700000,25700000
0,257,25700000,25700100,1231,12311,25800000,25800000
0,258,25800000,25800100,1231,12311,25900000,25900000
0,259,25900000,25900100,1231,12311,26000000,26000000
0,260,26000000,26000100,1231,12311,26100000,26100000
0,261,26100000,26100100,1231,12311,26200000,26200000
0,262,26200000,26200100,1231,12311,26300000,26300000
0,263,26300000,26300100,1231,12311,26400000,26400000
0,264,26400000,26400100,1231,12311,26500000,26500000
0,265,26500000,26500100,1231,12311,26600000,26600000
0,266,26600000,26600100,1231,12311,26700000,26700000
0,267,26700000,26700100,1231,12311,26800000,26800000
0,268,26800000,26800100,1231,12311,26900000,26900000
0,269,26900000,26900100,1231,12311,27000000,27000000
0,270,27000000,27000100,1231,12311,27100000,27100000
0,271,27100000,27100100,1231,12311,27200000,27200000
0,272,27200000,27200100,1231,12311,27300000,27300000
0,273,27300000,27300100,1231,12311,27400000,27400000
0,274,27400000,27400100,1231,12311,27500000,27500000
0,275,27500000,27500100,1231,12311,27600000,27600000
0,276,27600000,27600100,1231,12311,27700000,27700000
0,277,27700000,27700100,1231,12311,27800000,27800000
0,278,27800000,27800100,1231,12311,27900000,27900000
0,279,27900000,27900100,1231,12311,28000000,28000000
0,280,28000000,28000100,1231,12311,28100000,28100000
0,281,28100000,28100100,1231,12311,28200000,28200000
0,282,28200000,28200100,1231,12311,28300000,28300000
0,283,28300000,28300100,1231,12311,28400000,28400000
0,284,28400000,28400100,1231,12311,28500000,28500000
0,285,28500000,28500100,1231,12311,28600000,28600000
0,286,28600000,28600100,1231,12311,28700000,28700000
0,287,28700000,28700100,1231,12311,28800000,28800000
0,288,28800000,28800100,1231,12311,28900000,28900000
0,289,28900000,28900100,1231,12311,29000000,29000000
0,290,29000000,29000100,1231,12311,29100000,29100000
0,291,29100000,29100100,1231,12311,29200000,29200000
0,292,29200000,29200100,1231,12311,29300000,29300000
0,293,29300000,29300100,1231,12311,29400000,29400000
0,294,29400000,29400100,1231,12311,29500000,29500000
0,295,29500000,29500100,1231,12311,29600000,29600000
0,296,29600000,29600100,1231,12311,29700000,29700000
0,297,29700000,29700100,1231,12311,29800000,29800000
0,298,29800000,29800100,1231,12311,29900000,29900000
0,299,29900000,29900100,1231,12311,30000000,30000000
0,300,30000000,30000100,1231,12311,30100000,30100000
0,301,30100000,30100100,1231,12311,30200000,30200000
0,302,30200000,30200100,1231,12311,30300000,30300000
0,303,30300000,30300100,1231,12311,30400000,30400000
0,304,30400000,30400100,1231,12311,30500000,30500000
0,305,30500000,30500100,1231,12311,30600000,30600000
0,306,30600000,30600100,1231,12311,30700000,30700000
0,307,30700000,30700100,1231,12311,30800000,30800000
0,308,30800000,30800100,1231,12311,30900000,30900000
0,309,30900000,30900100,1231,12311,31000000,31000000
0,310,31000000,31000100,1231,12311,31100000,31100000
0,311,31100000,31100100,1231,12311,31200000,31200000
0,312,31200000,31200100,1231,12311,31300000,31300000
0,313,31300000,31300100,1231,12311,31400000,31400000
0,314,31400000,31400100,1231,12311,31500000,31500000
0,315,31500000,31500100,1231,12311,31600000,31600000
0,316,31600000,31600100,1231,12311,31700000,31700000
0,317,31700000,31700100,1231,12311,31800000,31800000
0,318,31800000,31800100,1231,12311,31900000,31900000
0,319,31900000,31900100,1231,12311,32000000,32000000
0,320,32000000,32000100,1231,12311,32100000,32100000
0,321,32100000,32100100,1231,12311,32200000,32200000
0,322,32200000,32200100,1231,12311,32300000,32300000
0,323,32300000,32300100,1231,12311,32400000,32400000
0,324,32400000,32400100,1231,12311,32500000,32500000
0,325,32500000,32500100,1231,12311,32600000,32600000
0,326,32600000,32600100,1231,12311,32700000,32700000
0,327,32700000,32700100,1231,12311,32800000,32800000
0,328,32800000,32800100,1231,12311,32900000,32900000
0,329,32900000,32900100,1231,12311,33000000,33000000
0,330,33000000,33000100,1231,12311,33100000,33100000
0,331,33100000,33100100,1231,12311,33200000,33200000
0,332,33200000,33200100,1231,12311,33300000,33300000
0,333,33300000,33300100,1231,12311,33400000,33400000
0,334,33400000,33400100,1231,12311,33500000,33500000
0,335,33500000,33500100,1231,12311,33600000,33600000
0,336,33600000,33600100,1231,12311,33700000,33700000
0,337,33700000,33700100,1231,12311,33800000,33800000
0,338,33800000,33800100,1231,12311,33900000,33900000
0,339,33900000,33900100,1231,12311,34000000,34000000
0,340,34000000,34000100,1231,12311,34100000,34100000
0,341,34100000,34100100,1231,12311,34200000,34200000
0,342,34200000,34200100,1231,12311,34300000,34300000
0,343,34300000,34300100,1231,12311,34400000,34400000
0,344,34400000,34400100,1231,12311,34500000,34500000
0,345,34500000,34500100,1231,12311,34600000,34600000
0,346,34600000,34600100,1231,12311,34700000,34700000
0,347,34700000,34700100,1231,12311,34800000,34800000
0,348,34800000,34800100,1231,12311,34900000,34900000
0,349,34900000,34900100,1231,12311,35000000,35000000
0,350,35000000,35000100,1231,12311,35100000,35100000
0,351,35100000,35100100,1231,12311,35200000,35200000
0,352,35200000,35200100,1231,12311,35300000,35300000
0,353,35300000,35300100,1231,12311,35400000,35400000
0,354,35400000,35400100,1231,12311,35500000,35500000
0,355,35500000,35500100,1231,12311,35600000,35600000
0,356,35600000,35600100,1231,12311,35700000,35700000
0,357,35700000,35700100,1231,12311,35800000,35800000
0,358,35800000,35800100,1231,12311,35900000,35900000
0,359,35900000,35900100,1231,12311,36000000,36000000
0,360,36000000,36000100,1231,12311,36100000,36100000
0,361,36100000,36100100,1231,12311,36200000,36200000
0,362,36200000,36200100,1231,12311,36300000,36300000
0,363,36300000,36300100,1231,12311,36400000,36400000
0,364,36400000,36400100,1231,12311,36500000,36500000
0,365,36500000,36500100,1231,12311,36600000,36600000
0,366,36600000,36600100,1231,12311,36700000,36700000
0,367,36700000,36700100,1231,12311,36800000,36800000
0,368,36800000,36800100,1231,12311,36900000,36900000
0,369,36900000,36900100,1231,12311,37000000,37000000
0,370,37000000,37000100,1231,12311,37100000,37100000
0,371,37100000,37100100,1231,12311,37200000,37200000
0,372,37200000,37200100,1231,12311,37300000,37300000
0,373,37300000,37300100,1231,12311,37400000,37400000
0,374,37400000,37400100,1231,12311,37500000,37500000
0,375,37500000,37500100,1231,12311,37600000,37600000
0,376,37600000,37600100,1231,12311,37700000,37700000
0,377,37700000,37700100,1231,12311,37800000,37800000
0,378,37800000,37800100,1231,12311,37900000,37900000
0,379,37900000,37900100,1231,12311,38000000,38000000
0,380,38000000,38000100,1231,12311,38100000,38100000
0,381,38100000,38100100,1231,12311,38200000,38200000
0,382,38200000,38200100,1231,12311,38300000,38300000
0,383,38300000,38300100,1231,12311,38400000,38400000
0,384,38400000,38400100,1231,12311,38500000,38500000
0,385,38500000,38500100,1231,12311,38600000,38600000
0,386,38600000,38600100,1231,12311,38700000,38700000
0,387,38700000,38700100,1231,12311,38800000,38800000
0,388,38800000,38800100,1231,12311,38900000,38900000
0,389,38900000,38900100,1231,12311,39000000,39000000
0,390,39000000,39000100,1231,12311,39100000,39100000
0,391,39100000,39100100,1231,12311,39200000,39200000
0,392,39200000,39200100,1231,12311,39300000,39300000
0,393,39300000,39300100,1231,12311,39400000,39400000
0,394,39400000,39400100,1231,12311,39500000,39500000
0,395,39500000,39500100,1231,12311,39600000,39600000
0,396,39600000,39600100,1231,12311,39700000,39700000
0,397,39700000,39700100,1231,12311,39800000,39800000
0,398,39800000,39800100,1231,12311,39900000,39900000
0,399,39900000,39900100,1231,12311,40000000,40000000
0,400,40000000,40000100,1231,12311,40100000,40100000
0,401,40100000,40100100,1231,12311,40200000,40200000
0,402,40200000,40200100,1231,12311,40300000,40300000
0,403,40300000,40300100,1231,12311,40400000,40400000
0,404,40400000,40400100,1231,12311,40500000,40500000
0,405,40500000,40500100,1231,12311,40600000,40600000
0,406,40600000,40600100,1231,12311,40700000,40700000
0,407,40700000,40700100,1231,12311,40800000,40800000
0,408,40800000,40800100,1231,12311,40900000,40900000
0,409,40900000,40900100,1231,12311,41000000,41000000
0,410,41000000,41000100,1231,12311,41100000,41100000
0,411,41100000,41100100,1231,12311,41200000,41200000
0,412,41200000,41200100,1231,12311,41300000,41300000
0,413,41300000,41300100,1231,12311,41400000,41400000
0,414,41400000,41400100,1231,12311,41500000,41500000
0,415,41500000,41500100,1231,12311,41600000,41600000
0,416,41600000,41600100,1231,12311,41700000,41700000
0,417,41700000,41700100,1231,12311,41800000,41800000
0,418,41800000,41800100,1231,12311,41900000,41900000
0,419,41900000,41900100,1231,12311,42000000,42000000
0,420,42000000,42000100,1231,12311,42100000,42100000
0,421,42100000,42100100,1231,12311,42200000,42200000
0,422,42200000,42200100,1231,12311,42300000,42300000
0,423,42300000,42300100,1231,12311,42400000,42400000
0,424,42400000,42400100,1231,12311,42500000,42500000
0,425,42500000,42500100,1231,12311,42600000,42600000
0,426,42600000,42600100,1231,12311,42700000,42700000
0,427,42700000,42700100,1231,12311,42800000,42800000
0,428,42800000,42800100,1231,12311,42900000,42900000
0,429,42900000,42900100,1231,12311,43000000,43000000
0,430,43000000,43000100,1231,12311,43100000,43100000
0,431,43100000,43100100,1231,12311,43200000,43200000
0,432,43200000,43200100,1231,12311,43300000,43300000
0,433,43300000,43300100,1231,12311,43400000,43400000
0,434,43400000,43400100,1231,12311,43500000,43500000
0,435,43500000,43500100,1231,12311,43600000,43600000
0,436,43600000,43600100,1231,12311,43700000,43700000
0,437,43700000,43700100,1231,12311,43800000,43800000
0,438,43800000,43800100,1231,12311,43900000,43900000
0,439,43900000,43900100,1231,12311,44000000,44000000
0,440,44000000,44000100,1231,12311,44100000,44100000
0,441,44100000,44100100,1231,12311,44200000,44200000
0,442,44200000,44200100,1231,12311,44300000,44300000
0,443,44300000,44300100,1231,12311,44400000,44400000
0,444,44400000,44400100,1231,12311,44500000,44500000
0,445,44500000,44500100,1231,12311,44600000,44600000
0,446,44600000,44600100,1231,12311,44700000,44700000
0,447,44700000,44700100,1231,12311,44800000,44800000
0,448,44800000,44800100,1231,12311,44900000,44900000
0,449,44900000,44900100,1231,12311,45000000,45000000
0,450,45000000,45000100,1231,12311,45100000,45100000
0,451,45100000,45100100,1231,12311,45200000,45200000
0,452,45200000,45200100,1231,12311,45300000,45300000
0,453,45300000,45300100,1231,12311,45400000,45400000
0,454,45400000,45400100,1231,12311,45500000,45500000
0,455,45500000,45500100,1231,12311,45600000,45600000
0,456,45600000,45600100,1231,12311,45700000,45700000
0,457,45700000,45700100,1231,12311,45800000,45800000
0,458,45800000,45800100,1231,12311,45900000,45900000
0,459,45900000,45900100,1231,12311,46000000,46000000
0,460,46000000,46000100,1231,12311,46100000,46100000
0,461,46100000,46100100,1231,12311,46200000,46200000
0,462,46200000,46200100,1231,12311,46300000,46300000
0,463,46300000,46300100,1231,12311,46400000,46400000
0,464,46400000,46400100,1231,12311,46500000,46500000
0,465,46500000,46500100,1231,12311,46600000,46600000
0,466,46600000,46600100,1231,12311,46700000,46700000
0,467,46700000,46700100,1231,12311,46800000,46800000
0,468,46800000,46800100,1231,12311,46900000,46900000
0,469,46900000,46900100,1231,12311,47000000,47000000
0,470,47000000,47000100,1231,12311,47100000,47100000
0,471,47100000,47100100,1231,12311,47200000,47200000
0,472,47200000,47200100,1231,12311,47300000,47300000
0,473,47300000,47300100,1231,12311,47400000,47400000
0,474,47400000,47400100,1231,12311,47500000,47500000
0,475,47500000,47500100,1231,12311,47600000,47600000
0,476,47600000,47600100,1231,12311,47700000,47700000
0,477,47700000,47700100,1231,12311,47800000,47800000
0,478,47800000,47800100,1231,12311,47900000,47900000
0,479,47900000,47900100,1231,12311,48000000,48000000
0,480,48000000,48000100,1231,12311,48100000,48100000
0,481,48100000,48100100,1231,12311,48200000,48200000
0,482,48200000,48200100,1231,12311,48300000,48300000
0,483,48300000,48300100,1231,12311,48400000,48400000
0,484,48400000,48400100,1231,12311,48500000,48500000
0,485,48500000,48500100,1231,12311,48600000,48600000
0,486,48600000,48600100,1231,12311,48700000,48700000
0,487,48700000,48700100,1231,12311,48800000,48800000
0,488,48800000,48800100,1231,12311,48900000,48900000
0,489,48900000,48900100,1231,12311,49000000,49000000
0,490,49000000,49000100,1231,12311,49100000,49100000
0,491,49100000,49100100,1231,12311,49200000,49200000
0,492,49200000,49200100,1231,12311,49300000,49300000
0,493,49300000,49300100,1231,12311,49400000,49400000
0,494,49400000,49400100,1231,12311,49500000,49500000
0,495,49500000,49500100,1231,12311,49600000,49600000
0,496,49600000,49600100,1231,12311,49700000,49700000
0,497,49700000,49700100,1231,12311,49800000,49800000
0,498,49800000,49800100,1231,12311,49900000,49900000
0,499,49900000,49900100,1231,12311,50000000,50000000
0,500,50000000,50000100,1231,12311,50100000,50100000
0,501,50100000,50100100,1231,12311,50200000,50200000
0,502,50200000,50200100,1231,12311,50300000,50300000
0,503,50300000,50300100,1231,12311,50400000,50400000
0,504,50400000,50400100,1231,12311,50500000,50500000
0,505,50500000,50500100,1231,12311,50600000,50600000
0,506,50600000,50600100,1231,12311,50700000,50700000
0,507,50700000,50700100,1231,12311,50800000,50800000
0,508,50800000,50800100,1231,12311,50900000,50900000
0,509,50900000,50900100,1231,12311,51000000,51000000
0,510,51000000,51000100,1231,12311,51100000,51100000
0,511,51100000,51100100,1231,12311,51200000,51200000
0,512,51200000,51200100,1231,12311,51300000,51300000
0,513,51300000,51300100,1231,12311,51400000,51400000
0,514,51400000,51400100,1231,12311,51500000,51500000
0,515,51500000,51500100,1231,12311,51600000,51600000
0,516,51600000,51600100,1231,12311,51700000,51700000
0,517,51700000,51700100,1231,12311,51800000,51800000
0,518,51800000,51800100,1231,12311,51900000,51900000
0,519,51900000,51900100,1231,12311,52000000,52000000
0,520,52000000,52000100,1231,12311,52100000,52100000
0,521,52100000,52100100,1231,12311,52200000,52200000
0,522,52200000,52200100,1231,12311,52300000,52300000
0,523,52300000,52300100,1231,12311,52400000,52400000
0,524,52400000,52400100,1231,12311,52500000,52500000
0,525,52500000,52500100,1231,12311,52600000,52600000
0,526,52600000,52600100,1231,12311,52700000,52700000
0,527,52700000,52700100,1231,12311,52800000,52800000
0,528,52800000,52800100,1231,12311,52900000,52900000
0,529,52900000,52900100,1231,12311,53000000,53000000
0,530,53000000,53000100,1231,12311,53100000,53100000
0,531,53100000,53100100,1231,12311,53200000,53200000
0,532,53200000,53200100,1231,12311,53300000,53300000
0,533,53300000,53300100,1231,12311,53400000,53400000
0,534,53400000,53400100,1231,12311,53500000,53500000
0,535,53500000,53500100,1231,12311,53600000,53600000
0,536,53600000,53600100,1231,12311,53700000,53700000
0,537,53700000,53700100,1231,12311,53800000,53800000
0,538,53800000,53800100,1231,12311,53900000,53900000
0,539,53900000,53900100,1231,12311,54000000,54000000
0,540,54000000,54000100,1231,12311,54100000,54100000
0,541,54100000,54100100,1231,12311,54200000,54200000
0,542,54200000,54200100,1231,12311,54300000,54300000
0,543,54300000,54300100,1231,12311,54400000,54400000
0,544,54400000,54400100,1231,12311,54500000,54500000
0,545,54500000,54500100,1231,12311,54600000,54600000
0,546,54600000,54600100,1231,12311,54700000,54700000
0,547,54700000,54700100,1231,12311,54800000,54800000
0,548,54800000,54800100,1231,12311,54900000,54900000
0,549,54900000,54900100,1231,12311,55000000,55000000
0,550,55000000,55000100,1231,12311,55100000,55100000
0,551,55100000,55100100,1231,12311,55200000,55200000
0,552,55200000,55200100,1231,12311,55300000,55300000
0,553,55300000,55300100,1231,12311,55400000,55400000
0,554,55400000,55400100,1231,12311,55500000,55500000
0,555,55500000,55500100,1231,12311,55600000,55600000
0,556,55600000,55600100,1231,12311,55700000,55700000
0,557,55700000,55700100,1231,12311,55800000,55800000
0,558,55800000,55800100,1231,12311,55900000,55900000
0,559,55900000,55900100,1231,12311,56000000,56000000
0,560,56000000,56000100,1231,12311,56100000,56100000
0,561,56100000,56100100,1231,12311,56200000,56200000
0,562,56200000,56200100,1231,12311,56300000,56300000
0,563,56300000,56300100,1231,12311,56400000,56400000
0,564,56400000,56400100,1231,12311,56500000,56500000
0,565,56500000,56500100,1231,12311,56600000,56600000
0,566,56600000,56600100,1231,12311,56700000,56700000
0,567,56700000,56700100,1231,12311,56800000,56800000
0,568,56800000,56800100,1231,12311,56900000,56900000
0,569,56900000,56900100,1231,12311,57000000,57000000
0,570,57000000,57000100,1231,12311,57100000,57100000
0,571,57100000,57100100,1231,12311,57200000,57200000
0,572,57200000,57200100,1231,12311,57300000,57300000
0,573,57300000,57300100,1231,12311,57400000,57400000
0,574,57400000,57400100,1231,12311,57500000,57500000
0,575,57500000,57500100,1231,12311,57600000,57600000
0,576,57600000,57600100,1231,12311,57700000,57700000
0,577,57700000,57700100,1231,12311,57800000,57800000
0,578,57800000,57800100,1231,12311,57900000,57900000
0,579,57900000,57900100,1231,12311,58000000,58000000
0,580,58000000,58000100,1231,12311,58100000,58100000
0,581,58100000,58100100,1231,12311,58200000,58200000
0,582,58200000,58200100,1231,12311,58300000,58300000
0,583,58300000,58300100,1231,12311,58400000,58400000
0,584,58400000,58400100,1231,12311,58500000,58500000
0,585,58500000,58500100,1231,12311,58600000,58600000
0,586,58600000,58600100,1231,12311,58700000,58700000
0,587,58700000,58700100,1231,12311,58800000,58800000
0,588,58800000,58800100,1231,12311,58900000,58900000
0,589,58900000,58900100,1231,12311,59000000,59000000
0,590,59000000,59000100,1231,12311,59100000,59100000
0,591,59100000,59100100,1231,12311,59200000,59200000
0,592,59200000,59200100,1231,12311,59300000,59300000
0,593,59300000,59300100,1231,12311,59400000,59400000
0,594,59400000,59400100,1231,12311,59500000,59500000
0,595,59500000,59500100,1231,12311,59600000,59600000
0,596,59600000,59600100,1231,12311,59700000,59700000
0,597,59700000,59700100,1231,12311,59800000,59800000
0,598,59800000,59800100,1231,12311,59900000,59900000
0,599,59900000,59900100,1231,12311,60000000,60000000
0,600,60000000,60000100,1231,12311,60100000,60100000
0,601,60100000,60100100,1231,12311,60200000,60200000
0,602,60200000,60200100,1231,12311,60300000,60300000
0,603,60300000,60300100,1231,12311,60400000,60400000
0,604,60400000,60400100,1231,12311,60500000,60500000
0,605,60500000,60500100,1231,12311,60600000,60600000
0,606,60600000,60600100,1231,12311,60700000,60700000
0,607,60700000,60700100,1231,12311,60800000,60800000
0,608,60800000,60800100,1231,12311,60900000,60900000
0,609,60900000,60900100,1231,12311,61000000,61000000
0,610,61000000,61000100,1231,12311,61100000,61100000
0,611,61100000,61100100,1231,12311,61200000,61200000
0,612,61200000,61200100,1231,12311,61300000,61300000
0,613,61300000,61300100,1231,12311,61400000,61400000
0,614,61400000,61400100,1231,12311,61500000,61500000
0,615,61500000,61500100,1231,12311,61600000,61600000
0,616,61600000,61600100,1231,12311,61700000,61700000
0,617,61700000,61700100,1231,12311,61800000,61800000
0,618,61800000,61800100,1231,12311,61900000,61900000
0,619,61900000,61900100,1231,12311,62000000,62000000
0,620,62000000,62000100,1231,12311,62100000,62100000
0,621,62100000,62100100,1231,12311,62200000,62200000
0,622,62200000,62200100,1231,12311,62300000,62300000
0,623,62300000,62300100,1231,12311,62400000,62400000
0,624,62400000,62400100,1231,12311,62500000,62500000
0,625,62500000,62500100,1231,12311,62600000,62600000
0,626,62600000,62600100,1231,12311,62700000,62700000
0,627,62700000,62700100,1231,12311,62800000,62800000
0,628,62800000,62800100,1231,12311,62900000,62900000
0,629,62900000,62900100,1231,12311,63000000,63000000
0,630,63000000,63000100,1231,12311,63100000,63100000
0,631,63100000,63100100,1231,12311,63200000,63200000
0,632,63200000,63200100,1231,12311,63300000,63300000
0,633,63300000,63300100,1231,12311,63400000,63400000
0,634,63400000,63400100,1231,12311,63500000,63500000
0,635,63500000,63500100,1231,12311,63600000,63600000
0,636,63600000,63600100,1231,12311,63700000,63700000
0,637,63700000,63700100,1231,12311,63800000,63800000
0,638,63800000,63800100,1231,12311,63900000,63900000
0,639,63900000,63900100,1231,12311,64000000,64000000
0,640,64000000,64000100,1231,12311,64100000,64100000
0,641,64100000,64100100,1231,12311,64200000,64200000
0,642,64200000,64200100,1231,12311,64300000,64300000
0,643,64300000,64300100,1231,12311,64400000,64400000
0,644,64400000,64400100,1231,12311,64500000,64500000
0,645,64500000,64500100,1231,12311,64600000,64600000
0,646,64600000,64600100,1231,12311,64700000,64700000
0,647,64700000,64700100,1231,12311,64800000,64800000
0,648,64800000,64800100,1231,12311,64900000,64900000
0,649,64900000,64900100,1231,12311,65000000,65000000
0,650,65000000,65000100,1231,12311,65100000,65100000
0,651,65100000,65100100,1231,12311,65200000,65200000
0,652,65200000,65200100,1231,12311,65300000,65300000
0,653,65300000,65300100,1231,12311,65400000,65400000
0,654,65400000,65400100,1231,12311,65500000,65500000
0,655,65500000,65500100,1231,12311,65600000,65600000
0,656,65600000,65600100,1231,12311,65700000,65700000
0,657,65700000,65700100,1231,12311,65800000,65800000
0,658,65800000,65800100,1231,12311,65900000,65900000
0,659,65900000,65900100,1231,12311,66000000,66000000
0,660,66000000,66000100,1231,12311,66100000,66100000
0,661,66100000,66100100,1231,12311,66200000,66200000
0,662,66200000,66200100,1231,12311,66300000,66300000
0,663,66300000,66300100,1231,12311,66400000,66400000
0,664,66400000,66400100,1231,12311,66500000,66500000
0,665,66500000,66500100,1231,12311,66600000,66600000
0,666,66600000,66600100,1231,12311,66700000,66700000
0,667,66700000,66700100,1231,12311,66800000,66800000
0,668,66800000,66800100,1231,12311,66900000,66900000
0,669,66900000,66900100,1231,12311,67000000,67000000
0,670,67000000,67000100,1231,12311,67100000,67100000
0,671,67100000,67100100,1231,12311,67200000,67200000
0,672,67200000,67200100,1231,12311,67300000,67300000
0,673,67300000,67300100,1231,12311,67400000,67400000
0,674,67400000,67400100,1231,12311,67500000,67500000
0,675,67500000,67500100,1231,12311,67600000,67600000
0,676,67600000,67600100,1231,12311,67700000,67700000
0,677,67700000,67700100,1231,12311,67800000,67800000
0,678,67800000,67800100,1231,12311,67900000,67900000
0,679,67900000,67900100,1231,12311,68000000,68000000
0,680,68000000,68000100,1231,12311,68100000,68100000
0,681,68100000,68100100,1231,12311,68200000,68200000
0,682,68200000,68200100,1231,12311,68300000,68300000
0,683,68300000,68300100,1231,12311,68400000,68400000
0,684,68400000,68400100,1231,12311,68500000,68500000
0,685,68500000,68500100,1231,12311,68600000,68600000
0,686,68600000,68600100,1231,12311,68700000,68700000
0,687,68700000,68700100,1231,12311,68800000,68800000
0,688,68800000,68800100,1231,12311,68900000,68900000
0,689,68900000,68900100,1231,12311,69000000,69000000
0,690,69000000,69000100,1231,12311,69100000,69100000
0,691,69100000,69100100,1231,12311,69200000,69200000
0,692,69200000,69200100,1231,12311,69300000,69300000
0,693,69300000,69300100,1231,12311,69400000,69400000
0,694,69400000,69400100,1231,12311,69500000,69500000
0,695,69500000,69500100,1231,12311,69600000,69600000
0,696,69600000,69600100,1231,12311,69700000,69700000
0,697,69700000,69700100,1231,12311,69800000,69800000
0,698,69800000,69800100,1231,12311,69900000,69900000
0,699,69900000,69900100,1231,12311,70000000,70000000
0,700,70000000,70000100,1231,12311,70100000,70100000
0,701,70100000,70100100,1231,12311,70200000,70200000
0,702,70200000,70200100,1231,12311,70300000,70300000
0,703,70300000,70300100,1231,12311,70400000,70400000
0,704,70400000,70400100,1231,12311,70500000,70500000
0,705,70500000,70500100,1231,12311,70600000,70600000
0,706,70600000,70600100,1231,12311,70700000,70700000
0,707,70700000,70700100,1231,12311,70800000,70800000
0,708,70800000,70800100,1231,12311,70900000,70900000
0,709,70900000,70900100,1231,12311,71000000,71000000
0,710,71000000,71000100,1231,12311,71100000,71100000
0,711,71100000,71100100,1231,12311,71200000,71200000
0,712,71200000,71200100,1231,12311,71300000,71300000
0,713,71300000,71300100,1231,12311,71400000,71400000
0,714,71400000,71400100,1231,12311,71500000,71500000
0,715,71500000,71500100,1231,12311,71600000,71600000
0,716,71600000,71600100,1231,12311,71700000,71700000
0,717,71700000,71700100,1231,12311,71800000,71800000
0,718,71800000,71800100,1231,12311,71900000,71900000
0,719,71900000,71900100,1231,12311,72000000,72000000
0,720,72000000,72000100,1231,12311,72100000,72100000
0,721,72100000,72100100,1231,12311,72200000,72200000
0,722,72200000,72200100,1231,12311,72300000,72300000
0,723,72300000,72300100,1231,12311,72400000,72400000
0,724,72400000,72400100,1231,12311,72500000,72500000
0,725,72500000,72500100,1231,12311,72600000,72600000
0,726,72600000,72600100,1231,12311,72700000,72700000
0,727,72700000,72700100,1231,12311,72800000,72800000
0,728,72800000,72800100,1231,12311,72900000,72900000
0,729,72900000,72900100,1231,12311,73000000,73000000
0,730,73000000,73000100,1231,12311,73100000,73100000
0,731,73100000,73100100,1231,12311,73200000,73200000
0,732,73200000,73200100,1231,12311,73300000,73300000
0,733,73300000,73300100,1231,12311,73400000,73400000
0,734,73400000,73400100,1231,12311,73500000,73500000
0,735,73500000,73500100,1231,12311,73600000,73600000
0,736,73600000,73600100,1231,12311,73700000,73700000
0,737,73700000,73700100,1231,12311,73800000,73800000
0,738,73800000,73800100,1231,12311,73900000,73900000
0,739,73900000,73900100,1231,12311,74000000,74000000
0,740,74000000,74000100,1231,12311,74100000,74100000
0,741,74100000,74100100,1231,12311,74200000,74200000
0,742,74200000,74200100,1231,12311,74300000,74300000
0,743,74300000,74300100,1231,12311,74400000,74400000
0,744,74400000,74400100,1231,12311,74500000,74500000
0,745,74500000,74500100,1231,12311,74600000,74600000
0,746,74600000,74600100,1231,12311,74700000,74700000
0,747,74700000,74700100,1231,12311,74800000,74800000
0,748,74800000,74800100,1231,12311,74900000,74900000
0,749,74900000,74900100,1231,12311,75000000,75000000
0,750,75000000,75000100,1231,12311,75100000,75100000
0,751,75100000,75100100,1231,12311,75200000,75200000
0,752,75200000,75200100,1231,12311,75300000,75300000
0,753,75300000,75300100,1231,12311,75400000,75400000
0,754,75400000,75400100,1231,12311,75500000,75500000
0,755,75500000,75500100,1231,12311,75600000,75600000
0,756,75600000,75600100,1231,12311,75700000,75700000
0,757,75700000,75700100,1231,12311,75800000,75800000
0,758,75800000,75800100,1231,12311,75900000,75900000
0,759,75900000,75900100,1231,12311,76000000,76000000
0,760,76000000,76000100,1231,12311,76100000,76100000
0,761,76100000,76100100,1231,12311,76200000,76200000
0,762,76200000,76200100,1231,12311,76300000,76300000
0,763,76300000,76300100,1231,12311,76400000,76400000
0,764,76400000,76400100,1231,12311,76500000,76500000
0,765,76500000,76500100,1231,12311,76600000,76600000
0,766,76600000,76600100,1231,12311,76700000,76700000
0,767,76700000,76700100,1231,12311,76800000,76800000
0,768,76800000,76800100,1231,12311,76900000,76900000
0,769,76900000,76900100,1231,12311,77000000,77000000
0,770,77000000,77000100,1231,12311,77100000,77100000
0,771,77100000,77100100,1231,12311,77200000,77200000
0,772,77200000,77200100,1231,12311,77300000,77300000
0,773,77300000,77300100,1231,12311,77400000,77400000
0,774,77400000,77400100,1231,12311,77500000,77500000
0,775,77500000,77500100,1231,12311,77600000,77600000
0,776,77600000,77600100,1231,12311,77700000,77700000
0,777,77700000,77700100,1231,12311,77800000,77800000
0,778,77800000,77800100,1231,12311,77900000,77900000
0,779,77900000,77900100,1231,12311,78000000,78000000
0,780,78000000,78000100,1231,12311,78100000,78100000
0,781,78100000,78100100,1231,12311,78200000,78200000
0,782,78200000,78200100,1231,12311,78300000,78300000
0,783,78300000,78300100,1231,12311,78400000,78400000
0,784,78400000,78400100,1231,12311,78500000,78500000
0,785,78500000,78500100,1231,12311,78600000,78600000
0,786,78600000,78600100,1231,12311,78700000,78700000
0,787,78700000,78700100,1231,12311,78800000,78800000
0,788,78800000,78800100,1231,12311,78900000,78900000
0,789,78900000,78900100,1231,12311,79000000,79000000
0,790,79000000,79000100,1231,12311,79100000,79100000
0,791,79100000,79100100,1231,12311,79200000,79200000
0,792,79200000,79200100,1231,12311,79300000,79300000
0,793,79300000,79300100,1231,12311,79400000,79400000
0,794,79400000,79400100,1231,12311,79500000,79500000
0,795,79500000,79500100,1231,12311,79600000,79600000
0,796,79600000,79600100,1231,12311,79700000,79700000
0,797,79700000,79700100,1231,12311,79800000,79800000
0,798,79800000,79800100,1231,12311,79900000,79900000
0,799,79900000,79900100,1231,12311,80000000,80000000
0,800,80000000,80000100,1231,12311,80100000,80100000
0,801,80100000,80100100,1231,12311,80200000,80200000
0,802,80200000,80200100,1231,12311,80300000,80300000
0,803,80300000,80300100,1231,12311,80400000,80400000
0,804,80400000,80400100,1231,12311,80500000,80500000
0,805,80500000,80500100,1231,12311,80600000,80600000
0,806,80600000,80600100,1231,12311,80700000,80700000
0,807,80700000,80700100,1231,12311,80800000,80800000
0,808,80800000,80800100,1231,12311,80900000,80900000
0,809,80900000,80900100,1231,12311,81000000,81000000
0,810,81000000,81000100,1231,12311,81100000,81100000
0,811,81100000,81100100,1231,12311,81200000,81200000
0,812,81200000,81200100,1231,12311,81300000,81300000
0,813,81300000,81300100,1231,12311,81400000,81400000
0,814,81400000,81400100,1231,12311,81500000,81500000
0,815,81500000,81500100,1231,12311,81600000,81600000
0,816,81600000,81600100,1231,12311,81700000,81700000
0,817,81700000,81700100,1231,12311,81800000,81800000
0,818,81800000,81800100,1231,12311,81900000,81900000
0,819,81900000,81900100,1231,12311,82000000,82000000
0,820,82000000,82000100,1231,12311,82100000,82100000
0,821,82100000,82100100,1231,12311,82200000,82200000
0,822,82200000,82200100,1231,12311,82300000,82300000
0,823,82300000,82300100,1231,12311,82400000,82400000
0,824,82400000,82400100,1231,12311,82500000,82500000
0,825,82500000,82500100,1231,12311,82600000,82600000
0,826,82600000,82600100,1231,12311,82700000,82700000
0,827,82700000,82700100,1231,12311,82800000,82800000
0,828,82800000,82800100,1231,12311,82900000,82900000
0,829,82900000,82900100,1231,12311,83000000,83000000
0,830,83000000,83000100,1231,12311,83100000,83100000
0,831,83100000,83100100,1231,12311,83200000,83200000
0,832,83200000,83200100,1231,12311,83300000,83300000
0,833,83300000,83300100,1231,12311,83400000,83400000
0,834,83400000,83400100,1231,12311,83500000,83500000
0,835,83500000,83500100,1231,12311,83600000,83600000
0,836,83600000,83600100,1231,12311,83700000,83700000
0,837,83700000,83700100,1231,12311,83800000,83800000
0,838,83800000,83800100,1231,12311,83900000,83900000
0,839,83900000,83900100,1231,12311,84000000,84000000
0,840,84000000,84000100,1231,12311,84100000,84100000
0,841,84100000,84100100,1231,12311,84200000,84200000
0,842,84200000,84200100,1231,12311,84300000,84300000
0,843,84300000,84300100,1231,12311,84400000,84400000
0,844,84400000,84400100,1231,12311,84500000,84500000
0,845,84500000,84500100,1231,12311,84600000,84600000
0,846,84600000,84600100,1231,12311,84700000,84700000
0,847,84700000,84700100,1231,12311,84800000,84800000
0,848,84800000,84800100,1231,12311,84900000,84900000
0,849,84900000,84900100,1231,12311,85000000,85000000
0,850,85000000,85000100,1231,12311,85100000,85100000
0,851,85100000,85100100,1231,12311,85200000,85200000
0,852,85200000,85200100,1231,12311,85300000,85300000
0,853,85300000,85300100,1231,12311,85400000,85400000
0,854,85400000,85400100,1231,12311,85500000,85500000
0,855,85500000,85500100,1231,12311,85600000,85600000
0,856,85600000,85600100,1231,12311,85700000,85700000
0,857,85700000,85700100,1231,12311,85800000,85800000
0,858,85800000,85800100,1231,12311,85900000,85900000
0,859,85900000,85900100,1231,12311,86000000,86000000
0,860,86000000,86000100,1231,12311,86100000,86100000
0,861,86100000,86100100,1231,12311,86200000,86200000
0,862,86200000,86200100,1231,12311,86300000,86300000
0,863,86300000,86300100,1231,12311,86400000,86400000
0,864,86400000,86400100,1231,12311,86500000,86500000
0,865,86500000,86500100,1231,12311,86600000,86600000
0,866,86600000,86600100,1231,12311,86700000,86700000
0,867,86700000,86700100,1231,12311,86800000,86800000
0,868,86800000,86800100,1231,12311,86900000,86900000
0,869,86900000,86900100,1231,12311,87000000,87000000
0,870,87000000,87000100,1231,12311,87100000,87100000
0,871,87100000,87100100,1231,12311,87200000,87200000
0,872,87200000,87200100,1231,12311,87300000,87300000
0,873,87300000,87300100,1231,12311,87400000,87400000
0,874,87400000,87400100,1231,12311,87500000,87500000
0,875,87500000,87500100,1231,12311,87600000,87600000
0,876,87600000,87600100,1231,12311,87700000,87700000
0,877,87700000,87700100,1231,12311,87800000,87800000
0,878,87800000,87800100,1231,12311,87900000,87900000
0,879,87900000,87900100,1231,12311,88000000,88000000
0,880,88000000,88000100,1231,12311,88100000,88100000
0,881,88100000,88100100,1231,12311,88200000,88200000
0,882,88200000,88200100,1231,12311,88300000,88300000
0,883,88300000,88300100,1231,12311,88400000,88400000
0,884,88400000,88400100,1231,12311,88500000,88500000
0,885,88500000,88500100,1231,12311,88600000,88600000
0,886,88600000,88600100,1231,12311,88700000,88700000
0,887,88700000,88700100,1231,12311,88800000,88800000
0,888,88800000,88800100,1231,12311,88900000,88900000
0,889,88900000,88900100,1231,12311,89000000,89000000
0,890,89000000,89000100,1231,12311,89100000,89100000
0,891,89100000,89100100,1231,12311,89200000,89200000
0,892,89200000,89200100,1231,12311,89300000,89300000
0,893,89300000,89300100,1231,12311,89400000,89400000
0,894,89400000,89400100,1231,12311,89500000,89500000
0,895,89500000,89500100,1231,12311,89600000,89600000
0,896,89600000,89600100,1231,12311,89700000,89700000
0,897,89700000,89700100,1231,12311,89800000,89800000
0,898,89800000,89800100,1231,12311,89900000,89900000
0,899,89900000,89900100,1231,12311,90000000,90000000
0,900,90000000,90000100,1231,12311,90100000,90100000
0,901,90100000,90100100,1231,12311,90200000,90200000
0,902,90200000,90200100,1231,12311,90300000,90300000
0,903,90300000,90300100,1231,12311,90400000,90400000
0,904,90400000,90400100,1231,12311,90500000,90500000
0,905,90500000,90500100,1231,12311,90600000,90600000
0,906,90600000,90600100,1231,12311,90700000,90700000
0,907,90700000,90700100,1231,12311,90800000,90800000
0,908,90800000,90800100,1231,12311,90900000,90900000
0,909,90900000,90900100,1231,12311,91000000,91000000
0,910,91000000,91000100,1231,12311,91100000,91100000
0,911,91100000,91100100,1231,12311,91200000,91200000
0,912,91200000,91200100,1231,12311,91300000,91300000
0,913,91300000,91300100,1231,12311,91400000,91400000
0,914,91400000,91400100,1231,12311,91500000,91500000
0,915,91500000,91500100,1231,12311,91600000,91600000
0,916,91600000,91600100,1231,12311,91700000,91700000
0,917,91700000,91700100,1231,12311,91800000,91800000
0,918,91800000,91800100,1231,12311,91900000,91900000
0,919,91900000,91900100,1231,12311,92000000,92000000
0,920,92000000,92000100,1231,12311,92100000,92100000
0,921,92100000,92100100,1231,12311,92200000,92200000
0,922,92200000,92200100,1231,12311,92300000,92300000
0,923,92300000,92300100,1231,12311,92400000,92400000
0,924,92400000,92400100,1231,12311,92500000,92500000
0,925,92500000,92500100,1231,12311,92600000,92600000
0,926,92600000,92600100,1231,12311,92700000,92700000
0,927,92700000,92700100,1231,12311,92800000,92800000
0,928,92800000,92800100,1231,12311,92900000,92900000
0,929,92900000,92900100,1231,12311,93000000,93000000
0,930,93000000,93000100,1231,12311,93100000,93100000
0,931,93100000,93100100,1231,12311,93200000,93200000
0,932,93200000,93200100,1231,12311,93300000,93300000
0,933,93300000,93300100,1231,12311,93400000,93400000
0,934,93400000,93400100,1231,12311,93500000,93500000
0,935,93500000,93500100,1231,12311,93600000,93600000
0,936,93600000,93600100,1231,12311,93700000,93700000
0,937,93700000,93700100,1231,12311,93800000,93800000
0,938,93800000,93800100,1231,12311,93900000,93900000
0,939,93900000,93900100,1231,12311,94000000,94000000
0,940,94000000,94000100,1231,12311,94100000,94100000
0,941,94100000,94100100,1231,12311,94200000,94200000
0,942,94200000,94200100,1231,12311,94300000,94300000
0,943,94300000,94300100,1231,12311,94400000,94400000
0,944,94400000,94400100,1231,12311,94500000,94500000
0,945,94500000,94500100,1231,12311,94600000,94600000
0,946,94600000,94600100,1231,12311,94700000,94700000
0,947,94700000,94700100,1231,12311,94800000,94800000
0,948,94800000,94800100,1231,12311,94900000,94900000
0,949,94900000,94900100,1231,12311,95000000,95000000
0,950,95000000,95000100,1231,12311,95100000,95100000
0,951,95100000,95100100,1231,12311,95200000,95200000
0,952,95200000,95200100,1231,12311,95300000,95300000
0,953,95300000,95300100,1231,12311,95400000,95400000
0,954,95400000,95400100,1231,12311,95500000,95500000
0,955,95500000,95500100,1231,12311,95600000,95600000
0,956,95600000,95600100,1231,12311,95700000,95700000
0,957,95700000,95700100,1231,12311,95800000,95800000
0,958,95800000,95800100,1231,12311,95900000,95900000
0,959,95900000,95900100,1231,12311,96000000,96000000
0,960,96000000,96000100,1231,12311,96100000,96100000
0,961,96100000,96100100,1231,12311,96200000,96200000
0,962,96200000,96200100,1231,12311,96300000,96300000
0,963,96300000,96300100,1231,12311,96400000,96400000
0,964,96400000,96400100,1231,12311,96500000,96500000
0,965,96500000,96500100,1231,12311,96600000,96600000
0,966,96600000,96600100,1231,12311,96700000,96700000
0,967,96700000,96700100,1231,12311,96800000,96800000
0,968,96800000,96800100,1231,12311,96900000,96900000
0,969,96900000,96900100,1231,12311,97000000,97000000
0,970,97000000,97000100,1231,12311,97100000,97100000
0,971,97100000,97100100,1231,12311,97200000,97200000
0,972,97200000,97200100,1231,12311,97300000,97300000
0,973,97300000,97300100,1231,12311,97400000,97400000
0,974,97400000,97400100,1231,12311,97500000,97500000
0,975,97500000,97500100,1231,12311,97600000,97600000
0,976,97600000,97600100,1231,12311,97700000,97700000
0,977,97700000,97700100,1231,12311,97800000,97800000
0,978,97800000,97800100,1231,12311,97900000,97900000
0,979,97900000,97900100,1231,12311,98000000,98000000
0,980,98000000,98000100,1231,12311,98100000,98100000
0,981,98100000,98100100,1231,12311,98200000,98200000
0,982,98200000,98200100,1231,12311,98300000,98300000
0,983,98300000,98300100,1231,12311,98400000,98400000
0,984,98400000,98400100,1231,12311,98500000,98500000
0,985,98500000,98500100,1231,12311,98600000,98600000
0,986,98600000,98600100,1231,12311,98700000,98700000
0,987,98700000,98700100,1231,12311,98800000,98800000
0,988,98800000,98800100,1231,12311,98900000,98900000
0,989,98900000,98900100,1231,12311,99000000,99000000
0,990,99000000,99000100,1231,12311,99100000,99100000
0,991,99100000,99100100,1231,12311,99200000,99200000
0,992,99200000,99200100,1231,12311,99300000,99300000
0,993,99300000,99300100,1231,12311,99400000,99400000
0,994,99400000,99400100,1231,12311,99500000,99500000
0,995,99500000,99500100,1231,12311,99600000,99600000
0,996,99600000,99600100,1231,12311,99700000,99700000
0,997,99700000,99700100,1231,12311,99800000,99800000
0,998,99800000,99800100,1231,12311,99900000,99900000
0,999,99900000,99900100,1231,12311,100000000,100000000
0,1000,100000000,100000100,1231,12311,100100000,100100000
0,1001,100100000,100100100,1231,12311,100200000,100200000
0,1002,100200000,100200100,1231,12311,100300000,100300000
0,1003,100300000,100300100,1231,12311,100400000,100400000
0,1004,100400000,100400100,1231,12311,100500000,100500000
0,1005,100500000,100500100,1231,12311,100600000,100600000
0,1006,100600000,100600100,1231,12311,100700000,100700000
0,1007,100700000,100700100,1231,12311,100800000,100800000
0,1008,100800000,100800100,1231,12311,100900000,100900000
0,1009,100900000,100900100,1231,12311,101000000,101000000
0,1010,101000000,101000100,1231,12311,101100000,101100000
0,1011,101100000,101100100,1231,12311,101200000,101200000
0,1012,101200000,101200100,1231,12311,101300000,101300000
0,1013,101300000,101300100,1231,12311,101400000,101400000
0,1014,101400000,101400100,1231,12311,101500000,101500000
0,1015,101500000,101500100,1231,12311,101600000,101600000
0,1016,101600000,101600100,1231,12311,101700000,101700000
0,1017,101700000,101700100,1231,12311,101800000,101800000
0,1018,101800000,101800100,1231,12311,101900000,101900000
0,1019,101900000,101900100,1231,12311,102000000,102000000
0,1020,102000000,102000100,1231,12311,102100000,102100000
0,1021,102100000,102100100,1231,12311,102200000,102200000
0,1022,102200000,102200100,1231,12311,102300000,102300000
0,1023,102300000,102300100,1231,12311,102400000,102400000
0,1024,102400000,102400100,1231,12311,102500000,102500000
0,1025,102500000,102500100,1231,12311,102600000,102600000
0,1026,102600000,102600100,1231,12311,102700000,102700000
0,1027,102700000,102700100,1231,12311,102800000,102800000
0,1028,102800000,102800100,1231,12311,102900000,102900000
0,1029,102900000,102900100,1231,12311,103000000,103000000
0,1030,103000000,103000100,1231,12311,103100000,103100000
0,1031,103100000,103100100,1231,12311,103200000,103200000
0,1032,103200000,103200100,1231,12311,103300000,103300000
0,1033,103300000,103300100,1231,12311,103400000,103400000
0,1034,103400000,103400100,1231,12311,103500000,103500000
0,1035,103500000,103500100,1231,12311,103600000,103600000
0,1036,103600000,103600100,1231,12311,103700000,103700000
0,1037,103700000,103700100,1231,12311,103800000,103800000
0,1038,103800000,103800100,1231,12311,103900000,103900000
0,1039,103900000,103900100,1231,12311,104000000,104000000
0,1040,104000000,104000100,1231,12311,104100000,104100000
0,1041,104100000,104100100,1231,12311,104200000,104200000
0,1042,104200000,104200100,1231,12311,104300000,104300000
0,1043,104300000,104300100,1231,12311,104400000,104400000
0,1044,104400000,104400100,1231,12311,104500000,104500000
0,1045,104500000,104500100,1231,12311,104600000,104600000
0,1046,104600000,104600100,1231,12311,104700000,104700000
0,1047,104700000,104700100,1231,12311,104800000,104800000
0,1048,104800000,104800100,1231,12311,104900000,104900000
0,1049,104900000,104900100,1231,12311,105000000,105000000
0,1050,105000000,105000100,1231,12311,105100000,105100000
0,1051,105100000,105100100,1231,12311,105200000,105200000
0,1052,105200000,105200100,1231,12311,105300000,105300000
0,1053,105300000,105300100,1231,12311,105400000,105400000
0,1054,105400000,105400100,1231,12311,105500000,105500000
0,1055,105500000,105500100,1231,12311,105600000,105600000
0,1056,105600000,105600100,1231,12311,105700000,105700000
0,1057,105700000,105700100,1231,12311,105800000,105800000
0,1058,105800000,105800100,1231,12311,105900000,105900000
0,1059,105900000,105900100,1231,12311,106000000,106000000
0,1060,106000000,106000100,1231,12311,106100000,106100000
0,1061,106100000,106100100,1231,12311,106200000,106200000
0,1062,106200000,106200100,1231,12311,106300000,106300000
0,1063,106300000,106300100,1231,12311,106400000,106400000
0,1064,106400000,106400100,1231,12311,106500000,106500000
0,1065,106500000,106500100,1231,12311,106600000,106600000
0,1066,106600000,106600100,1231,12311,106700000,106700000
0,1067,106700000,106700100,1231,12311,106800000,106800000
0,1068,106800000,106800100,1231,12311,106900000,106900000
0,1069,106900000,106900100,1231,12311,107000000,107000000
0,1070,107000000,107000100,1231,12311,107100000,107100000
0,1071,107100000,107100100,1231,12311,107200000,107200000
0,1072,107200000,107200100,1231,12311,107300000,107300000
0,1073,107300000,107300100,1231,12311,107400000,107400000
0,1074,107400000,107400100,1231,12311,107500000,107500000
0,1075,107500000,107500100,1231,12311,107600000,107600000
0,1076,107600000,107600100,1231,12311,107700000,107700000
0,1077,107700000,107700100,1231,12311,107800000,107800000
0,1078,107800000,107800100,1231,12311,107900000,107900000
0,1079,107900000,107900100,1231,12311,108000000,108000000
0,1080,108000000,108000100,1231,12311,108100000,108100000
0,1081,108100000,108100100,1231,12311,108200000,108200000
0,1082,108200000,108200100,1231,12311,108300000,108300000
0,1083,108300000,108300100,1231,12311,108400000,108400000
0,1084,108400000,108400100,1231,12311,108500000,108500000
0,1085,108500000,108500100,1231,12311,108600000,108600000
0,1086,108600000,108600100,1231,12311,108700000,108700000
0,1087,108700000,108700100,1231,12311,108800000,108800000
0,1088,108800000,108800100,1231,12311,108900000,108900000
0,1089,108900000,108900100,1231,12311,109000000,109000000
0,1090,109000000,109000100,1231,12311,109100000,109100000
0,1091,109100000,109100100,1231,12311,109200000,109200000
0,1092,109200000,109200100,1231,12311,109300000,109300000
0,1093,109300000,109300100,1231,12311,109400000,109400000
0,1094,109400000,109400100,1231,12311,109500000,109500000
0,1095,109500000,109500100,1231,12311,109600000,109600000
0,1096,109600000,109600100,1231,12311,109700000,109700000
0,1097,109700000,109700100,1231,12311,109800000,109800000
0,1098,109800000,109800100,1231,12311,109900000,109900000
0,1099,109900000,109900100,1231,12311,110000000,110000000
0,1100,110000000,110000100,1231,12311,110100000,110100000
0,1101,110100000,110100100,1231,12311,110200000,110200000
0,1102,110200000,110200100,1231,12311,110300000,110300000
0,1103,110300000,110300100,1231,12311,110400000,110400000
0,1104,110400000,110400100,1231,12311,110500000,110500000
0,1105,110500000,110500100,1231,12311,110600000,110600000
0,1106,110600000,110600100,1231,12311,110700000,110700000
0,1107,110700000,110700100,1231,12311,110800000,110800000
0,1108,110800000,110800100,1231,12311,110900000,110900000
0,1109,110900000,110900100,1231,12311,111000000,111000000
0,1110,111000000,111000100,1231,12311,111100000,111100000
0,1111,111100000,111100100,1231,12311,111200000,111200000
0,1112,111200000,111200100,1231,12311,111300000,111300000
0,1113,111300000,111300100,1231,12311,111400000,111400000
0,1114,111400000,111400100,1231,12311,111500000,111500000
0,1115,111500000,111500100,1231,12311,111600000,111600000
0,1116,111600000,111600100,1231,12311,111700000,111700000
0,1117,111700000,111700100,1231,12311,111800000,111800000
0,1118,111800000,111800100,1231,12311,111900000,111900000
0,1119,111900000,111900100,1231,12311,112000000,112000000
0,1120,112000000,112000100,1231,12311,112100000,112100000
0,1121,112100000,112100100,1231,12311,112200000,112200000
0,1122,112200000,112200100,1231,12311,112300000,112300000
0,1123,112300000,112300100,1231,12311,112400000,112400000
0,1124,112400000,112400100,1231,12311,112500000,112500000
0,1125,112500000,112500100,1231,12311,112600000,112600000
0,1126,112600000,112600100,1231,12311,112700000,112700000
0,1127,112700000,112700100,1231,12311,112800000,112800000
0,1128,112800000,112800100,1231,12311,112900000,112900000
0,1129,112900000,112900100,1231,12311,113000000,113000000
0,1130,113000000,113000100,1231,12311,113100000,113100000
0,1131,113100000,113100100,1231,12311,113200000,113200000
0,1132,113200000,113200100,1231,12311,113300000,113300000
0,1133,113300000,113300100,1231,12311,113400000,113400000
0,1134,113400000,113400100,1231,12311,113500000,113500000
0,1135,113500000,113500100,1231,12311,113600000,113600000
0,1136,113600000,113600100,1231,12311,113700000,113700000
0,1137,113700000,113700100,1231,12311,113800000,113800000
0,1138,113800000,113800100,1231,12311,113900000,113900000
0,1139,113900000,113900100,1231,12311,114000000,114000000
0,1140,114000000,114000100,1231,12311,114100000,114100000
0,1141,114100000,114100100,1231,12311,114200000,114200000
0,1142,114200000,114200100,1231,12311,114300000,114300000
0,1143,114300000,114300100,1231,12311,114400000,114400000
0,1144,114400000,114400100,1231,12311,114500000,114500000
0,1145,114500000,114500100,1231,12311,114600000,114600000
0,1146,114600000,114600100,1231,12311,114700000,114700000
0,1147,114700000,114700100,1231,12311,114800000,114800000
0,1148,114800000,114800100,1231,12311,114900000,114900000
0,1149,114900000,114900100,1231,12311,115000000,115000000
0,1150,115000000,115000100,1231,12311,115100000,115100000
0,1151,115100000,115100100,1231,12311,115200000,115200000
0,1152,115200000,115200100,1231,12311,115300000,115300000
0,1153,115300000,115300100,1231,12311,115400000,115400000
0,1154,115400000,115400100,1231,12311,115500000,115500000
0,1155,115500000,115500100,1231,12311,115600000,115600000
0,1156,115600000,115600100,1231,12311,115700000,115700000
0,1157,115700000,115700100,1231,12311,115800000,115800000
0,1158,115800000,115800100,1231,12311,115900000,115900000
0,1159,115900000,115900100,1231,12311,116000000,116000000
0,1160,116000000,116000100,1231,12311,116100000,116100000
0,1161,116100000,116100100,1231,12311,116200000,116200000
0,1162,116200000,116200100,1231,12311,116300000,116300000
0,1163,116300000,116300100,1231,12311,116400000,116400000
0,1164,116400000,116400100,1231,12311,116500000,116500000
0,1165,116500000,116500100,1231,12311,116600000,116600000
0,1166,116600000,116600100,1231,12311,116700000,116700000
0,1167,116700000,116700100,1231,12311,116800000,116800000
0,1168,116800000,116800100,1231,12311,116900000,116900000
0,1169,116900000,116900100,1231,12311,117000000,117000000
0,1170,117000000,117000100,1231,12311,117100000,117100000
0,1171,117100000,117100100,1231,12311,117200000,117200000
0,1172,117200000,117200100,1231,12311,117300000,117300000
0,1173,117300000,117300100,1231,12311,117400000,117400000
0,1174,117400000,117400100,1231,12311,117500000,117500000
0,1175,117500000,117500100,1231,12311,117600000,117600000
0,1176,117600000,117600100,1231,12311,117700000,117700000
0,1177,117700000,117700100,1231,12311,117800000,117800000
0,1178,117800000,117800100,1231,12311,117900000,117900000
0,1179,117900000,117900100,1231,12311,118000000,118000000
0,1180,118000000,118000100,1231,12311,118100000,118100000
0,1181,118100000,118100100,1231,12311,118200000,118200000
0,1182,118200000,118200100,1231,12311,118300000,118300000
0,1183,118300000,118300100,1231,12311,118400000,118400000
0,1184,118400000,118400100,1231,12311,118500000,118500000
0,1185,118500000,118500100,1231,12311,118600000,118600000
0,1186,118600000,118600100,1231,12311,118700000,118700000
0,1187,118700000,118700100,1231,12311,118800000,118800000
0,1188,118800000,118800100,1231,12311,118900000,118900000
0,1189,118900000,118900100,1231,12311,119000000,119000000
0,1190,119000000,119000100,1231,12311,119100000,119100000
0,1191,119100000,119100100,1231,12311,119200000,119200000
0,1192,119200000,119200100,1231,12311,119300000,119300000
0,1193,119300000,119300100,1231,12311,119400000,119400000
0,1194,119400000,119400100,1231,12311,119500000,119500000
0,1195,119500000,119500100,1231,12311,119600000,119600000
0,1196,119600000,119600100,1231,12311,119700000,119700000
0,1197,119700000,119700100,1231,12311,119800000,119800000
0,1198,119800000,119800100,1231,12311,119900000,119900000
0,1199,119900000,119900100,1231,12311,120000000,120000000
0,1200,120000000,120000100,1231,12311,120100000,120100000
0,1201,120100000,120100100,1231,12311,120200000,120200000
0,1202,120200000,120200100,1231,12311,120300000,120300000
0,1203,120300000,120300100,1231,12311,120400000,120400000
0,1204,120400000,120400100,1231,12311,120500000,120500000
0,1205,120500000,120500100,1231,12311,120600000,120600000
0,1206,120600000,120600100,1231,12311,120700000,120700000
0,1207,120700000,120700100,1231,12311,120800000,120800000
0,1208,120800000,120800100,1231,12311,120900000,120900000
0,1209,120900000,120900100,1231,12311,121000000,121000000
0,1210,121000000,121000100,1231,12311,121100000,121100000
0,1211,121100000,121100100,1231,12311,121200000,121200000
0,1212,121200000,121200100,1231,12311,121300000,121300000
0,1213,121300000,121300100,1231,12311,121400000,121400000
0,1214,121400000,121400100,1231,12311,121500000,121500000
0,1215,121500000,121500100,1231,12311,121600000,121600000
0,1216,121600000,121600100,1231,12311,121700000,121700000
0,1217,121700000,121700100,1231,12311,121800000,121800000
0,1218,121800000,121800100,1231,12311,121900000,121900000
0,1219,121900000,121900100,1231,12311,122000000,122000000
0,1220,122000000,122000100,1231,12311,122100000,122100000
0,1221,122100000,122100100,1231,12311,122200000,122200000
0,1222,122200000,122200100,1231,12311,122300000,122300000
0,1223,122300000,122300100,1231,12311,122400000,122400000
0,1224,122400000,122400100,1231,12311,122500000,122500000
0,1225,122500000,122500100,1231,12311,122600000,122600000
0,1226,122600000,122600100,1231,12311,122700000,122700000
0,1227,122700000,122700100,1231,12311,122800000,122800000
0,1228,122800000,122800100,1231,12311,122900000,122900000
0,1229,122900000,122900100,1231,12311,123000000,123000000
0,1230,123000000,123000100,1231,12311,123100000,123100000
0,1231,123100000,123100100,1231,12311,123200000,123200000
0,1232,123200000,123200100,1231,12311,123300000,123300000
0,1233,123300000,123300100,1231,12311,123400000,123400000
0,1234,123400000,123400100,1231,12311,123500000,123500000
0,1235,123500000,123500100,1231,12311,123600000,123600000
0,1236,123600000,123600100,1231,12311,123700000,123700000
0,1237,123700000,123700100,1231,12311,123800000,123800000
0,1238,123800000,123800100,1231,12311,123900000,123900000
0,1239,123900000,123900100,1231,12311,124000000,124000000
0,1240,124000000,124000100,1231,12311,124100000,124100000
0,1241,124100000,124100100,1231,12311,124200000,124200000
0,1242,124200000,124200100,1231,12311,124300000,124300000
0,1243,124300000,124300100,1231,12311,124400000,124400000
0,1244,124400000,124400100,1231,12311,124500000,124500000
0,1245,124500000,124500100,1231,12311,124600000,124600000
0,1246,124600000,124600100,1231,12311,124700000,124700000
0,1247,124700000,124700100,1231,12311,124800000,124800000
0,1248,124800000,124800100,1231,12311,124900000,124900000
0,1249,124900000,124900100,1231,12311,125000000,125000000
0,1250,125000000,125000100,1231,12311,125100000,125100000
0,1251,125100000,125100100,1231,12311,125200000,125200000
0,1252,125200000,125200100,1231,12311,125300000,125300000
0,1253,125300000,125300100,1231,12311,125400000,125400000
0,1254,125400000,125400100,1231,12311,125500000,125500000
0,1255,125500000,125500100,1231,12311,125600000,125600000
0,1256,125600000,125600100,1231,12311,125700000,125700000
0,1257,125700000,125700100,1231,12311,125800000,125800000
0,1258,125800000,125800100,1231,12311,125900000,125900000
0,1259,125900000,125900100,1231,12311,126000000,126000000
0,1260,126000000,126000100,1231,12311,126100000,126100000
0,1261,126100000,126100100,1231,12311,126200000,126200000
0,1262,126200000,126200100,1231,12311,126300000,126300000
0,1263,126300000,126300100,1231,12311,126400000,126400000
0,1264,126400000,126400100,1231,12311,126500000,126500000
0,1265,126500000,126500100,1231,12311,126600000,126600000
0,1266,126600000,126600100,1231,12311,126700000,126700000
0,1267,126700000,126700100,1231,12311,126800000,126800000
0,1268,126800000,126800100,1231,12311,126900000,126900000
0,1269,126900000,126900100,1231,12311,127000000,127000000
0,1270,127000000,127000100,1231,12311,127100000,127100000
0,1271,127100000,127100100,1231,12311,127200000,127200000
0,1272,127200000,127200100,1231,12311,127300000,127300000
0,1273,127300000,127300100,1231,12311,127400000,127400000
0,1274,127400000,127400100,1231,12311,127500000,127500000
0,1275,127500000,127500100,1231,12311,127600000,127600000
0,1276,127600000,127600100,1231,12311,127700000,127700000
0,1277,127700000,127700100,1231,12311,127800000,127800000
0,1278,127800000,127800100,1231,12311,127900000,127900000
0,1279,127900000,127900100,1231,12311,128000000,128000000
0,1280,128000000,128000100,1231,12311,128100000,128100000
0,1281,128100000,128100100,1231,12311,128200000,128200000
0,1282,128200000,128200100,1231,12311,128300000,128300000
0,1283,128300000,128300100,1231,12311,128400000,128400000
0,1284,128400000,128400100,1231,12311,128500000,128500000
0,1285,128500000,128500100,1231,12311,128600000,128600000
0,1286,128600000,128600100,1231,12311,128700000,128700000
0,1287,128700000,128700100,1231,12311,128800000,128800000
0,1288,128800000,128800100,1231,12311,128900000,128900000
0,1289,128900000,128900100,1231,12311,129000000,129000000
0,1290,129000000,129000100,1231,12311,129100000,129100000
0,1291,129100000,129100100,1231,12311,129200000,129200000
0,1292,129200000,129200100,1231,12311,129300000,129300000
0,1293,129300000,129300100,1231,12311,129400000,129400000
0,1294,129400000,129400100,1231,12311,129500000,129500000
0,1295,129500000,129500100,1231,12311,129600000,129600000
0,1296,129600000,129600100,1231,12311,129700000,129700000
0,1297,129700000,129700100,1231,12311,129800000,129800000
0,1298,129800000,129800100,1231,12311,129900000,129900000
0,1299,129900000,129900100,1231,12311,130000000,130000000
0,1300,130000000,130000100,1231,12311,130100000,130100000
0,1301,130100000,130100100,1231,12311,130200000,130200000
0,1302,130200000,130200100,1231,12311,130300000,130300000
0,1303,130300000,130300100,1231,12311,130400000,130400000
0,1304,130400000,130400100,1231,12311,130500000,130500000
0,1305,130500000,130500100,1231,12311,130600000,130600000
0,1306,130600000,130600100,1231,12311,130700000,130700000
0,1307,130700000,130700100,1231,12311,130800000,130800000
0,1308,130800000,130800100,1231,12311,130900000,130900000
0,1309,130900000,130900100,1231,12311,131000000,131000000
0,1310,131000000,131000100,1231,12311,131100000,131100000
0,1311,131100000,131100100,1231,12311,131200000,131200000
0,1312,131200000,131200100,1231,12311,131300000,131300000
0,1313,131300000,131300100,1231,12311,131400000,131400000
0,1314,131400000,131400100,1231,12311,131500000,131500000
0,1315,131500000,131500100,1231,12311,131600000,131600000
0,1316,131600000,131600100,1231,12311,131700000,131700000
0,1317,131700000,131700100,1231,12311,131800000,131800000
0,1318,131800000,131800100,1231,12311,131900000,131900000
0,1319,131900000,131900100,1231,12311,132000000,132000000
0,1320,132000000,132000100,1231,12311,132100000,132100000
0,1321,132100000,132100100,1231,12311,132200000,132200000
0,1322,132200000,132200100,1231,12311,132300000,132300000
0,1323,132300000,132300100,1231,12311,132400000,132400000
0,1324,132400000,132400100,1231,12311,132500000,132500000
0,1325,132500000,132500100,1231,12311,132600000,132600000
0,1326,132600000,132600100,1231,12311,132700000,132700000
0,1327,132700000,132700100,1231,12311,132800000,132800000
0,1328,132800000,132800100,1231,12311,132900000,132900000
0,1329,132900000,132900100,1231,12311,133000000,133000000
0,1330,133000000,133000100,1231,12311,133100000,133100000
0,1331,133100000,133100100,1231,12311,133200000,133200000
0,1332,133200000,133200100,1231,12311,133300000,133300000
0,1333,133300000,133300100,1231,12311,133400000,133400000
0,1334,133400000,133400100,1231,12311,133500000,133500000
0,1335,133500000,133500100,1231,12311,133600000,133600000
0,1336,133600000,133600100,1231,12311,133700000,133700000
0,1337,133700000,133700100,1231,12311,133800000,133800000
0,1338,133800000,133800100,1231,12311,133900000,133900000
0,1339,133900000,133900100,1231,12311,134000000,134000000
0,1340,134000000,134000100,1231,12311,134100000,134100000
0,1341,134100000,134100100,1231,12311,134200000,134200000
0,1342,134200000,134200100,1231,12311,134300000,134300000
0,1343,134300000,134300100,1231,12311,134400000,134400000
0,1344,134400000,134400100,1231,12311,134500000,134500000
0,1345,134500000,134500100,1231,12311,134600000,134600000
0,1346,134600000,134600100,1231,12311,134700000,134700000
0,1347,134700000,134700100,1231,12311,134800000,134800000
0,1348,134800000,134800100,1231,12311,134900000,134900000
0,1349,134900000,134900100,1231,12311,135000000,135000000
0,1350,135000000,135000100,1231,12311,135100000,135100000
0,1351,135100000,135100100,1231,12311,135200000,135200000
0,1352,135200000,135200100,1231,12311,135300000,135300000
0,1353,135300000,135300100,1231,12311,135400000,135400000
0,1354,135400000,135400100,1231,12311,135500000,135500000
0,1355,135500000,135500100,1231,12311,135600000,135600000
0,1356,135600000,135600100,1231,12311,135700000,135700000
0,1357,135700000,135700100,1231,12311,135800000,135800000
0,1358,135800000,135800100,1231,12311,135900000,135900000
0,1359,135900000,135900100,1231,12311,136000000,136000000
0,1360,136000000,136000100,1231,12311,136100000,136100000
0,1361,136100000,136100100,1231,12311,136200000,136200000
0,1362,136200000,136200100,1231,12311,136300000,136300000
0,1363,136300000,136300100,1231,12311,136400000,136400000
0,1364,136400000,136400100,1231,12311,136500000,136500000
0,1365,136500000,136500100,1231,12311,136600000,136600000
0,1366,136600000,136600100,1231,12311,136700000,136700000
0,1367,136700000,136700100,1231,12311,136800000,136800000
0,1368,136800000,136800100,1231,12311,136900000,136900000
0,1369,136900000,136900100,1231,12311,137000000,137000000
0,1370,137000000,137000100,1231,12311,137100000,137100000
0,1371,137100000,137100100,1231,12311,137200000,137200000
0,1372,137200000,137200100,1231,12311,137300000,137300000
0,1373,137300000,137300100,1231,12311,137400000,137400000
0,1374,137400000,137400100,1231,12311,137500000,137500000
0,1375,137500000,137500100,1231,12311,137600000,137600000
0,1376,137600000,137600100,1231,12311,137700000,137700000
0,1377,137700000,137700100,1231,12311,137800000,137800000
0,1378,137800000,137800100,1231,12311,137900000,137900000
0,1379,137900000,137900100,1231,12311,138000000,138000000
0,1380,138000000,138000100,1231,12311,138100000,138100000
0,1381,138100000,138100100,1231,12311,138200000,138200000
0,1382,138200000,138200100,1231,12311,138300000,138300000
0,1383,138300000,138300100,1231,12311,138400000,138400000
0,1384,138400000,138400100,1231,12311,138500000,138500000
0,1385,138500000,138500100,1231,12311,138600000,138600000
0,1386,138600000,138600100,1231,12311,138700000,138700000
0,1387,138700000,138700100,1231,12311,138800000,138800000
0,1388,138800000,138800100,1231,12311,138900000,138900000
0,1389,138900000,138900100,1231,12311,139000000,139000000
0,1390,139000000,139000100,1231,12311,139100000,139100000
0,1391,139100000,139100100,1231,12311,139200000,139200000
0,1392,139200000,139200100,1231,12311,139300000,139300000
0,1393,139300000,139300100,1231,12311,139400000,139400000
0,1394,139400000,139400100,1231,12311,139500000,139500000
0,1395,139500000,139500100,1231,12311,139600000,139600000
0,1396,139600000,139600100,1231,12311,139700000,139700000
0,1397,139700000,139700100,1231,12311,139800000,139800000
0,1398,139800000,139800100,1231,12311,139900000,139900000
0,1399,139900000,139900100,1231,12311,140000000,140000000
0,1400,140000000,140000100,1231,12311,140100000,140100000
0,1401,140100000,140100100,1231,12311,140200000,140200000
0,1402,140200000,140200100,1231,12311,140300000,140300000
0,1403,140300000,140300100,1231,12311,140400000,140400000
0,1404,140400000,140400100,1231,12311,140500000,140500000
0,1405,140500000,140500100,1231,12311,140600000,140600000
0,1406,140600000,140600100,1231,12311,140700000,140700000
0,1407,140700000,140700100,1231,12311,140800000,140800000
0,1408,140800000,140800100,1231,12311,140900000,140900000
0,1409,140900000,140900100,1231,12311,141000000,141000000
0,1410,141000000,141000100,1231,12311,141100000,141100000
0,1411,141100000,141100100,1231,12311,141200000,141200000
0,1412,141200000,141200100,1231,12311,141300000,141300000
0,1413,141300000,141300100,1231,12311,141400000,141400000
0,1414,141400000,141400100,1231,12311,141500000,141500000
0,1415,141500000,141500100,1231,12311,141600000,141600000
0,1416,141600000,141600100,1231,12311,141700000,141700000
0,1417,141700000,141700100,1231,12311,141800000,141800000
0,1418,141800000,141800100,1231,12311,141900000,141900000
0,1419,141900000,141900100,1231,12311,142000000,142000000
0,1420,142000000,142000100,1231,12311,142100000,142100000
0,1421,142100000,142100100,1231,12311,142200000,142200000
0,1422,142200000,142200100,1231,12311,142300000,142300000
0,1423,142300000,142300100,1231,12311,142400000,142400000
0,1424,142400000,142400100,1231,12311,142500000,142500000
0,1425,142500000,142500100,1231,12311,142600000,142600000
0,1426,142600000,142600100,1231,12311,142700000,142700000
0,1427,142700000,142700100,1231,12311,142800000,142800000
0,1428,142800000,142800100,1231,12311,142900000,142900000
0,1429,142900000,142900100,1231,12311,143000000,143000000
0,1430,143000000,143000100,1231,12311,143100000,143100000
0,1431,143100000,143100100,1231,12311,143200000,143200000
0,1432,143200000,143200100,1231,12311,143300000,143300000
0,1433,143300000,143300100,1231,12311,143400000,143400000
0,1434,143400000,143400100,1231,12311,143500000,143500000
0,1435,143500000,143500100,1231,12311,143600000,143600000
0,1436,143600000,143600100,1231,12311,143700000,143700000
0,1437,143700000,143700100,1231,12311,143800000,143800000
0,1438,143800000,143800100,1231,12311,143900000,143900000
0,1439,143900000,143900100,1231,12311,144000000,144000000
0,1440,144000000,144000100,1231,12311,144100000,144100000
0,1441,144100000,144100100,1231,12311,144200000,144200000
0,1442,144200000,144200100,1231,12311,144300000,144300000
0,1443,144300000,144300100,1231,12311,144400000,144400000
0,1444,144400000,144400100,1231,12311,144500000,144500000
0,1445,144500000,144500100,1231,12311,144600000,144600000
0,1446,144600000,144600100,1231,12311,144700000,144700000
0,1447,144700000,144700100,1231,12311,144800000,144800000
0,1448,144800000,144800100,1231,12311,144900000,144900000
0,1449,144900000,144900100,1231,12311,145000000,145000000
0,1450,145000000,145000100,1231,12311,145100000,145100000
0,1451,145100000,145100100,1231,12311,145200000,145200000
0,1452,145200000,145200100,1231,12311,145300000,145300000
0,1453,145300000,145300100,1231,12311,145400000,145400000
0,1454,145400000,145400100,1231,12311,145500000,145500000
0,1455,145500000,145500100,1231,12311,145600000,145600000
0,1456,145600000,145600100,1231,12311,145700000,145700000
0,1457,145700000,145700100,1231,12311,145800000,145800000
0,1458,145800000,145800100,1231,12311,145900000,145900000
0,1459,145900000,145900100,1231,12311,146000000,146000000
0,1460,146000000,146000100,1231,12311,146100000,146100000
0,1461,146100000,146100100,1231,12311,146200000,146200000
0,1462,146200000,146200100,1231,12311,146300000,146300000
0,1463,146300000,146300100,1231,12311,146400000,146400000
0,1464,146400000,146400100,1231,12311,146500000,146500000
0,1465,146500000,146500100,1231,12311,146600000,146600000
0,1466,146600000,146600100,1231,12311,146700000,146700000
0,1467,146700000,146700100,1231,12311,146800000,146800000
0,1468,146800000,146800100,1231,12311,146900000,146900000
0,1469,146900000,146900100,1231,12311,147000000,147000000
0,1470,147000000,147000100,1231,12311,147100000,147100000
0,1471,147100000,147100100,1231,12311,147200000,147200000
0,1472,147200000,147200100,1231,12311,147300000,147300000
0,1473,147300000,147300100,1231,12311,147400000,147400000
0,1474,147400000,147400100,1231,12311,147500000,147500000
0,1475,147500000,147500100,1231,12311,147600000,147600000
0,1476,147600000,147600100,1231,12311,147700000,147700000
0,1477,147700000,147700100,1231,12311,147800000,147800000
0,1478,147800000,147800100,1231,12311,147900000,147900000
0,1479,147900000,147900100,1231,12311,148000000,148000000
0,1480,148000000,148000100,1231,12311,148100000,148100000
0,1481,148100000,148100100,1231,12311,148200000,148200000
0,1482,148200000,148200100,1231,12311,148300000,148300000
0,1483,148300000,148300100,1231,12311,148400000,148400000
0,1484,148400000,148400100,1231,12311,148500000,148500000
0,1485,148500000,148500100,1231,12311,148600000,148600000
0,1486,148600000,148600100,1231,12311,148700000,148700000
0,1487,148700000,148700100,1231,12311,148800000,148800000
0,1488,148800000,148800100,1231,12311,148900000,148900000
0,1489,148900000,148900100,1231,12311,149000000,149000000
0,1490,149000000,149000100,1231,12311,149100000,149100000
0,1491,149100000,149100100,1231,12311,149200000,149200000
0,1492,149200000,149200100,1231,12311,149300000,149300000
0,1493,149300000,149300100,1231,12311,149400000,149400000
0,1494,149400000,149400100,1231,12311,149500000,149500000
0,1495,149500000,149500100,1231,12311,149600000,149600000
0,1496,149600000,149600100,1231,12311,149700000,149700000
0,1497,149700000,149700100,1231,12311,149800000,149800000
0,1498,149800000,149800100,1231,12311,149900000,149900000
0,1499,149900000,149900100,1231,12311,150000000,150000000
0,1500,150000000,150000100,1231,12311,150100000,150100000
0,1501,150100000,150100100,1231,12311,150200000,150200000
0,1502,150200000,150200100,1231,12311,150300000,150300000
0,1503,150300000,150300100,1231,12311,150400000,150400000
0,1504,150400000,150400100,1231,12311,150500000,150500000
0,1505,150500000,150500100,1231,12311,150600000,150600000
0,1506,150600000,150600100,1231,12311,150700000,150700000
0,1507,150700000,150700100,1231,12311,150800000,150800000
0,1508,150800000,150800100,1231,12311,150900000,150900000
0,1509,150900000,150900100,1231,12311,151000000,151000000
0,1510,151000000,151000100,1231,12311,151100000,151100000
0,1511,151100000,151100100,1231,12311,151200000,151200000
0,1512,151200000,151200100,1231,12311,151300000,151300000
0,1513,151300000,151300100,1231,12311,151400000,151400000
0,1514,151400000,151400100,1231,12311,151500000,151500000
0,1515,151500000,151500100,1231,12311,151600000,151600000
0,1516,151600000,151600100,1231,12311,151700000,151700000
0,1517,151700000,151700100,1231,12311,151800000,151800000
0,1518,151800000,151800100,1231,12311,151900000,151900000
0,1519,151900000,151900100,1231,12311,152000000,152000000
0,1520,152000000,152000100,1231,12311,152100000,152100000
0,1521,152100000,152100100,1231,12311,152200000,152200000
0,1522,152200000,152200100,1231,12311,152300000,152300000
0,1523,152300000,152300100,1231,12311,152400000,152400000
0,1524,152400000,152400100,1231,12311,152500000,152500000
0,1525,152500000,152500100,1231,12311,152600000,152600000
0,1526,152600000,152600100,1231,12311,152700000,152700000
0,1527,152700000,152700100,1231,12311,152800000,152800000
0,1528,152800000,152800100,1231,12311,152900000,152900000
0,1529,152900000,152900100,1231,12311,153000000,153000000
0,1530,153000000,153000100,1231,12311,153100000,153100000
0,1531,153100000,153100100,1231,12311,153200000,153200000
0,1532,153200000,153200100,1231,12311,153300000,153300000
0,1533,153300000,153300100,1231,12311,153400000,153400000
0,1534,153400000,153400100,1231,12311,153500000,153500000
0,1535,153500000,153500100,1231,12311,153600000,153600000
0,1536,153600000,153600100,1231,12311,153700000,153700000
0,1537,153700000,153700100,1231,12311,153800000,153800000
0,1538,153800000,153800100,1231,12311,153900000,153900000
0,1539,153900000,153900100,1231,12311,154000000,154000000
0,1540,154000000,154000100,1231,12311,154100000,154100000
0,1541,154100000,154100100,1231,12311,154200000,154200000
0,1542,154200000,154200100,1231,12311,154300000,154300000
0,1543,154300000,154300100,1231,12311,154400000,154400000
0,1544,154400000,154400100,1231,12311,154500000,154500000
0,1545,154500000,154500100,1231,12311,154600000,154600000
0,1546,154600000,154600100,1231,12311,154700000,154700000
0,1547,154700000,154700100,1231,12311,154800000,154800000
0,1548,154800000,154800100,1231,12311,154900000,154900000
0,1549,154900000,154900100,1231,12311,155000000,155000000
0,1550,155000000,155000100,1231,12311,155100000,155100000
0,1551,155100000,155100100,1231,12311,155200000,155200000
0,1552,155200000,155200100,1231,12311,155300000,155300000
0,1553,155300000,155300100,1231,12311,155400000,155400000
0,1554,155400000,155400100,1231,12311,155500000,155500000
0,1555,155500000,155500100,1231,12311,155600000,155600000
0,1556,155600000,155600100,1231,12311,155700000,155700000
0,1557,155700000,155700100,1231,12311,155800000,155800000
0,1558,155800000,155800100,1231,12311,155900000,155900000
0,1559,155900000,155900100,1231,12311,156000000,156000000
0,1560,156000000,156000100,1231,12311,156100000,156100000
0,1561,156100000,156100100,1231,12311,156200000,156200000
0,1562,156200000,156200100,1231,12311,156300000,156300000
0,1563,156300000,156300100,1231,12311,156400000,156400000
0,1564,156400000,156400100,1231,12311,156500000,156500000
0,1565,156500000,156500100,1231,12311,156600000,156600000
0,1566,156600000,156600100,1231,12311,156700000,156700000
0,1567,156700000,156700100,1231,12311,156800000,156800000
0,1568,156800000,156800100,1231,12311,156900000,156900000
0,1569,156900000,156900100,1231,12311,157000000,157000000
0,1570,157000000,157000100,1231,12311,157100000,157100000
0,1571,157100000,157100100,1231,12311,157200000,157200000
0,1572,157200000,157200100,1231,12311,157300000,157300000
0,1573,157300000,157300100,1231,12311,157400000,157400000
0,1574,157400000,157400100,1231,12311,157500000,157500000
0,1575,157500000,157500100,1231,12311,157600000,157600000
0,1576,157600000,157600100,1231,12311,157700000,157700000
0,1577,157700000,157700100,1231,12311,157800000,157800000
0,1578,157800000,157800100,1231,12311,157900000,157900000
0,1579,157900000,157900100,1231,12311,158000000,158000000
0,1580,158000000,158000100,1231,12311,158100000,158100000
0,1581,158100000,158100100,1231,12311,158200000,158200000
0,1582,158200000,158200100,1231,12311,158300000,158300000
0,1583,158300000,158300100,1231,12311,158400000,158400000
0,1584,158400000,158400100,1231,12311,158500000,158500000
0,1585,158500000,158500100,1231,12311,158600000,158600000
0,1586,158600000,158600100,1231,12311,158700000,158700000
0,1587,158700000,158700100,1231,12311,158800000,158800000
0,1588,158800000,158800100,1231,12311,158900000,158900000
0,1589,158900000,158900100,1231,12311,159000000,159000000
0,1590,159000000,159000100,1231,12311,159100000,159100000
0,1591,159100000,159100100,1231,12311,159200000,159200000
0,1592,159200000,159200100,1231,12311,159300000,159300000
0,1593,159300000,159300100,1231,12311,159400000,159400000
0,1594,159400000,159400100,1231,12311,159500000,159500000
0,1595,159500000,159500100,1231,12311,159600000,159600000
0,1596,159600000,159600100,1231,12311,159700000,159700000
0,1597,159700000,159700100,1231,12311,159800000,159800000
0,1598,159800000,159800100,1231,12311,159900000,159900000
0,1599,159900000,159900100,1231,12311,160000000,160000000
0,1600,160000000,160000100,1231,12311,160100000,160100000
0,1601,160100000,160100100,1231,12311,160200000,160200000
0,1602,160200000,160200100,1231,12311,160300000,160300000
0,1603,160300000,160300100,1231,12311,160400000,160400000
0,1604,160400000,160400100,1231,12311,160500000,160500000
0,1605,160500000,160500100,1231,12311,160600000,160600000
0,1606,160600000,160600100,1231,12311,160700000,160700000
0,1607,160700000,160700100,1231,12311,160800000,160800000
0,1608,160800000,160800100,1231,12311,160900000,160900000
0,1609,160900000,160900100,1231,12311,161000000,161000000
0,1610,161000000,161000100,1231,12311,161100000,161100000
0,1611,161100000,161100100,1231,12311,161200000,161200000
0,1612,161200000,161200100,1231,12311,161300000,161300000
0,1613,161300000,161300100,1231,12311,161400000,161400000
0,1614,161400000,161400100,1231,12311,161500000,161500000
0,1615,161500000,161500100,1231,12311,161600000,161600000
0,1616,161600000,161600100,1231,12311,161700000,161700000
0,1617,161700000,161700100,1231,12311,161800000,161800000
0,1618,161800000,161800100,1231,12311,161900000,161900000
0,1619,161900000,161900100,1231,12311,162000000,162000000
0,1620,162000000,162000100,1231,12311,162100000,162100000
0,1621,162100000,162100100,1231,12311,162200000,162200000
0,1622,162200000,162200100,1231,12311,162300000,162300000
0,1623,162300000,162300100,1231,12311,162400000,162400000
0,1624,162400000,162400100,1231,12311,162500000,162500000
0,1625,162500000,162500100,1231,12311,162600000,162600000
0,1626,162600000,162600100,1231,12311,162700000,162700000
0,1627,162700000,162700100,1231,12311,162800000,162800000
0,1628,162800000,162800100,1231,12311,162900000,162900000
0,1629,162900000,162900100,1231,12311,163000000,163000000
0,1630,163000000,163000100,1231,12311,163100000,163100000
0,1631,163100000,163100100,1231,12311,163200000,163200000
0,1632,163200000,163200100,1231,12311,163300000,163300000
0,1633,163300000,163300100,1231,12311,163400000,163400000
0,1634,163400000,163400100,1231,12311,163500000,163500000
0,1635,163500000,163500100,1231,12311,163600000,163600000
0,1636,163600000,163600100,1231,12311,163700000,163700000
0,1637,163700000,163700100,1231,12311,163800000,163800000
0,1638,163800000,163800100,1231,12311,163900000,163900000
0,1639,163900000,163900100,1231,12311,164000000,164000000
0,1640,164000000,164000100,1231,12311,164100000,164100000
0,1641,164100000,164100100,1231,12311,164200000,164200000
0,1642,164200000,164200100,1231,12311,164300000,164300000
0,1643,164300000,164300100,1231,12311,164400000,164400000
0,1644,164400000,164400100,1231,12311,164500000,164500000
0,1645,164500000,164500100,1231,12311,164600000,164600000
0,1646,164600000,164600100,1231,12311,164700000,164700000
0,1647,164700000,164700100,1231,12311,164800000,164800000
0,1648,164800000,164800100,1231,12311,164900000,164900000
0,1649,164900000,164900100,1231,12311,165000000,165000000
0,1650,165000000,165000100,1231,12311,165100000,165100000
0,1651,165100000,165100100,1231,12311,165200000,165200000
0,1652,165200000,165200100,1231,12311,165300000,165300000
0,1653,165300000,165300100,1231,12311,165400000,165400000
0,1654,165400000,165400100,1231,12311,165500000,165500000
0,1655,165500000,165500100,1231,12311,165600000,165600000
0,1656,165600000,165600100,1231,12311,165700000,165700000
0,1657,165700000,165700100,1231,12311,165800000,165800000
0,1658,165800000,165800100,1231,12311,165900000,165900000
0,1659,165900000,165900100,1231,12311,166000000,166000000
0,1660,166000000,166000100,1231,12311,166100000,166100000
0,1661,166100000,166100100,1231,12311,166200000,166200000
0,1662,166200000,166200100,1231,12311,166300000,166300000
0,1663,166300000,166300100,1231,12311,166400000,166400000
0,1664,166400000,166400100,1231,12311,166500000,166500000
0,1665,166500000,166500100,1231,12311,166600000,166600000
0,1666,166600000,166600100,1231,12311,166700000,166700000
0,1667,166700000,166700100,1231,12311,166800000,166800000
0,1668,166800000,166800100,1231,12311,166900000,166900000
0,1669,166900000,166900100,1231,12311,167000000,167000000
0,1670,167000000,167000100,1231,12311,167100000,167100000
0,1671,167100000,167100100,1231,12311,167200000,167200000
0,1672,167200000,167200100,1231,12311,167300000,167300000
0,1673,167300000,167300100,1231,12311,167400000,167400000
0,1674,167400000,167400100,1231,12311,167500000,167500000
0,1675,167500000,167500100,1231,12311,167600000,167600000
0,1676,167600000,167600100,1231,12311,167700000,167700000
0,1677,167700000,167700100,1231,12311,167800000,167800000
0,1678,167800000,167800100,1231,12311,167900000,167900000
0,1679,167900000,167900100,1231,12311,168000000,168000000
0,1680,168000000,168000100,1231,12311,168100000,168100000
0,1681,168100000,168100100,1231,12311,168200000,168200000
0,1682,168200000,168200100,1231,12311,168300000,168300000
0,1683,168300000,168300100,1231,12311,168400000,168400000
0,1684,168400000,168400100,1231,12311,168500000,168500000
0,1685,168500000,168500100,1231,12311,168600000,168600000
0,1686,168600000,168600100,1231,12311,168700000,168700000
0,1687,168700000,168700100,1231,12311,168800000,168800000
0,1688,168800000,168800100,1231,12311,168900000,168900000
0,1689,168900000,168900100,1231,12311,169000000,169000000
0,1690,169000000,169000100,1231,12311,169100000,169100000
0,1691,169100000,169100100,1231,12311,169200000,169200000
0,1692,169200000,169200100,1231,12311,169300000,169300000
0,1693,169300000,169300100,1231,12311,169400000,169400000
0,1694,169400000,169400100,1231,12311,169500000,169500000
0,1695,169500000,169500100,1231,12311,169600000,169600000
0,1696,169600000,169600100,1231,12311,169700000,169700000
0,1697,169700000,169700100,1231,12311,169800000,169800000
0,1698,169800000,169800100,1231,12311,169900000,169900000
0,1699,169900000,169900100,1231,12311,170000000,170000000
0,1700,170000000,170000100,1231,12311,170100000,170100000
0,1701,170100000,170100100,1231,12311,170200000,170200000
0,1702,170200000,170200100,1231,12311,170300000,170300000
0,1703,170300000,170300100,1231,12311,170400000,170400000
0,1704,170400000,170400100,1231,12311,170500000,170500000
0,1705,170500000,170500100,1231,12311,170600000,170600000
0,1706,170600000,170600100,1231,12311,170700000,170700000
0,1707,170700000,170700100,1231,12311,170800000,170800000
0,1708,170800000,170800100,1231,12311,170900000,170900000
0,1709,170900000,170900100,1231,12311,171000000,171000000
0,1710,171000000,171000100,1231,12311,171100000,171100000
0,1711,171100000,171100100,1231,12311,171200000,171200000
0,1712,171200000,171200100,1231,12311,171300000,171300000
0,1713,171300000,171300100,1231,12311,171400000,171400000
0,1714,171400000,171400100,1231,12311,171500000,171500000
0,1715,171500000,171500100,1231,12311,171600000,171600000
0,1716,171600000,171600100,1231,12311,171700000,171700000
0,1717,171700000,171700100,1231,12311,171800000,171800000
0,1718,171800000,171800100,1231,12311,171900000,171900000
0,1719,171900000,171900100,1231,12311,172000000,172000000
0,1720,172000000,172000100,1231,12311,172100000,172100000
0,1721,172100000,172100100,1231,12311,172200000,172200000
0,1722,172200000,172200100,1231,12311,172300000,172300000
0,1723,172300000,172300100,1231,12311,172400000,172400000
0,1724,172400000,172400100,1231,12311,172500000,172500000
0,1725,172500000,172500100,1231,12311,172600000,172600000
0,1726,172600000,172600100,1231,12311,172700000,172700000
0,1727,172700000,172700100,1231,12311,172800000,172800000
0,1728,172800000,172800100,1231,12311,172900000,172900000
0,1729,172900000,172900100,1231,12311,173000000,173000000
0,1730,173000000,173000100,1231,12311,173100000,173100000
0,1731,173100000,173100100,1231,12311,173200000,173200000
0,1732,173200000,173200100,1231,12311,173300000,173300000
0,1733,173300000,173300100,1231,12311,173400000,173400000
0,1734,173400000,173400100,1231,12311,173500000,173500000
0,1735,173500000,173500100,1231,12311,173600000,173600000
0,1736,173600000,173600100,1231,12311,173700000,173700000
0,1737,173700000,173700100,1231,12311,173800000,173800000
0,1738,173800000,173800100,1231,12311,173900000,173900000
0,1739,173900000,173900100,1231,12311,174000000,174000000
0,1740,174000000,174000100,1231,12311,174100000,174100000
0,1741,174100000,174100100,1231,12311,174200000,174200000
0,1742,174200000,174200100,1231,12311,174300000,174300000
0,1743,174300000,174300100,1231,12311,174400000,174400000
0,1744,174400000,174400100,1231,12311,174500000,174500000
0,1745,174500000,174500100,1231,12311,174600000,174600000
0,1746,174600000,174600100,1231,12311,174700000,174700000
0,1747,174700000,174700100,1231,12311,174800000,174800000
0,1748,174800000,174800100,1231,12311,174900000,174900000
0,1749,174900000,174900100,1231,12311,175000000,175000000
0,1750,175000000,175000100,1231,12311,175100000,175100000
0,1751,175100000,175100100,1231,12311,175200000,175200000
0,1752,175200000,175200100,1231,12311,175300000,175300000
0,1753,175300000,175300100,1231,12311,175400000,175400000
0,1754,175400000,175400100,1231,12311,175500000,175500000
0,1755,175500000,175500100,1231,12311,175600000,175600000
0,1756,175600000,175600100,1231,12311,175700000,175700000
0,1757,175700000,175700100,1231,12311,175800000,175800000
0,1758,175800000,175800100,1231,12311,175900000,175900000
0,1759,175900000,175900100,1231,12311,176000000,176000000
0,1760,176000000,176000100,1231,12311,176100000,176100000
0,1761,176100000,176100100,1231,12311,176200000,176200000
0,1762,176200000,176200100,1231,12311,176300000,176300000
0,1763,176300000,176300100,1231,12311,176400000,176400000
0,1764,176400000,176400100,1231,12311,176500000,176500000
0,1765,176500000,176500100,1231,12311,176600000,176600000
0,1766,176600000,176600100,1231,12311,176700000,176700000
0,1767,176700000,176700100,1231,12311,176800000,176800000
0,1768,176800000,176800100,1231,12311,176900000,176900000
0,1769,176900000,176900100,1231,12311,177000000,177000000
0,1770,177000000,177000100,1231,12311,177100000,177100000
0,1771,177100000,177100100,1231,12311,177200000,177200000
0,1772,177200000,177200100,1231,12311,177300000,177300000
0,1773,177300000,177300100,1231,12311,177400000,177400000
0,1774,177400000,177400100,1231,12311,177500000,177500000
0,1775,177500000,177500100,1231,12311,177600000,177600000
0,1776,177600000,177600100,1231,12311,177700000,177700000
0,1777,177700000,177700100,1231,12311,177800000,177800000
0,1778,177800000,177800100,1231,12311,177900000,177900000
0,1779,177900000,177900100,1231,12311,178000000,178000000
0,1780,178000000,178000100,1231,12311,178100000,178100000
0,1781,178100000,178100100,1231,12311,178200000,178200000
0,1782,178200000,178200100,1231,12311,178300000,178300000
0,1783,178300000,178300100,1231,12311,178400000,178400000
0,1784,178400000,178400100,1231,12311,178500000,178500000
0,1785,178500000,178500100,1231,12311,178600000,178600000
0,1786,178600000,178600100,1231,12311,178700000,178700000
0,1787,178700000,178700100,1231,12311,178800000,178800000
0,1788,178800000,178800100,1231,12311,178900000,178900000
0,1789,178900000,178900100,1231,12311,179000000,179000000
0,1790,179000000,179000100,1231,12311,179100000,179100000
0,1791,179100000,179100100,1231,12311,179200000,179200000
0,1792,179200000,179200100,1231,12311,179300000,179300000
0,1793,179300000,179300100,1231,12311,179400000,179400000
0,1794,179400000,179400100,1231,12311,179500000,179500000
0,1795,179500000,179500100,1231,12311,179600000,179600000
0,1796,179600000,179600100,1231,12311,179700000,179700000
0,1797,179700000,179700100,1231,12311,179800000,179800000
0,1798,179800000,179800100,1231,12311,179900000,179900000
0,1799,179900000,179900100,1231,12311,180000000,180000000
0,1800,180000000,180000100,1231,12311,180100000,180100000
0,1801,180100000,180100100,1231,12311,180200000,180200000
0,1802,180200000,180200100,1231,12311,180300000,180300000
0,1803,180300000,180300100,1231,12311,180400000,180400000
0,1804,180400000,180400100,1231,12311,180500000,180500000
0,1805,180500000,180500100,1231,12311,180600000,180600000
0,1806,180600000,180600100,1231,12311,180700000,180700000
0,1807,180700000,180700100,1231,12311,180800000,180800000
0,1808,180800000,180800100,1231,12311,180900000,180900000
0,1809,180900000,180900100,1231,12311,181000000,181000000
0,1810,181000000,181000100,1231,12311,181100000,181100000
0,1811,181100000,181100100,1231,12311,181200000,181200000
0,1812,181200000,181200100,1231,12311,181300000,181300000
0,1813,181300000,181300100,1231,12311,181400000,181400000
0,1814,181400000,181400100,1231,12311,181500000,181500000
0,1815,181500000,181500100,1231,12311,181600000,181600000
0,1816,181600000,181600100,1231,12311,181700000,181700000
0,1817,181700000,181700100,1231,12311,181800000,181800000
0,1818,181800000,181800100,1231,12311,181900000,181900000
0,1819,181900000,181900100,1231,12311,182000000,182000000
0,1820,182000000,182000100,1231,12311,182100000,182100000
0,1821,182100000,182100100,1231,12311,182200000,182200000
0,1822,182200000,182200100,1231,12311,182300000,182300000
0,1823,182300000,182300100,1231,12311,182400000,182400000
0,1824,182400000,182400100,1231,12311,182500000,182500000
0,1825,182500000,182500100,1231,12311,182600000,182600000
0,1826,182600000,182600100,1231,12311,182700000,182700000
0,1827,182700000,182700100,1231,12311,182800000,182800000
0,1828,182800000,182800100,1231,12311,182900000,182900000
0,1829,182900000,182900100,1231,12311,183000000,183000000
0,1830,183000000,183000100,1231,12311,183100000,183100000
0,1831,183100000,183100100,1231,12311,183200000,183200000
0,1832,183200000,183200100,1231,12311,183300000,183300000
0,1833,183300000,183300100,1231,12311,183400000,183400000
0,1834,183400000,183400100,1231,12311,183500000,183500000
0,1835,183500000,183500100,1231,12311,183600000,183600000
0,1836,183600000,183600100,1231,12311,183700000,183700000
0,1837,183700000,183700100,1231,12311,183800000,183800000
0,1838,183800000,183800100,1231,12311,183900000,183900000
0,1839,183900000,183900100,1231,12311,184000000,184000000
0,1840,184000000,184000100,1231,12311,184100000,184100000
0,1841,184100000,184100100,1231,12311,184200000,184200000
0,1842,184200000,184200100,1231,12311,184300000,184300000
0,1843,184300000,184300100,1231,12311,184400000,184400000
0,1844,184400000,184400100,1231,12311,184500000,184500000
0,1845,184500000,184500100,1231,12311,184600000,184600000
0,1846,184600000,184600100,1231,12311,184700000,184700000
0,1847,184700000,184700100,1231,12311,184800000,184800000
0,1848,184800000,184800100,1231,12311,184900000,184900000
0,1849,184900000,184900100,1231,12311,185000000,185000000
0,1850,185000000,185000100,1231,12311,185100000,185100000
0,1851,185100000,185100100,1231,12311,185200000,185200000
0,1852,185200000,185200100,1231,12311,185300000,185300000
0,1853,185300000,185300100,1231,12311,185400000,185400000
0,1854,185400000,185400100,1231,12311,185500000,185500000
0,1855,185500000,185500100,1231,12311,185600000,185600000
0,1856,185600000,185600100,1231,12311,185700000,185700000
0,1857,185700000,185700100,1231,12311,185800000,185800000
0,1858,185800000,185800100,1231,12311,185900000,185900000
0,1859,185900000,185900100,1231,12311,186000000,186000000
0,1860,186000000,186000100,1231,12311,186100000,186100000
0,1861,186100000,186100100,1231,12311,186200000,186200000
0,1862,186200000,186200100,1231,12311,186300000,186300000
0,1863,186300000,186300100,1231,12311,186400000,186400000
0,1864,186400000,186400100,1231,12311,186500000,186500000
0,1865,186500000,186500100,1231,12311,186600000,186600000
0,1866,186600000,186600100,1231,12311,186700000,186700000
0,1867,186700000,186700100,1231,12311,186800000,186800000
0,1868,186800000,186800100,1231,12311,186900000,186900000
0,1869,186900000,186900100,1231,12311,187000000,187000000
0,1870,187000000,187000100,1231,12311,187100000,187100000
0,1871,187100000,187100100,1231,12311,187200000,187200000
0,1872,187200000,187200100,1231,12311,187300000,187300000
0,1873,187300000,187300100,1231,12311,187400000,187400000
0,1874,187400000,187400100,1231,12311,187500000,187500000
0,1875,187500000,187500100,1231,12311,187600000,187600000
0,1876,187600000,187600100,1231,12311,187700000,187700000
0,1877,187700000,187700100,1231,12311,187800000,187800000
0,1878,187800000,187800100,1231,12311,187900000,187900000
0,1879,187900000,187900100,1231,12311,188000000,188000000
0,1880,188000000,188000100,1231,12311,188100000,188100000
0,1881,188100000,188100100,1231,12311,188200000,188200000
0,1882,188200000,188200100,1231,12311,188300000,188300000
0,1883,188300000,188300100,1231,12311,188400000,188400000
0,1884,188400000,188400100,1231,12311,188500000,188500000
0,1885,188500000,188500100,1231,12311,188600000,188600000
0,1886,188600000,188600100,1231,12311,188700000,188700000
0,1887,188700000,188700100,1231,12311,188800000,188800000
0,1888,188800000,188800100,1231,12311,188900000,188900000
0,1889,188900000,188900100,1231,12311,189000000,189000000
0,1890,189000000,189000100,1231,12311,189100000,189100000
0,1891,189100000,189100100,1231,12311,189200000,189200000
0,1892,189200000,189200100,1231,12311,189300000,189300000
0,1893,189300000,189300100,1231,12311,189400000,189400000
0,1894,189400000,189400100,1231,12311,189500000,189500000
0,1895,189500000,189500100,1231,12311,189600000,189600000
0,1896,189600000,189600100,1231,12311,189700000,189700000
0,1897,189700000,189700100,1231,12311,189800000,189800000
0,1898,189800000,189800100,1231,12311,189900000,189900000
0,1899,189900000,189900100,1231,12311,190000000,190000000
0,1900,190000000,190000100,1231,12311,190100000,190100000
0,1901,190100000,190100100,1231,12311,190200000,190200000
0,1902,190200000,190200100,1231,12311,190300000,190300000
0,1903,190300000,190300100,1231,12311,190400000,190400000
0,1904,190400000,190400100,1231,12311,190500000,190500000
0,1905,190500000,190500100,1231,12311,190600000,190600000
0,1906,190600000,190600100,1231,12311,190700000,190700000
0,1907,190700000,190700100,1231,12311,190800000,190800000
0,1908,190800000,190800100,1231,12311,190900000,190900000
0,1909,190900000,190900100,1231,12311,191000000,191000000
0,1910,191000000,191000100,1231,12311,191100000,191100000
0,1911,191100000,191100100,1231,12311,191200000,191200000
0,1912,191200000,191200100,1231,12311,191300000,191300000
0,1913,191300000,191300100,1231,12311,191400000,191400000
0,1914,191400000,191400100,1231,12311,191500000,191500000
0,1915,191500000,191500100,1231,12311,191600000,191600000
0,1916,191600000,191600100,1231,12311,191700000,191700000
0,1917,191700000,191700100,1231,12311,191800000,191800000
0,1918,191800000,191800100,1231,12311,191900000,191900000
0,1919,191900000,191900100,1231,12311,192000000,192000000
0,1920,192000000,192000100,1231,12311,192100000,192100000
0,1921,192100000,192100100,1231,12311,192200000,192200000
0,1922,192200000,192200100,1231,12311,192300000,192300000
0,1923,192300000,192300100,1231,12311,192400000,192400000
0,1924,192400000,192400100,1231,12311,192500000,192500000
0,1925,192500000,192500100,1231,12311,192600000,192600000
0,1926,192600000,192600100,1231,12311,192700000,192700000
0,1927,192700000,192700100,1231,12311,192800000,192800000
0,1928,192800000,192800100,1231,12311,192900000,192900000
0,1929,192900000,192900100,1231,12311,193000000,193000000
0,1930,193000000,193000100,1231,12311,193100000,193100000
0,1931,193100000,193100100,1231,12311,193200000,193200000
0,1932,193200000,193200100,1231,12311,193300000,193300000
0,1933,193300000,193300100,1231,12311,193400000,193400000
0,1934,193400000,193400100,1231,12311,193500000,193500000
0,1935,193500000,193500100,1231,12311,193600000,193600000
0,1936,193600000,193600100,1231,12311,193700000,193700000
0,1937,193700000,193700100,1231,12311,193800000,193800000
1,0,0,100,4754,47549,150000,150000
1,1,150000,150100,4754,47549,300000,300000
1,2,300000,300100,4754,47549,450000,450000
1,3,450000,450100,4754,47549,600000,600000
1,4,600000,600100,4754,47549,750000,750000
1,5,750000,750100,4754,47549,900000,900000
1,6,900000,900100,4754,47549,1050000,1050000
1,7,1050000,1050100,4754,47549,1200000,1200000
1,8,1200000,1200100,4754,47549,1350000,1350000
1,9,1350000,1350100,4754,47549,1500000,1500000
1,10,1500000,1500100,4754,47549,1650000,1650000
1,11,1650000,1650100,4754,47549,1800000,1800000
1,12,1800000,1800100,4754,47549,1950000,1950000
1,13,1950000,1950100,4754,47549,2100000,2100000
1,14,2100000,2100100,4754,47549,2250000,2250000
1,15,2250000,2250100,4754,47549,2400000,2400000
1,16,2400000,2400100,4754,47549,2550000,2550000
1,17,2550000,2550100,4754,47549,2700000,2700000
1,18,2700000,2700100,4754,47549,2850000,2850000
1,19,2850000,2850100,4754,47549,3000000,3000000
1,20,3000000,3000100,4754,47549,3150000,3150000
1,21,3150000,3150100,4754,47549,3300000,3300000
1,22,3300000,3300100,4754,47549,3450000,3450000
1,23,3450000,3450100,4754,47549,3600000,3600000
1,24,3600000,3600100,4754,47549,3750000,3750000
1,25,3750000,3750100,4754,47549,3900000,3900000
1,26,3900000,3900100,4754,47549,4050000,4050000
1,27,4050000,4050100,4754,47549,4200000,4200000
1,28,4200000,4200100,4754,47549,4350000,4350000
1,29,4350000,4350100,4754,47549,4500000,4500000
1,30,4500000,4500100,4754,47549,4650000,4650000
1,31,4650000,4650100,4754,47549,4800000,4800000
1,32,4800000,4800100,4754,47549,4950000,4950000
1,33,4950000,4950100,4754,47549,5100000,5100000
1,34,5100000,5100100,4754,47549,5250000,5250000
1,35,5250000,5250100,4754,47549,5400000,5400000
1,36,5400000,5400100,4754,47549,5550000,5550000
1,37,5550000,5550100,4754,47549,5700000,5700000
1,38,5700000,5700100,4754,47549,5850000,5850000
1,39,5850000,5850100,4754,47549,6000000,6000000
1,40,6000000,6000100,4754,47549,6150000,6150000
1,41,6150000,6150100,4754,47549,6300000,6300000
1,42,6300000,6300100,4754,47549,6450000,6450000
1,43,6450000,6450100,4754,47549,6600000,6600000
1,44,6600000,6600100,4754,47549,6750000,6750000
1,45,6750000,6750100,4754,47549,6900000,6900000
1,46,6900000,6900100,4754,47549,7050000,7050000
1,47,7050000,7050100,4754,47549,7200000,7200000
1,48,7200000,7200100,4754,47549,7350000,7350000
1,49,7350000,7350100,4754,47549,7500000,7500000
1,50,7500000,7500100,4754,47549,7650000,7650000
1,51,7650000,7650100,4754,47549,7800000,7800000
1,52,7800000,7800100,4754,47549,7950000,7950000
1,53,7950000,7950100,4754,47549,8100000,8100000
1,54,8100000,8100100,4754,47549,8250000,8250000
1,55,8250000,8250100,4754,47549,8400000,8400000
1,56,8400000,8400100,4754,47549,8550000,8550000
1,57,8550000,8550100,4754,47549,8700000,8700000
1,58,8700000,8700100,4754,47549,8850000,8850000
1,59,8850000,8850100,4754,47549,9000000,9000000
1,60,9000000,9000100,4754,47549,9150000,9150000
1,61,9150000,9150100,4754,47549,9300000,9300000
1,62,9300000,9300100,4754,47549,9450000,9450000
1,63,9450000,9450100,4754,47549,9600000,9600000
1,64,9600000,9600100,4754,47549,9750000,9750000
1,65,9750000,9750100,4754,47549,9900000,9900000
1,66,9900000,9900100,4754,47549,10050000,10050000
1,67,10050000,10050100,4754,47549,10200000,10200000
1,68,10200000,10200100,4754,47549,10350000,10350000
1,69,10350000,10350100,4754,47549,10500000,10500000
1,70,10500000,10500100,4754,47549,10650000,10650000
1,71,10650000,10650100,4754,47549,10800000,10800000
1,72,10800000,10800100,4754,47549,10950000,10950000
1,73,10950000,10950100,4754,47549,11100000,11100000
1,74,11100000,11100100,4754,47549,11250000,11250000
1,75,11250000,11250100,4754,47549,11400000,11400000
1,76,11400000,11400100,4754,47549,11550000,11550000
1,77,11550000,11550100,4754,47549,11700000,11700000
1,78,11700000,11700100,4754,47549,11850000,11850000
1,79,11850000,11850100,4754,47549,12000000,12000000
1,80,12000000,12000100,4754,47549,12150000,12150000
1,81,12150000,12150100,4754,47549,12300000,12300000
1,82,12300000,12300100,4754,47549,12450000,12450000
1,83,12450000,12450100,4754,47549,12600000,12600000
1,84,12600000,12600100,4754,47549,12750000,12750000
1,85,12750000,12750100,4754,47549,12900000,12900000
1,86,12900000,12900100,4754,47549,13050000,13050000
1,87,13050000,13050100,4754,47549,13200000,13200000
1,88,13200000,13200100,4754,47549,13350000,13350000
1,89,13350000,13350100,4754,47549,13500000,13500000
1,90,13500000,13500100,4754,47549,13650000,13650000
1,91,13650000,13650100,4754,47549,13800000,13800000
1,92,13800000,13800100,4754,47549,13950000,13950000
1,93,13950000,13950100,4754,47549,14100000,14100000
1,94,14100000,14100100,4754,47549,14250000,14250000
1,95,14250000,14250100,4754,47549,14400000,14400000
1,96,14400000,14400100,4754,47549,14550000,14550000
1,97,14550000,14550100,4754,47549,14700000,14700000
1,98,14700000,14700100,4754,47549,14850000,14850000
1,99,14850000,14850100,4754,47549,15000000,15000000
1,100,15000000,15000100,4754,47549,15150000,15150000
1,101,15150000,15150100,4754,47549,15300000,15300000
1,102,15300000,15300100,4754,47549,15450000,15450000
1,103,15450000,15450100,4754,47549,15600000,15600000
1,104,15600000,15600100,4754,47549,15750000,15750000
1,105,15750000,15750100,4754,47549,15900000,15900000
1,106,15900000,15900100,4754,47549,16050000,16050000
1,107,16050000,16050100,4754,47549,16200000,16200000
1,108,16200000,16200100,4754,47549,16350000,16350000
1,109,16350000,16350100,4754,47549,16500000,16500000
1,110,16500000,16500100,4754,47549,16650000,16650000
1,111,16650000,16650100,4754,47549,16800000,16800000
1,112,16800000,16800100,4754,47549,16950000,16950000
1,113,16950000,16950100,4754,47549,17100000,17100000
1,114,17100000,17100100,4754,47549,17250000,17250000
1,115,17250000,17250100,4754,47549,17400000,17400000
1,116,17400000,17400100,4754,47549,17550000,17550000
1,117,17550000,17550100,4754,47549,17700000,17700000
1,118,17700000,17700100,4754,47549,17850000,17850000
1,119,17850000,17850100,4754,47549,18000000,18000000
1,120,18000000,18000100,4754,47549,18150000,18150000
1,121,18150000,18150100,4754,47549,18300000,18300000
1,122,18300000,18300100,4754,47549,18450000,18450000
1,123,18450000,18450100,4754,47549,18600000,18600000
1,124,18600000,18600100,4754,47549,18750000,18750000
1,125,18750000,18750100,4754,47549,18900000,18900000
1,126,18900000,18900100,4754,47549,19050000,19050000
1,127,19050000,19050100,4754,47549,19200000,19200000
1,128,19200000,19200100,4754,47549,19350000,19350000
1,129,19350000,19350100,4754,47549,19500000,19500000
1,130,19500000,19500100,4754,47549,19650000,19650000
1,131,19650000,19650100,4754,47549,19800000,19800000
1,132,19800000,19800100,4754,47549,19950000,19950000
1,133,19950000,19950100,4754,47549,20100000,20100000
1,134,20100000,20100100,4754,47549,20250000,20250000
1,135,20250000,20250100,4754,47549,20400000,20400000
1,136,20400000,20400100,4754,47549,20550000,20550000
1,137,20550000,20550100,4754,47549,20700000,20700000
1,138,20700000,20700100,4754,47549,20850000,20850000
1,139,20850000,20850100,4754,47549,21000000,21000000
1,140,21000000,21000100,4754,47549,21150000,21150000
1,141,21150000,21150100,4754,47549,21300000,21300000
1,142,21300000,21300100,4754,47549,21450000,21450000
1,143,21450000,21450100,4754,47549,21600000,21600000
1,144,21600000,21600100,4754,47549,21750000,21750000
1,145,21750000,21750100,4754,47549,21900000,21900000
1,146,21900000,21900100,4754,47549,22050000,22050000
1,147,22050000,22050100,4754,47549,22200000,22200000
1,148,22200000,22200100,4754,47549,22350000,22350000
1,149,22350000,22350100,4754,47549,22500000,22500000
1,150,22500000,22500100,4754,47549,22650000,22650000
1,151,22650000,22650100,4754,47549,22800000,22800000
1,152,22800000,22800100,4754,47549,22950000,22950000
1,153,22950000,22950100,4754,47549,23100000,23100000
1,154,23100000,23100100,4754,47549,23250000,23250000
1,155,23250000,23250100,4754,47549,23400000,23400000
1,156,23400000,23400100,4754,47549,23550000,23550000
1,157,23550000,23550100,4754,47549,23700000,23700000
1,158,23700000,23700100,4754,47549,23850000,23850000
1,159,23850000,23850100,4754,47549,24000000,24000000
1,160,24000000,24000100,4754,47549,24150000,24150000
1,161,24150000,24150100,4754,47549,24300000,24300000
1,162,24300000,24300100,4754,47549,24450000,24450000
1,163,24450000,24450100,4754,47549,24600000,24600000
1,164,24600000,24600100,4754,47549,24750000,24750000
1,165,24750000,24750100,4754,47549,24900000,24900000
1,166,24900000,24900100,4754,47549,25050000,25050000
1,167,25050000,25050100,4754,47549,25200000,25200000
1,168,25200000,25200100,4754,47549,25350000,25350000
1,169,25350000,25350100,4754,47549,25500000,25500000
1,170,25500000,25500100,4754,47549,25650000,25650000
1,171,25650000,25650100,4754,47549,25800000,25800000
1,172,25800000,25800100,4754,47549,25950000,25950000
1,173,25950000,25950100,4754,47549,26100000,26100000
1,174,26100000,26100100,4754,47549,26250000,26250000
1,175,26250000,26250100,4754,47549,26400000,26400000
1,176,26400000,26400100,4754,47549,26550000,26550000
1,177,26550000,26550100,4754,47549,26700000,26700000
1,178,26700000,26700100,4754,47549,26850000,26850000
1,179,26850000,26850100,4754,47549,27000000,27000000
1,180,27000000,27000100,4754,47549,27150000,27150000
1,181,27150000,27150100,4754,47549,27300000,27300000
1,182,27300000,27300100,4754,47549,27450000,27450000
1,183,27450000,27450100,4754,47549,27600000,27600000
1,184,27600000,27600100,4754,47549,27750000,27750000
1,185,27750000,27750100,4754,47549,27900000,27900000
1,186,27900000,27900100,4754,47549,28050000,28050000
1,187,28050000,28050100,4754,47549,28200000,28200000
1,188,28200000,28200100,4754,47549,28350000,28350000
1,189,28350000,28350100,4754,47549,28500000,28500000
1,190,28500000,28500100,4754,47549,28650000,28650000
1,191,28650000,28650100,4754,47549,28800000,28800000
1,192,28800000,28800100,4754,47549,28950000,28950000
1,193,28950000,28950100,4754,47549,29100000,29100000
1,194,29100000,29100100,4754,47549,29250000,29250000
1,195,29250000,29250100,4754,47549,29400000,29400000
1,196,29400000,29400100,4754,47549,29550000,29550000
1,197,29550000,29550100,4754,47549,29700000,29700000
1,198,29700000,29700100,4754,47549,29850000,29850000
1,199,29850000,29850100,4754,47549,30000000,30000000
1,200,30000000,30000100,4754,47549,30150000,30150000
1,201,30150000,30150100,4754,47549,30300000,30300000
1,202,30300000,30300100,4754,47549,30450000,30450000
1,203,30450000,30450100,4754,47549,30600000,30600000
1,204,30600000,30600100,4754,47549,30750000,30750000
1,205,30750000,30750100,4754,47549,30900000,30900000
1,206,30900000,30900100,4754,47549,31050000,31050000
1,207,31050000,31050100,4754,47549,31200000,31200000
1,208,31200000,31200100,4754,47549,31350000,31350000
1,209,31350000,31350100,4754,47549,31500000,31500000
1,210,31500000,31500100,4754,47549,31650000,31650000
1,211,31650000,31650100,4754,47549,31800000,31800000
1,212,31800000,31800100,4754,47549,31950000,31950000
1,213,31950000,31950100,4754,47549,32100000,32100000
1,214,32100000,32100100,4754,47549,32250000,32250000
1,215,32250000,32250100,4754,47549,32400000,32400000
1,216,32400000,32400100,4754,47549,32550000,32550000
1,217,32550000,32550100,4754,47549,32700000,32700000
1,218,32700000,32700100,4754,47549,32850000,32850000
1,219,32850000,32850100,4754,47549,33000000,33000000
1,220,33000000,33000100,4754,47549,33150000,33150000
1,221,33150000,33150100,4754,47549,33300000,33300000
1,222,33300000,33300100,4754,47549,33450000,33450000
1,223,33450000,33450100,4754,47549,33600000,33600000
1,224,33600000,33600100,4754,47549,33750000,33750000
1,225,33750000,33750100,4754,47549,33900000,33900000
1,226,33900000,33900100,4754,47549,34050000,34050000
1,227,34050000,34050100,4754,47549,34200000,34200000
1,228,34200000,34200100,4754,47549,34350000,34350000
1,229,34350000,34350100,4754,47549,34500000,34500000
1,230,34500000,34500100,4754,47549,34650000,34650000
1,231,34650000,34650100,4754,47549,34800000,34800000
1,232,34800000,34800100,4754,47549,34950000,34950000
1,233,34950000,34950100,4754,47549,35100000,35100000
1,234,35100000,35100100,4754,47549,35250000,35250000
1,235,35250000,35250100,4754,47549,35400000,35400000
1,236,35400000,35400100,4754,47549,35550000,35550000
1,237,35550000,35550100,4754,47549,35700000,35700000
1,238,35700000,35700100,4754,47549,35850000,35850000
1,239,35850000,35850100,4754,47549,36000000,36000000
1,240,36000000,36000100,4754,47549,36150000,36150000
1,241,36150000,36150100,4754,47549,36300000,36300000
1,242,36300000,36300100,4754,47549,36450000,36450000
1,243,36450000,36450100,4754,47549,36600000,36600000
1,244,36600000,36600100,4754,47549,36750000,36750000
1,245,36750000,36750100,4754,47549,36900000,36900000
1,246,36900000,36900100,4754,47549,37050000,37050000
1,247,37050000,37050100,4754,47549,37200000,37200000
1,248,37200000,37200100,4754,47549,37350000,37350000
1,249,37350000,37350100,4754,47549,37500000,37500000
1,250,37500000,37500100,4754,47549,37650000,37650000
1,251,37650000,37650100,4754,47549,37800000,37800000
1,252,37800000,37800100,4754,47549,37950000,37950000
1,253,37950000,37950100,4754,47549,38100000,38100000
1,254,38100000,38100100,4754,47549,38250000,38250000
1,255,38250000,38250100,4754,47549,38400000,38400000
1,256,38400000,38400100,4754,47549,38550000,38550000
1,257,38550000,38550100,4754,47549,38700000,38700000
1,258,38700000,38700100,4754,47549,38850000,38850000
1,259,38850000,38850100,4754,47549,39000000,39000000
1,260,39000000,39000100,4754,47549,39150000,39150000
1,261,39150000,39150100,4754,47549,39300000,39300000
1,262,39300000,39300100,4754,47549,39450000,39450000
1,263,39450000,39450100,4754,47549,39600000,39600000
1,264,39600000,39600100,4754,47549,39750000,39750000
1,265,39750000,39750100,4754,47549,39900000,39900000
1,266,39900000,39900100,4754,47549,40050000,40050000
1,267,40050000,40050100,4754,47549,40200000,40200000
1,268,40200000,40200100,4754,47549,40350000,40350000
1,269,40350000,40350100,4754,47549,40500000,40500000
1,270,40500000,40500100,4754,47549,40650000,40650000
1,271,40650000,40650100,4754,47549,40800000,40800000
1,272,40800000,40800100,4754,47549,40950000,40950000
1,273,40950000,40950100,4754,47549,41100000,41100000
1,274,41100000,41100100,4754,47549,41250000,41250000
1,275,41250000,41250100,4754,47549,41400000,41400000
1,276,41400000,41400100,4754,47549,41550000,41550000
1,277,41550000,41550100,4754,47549,41700000,41700000
1,278,41700000,41700100,4754,47549,41850000,41850000
1,279,41850000,41850100,4754,47549,42000000,42000000
1,280,42000000,42000100,4754,47549,42150000,42150000
1,281,42150000,42150100,4754,47549,42300000,42300000
1,282,42300000,42300100,4754,47549,42450000,42450000
1,283,42450000,42450100,4754,47549,42600000,42600000
1,284,42600000,42600100,4754,47549,42750000,42750000
1,285,42750000,42750100,4754,47549,42900000,42900000
1,286,42900000,42900100,4754,47549,43050000,43050000
1,287,43050000,43050100,4754,47549,43200000,43200000
1,288,43200000,43200100,4754,47549,43350000,43350000
1,289,43350000,43350100,4754,47549,43500000,43500000
1,290,43500000,43500100,4754,47549,43650000,43650000
1,291,43650000,43650100,4754,47549,43800000,43800000
1,292,43800000,43800100,4754,47549,43950000,43950000
1,293,43950000,43950100,4754,47549,44100000,44100000
1,294,44100000,44100100,4754,47549,44250000,44250000
1,295,44250000,44250100,4754,47549,44400000,44400000
1,296,44400000,44400100,4754,47549,44550000,44550000
1,297,44550000,44550100,4754,47549,44700000,44700000
1,298,44700000,44700100,4754,47549,44850000,44850000
1,299,44850000,44850100,4754,47549,45000000,45000000
1,300,45000000,45000100,4754,47549,45150000,45150000
1,301,45150000,45150100,4754,47549,45300000,45300000
1,302,45300000,45300100,4754,47549,45450000,45450000
1,303,45450000,45450100,4754,47549,45600000,45600000
1,304,45600000,45600100,4754,47549,45750000,45750000
1,305,45750000,45750100,4754,47549,45900000,45900000
1,306,45900000,45900100,4754,47549,46050000,46050000
1,307,46050000,46050100,4754,47549,46200000,46200000
1,308,46200000,46200100,4754,47549,46350000,46350000
1,309,46350000,46350100,4754,47549,46500000,46500000
1,310,46500000,46500100,4754,47549,46650000,46650000
1,311,46650000,46650100,4754,47549,46800000,46800000
1,312,46800000,46800100,4754,47549,46950000,46950000
1,313,46950000,46950100,4754,47549,47100000,47100000
1,314,47100000,47100100,4754,47549,47250000,47250000
1,315,47250000,47250100,4754,47549,47400000,47400000
1,316,47400000,47400100,4754,47549,47550000,47550000
1,317,47550000,47550100,4754,47549,47700000,47700000
1,318,47700000,47700100,4754,47549,47850000,47850000
1,319,47850000,47850100,4754,47549,48000000,48000000
1,320,48000000,48000100,4754,47549,48150000,48150000
1,321,48150000,48150100,4754,47549,48300000,48300000
1,322,48300000,48300100,4754,47549,48450000,48450000
1,323,48450000,48450100,4754,47549,48600000,48600000
1,324,48600000,48600100,4754,47549,48750000,48750000
1,325,48750000,48750100,4754,47549,48900000,48900000
1,326,48900000,48900100,4754,47549,49050000,49050000
1,327,49050000,49050100,4754,47549,49200000,49200000
1,328,49200000,49200100,4754,47549,49350000,49350000
1,329,49350000,49350100,4754,47549,49500000,49500000
1,330,49500000,49500100,4754,47549,49650000,49650000
1,331,49650000,49650100,4754,47549,49800000,49800000
1,332,49800000,49800100,4754,47549,49950000,49950000
1,333,49950000,49950100,4754,47549,50100000,50100000
1,334,50100000,50100100,4754,47549,50250000,50250000
1,335,50250000,50250100,4754,47549,50400000,50400000
1,336,50400000,50400100,4754,47549,50550000,50550000
1,337,50550000,50550100,4754,47549,50700000,50700000
1,338,50700000,50700100,4754,47549,50850000,50850000
1,339,50850000,50850100,4754,47549,51000000,51000000
1,340,51000000,51000100,4754,47549,51150000,51150000
1,341,51150000,51150100,4754,47549,51300000,51300000
1,342,51300000,51300100,4754,47549,51450000,51450000
1,343,51450000,51450100,4754,47549,51600000,51600000
1,344,51600000,51600100,4754,47549,51750000,51750000
1,345,51750000,51750100,4754,47549,51900000,51900000
1,346,51900000,51900100,4754,47549,52050000,52050000
1,347,52050000,52050100,4754,47549,52200000,52200000
1,348,52200000,52200100,4754,47549,52350000,52350000
1,349,52350000,52350100,4754,47549,52500000,52500000
1,350,52500000,52500100,4754,47549,52650000,52650000
1,351,52650000,52650100,4754,47549,52800000,52800000
1,352,52800000,52800100,4754,47549,52950000,52950000
1,353,52950000,52950100,4754,47549,53100000,53100000
1,354,53100000,53100100,4754,47549,53250000,53250000
1,355,53250000,53250100,4754,47549,53400000,53400000
1,356,53400000,53400100,4754,47549,53550000,53550000
1,357,53550000,53550100,4754,47549,53700000,53700000
1,358,53700000,53700100,4754,47549,53850000,53850000
1,359,53850000,53850100,4754,47549,54000000,54000000
1,360,54000000,54000100,4754,47549,54150000,54150000
1,361,54150000,54150100,4754,47549,54300000,54300000
1,362,54300000,54300100,4754,47549,54450000,54450000
1,363,54450000,54450100,4754,47549,54600000,54600000
1,364,54600000,54600100,4754,47549,54750000,54750000
1,365,54750000,54750100,4754,47549,54900000,54900000
1,366,54900000,54900100,4754,47549,55050000,55050000
1,367,55050000,55050100,4754,47549,55200000,55200000
1,368,55200000,55200100,4754,47549,55350000,55350000
1,369,55350000,55350100,4754,47549,55500000,55500000
1,370,55500000,55500100,4754,47549,55650000,55650000
1,371,55650000,55650100,4754,47549,55800000,55800000
1,372,55800000,55800100,4754,47549,55950000,55950000
1,373,55950000,55950100,4754,47549,56100000,56100000
1,374,56100000,56100100,4754,47549,56250000,56250000
1,375,56250000,56250100,4754,47549,56400000,56400000
1,376,56400000,56400100,4754,47549,56550000,56550000
1,377,56550000,56550100,4754,47549,56700000,56700000
1,378,56700000,56700100,4754,47549,56850000,56850000
1,379,56850000,56850100,4754,47549,57000000,57000000
1,380,57000000,57000100,4754,47549,57150000,57150000
1,381,57150000,57150100,4754,47549,57300000,57300000
1,382,57300000,57300100,4754,47549,57450000,57450000
1,383,57450000,57450100,4754,47549,57600000,57600000
1,384,57600000,57600100,4754,47549,57750000,57750000
1,385,57750000,57750100,4754,47549,57900000,57900000
1,386,57900000,57900100,4754,47549,58050000,58050000
1,387,58050000,58050100,4754,47549,58200000,58200000
1,388,58200000,58200100,4754,47549,58350000,58350000
1,389,58350000,58350100,4754,47549,58500000,58500000
1,390,58500000,58500100,4754,47549,58650000,58650000
1,391,58650000,58650100,4754,47549,58800000,58800000
1,392,58800000,58800100,4754,47549,58950000,58950000
1,393,58950000,58950100,4754,47549,59100000,59100000
1,394,59100000,59100100,4754,47549,59250000,59250000
1,395,59250000,59250100,4754,47549,59400000,59400000
1,396,59400000,59400100,4754,47549,59550000,59550000
1,397,59550000,59550100,4754,47549,59700000,59700000
1,398,59700000,59700100,4754,47549,59850000,59850000
1,399,59850000,59850100,4754,47549,60000000,60000000
1,400,60000000,60000100,4754,47549,60150000,60150000
1,401,60150000,60150100,4754,47549,60300000,60300000
1,402,60300000,60300100,4754,47549,60450000,60450000
1,403,60450000,60450100,4754,47549,60600000,60600000
1,404,60600000,60600100,4754,47549,60750000,60750000
1,405,60750000,60750100,4754,47549,60900000,60900000
1,406,60900000,60900100,4754,47549,61050000,61050000
1,407,61050000,61050100,4754,47549,61200000,61200000
1,408,61200000,61200100,4754,47549,61350000,61350000
1,409,61350000,61350100,4754,47549,61500000,61500000
1,410,61500000,61500100,4754,47549,61650000,61650000
1,411,61650000,61650100,4754,47549,61800000,61800000
1,412,61800000,61800100,4754,47549,61950000,61950000
1,413,61950000,61950100,4754,47549,62100000,62100000
1,414,62100000,62100100,4754,47549,62250000,62250000
1,415,62250000,62250100,4754,47549,62400000,62400000
1,416,62400000,62400100,4754,47549,62550000,62550000
1,417,62550000,62550100,4754,47549,62700000,62700000
1,418,62700000,62700100,4754,47549,62850000,62850000
1,419,62850000,62850100,4754,47549,63000000,63000000
1,420,63000000,63000100,4754,47549,63150000,63150000
1,421,63150000,63150100,4754,47549,63300000,63300000
1,422,63300000,63300100,4754,47549,63450000,63450000
1,423,63450000,63450100,4754,47549,63600000,63600000
1,424,63600000,63600100,4754,47549,63750000,63750000
1,425,63750000,63750100,4754,47549,63900000,63900000
1,426,63900000,63900100,4754,47549,64050000,64050000
1,427,64050000,64050100,4754,47549,64200000,64200000
1,428,64200000,64200100,4754,47549,64350000,64350000
1,429,64350000,64350100,4754,47549,64500000,64500000
1,430,64500000,64500100,4754,47549,64650000,64650000
1,431,64650000,64650100,4754,47549,64800000,64800000
1,432,64800000,64800100,4754,47549,64950000,64950000
1,433,64950000,64950100,4754,47549,65100000,65100000
1,434,65100000,65100100,4754,47549,65250000,65250000
1,435,65250000,65250100,4754,47549,65400000,65400000
1,436,65400000,65400100,4754,47549,65550000,65550000
1,437,65550000,65550100,4754,47549,65700000,65700000
1,438,65700000,65700100,4754,47549,65850000,65850000
1,439,65850000,65850100,4754,47549,66000000,66000000
1,440,66000000,66000100,4754,47549,66150000,66150000
1,441,66150000,66150100,4754,47549,66300000,66300000
1,442,66300000,66300100,4754,47549,66450000,66450000
1,443,66450000,66450100,4754,47549,66600000,66600000
1,444,66600000,66600100,4754,47549,66750000,66750000
1,445,66750000,66750100,4754,47549,66900000,66900000
1,446,66900000,66900100,4754,47549,67050000,67050000
1,447,67050000,67050100,4754,47549,67200000,67200000
1,448,67200000,67200100,4754,47549,67350000,67350000
1,449,67350000,67350100,4754,47549,67500000,67500000
1,450,67500000,67500100,4754,47549,67650000,67650000
1,451,67650000,67650100,4754,47549,67800000,67800000
1,452,67800000,67800100,4754,47549,67950000,67950000
1,453,67950000,67950100,4754,47549,68100000,68100000
1,454,68100000,68100100,4754,47549,68250000,68250000
1,455,68250000,68250100,4754,47549,68400000,68400000
1,456,68400000,68400100,4754,47549,68550000,68550000
1,457,68550000,68550100,4754,47549,68700000,68700000
1,458,68700000,68700100,4754,47549,68850000,68850000
1,459,68850000,68850100,4754,47549,69000000,69000000
1,460,69000000,69000100,4754,47549,69150000,69150000
1,461,69150000,69150100,4754,47549,69300000,69300000
1,462,69300000,69300100,4754,47549,69450000,69450000
1,463,69450000,69450100,4754,47549,69600000,69600000
1,464,69600000,69600100,4754,47549,69750000,69750000
1,465,69750000,69750100,4754,47549,69900000,69900000
1,466,69900000,69900100,4754,47549,70050000,70050000
1,467,70050000,70050100,4754,47549,70200000,70200000
1,468,70200000,70200100,4754,47549,70350000,70350000
1,469,70350000,70350100,4754,47549,70500000,70500000
1,470,70500000,70500100,4754,47549,70650000,70650000
1,471,70650000,70650100,4754,47549,70800000,70800000
1,472,70800000,70800100,4754,47549,70950000,70950000
1,473,70950000,70950100,4754,47549,71100000,71100000
1,474,71100000,71100100,4754,47549,71250000,71250000
1,475,71250000,71250100,4754,47549,71400000,71400000
1,476,71400000,71400100,4754,47549,71550000,71550000
1,477,71550000,71550100,4754,47549,71700000,71700000
1,478,71700000,71700100,4754,47549,71850000,71850000
1,479,71850000,71850100,4754,47549,72000000,72000000
1,480,72000000,72000100,4754,47549,72150000,72150000
1,481,72150000,72150100,4754,47549,72300000,72300000
1,482,72300000,72300100,4754,47549,72450000,72450000
1,483,72450000,72450100,4754,47549,72600000,72600000
1,484,72600000,72600100,4754,47549,72750000,72750000
1,485,72750000,72750100,4754,47549,72900000,72900000
1,486,72900000,72900100,4754,47549,73050000,73050000
1,487,73050000,73050100,4754,47549,73200000,73200000
1,488,73200000,73200100,4754,47549,73350000,73350000
1,489,73350000,73350100,4754,47549,73500000,73500000
1,490,73500000,73500100,4754,47549,73650000,73650000
1,491,73650000,73650100,4754,47549,73800000,73800000
1,492,73800000,73800100,4754,47549,73950000,73950000
1,493,73950000,73950100,4754,47549,74100000,74100000
1,494,74100000,74100100,4754,47549,74250000,74250000
1,495,74250000,74250100,4754,47549,74400000,74400000
1,496,74400000,74400100,4754,47549,74550000,74550000
1,497,74550000,74550100,4754,47549,74700000,74700000
1,498,74700000,74700100,4754,47549,74850000,74850000
1,499,74850000,74850100,4754,47549,75000000,75000000
1,500,75000000,75000100,4754,47549,75150000,75150000
1,501,75150000,75150100,4754,47549,75300000,75300000
1,502,75300000,75300100,4754,47549,75450000,75450000
1,503,75450000,75450100,4754,47549,75600000,75600000
1,504,75600000,75600100,4754,47549,75750000,75750000
1,505,75750000,75750100,4754,47549,75900000,75900000
1,506,75900000,75900100,4754,47549,76050000,76050000
1,507,76050000,76050100,4754,47549,76200000,76200000
1,508,76200000,76200100,4754,47549,76350000,76350000
1,509,76350000,76350100,4754,47549,76500000,76500000
1,510,76500000,76500100,4754,47549,76650000,76650000
1,511,76650000,76650100,4754,47549,76800000,76800000
1,512,76800000,76800100,4754,47549,76950000,76950000
1,513,76950000,76950100,4754,47549,77100000,77100000
1,514,77100000,77100100,4754,47549,77250000,77250000
1,515,77250000,77250100,4754,47549,77400000,77400000
1,516,77400000,77400100,4754,47549,77550000,77550000
1,517,77550000,77550100,4754,47549,77700000,77700000
1,518,77700000,77700100,4754,47549,77850000,77850000
1,519,77850000,77850100,4754,47549,78000000,78000000
1,520,78000000,78000100,4754,47549,78150000,78150000
1,521,78150000,78150100,4754,47549,78300000,78300000
1,522,78300000,78300100,4754,47549,78450000,78450000
1,523,78450000,78450100,4754,47549,78600000,78600000
1,524,78600000,78600100,4754,47549,78750000,78750000
1,525,78750000,78750100,4754,47549,78900000,78900000
1,526,78900000,78900100,4754,47549,79050000,79050000
1,527,79050000,79050100,4754,47549,79200000,79200000
1,528,79200000,79200100,4754,47549,79350000,79350000
1,529,79350000,79350100,4754,47549,79500000,79500000
1,530,79500000,79500100,4754,47549,79650000,79650000
1,531,79650000,79650100,4754,47549,79800000,79800000
1,532,79800000,79800100,4754,47549,79950000,79950000
1,533,79950000,79950100,4754,47549,80100000,80100000
1,534,80100000,80100100,4754,47549,80250000,80250000
1,535,80250000,80250100,4754,47549,80400000,80400000
1,536,80400000,80400100,4754,47549,80550000,80550000
1,537,80550000,80550100,4754,47549,80700000,80700000
1,538,80700000,80700100,4754,47549,80850000,80850000
1,539,80850000,80850100,4754,47549,81000000,81000000
1,540,81000000,81000100,4754,47549,81150000,81150000
1,541,81150000,81150100,4754,47549,81300000,81300000
1,542,81300000,81300100,4754,47549,81450000,81450000
1,543,81450000,81450100,4754,47549,81600000,81600000
1,544,81600000,81600100,4754,47549,81750000,81750000
1,545,81750000,81750100,4754,47549,81900000,81900000
1,546,81900000,81900100,4754,47549,82050000,82050000
1,547,82050000,82050100,4754,47549,82200000,82200000
1,548,82200000,82200100,4754,47549,82350000,82350000
1,549,82350000,82350100,4754,47549,82500000,82500000
1,550,82500000,82500100,4754,47549,82650000,82650000
1,551,82650000,82650100,4754,47549,82800000,82800000
1,552,82800000,82800100,4754,47549,82950000,82950000
1,553,82950000,82950100,4754,47549,83100000,83100000
1,554,83100000,83100100,4754,47549,83250000,83250000
1,555,83250000,83250100,4754,47549,83400000,83400000
1,556,83400000,83400100,4754,47549,83550000,83550000
1,557,83550000,83550100,4754,47549,83700000,83700000
1,558,83700000,83700100,4754,47549,83850000,83850000
1,559,83850000,83850100,4754,47549,84000000,84000000
1,560,84000000,84000100,4754,47549,84150000,84150000
1,561,84150000,84150100,4754,47549,84300000,84300000
1,562,84300000,84300100,4754,47549,84450000,84450000
1,563,84450000,84450100,4754,47549,84600000,84600000
1,564,84600000,84600100,4754,47549,84750000,84750000
1,565,84750000,84750100,4754,47549,84900000,84900000
1,566,84900000,84900100,4754,47549,85050000,85050000
1,567,85050000,85050100,4754,47549,85200000,85200000
1,568,85200000,85200100,4754,47549,85350000,85350000
1,569,85350000,85350100,4754,47549,85500000,85500000
1,570,85500000,85500100,4754,47549,85650000,85650000
1,571,85650000,85650100,4754,47549,85800000,85800000
1,572,85800000,85800100,4754,47549,85950000,85950000
1,573,85950000,85950100,4754,47549,86100000,86100000
1,574,86100000,86100100,4754,47549,86250000,86250000
1,575,86250000,86250100,4754,47549,86400000,86400000
1,576,86400000,86400100,4754,47549,86550000,86550000
1,577,86550000,86550100,4754,47549,86700000,86700000
1,578,86700000,86700100,4754,47549,86850000,86850000
1,579,86850000,86850100,4754,47549,87000000,87000000
1,580,87000000,87000100,4754,47549,87150000,87150000
1,581,87150000,87150100,4754,47549,87300000,87300000
1,582,87300000,87300100,4754,47549,87450000,87450000
1,583,87450000,87450100,4754,47549,87600000,87600000
1,584,87600000,87600100,4754,47549,87750000,87750000
1,585,87750000,87750100,4754,47549,87900000,87900000
1,586,87900000,87900100,4754,47549,88050000,88050000
1,587,88050000,88050100,4754,47549,88200000,88200000
1,588,88200000,88200100,4754,47549,88350000,88350000
1,589,88350000,88350100,4754,47549,88500000,88500000
1,590,88500000,88500100,4754,47549,88650000,88650000
1,591,88650000,88650100,4754,47549,88800000,88800000
1,592,88800000,88800100,4754,47549,88950000,88950000
1,593,88950000,88950100,4754,47549,89100000,89100000
1,594,89100000,89100100,4754,47549,89250000,89250000
1,595,89250000,89250100,4754,47549,89400000,89400000
1,596,89400000,89400100,4754,47549,89550000,89550000
1,597,89550000,89550100,4754,47549,89700000,89700000
1,598,89700000,89700100,4754,47549,89850000,89850000
1,599,89850000,89850100,4754,47549,90000000,90000000
1,600,90000000,90000100,4754,47549,90150000,90150000
1,601,90150000,90150100,4754,47549,90300000,90300000
1,602,90300000,90300100,4754,47549,90450000,90450000
1,603,90450000,90450100,4754,47549,90600000,90600000
1,604,90600000,90600100,4754,47549,90750000,90750000
1,605,90750000,90750100,4754,47549,90900000,90900000
1,606,90900000,90900100,4754,47549,91050000,91050000
1,607,91050000,91050100,4754,47549,91200000,91200000
1,608,91200000,91200100,4754,47549,91350000,91350000
1,609,91350000,91350100,4754,47549,91500000,91500000
1,610,91500000,91500100,4754,47549,91650000,91650000
1,611,91650000,91650100,4754,47549,91800000,91800000
1,612,91800000,91800100,4754,47549,91950000,91950000
1,613,91950000,91950100,4754,47549,92100000,92100000
1,614,92100000,92100100,4754,47549,92250000,92250000
1,615,92250000,92250100,4754,47549,92400000,92400000
1,616,92400000,92400100,4754,47549,92550000,92550000
1,617,92550000,92550100,4754,47549,92700000,92700000
1,618,92700000,92700100,4754,47549,92850000,92850000
1,619,92850000,92850100,4754,47549,93000000,93000000
1,620,93000000,93000100,4754,47549,93150000,93150000
1,621,93150000,93150100,4754,47549,93300000,93300000
1,622,93300000,93300100,4754,47549,93450000,93450000
1,623,93450000,93450100,4754,47549,93600000,93600000
1,624,93600000,93600100,4754,47549,93750000,93750000
1,625,93750000,93750100,4754,47549,93900000,93900000
1,626,93900000,93900100,4754,47549,94050000,94050000
1,627,94050000,94050100,4754,47549,94200000,94200000
1,628,94200000,94200100,4754,47549,94350000,94350000
1,629,94350000,94350100,4754,47549,94500000,94500000
1,630,94500000,94500100,4754,47549,94650000,94650000
1,631,94650000,94650100,4754,47549,94800000,94800000
1,632,94800000,94800100,4754,47549,94950000,94950000
1,633,94950000,94950100,4754,47549,95100000,95100000
1,634,95100000,95100100,4754,47549,95250000,95250000
1,635,95250000,95250100,4754,47549,95400000,95400000
1,636,95400000,95400100,4754,47549,95550000,95550000
1,637,95550000,95550100,4754,47549,95700000,95700000
1,638,95700000,95700100,4754,47549,95850000,95850000
1,639,95850000,95850100,4754,47549,96000000,96000000
1,640,96000000,96000100,4754,47549,96150000,96150000
1,641,96150000,96150100,4754,47549,96300000,96300000
1,642,96300000,96300100,4754,47549,96450000,96450000
1,643,96450000,96450100,4754,47549,96600000,96600000
1,644,96600000,96600100,4754,47549,96750000,96750000
1,645,96750000,96750100,4754,47549,96900000,96900000
1,646,96900000,96900100,4754,47549,97050000,97050000
1,647,97050000,97050100,4754,47549,97200000,97200000
1,648,97200000,97200100,4754,47549,97350000,97350000
1,649,97350000,97350100,4754,47549,97500000,97500000
1,650,97500000,97500100,4754,47549,97650000,97650000
1,651,97650000,97650100,4754,47549,97800000,97800000
1,652,97800000,97800100,4754,47549,97950000,97950000
1,653,97950000,97950100,4754,47549,98100000,98100000
1,654,98100000,98100100,4754,47549,98250000,98250000
1,655,98250000,98250100,4754,47549,98400000,98400000
1,656,98400000,98400100,4754,47549,98550000,98550000
1,657,98550000,98550100,4754,47549,98700000,98700000
1,658,98700000,98700100,4754,47549,98850000,98850000
1,659,98850000,98850100,4754,47549,99000000,99000000
1,660,99000000,99000100,4754,47549,99150000,99150000
1,661,99150000,99150100,4754,47549,99300000,99300000
1,662,99300000,99300100,4754,47549,99450000,99450000
1,663,99450000,99450100,4754,47549,99600000,99600000
1,664,99600000,99600100,4754,47549,99750000,99750000
1,665,99750000,99750100,4754,47549,99900000,99900000
1,666,99900000,99900100,4754,47549,100050000,100050000
1,667,100050000,100050100,4754,47549,100200000,100200000
1,668,100200000,100200100,4754,47549,100350000,100350000
1,669,100350000,100350100,4754,47549,100500000,100500000
1,670,100500000,100500100,4754,47549,100650000,100650000
1,671,100650000,100650100,4754,47549,100800000,100800000
1,672,100800000,100800100,4754,47549,100950000,100950000
1,673,100950000,100950100,4754,47549,101100000,101100000
1,674,101100000,101100100,4754,47549,101250000,101250000
1,675,101250000,101250100,4754,47549,101400000,101400000
1,676,101400000,101400100,4754,47549,101550000,101550000
1,677,101550000,101550100,4754,47549,101700000,101700000
1,678,101700000,101700100,4754,47549,101850000,101850000
1,679,101850000,101850100,4754,47549,102000000,102000000
1,680,102000000,102000100,4754,47549,102150000,102150000
1,681,102150000,102150100,4754,47549,102300000,102300000
1,682,102300000,102300100,4754,47549,102450000,102450000
1,683,102450000,102450100,4754,47549,102600000,102600000
1,684,102600000,102600100,4754,47549,102750000,102750000
1,685,102750000,102750100,4754,47549,102900000,102900000
1,686,102900000,102900100,4754,47549,103050000,103050000
1,687,103050000,103050100,4754,47549,103200000,103200000
1,688,103200000,103200100,4754,47549,103350000,103350000
1,689,103350000,103350100,4754,47549,103500000,103500000
1,690,103500000,103500100,4754,47549,103650000,103650000
1,691,103650000,103650100,4754,47549,103800000,103800000
1,692,103800000,103800100,4754,47549,103950000,103950000
1,693,103950000,103950100,4754,47549,104100000,104100000
1,694,104100000,104100100,4754,47549,104250000,104250000
1,695,104250000,104250100,4754,47549,104400000,104400000
1,696,104400000,104400100,4754,47549,104550000,104550000
1,697,104550000,104550100,4754,47549,104700000,104700000
1,698,104700000,104700100,4754,47549,104850000,104850000
1,699,104850000,104850100,4754,47549,105000000,105000000
1,700,105000000,105000100,4754,47549,105150000,105150000
1,701,105150000,105150100,4754,47549,105300000,105300000
1,702,105300000,105300100,4754,47549,105450000,105450000
1,703,105450000,105450100,4754,47549,105600000,105600000
1,704,105600000,105600100,4754,47549,105750000,105750000
1,705,105750000,105750100,4754,47549,105900000,105900000
1,706,105900000,105900100,4754,47549,106050000,106050000
1,707,106050000,106050100,4754,47549,106200000,106200000
1,708,106200000,106200100,4754,47549,106350000,106350000
1,709,106350000,106350100,4754,47549,106500000,106500000
1,710,106500000,106500100,4754,47549,106650000,106650000
1,711,106650000,106650100,4754,47549,106800000,106800000
1,712,106800000,106800100,4754,47549,106950000,106950000
1,713,106950000,106950100,4754,47549,107100000,107100000
1,714,107100000,107100100,4754,47549,107250000,107250000
1,715,107250000,107250100,4754,47549,107400000,107400000
1,716,107400000,107400100,4754,47549,107550000,107550000
1,717,107550000,107550100,4754,47549,107700000,107700000
1,718,107700000,107700100,4754,47549,107850000,107850000
1,719,107850000,107850100,4754,47549,108000000,108000000
1,720,108000000,108000100,4754,47549,108150000,108150000
1,721,108150000,108150100,4754,47549,108300000,108300000
1,722,108300000,108300100,4754,47549,108450000,108450000
1,723,108450000,108450100,4754,47549,108600000,108600000
1,724,108600000,108600100,4754,47549,108750000,108750000
1,725,108750000,108750100,4754,47549,108900000,108900000
1,726,108900000,108900100,4754,47549,109050000,109050000
1,727,109050000,109050100,4754,47549,109200000,109200000
1,728,109200000,109200100,4754,47549,109350000,109350000
1,729,109350000,109350100,4754,47549,109500000,109500000
1,730,109500000,109500100,4754,47549,109650000,109650000
1,731,109650000,109650100,4754,47549,109800000,109800000
1,732,109800000,109800100,4754,47549,109950000,109950000
1,733,109950000,109950100,4754,47549,110100000,110100000
1,734,110100000,110100100,4754,47549,110250000,110250000
1,735,110250000,110250100,4754,47549,110400000,110400000
1,736,110400000,110400100,4754,47549,110550000,110550000
1,737,110550000,110550100,4754,47549,110700000,110700000
1,738,110700000,110700100,4754,47549,110850000,110850000
1,739,110850000,110850100,4754,47549,111000000,111000000
1,740,111000000,111000100,4754,47549,111150000,111150000
1,741,111150000,111150100,4754,47549,111300000,111300000
1,742,111300000,111300100,4754,47549,111450000,111450000
1,743,111450000,111450100,4754,47549,111600000,111600000
1,744,111600000,111600100,4754,47549,111750000,111750000
1,745,111750000,111750100,4754,47549,111900000,111900000
1,746,111900000,111900100,4754,47549,112050000,112050000
1,747,112050000,112050100,4754,47549,112200000,112200000
1,748,112200000,112200100,4754,47549,112350000,112350000
1,749,112350000,112350100,4754,47549,112500000,112500000
1,750,112500000,112500100,4754,47549,112650000,112650000
1,751,112650000,112650100,4754,47549,112800000,112800000
1,752,112800000,112800100,4754,47549,112950000,112950000
1,753,112950000,112950100,4754,47549,113100000,113100000
1,754,113100000,113100100,4754,47549,113250000,113250000
1,755,113250000,113250100,4754,47549,113400000,113400000
1,756,113400000,113400100,4754,47549,113550000,113550000
1,757,113550000,113550100,4754,47549,113700000,113700000
1,758,113700000,113700100,4754,47549,113850000,113850000
1,759,113850000,113850100,4754,47549,114000000,114000000
1,760,114000000,114000100,4754,47549,114150000,114150000
1,761,114150000,114150100,4754,47549,114300000,114300000
1,762,114300000,114300100,4754,47549,114450000,114450000
1,763,114450000,114450100,4754,47549,114600000,114600000
1,764,114600000,114600100,4754,47549,114750000,114750000
1,765,114750000,114750100,4754,47549,114900000,114900000
1,766,114900000,114900100,4754,47549,115050000,115050000
1,767,115050000,115050100,4754,47549,115200000,115200000
1,768,115200000,115200100,4754,47549,115350000,115350000
1,769,115350000,115350100,4754,47549,115500000,115500000
1,770,115500000,115500100,4754,47549,115650000,115650000
1,771,115650000,115650100,4754,47549,115800000,115800000
1,772,115800000,115800100,4754,47549,115950000,115950000
1,773,115950000,115950100,4754,47549,116100000,116100000
1,774,116100000,116100100,4754,47549,116250000,116250000
1,775,116250000,116250100,4754,47549,116400000,116400000
1,776,116400000,116400100,4754,47549,116550000,116550000
1,777,116550000,116550100,4754,47549,116700000,116700000
1,778,116700000,116700100,4754,47549,116850000,116850000
1,779,116850000,116850100,4754,47549,117000000,117000000
1,780,117000000,117000100,4754,47549,117150000,117150000
1,781,117150000,117150100,4754,47549,117300000,117300000
1,782,117300000,117300100,4754,47549,117450000,117450000
1,783,117450000,117450100,4754,47549,117600000,117600000
1,784,117600000,117600100,4754,47549,117750000,117750000
1,785,117750000,117750100,4754,47549,117900000,117900000
1,786,117900000,117900100,4754,47549,118050000,118050000
1,787,118050000,118050100,4754,47549,118200000,118200000
1,788,118200000,118200100,4754,47549,118350000,118350000
1,789,118350000,118350100,4754,47549,118500000,118500000
1,790,118500000,118500100,4754,47549,118650000,118650000
1,791,118650000,118650100,4754,47549,118800000,118800000
1,792,118800000,118800100,4754,47549,118950000,118950000
1,793,118950000,118950100,4754,47549,119100000,119100000
1,794,119100000,119100100,4754,47549,119250000,119250000
1,795,119250000,119250100,4754,47549,119400000,119400000
1,796,119400000,119400100,4754,47549,119550000,119550000
1,797,119550000,119550100,4754,47549,119700000,119700000
1,798,119700000,119700100,4754,47549,119850000,119850000
1,799,119850000,119850100,4754,47549,120000000,120000000
1,800,120000000,120000100,4754,47549,120150000,120150000
1,801,120150000,120150100,4754,47549,120300000,120300000
1,802,120300000,120300100,4754,47549,120450000,120450000
1,803,120450000,120450100,4754,47549,120600000,120600000
1,804,120600000,120600100,4754,47549,120750000,120750000
1,805,120750000,120750100,4754,47549,120900000,120900000
1,806,120900000,120900100,4754,47549,121050000,121050000
1,807,121050000,121050100,4754,47549,121200000,121200000
1,808,121200000,121200100,4754,47549,121350000,121350000
1,809,121350000,121350100,4754,47549,121500000,121500000
1,810,121500000,121500100,4754,47549,121650000,121650000
1,811,121650000,121650100,4754,47549,121800000,121800000
1,812,121800000,121800100,4754,47549,121950000,121950000
1,813,121950000,121950100,4754,47549,122100000,122100000
1,814,122100000,122100100,4754,47549,122250000,122250000
1,815,122250000,122250100,4754,47549,122400000,122400000
1,816,122400000,122400100,4754,47549,122550000,122550000
1,817,122550000,122550100,4754,47549,122700000,122700000
1,818,122700000,122700100,4754,47549,122850000,122850000
1,819,122850000,122850100,4754,47549,123000000,123000000
1,820,123000000,123000100,4754,47549,123150000,123150000
1,821,123150000,123150100,4754,47549,123300000,123300000
1,822,123300000,123300100,4754,47549,123450000,123450000
1,823,123450000,123450100,4754,47549,123600000,123600000
1,824,123600000,123600100,4754,47549,123750000,123750000
1,825,123750000,123750100,4754,47549,123900000,123900000
1,826,123900000,123900100,4754,47549,124050000,124050000
1,827,124050000,124050100,4754,47549,124200000,124200000
1,828,124200000,124200100,4754,47549,124350000,124350000
1,829,124350000,124350100,4754,47549,124500000,124500000
1,830,124500000,124500100,4754,47549,124650000,124650000
1,831,124650000,124650100,4754,47549,124800000,124800000
1,832,124800000,124800100,4754,47549,124950000,124950000
1,833,124950000,124950100,4754,47549,125100000,125100000
1,834,125100000,125100100,4754,47549,125250000,125250000
1,835,125250000,125250100,4754,47549,125400000,125400000
1,836,125400000,125400100,4754,47549,125550000,125550000
1,837,125550000,125550100,4754,47549,125700000,125700000
1,838,125700000,125700100,4754,47549,125850000,125850000
1,839,125850000,125850100,4754,47549,126000000,126000000
1,840,126000000,126000100,4754,47549,126150000,126150000
1,841,126150000,126150100,4754,47549,126300000,126300000
1,842,126300000,126300100,4754,47549,126450000,126450000
1,843,126450000,126450100,4754,47549,126600000,126600000
1,844,126600000,126600100,4754,47549,126750000,126750000
1,845,126750000,126750100,4754,47549,126900000,126900000
1,846,126900000,126900100,4754,47549,127050000,127050000
1,847,127050000,127050100,4754,47549,127200000,127200000
1,848,127200000,127200100,4754,47549,127350000,127350000
1,849,127350000,127350100,4754,47549,127500000,127500000
1,850,127500000,127500100,4754,47549,127650000,127650000
1,851,127650000,127650100,4754,47549,127800000,127800000
1,852,127800000,127800100,4754,47549,127950000,127950000
1,853,127950000,127950100,4754,47549,128100000,128100000
1,854,128100000,128100100,4754,47549,128250000,128250000
1,855,128250000,128250100,4754,47549,128400000,128400000
1,856,128400000,128400100,4754,47549,128550000,128550000
1,857,128550000,128550100,4754,47549,128700000,128700000
1,858,128700000,128700100,4754,47549,128850000,128850000
1,859,128850000,128850100,4754,47549,129000000,129000000
1,860,129000000,129000100,4754,47549,129150000,129150000
1,861,129150000,129150100,4754,47549,129300000,129300000
1,862,129300000,129300100,4754,47549,129450000,129450000
1,863,129450000,129450100,4754,47549,129600000,129600000
1,864,129600000,129600100,4754,47549,129750000,129750000
1,865,129750000,129750100,4754,47549,129900000,129900000
1,866,129900000,129900100,4754,47549,130050000,130050000
1,867,130050000,130050100,4754,47549,130200000,130200000
1,868,130200000,130200100,4754,47549,130350000,130350000
1,869,130350000,130350100,4754,47549,130500000,130500000
1,870,130500000,130500100,4754,47549,130650000,130650000
1,871,130650000,130650100,4754,47549,130800000,130800000
1,872,130800000,130800100,4754,47549,130950000,130950000
1,873,130950000,130950100,4754,47549,131100000,131100000
1,874,131100000,131100100,4754,47549,131250000,131250000
1,875,131250000,131250100,4754,47549,131400000,131400000
1,876,131400000,131400100,4754,47549,131550000,131550000
1,877,131550000,131550100,4754,47549,131700000,131700000
1,878,131700000,131700100,4754,47549,131850000,131850000
1,879,131850000,131850100,4754,47549,132000000,132000000
1,880,132000000,132000100,4754,47549,132150000,132150000
1,881,132150000,132150100,4754,47549,132300000,132300000
1,882,132300000,132300100,4754,47549,132450000,132450000
1,883,132450000,132450100,4754,47549,132600000,132600000
1,884,132600000,132600100,4754,47549,132750000,132750000
1,885,132750000,132750100,4754,47549,132900000,132900000
1,886,132900000,132900100,4754,47549,133050000,133050000
1,887,133050000,133050100,4754,47549,133200000,133200000
1,888,133200000,133200100,4754,47549,133350000,133350000
1,889,133350000,133350100,4754,47549,133500000,133500000
1,890,133500000,133500100,4754,47549,133650000,133650000
1,891,133650000,133650100,4754,47549,133800000,133800000
1,892,133800000,133800100,4754,47549,133950000,133950000
1,893,133950000,133950100,4754,47549,134100000,134100000
1,894,134100000,134100100,4754,47549,134250000,134250000
1,895,134250000,134250100,4754,47549,134400000,134400000
1,896,134400000,134400100,4754,47549,134550000,134550000
1,897,134550000,134550100,4754,47549,134700000,134700000
1,898,134700000,134700100,4754,47549,134850000,134850000
1,899,134850000,134850100,4754,47549,135000000,135000000
1,900,135000000,135000100,4754,47549,135150000,135150000
1,901,135150000,135150100,4754,47549,135300000,135300000
1,902,135300000,135300100,4754,47549,135450000,135450000
1,903,135450000,135450100,4754,47549,135600000,135600000
1,904,135600000,135600100,4754,47549,135750000,135750000
1,905,135750000,135750100,4754,47549,135900000,135900000
1,906,135900000,135900100,4754,47549,136050000,136050000
1,907,136050000,136050100,4754,47549,136200000,136200000
1,908,136200000,136200100,4754,47549,136350000,136350000
1,909,136350000,136350100,4754,47549,136500000,136500000
1,910,136500000,136500100,4754,47549,136650000,136650000
1,911,136650000,136650100,4754,47549,136800000,136800000
1,912,136800000,136800100,4754,47549,136950000,136950000
1,913,136950000,136950100,4754,47549,137100000,137100000
1,914,137100000,137100100,4754,47549,137250000,137250000
1,915,137250000,137250100,4754,47549,137400000,137400000
1,916,137400000,137400100,4754,47549,137550000,137550000
1,917,137550000,137550100,4754,47549,137700000,137700000
1,918,137700000,137700100,4754,47549,137850000,137850000
1,919,137850000,137850100,4754,47549,138000000,138000000
1,920,138000000,138000100,4754,47549,138150000,138150000
1,921,138150000,138150100,4754,47549,138300000,138300000
1,922,138300000,138300100,4754,47549,138450000,138450000
1,923,138450000,138450100,4754,47549,138600000,138600000
1,924,138600000,138600100,4754,47549,138750000,138750000
1,925,138750000,138750100,4754,47549,138900000,138900000
1,926,138900000,138900100,4754,47549,139050000,139050000
1,927,139050000,139050100,4754,47549,139200000,139200000
1,928,139200000,139200100,4754,47549,139350000,139350000
1,929,139350000,139350100,4754,47549,139500000,139500000
1,930,139500000,139500100,4754,47549,139650000,139650000
1,931,139650000,139650100,4754,47549,139800000,139800000
1,932,139800000,139800100,4754,47549,139950000,139950000
1,933,139950000,139950100,4754,47549,140100000,140100000
1,934,140100000,140100100,4754,47549,140250000,140250000
1,935,140250000,140250100,4754,47549,140400000,140400000
1,936,140400000,140400100,4754,47549,140550000,140550000
1,937,140550000,140550100,4754,47549,140700000,140700000
1,938,140700000,140700100,4754,47549,140850000,140850000
1,939,140850000,140850100,4754,47549,141000000,141000000
1,940,141000000,141000100,4754,47549,141150000,141150000
1,941,141150000,141150100,4754,47549,141300000,141300000
1,942,141300000,141300100,4754,47549,141450000,141450000
1,943,141450000,141450100,4754,47549,141600000,141600000
1,944,141600000,141600100,4754,47549,141750000,141750000
1,945,141750000,141750100,4754,47549,141900000,141900000
1,946,141900000,141900100,4754,47549,142050000,142050000
1,947,142050000,142050100,4754,47549,142200000,142200000
1,948,142200000,142200100,4754,47549,142350000,142350000
1,949,142350000,142350100,4754,47549,142500000,142500000
1,950,142500000,142500100,4754,47549,142650000,142650000
1,951,142650000,142650100,4754,47549,142800000,142800000
1,952,142800000,142800100,4754,47549,142950000,142950000
1,953,142950000,142950100,4754,47549,143100000,143100000
1,954,143100000,143100100,4754,47549,143250000,143250000
1,955,143250000,143250100,4754,47549,143400000,143400000
1,956,143400000,143400100,4754,47549,143550000,143550000
1,957,143550000,143550100,4754,47549,143700000,143700000
1,958,143700000,143700100,4754,47549,143850000,143850000
1,959,143850000,143850100,4754,47549,144000000,144000000
1,960,144000000,144000100,4754,47549,144150000,144150000
1,961,144150000,144150100,4754,47549,144300000,144300000
1,962,144300000,144300100,4754,47549,144450000,144450000
1,963,144450000,144450100,4754,47549,144600000,144600000
1,964,144600000,144600100,4754,47549,144750000,144750000
1,965,144750000,144750100,4754,47549,144900000,144900000
1,966,144900000,144900100,4754,47549,145050000,145050000
1,967,145050000,145050100,4754,47549,145200000,145200000
1,968,145200000,145200100,4754,47549,145350000,145350000
1,969,145350000,145350100,4754,47549,145500000,145500000
1,970,145500000,145500100,4754,47549,145650000,145650000
1,971,145650000,145650100,4754,47549,145800000,145800000
1,972,145800000,145800100,4754,47549,145950000,145950000
1,973,145950000,145950100,4754,47549,146100000,146100000
1,974,146100000,146100100,4754,47549,146250000,146250000
1,975,146250000,146250100,4754,47549,146400000,146400000
1,976,146400000,146400100,4754,47549,146550000,146550000
1,977,146550000,146550100,4754,47549,146700000,146700000
1,978,146700000,146700100,4754,47549,146850000,146850000
1,979,146850000,146850100,4754,47549,147000000,147000000
1,980,147000000,147000100,4754,47549,147150000,147150000
1,981,147150000,147150100,4754,47549,147300000,147300000
1,982,147300000,147300100,4754,47549,147450000,147450000
1,983,147450000,147450100,4754,47549,147600000,147600000
1,984,147600000,147600100,4754,47549,147750000,147750000
1,985,147750000,147750100,4754,47549,147900000,147900000
1,986,147900000,147900100,4754,47549,148050000,148050000
1,987,148050000,148050100,4754,47549,148200000,148200000
1,988,148200000,148200100,4754,47549,148350000,148350000
1,989,148350000,148350100,4754,47549,148500000,148500000
1,990,148500000,148500100,4754,47549,148650000,148650000
1,991,148650000,148650100,4754,47549,148800000,148800000
1,992,148800000,148800100,4754,47549,148950000,148950000
1,993,148950000,148950100,4754,47549,149100000,149100000
1,994,149100000,149100100,4754,47549,149250000,149250000
1,995,149250000,149250100,4754,47549,149400000,149400000
1,996,149400000,149400100,4754,47549,149550000,149550000
1,997,149550000,149550100,4754,47549,149700000,149700000
1,998,149700000,149700100,4754,47549,149850000,149850000
1,999,149850000,149850100,4754,47549,150000000,150000000
1,1000,150000000,150000100,4754,47549,150150000,150150000
1,1001,150150000,150150100,4754,47549,150300000,150300000
1,1002,150300000,150300100,4754,47549,150450000,150450000
1,1003,150450000,150450100,4754,47549,150600000,150600000
1,1004,150600000,150600100,4754,47549,150750000,150750000
1,1005,150750000,150750100,4754,47549,150900000,150900000
1,1006,150900000,150900100,4754,47549,151050000,151050000
1,1007,151050000,151050100,4754,47549,151200000,151200000
1,1008,151200000,151200100,4754,47549,151350000,151350000
1,1009,151350000,151350100,4754,47549,151500000,151500000
1,1010,151500000,151500100,4754,47549,151650000,151650000
1,1011,151650000,151650100,4754,47549,151800000,151800000
1,1012,151800000,151800100,4754,47549,151950000,151950000
1,1013,151950000,151950100,4754,47549,152100000,152100000
1,1014,152100000,152100100,4754,47549,152250000,152250000
1,1015,152250000,152250100,4754,47549,152400000,152400000
1,1016,152400000,152400100,4754,47549,152550000,152550000
1,1017,152550000,152550100,4754,47549,152700000,152700000
1,1018,152700000,152700100,4754,47549,152850000,152850000
1,1019,152850000,152850100,4754,47549,153000000,153000000
1,1020,153000000,153000100,4754,47549,153150000,153150000
1,1021,153150000,153150100,4754,47549,153300000,153300000
1,1022,153300000,153300100,4754,47549,153450000,153450000
1,1023,153450000,153450100,4754,47549,153600000,153600000
1,1024,153600000,153600100,4754,47549,153750000,153750000
1,1025,153750000,153750100,4754,47549,153900000,153900000
1,1026,153900000,153900100,4754,47549,154050000,154050000
1,1027,154050000,154050100,4754,47549,154200000,154200000
1,1028,154200000,154200100,4754,47549,154350000,154350000
1,1029,154350000,154350100,4754,47549,154500000,154500000
1,1030,154500000,154500100,4754,47549,154650000,154650000
1,1031,154650000,154650100,4754,47549,154800000,154800000
1,1032,154800000,154800100,4754,47549,154950000,154950000
1,1033,154950000,154950100,4754,47549,155100000,155100000
1,1034,155100000,155100100,4754,47549,155250000,155250000
1,1035,155250000,155250100,4754,47549,155400000,155400000
1,1036,155400000,155400100,4754,47549,155550000,155550000
1,1037,155550000,155550100,4754,47549,155700000,155700000
1,1038,155700000,155700100,4754,47549,155850000,155850000
1,1039,155850000,155850100,4754,47549,156000000,156000000
1,1040,156000000,156000100,4754,47549,156150000,156150000
1,1041,156150000,156150100,4754,47549,156300000,156300000
1,1042,156300000,156300100,4754,47549,156450000,156450000
1,1043,156450000,156450100,4754,47549,156600000,156600000
1,1044,156600000,156600100,4754,47549,156750000,156750000
1,1045,156750000,156750100,4754,47549,156900000,156900000
1,1046,156900000,156900100,4754,47549,157050000,157050000
1,1047,157050000,157050100,4754,47549,157200000,157200000
1,1048,157200000,157200100,4754,47549,157350000,157350000
1,1049,157350000,157350100,4754,47549,157500000,157500000
1,1050,157500000,157500100,4754,47549,157650000,157650000
1,1051,157650000,157650100,4754,47549,157800000,157800000
1,1052,157800000,157800100,4754,47549,157950000,157950000
1,1053,157950000,157950100,4754,47549,158100000,158100000
1,1054,158100000,158100100,4754,47549,158250000,158250000
1,1055,158250000,158250100,4754,47549,158400000,158400000
1,1056,158400000,158400100,4754,47549,158550000,158550000
1,1057,158550000,158550100,4754,47549,158700000,158700000
1,1058,158700000,158700100,4754,47549,158850000,158850000
1,1059,158850000,158850100,4754,47549,159000000,159000000
1,1060,159000000,159000100,4754,47549,159150000,159150000
1,1061,159150000,159150100,4754,47549,159300000,159300000
1,1062,159300000,159300100,4754,47549,159450000,159450000
1,1063,159450000,159450100,4754,47549,159600000,159600000
1,1064,159600000,159600100,4754,47549,159750000,159750000
1,1065,159750000,159750100,4754,47549,159900000,159900000
1,1066,159900000,159900100,4754,47549,160050000,160050000
1,1067,160050000,160050100,4754,47549,160200000,160200000
1,1068,160200000,160200100,4754,47549,160350000,160350000
1,1069,160350000,160350100,4754,47549,160500000,160500000
1,1070,160500000,160500100,4754,47549,160650000,160650000
1,1071,160650000,160650100,4754,47549,160800000,160800000
1,1072,160800000,160800100,4754,47549,160950000,160950000
1,1073,160950000,160950100,4754,47549,161100000,161100000
1,1074,161100000,161100100,4754,47549,161250000,161250000
1,1075,161250000,161250100,4754,47549,161400000,161400000
1,1076,161400000,161400100,4754,47549,161550000,161550000
1,1077,161550000,161550100,4754,47549,161700000,161700000
1,1078,161700000,161700100,4754,47549,161850000,161850000
1,1079,161850000,161850100,4754,47549,162000000,162000000
1,1080,162000000,162000100,4754,47549,162150000,162150000
1,1081,162150000,162150100,4754,47549,162300000,162300000
1,1082,162300000,162300100,4754,47549,162450000,162450000
1,1083,162450000,162450100,4754,47549,162600000,162600000
1,1084,162600000,162600100,4754,47549,162750000,162750000
1,1085,162750000,162750100,4754,47549,162900000,162900000
1,1086,162900000,162900100,4754,47549,163050000,163050000
1,1087,163050000,163050100,4754,47549,163200000,163200000
1,1088,163200000,163200100,4754,47549,163350000,163350000
1,1089,163350000,163350100,4754,47549,163500000,163500000
1,1090,163500000,163500100,4754,47549,163650000,163650000
1,1091,163650000,163650100,4754,47549,163800000,163800000
1,1092,163800000,163800100,4754,47549,163950000,163950000
1,1093,163950000,163950100,4754,47549,164100000,164100000
1,1094,164100000,164100100,4754,47549,164250000,164250000
1,1095,164250000,164250100,4754,47549,164400000,164400000
1,1096,164400000,164400100,4754,47549,164550000,164550000
1,1097,164550000,164550100,4754,47549,164700000,164700000
1,1098,164700000,164700100,4754,47549,164850000,164850000
1,1099,164850000,164850100,4754,47549,165000000,165000000
1,1100,165000000,165000100,4754,47549,165150000,165150000
1,1101,165150000,165150100,4754,47549,165300000,165300000
1,1102,165300000,165300100,4754,47549,165450000,165450000
1,1103,165450000,165450100,4754,47549,165600000,165600000
1,1104,165600000,165600100,4754,47549,165750000,165750000
1,1105,165750000,165750100,4754,47549,165900000,165900000
1,1106,165900000,165900100,4754,47549,166050000,166050000
1,1107,166050000,166050100,4754,47549,166200000,166200000
1,1108,166200000,166200100,4754,47549,166350000,166350000
1,1109,166350000,166350100,4754,47549,166500000,166500000
1,1110,166500000,166500100,4754,47549,166650000,166650000
1,1111,166650000,166650100,4754,47549,166800000,166800000
1,1112,166800000,166800100,4754,47549,166950000,166950000
1,1113,166950000,166950100,4754,47549,167100000,167100000
1,1114,167100000,167100100,4754,47549,167250000,167250000
1,1115,167250000,167250100,4754,47549,167400000,167400000
1,1116,167400000,167400100,4754,47549,167550000,167550000
1,1117,167550000,167550100,4754,47549,167700000,167700000
1,1118,167700000,167700100,4754,47549,167850000,167850000
1,1119,167850000,167850100,4754,47549,168000000,168000000
1,1120,168000000,168000100,4754,47549,168150000,168150000
1,1121,168150000,168150100,4754,47549,168300000,168300000
1,1122,168300000,168300100,4754,47549,168450000,168450000
1,1123,168450000,168450100,4754,47549,168600000,168600000
1,1124,168600000,168600100,4754,47549,168750000,168750000
1,1125,168750000,168750100,4754,47549,168900000,168900000
1,1126,168900000,168900100,4754,47549,169050000,169050000
1,1127,169050000,169050100,4754,47549,169200000,169200000
1,1128,169200000,169200100,4754,47549,169350000,169350000
1,1129,169350000,169350100,4754,47549,169500000,169500000
1,1130,169500000,169500100,4754,47549,169650000,169650000
1,1131,169650000,169650100,4754,47549,169800000,169800000
1,1132,169800000,169800100,4754,47549,169950000,169950000
1,1133,169950000,169950100,4754,47549,170100000,170100000
1,1134,170100000,170100100,4754,47549,170250000,170250000
1,1135,170250000,170250100,4754,47549,170400000,170400000
1,1136,170400000,170400100,4754,47549,170550000,170550000
1,1137,170550000,170550100,4754,47549,170700000,170700000
1,1138,170700000,170700100,4754,47549,170850000,170850000
1,1139,170850000,170850100,4754,47549,171000000,171000000
1,1140,171000000,171000100,4754,47549,171150000,171150000
1,1141,171150000,171150100,4754,47549,171300000,171300000
1,1142,171300000,171300100,4754,47549,171450000,171450000
1,1143,171450000,171450100,4754,47549,171600000,171600000
1,1144,171600000,171600100,4754,47549,171750000,171750000
1,1145,171750000,171750100,4754,47549,171900000,171900000
1,1146,171900000,171900100,4754,47549,172050000,172050000
1,1147,172050000,172050100,4754,47549,172200000,172200000
1,1148,172200000,172200100,4754,47549,172350000,172350000
1,1149,172350000,172350100,4754,47549,172500000,172500000
1,1150,172500000,172500100,4754,47549,172650000,172650000
1,1151,172650000,172650100,4754,47549,172800000,172800000
1,1152,172800000,172800100,4754,47549,172950000,172950000
1,1153,172950000,172950100,4754,47549,173100000,173100000
1,1154,173100000,173100100,4754,47549,173250000,173250000
1,1155,173250000,173250100,4754,47549,173400000,173400000
1,1156,173400000,173400100,4754,47549,173550000,173550000
1,1157,173550000,173550100,4754,47549,173700000,173700000
1,1158,173700000,173700100,4754,47549,173850000,173850000
1,1159,173850000,173850100,4754,47549,174000000,174000000
1,1160,174000000,174000100,4754,47549,174150000,174150000
1,1161,174150000,174150100,4754,47549,174300000,174300000
1,1162,174300000,174300100,4754,47549,174450000,174450000
1,1163,174450000,174450100,4754,47549,174600000,174600000
1,1164,174600000,174600100,4754,47549,174750000,174750000
1,1165,174750000,174750100,4754,47549,174900000,174900000
1,1166,174900000,174900100,4754,47549,175050000,175050000
1,1167,175050000,175050100,4754,47549,175200000,175200000
1,1168,175200000,175200100,4754,47549,175350000,175350000
1,1169,175350000,175350100,4754,47549,175500000,175500000
1,1170,175500000,175500100,4754,47549,175650000,175650000
1,1171,175650000,175650100,4754,47549,175800000,175800000
1,1172,175800000,175800100,4754,47549,175950000,175950000
1,1173,175950000,175950100,4754,47549,176100000,176100000
1,1174,176100000,176100100,4754,47549,176250000,176250000
1,1175,176250000,176250100,4754,47549,176400000,176400000
1,1176,176400000,176400100,4754,47549,176550000,176550000
1,1177,176550000,176550100,4754,47549,176700000,176700000
1,1178,176700000,176700100,4754,47549,176850000,176850000
1,1179,176850000,176850100,4754,47549,177000000,177000000
1,1180,177000000,177000100,4754,47549,177150000,177150000
1,1181,177150000,177150100,4754,47549,177300000,177300000
1,1182,177300000,177300100,4754,47549,177450000,177450000
1,1183,177450000,177450100,4754,47549,177600000,177600000
1,1184,177600000,177600100,4754,47549,177750000,177750000
1,1185,177750000,177750100,4754,47549,177900000,177900000
1,1186,177900000,177900100,4754,47549,178050000,178050000
1,1187,178050000,178050100,4754,47549,178200000,178200000
1,1188,178200000,178200100,4754,47549,178350000,178350000
1,1189,178350000,178350100,4754,47549,178500000,178500000
1,1190,178500000,178500100,4754,47549,178650000,178650000
1,1191,178650000,178650100,4754,47549,178800000,178800000
1,1192,178800000,178800100,4754,47549,178950000,178950000
1,1193,178950000,178950100,4754,47549,179100000,179100000
1,1194,179100000,179100100,4754,47549,179250000,179250000
1,1195,179250000,179250100,4754,47549,179400000,179400000
1,1196,179400000,179400100,4754,47549,179550000,179550000
1,1197,179550000,179550100,4754,47549,179700000,179700000
1,1198,179700000,179700100,4754,47549,179850000,179850000
1,1199,179850000,179850100,4754,47549,180000000,180000000
1,1200,180000000,180000100,4754,47549,180150000,180150000
1,1201,180150000,180150100,4754,47549,180300000,180300000
1,1202,180300000,180300100,4754,47549,180450000,180450000
1,1203,180450000,180450100,4754,47549,180600000,180600000
1,1204,180600000,180600100,4754,47549,180750000,180750000
1,1205,180750000,180750100,4754,47549,180900000,180900000
1,1206,180900000,180900100,4754,47549,181050000,181050000
1,1207,181050000,181050100,4754,47549,181200000,181200000
1,1208,181200000,181200100,4754,47549,181350000,181350000
1,1209,181350000,181350100,4754,47549,181500000,181500000
1,1210,181500000,181500100,4754,47549,181650000,181650000
1,1211,181650000,181650100,4754,47549,181800000,181800000
1,1212,181800000,181800100,4754,47549,181950000,181950000
1,1213,181950000,181950100,4754,47549,182100000,182100000
1,1214,182100000,182100100,4754,47549,182250000,182250000
1,1215,182250000,182250100,4754,47549,182400000,182400000
1,1216,182400000,182400100,4754,47549,182550000,182550000
1,1217,182550000,182550100,4754,47549,182700000,182700000
1,1218,182700000,182700100,4754,47549,182850000,182850000
1,1219,182850000,182850100,4754,47549,183000000,183000000
1,1220,183000000,183000100,4754,47549,183150000,183150000
1,1221,183150000,183150100,4754,47549,183300000,183300000
1,1222,183300000,183300100,4754,47549,183450000,183450000
1,1223,183450000,183450100,4754,47549,183600000,183600000
1,1224,183600000,183600100,4754,47549,183750000,183750000
1,1225,183750000,183750100,4754,47549,183900000,183900000
1,1226,183900000,183900100,4754,47549,184050000,184050000
1,1227,184050000,184050100,4754,47549,184200000,184200000
1,1228,184200000,184200100,4754,47549,184350000,184350000
1,1229,184350000,184350100,4754,47549,184500000,184500000
1,1230,184500000,184500100,4754,47549,184650000,184650000
1,1231,184650000,184650100,4754,47549,184800000,184800000
1,1232,184800000,184800100,4754,47549,184950000,184950000
1,1233,184950000,184950100,4754,47549,185100000,185100000
1,1234,185100000,185100100,4754,47549,185250000,185250000
1,1235,185250000,185250100,4754,47549,185400000,185400000
1,1236,185400000,185400100,4754,47549,185550000,185550000
1,1237,185550000,185550100,4754,47549,185700000,185700000
1,1238,185700000,185700100,4754,47549,185850000,185850000
1,1239,185850000,185850100,4754,47549,186000000,186000000
1,1240,186000000,186000100,4754,47549,186150000,186150000
1,1241,186150000,186150100,4754,47549,186300000,186300000
1,1242,186300000,186300100,4754,47549,186450000,186450000
1,1243,186450000,186450100,4754,47549,186600000,186600000
1,1244,186600000,186600100,4754,47549,186750000,186750000
1,1245,186750000,186750100,4754,47549,186900000,186900000
1,1246,186900000,186900100,4754,47549,187050000,187050000
1,1247,187050000,187050100,4754,47549,187200000,187200000
1,1248,187200000,187200100,4754,47549,187350000,187350000
1,1249,187350000,187350100,4754,47549,187500000,187500000
1,1250,187500000,187500100,4754,47549,187650000,187650000
1,1251,187650000,187650100,4754,47549,187800000,187800000
1,1252,187800000,187800100,4754,47549,187950000,187950000
1,1253,187950000,187950100,4754,47549,188100000,188100000
1,1254,188100000,188100100,4754,47549,188250000,188250000
1,1255,188250000,188250100,4754,47549,188400000,188400000
1,1256,188400000,188400100,4754,47549,188550000,188550000
1,1257,188550000,188550100,4754,47549,188700000,188700000
1,1258,188700000,188700100,4754,47549,188850000,188850000
1,1259,188850000,188850100,4754,47549,189000000,189000000
1,1260,189000000,189000100,4754,47549,189150000,189150000
1,1261,189150000,189150100,4754,47549,189300000,189300000
1,1262,189300000,189300100,4754,47549,189450000,189450000
1,1263,189450000,189450100,4754,47549,189600000,189600000
1,1264,189600000,189600100,4754,47549,189750000,189750000
1,1265,189750000,189750100,4754,47549,189900000,189900000
1,1266,189900000,189900100,4754,47549,190050000,190050000
1,1267,190050000,190050100,4754,47549,190200000,190200000
1,1268,190200000,190200100,4754,47549,190350000,190350000
1,1269,190350000,190350100,4754,47549,190500000,190500000
1,1270,190500000,190500100,4754,47549,190650000,190650000
1,1271,190650000,190650100,4754,47549,190800000,190800000
1,1272,190800000,190800100,4754,47549,190950000,190950000
1,1273,190950000,190950100,4754,47549,191100000,191100000
1,1274,191100000,191100100,4754,47549,191250000,191250000
1,1275,191250000,191250100,4754,47549,191400000,191400000
1,1276,191400000,191400100,4754,47549,191550000,191550000
1,1277,191550000,191550100,4754,47549,191700000,191700000
1,1278,191700000,191700100,4754,47549,191850000,191850000
1,1279,191850000,191850100,4754,47549,192000000,192000000
1,1280,192000000,192000100,4754,47549,192150000,192150000
1,1281,192150000,192150100,4754,47549,192300000,192300000
1,1282,192300000,192300100,4754,47549,192450000,192450000
1,1283,192450000,192450100,4754,47549,192600000,192600000
1,1284,192600000,192600100,4754,47549,192750000,192750000
1,1285,192750000,192750100,4754,47549,192900000,192900000
1,1286,192900000,192900100,4754,47549,193050000,193050000
1,1287,193050000,193050100,4754,47549,193200000,193200000
1,1288,193200000,193200100,4754,47549,193350000,193350000
1,1289,193350000,193350100,4754,47549,193500000,193500000
1,1290,193500000,193500100,4754,47549,193650000,193650000
1,1291,193650000,193650100,4754,47549,193800000,193800000
2,0,0,100,4990,49907,150000,150000
2,1,150000,150100,4990,49907,300000,300000
2,2,300000,300100,4990,49907,450000,450000
2,3,450000,450100,4990,49907,600000,600000
2,4,600000,600100,4990,49907,750000,750000
2,5,750000,750100,4990,49907,900000,900000
2,6,900000,900100,4990,49907,1050000,1050000
2,7,1050000,1050100,4990,49907,1200000,1200000
2,8,1200000,1200100,4990,49907,1350000,1350000
2,9,1350000,1350100,4990,49907,1500000,1500000
2,10,1500000,1500100,4990,49907,1650000,1650000
2,11,1650000,1650100,4990,49907,1800000,1800000
2,12,1800000,1800100,4990,49907,1950000,1950000
2,13,1950000,1950100,4990,49907,2100000,2100000
2,14,2100000,2100100,4990,49907,2250000,2250000
2,15,2250000,2250100,4990,49907,2400000,2400000
2,16,2400000,2400100,4990,49907,2550000,2550000
2,17,2550000,2550100,4990,49907,2700000,2700000
2,18,2700000,2700100,4990,49907,2850000,2850000
2,19,2850000,2850100,4990,49907,3000000,3000000
2,20,3000000,3000100,4990,49907,3150000,3150000
2,21,3150000,3150100,4990,49907,3300000,3300000
2,22,3300000,3300100,4990,49907,3450000,3450000
2,23,3450000,3450100,4990,49907,3600000,3600000
2,24,3600000,3600100,4990,49907,3750000,3750000
2,25,3750000,3750100,4990,49907,3900000,3900000
2,26,3900000,3900100,4990,49907,4050000,4050000
2,27,4050000,4050100,4990,49907,4200000,4200000
2,28,4200000,4200100,4990,49907,4350000,4350000
2,29,4350000,4350100,4990,49907,4500000,4500000
2,30,4500000,4500100,4990,49907,4650000,4650000
2,31,4650000,4650100,4990,49907,4800000,4800000
2,32,4800000,4800100,4990,49907,4950000,4950000
2,33,4950000,4950100,4990,49907,5100000,5100000
2,34,5100000,5100100,4990,49907,5250000,5250000
2,35,5250000,5250100,4990,49907,5400000,5400000
2,36,5400000,5400100,4990,49907,5550000,5550000
2,37,5550000,5550100,4990,49907,5700000,5700000
2,38,5700000,5700100,4990,49907,5850000,5850000
2,39,5850000,5850100,4990,49907,6000000,6000000
2,40,6000000,6000100,4990,49907,6150000,6150000
2,41,6150000,6150100,4990,49907,6300000,6300000
2,42,6300000,6300100,4990,49907,6450000,6450000
2,43,6450000,6450100,4990,49907,6600000,6600000
2,44,6600000,6600100,4990,49907,6750000,6750000
2,45,6750000,6750100,4990,49907,6900000,6900000
2,46,6900000,6900100,4990,49907,7050000,7050000
2,47,7050000,7050100,4990,49907,7200000,7200000
2,48,7200000,7200100,4990,49907,7350000,7350000
2,49,7350000,7350100,4990,49907,7500000,7500000
2,50,7500000,7500100,4990,49907,7650000,7650000
2,51,7650000,7650100,4990,49907,7800000,7800000
2,52,7800000,7800100,4990,49907,7950000,7950000
2,53,7950000,7950100,4990,49907,8100000,8100000
2,54,8100000,8100100,4990,49907,8250000,8250000
2,55,8250000,8250100,4990,49907,8400000,8400000
2,56,8400000,8400100,4990,49907,8550000,8550000
2,57,8550000,8550100,4990,49907,8700000,8700000
2,58,8700000,8700100,4990,49907,8850000,8850000
2,59,8850000,8850100,4990,49907,9000000,9000000
2,60,9000000,9000100,4990,49907,9150000,9150000
2,61,9150000,9150100,4990,49907,9300000,9300000
2,62,9300000,9300100,4990,49907,9450000,9450000
2,63,9450000,9450100,4990,49907,9600000,9600000
2,64,9600000,9600100,4990,49907,9750000,9750000
2,65,9750000,9750100,4990,49907,9900000,9900000
2,66,9900000,9900100,4990,49907,10050000,10050000
2,67,10050000,10050100,4990,49907,10200000,10200000
2,68,10200000,10200100,4990,49907,10350000,10350000
2,69,10350000,10350100,4990,49907,10500000,10500000
2,70,10500000,10500100,4990,49907,10650000,10650000
2,71,10650000,10650100,4990,49907,10800000,10800000
2,72,10800000,10800100,4990,49907,10950000,10950000
2,73,10950000,10950100,4990,49907,11100000,11100000
2,74,11100000,11100100,4990,49907,11250000,11250000
2,75,11250000,11250100,4990,49907,11400000,11400000
2,76,11400000,11400100,4990,49907,11550000,11550000
2,77,11550000,11550100,4990,49907,11700000,11700000
2,78,11700000,11700100,4990,49907,11850000,11850000
2,79,11850000,11850100,4990,49907,12000000,12000000
2,80,12000000,12000100,4990,49907,12150000,12150000
2,81,12150000,12150100,4990,49907,12300000,12300000
2,82,12300000,12300100,4990,49907,12450000,12450000
2,83,12450000,12450100,4990,49907,12600000,12600000
2,84,12600000,12600100,4990,49907,12750000,12750000
2,85,12750000,12750100,4990,49907,12900000,12900000
2,86,12900000,12900100,4990,49907,13050000,13050000
2,87,13050000,13050100,4990,49907,13200000,13200000
2,88,13200000,13200100,4990,49907,13350000,13350000
2,89,13350000,13350100,4990,49907,13500000,13500000
2,90,13500000,13500100,4990,49907,13650000,13650000
2,91,13650000,13650100,4990,49907,13800000,13800000
2,92,13800000,13800100,4990,49907,13950000,13950000
2,93,13950000,13950100,4990,49907,14100000,14100000
2,94,14100000,14100100,4990,49907,14250000,14250000
2,95,14250000,14250100,4990,49907,14400000,14400000
2,96,14400000,14400100,4990,49907,14550000,14550000
2,97,14550000,14550100,4990,49907,14700000,14700000
2,98,14700000,14700100,4990,49907,14850000,14850000
2,99,14850000,14850100,4990,49907,15000000,15000000
2,100,15000000,15000100,4990,49907,15150000,15150000
2,101,15150000,15150100,4990,49907,15300000,15300000
2,102,15300000,15300100,4990,49907,15450000,15450000
2,103,15450000,15450100,4990,49907,15600000,15600000
2,104,15600000,15600100,4990,49907,15750000,15750000
2,105,15750000,15750100,4990,49907,15900000,15900000
2,106,15900000,15900100,4990,49907,16050000,16050000
2,107,16050000,16050100,4990,49907,16200000,16200000
2,108,16200000,16200100,4990,49907,16350000,16350000
2,109,16350000,16350100,4990,49907,16500000,16500000
2,110,16500000,16500100,4990,49907,16650000,16650000
2,111,16650000,16650100,4990,49907,16800000,16800000
2,112,16800000,16800100,4990,49907,16950000,16950000
2,113,16950000,16950100,4990,49907,17100000,17100000
2,114,17100000,17100100,4990,49907,17250000,17250000
2,115,17250000,17250100,4990,49907,17400000,17400000
2,116,17400000,17400100,4990,49907,17550000,17550000
2,117,17550000,17550100,4990,49907,17700000,17700000
2,118,17700000,17700100,4990,49907,17850000,17850000
2,119,17850000,17850100,4990,49907,18000000,18000000
2,120,18000000,18000100,4990,49907,18150000,18150000
2,121,18150000,18150100,4990,49907,18300000,18300000
2,122,18300000,18300100,4990,49907,18450000,18450000
2,123,18450000,18450100,4990,49907,18600000,18600000
2,124,18600000,18600100,4990,49907,18750000,18750000
2,125,18750000,18750100,4990,49907,18900000,18900000
2,126,18900000,18900100,4990,49907,19050000,19050000
2,127,19050000,19050100,4990,49907,19200000,19200000
2,128,19200000,19200100,4990,49907,19350000,19350000
2,129,19350000,19350100,4990,49907,19500000,19500000
2,130,19500000,19500100,4990,49907,19650000,19650000
2,131,19650000,19650100,4990,49907,19800000,19800000
2,132,19800000,19800100,4990,49907,19950000,19950000
2,133,19950000,19950100,4990,49907,20100000,20100000
2,134,20100000,20100100,4990,49907,20250000,20250000
2,135,20250000,20250100,4990,49907,20400000,20400000
2,136,20400000,20400100,4990,49907,20550000,20550000
2,137,20550000,20550100,4990,49907,20700000,20700000
2,138,20700000,20700100,4990,49907,20850000,20850000
2,139,20850000,20850100,4990,49907,21000000,21000000
2,140,21000000,21000100,4990,49907,21150000,21150000
2,141,21150000,21150100,4990,49907,21300000,21300000
2,142,21300000,21300100,4990,49907,21450000,21450000
2,143,21450000,21450100,4990,49907,21600000,21600000
2,144,21600000,21600100,4990,49907,21750000,21750000
2,145,21750000,21750100,4990,49907,21900000,21900000
2,146,21900000,21900100,4990,49907,22050000,22050000
2,147,22050000,22050100,4990,49907,22200000,22200000
2,148,22200000,22200100,4990,49907,22350000,22350000
2,149,22350000,22350100,4990,49907,22500000,22500000
2,150,22500000,22500100,4990,49907,22650000,22650000
2,151,22650000,22650100,4990,49907,22800000,22800000
2,152,22800000,22800100,4990,49907,22950000,22950000
2,153,22950000,22950100,4990,49907,23100000,23100000
2,154,23100000,23100100,4990,49907,23250000,23250000
2,155,23250000,23250100,4990,49907,23400000,23400000
2,156,23400000,23400100,4990,49907,23550000,23550000
2,157,23550000,23550100,4990,49907,23700000,23700000
2,158,23700000,23700100,4990,49907,23850000,23850000
2,159,23850000,23850100,4990,49907,24000000,24000000
2,160,24000000,24000100,4990,49907,24150000,24150000
2,161,24150000,24150100,4990,49907,24300000,24300000
2,162,24300000,24300100,4990,49907,24450000,24450000
2,163,24450000,24450100,4990,49907,24600000,24600000
2,164,24600000,24600100,4990,49907,24750000,24750000
2,165,24750000,24750100,4990,49907,24900000,24900000
2,166,24900000,24900100,4990,49907,25050000,25050000
2,167,25050000,25050100,4990,49907,25200000,25200000
2,168,25200000,25200100,4990,49907,25350000,25350000
2,169,25350000,25350100,4990,49907,25500000,25500000
2,170,25500000,25500100,4990,49907,25650000,25650000
2,171,25650000,25650100,4990,49907,25800000,25800000
2,172,25800000,25800100,4990,49907,25950000,25950000
2,173,25950000,25950100,4990,49907,26100000,26100000
2,174,26100000,26100100,4990,49907,26250000,26250000
2,175,26250000,26250100,4990,49907,26400000,26400000
2,176,26400000,26400100,4990,49907,26550000,26550000
2,177,26550000,26550100,4990,49907,26700000,26700000
2,178,26700000,26700100,4990,49907,26850000,26850000
2,179,26850000,26850100,4990,49907,27000000,27000000
2,180,27000000,27000100,4990,49907,27150000,27150000
2,181,27150000,27150100,4990,49907,27300000,27300000
2,182,27300000,27300100,4990,49907,27450000,27450000
2,183,27450000,27450100,4990,49907,27600000,27600000
2,184,27600000,27600100,4990,49907,27750000,27750000
2,185,27750000,27750100,4990,49907,27900000,27900000
2,186,27900000,27900100,4990,49907,28050000,28050000
2,187,28050000,28050100,4990,49907,28200000,28200000
2,188,28200000,28200100,4990,49907,28350000,28350000
2,189,28350000,28350100,4990,49907,28500000,28500000
2,190,28500000,28500100,4990,49907,28650000,28650000
2,191,28650000,28650100,4990,49907,28800000,28800000
2,192,28800000,28800100,4990,49907,28950000,28950000
2,193,28950000,28950100,4990,49907,29100000,29100000
2,194,29100000,29100100,4990,49907,29250000,29250000
2,195,29250000,29250100,4990,49907,29400000,29400000
2,196,29400000,29400100,4990,49907,29550000,29550000
2,197,29550000,29550100,4990,49907,29700000,29700000
2,198,29700000,29700100,4990,49907,29850000,29850000
2,199,29850000,29850100,4990,49907,30000000,30000000
2,200,30000000,30000100,4990,49907,30150000,30150000
2,201,30150000,30150100,4990,49907,30300000,30300000
2,202,30300000,30300100,4990,49907,30450000,30450000
2,203,30450000,30450100,4990,49907,30600000,30600000
2,204,30600000,30600100,4990,49907,30750000,30750000
2,205,30750000,30750100,4990,49907,30900000,30900000
2,206,30900000,30900100,4990,49907,31050000,31050000
2,207,31050000,31050100,4990,49907,31200000,31200000
2,208,31200000,31200100,4990,49907,31350000,31350000
2,209,31350000,31350100,4990,49907,31500000,31500000
2,210,31500000,31500100,4990,49907,31650000,31650000
2,211,31650000,31650100,4990,49907,31800000,31800000
2,212,31800000,31800100,4990,49907,31950000,31950000
2,213,31950000,31950100,4990,49907,32100000,32100000
2,214,32100000,32100100,4990,49907,32250000,32250000
2,215,32250000,32250100,4990,49907,32400000,32400000
2,216,32400000,32400100,4990,49907,32550000,32550000
2,217,32550000,32550100,4990,49907,32700000,32700000
2,218,32700000,32700100,4990,49907,32850000,32850000
2,219,32850000,32850100,4990,49907,33000000,33000000
2,220,33000000,33000100,4990,49907,33150000,33150000
2,221,33150000,33150100,4990,49907,33300000,33300000
2,222,33300000,33300100,4990,49907,33450000,33450000
2,223,33450000,33450100,4990,49907,33600000,33600000
2,224,33600000,33600100,4990,49907,33750000,33750000
2,225,33750000,33750100,4990,49907,33900000,33900000
2,226,33900000,33900100,4990,49907,34050000,34050000
2,227,34050000,34050100,4990,49907,34200000,34200000
2,228,34200000,34200100,4990,49907,34350000,34350000
2,229,34350000,34350100,4990,49907,34500000,34500000
2,230,34500000,34500100,4990,49907,34650000,34650000
2,231,34650000,34650100,4990,49907,34800000,34800000
2,232,34800000,34800100,4990,49907,34950000,34950000
2,233,34950000,34950100,4990,49907,35100000,35100000
2,234,35100000,35100100,4990,49907,35250000,35250000
2,235,35250000,35250100,4990,49907,35400000,35400000
2,236,35400000,35400100,4990,49907,35550000,35550000
2,237,35550000,35550100,4990,49907,35700000,35700000
2,238,35700000,35700100,4990,49907,35850000,35850000
2,239,35850000,35850100,4990,49907,36000000,36000000
2,240,36000000,36000100,4990,49907,36150000,36150000
2,241,36150000,36150100,4990,49907,36300000,36300000
2,242,36300000,36300100,4990,49907,36450000,36450000
2,243,36450000,36450100,4990,49907,36600000,36600000
2,244,36600000,36600100,4990,49907,36750000,36750000
2,245,36750000,36750100,4990,49907,36900000,36900000
2,246,36900000,36900100,4990,49907,37050000,37050000
2,247,37050000,37050100,4990,49907,37200000,37200000
2,248,37200000,37200100,4990,49907,37350000,37350000
2,249,37350000,37350100,4990,49907,37500000,37500000
2,250,37500000,37500100,4990,49907,37650000,37650000
2,251,37650000,37650100,4990,49907,37800000,37800000
2,252,37800000,37800100,4990,49907,37950000,37950000
2,253,37950000,37950100,4990,49907,38100000,38100000
2,254,38100000,38100100,4990,49907,38250000,38250000
2,255,38250000,38250100,4990,49907,38400000,38400000
2,256,38400000,38400100,4990,49907,38550000,38550000
2,257,38550000,38550100,4990,49907,38700000,38700000
2,258,38700000,38700100,4990,49907,38850000,38850000
2,259,38850000,38850100,4990,49907,39000000,39000000
2,260,39000000,39000100,4990,49907,39150000,39150000
2,261,39150000,39150100,4990,49907,39300000,39300000
2,262,39300000,39300100,4990,49907,39450000,39450000
2,263,39450000,39450100,4990,49907,39600000,39600000
2,264,39600000,39600100,4990,49907,39750000,39750000
2,265,39750000,39750100,4990,49907,39900000,39900000
2,266,39900000,39900100,4990,49907,40050000,40050000
2,267,40050000,40050100,4990,49907,40200000,40200000
2,268,40200000,40200100,4990,49907,40350000,40350000
2,269,40350000,40350100,4990,49907,40500000,40500000
2,270,40500000,40500100,4990,49907,40650000,40650000
2,271,40650000,40650100,4990,49907,40800000,40800000
2,272,40800000,40800100,4990,49907,40950000,40950000
2,273,40950000,40950100,4990,49907,41100000,41100000
2,274,41100000,41100100,4990,49907,41250000,41250000
2,275,41250000,41250100,4990,49907,41400000,41400000
2,276,41400000,41400100,4990,49907,41550000,41550000
2,277,41550000,41550100,4990,49907,41700000,41700000
2,278,41700000,41700100,4990,49907,41850000,41850000
2,279,41850000,41850100,4990,49907,42000000,42000000
2,280,42000000,42000100,4990,49907,42150000,42150000
2,281,42150000,42150100,4990,49907,42300000,42300000
2,282,42300000,42300100,4990,49907,42450000,42450000
2,283,42450000,42450100,4990,49907,42600000,42600000
2,284,42600000,42600100,4990,49907,42750000,42750000
2,285,42750000,42750100,4990,49907,42900000,42900000
2,286,42900000,42900100,4990,49907,43050000,43050000
2,287,43050000,43050100,4990,49907,43200000,43200000
2,288,43200000,43200100,4990,49907,43350000,43350000
2,289,43350000,43350100,4990,49907,43500000,43500000
2,290,43500000,43500100,4990,49907,43650000,43650000
2,291,43650000,43650100,4990,49907,43800000,43800000
2,292,43800000,43800100,4990,49907,43950000,43950000
2,293,43950000,43950100,4990,49907,44100000,44100000
2,294,44100000,44100100,4990,49907,44250000,44250000
2,295,44250000,44250100,4990,49907,44400000,44400000
2,296,44400000,44400100,4990,49907,44550000,44550000
2,297,44550000,44550100,4990,49907,44700000,44700000
2,298,44700000,44700100,4990,49907,44850000,44850000
2,299,44850000,44850100,4990,49907,45000000,45000000
2,300,45000000,45000100,4990,49907,45150000,45150000
2,301,45150000,45150100,4990,49907,45300000,45300000
2,302,45300000,45300100,4990,49907,45450000,45450000
2,303,45450000,45450100,4990,49907,45600000,45600000
2,304,45600000,45600100,4990,49907,45750000,45750000
2,305,45750000,45750100,4990,49907,45900000,45900000
2,306,45900000,45900100,4990,49907,46050000,46050000
2,307,46050000,46050100,4990,49907,46200000,46200000
2,308,46200000,46200100,4990,49907,46350000,46350000
2,309,46350000,46350100,4990,49907,46500000,46500000
2,310,46500000,46500100,4990,49907,46650000,46650000
2,311,46650000,46650100,4990,49907,46800000,46800000
2,312,46800000,46800100,4990,49907,46950000,46950000
2,313,46950000,46950100,4990,49907,47100000,47100000
2,314,47100000,47100100,4990,49907,47250000,47250000
2,315,47250000,47250100,4990,49907,47400000,47400000
2,316,47400000,47400100,4990,49907,47550000,47550000
2,317,47550000,47550100,4990,49907,47700000,47700000
2,318,47700000,47700100,4990,49907,47850000,47850000
2,319,47850000,47850100,4990,49907,48000000,48000000
2,320,48000000,48000100,4990,49907,48150000,48150000
2,321,48150000,48150100,4990,49907,48300000,48300000
2,322,48300000,48300100,4990,49907,48450000,48450000
2,323,48450000,48450100,4990,49907,48600000,48600000
2,324,48600000,48600100,4990,49907,48750000,48750000
2,325,48750000,48750100,4990,49907,48900000,48900000
2,326,48900000,48900100,4990,49907,49050000,49050000
2,327,49050000,49050100,4990,49907,49200000,49200000
2,328,49200000,49200100,4990,49907,49350000,49350000
2,329,49350000,49350100,4990,49907,49500000,49500000
2,330,49500000,49500100,4990,49907,49650000,49650000
2,331,49650000,49650100,4990,49907,49800000,49800000
2,332,49800000,49800100,4990,49907,49950000,49950000
2,333,49950000,49950100,4990,49907,50100000,50100000
2,334,50100000,50100100,4990,49907,50250000,50250000
2,335,50250000,50250100,4990,49907,50400000,50400000
2,336,50400000,50400100,4990,49907,50550000,50550000
2,337,50550000,50550100,4990,49907,50700000,50700000
2,338,50700000,50700100,4990,49907,50850000,50850000
2,339,50850000,50850100,4990,49907,51000000,51000000
2,340,51000000,51000100,4990,49907,51150000,51150000
2,341,51150000,51150100,4990,49907,51300000,51300000
2,342,51300000,51300100,4990,49907,51450000,51450000
2,343,51450000,51450100,4990,49907,51600000,51600000
2,344,51600000,51600100,4990,49907,51750000,51750000
2,345,51750000,51750100,4990,49907,51900000,51900000
2,346,51900000,51900100,4990,49907,52050000,52050000
2,347,52050000,52050100,4990,49907,52200000,52200000
2,348,52200000,52200100,4990,49907,52350000,52350000
2,349,52350000,52350100,4990,49907,52500000,52500000
2,350,52500000,52500100,4990,49907,52650000,52650000
2,351,52650000,52650100,4990,49907,52800000,52800000
2,352,52800000,52800100,4990,49907,52950000,52950000
2,353,52950000,52950100,4990,49907,53100000,53100000
2,354,53100000,53100100,4990,49907,53250000,53250000
2,355,53250000,53250100,4990,49907,53400000,53400000
2,356,53400000,53400100,4990,49907,53550000,53550000
2,357,53550000,53550100,4990,49907,53700000,53700000
2,358,53700000,53700100,4990,49907,53850000,53850000
2,359,53850000,53850100,4990,49907,54000000,54000000
2,360,54000000,54000100,4990,49907,54150000,54150000
2,361,54150000,54150100,4990,49907,54300000,54300000
2,362,54300000,54300100,4990,49907,54450000,54450000
2,363,54450000,54450100,4990,49907,54600000,54600000
2,364,54600000,54600100,4990,49907,54750000,54750000
2,365,54750000,54750100,4990,49907,54900000,54900000
2,366,54900000,54900100,4990,49907,55050000,55050000
2,367,55050000,55050100,4990,49907,55200000,55200000
2,368,55200000,55200100,4990,49907,55350000,55350000
2,369,55350000,55350100,4990,49907,55500000,55500000
2,370,55500000,55500100,4990,49907,55650000,55650000
2,371,55650000,55650100,4990,49907,55800000,55800000
2,372,55800000,55800100,4990,49907,55950000,55950000
2,373,55950000,55950100,4990,49907,56100000,56100000
2,374,56100000,56100100,4990,49907,56250000,56250000
2,375,56250000,56250100,4990,49907,56400000,56400000
2,376,56400000,56400100,4990,49907,56550000,56550000
2,377,56550000,56550100,4990,49907,56700000,56700000
2,378,56700000,56700100,4990,49907,56850000,56850000
2,379,56850000,56850100,4990,49907,57000000,57000000
2,380,57000000,57000100,4990,49907,57150000,57150000
2,381,57150000,57150100,4990,49907,57300000,57300000
2,382,57300000,57300100,4990,49907,57450000,57450000
2,383,57450000,57450100,4990,49907,57600000,57600000
2,384,57600000,57600100,4990,49907,57750000,57750000
2,385,57750000,57750100,4990,49907,57900000,57900000
2,386,57900000,57900100,4990,49907,58050000,58050000
2,387,58050000,58050100,4990,49907,58200000,58200000
2,388,58200000,58200100,4990,49907,58350000,58350000
2,389,58350000,58350100,4990,49907,58500000,58500000
2,390,58500000,58500100,4990,49907,58650000,58650000
2,391,58650000,58650100,4990,49907,58800000,58800000
2,392,58800000,58800100,4990,49907,58950000,58950000
2,393,58950000,58950100,4990,49907,59100000,59100000
2,394,59100000,59100100,4990,49907,59250000,59250000
2,395,59250000,59250100,4990,49907,59400000,59400000
2,396,59400000,59400100,4990,49907,59550000,59550000
2,397,59550000,59550100,4990,49907,59700000,59700000
2,398,59700000,59700100,4990,49907,59850000,59850000
2,399,59850000,59850100,4990,49907,60000000,60000000
2,400,60000000,60000100,4990,49907,60150000,60150000
2,401,60150000,60150100,4990,49907,60300000,60300000
2,402,60300000,60300100,4990,49907,60450000,60450000
2,403,60450000,60450100,4990,49907,60600000,60600000
2,404,60600000,60600100,4990,49907,60750000,60750000
2,405,60750000,60750100,4990,49907,60900000,60900000
2,406,60900000,60900100,4990,49907,61050000,61050000
2,407,61050000,61050100,4990,49907,61200000,61200000
2,408,61200000,61200100,4990,49907,61350000,61350000
2,409,61350000,61350100,4990,49907,61500000,61500000
2,410,61500000,61500100,4990,49907,61650000,61650000
2,411,61650000,61650100,4990,49907,61800000,61800000
2,412,61800000,61800100,4990,49907,61950000,61950000
2,413,61950000,61950100,4990,49907,62100000,62100000
2,414,62100000,62100100,4990,49907,62250000,62250000
2,415,62250000,62250100,4990,49907,62400000,62400000
2,416,62400000,62400100,4990,49907,62550000,62550000
2,417,62550000,62550100,4990,49907,62700000,62700000
2,418,62700000,62700100,4990,49907,62850000,62850000
2,419,62850000,62850100,4990,49907,63000000,63000000
2,420,63000000,63000100,4990,49907,63150000,63150000
2,421,63150000,63150100,4990,49907,63300000,63300000
2,422,63300000,63300100,4990,49907,63450000,63450000
2,423,63450000,63450100,4990,49907,63600000,63600000
2,424,63600000,63600100,4990,49907,63750000,63750000
2,425,63750000,63750100,4990,49907,63900000,63900000
2,426,63900000,63900100,4990,49907,64050000,64050000
2,427,64050000,64050100,4990,49907,64200000,64200000
2,428,64200000,64200100,4990,49907,64350000,64350000
2,429,64350000,64350100,4990,49907,64500000,64500000
2,430,64500000,64500100,4990,49907,64650000,64650000
2,431,64650000,64650100,4990,49907,64800000,64800000
2,432,64800000,64800100,4990,49907,64950000,64950000
2,433,64950000,64950100,4990,49907,65100000,65100000
2,434,65100000,65100100,4990,49907,65250000,65250000
2,435,65250000,65250100,4990,49907,65400000,65400000
2,436,65400000,65400100,4990,49907,65550000,65550000
2,437,65550000,65550100,4990,49907,65700000,65700000
2,438,65700000,65700100,4990,49907,65850000,65850000
2,439,65850000,65850100,4990,49907,66000000,66000000
2,440,66000000,66000100,4990,49907,66150000,66150000
2,441,66150000,66150100,4990,49907,66300000,66300000
2,442,66300000,66300100,4990,49907,66450000,66450000
2,443,66450000,66450100,4990,49907,66600000,66600000
2,444,66600000,66600100,4990,49907,66750000,66750000
2,445,66750000,66750100,4990,49907,66900000,66900000
2,446,66900000,66900100,4990,49907,67050000,67050000
2,447,67050000,67050100,4990,49907,67200000,67200000
2,448,67200000,67200100,4990,49907,67350000,67350000
2,449,67350000,67350100,4990,49907,67500000,67500000
2,450,67500000,67500100,4990,49907,67650000,67650000
2,451,67650000,67650100,4990,49907,67800000,67800000
2,452,67800000,67800100,4990,49907,67950000,67950000
2,453,67950000,67950100,4990,49907,68100000,68100000
2,454,68100000,68100100,4990,49907,68250000,68250000
2,455,68250000,68250100,4990,49907,68400000,68400000
2,456,68400000,68400100,4990,49907,68550000,68550000
2,457,68550000,68550100,4990,49907,68700000,68700000
2,458,68700000,68700100,4990,49907,68850000,68850000
2,459,68850000,68850100,4990,49907,69000000,69000000
2,460,69000000,69000100,4990,49907,69150000,69150000
2,461,69150000,69150100,4990,49907,69300000,69300000
2,462,69300000,69300100,4990,49907,69450000,69450000
2,463,69450000,69450100,4990,49907,69600000,69600000
2,464,69600000,69600100,4990,49907,69750000,69750000
2,465,69750000,69750100,4990,49907,69900000,69900000
2,466,69900000,69900100,4990,49907,70050000,70050000
2,467,70050000,70050100,4990,49907,70200000,70200000
2,468,70200000,70200100,4990,49907,70350000,70350000
2,469,70350000,70350100,4990,49907,70500000,70500000
2,470,70500000,70500100,4990,49907,70650000,70650000
2,471,70650000,70650100,4990,49907,70800000,70800000
2,472,70800000,70800100,4990,49907,70950000,70950000
2,473,70950000,70950100,4990,49907,71100000,71100000
2,474,71100000,71100100,4990,49907,71250000,71250000
2,475,71250000,71250100,4990,49907,71400000,71400000
2,476,71400000,71400100,4990,49907,71550000,71550000
2,477,71550000,71550100,4990,49907,71700000,71700000
2,478,71700000,71700100,4990,49907,71850000,71850000
2,479,71850000,71850100,4990,49907,72000000,72000000
2,480,72000000,72000100,4990,49907,72150000,72150000
2,481,72150000,72150100,4990,49907,72300000,72300000
2,482,72300000,72300100,4990,49907,72450000,72450000
2,483,72450000,72450100,4990,49907,72600000,72600000
2,484,72600000,72600100,4990,49907,72750000,72750000
2,485,72750000,72750100,4990,49907,72900000,72900000
2,486,72900000,72900100,4990,49907,73050000,73050000
2,487,73050000,73050100,4990,49907,73200000,73200000
2,488,73200000,73200100,4990,49907,73350000,73350000
2,489,73350000,73350100,4990,49907,73500000,73500000
2,490,73500000,73500100,4990,49907,73650000,73650000
2,491,73650000,73650100,4990,49907,73800000,73800000
2,492,73800000,73800100,4990,49907,73950000,73950000
2,493,73950000,73950100,4990,49907,74100000,74100000
2,494,74100000,74100100,4990,49907,74250000,74250000
2,495,74250000,74250100,4990,49907,74400000,74400000
2,496,74400000,74400100,4990,49907,74550000,74550000
2,497,74550000,74550100,4990,49907,74700000,74700000
2,498,74700000,74700100,4990,49907,74850000,74850000
2,499,74850000,74850100,4990,49907,75000000,75000000
2,500,75000000,75000100,4990,49907,75150000,75150000
2,501,75150000,75150100,4990,49907,75300000,75300000
2,502,75300000,75300100,4990,49907,75450000,75450000
2,503,75450000,75450100,4990,49907,75600000,75600000
2,504,75600000,75600100,4990,49907,75750000,75750000
2,505,75750000,75750100,4990,49907,75900000,75900000
2,506,75900000,75900100,4990,49907,76050000,76050000
2,507,76050000,76050100,4990,49907,76200000,76200000
2,508,76200000,76200100,4990,49907,76350000,76350000
2,509,76350000,76350100,4990,49907,76500000,76500000
2,510,76500000,76500100,4990,49907,76650000,76650000
2,511,76650000,76650100,4990,49907,76800000,76800000
2,512,76800000,76800100,4990,49907,76950000,76950000
2,513,76950000,76950100,4990,49907,77100000,77100000
2,514,77100000,77100100,4990,49907,77250000,77250000
2,515,77250000,77250100,4990,49907,77400000,77400000
2,516,77400000,77400100,4990,49907,77550000,77550000
2,517,77550000,77550100,4990,49907,77700000,77700000
2,518,77700000,77700100,4990,49907,77850000,77850000
2,519,77850000,77850100,4990,49907,78000000,78000000
2,520,78000000,78000100,4990,49907,78150000,78150000
2,521,78150000,78150100,4990,49907,78300000,78300000
2,522,78300000,78300100,4990,49907,78450000,78450000
2,523,78450000,78450100,4990,49907,78600000,78600000
2,524,78600000,78600100,4990,49907,78750000,78750000
2,525,78750000,78750100,4990,49907,78900000,78900000
2,526,78900000,78900100,4990,49907,79050000,79050000
2,527,79050000,79050100,4990,49907,79200000,79200000
2,528,79200000,79200100,4990,49907,79350000,79350000
2,529,79350000,79350100,4990,49907,79500000,79500000
2,530,79500000,79500100,4990,49907,79650000,79650000
2,531,79650000,79650100,4990,49907,79800000,79800000
2,532,79800000,79800100,4990,49907,79950000,79950000
2,533,79950000,79950100,4990,49907,80100000,80100000
2,534,80100000,80100100,4990,49907,80250000,80250000
2,535,80250000,80250100,4990,49907,80400000,80400000
2,536,80400000,80400100,4990,49907,80550000,80550000
2,537,80550000,80550100,4990,49907,80700000,80700000
2,538,80700000,80700100,4990,49907,80850000,80850000
2,539,80850000,80850100,4990,49907,81000000,81000000
2,540,81000000,81000100,4990,49907,81150000,81150000
2,541,81150000,81150100,4990,49907,81300000,81300000
2,542,81300000,81300100,4990,49907,81450000,81450000
2,543,81450000,81450100,4990,49907,81600000,81600000
2,544,81600000,81600100,4990,49907,81750000,81750000
2,545,81750000,81750100,4990,49907,81900000,81900000
2,546,81900000,81900100,4990,49907,82050000,82050000
2,547,82050000,82050100,4990,49907,82200000,82200000
2,548,82200000,82200100,4990,49907,82350000,82350000
2,549,82350000,82350100,4990,49907,82500000,82500000
2,550,82500000,82500100,4990,49907,82650000,82650000
2,551,82650000,82650100,4990,49907,82800000,82800000
2,552,82800000,82800100,4990,49907,82950000,82950000
2,553,82950000,82950100,4990,49907,83100000,83100000
2,554,83100000,83100100,4990,49907,83250000,83250000
2,555,83250000,83250100,4990,49907,83400000,83400000
2,556,83400000,83400100,4990,49907,83550000,83550000
2,557,83550000,83550100,4990,49907,83700000,83700000
2,558,83700000,83700100,4990,49907,83850000,83850000
2,559,83850000,83850100,4990,49907,84000000,84000000
2,560,84000000,84000100,4990,49907,84150000,84150000
2,561,84150000,84150100,4990,49907,84300000,84300000
2,562,84300000,84300100,4990,49907,84450000,84450000
2,563,84450000,84450100,4990,49907,84600000,84600000
2,564,84600000,84600100,4990,49907,84750000,84750000
2,565,84750000,84750100,4990,49907,84900000,84900000
2,566,84900000,84900100,4990,49907,85050000,85050000
2,567,85050000,85050100,4990,49907,85200000,85200000
2,568,85200000,85200100,4990,49907,85350000,85350000
2,569,85350000,85350100,4990,49907,85500000,85500000
2,570,85500000,85500100,4990,49907,85650000,85650000
2,571,85650000,85650100,4990,49907,85800000,85800000
2,572,85800000,85800100,4990,49907,85950000,85950000
2,573,85950000,85950100,4990,49907,86100000,86100000
2,574,86100000,86100100,4990,49907,86250000,86250000
2,575,86250000,86250100,4990,49907,86400000,86400000
2,576,86400000,86400100,4990,49907,86550000,86550000
2,577,86550000,86550100,4990,49907,86700000,86700000
2,578,86700000,86700100,4990,49907,86850000,86850000
2,579,86850000,86850100,4990,49907,87000000,87000000
2,580,87000000,87000100,4990,49907,87150000,87150000
2,581,87150000,87150100,4990,49907,87300000,87300000
2,582,87300000,87300100,4990,49907,87450000,87450000
2,583,87450000,87450100,4990,49907,87600000,87600000
2,584,87600000,87600100,4990,49907,87750000,87750000
2,585,87750000,87750100,4990,49907,87900000,87900000
2,586,87900000,87900100,4990,49907,88050000,88050000
2,587,88050000,88050100,4990,49907,88200000,88200000
2,588,88200000,88200100,4990,49907,88350000,88350000
2,589,88350000,88350100,4990,49907,88500000,88500000
2,590,88500000,88500100,4990,49907,88650000,88650000
2,591,88650000,88650100,4990,49907,88800000,88800000
2,592,88800000,88800100,4990,49907,88950000,88950000
2,593,88950000,88950100,4990,49907,89100000,89100000
2,594,89100000,89100100,4990,49907,89250000,89250000
2,595,89250000,89250100,4990,49907,89400000,89400000
2,596,89400000,89400100,4990,49907,89550000,89550000
2,597,89550000,89550100,4990,49907,89700000,89700000
2,598,89700000,89700100,4990,49907,89850000,89850000
2,599,89850000,89850100,4990,49907,90000000,90000000
2,600,90000000,90000100,4990,49907,90150000,90150000
2,601,90150000,90150100,4990,49907,90300000,90300000
2,602,90300000,90300100,4990,49907,90450000,90450000
2,603,90450000,90450100,4990,49907,90600000,90600000
2,604,90600000,90600100,4990,49907,90750000,90750000
2,605,90750000,90750100,4990,49907,90900000,90900000
2,606,90900000,90900100,4990,49907,91050000,91050000
2,607,91050000,91050100,4990,49907,91200000,91200000
2,608,91200000,91200100,4990,49907,91350000,91350000
2,609,91350000,91350100,4990,49907,91500000,91500000
2,610,91500000,91500100,4990,49907,91650000,91650000
2,611,91650000,91650100,4990,49907,91800000,91800000
2,612,91800000,91800100,4990,49907,91950000,91950000
2,613,91950000,91950100,4990,49907,92100000,92100000
2,614,92100000,92100100,4990,49907,92250000,92250000
2,615,92250000,92250100,4990,49907,92400000,92400000
2,616,92400000,92400100,4990,49907,92550000,92550000
2,617,92550000,92550100,4990,49907,92700000,92700000
2,618,92700000,92700100,4990,49907,92850000,92850000
2,619,92850000,92850100,4990,49907,93000000,93000000
2,620,93000000,93000100,4990,49907,93150000,93150000
2,621,93150000,93150100,4990,49907,93300000,93300000
2,622,93300000,93300100,4990,49907,93450000,93450000
2,623,93450000,93450100,4990,49907,93600000,93600000
2,624,93600000,93600100,4990,49907,93750000,93750000
2,625,93750000,93750100,4990,49907,93900000,93900000
2,626,93900000,93900100,4990,49907,94050000,94050000
2,627,94050000,94050100,4990,49907,94200000,94200000
2,628,94200000,94200100,4990,49907,94350000,94350000
2,629,94350000,94350100,4990,49907,94500000,94500000
2,630,94500000,94500100,4990,49907,94650000,94650000
2,631,94650000,94650100,4990,49907,94800000,94800000
2,632,94800000,94800100,4990,49907,94950000,94950000
2,633,94950000,94950100,4990,49907,95100000,95100000
2,634,95100000,95100100,4990,49907,95250000,95250000
2,635,95250000,95250100,4990,49907,95400000,95400000
2,636,95400000,95400100,4990,49907,95550000,95550000
2,637,95550000,95550100,4990,49907,95700000,95700000
2,638,95700000,95700100,4990,49907,95850000,95850000
2,639,95850000,95850100,4990,49907,96000000,96000000
2,640,96000000,96000100,4990,49907,96150000,96150000
2,641,96150000,96150100,4990,49907,96300000,96300000
2,642,96300000,96300100,4990,49907,96450000,96450000
2,643,96450000,96450100,4990,49907,96600000,96600000
2,644,96600000,96600100,4990,49907,96750000,96750000
2,645,96750000,96750100,4990,49907,96900000,96900000
2,646,96900000,96900100,4990,49907,97050000,97050000
2,647,97050000,97050100,4990,49907,97200000,97200000
2,648,97200000,97200100,4990,49907,97350000,97350000
2,649,97350000,97350100,4990,49907,97500000,97500000
2,650,97500000,97500100,4990,49907,97650000,97650000
2,651,97650000,97650100,4990,49907,97800000,97800000
2,652,97800000,97800100,4990,49907,97950000,97950000
2,653,97950000,97950100,4990,49907,98100000,98100000
2,654,98100000,98100100,4990,49907,98250000,98250000
2,655,98250000,98250100,4990,49907,98400000,98400000
2,656,98400000,98400100,4990,49907,98550000,98550000
2,657,98550000,98550100,4990,49907,98700000,98700000
2,658,98700000,98700100,4990,49907,98850000,98850000
2,659,98850000,98850100,4990,49907,99000000,99000000
2,660,99000000,99000100,4990,49907,99150000,99150000
2,661,99150000,99150100,4990,49907,99300000,99300000
2,662,99300000,99300100,4990,49907,99450000,99450000
2,663,99450000,99450100,4990,49907,99600000,99600000
2,664,99600000,99600100,4990,49907,99750000,99750000
2,665,99750000,99750100,4990,49907,99900000,99900000
2,666,99900000,99900100,4990,49907,100050000,100050000
2,667,100050000,100050100,4990,49907,100200000,100200000
2,668,100200000,100200100,4990,49907,100350000,100350000
2,669,100350000,100350100,4990,49907,100500000,100500000
2,670,100500000,100500100,4990,49907,100650000,100650000
2,671,100650000,100650100,4990,49907,100800000,100800000
2,672,100800000,100800100,4990,49907,100950000,100950000
2,673,100950000,100950100,4990,49907,101100000,101100000
2,674,101100000,101100100,4990,49907,101250000,101250000
2,675,101250000,101250100,4990,49907,101400000,101400000
2,676,101400000,101400100,4990,49907,101550000,101550000
2,677,101550000,101550100,4990,49907,101700000,101700000
2,678,101700000,101700100,4990,49907,101850000,101850000
2,679,101850000,101850100,4990,49907,102000000,102000000
2,680,102000000,102000100,4990,49907,102150000,102150000
2,681,102150000,102150100,4990,49907,102300000,102300000
2,682,102300000,102300100,4990,49907,102450000,102450000
2,683,102450000,102450100,4990,49907,102600000,102600000
2,684,102600000,102600100,4990,49907,102750000,102750000
2,685,102750000,102750100,4990,49907,102900000,102900000
2,686,102900000,102900100,4990,49907,103050000,103050000
2,687,103050000,103050100,4990,49907,103200000,103200000
2,688,103200000,103200100,4990,49907,103350000,103350000
2,689,103350000,103350100,4990,49907,103500000,103500000
2,690,103500000,103500100,4990,49907,103650000,103650000
2,691,103650000,103650100,4990,49907,103800000,103800000
2,692,103800000,103800100,4990,49907,103950000,103950000
2,693,103950000,103950100,4990,49907,104100000,104100000
2,694,104100000,104100100,4990,49907,104250000,104250000
2,695,104250000,104250100,4990,49907,104400000,104400000
2,696,104400000,104400100,4990,49907,104550000,104550000
2,697,104550000,104550100,4990,49907,104700000,104700000
2,698,104700000,104700100,4990,49907,104850000,104850000
2,699,104850000,104850100,4990,49907,105000000,105000000
2,700,105000000,105000100,4990,49907,105150000,105150000
2,701,105150000,105150100,4990,49907,105300000,105300000
2,702,105300000,105300100,4990,49907,105450000,105450000
2,703,105450000,105450100,4990,49907,105600000,105600000
2,704,105600000,105600100,4990,49907,105750000,105750000
2,705,105750000,105750100,4990,49907,105900000,105900000
2,706,105900000,105900100,4990,49907,106050000,106050000
2,707,106050000,106050100,4990,49907,106200000,106200000
2,708,106200000,106200100,4990,49907,106350000,106350000
2,709,106350000,106350100,4990,49907,106500000,106500000
2,710,106500000,106500100,4990,49907,106650000,106650000
2,711,106650000,106650100,4990,49907,106800000,106800000
2,712,106800000,106800100,4990,49907,106950000,106950000
2,713,106950000,106950100,4990,49907,107100000,107100000
2,714,107100000,107100100,4990,49907,107250000,107250000
2,715,107250000,107250100,4990,49907,107400000,107400000
2,716,107400000,107400100,4990,49907,107550000,107550000
2,717,107550000,107550100,4990,49907,107700000,107700000
2,718,107700000,107700100,4990,49907,107850000,107850000
2,719,107850000,107850100,4990,49907,108000000,108000000
2,720,108000000,108000100,4990,49907,108150000,108150000
2,721,108150000,108150100,4990,49907,108300000,108300000
2,722,108300000,108300100,4990,49907,108450000,108450000
2,723,108450000,108450100,4990,49907,108600000,108600000
2,724,108600000,108600100,4990,49907,108750000,108750000
2,725,108750000,108750100,4990,49907,108900000,108900000
2,726,108900000,108900100,4990,49907,109050000,109050000
2,727,109050000,109050100,4990,49907,109200000,109200000
2,728,109200000,109200100,4990,49907,109350000,109350000
2,729,109350000,109350100,4990,49907,109500000,109500000
2,730,109500000,109500100,4990,49907,109650000,109650000
2,731,109650000,109650100,4990,49907,109800000,109800000
2,732,109800000,109800100,4990,49907,109950000,109950000
2,733,109950000,109950100,4990,49907,110100000,110100000
2,734,110100000,110100100,4990,49907,110250000,110250000
2,735,110250000,110250100,4990,49907,110400000,110400000
2,736,110400000,110400100,4990,49907,110550000,110550000
2,737,110550000,110550100,4990,49907,110700000,110700000
2,738,110700000,110700100,4990,49907,110850000,110850000
2,739,110850000,110850100,4990,49907,111000000,111000000
2,740,111000000,111000100,4990,49907,111150000,111150000
2,741,111150000,111150100,4990,49907,111300000,111300000
2,742,111300000,111300100,4990,49907,111450000,111450000
2,743,111450000,111450100,4990,49907,111600000,111600000
2,744,111600000,111600100,4990,49907,111750000,111750000
2,745,111750000,111750100,4990,49907,111900000,111900000
2,746,111900000,111900100,4990,49907,112050000,112050000
2,747,112050000,112050100,4990,49907,112200000,112200000
2,748,112200000,112200100,4990,49907,112350000,112350000
2,749,112350000,112350100,4990,49907,112500000,112500000
2,750,112500000,112500100,4990,49907,112650000,112650000
2,751,112650000,112650100,4990,49907,112800000,112800000
2,752,112800000,112800100,4990,49907,112950000,112950000
2,753,112950000,112950100,4990,49907,113100000,113100000
2,754,113100000,113100100,4990,49907,113250000,113250000
2,755,113250000,113250100,4990,49907,113400000,113400000
2,756,113400000,113400100,4990,49907,113550000,113550000
2,757,113550000,113550100,4990,49907,113700000,113700000
2,758,113700000,113700100,4990,49907,113850000,113850000
2,759,113850000,113850100,4990,49907,114000000,114000000
2,760,114000000,114000100,4990,49907,114150000,114150000
2,761,114150000,114150100,4990,49907,114300000,114300000
2,762,114300000,114300100,4990,49907,114450000,114450000
2,763,114450000,114450100,4990,49907,114600000,114600000
2,764,114600000,114600100,4990,49907,114750000,114750000
2,765,114750000,114750100,4990,49907,114900000,114900000
2,766,114900000,114900100,4990,49907,115050000,115050000
2,767,115050000,115050100,4990,49907,115200000,115200000
2,768,115200000,115200100,4990,49907,115350000,115350000
2,769,115350000,115350100,4990,49907,115500000,115500000
2,770,115500000,115500100,4990,49907,115650000,115650000
2,771,115650000,115650100,4990,49907,115800000,115800000
2,772,115800000,115800100,4990,49907,115950000,115950000
2,773,115950000,115950100,4990,49907,116100000,116100000
2,774,116100000,116100100,4990,49907,116250000,116250000
2,775,116250000,116250100,4990,49907,116400000,116400000
2,776,116400000,116400100,4990,49907,116550000,116550000
2,777,116550000,116550100,4990,49907,116700000,116700000
2,778,116700000,116700100,4990,49907,116850000,116850000
2,779,116850000,116850100,4990,49907,117000000,117000000
2,780,117000000,117000100,4990,49907,117150000,117150000
2,781,117150000,117150100,4990,49907,117300000,117300000
2,782,117300000,117300100,4990,49907,117450000,117450000
2,783,117450000,117450100,4990,49907,117600000,117600000
2,784,117600000,117600100,4990,49907,117750000,117750000
2,785,117750000,117750100,4990,49907,117900000,117900000
2,786,117900000,117900100,4990,49907,118050000,118050000
2,787,118050000,118050100,4990,49907,118200000,118200000
2,788,118200000,118200100,4990,49907,118350000,118350000
2,789,118350000,118350100,4990,49907,118500000,118500000
2,790,118500000,118500100,4990,49907,118650000,118650000
2,791,118650000,118650100,4990,49907,118800000,118800000
2,792,118800000,118800100,4990,49907,118950000,118950000
2,793,118950000,118950100,4990,49907,119100000,119100000
2,794,119100000,119100100,4990,49907,119250000,119250000
2,795,119250000,119250100,4990,49907,119400000,119400000
2,796,119400000,119400100,4990,49907,119550000,119550000
2,797,119550000,119550100,4990,49907,119700000,119700000
2,798,119700000,119700100,4990,49907,119850000,119850000
2,799,119850000,119850100,4990,49907,120000000,120000000
2,800,120000000,120000100,4990,49907,120150000,120150000
2,801,120150000,120150100,4990,49907,120300000,120300000
2,802,120300000,120300100,4990,49907,120450000,120450000
2,803,120450000,120450100,4990,49907,120600000,120600000
2,804,120600000,120600100,4990,49907,120750000,120750000
2,805,120750000,120750100,4990,49907,120900000,120900000
2,806,120900000,120900100,4990,49907,121050000,121050000
2,807,121050000,121050100,4990,49907,121200000,121200000
2,808,121200000,121200100,4990,49907,121350000,121350000
2,809,121350000,121350100,4990,49907,121500000,121500000
2,810,121500000,121500100,4990,49907,121650000,121650000
2,811,121650000,121650100,4990,49907,121800000,121800000
2,812,121800000,121800100,4990,49907,121950000,121950000
2,813,121950000,121950100,4990,49907,122100000,122100000
2,814,122100000,122100100,4990,49907,122250000,122250000
2,815,122250000,122250100,4990,49907,122400000,122400000
2,816,122400000,122400100,4990,49907,122550000,122550000
2,817,122550000,122550100,4990,49907,122700000,122700000
2,818,122700000,122700100,4990,49907,122850000,122850000
2,819,122850000,122850100,4990,49907,123000000,123000000
2,820,123000000,123000100,4990,49907,123150000,123150000
2,821,123150000,123150100,4990,49907,123300000,123300000
2,822,123300000,123300100,4990,49907,123450000,123450000
2,823,123450000,123450100,4990,49907,123600000,123600000
2,824,123600000,123600100,4990,49907,123750000,123750000
2,825,123750000,123750100,4990,49907,123900000,123900000
2,826,123900000,123900100,4990,49907,124050000,124050000
2,827,124050000,124050100,4990,49907,124200000,124200000
2,828,124200000,124200100,4990,49907,124350000,124350000
2,829,124350000,124350100,4990,49907,124500000,124500000
2,830,124500000,124500100,4990,49907,124650000,124650000
2,831,124650000,124650100,4990,49907,124800000,124800000
2,832,124800000,124800100,4990,49907,124950000,124950000
2,833,124950000,124950100,4990,49907,125100000,125100000
2,834,125100000,125100100,4990,49907,125250000,125250000
2,835,125250000,125250100,4990,49907,125400000,125400000
2,836,125400000,125400100,4990,49907,125550000,125550000
2,837,125550000,125550100,4990,49907,125700000,125700000
2,838,125700000,125700100,4990,49907,125850000,125850000
2,839,125850000,125850100,4990,49907,126000000,126000000
2,840,126000000,126000100,4990,49907,126150000,126150000
2,841,126150000,126150100,4990,49907,126300000,126300000
2,842,126300000,126300100,4990,49907,126450000,126450000
2,843,126450000,126450100,4990,49907,126600000,126600000
2,844,126600000,126600100,4990,49907,126750000,126750000
2,845,126750000,126750100,4990,49907,126900000,126900000
2,846,126900000,126900100,4990,49907,127050000,127050000
2,847,127050000,127050100,4990,49907,127200000,127200000
2,848,127200000,127200100,4990,49907,127350000,127350000
2,849,127350000,127350100,4990,49907,127500000,127500000
2,850,127500000,127500100,4990,49907,127650000,127650000
2,851,127650000,127650100,4990,49907,127800000,127800000
2,852,127800000,127800100,4990,49907,127950000,127950000
2,853,127950000,127950100,4990,49907,128100000,128100000
2,854,128100000,128100100,4990,49907,128250000,128250000
2,855,128250000,128250100,4990,49907,128400000,128400000
2,856,128400000,128400100,4990,49907,128550000,128550000
2,857,128550000,128550100,4990,49907,128700000,128700000
2,858,128700000,128700100,4990,49907,128850000,128850000
2,859,128850000,128850100,4990,49907,129000000,129000000
2,860,129000000,129000100,4990,49907,129150000,129150000
2,861,129150000,129150100,4990,49907,129300000,129300000
2,862,129300000,129300100,4990,49907,129450000,129450000
2,863,129450000,129450100,4990,49907,129600000,129600000
2,864,129600000,129600100,4990,49907,129750000,129750000
2,865,129750000,129750100,4990,49907,129900000,129900000
2,866,129900000,129900100,4990,49907,130050000,130050000
2,867,130050000,130050100,4990,49907,130200000,130200000
2,868,130200000,130200100,4990,49907,130350000,130350000
2,869,130350000,130350100,4990,49907,130500000,130500000
2,870,130500000,130500100,4990,49907,130650000,130650000
2,871,130650000,130650100,4990,49907,130800000,130800000
2,872,130800000,130800100,4990,49907,130950000,130950000
2,873,130950000,130950100,4990,49907,131100000,131100000
2,874,131100000,131100100,4990,49907,131250000,131250000
2,875,131250000,131250100,4990,49907,131400000,131400000
2,876,131400000,131400100,4990,49907,131550000,131550000
2,877,131550000,131550100,4990,49907,131700000,131700000
2,878,131700000,131700100,4990,49907,131850000,131850000
2,879,131850000,131850100,4990,49907,132000000,132000000
2,880,132000000,132000100,4990,49907,132150000,132150000
2,881,132150000,132150100,4990,49907,132300000,132300000
2,882,132300000,132300100,4990,49907,132450000,132450000
2,883,132450000,132450100,4990,49907,132600000,132600000
2,884,132600000,132600100,4990,49907,132750000,132750000
2,885,132750000,132750100,4990,49907,132900000,132900000
2,886,132900000,132900100,4990,49907,133050000,133050000
2,887,133050000,133050100,4990,49907,133200000,133200000
2,888,133200000,133200100,4990,49907,133350000,133350000
2,889,133350000,133350100,4990,49907,133500000,133500000
2,890,133500000,133500100,4990,49907,133650000,133650000
2,891,133650000,133650100,4990,49907,133800000,133800000
2,892,133800000,133800100,4990,49907,133950000,133950000
2,893,133950000,133950100,4990,49907,134100000,134100000
2,894,134100000,134100100,4990,49907,134250000,134250000
2,895,134250000,134250100,4990,49907,134400000,134400000
2,896,134400000,134400100,4990,49907,134550000,134550000
2,897,134550000,134550100,4990,49907,134700000,134700000
2,898,134700000,134700100,4990,49907,134850000,134850000
2,899,134850000,134850100,4990,49907,135000000,135000000
2,900,135000000,135000100,4990,49907,135150000,135150000
2,901,135150000,135150100,4990,49907,135300000,135300000
2,902,135300000,135300100,4990,49907,135450000,135450000
2,903,135450000,135450100,4990,49907,135600000,135600000
2,904,135600000,135600100,4990,49907,135750000,135750000
2,905,135750000,135750100,4990,49907,135900000,135900000
2,906,135900000,135900100,4990,49907,136050000,136050000
2,907,136050000,136050100,4990,49907,136200000,136200000
2,908,136200000,136200100,4990,49907,136350000,136350000
2,909,136350000,136350100,4990,49907,136500000,136500000
2,910,136500000,136500100,4990,49907,136650000,136650000
2,911,136650000,136650100,4990,49907,136800000,136800000
2,912,136800000,136800100,4990,49907,136950000,136950000
2,913,136950000,136950100,4990,49907,137100000,137100000
2,914,137100000,137100100,4990,49907,137250000,137250000
2,915,137250000,137250100,4990,49907,137400000,137400000
2,916,137400000,137400100,4990,49907,137550000,137550000
2,917,137550000,137550100,4990,49907,137700000,137700000
2,918,137700000,137700100,4990,49907,137850000,137850000
2,919,137850000,137850100,4990,49907,138000000,138000000
2,920,138000000,138000100,4990,49907,138150000,138150000
2,921,138150000,138150100,4990,49907,138300000,138300000
2,922,138300000,138300100,4990,49907,138450000,138450000
2,923,138450000,138450100,4990,49907,138600000,138600000
2,924,138600000,138600100,4990,49907,138750000,138750000
2,925,138750000,138750100,4990,49907,138900000,138900000
2,926,138900000,138900100,4990,49907,139050000,139050000
2,927,139050000,139050100,4990,49907,139200000,139200000
2,928,139200000,139200100,4990,49907,139350000,139350000
2,929,139350000,139350100,4990,49907,139500000,139500000
2,930,139500000,139500100,4990,49907,139650000,139650000
2,931,139650000,139650100,4990,49907,139800000,139800000
2,932,139800000,139800100,4990,49907,139950000,139950000
2,933,139950000,139950100,4990,49907,140100000,140100000
2,934,140100000,140100100,4990,49907,140250000,140250000
2,935,140250000,140250100,4990,49907,140400000,140400000
2,936,140400000,140400100,4990,49907,140550000,140550000
2,937,140550000,140550100,4990,49907,140700000,140700000
2,938,140700000,140700100,4990,49907,140850000,140850000
2,939,140850000,140850100,4990,49907,141000000,141000000
2,940,141000000,141000100,4990,49907,141150000,141150000
2,941,141150000,141150100,4990,49907,141300000,141300000
2,942,141300000,141300100,4990,49907,141450000,141450000
2,943,141450000,141450100,4990,49907,141600000,141600000
2,944,141600000,141600100,4990,49907,141750000,141750000
2,945,141750000,141750100,4990,49907,141900000,141900000
2,946,141900000,141900100,4990,49907,142050000,142050000
2,947,142050000,142050100,4990,49907,142200000,142200000
2,948,142200000,142200100,4990,49907,142350000,142350000
2,949,142350000,142350100,4990,49907,142500000,142500000
2,950,142500000,142500100,4990,49907,142650000,142650000
2,951,142650000,142650100,4990,49907,142800000,142800000
2,952,142800000,142800100,4990,49907,142950000,142950000
2,953,142950000,142950100,4990,49907,143100000,143100000
2,954,143100000,143100100,4990,49907,143250000,143250000
2,955,143250000,143250100,4990,49907,143400000,143400000
2,956,143400000,143400100,4990,49907,143550000,143550000
2,957,143550000,143550100,4990,49907,143700000,143700000
2,958,143700000,143700100,4990,49907,143850000,143850000
2,959,143850000,143850100,4990,49907,144000000,144000000
2,960,144000000,144000100,4990,49907,144150000,144150000
2,961,144150000,144150100,4990,49907,144300000,144300000
2,962,144300000,144300100,4990,49907,144450000,144450000
2,963,144450000,144450100,4990,49907,144600000,144600000
2,964,144600000,144600100,4990,49907,144750000,144750000
2,965,144750000,144750100,4990,49907,144900000,144900000
2,966,144900000,144900100,4990,49907,145050000,145050000
2,967,145050000,145050100,4990,49907,145200000,145200000
2,968,145200000,145200100,4990,49907,145350000,145350000
2,969,145350000,145350100,4990,49907,145500000,145500000
2,970,145500000,145500100,4990,49907,145650000,145650000
2,971,145650000,145650100,4990,49907,145800000,145800000
2,972,145800000,145800100,4990,49907,145950000,145950000
2,973,145950000,145950100,4990,49907,146100000,146100000
2,974,146100000,146100100,4990,49907,146250000,146250000
2,975,146250000,146250100,4990,49907,146400000,146400000
2,976,146400000,146400100,4990,49907,146550000,146550000
2,977,146550000,146550100,4990,49907,146700000,146700000
2,978,146700000,146700100,4990,49907,146850000,146850000
2,979,146850000,146850100,4990,49907,147000000,147000000
2,980,147000000,147000100,4990,49907,147150000,147150000
2,981,147150000,147150100,4990,49907,147300000,147300000
2,982,147300000,147300100,4990,49907,147450000,147450000
2,983,147450000,147450100,4990,49907,147600000,147600000
2,984,147600000,147600100,4990,49907,147750000,147750000
2,985,147750000,147750100,4990,49907,147900000,147900000
2,986,147900000,147900100,4990,49907,148050000,148050000
2,987,148050000,148050100,4990,49907,148200000,148200000
2,988,148200000,148200100,4990,49907,148350000,148350000
2,989,148350000,148350100,4990,49907,148500000,148500000
2,990,148500000,148500100,4990,49907,148650000,148650000
2,991,148650000,148650100,4990,49907,148800000,148800000
2,992,148800000,148800100,4990,49907,148950000,148950000
2,993,148950000,148950100,4990,49907,149100000,149100000
2,994,149100000,149100100,4990,49907,149250000,149250000
2,995,149250000,149250100,4990,49907,149400000,149400000
2,996,149400000,149400100,4990,49907,149550000,149550000
2,997,149550000,149550100,4990,49907,149700000,149700000
2,998,149700000,149700100,4990,49907,149850000,149850000
2,999,149850000,149850100,4990,49907,150000000,150000000
2,1000,150000000,150000100,4990,49907,150150000,150150000
2,1001,150150000,150150100,4990,49907,150300000,150300000
2,1002,150300000,150300100,4990,49907,150450000,150450000
2,1003,150450000,150450100,4990,49907,150600000,150600000
2,1004,150600000,150600100,4990,49907,150750000,150750000
2,1005,150750000,150750100,4990,49907,150900000,150900000
2,1006,150900000,150900100,4990,49907,151050000,151050000
2,1007,151050000,151050100,4990,49907,151200000,151200000
2,1008,151200000,151200100,4990,49907,151350000,151350000
2,1009,151350000,151350100,4990,49907,151500000,151500000
2,1010,151500000,151500100,4990,49907,151650000,151650000
2,1011,151650000,151650100,4990,49907,151800000,151800000
2,1012,151800000,151800100,4990,49907,151950000,151950000
2,1013,151950000,151950100,4990,49907,152100000,152100000
2,1014,152100000,152100100,4990,49907,152250000,152250000
2,1015,152250000,152250100,4990,49907,152400000,152400000
2,1016,152400000,152400100,4990,49907,152550000,152550000
2,1017,152550000,152550100,4990,49907,152700000,152700000
2,1018,152700000,152700100,4990,49907,152850000,152850000
2,1019,152850000,152850100,4990,49907,153000000,153000000
2,1020,153000000,153000100,4990,49907,153150000,153150000
2,1021,153150000,153150100,4990,49907,153300000,153300000
2,1022,153300000,153300100,4990,49907,153450000,153450000
2,1023,153450000,153450100,4990,49907,153600000,153600000
2,1024,153600000,153600100,4990,49907,153750000,153750000
2,1025,153750000,153750100,4990,49907,153900000,153900000
2,1026,153900000,153900100,4990,49907,154050000,154050000
2,1027,154050000,154050100,4990,49907,154200000,154200000
2,1028,154200000,154200100,4990,49907,154350000,154350000
2,1029,154350000,154350100,4990,49907,154500000,154500000
2,1030,154500000,154500100,4990,49907,154650000,154650000
2,1031,154650000,154650100,4990,49907,154800000,154800000
2,1032,154800000,154800100,4990,49907,154950000,154950000
2,1033,154950000,154950100,4990,49907,155100000,155100000
2,1034,155100000,155100100,4990,49907,155250000,155250000
2,1035,155250000,155250100,4990,49907,155400000,155400000
2,1036,155400000,155400100,4990,49907,155550000,155550000
2,1037,155550000,155550100,4990,49907,155700000,155700000
2,1038,155700000,155700100,4990,49907,155850000,155850000
2,1039,155850000,155850100,4990,49907,156000000,156000000
2,1040,156000000,156000100,4990,49907,156150000,156150000
2,1041,156150000,156150100,4990,49907,156300000,156300000
2,1042,156300000,156300100,4990,49907,156450000,156450000
2,1043,156450000,156450100,4990,49907,156600000,156600000
2,1044,156600000,156600100,4990,49907,156750000,156750000
2,1045,156750000,156750100,4990,49907,156900000,156900000
2,1046,156900000,156900100,4990,49907,157050000,157050000
2,1047,157050000,157050100,4990,49907,157200000,157200000
2,1048,157200000,157200100,4990,49907,157350000,157350000
2,1049,157350000,157350100,4990,49907,157500000,157500000
2,1050,157500000,157500100,4990,49907,157650000,157650000
2,1051,157650000,157650100,4990,49907,157800000,157800000
2,1052,157800000,157800100,4990,49907,157950000,157950000
2,1053,157950000,157950100,4990,49907,158100000,158100000
2,1054,158100000,158100100,4990,49907,158250000,158250000
2,1055,158250000,158250100,4990,49907,158400000,158400000
2,1056,158400000,158400100,4990,49907,158550000,158550000
2,1057,158550000,158550100,4990,49907,158700000,158700000
2,1058,158700000,158700100,4990,49907,158850000,158850000
2,1059,158850000,158850100,4990,49907,159000000,159000000
2,1060,159000000,159000100,4990,49907,159150000,159150000
2,1061,159150000,159150100,4990,49907,159300000,159300000
2,1062,159300000,159300100,4990,49907,159450000,159450000
2,1063,159450000,159450100,4990,49907,159600000,159600000
2,1064,159600000,159600100,4990,49907,159750000,159750000
2,1065,159750000,159750100,4990,49907,159900000,159900000
2,1066,159900000,159900100,4990,49907,160050000,160050000
2,1067,160050000,160050100,4990,49907,160200000,160200000
2,1068,160200000,160200100,4990,49907,160350000,160350000
2,1069,160350000,160350100,4990,49907,160500000,160500000
2,1070,160500000,160500100,4990,49907,160650000,160650000
2,1071,160650000,160650100,4990,49907,160800000,160800000
2,1072,160800000,160800100,4990,49907,160950000,160950000
2,1073,160950000,160950100,4990,49907,161100000,161100000
2,1074,161100000,161100100,4990,49907,161250000,161250000
2,1075,161250000,161250100,4990,49907,161400000,161400000
2,1076,161400000,161400100,4990,49907,161550000,161550000
2,1077,161550000,161550100,4990,49907,161700000,161700000
2,1078,161700000,161700100,4990,49907,161850000,161850000
2,1079,161850000,161850100,4990,49907,162000000,162000000
2,1080,162000000,162000100,4990,49907,162150000,162150000
2,1081,162150000,162150100,4990,49907,162300000,162300000
2,1082,162300000,162300100,4990,49907,162450000,162450000
2,1083,162450000,162450100,4990,49907,162600000,162600000
2,1084,162600000,162600100,4990,49907,162750000,162750000
2,1085,162750000,162750100,4990,49907,162900000,162900000
2,1086,162900000,162900100,4990,49907,163050000,163050000
2,1087,163050000,163050100,4990,49907,163200000,163200000
2,1088,163200000,163200100,4990,49907,163350000,163350000
2,1089,163350000,163350100,4990,49907,163500000,163500000
2,1090,163500000,163500100,4990,49907,163650000,163650000
2,1091,163650000,163650100,4990,49907,163800000,163800000
2,1092,163800000,163800100,4990,49907,163950000,163950000
2,1093,163950000,163950100,4990,49907,164100000,164100000
2,1094,164100000,164100100,4990,49907,164250000,164250000
2,1095,164250000,164250100,4990,49907,164400000,164400000
2,1096,164400000,164400100,4990,49907,164550000,164550000
2,1097,164550000,164550100,4990,49907,164700000,164700000
2,1098,164700000,164700100,4990,49907,164850000,164850000
2,1099,164850000,164850100,4990,49907,165000000,165000000
2,1100,165000000,165000100,4990,49907,165150000,165150000
2,1101,165150000,165150100,4990,49907,165300000,165300000
2,1102,165300000,165300100,4990,49907,165450000,165450000
2,1103,165450000,165450100,4990,49907,165600000,165600000
2,1104,165600000,165600100,4990,49907,165750000,165750000
2,1105,165750000,165750100,4990,49907,165900000,165900000
2,1106,165900000,165900100,4990,49907,166050000,166050000
2,1107,166050000,166050100,4990,49907,166200000,166200000
2,1108,166200000,166200100,4990,49907,166350000,166350000
2,1109,166350000,166350100,4990,49907,166500000,166500000
2,1110,166500000,166500100,4990,49907,166650000,166650000
2,1111,166650000,166650100,4990,49907,166800000,166800000
2,1112,166800000,166800100,4990,49907,166950000,166950000
2,1113,166950000,166950100,4990,49907,167100000,167100000
2,1114,167100000,167100100,4990,49907,167250000,167250000
2,1115,167250000,167250100,4990,49907,167400000,167400000
2,1116,167400000,167400100,4990,49907,167550000,167550000
2,1117,167550000,167550100,4990,49907,167700000,167700000
2,1118,167700000,167700100,4990,49907,167850000,167850000
2,1119,167850000,167850100,4990,49907,168000000,168000000
2,1120,168000000,168000100,4990,49907,168150000,168150000
2,1121,168150000,168150100,4990,49907,168300000,168300000
2,1122,168300000,168300100,4990,49907,168450000,168450000
2,1123,168450000,168450100,4990,49907,168600000,168600000
2,1124,168600000,168600100,4990,49907,168750000,168750000
2,1125,168750000,168750100,4990,49907,168900000,168900000
2,1126,168900000,168900100,4990,49907,169050000,169050000
2,1127,169050000,169050100,4990,49907,169200000,169200000
2,1128,169200000,169200100,4990,49907,169350000,169350000
2,1129,169350000,169350100,4990,49907,169500000,169500000
2,1130,169500000,169500100,4990,49907,169650000,169650000
2,1131,169650000,169650100,4990,49907,169800000,169800000
2,1132,169800000,169800100,4990,49907,169950000,169950000
2,1133,169950000,169950100,4990,49907,170100000,170100000
2,1134,170100000,170100100,4990,49907,170250000,170250000
2,1135,170250000,170250100,4990,49907,170400000,170400000
2,1136,170400000,170400100,4990,49907,170550000,170550000
2,1137,170550000,170550100,4990,49907,170700000,170700000
2,1138,170700000,170700100,4990,49907,170850000,170850000
2,1139,170850000,170850100,4990,49907,171000000,171000000
2,1140,171000000,171000100,4990,49907,171150000,171150000
2,1141,171150000,171150100,4990,49907,171300000,171300000
2,1142,171300000,171300100,4990,49907,171450000,171450000
2,1143,171450000,171450100,4990,49907,171600000,171600000
2,1144,171600000,171600100,4990,49907,171750000,171750000
2,1145,171750000,171750100,4990,49907,171900000,171900000
2,1146,171900000,171900100,4990,49907,172050000,172050000
2,1147,172050000,172050100,4990,49907,172200000,172200000
2,1148,172200000,172200100,4990,49907,172350000,172350000
2,1149,172350000,172350100,4990,49907,172500000,172500000
2,1150,172500000,172500100,4990,49907,172650000,172650000
2,1151,172650000,172650100,4990,49907,172800000,172800000
2,1152,172800000,172800100,4990,49907,172950000,172950000
2,1153,172950000,172950100,4990,49907,173100000,173100000
2,1154,173100000,173100100,4990,49907,173250000,173250000
2,1155,173250000,173250100,4990,49907,173400000,173400000
2,1156,173400000,173400100,4990,49907,173550000,173550000
2,1157,173550000,173550100,4990,49907,173700000,173700000
2,1158,173700000,173700100,4990,49907,173850000,173850000
2,1159,173850000,173850100,4990,49907,174000000,174000000
2,1160,174000000,174000100,4990,49907,174150000,174150000
2,1161,174150000,174150100,4990,49907,174300000,174300000
2,1162,174300000,174300100,4990,49907,174450000,174450000
2,1163,174450000,174450100,4990,49907,174600000,174600000
2,1164,174600000,174600100,4990,49907,174750000,174750000
2,1165,174750000,174750100,4990,49907,174900000,174900000
2,1166,174900000,174900100,4990,49907,175050000,175050000
2,1167,175050000,175050100,4990,49907,175200000,175200000
2,1168,175200000,175200100,4990,49907,175350000,175350000
2,1169,175350000,175350100,4990,49907,175500000,175500000
2,1170,175500000,175500100,4990,49907,175650000,175650000
2,1171,175650000,175650100,4990,49907,175800000,175800000
2,1172,175800000,175800100,4990,49907,175950000,175950000
2,1173,175950000,175950100,4990,49907,176100000,176100000
2,1174,176100000,176100100,4990,49907,176250000,176250000
2,1175,176250000,176250100,4990,49907,176400000,176400000
2,1176,176400000,176400100,4990,49907,176550000,176550000
2,1177,176550000,176550100,4990,49907,176700000,176700000
2,1178,176700000,176700100,4990,49907,176850000,176850000
2,1179,176850000,176850100,4990,49907,177000000,177000000
2,1180,177000000,177000100,4990,49907,177150000,177150000
2,1181,177150000,177150100,4990,49907,177300000,177300000
2,1182,177300000,177300100,4990,49907,177450000,177450000
2,1183,177450000,177450100,4990,49907,177600000,177600000
2,1184,177600000,177600100,4990,49907,177750000,177750000
2,1185,177750000,177750100,4990,49907,177900000,177900000
2,1186,177900000,177900100,4990,49907,178050000,178050000
2,1187,178050000,178050100,4990,49907,178200000,178200000
2,1188,178200000,178200100,4990,49907,178350000,178350000
2,1189,178350000,178350100,4990,49907,178500000,178500000
2,1190,178500000,178500100,4990,49907,178650000,178650000
2,1191,178650000,178650100,4990,49907,178800000,178800000
2,1192,178800000,178800100,4990,49907,178950000,178950000
2,1193,178950000,178950100,4990,49907,179100000,179100000
2,1194,179100000,179100100,4990,49907,179250000,179250000
2,1195,179250000,179250100,4990,49907,179400000,179400000
2,1196,179400000,179400100,4990,49907,179550000,179550000
2,1197,179550000,179550100,4990,49907,179700000,179700000
2,1198,179700000,179700100,4990,49907,179850000,179850000
2,1199,179850000,179850100,4990,49907,180000000,180000000
2,1200,180000000,180000100,4990,49907,180150000,180150000
2,1201,180150000,180150100,4990,49907,180300000,180300000
2,1202,180300000,180300100,4990,49907,180450000,180450000
2,1203,180450000,180450100,4990,49907,180600000,180600000
2,1204,180600000,180600100,4990,49907,180750000,180750000
2,1205,180750000,180750100,4990,49907,180900000,180900000
2,1206,180900000,180900100,4990,49907,181050000,181050000
2,1207,181050000,181050100,4990,49907,181200000,181200000
2,1208,181200000,181200100,4990,49907,181350000,181350000
2,1209,181350000,181350100,4990,49907,181500000,181500000
2,1210,181500000,181500100,4990,49907,181650000,181650000
2,1211,181650000,181650100,4990,49907,181800000,181800000
2,1212,181800000,181800100,4990,49907,181950000,181950000
2,1213,181950000,181950100,4990,49907,182100000,182100000
2,1214,182100000,182100100,4990,49907,182250000,182250000
2,1215,182250000,182250100,4990,49907,182400000,182400000
2,1216,182400000,182400100,4990,49907,182550000,182550000
2,1217,182550000,182550100,4990,49907,182700000,182700000
2,1218,182700000,182700100,4990,49907,182850000,182850000
2,1219,182850000,182850100,4990,49907,183000000,183000000
2,1220,183000000,183000100,4990,49907,183150000,183150000
2,1221,183150000,183150100,4990,49907,183300000,183300000
2,1222,183300000,183300100,4990,49907,183450000,183450000
2,1223,183450000,183450100,4990,49907,183600000,183600000
2,1224,183600000,183600100,4990,49907,183750000,183750000
2,1225,183750000,183750100,4990,49907,183900000,183900000
2,1226,183900000,183900100,4990,49907,184050000,184050000
2,1227,184050000,184050100,4990,49907,184200000,184200000
2,1228,184200000,184200100,4990,49907,184350000,184350000
2,1229,184350000,184350100,4990,49907,184500000,184500000
2,1230,184500000,184500100,4990,49907,184650000,184650000
2,1231,184650000,184650100,4990,49907,184800000,184800000
2,1232,184800000,184800100,4990,49907,184950000,184950000
2,1233,184950000,184950100,4990,49907,185100000,185100000
2,1234,185100000,185100100,4990,49907,185250000,185250000
2,1235,185250000,185250100,4990,49907,185400000,185400000
2,1236,185400000,185400100,4990,49907,185550000,185550000
2,1237,185550000,185550100,4990,49907,185700000,185700000
2,1238,185700000,185700100,4990,49907,185850000,185850000
2,1239,185850000,185850100,4990,49907,186000000,186000000
2,1240,186000000,186000100,4990,49907,186150000,186150000
2,1241,186150000,186150100,4990,49907,186300000,186300000
2,1242,186300000,186300100,4990,49907,186450000,186450000
2,1243,186450000,186450100,4990,49907,186600000,186600000
2,1244,186600000,186600100,4990,49907,186750000,186750000
2,1245,186750000,186750100,4990,49907,186900000,186900000
2,1246,186900000,186900100,4990,49907,187050000,187050000
2,1247,187050000,187050100,4990,49907,187200000,187200000
2,1248,187200000,187200100,4990,49907,187350000,187350000
2,1249,187350000,187350100,4990,49907,187500000,187500000
2,1250,187500000,187500100,4990,49907,187650000,187650000
2,1251,187650000,187650100,4990,49907,187800000,187800000
2,1252,187800000,187800100,4990,49907,187950000,187950000
2,1253,187950000,187950100,4990,49907,188100000,188100000
2,1254,188100000,188100100,4990,49907,188250000,188250000
2,1255,188250000,188250100,4990,49907,188400000,188400000
2,1256,188400000,188400100,4990,49907,188550000,188550000
2,1257,188550000,188550100,4990,49907,188700000,188700000
2,1258,188700000,188700100,4990,49907,188850000,188850000
2,1259,188850000,188850100,4990,49907,189000000,189000000
2,1260,189000000,189000100,4990,49907,189150000,189150000
2,1261,189150000,189150100,4990,49907,189300000,189300000
2,1262,189300000,189300100,4990,49907,189450000,189450000
2,1263,189450000,189450100,4990,49907,189600000,189600000
2,1264,189600000,189600100,4990,49907,189750000,189750000
2,1265,189750000,189750100,4990,49907,189900000,189900000
2,1266,189900000,189900100,4990,49907,190050000,190050000
2,1267,190050000,190050100,4990,49907,190200000,190200000
2,1268,190200000,190200100,4990,49907,190350000,190350000
2,1269,190350000,190350100,4990,49907,190500000,190500000
2,1270,190500000,190500100,4990,49907,190650000,190650000
2,1271,190650000,190650100,4990,49907,190800000,190800000
2,1272,190800000,190800100,4990,49907,190950000,190950000
2,1273,190950000,190950100,4990,49907,191100000,191100000
2,1274,191100000,191100100,4990,49907,191250000,191250000
2,1275,191250000,191250100,4990,49907,191400000,191400000
2,1276,191400000,191400100,4990,49907,191550000,191550000
2,1277,191550000,191550100,4990,49907,191700000,191700000
2,1278,191700000,191700100,4990,49907,191850000,191850000
2,1279,191850000,191850100,4990,49907,192000000,192000000
2,1280,192000000,192000100,4990,49907,192150000,192150000
2,1281,192150000,192150100,4990,49907,192300000,192300000
2,1282,192300000,192300100,4990,49907,192450000,192450000
2,1283,192450000,192450100,4990,49907,192600000,192600000
2,1284,192600000,192600100,4990,49907,192750000,192750000
2,1285,192750000,192750100,4990,49907,192900000,192900000
2,1286,192900000,192900100,4990,49907,193050000,193050000
2,1287,193050000,193050100,4990,49907,193200000,193200000
2,1288,193200000,193200100,4990,49907,193350000,193350000
2,1289,193350000,193350100,4990,49907,193500000,193500000
2,1290,193500000,193500100,4990,49907,193650000,193650000
2,1291,193650000,193650100,4990,49907,193800000,193800000
3,0,0,100,12956,129568,600000,600000
3,1,600000,600100,12956,129568,1200000,1200000
3,2,1200000,1200100,12956,129568,1800000,1800000
3,3,1800000,1800100,12956,129568,2400000,2400000
3,4,2400000,2400100,12956,129568,3000000,3000000
3,5,3000000,3000100,12956,129568,3600000,3600000
3,6,3600000,3600100,12956,129568,4200000,4200000
3,7,4200000,4200100,12956,129568,4800000,4800000
3,8,4800000,4800100,12956,129568,5400000,5400000
3,9,5400000,5400100,12956,129568,6000000,6000000
3,10,6000000,6000100,12956,129568,6600000,6600000
3,11,6600000,6600100,12956,129568,7200000,7200000
3,12,7200000,7200100,12956,129568,7800000,7800000
3,13,7800000,7800100,12956,129568,8400000,8400000
3,14,8400000,8400100,12956,129568,9000000,9000000
3,15,9000000,9000100,12956,129568,9600000,9600000
3,16,9600000,9600100,12956,129568,10200000,10200000
3,17,10200000,10200100,12956,129568,10800000,10800000
3,18,10800000,10800100,12956,129568,11400000,11400000
3,19,11400000,11400100,12956,129568,12000000,12000000
3,20,12000000,12000100,12956,129568,12600000,12600000
3,21,12600000,12600100,12956,129568,13200000,13200000
3,22,13200000,13200100,12956,129568,13800000,13800000
3,23,13800000,13800100,12956,129568,14400000,14400000
3,24,14400000,14400100,12956,129568,15000000,15000000
3,25,15000000,15000100,12956,129568,15600000,15600000
3,26,15600000,15600100,12956,129568,16200000,16200000
3,27,16200000,16200100,12956,129568,16800000,16800000
3,28,16800000,16800100,12956,129568,17400000,17400000
3,29,17400000,17400100,12956,129568,18000000,18000000
3,30,18000000,18000100,12956,129568,18600000,18600000
3,31,18600000,18600100,12956,129568,19200000,19200000
3,32,19200000,19200100,12956,129568,19800000,19800000
3,33,19800000,19800100,12956,129568,20400000,20400000
3,34,20400000,20400100,12956,129568,21000000,21000000
3,35,21000000,21000100,12956,129568,21600000,21600000
3,36,21600000,21600100,12956,129568,22200000,22200000
3,37,22200000,22200100,12956,129568,22800000,22800000
3,38,22800000,22800100,12956,129568,23400000,23400000
3,39,23400000,23400100,12956,129568,24000000,24000000
3,40,24000000,24000100,12956,129568,24600000,24600000
3,41,24600000,24600100,12956,129568,25200000,25200000
3,42,25200000,25200100,12956,129568,25800000,25800000
3,43,25800000,25800100,12956,129568,26400000,26400000
3,44,26400000,26400100,12956,129568,27000000,27000000
3,45,27000000,27000100,12956,129568,27600000,27600000
3,46,27600000,27600100,12956,129568,28200000,28200000
3,47,28200000,28200100,12956,129568,28800000,28800000
3,48,28800000,28800100,12956,129568,29400000,29400000
3,49,29400000,29400100,12956,129568,30000000,30000000
3,50,30000000,30000100,12956,129568,30600000,30600000
3,51,30600000,30600100,12956,129568,31200000,31200000
3,52,31200000,31200100,12956,129568,31800000,31800000
3,53,31800000,31800100,12956,129568,32400000,32400000
3,54,32400000,32400100,12956,129568,33000000,33000000
3,55,33000000,33000100,12956,129568,33600000,33600000
3,56,33600000,33600100,12956,129568,34200000,34200000
3,57,34200000,34200100,12956,129568,34800000,34800000
3,58,34800000,34800100,12956,129568,35400000,35400000
3,59,35400000,35400100,12956,129568,36000000,36000000
3,60,36000000,36000100,12956,129568,36600000,36600000
3,61,36600000,36600100,12956,129568,37200000,37200000
3,62,37200000,37200100,12956,129568,37800000,37800000
3,63,37800000,37800100,12956,129568,38400000,38400000
3,64,38400000,38400100,12956,129568,39000000,39000000
3,65,39000000,39000100,12956,129568,39600000,39600000
3,66,39600000,39600100,12956,129568,40200000,40200000
3,67,40200000,40200100,12956,129568,40800000,40800000
3,68,40800000,40800100,12956,129568,41400000,41400000
3,69,41400000,41400100,12956,129568,42000000,42000000
3,70,42000000,42000100,12956,129568,42600000,42600000
3,71,42600000,42600100,12956,129568,43200000,43200000
3,72,43200000,43200100,12956,129568,43800000,43800000
3,73,43800000,43800100,12956,129568,44400000,44400000
3,74,44400000,44400100,12956,129568,45000000,45000000
3,75,45000000,45000100,12956,129568,45600000,45600000
3,76,45600000,45600100,12956,129568,46200000,46200000
3,77,46200000,46200100,12956,129568,46800000,46800000
3,78,46800000,46800100,12956,129568,47400000,47400000
3,79,47400000,47400100,12956,129568,48000000,48000000
3,80,48000000,48000100,12956,129568,48600000,48600000
3,81,48600000,48600100,12956,129568,49200000,49200000
3,82,49200000,49200100,12956,129568,49800000,49800000
3,83,49800000,49800100,12956,129568,50400000,50400000
3,84,50400000,50400100,12956,129568,51000000,51000000
3,85,51000000,51000100,12956,129568,51600000,51600000
3,86,51600000,51600100,12956,129568,52200000,52200000
3,87,52200000,52200100,12956,129568,52800000,52800000
3,88,52800000,52800100,12956,129568,53400000,53400000
3,89,53400000,53400100,12956,129568,54000000,54000000
3,90,54000000,54000100,12956,129568,54600000,54600000
3,91,54600000,54600100,12956,129568,55200000,55200000
3,92,55200000,55200100,12956,129568,55800000,55800000
3,93,55800000,55800100,12956,129568,56400000,56400000
3,94,56400000,56400100,12956,129568,57000000,57000000
3,95,57000000,57000100,12956,129568,57600000,57600000
3,96,57600000,57600100,12956,129568,58200000,58200000
3,97,58200000,58200100,12956,129568,58800000,58800000
3,98,58800000,58800100,12956,129568,59400000,59400000
3,99,59400000,59400100,12956,129568,60000000,60000000
3,100,60000000,60000100,12956,129568,60600000,60600000
3,101,60600000,60600100,12956,129568,61200000,61200000
3,102,61200000,61200100,12956,129568,61800000,61800000
3,103,61800000,61800100,12956,129568,62400000,62400000
3,104,62400000,62400100,12956,129568,63000000,63000000
3,105,63000000,63000100,12956,129568,63600000,63600000
3,106,63600000,63600100,12956,129568,64200000,64200000
3,107,64200000,64200100,12956,129568,64800000,64800000
3,108,64800000,64800100,12956,129568,65400000,65400000
3,109,65400000,65400100,12956,129568,66000000,66000000
3,110,66000000,66000100,12956,129568,66600000,66600000
3,111,66600000,66600100,12956,129568,67200000,67200000
3,112,67200000,67200100,12956,129568,67800000,67800000
3,113,67800000,67800100,12956,129568,68400000,68400000
3,114,68400000,68400100,12956,129568,69000000,69000000
3,115,69000000,69000100,12956,129568,69600000,69600000
3,116,69600000,69600100,12956,129568,70200000,70200000
3,117,70200000,70200100,12956,129568,70800000,70800000
3,118,70800000,70800100,12956,129568,71400000,71400000
3,119,71400000,71400100,12956,129568,72000000,72000000
3,120,72000000,72000100,12956,129568,72600000,72600000
3,121,72600000,72600100,12956,129568,73200000,73200000
3,122,73200000,73200100,12956,129568,73800000,73800000
3,123,73800000,73800100,12956,129568,74400000,74400000
3,124,74400000,74400100,12956,129568,75000000,75000000
3,125,75000000,75000100,12956,129568,75600000,75600000
3,126,75600000,75600100,12956,129568,76200000,76200000
3,127,76200000,76200100,12956,129568,76800000,76800000
3,128,76800000,76800100,12956,129568,77400000,77400000
3,129,77400000,77400100,12956,129568,78000000,78000000
3,130,78000000,78000100,12956,129568,78600000,78600000
3,131,78600000,78600100,12956,129568,79200000,79200000
3,132,79200000,79200100,12956,129568,79800000,79800000
3,133,79800000,79800100,12956,129568,80400000,80400000
3,134,80400000,80400100,12956,129568,81000000,81000000
3,135,81000000,81000100,12956,129568,81600000,81600000
3,136,81600000,81600100,12956,129568,82200000,82200000
3,137,82200000,82200100,12956,129568,82800000,82800000
3,138,82800000,82800100,12956,129568,83400000,83400000
3,139,83400000,83400100,12956,129568,84000000,84000000
3,140,84000000,84000100,12956,129568,84600000,84600000
3,141,84600000,84600100,12956,129568,85200000,85200000
3,142,85200000,85200100,12956,129568,85800000,85800000
3,143,85800000,85800100,12956,129568,86400000,86400000
3,144,86400000,86400100,12956,129568,87000000,87000000
3,145,87000000,87000100,12956,129568,87600000,87600000
3,146,87600000,87600100,12956,129568,88200000,88200000
3,147,88200000,88200100,12956,129568,88800000,88800000
3,148,88800000,88800100,12956,129568,89400000,89400000
3,149,89400000,89400100,12956,129568,90000000,90000000
3,150,90000000,90000100,12956,129568,90600000,90600000
3,151,90600000,90600100,12956,129568,91200000,91200000
3,152,91200000,91200100,12956,129568,91800000,91800000
3,153,91800000,91800100,12956,129568,92400000,92400000
3,154,92400000,92400100,12956,129568,93000000,93000000
3,155,93000000,93000100,12956,129568,93600000,93600000
3,156,93600000,93600100,12956,129568,94200000,94200000
3,157,94200000,94200100,12956,129568,94800000,94800000
3,158,94800000,94800100,12956,129568,95400000,95400000
3,159,95400000,95400100,12956,129568,96000000,96000000
3,160,96000000,96000100,12956,129568,96600000,96600000
3,161,96600000,96600100,12956,129568,97200000,97200000
3,162,97200000,97200100,12956,129568,97800000,97800000
3,163,97800000,97800100,12956,129568,98400000,98400000
3,164,98400000,98400100,12956,129568,99000000,99000000
3,165,99000000,99000100,12956,129568,99600000,99600000
3,166,99600000,99600100,12956,129568,100200000,100200000
3,167,100200000,100200100,12956,129568,100800000,100800000
3,168,100800000,100800100,12956,129568,101400000,101400000
3,169,101400000,101400100,12956,129568,102000000,102000000
3,170,102000000,102000100,12956,129568,102600000,102600000
3,171,102600000,102600100,12956,129568,103200000,103200000
3,172,103200000,103200100,12956,129568,103800000,103800000
3,173,103800000,103800100,12956,129568,104400000,104400000
3,174,104400000,104400100,12956,129568,105000000,105000000
3,175,105000000,105000100,12956,129568,105600000,105600000
3,176,105600000,105600100,12956,129568,106200000,106200000
3,177,106200000,106200100,12956,129568,106800000,106800000
3,178,106800000,106800100,12956,129568,107400000,107400000
3,179,107400000,107400100,12956,129568,108000000,108000000
3,180,108000000,108000100,12956,129568,108600000,108600000
3,181,108600000,108600100,12956,129568,109200000,109200000
3,182,109200000,109200100,12956,129568,109800000,109800000
3,183,109800000,109800100,12956,129568,110400000,110400000
3,184,110400000,110400100,12956,129568,111000000,111000000
3,185,111000000,111000100,12956,129568,111600000,111600000
3,186,111600000,111600100,12956,129568,112200000,112200000
3,187,112200000,112200100,12956,129568,112800000,112800000
3,188,112800000,112800100,12956,129568,113400000,113400000
3,189,113400000,113400100,12956,129568,114000000,114000000
3,190,114000000,114000100,12956,129568,114600000,114600000
3,191,114600000,114600100,12956,129568,115200000,115200000
3,192,115200000,115200100,12956,129568,115800000,115800000
3,193,115800000,115800100,12956,129568,116400000,116400000
3,194,116400000,116400100,12956,129568,117000000,117000000
3,195,117000000,117000100,12956,129568,117600000,117600000
3,196,117600000,117600100,12956,129568,118200000,118200000
3,197,118200000,118200100,12956,129568,118800000,118800000
3,198,118800000,118800100,12956,129568,119400000,119400000
3,199,119400000,119400100,12956,129568,120000000,120000000
3,200,120000000,120000100,12956,129568,120600000,120600000
3,201,120600000,120600100,12956,129568,121200000,121200000
3,202,121200000,121200100,12956,129568,121800000,121800000
3,203,121800000,121800100,12956,129568,122400000,122400000
3,204,122400000,122400100,12956,129568,123000000,123000000
3,205,123000000,123000100,12956,129568,123600000,123600000
3,206,123600000,123600100,12956,129568,124200000,124200000
3,207,124200000,124200100,12956,129568,124800000,124800000
3,208,124800000,124800100,12956,129568,125400000,125400000
3,209,125400000,125400100,12956,129568,126000000,126000000
3,210,126000000,126000100,12956,129568,126600000,126600000
3,211,126600000,126600100,12956,129568,127200000,127200000
3,212,127200000,127200100,12956,129568,127800000,127800000
3,213,127800000,127800100,12956,129568,128400000,128400000
3,214,128400000,128400100,12956,129568,129000000,129000000
3,215,129000000,129000100,12956,129568,129600000,129600000
3,216,129600000,129600100,12956,129568,130200000,130200000
3,217,130200000,130200100,12956,129568,130800000,130800000
3,218,130800000,130800100,12956,129568,131400000,131400000
3,219,131400000,131400100,12956,129568,132000000,132000000
3,220,132000000,132000100,12956,129568,132600000,132600000
3,221,132600000,132600100,12956,129568,133200000,133200000
3,222,133200000,133200100,12956,129568,133800000,133800000
3,223,133800000,133800100,12956,129568,134400000,134400000
3,224,134400000,134400100,12956,129568,135000000,135000000
3,225,135000000,135000100,12956,129568,135600000,135600000
3,226,135600000,135600100,12956,129568,136200000,136200000
3,227,136200000,136200100,12956,129568,136800000,136800000
3,228,136800000,136800100,12956,129568,137400000,137400000
3,229,137400000,137400100,12956,129568,138000000,138000000
3,230,138000000,138000100,12956,129568,138600000,138600000
3,231,138600000,138600100,12956,129568,139200000,139200000
3,232,139200000,139200100,12956,129568,139800000,139800000
3,233,139800000,139800100,12956,129568,140400000,140400000
3,234,140400000,140400100,12956,129568,141000000,141000000
3,235,141000000,141000100,12956,129568,141600000,141600000
3,236,141600000,141600100,12956,129568,142200000,142200000
3,237,142200000,142200100,12956,129568,142800000,142800000
3,238,142800000,142800100,12956,129568,143400000,143400000
3,239,143400000,143400100,12956,129568,144000000,144000000
3,240,144000000,144000100,12956,129568,144600000,144600000
3,241,144600000,144600100,12956,129568,145200000,145200000
3,242,145200000,145200100,12956,129568,145800000,145800000
3,243,145800000,145800100,12956,129568,146400000,146400000
3,244,146400000,146400100,12956,129568,147000000,147000000
3,245,147000000,147000100,12956,129568,147600000,147600000
3,246,147600000,147600100,12956,129568,148200000,148200000
3,247,148200000,148200100,12956,129568,148800000,148800000
3,248,148800000,148800100,12956,129568,149400000,149400000
3,249,149400000,149400100,12956,129568,150000000,150000000
3,250,150000000,150000100,12956,129568,150600000,150600000
3,251,150600000,150600100,12956,129568,151200000,151200000
3,252,151200000,151200100,12956,129568,151800000,151800000
3,253,151800000,151800100,12956,129568,152400000,152400000
3,254,152400000,152400100,12956,129568,153000000,153000000
3,255,153000000,153000100,12956,129568,153600000,153600000
3,256,153600000,153600100,12956,129568,154200000,154200000
3,257,154200000,154200100,12956,129568,154800000,154800000
3,258,154800000,154800100,12956,129568,155400000,155400000
3,259,155400000,155400100,12956,129568,156000000,156000000
3,260,156000000,156000100,12956,129568,156600000,156600000
3,261,156600000,156600100,12956,129568,157200000,157200000
3,262,157200000,157200100,12956,129568,157800000,157800000
3,263,157800000,157800100,12956,129568,158400000,158400000
3,264,158400000,158400100,12956,129568,159000000,159000000
3,265,159000000,159000100,12956,129568,159600000,159600000
3,266,159600000,159600100,12956,129568,160200000,160200000
3,267,160200000,160200100,12956,129568,160800000,160800000
3,268,160800000,160800100,12956,129568,161400000,161400000
3,269,161400000,161400100,12956,129568,162000000,162000000
3,270,162000000,162000100,12956,129568,162600000,162600000
3,271,162600000,162600100,12956,129568,163200000,163200000
3,272,163200000,163200100,12956,129568,163800000,163800000
3,273,163800000,163800100,12956,129568,164400000,164400000
3,274,164400000,164400100,12956,129568,165000000,165000000
3,275,165000000,165000100,12956,129568,165600000,165600000
3,276,165600000,165600100,12956,129568,166200000,166200000
3,277,166200000,166200100,12956,129568,166800000,166800000
3,278,166800000,166800100,12956,129568,167400000,167400000
3,279,167400000,167400100,12956,129568,168000000,168000000
3,280,168000000,168000100,12956,129568,168600000,168600000
3,281,168600000,168600100,12956,129568,169200000,169200000
3,282,169200000,169200100,12956,129568,169800000,169800000
3,283,169800000,169800100,12956,129568,170400000,170400000
3,284,170400000,170400100,12956,129568,171000000,171000000
3,285,171000000,171000100,12956,129568,171600000,171600000
3,286,171600000,171600100,12956,129568,172200000,172200000
3,287,172200000,172200100,12956,129568,172800000,172800000
3,288,172800000,172800100,12956,129568,173400000,173400000
3,289,173400000,173400100,12956,129568,174000000,174000000
3,290,174000000,174000100,12956,129568,174600000,174600000
3,291,174600000,174600100,12956,129568,175200000,175200000
3,292,175200000,175200100,12956,129568,175800000,175800000
3,293,175800000,175800100,12956,129568,176400000,176400000
3,294,176400000,176400100,12956,129568,177000000,177000000
3,295,177000000,177000100,12956,129568,177600000,177600000
3,296,177600000,177600100,12956,129568,178200000,178200000
3,297,178200000,178200100,12956,129568,178800000,178800000
3,298,178800000,178800100,12956,129568,179400000,179400000
3,299,179400000,179400100,12956,129568,180000000,180000000
3,300,180000000,180000100,12956,129568,180600000,180600000
3,301,180600000,180600100,12956,129568,181200000,181200000
3,302,181200000,181200100,12956,129568,181800000,181800000
3,303,181800000,181800100,12956,129568,182400000,182400000
3,304,182400000,182400100,12956,129568,183000000,183000000
3,305,183000000,183000100,12956,129568,183600000,183600000
3,306,183600000,183600100,12956,129568,184200000,184200000
3,307,184200000,184200100,12956,129568,184800000,184800000
3,308,184800000,184800100,12956,129568,185400000,185400000
3,309,185400000,185400100,12956,129568,186000000,186000000
3,310,186000000,186000100,12956,129568,186600000,186600000
3,311,186600000,186600100,12956,129568,187200000,187200000
3,312,187200000,187200100,12956,129568,187800000,187800000
3,313,187800000,187800100,12956,129568,188400000,188400000
3,314,188400000,188400100,12956,129568,189000000,189000000
3,315,189000000,189000100,12956,129568,189600000,189600000
3,316,189600000,189600100,12956,129568,190200000,190200000
3,317,190200000,190200100,12956,129568,190800000,190800000
3,318,190800000,190800100,12956,129568,191400000,191400000
3,319,191400000,191400100,12956,129568,192000000,192000000
3,320,192000000,192000100,12956,129568,192600000,192600000
3,321,192600000,192600100,12956,129568,193200000,193200000
3,322,193200000,193200100,12956,129568,193800000,193800000
4,0,0,100,28165,281652,850000,850000
4,1,850000,850100,28165,281652,1700000,1700000
4,2,1700000,1700100,28165,281652,2550000,2550000
4,3,2550000,2550100,28165,281652,3400000,3400000
4,4,3400000,3400100,28165,281652,4250000,4250000
4,5,4250000,4250100,28165,281652,5100000,5100000
4,6,5100000,5100100,28165,281652,5950000,5950000
4,7,5950000,5950100,28165,281652,6800000,6800000
4,8,6800000,6800100,28165,281652,7650000,7650000
4,9,7650000,7650100,28165,281652,8500000,8500000
4,10,8500000,8500100,28165,281652,9350000,9350000
4,11,9350000,9350100,28165,281652,10200000,10200000
4,12,10200000,10200100,28165,281652,11050000,11050000
4,13,11050000,11050100,28165,281652,11900000,11900000
4,14,11900000,11900100,28165,281652,12750000,12750000
4,15,12750000,12750100,28165,281652,13600000,13600000
4,16,13600000,13600100,28165,281652,14450000,14450000
4,17,14450000,14450100,28165,281652,15300000,15300000
4,18,15300000,15300100,28165,281652,16150000,16150000
4,19,16150000,16150100,28165,281652,17000000,17000000
4,20,17000000,17000100,28165,281652,17850000,17850000
4,21,17850000,17850100,28165,281652,18700000,18700000
4,22,18700000,18700100,28165,281652,19550000,19550000
4,23,19550000,19550100,28165,281652,20400000,20400000
4,24,20400000,20400100,28165,281652,21250000,21250000
4,25,21250000,21250100,28165,281652,22100000,22100000
4,26,22100000,22100100,28165,281652,22950000,22950000
4,27,22950000,22950100,28165,281652,23800000,23800000
4,28,23800000,23800100,28165,281652,24650000,24650000
4,29,24650000,24650100,28165,281652,25500000,25500000
4,30,25500000,25500100,28165,281652,26350000,26350000
4,31,26350000,26350100,28165,281652,27200000,27200000
4,32,27200000,27200100,28165,281652,28050000,28050000
4,33,28050000,28050100,28165,281652,28900000,28900000
4,34,28900000,28900100,28165,281652,29750000,29750000
4,35,29750000,29750100,28165,281652,30600000,30600000
4,36,30600000,30600100,28165,281652,31450000,31450000
4,37,31450000,31450100,28165,281652,32300000,32300000
4,38,32300000,32300100,28165,281652,33150000,33150000
4,39,33150000,33150100,28165,281652,34000000,34000000
4,40,34000000,34000100,28165,281652,34850000,34850000
4,41,34850000,34850100,28165,281652,35700000,35700000
4,42,35700000,35700100,28165,281652,36550000,36550000
4,43,36550000,36550100,28165,281652,37400000,37400000
4,44,37400000,37400100,28165,281652,38250000,38250000
4,45,38250000,38250100,28165,281652,39100000,39100000
4,46,39100000,39100100,28165,281652,39950000,39950000
4,47,39950000,39950100,28165,281652,40800000,40800000
4,48,40800000,40800100,28165,281652,41650000,41650000
4,49,41650000,41650100,28165,281652,42500000,42500000
4,50,42500000,42500100,28165,281652,43350000,43350000
4,51,43350000,43350100,28165,281652,44200000,44200000
4,52,44200000,44200100,28165,281652,45050000,45050000
4,53,45050000,45050100,28165,281652,45900000,45900000
4,54,45900000,45900100,28165,281652,46750000,46750000
4,55,46750000,46750100,28165,281652,47600000,47600000
4,56,47600000,47600100,28165,281652,48450000,48450000
4,57,48450000,48450100,28165,281652,49300000,49300000
4,58,49300000,49300100,28165,281652,50150000,50150000
4,59,50150000,50150100,28165,281652,51000000,51000000
4,60,51000000,51000100,28165,281652,51850000,51850000
4,61,51850000,51850100,28165,281652,52700000,52700000
4,62,52700000,52700100,28165,281652,53550000,53550000
4,63,53550000,53550100,28165,281652,54400000,54400000
4,64,54400000,54400100,28165,281652,55250000,55250000
4,65,55250000,55250100,28165,281652,56100000,56100000
4,66,56100000,56100100,28165,281652,56950000,56950000
4,67,56950000,56950100,28165,281652,57800000,57800000
4,68,57800000,57800100,28165,281652,58650000,58650000
4,69,58650000,58650100,28165,281652,59500000,59500000
4,70,59500000,59500100,28165,281652,60350000,60350000
4,71,60350000,60350100,28165,281652,61200000,61200000
4,72,61200000,61200100,28165,281652,62050000,62050000
4,73,62050000,62050100,28165,281652,62900000,62900000
4,74,62900000,62900100,28165,281652,63750000,63750000
4,75,63750000,63750100,28165,281652,64600000,64600000
4,76,64600000,64600100,28165,281652,65450000,65450000
4,77,65450000,65450100,28165,281652,66300000,66300000
4,78,66300000,66300100,28165,281652,67150000,67150000
4,79,67150000,67150100,28165,281652,68000000,68000000
4,80,68000000,68000100,28165,281652,68850000,68850000
4,81,68850000,68850100,28165,281652,69700000,69700000
4,82,69700000,69700100,28165,281652,70550000,70550000
4,83,70550000,70550100,28165,281652,71400000,71400000
4,84,71400000,71400100,28165,281652,72250000,72250000
4,85,72250000,72250100,28165,281652,73100000,73100000
4,86,73100000,73100100,28165,281652,73950000,73950000
4,87,73950000,73950100,28165,281652,74800000,74800000
4,88,74800000,74800100,28165,281652,75650000,75650000
4,89,75650000,75650100,28165,281652,76500000,76500000
4,90,76500000,76500100,28165,281652,77350000,77350000
4,91,77350000,77350100,28165,281652,78200000,78200000
4,92,78200000,78200100,28165,281652,79050000,79050000
4,93,79050000,79050100,28165,281652,79900000,79900000
4,94,79900000,79900100,28165,281652,80750000,80750000
4,95,80750000,80750100,28165,281652,81600000,81600000
4,96,81600000,81600100,28165,281652,82450000,82450000
4,97,82450000,82450100,28165,281652,83300000,83300000
4,98,83300000,83300100,28165,281652,84150000,84150000
4,99,84150000,84150100,28165,281652,85000000,85000000
4,100,85000000,85000100,28165,281652,85850000,85850000
4,101,85850000,85850100,28165,281652,86700000,86700000
4,102,86700000,86700100,28165,281652,87550000,87550000
4,103,87550000,87550100,28165,281652,88400000,88400000
4,104,88400000,88400100,28165,281652,89250000,89250000
4,105,89250000,89250100,28165,281652,90100000,90100000
4,106,90100000,90100100,28165,281652,90950000,90950000
4,107,90950000,90950100,28165,281652,91800000,91800000
4,108,91800000,91800100,28165,281652,92650000,92650000
4,109,92650000,92650100,28165,281652,93500000,93500000
4,110,93500000,93500100,28165,281652,94350000,94350000
4,111,94350000,94350100,28165,281652,95200000,95200000
4,112,95200000,95200100,28165,281652,96050000,96050000
4,113,96050000,96050100,28165,281652,96900000,96900000
4,114,96900000,96900100,28165,281652,97750000,97750000
4,115,97750000,97750100,28165,281652,98600000,98600000
4,116,98600000,98600100,28165,281652,99450000,99450000
4,117,99450000,99450100,28165,281652,100300000,100300000
4,118,100300000,100300100,28165,281652,101150000,101150000
4,119,101150000,101150100,28165,281652,102000000,102000000
4,120,102000000,102000100,28165,281652,102850000,102850000
4,121,102850000,102850100,28165,281652,103700000,103700000
4,122,103700000,103700100,28165,281652,104550000,104550000
4,123,104550000,104550100,28165,281652,105400000,105400000
4,124,105400000,105400100,28165,281652,106250000,106250000
4,125,106250000,106250100,28165,281652,107100000,107100000
4,126,107100000,107100100,28165,281652,107950000,107950000
4,127,107950000,107950100,28165,281652,108800000,108800000
4,128,108800000,108800100,28165,281652,109650000,109650000
4,129,109650000,109650100,28165,281652,110500000,110500000
4,130,110500000,110500100,28165,281652,111350000,111350000
4,131,111350000,111350100,28165,281652,112200000,112200000
4,132,112200000,112200100,28165,281652,113050000,113050000
4,133,113050000,113050100,28165,281652,113900000,113900000
4,134,113900000,113900100,28165,281652,114750000,114750000
4,135,114750000,114750100,28165,281652,115600000,115600000
4,136,115600000,115600100,28165,281652,116450000,116450000
4,137,116450000,116450100,28165,281652,117300000,117300000
4,138,117300000,117300100,28165,281652,118150000,118150000
4,139,118150000,118150100,28165,281652,119000000,119000000
4,140,119000000,119000100,28165,281652,119850000,119850000
4,141,119850000,119850100,28165,281652,120700000,120700000
4,142,120700000,120700100,28165,281652,121550000,121550000
4,143,121550000,121550100,28165,281652,122400000,122400000
4,144,122400000,122400100,28165,281652,123250000,123250000
4,145,123250000,123250100,28165,281652,124100000,124100000
4,146,124100000,124100100,28165,281652,124950000,124950000
4,147,124950000,124950100,28165,281652,125800000,125800000
4,148,125800000,125800100,28165,281652,126650000,126650000
4,149,126650000,126650100,28165,281652,127500000,127500000
4,150,127500000,127500100,28165,281652,128350000,128350000
4,151,128350000,128350100,28165,281652,129200000,129200000
4,152,129200000,129200100,28165,281652,130050000,130050000
4,153,130050000,130050100,28165,281652,130900000,130900000
4,154,130900000,130900100,28165,281652,131750000,131750000
4,155,131750000,131750100,28165,281652,132600000,132600000
4,156,132600000,132600100,28165,281652,133450000,133450000
4,157,133450000,133450100,28165,281652,134300000,134300000
4,158,134300000,134300100,28165,281652,135150000,135150000
4,159,135150000,135150100,28165,281652,136000000,136000000
4,160,136000000,136000100,28165,281652,136850000,136850000
4,161,136850000,136850100,28165,281652,137700000,137700000
4,162,137700000,137700100,28165,281652,138550000,138550000
4,163,138550000,138550100,28165,281652,139400000,139400000
4,164,139400000,139400100,28165,281652,140250000,140250000
4,165,140250000,140250100,28165,281652,141100000,141100000
4,166,141100000,141100100,28165,281652,141950000,141950000
4,167,141950000,141950100,28165,281652,142800000,142800000
4,168,142800000,142800100,28165,281652,143650000,143650000
4,169,143650000,143650100,28165,281652,144500000,144500000
4,170,144500000,144500100,28165,281652,145350000,145350000
4,171,145350000,145350100,28165,281652,146200000,146200000
4,172,146200000,146200100,28165,281652,147050000,147050000
4,173,147050000,147050100,28165,281652,147900000,147900000
4,174,147900000,147900100,28165,281652,148750000,148750000
4,175,148750000,148750100,28165,281652,149600000,149600000
4,176,149600000,149600100,28165,281652,150450000,150450000
4,177,150450000,150450100,28165,281652,151300000,151300000
4,178,151300000,151300100,28165,281652,152150000,152150000
4,179,152150000,152150100,28165,281652,153000000,153000000
4,180,153000000,153000100,28165,281652,153850000,153850000
4,181,153850000,153850100,28165,281652,154700000,154700000
4,182,154700000,154700100,28165,281652,155550000,155550000
4,183,155550000,155550100,28165,281652,156400000,156400000
4,184,156400000,156400100,28165,281652,157250000,157250000
4,185,157250000,157250100,28165,281652,158100000,158100000
4,186,158100000,158100100,28165,281652,158950000,158950000
4,187,158950000,158950100,28165,281652,159800000,159800000
4,188,159800000,159800100,28165,281652,160650000,160650000
4,189,160650000,160650100,28165,281652,161500000,161500000
4,190,161500000,161500100,28165,281652,162350000,162350000
4,191,162350000,162350100,28165,281652,163200000,163200000
4,192,163200000,163200100,28165,281652,164050000,164050000
4,193,164050000,164050100,28165,281652,164900000,164900000
4,194,164900000,164900100,28165,281652,165750000,165750000
4,195,165750000,165750100,28165,281652,166600000,166600000
4,196,166600000,166600100,28165,281652,167450000,167450000
4,197,167450000,167450100,28165,281652,168300000,168300000
4,198,168300000,168300100,28165,281652,169150000,169150000
4,199,169150000,169150100,28165,281652,170000000,170000000
4,200,170000000,170000100,28165,281652,170850000,170850000
4,201,170850000,170850100,28165,281652,171700000,171700000
4,202,171700000,171700100,28165,281652,172550000,172550000
4,203,172550000,172550100,28165,281652,173400000,173400000
4,204,173400000,173400100,28165,281652,174250000,174250000
4,205,174250000,174250100,28165,281652,175100000,175100000
4,206,175100000,175100100,28165,281652,175950000,175950000
4,207,175950000,175950100,28165,281652,176800000,176800000
4,208,176800000,176800100,28165,281652,177650000,177650000
4,209,177650000,177650100,28165,281652,178500000,178500000
4,210,178500000,178500100,28165,281652,179350000,179350000
4,211,179350000,179350100,28165,281652,180200000,180200000
4,212,180200000,180200100,28165,281652,181050000,181050000
4,213,181050000,181050100,28165,281652,181900000,181900000
4,214,181900000,181900100,28165,281652,182750000,182750000
4,215,182750000,182750100,28165,281652,183600000,183600000
4,216,183600000,183600100,28165,281652,184450000,184450000
4,217,184450000,184450100,28165,281652,185300000,185300000
4,218,185300000,185300100,28165,281652,186150000,186150000
4,219,186150000,186150100,28165,281652,187000000,187000000
4,220,187000000,187000100,28165,281652,187850000,187850000
4,221,187850000,187850100,28165,281652,188700000,188700000
4,222,188700000,188700100,28165,281652,189550000,189550000
4,223,189550000,189550100,28165,281652,190400000,190400000
4,224,190400000,190400100,28165,281652,191250000,191250000
4,225,191250000,191250100,28165,281652,192100000,192100000
4,226,192100000,192100100,28165,281652,192950000,192950000
4,227,192950000,192950100,28165,281652,193800000,193800000
5,0,0,100,26587,265872,950000,950000
5,1,950000,950100,26587,265872,1900000,1900000
5,2,1900000,1900100,26587,265872,2850000,2850000
5,3,2850000,2850100,26587,265872,3800000,3800000
5,4,3800000,3800100,26587,265872,4750000,4750000
5,5,4750000,4750100,26587,265872,5700000,5700000
5,6,5700000,5700100,26587,265872,6650000,6650000
5,7,6650000,6650100,26587,265872,7600000,7600000
5,8,7600000,7600100,26587,265872,8550000,8550000
5,9,8550000,8550100,26587,265872,9500000,9500000
5,10,9500000,9500100,26587,265872,10450000,10450000
5,11,10450000,10450100,26587,265872,11400000,11400000
5,12,11400000,11400100,26587,265872,12350000,12350000
5,13,12350000,12350100,26587,265872,13300000,13300000
5,14,13300000,13300100,26587,265872,14250000,14250000
5,15,14250000,14250100,26587,265872,15200000,15200000
5,16,15200000,15200100,26587,265872,16150000,16150000
5,17,16150000,16150100,26587,265872,17100000,17100000
5,18,17100000,17100100,26587,265872,18050000,18050000
5,19,18050000,18050100,26587,265872,19000000,19000000
5,20,19000000,19000100,26587,265872,19950000,19950000
5,21,19950000,19950100,26587,265872,20900000,20900000
5,22,20900000,20900100,26587,265872,21850000,21850000
5,23,21850000,21850100,26587,265872,22800000,22800000
5,24,22800000,22800100,26587,265872,23750000,23750000
5,25,23750000,23750100,26587,265872,24700000,24700000
5,26,24700000,24700100,26587,265872,25650000,25650000
5,27,25650000,25650100,26587,265872,26600000,26600000
5,28,26600000,26600100,26587,265872,27550000,27550000
5,29,27550000,27550100,26587,265872,28500000,28500000
5,30,28500000,28500100,26587,265872,29450000,29450000
5,31,29450000,29450100,26587,265872,30400000,30400000
5,32,30400000,30400100,26587,265872,31350000,31350000
5,33,31350000,31350100,26587,265872,32300000,32300000
5,34,32300000,32300100,26587,265872,33250000,33250000
5,35,33250000,33250100,26587,265872,34200000,34200000
5,36,34200000,34200100,26587,265872,35150000,35150000
5,37,35150000,35150100,26587,265872,36100000,36100000
5,38,36100000,36100100,26587,265872,37050000,37050000
5,39,37050000,37050100,26587,265872,38000000,38000000
5,40,38000000,38000100,26587,265872,38950000,38950000
5,41,38950000,38950100,26587,265872,39900000,39900000
5,42,39900000,39900100,26587,265872,40850000,40850000
5,43,40850000,40850100,26587,265872,41800000,41800000
5,44,41800000,41800100,26587,265872,42750000,42750000
5,45,42750000,42750100,26587,265872,43700000,43700000
5,46,43700000,43700100,26587,265872,44650000,44650000
5,47,44650000,44650100,26587,265872,45600000,45600000
5,48,45600000,45600100,26587,265872,46550000,46550000
5,49,46550000,46550100,26587,265872,47500000,47500000
5,50,47500000,47500100,26587,265872,48450000,48450000
5,51,48450000,48450100,26587,265872,49400000,49400000
5,52,49400000,49400100,26587,265872,50350000,50350000
5,53,50350000,50350100,26587,265872,51300000,51300000
5,54,51300000,51300100,26587,265872,52250000,52250000
5,55,52250000,52250100,26587,265872,53200000,53200000
5,56,53200000,53200100,26587,265872,54150000,54150000
5,57,54150000,54150100,26587,265872,55100000,55100000
5,58,55100000,55100100,26587,265872,56050000,56050000
5,59,56050000,56050100,26587,265872,57000000,57000000
5,60,57000000,57000100,26587,265872,57950000,57950000
5,61,57950000,57950100,26587,265872,58900000,58900000
5,62,58900000,58900100,26587,265872,59850000,59850000
5,63,59850000,59850100,26587,265872,60800000,60800000
5,64,60800000,60800100,26587,265872,61750000,61750000
5,65,61750000,61750100,26587,265872,62700000,62700000
5,66,62700000,62700100,26587,265872,63650000,63650000
5,67,63650000,63650100,26587,265872,64600000,64600000
5,68,64600000,64600100,26587,265872,65550000,65550000
5,69,65550000,65550100,26587,265872,66500000,66500000
5,70,66500000,66500100,26587,265872,67450000,67450000
5,71,67450000,67450100,26587,265872,68400000,68400000
5,72,68400000,68400100,26587,265872,69350000,69350000
5,73,69350000,69350100,26587,265872,70300000,70300000
5,74,70300000,70300100,26587,265872,71250000,71250000
5,75,71250000,71250100,26587,265872,72200000,72200000
5,76,72200000,72200100,26587,265872,73150000,73150000
5,77,73150000,73150100,26587,265872,74100000,74100000
5,78,74100000,74100100,26587,265872,75050000,75050000
5,79,75050000,75050100,26587,265872,76000000,76000000
5,80,76000000,76000100,26587,265872,76950000,76950000
5,81,76950000,76950100,26587,265872,77900000,77900000
5,82,77900000,77900100,26587,265872,78850000,78850000
5,83,78850000,78850100,26587,265872,79800000,79800000
5,84,79800000,79800100,26587,265872,80750000,80750000
5,85,80750000,80750100,26587,265872,81700000,81700000
5,86,81700000,81700100,26587,265872,82650000,82650000
5,87,82650000,82650100,26587,265872,83600000,83600000
5,88,83600000,83600100,26587,265872,84550000,84550000
5,89,84550000,84550100,26587,265872,85500000,85500000
5,90,85500000,85500100,26587,265872,86450000,86450000
5,91,86450000,86450100,26587,265872,87400000,87400000
5,92,87400000,87400100,26587,265872,88350000,88350000
5,93,88350000,88350100,26587,265872,89300000,89300000
5,94,89300000,89300100,26587,265872,90250000,90250000
5,95,90250000,90250100,26587,265872,91200000,91200000
5,96,91200000,91200100,26587,265872,92150000,92150000
5,97,92150000,92150100,26587,265872,93100000,93100000
5,98,93100000,93100100,26587,265872,94050000,94050000
5,99,94050000,94050100,26587,265872,95000000,95000000
5,100,95000000,95000100,26587,265872,95950000,95950000
5,101,95950000,95950100,26587,265872,96900000,96900000
5,102,96900000,96900100,26587,265872,97850000,97850000
5,103,97850000,97850100,26587,265872,98800000,98800000
5,104,98800000,98800100,26587,265872,99750000,99750000
5,105,99750000,99750100,26587,265872,100700000,100700000
5,106,100700000,100700100,26587,265872,101650000,101650000
5,107,101650000,101650100,26587,265872,102600000,102600000
5,108,102600000,102600100,26587,265872,103550000,103550000
5,109,103550000,103550100,26587,265872,104500000,104500000
5,110,104500000,104500100,26587,265872,105450000,105450000
5,111,105450000,105450100,26587,265872,106400000,106400000
5,112,106400000,106400100,26587,265872,107350000,107350000
5,113,107350000,107350100,26587,265872,108300000,108300000
5,114,108300000,108300100,26587,265872,109250000,109250000
5,115,109250000,109250100,26587,265872,110200000,110200000
5,116,110200000,110200100,26587,265872,111150000,111150000
5,117,111150000,111150100,26587,265872,112100000,112100000
5,118,112100000,112100100,26587,265872,113050000,113050000
5,119,113050000,113050100,26587,265872,114000000,114000000
5,120,114000000,114000100,26587,265872,114950000,114950000
5,121,114950000,114950100,26587,265872,115900000,115900000
5,122,115900000,115900100,26587,265872,116850000,116850000
5,123,116850000,116850100,26587,265872,117800000,117800000
5,124,117800000,117800100,26587,265872,118750000,118750000
5,125,118750000,118750100,26587,265872,119700000,119700000
5,126,119700000,119700100,26587,265872,120650000,120650000
5,127,120650000,120650100,26587,265872,121600000,121600000
5,128,121600000,121600100,26587,265872,122550000,122550000
5,129,122550000,122550100,26587,265872,123500000,123500000
5,130,123500000,123500100,26587,265872,124450000,124450000
5,131,124450000,124450100,26587,265872,125400000,125400000
5,132,125400000,125400100,26587,265872,126350000,126350000
5,133,126350000,126350100,26587,265872,127300000,127300000
5,134,127300000,127300100,26587,265872,128250000,128250000
5,135,128250000,128250100,26587,265872,129200000,129200000
5,136,129200000,129200100,26587,265872,130150000,130150000
5,137,130150000,130150100,26587,265872,131100000,131100000
5,138,131100000,131100100,26587,265872,132050000,132050000
5,139,132050000,132050100,26587,265872,133000000,133000000
5,140,133000000,133000100,26587,265872,133950000,133950000
5,141,133950000,133950100,26587,265872,134900000,134900000
5,142,134900000,134900100,26587,265872,135850000,135850000
5,143,135850000,135850100,26587,265872,136800000,136800000
5,144,136800000,136800100,26587,265872,137750000,137750000
5,145,137750000,137750100,26587,265872,138700000,138700000
5,146,138700000,138700100,26587,265872,139650000,139650000
5,147,139650000,139650100,26587,265872,140600000,140600000
5,148,140600000,140600100,26587,265872,141550000,141550000
5,149,141550000,141550100,26587,265872,142500000,142500000
5,150,142500000,142500100,26587,265872,143450000,143450000
5,151,143450000,143450100,26587,265872,144400000,144400000
5,152,144400000,144400100,26587,265872,145350000,145350000
5,153,145350000,145350100,26587,265872,146300000,146300000
5,154,146300000,146300100,26587,265872,147250000,147250000
5,155,147250000,147250100,26587,265872,148200000,148200000
5,156,148200000,148200100,26587,265872,149150000,149150000
5,157,149150000,149150100,26587,265872,150100000,150100000
5,158,150100000,150100100,26587,265872,151050000,151050000
5,159,151050000,151050100,26587,265872,152000000,152000000
5,160,152000000,152000100,26587,265872,152950000,152950000
5,161,152950000,152950100,26587,265872,153900000,153900000
5,162,153900000,153900100,26587,265872,154850000,154850000
5,163,154850000,154850100,26587,265872,155800000,155800000
5,164,155800000,155800100,26587,265872,156750000,156750000
5,165,156750000,156750100,26587,265872,157700000,157700000
5,166,157700000,157700100,26587,265872,158650000,158650000
5,167,158650000,158650100,26587,265872,159600000,159600000
5,168,159600000,159600100,26587,265872,160550000,160550000
5,169,160550000,160550100,26587,265872,161500000,161500000
5,170,161500000,161500100,26587,265872,162450000,162450000
5,171,162450000,162450100,26587,265872,163400000,163400000
5,172,163400000,163400100,26587,265872,164350000,164350000
5,173,164350000,164350100,26587,265872,165300000,165300000
5,174,165300000,165300100,26587,265872,166250000,166250000
5,175,166250000,166250100,26587,265872,167200000,167200000
5,176,167200000,167200100,26587,265872,168150000,168150000
5,177,168150000,168150100,26587,265872,169100000,169100000
5,178,169100000,169100100,26587,265872,170050000,170050000
5,179,170050000,170050100,26587,265872,171000000,171000000
5,180,171000000,171000100,26587,265872,171950000,171950000
5,181,171950000,171950100,26587,265872,172900000,172900000
5,182,172900000,172900100,26587,265872,173850000,173850000
5,183,173850000,173850100,26587,265872,174800000,174800000
5,184,174800000,174800100,26587,265872,175750000,175750000
5,185,175750000,175750100,26587,265872,176700000,176700000
5,186,176700000,176700100,26587,265872,177650000,177650000
5,187,177650000,177650100,26587,265872,178600000,178600000
5,188,178600000,178600100,26587,265872,179550000,179550000
5,189,179550000,179550100,26587,265872,180500000,180500000
5,190,180500000,180500100,26587,265872,181450000,181450000
5,191,181450000,181450100,26587,265872,182400000,182400000
5,192,182400000,182400100,26587,265872,183350000,183350000
5,193,183350000,183350100,26587,265872,184300000,184300000
5,194,184300000,184300100,26587,265872,185250000,185250000
5,195,185250000,185250100,26587,265872,186200000,186200000
5,196,186200000,186200100,26587,265872,187150000,187150000
5,197,187150000,187150100,26587,265872,188100000,188100000
5,198,188100000,188100100,26587,265872,189050000,189050000
5,199,189050000,189050100,26587,265872,190000000,190000000
5,200,190000000,190000100,26587,265872,190950000,190950000
5,201,190950000,190950100,26587,265872,191900000,191900000
5,202,191900000,191900100,26587,265872,192850000,192850000
5,203,192850000,192850100,26587,265872,193800000,193800000
