Task ID,Job ID,Arrival min,Arrival max,Cost min,Cost max,Deadline,Priority
0,0,0,100,12022,20037,100000,100000
0,1,100000,100100,12022,20037,200000,200000
0,2,200000,200100,12022,20037,300000,300000
0,3,300000,300100,12022,20037,400000,400000
0,4,400000,400100,12022,20037,500000,500000
0,5,500000,500100,12022,20037,600000,600000
0,6,600000,600100,12022,20037,700000,700000
0,7,700000,700100,12022,20037,800000,800000
0,8,800000,800100,12022,20037,900000,900000
0,9,900000,900100,12022,20037,1000000,1000000
0,10,1000000,1000100,12022,20037,1100000,1100000
0,11,1100000,1100100,12022,20037,1200000,1200000
0,12,1200000,1200100,12022,20037,1300000,1300000
0,13,1300000,1300100,12022,20037,1400000,1400000
0,14,1400000,1400100,12022,20037,1500000,1500000
0,15,1500000,1500100,12022,20037,1600000,1600000
0,16,1600000,1600100,12022,20037,1700000,1700000
0,17,1700000,1700100,12022,20037,1800000,1800000
0,18,1800000,1800100,12022,20037,1900000,1900000
0,19,1900000,1900100,12022,20037,2000000,2000000
0,20,2000000,2000100,12022,20037,2100000,2100000
0,21,2100000,2100100,12022,20037,2200000,2200000
0,22,2200000,2200100,12022,20037,2300000,2300000
0,23,2300000,2300100,12022,20037,2400000,2400000
0,24,2400000,2400100,12022,20037,2500000,2500000
0,25,2500000,2500100,12022,20037,2600000,2600000
0,26,2600000,2600100,12022,20037,2700000,2700000
0,27,2700000,2700100,12022,20037,2800000,2800000
0,28,2800000,2800100,12022,20037,2900000,2900000
0,29,2900000,2900100,12022,20037,3000000,3000000
0,30,3000000,3000100,12022,20037,3100000,3100000
0,31,3100000,3100100,12022,20037,3200000,3200000
0,32,3200000,3200100,12022,20037,3300000,3300000
0,33,3300000,3300100,12022,20037,3400000,3400000
0,34,3400000,3400100,12022,20037,3500000,3500000
0,35,3500000,3500100,12022,20037,3600000,3600000
0,36,3600000,3600100,12022,20037,3700000,3700000
0,37,3700000,3700100,12022,20037,3800000,3800000
0,38,3800000,3800100,12022,20037,3900000,3900000
0,39,3900000,3900100,12022,20037,4000000,4000000
0,40,4000000,4000100,12022,20037,4100000,4100000
0,41,4100000,4100100,12022,20037,4200000,4200000
0,42,4200000,4200100,12022,20037,4300000,4300000
0,43,4300000,4300100,12022,20037,4400000,4400000
0,44,4400000,4400100,12022,20037,4500000,4500000
0,45,4500000,4500100,12022,20037,4600000,4600000
0,46,4600000,4600100,12022,20037,4700000,4700000
0,47,4700000,4700100,12022,20037,4800000,4800000
0,48,4800000,4800100,12022,20037,4900000,4900000
0,49,4900000,4900100,12022,20037,5000000,5000000
0,50,5000000,5000100,12022,20037,5100000,5100000
0,51,5100000,5100100,12022,20037,5200000,5200000
0,52,5200000,5200100,12022,20037,5300000,5300000
0,53,5300000,5300100,12022,20037,5400000,5400000
0,54,5400000,5400100,12022,20037,5500000,5500000
0,55,5500000,5500100,12022,20037,5600000,5600000
0,56,5600000,5600100,12022,20037,5700000,5700000
0,57,5700000,5700100,12022,20037,5800000,5800000
0,58,5800000,5800100,12022,20037,5900000,5900000
0,59,5900000,5900100,12022,20037,6000000,6000000
0,60,6000000,6000100,12022,20037,6100000,6100000
0,61,6100000,6100100,12022,20037,6200000,6200000
0,62,6200000,6200100,12022,20037,6300000,6300000
0,63,6300000,6300100,12022,20037,6400000,6400000
0,64,6400000,6400100,12022,20037,6500000,6500000
0,65,6500000,6500100,12022,20037,6600000,6600000
0,66,6600000,6600100,12022,20037,6700000,6700000
0,67,6700000,6700100,12022,20037,6800000,6800000
0,68,6800000,6800100,12022,20037,6900000,6900000
0,69,6900000,6900100,12022,20037,7000000,7000000
0,70,7000000,7000100,12022,20037,7100000,7100000
0,71,7100000,7100100,12022,20037,7200000,7200000
0,72,7200000,7200100,12022,20037,7300000,7300000
0,73,7300000,7300100,12022,20037,7400000,7400000
0,74,7400000,7400100,12022,20037,7500000,7500000
0,75,7500000,7500100,12022,20037,7600000,7600000
0,76,7600000,7600100,12022,20037,7700000,7700000
0,77,7700000,7700100,12022,20037,7800000,7800000
0,78,7800000,7800100,12022,20037,7900000,7900000
0,79,7900000,7900100,12022,20037,8000000,8000000
0,80,8000000,8000100,12022,20037,8100000,8100000
0,81,8100000,8100100,12022,20037,8200000,8200000
0,82,8200000,8200100,12022,20037,8300000,8300000
0,83,8300000,8300100,12022,20037,8400000,8400000
0,84,8400000,8400100,12022,20037,8500000,8500000
0,85,8500000,8500100,12022,20037,8600000,8600000
0,86,8600000,8600100,12022,20037,8700000,8700000
0,87,8700000,8700100,12022,20037,8800000,8800000
0,88,8800000,8800100,12022,20037,8900000,8900000
0,89,8900000,8900100,12022,20037,9000000,9000000
0,90,9000000,9000100,12022,20037,9100000,9100000
0,91,9100000,9100100,12022,20037,9200000,9200000
0,92,9200000,9200100,12022,20037,9300000,9300000
0,93,9300000,9300100,12022,20037,9400000,9400000
0,94,9400000,9400100,12022,20037,9500000,9500000
0,95,9500000,9500100,12022,20037,9600000,9600000
0,96,9600000,9600100,12022,20037,9700000,9700000
0,97,9700000,9700100,12022,20037,9800000,9800000
0,98,9800000,9800100,12022,20037,9900000,9900000
0,99,9900000,9900100,12022,20037,10000000,10000000
0,100,10000000,10000100,12022,20037,10100000,10100000
0,101,10100000,10100100,12022,20037,10200000,10200000
0,102,10200000,10200100,12022,20037,10300000,10300000
0,103,10300000,10300100,12022,20037,10400000,10400000
0,104,10400000,10400100,12022,20037,10500000,10500000
0,105,10500000,10500100,12022,20037,10600000,10600000
0,106,10600000,10600100,12022,20037,10700000,10700000
0,107,10700000,10700100,12022,20037,10800000,10800000
0,108,10800000,10800100,12022,20037,10900000,10900000
0,109,10900000,10900100,12022,20037,11000000,11000000
0,110,11000000,11000100,12022,20037,11100000,11100000
0,111,11100000,11100100,12022,20037,11200000,11200000
0,112,11200000,11200100,12022,20037,11300000,11300000
0,113,11300000,11300100,12022,20037,11400000,11400000
0,114,11400000,11400100,12022,20037,11500000,11500000
0,115,11500000,11500100,12022,20037,11600000,11600000
0,116,11600000,11600100,12022,20037,11700000,11700000
0,117,11700000,11700100,12022,20037,11800000,11800000
0,118,11800000,11800100,12022,20037,11900000,11900000
0,119,11900000,11900100,12022,20037,12000000,12000000
0,120,12000000,12000100,12022,20037,12100000,12100000
0,121,12100000,12100100,12022,20037,12200000,12200000
0,122,12200000,12200100,12022,20037,12300000,12300000
0,123,12300000,12300100,12022,20037,12400000,12400000
0,124,12400000,12400100,12022,20037,12500000,12500000
0,125,12500000,12500100,12022,20037,12600000,12600000
0,126,12600000,12600100,12022,20037,12700000,12700000
0,127,12700000,12700100,12022,20037,12800000,12800000
0,128,12800000,12800100,12022,20037,12900000,12900000
0,129,12900000,12900100,12022,20037,13000000,13000000
0,130,13000000,13000100,12022,20037,13100000,13100000
0,131,13100000,13100100,12022,20037,13200000,13200000
0,132,13200000,13200100,12022,20037,13300000,13300000
0,133,13300000,13300100,12022,20037,13400000,13400000
0,134,13400000,13400100,12022,20037,13500000,13500000
0,135,13500000,13500100,12022,20037,13600000,13600000
0,136,13600000,13600100,12022,20037,13700000,13700000
0,137,13700000,13700100,12022,20037,13800000,13800000
0,138,13800000,13800100,12022,20037,13900000,13900000
0,139,13900000,13900100,12022,20037,14000000,14000000
0,140,14000000,14000100,12022,20037,14100000,14100000
0,141,14100000,14100100,12022,20037,14200000,14200000
0,142,14200000,14200100,12022,20037,14300000,14300000
0,143,14300000,14300100,12022,20037,14400000,14400000
0,144,14400000,14400100,12022,20037,14500000,14500000
0,145,14500000,14500100,12022,20037,14600000,14600000
0,146,14600000,14600100,12022,20037,14700000,14700000
0,147,14700000,14700100,12022,20037,14800000,14800000
0,148,14800000,14800100,12022,20037,14900000,14900000
0,149,14900000,14900100,12022,20037,15000000,15000000
0,150,15000000,15000100,12022,20037,15100000,15100000
0,151,15100000,15100100,12022,20037,15200000,15200000
0,152,15200000,15200100,12022,20037,15300000,15300000
0,153,15300000,15300100,12022,20037,15400000,15400000
0,154,15400000,15400100,12022,20037,15500000,15500000
0,155,15500000,15500100,12022,20037,15600000,15600000
0,156,15600000,15600100,12022,20037,15700000,15700000
0,157,15700000,15700100,12022,20037,15800000,15800000
0,158,15800000,15800100,12022,20037,15900000,15900000
0,159,15900000,15900100,12022,20037,16000000,16000000
0,160,16000000,16000100,12022,20037,16100000,16100000
0,161,16100000,16100100,12022,20037,16200000,16200000
0,162,16200000,16200100,12022,20037,16300000,16300000
0,163,16300000,16300100,12022,20037,16400000,16400000
0,164,16400000,16400100,12022,20037,16500000,16500000
0,165,16500000,16500100,12022,20037,16600000,16600000
0,166,16600000,16600100,12022,20037,16700000,16700000
0,167,16700000,16700100,12022,20037,16800000,16800000
0,168,16800000,16800100,12022,20037,16900000,16900000
0,169,16900000,16900100,12022,20037,17000000,17000000
0,170,17000000,17000100,12022,20037,17100000,17100000
0,171,17100000,17100100,12022,20037,17200000,17200000
0,172,17200000,17200100,12022,20037,17300000,17300000
0,173,17300000,17300100,12022,20037,17400000,17400000
0,174,17400000,17400100,12022,20037,17500000,17500000
0,175,17500000,17500100,12022,20037,17600000,17600000
0,176,17600000,17600100,12022,20037,17700000,17700000
0,177,17700000,17700100,12022,20037,17800000,17800000
0,178,17800000,17800100,12022,20037,17900000,17900000
0,179,17900000,17900100,12022,20037,18000000,18000000
0,180,18000000,18000100,12022,20037,18100000,18100000
0,181,18100000,18100100,12022,20037,18200000,18200000
0,182,18200000,18200100,12022,20037,18300000,18300000
0,183,18300000,18300100,12022,20037,18400000,18400000
0,184,18400000,18400100,12022,20037,18500000,18500000
0,185,18500000,18500100,12022,20037,18600000,18600000
0,186,18600000,18600100,12022,20037,18700000,18700000
0,187,18700000,18700100,12022,20037,18800000,18800000
0,188,18800000,18800100,12022,20037,18900000,18900000
0,189,18900000,18900100,12022,20037,19000000,19000000
0,190,19000000,19000100,12022,20037,19100000,19100000
0,191,19100000,19100100,12022,20037,19200000,19200000
0,192,19200000,19200100,12022,20037,19300000,19300000
0,193,19300000,19300100,12022,20037,19400000,19400000
0,194,19400000,19400100,12022,20037,19500000,19500000
0,195,19500000,19500100,12022,20037,19600000,19600000
0,196,19600000,19600100,12022,20037,19700000,19700000
0,197,19700000,19700100,12022,20037,19800000,19800000
0,198,19800000,19800100,12022,20037,19900000,19900000
0,199,19900000,19900100,12022,20037,20000000,20000000
0,200,20000000,20000100,12022,20037,20100000,20100000
0,201,20100000,20100100,12022,20037,20200000,20200000
0,202,20200000,20200100,12022,20037,20300000,20300000
0,203,20300000,20300100,12022,20037,20400000,20400000
0,204,20400000,20400100,12022,20037,20500000,20500000
0,205,20500000,20500100,12022,20037,20600000,20600000
0,206,20600000,20600100,12022,20037,20700000,20700000
0,207,20700000,20700100,12022,20037,20800000,20800000
0,208,20800000,20800100,12022,20037,20900000,20900000
0,209,20900000,20900100,12022,20037,21000000,21000000
0,210,21000000,21000100,12022,20037,21100000,21100000
0,211,21100000,21100100,12022,20037,21200000,21200000
0,212,21200000,21200100,12022,20037,21300000,21300000
0,213,21300000,21300100,12022,20037,21400000,21400000
0,214,21400000,21400100,12022,20037,21500000,21500000
0,215,21500000,21500100,12022,20037,21600000,21600000
0,216,21600000,21600100,12022,20037,21700000,21700000
0,217,21700000,21700100,12022,20037,21800000,21800000
0,218,21800000,21800100,12022,20037,21900000,21900000
0,219,21900000,21900100,12022,20037,22000000,22000000
0,220,22000000,22000100,12022,20037,22100000,22100000
0,221,22100000,22100100,12022,20037,22200000,22200000
0,222,22200000,22200100,12022,20037,22300000,22300000
0,223,22300000,22300100,12022,20037,22400000,22400000
0,224,22400000,22400100,12022,20037,22500000,22500000
0,225,22500000,22500100,12022,20037,22600000,22600000
0,226,22600000,22600100,12022,20037,22700000,22700000
0,227,22700000,22700100,12022,20037,22800000,22800000
0,228,22800000,22800100,12022,20037,22900000,22900000
0,229,22900000,22900100,12022,20037,23000000,23000000
0,230,23000000,23000100,12022,20037,23100000,23100000
0,231,23100000,23100100,12022,20037,23200000,23200000
0,232,23200000,23200100,12022,20037,23300000,23300000
0,233,23300000,23300100,12022,20037,23400000,23400000
0,234,23400000,23400100,12022,20037,23500000,23500000
0,235,23500000,23500100,12022,20037,23600000,23600000
0,236,23600000,23600100,12022,20037,23700000,23700000
0,237,23700000,23700100,12022,20037,23800000,23800000
0,238,23800000,23800100,12022,20037,23900000,23900000
0,239,23900000,23900100,12022,20037,24000000,24000000
0,240,24000000,24000100,12022,20037,24100000,24100000
0,241,24100000,24100100,12022,20037,24200000,24200000
0,242,24200000,24200100,12022,20037,24300000,24300000
0,243,24300000,24300100,12022,20037,24400000,24400000
0,244,24400000,24400100,12022,20037,24500000,24500000
0,245,24500000,24500100,12022,20037,24600000,24600000
0,246,24600000,24600100,12022,20037,24700000,24700000
0,247,24700000,24700100,12022,20037,24800000,24800000
0,248,24800000,24800100,12022,20037,24900000,24900000
0,249,24900000,24900100,12022,20037,25000000,25000000
0,250,25000000,25000100,12022,20037,25100000,25100000
0,251,25100000,25100100,12022,20037,25200000,25200000
0,252,25200000,25200100,12022,20037,25300000,25300000
0,253,25300000,25300100,12022,20037,25400000,25400000
0,254,25400000,25400100,12022,20037,25500000,25500000
0,255,25500000,25500100,12022,20037,25600000,25600000
0,256,25600000,25600100,12022,20037,25700000,25700000
0,257,25700000,25700100,12022,20037,25800000,25800000
0,258,25800000,25800100,12022,20037,25900000,25900000
0,259,25900000,25900100,12022,20037,26000000,26000000
0,260,26000000,26000100,12022,20037,26100000,26100000
0,261,26100000,26100100,12022,20037,26200000,26200000
0,262,26200000,26200100,12022,20037,26300000,26300000
0,263,26300000,26300100,12022,20037,26400000,26400000
0,264,26400000,26400100,12022,20037,26500000,26500000
0,265,26500000,26500100,12022,20037,26600000,26600000
0,266,26600000,26600100,12022,20037,26700000,26700000
0,267,26700000,26700100,12022,20037,26800000,26800000
0,268,26800000,26800100,12022,20037,26900000,26900000
0,269,26900000,26900100,12022,20037,27000000,27000000
0,270,27000000,27000100,12022,20037,27100000,27100000
0,271,27100000,27100100,12022,20037,27200000,27200000
0,272,27200000,27200100,12022,20037,27300000,27300000
0,273,27300000,27300100,12022,20037,27400000,27400000
0,274,27400000,27400100,12022,20037,27500000,27500000
0,275,27500000,27500100,12022,20037,27600000,27600000
0,276,27600000,27600100,12022,20037,27700000,27700000
0,277,27700000,27700100,12022,20037,27800000,27800000
0,278,27800000,27800100,12022,20037,27900000,27900000
0,279,27900000,27900100,12022,20037,28000000,28000000
0,280,28000000,28000100,12022,20037,28100000,28100000
0,281,28100000,28100100,12022,20037,28200000,28200000
0,282,28200000,28200100,12022,20037,28300000,28300000
0,283,28300000,28300100,12022,20037,28400000,28400000
0,284,28400000,28400100,12022,20037,28500000,28500000
0,285,28500000,28500100,12022,20037,28600000,28600000
0,286,28600000,28600100,12022,20037,28700000,28700000
0,287,28700000,28700100,12022,20037,28800000,28800000
0,288,28800000,28800100,12022,20037,28900000,28900000
0,289,28900000,28900100,12022,20037,29000000,29000000
0,290,29000000,29000100,12022,20037,29100000,29100000
0,291,29100000,29100100,12022,20037,29200000,29200000
0,292,29200000,29200100,12022,20037,29300000,29300000
0,293,29300000,29300100,12022,20037,29400000,29400000
0,294,29400000,29400100,12022,20037,29500000,29500000
0,295,29500000,29500100,12022,20037,29600000,29600000
0,296,29600000,29600100,12022,20037,29700000,29700000
0,297,29700000,29700100,12022,20037,29800000,29800000
0,298,29800000,29800100,12022,20037,29900000,29900000
0,299,29900000,29900100,12022,20037,30000000,30000000
0,300,30000000,30000100,12022,20037,30100000,30100000
0,301,30100000,30100100,12022,20037,30200000,30200000
0,302,30200000,30200100,12022,20037,30300000,30300000
0,303,30300000,30300100,12022,20037,30400000,30400000
0,304,30400000,30400100,12022,20037,30500000,30500000
0,305,30500000,30500100,12022,20037,30600000,30600000
0,306,30600000,30600100,12022,20037,30700000,30700000
0,307,30700000,30700100,12022,20037,30800000,30800000
0,308,30800000,30800100,12022,20037,30900000,30900000
0,309,30900000,30900100,12022,20037,31000000,31000000
0,310,31000000,31000100,12022,20037,31100000,31100000
0,311,31100000,31100100,12022,20037,31200000,31200000
0,312,31200000,31200100,12022,20037,31300000,31300000
0,313,31300000,31300100,12022,20037,31400000,31400000
0,314,31400000,31400100,12022,20037,31500000,31500000
0,315,31500000,31500100,12022,20037,31600000,31600000
0,316,31600000,31600100,12022,20037,31700000,31700000
0,317,31700000,31700100,12022,20037,31800000,31800000
0,318,31800000,31800100,12022,20037,31900000,31900000
0,319,31900000,31900100,12022,20037,32000000,32000000
0,320,32000000,32000100,12022,20037,32100000,32100000
0,321,32100000,32100100,12022,20037,32200000,32200000
0,322,32200000,32200100,12022,20037,32300000,32300000
0,323,32300000,32300100,12022,20037,32400000,32400000
0,324,32400000,32400100,12022,20037,32500000,32500000
0,325,32500000,32500100,12022,20037,32600000,32600000
0,326,32600000,32600100,12022,20037,32700000,32700000
0,327,32700000,32700100,12022,20037,32800000,32800000
0,328,32800000,32800100,12022,20037,32900000,32900000
0,329,32900000,32900100,12022,20037,33000000,33000000
0,330,33000000,33000100,12022,20037,33100000,33100000
0,331,33100000,33100100,12022,20037,33200000,33200000
0,332,33200000,33200100,12022,20037,33300000,33300000
0,333,33300000,33300100,12022,20037,33400000,33400000
0,334,33400000,33400100,12022,20037,33500000,33500000
0,335,33500000,33500100,12022,20037,33600000,33600000
0,336,33600000,33600100,12022,20037,33700000,33700000
0,337,33700000,33700100,12022,20037,33800000,33800000
0,338,33800000,33800100,12022,20037,33900000,33900000
0,339,33900000,33900100,12022,20037,34000000,34000000
0,340,34000000,34000100,12022,20037,34100000,34100000
0,341,34100000,34100100,12022,20037,34200000,34200000
0,342,34200000,34200100,12022,20037,34300000,34300000
0,343,34300000,34300100,12022,20037,34400000,34400000
0,344,34400000,34400100,12022,20037,34500000,34500000
0,345,34500000,34500100,12022,20037,34600000,34600000
0,346,34600000,34600100,12022,20037,34700000,34700000
0,347,34700000,34700100,12022,20037,34800000,34800000
0,348,34800000,34800100,12022,20037,34900000,34900000
0,349,34900000,34900100,12022,20037,35000000,35000000
0,350,35000000,35000100,12022,20037,35100000,35100000
0,351,35100000,35100100,12022,20037,35200000,35200000
0,352,35200000,35200100,12022,20037,35300000,35300000
0,353,35300000,35300100,12022,20037,35400000,35400000
0,354,35400000,35400100,12022,20037,35500000,35500000
0,355,35500000,35500100,12022,20037,35600000,35600000
0,356,35600000,35600100,12022,20037,35700000,35700000
0,357,35700000,35700100,12022,20037,35800000,35800000
0,358,35800000,35800100,12022,20037,35900000,35900000
0,359,35900000,35900100,12022,20037,36000000,36000000
0,360,36000000,36000100,12022,20037,36100000,36100000
0,361,36100000,36100100,12022,20037,36200000,36200000
0,362,36200000,36200100,12022,20037,36300000,36300000
0,363,36300000,36300100,12022,20037,36400000,36400000
0,364,36400000,36400100,12022,20037,36500000,36500000
0,365,36500000,36500100,12022,20037,36600000,36600000
0,366,36600000,36600100,12022,20037,36700000,36700000
0,367,36700000,36700100,12022,20037,36800000,36800000
0,368,36800000,36800100,12022,20037,36900000,36900000
0,369,36900000,36900100,12022,20037,37000000,37000000
0,370,37000000,37000100,12022,20037,37100000,37100000
0,371,37100000,37100100,12022,20037,37200000,37200000
0,372,37200000,37200100,12022,20037,37300000,37300000
0,373,37300000,37300100,12022,20037,37400000,37400000
0,374,37400000,37400100,12022,20037,37500000,37500000
0,375,37500000,37500100,12022,20037,37600000,37600000
0,376,37600000,37600100,12022,20037,37700000,37700000
0,377,37700000,37700100,12022,20037,37800000,37800000
0,378,37800000,37800100,12022,20037,37900000,37900000
0,379,37900000,37900100,12022,20037,38000000,38000000
0,380,38000000,38000100,12022,20037,38100000,38100000
0,381,38100000,38100100,12022,20037,38200000,38200000
0,382,38200000,38200100,12022,20037,38300000,38300000
0,383,38300000,38300100,12022,20037,38400000,38400000
0,384,38400000,38400100,12022,20037,38500000,38500000
0,385,38500000,38500100,12022,20037,38600000,38600000
0,386,38600000,38600100,12022,20037,38700000,38700000
0,387,38700000,38700100,12022,20037,38800000,38800000
0,388,38800000,38800100,12022,20037,38900000,38900000
0,389,38900000,38900100,12022,20037,39000000,39000000
0,390,39000000,39000100,12022,20037,39100000,39100000
0,391,39100000,39100100,12022,20037,39200000,39200000
0,392,39200000,39200100,12022,20037,39300000,39300000
0,393,39300000,39300100,12022,20037,39400000,39400000
0,394,39400000,39400100,12022,20037,39500000,39500000
0,395,39500000,39500100,12022,20037,39600000,39600000
0,396,39600000,39600100,12022,20037,39700000,39700000
0,397,39700000,39700100,12022,20037,39800000,39800000
0,398,39800000,39800100,12022,20037,39900000,39900000
0,399,39900000,39900100,12022,20037,40000000,40000000
0,400,40000000,40000100,12022,20037,40100000,40100000
0,401,40100000,40100100,12022,20037,40200000,40200000
0,402,40200000,40200100,12022,20037,40300000,40300000
0,403,40300000,40300100,12022,20037,40400000,40400000
0,404,40400000,40400100,12022,20037,40500000,40500000
0,405,40500000,40500100,12022,20037,40600000,40600000
0,406,40600000,40600100,12022,20037,40700000,40700000
0,407,40700000,40700100,12022,20037,40800000,40800000
0,408,40800000,40800100,12022,20037,40900000,40900000
0,409,40900000,40900100,12022,20037,41000000,41000000
0,410,41000000,41000100,12022,20037,41100000,41100000
0,411,41100000,41100100,12022,20037,41200000,41200000
0,412,41200000,41200100,12022,20037,41300000,41300000
0,413,41300000,41300100,12022,20037,41400000,41400000
0,414,41400000,41400100,12022,20037,41500000,41500000
0,415,41500000,41500100,12022,20037,41600000,41600000
0,416,41600000,41600100,12022,20037,41700000,41700000
0,417,41700000,41700100,12022,20037,41800000,41800000
0,418,41800000,41800100,12022,20037,41900000,41900000
0,419,41900000,41900100,12022,20037,42000000,42000000
0,420,42000000,42000100,12022,20037,42100000,42100000
0,421,42100000,42100100,12022,20037,42200000,42200000
0,422,42200000,42200100,12022,20037,42300000,42300000
0,423,42300000,42300100,12022,20037,42400000,42400000
0,424,42400000,42400100,12022,20037,42500000,42500000
0,425,42500000,42500100,12022,20037,42600000,42600000
0,426,42600000,42600100,12022,20037,42700000,42700000
0,427,42700000,42700100,12022,20037,42800000,42800000
0,428,42800000,42800100,12022,20037,42900000,42900000
0,429,42900000,42900100,12022,20037,43000000,43000000
0,430,43000000,43000100,12022,20037,43100000,43100000
0,431,43100000,43100100,12022,20037,43200000,43200000
0,432,43200000,43200100,12022,20037,43300000,43300000
0,433,43300000,43300100,12022,20037,43400000,43400000
0,434,43400000,43400100,12022,20037,43500000,43500000
0,435,43500000,43500100,12022,20037,43600000,43600000
0,436,43600000,43600100,12022,20037,43700000,43700000
0,437,43700000,43700100,12022,20037,43800000,43800000
0,438,43800000,43800100,12022,20037,43900000,43900000
0,439,43900000,43900100,12022,20037,44000000,44000000
0,440,44000000,44000100,12022,20037,44100000,44100000
0,441,44100000,44100100,12022,20037,44200000,44200000
0,442,44200000,44200100,12022,20037,44300000,44300000
0,443,44300000,44300100,12022,20037,44400000,44400000
0,444,44400000,44400100,12022,20037,44500000,44500000
0,445,44500000,44500100,12022,20037,44600000,44600000
0,446,44600000,44600100,12022,20037,44700000,44700000
0,447,44700000,44700100,12022,20037,44800000,44800000
0,448,44800000,44800100,12022,20037,44900000,44900000
0,449,44900000,44900100,12022,20037,45000000,45000000
0,450,45000000,45000100,12022,20037,45100000,45100000
0,451,45100000,45100100,12022,20037,45200000,45200000
0,452,45200000,45200100,12022,20037,45300000,45300000
0,453,45300000,45300100,12022,20037,45400000,45400000
0,454,45400000,45400100,12022,20037,45500000,45500000
0,455,45500000,45500100,12022,20037,45600000,45600000
0,456,45600000,45600100,12022,20037,45700000,45700000
0,457,45700000,45700100,12022,20037,45800000,45800000
0,458,45800000,45800100,12022,20037,45900000,45900000
0,459,45900000,45900100,12022,20037,46000000,46000000
0,460,46000000,46000100,12022,20037,46100000,46100000
0,461,46100000,46100100,12022,20037,46200000,46200000
0,462,46200000,46200100,12022,20037,46300000,46300000
0,463,46300000,46300100,12022,20037,46400000,46400000
0,464,46400000,46400100,12022,20037,46500000,46500000
0,465,46500000,46500100,12022,20037,46600000,46600000
0,466,46600000,46600100,12022,20037,46700000,46700000
0,467,46700000,46700100,12022,20037,46800000,46800000
0,468,46800000,46800100,12022,20037,46900000,46900000
0,469,46900000,46900100,12022,20037,47000000,47000000
0,470,47000000,47000100,12022,20037,47100000,47100000
0,471,47100000,47100100,12022,20037,47200000,47200000
0,472,47200000,47200100,12022,20037,47300000,47300000
0,473,47300000,47300100,12022,20037,47400000,47400000
0,474,47400000,47400100,12022,20037,47500000,47500000
0,475,47500000,47500100,12022,20037,47600000,47600000
0,476,47600000,47600100,12022,20037,47700000,47700000
0,477,47700000,47700100,12022,20037,47800000,47800000
0,478,47800000,47800100,12022,20037,47900000,47900000
0,479,47900000,47900100,12022,20037,48000000,48000000
0,480,48000000,48000100,12022,20037,48100000,48100000
0,481,48100000,48100100,12022,20037,48200000,48200000
0,482,48200000,48200100,12022,20037,48300000,48300000
0,483,48300000,48300100,12022,20037,48400000,48400000
0,484,48400000,48400100,12022,20037,48500000,48500000
0,485,48500000,48500100,12022,20037,48600000,48600000
0,486,48600000,48600100,12022,20037,48700000,48700000
0,487,48700000,48700100,12022,20037,48800000,48800000
0,488,48800000,48800100,12022,20037,48900000,48900000
0,489,48900000,48900100,12022,20037,49000000,49000000
0,490,49000000,49000100,12022,20037,49100000,49100000
0,491,49100000,49100100,12022,20037,49200000,49200000
0,492,49200000,49200100,12022,20037,49300000,49300000
0,493,49300000,49300100,12022,20037,49400000,49400000
0,494,49400000,49400100,12022,20037,49500000,49500000
0,495,49500000,49500100,12022,20037,49600000,49600000
0,496,49600000,49600100,12022,20037,49700000,49700000
0,497,49700000,49700100,12022,20037,49800000,49800000
0,498,49800000,49800100,12022,20037,49900000,49900000
0,499,49900000,49900100,12022,20037,50000000,50000000
0,500,50000000,50000100,12022,20037,50100000,50100000
0,501,50100000,50100100,12022,20037,50200000,50200000
0,502,50200000,50200100,12022,20037,50300000,50300000
0,503,50300000,50300100,12022,20037,50400000,50400000
0,504,50400000,50400100,12022,20037,50500000,50500000
0,505,50500000,50500100,12022,20037,50600000,50600000
0,506,50600000,50600100,12022,20037,50700000,50700000
0,507,50700000,50700100,12022,20037,50800000,50800000
0,508,50800000,50800100,12022,20037,50900000,50900000
0,509,50900000,50900100,12022,20037,51000000,51000000
0,510,51000000,51000100,12022,20037,51100000,51100000
0,511,51100000,51100100,12022,20037,51200000,51200000
0,512,51200000,51200100,12022,20037,51300000,51300000
0,513,51300000,51300100,12022,20037,51400000,51400000
0,514,51400000,51400100,12022,20037,51500000,51500000
0,515,51500000,51500100,12022,20037,51600000,51600000
0,516,51600000,51600100,12022,20037,51700000,51700000
0,517,51700000,51700100,12022,20037,51800000,51800000
0,518,51800000,51800100,12022,20037,51900000,51900000
0,519,51900000,51900100,12022,20037,52000000,52000000
0,520,52000000,52000100,12022,20037,52100000,52100000
0,521,52100000,52100100,12022,20037,52200000,52200000
0,522,52200000,52200100,12022,20037,52300000,52300000
0,523,52300000,52300100,12022,20037,52400000,52400000
0,524,52400000,52400100,12022,20037,52500000,52500000
0,525,52500000,52500100,12022,20037,52600000,52600000
0,526,52600000,52600100,12022,20037,52700000,52700000
0,527,52700000,52700100,12022,20037,52800000,52800000
0,528,52800000,52800100,12022,20037,52900000,52900000
0,529,52900000,52900100,12022,20037,53000000,53000000
0,530,53000000,53000100,12022,20037,53100000,53100000
0,531,53100000,53100100,12022,20037,53200000,53200000
0,532,53200000,53200100,12022,20037,53300000,53300000
0,533,53300000,53300100,12022,20037,53400000,53400000
0,534,53400000,53400100,12022,20037,53500000,53500000
0,535,53500000,53500100,12022,20037,53600000,53600000
0,536,53600000,53600100,12022,20037,53700000,53700000
0,537,53700000,53700100,12022,20037,53800000,53800000
0,538,53800000,53800100,12022,20037,53900000,53900000
0,539,53900000,53900100,12022,20037,54000000,54000000
0,540,54000000,54000100,12022,20037,54100000,54100000
0,541,54100000,54100100,12022,20037,54200000,54200000
0,542,54200000,54200100,12022,20037,54300000,54300000
0,543,54300000,54300100,12022,20037,54400000,54400000
0,544,54400000,54400100,12022,20037,54500000,54500000
0,545,54500000,54500100,12022,20037,54600000,54600000
0,546,54600000,54600100,12022,20037,54700000,54700000
0,547,54700000,54700100,12022,20037,54800000,54800000
0,548,54800000,54800100,12022,20037,54900000,54900000
0,549,54900000,54900100,12022,20037,55000000,55000000
0,550,55000000,55000100,12022,20037,55100000,55100000
0,551,55100000,55100100,12022,20037,55200000,55200000
0,552,55200000,55200100,12022,20037,55300000,55300000
0,553,55300000,55300100,12022,20037,55400000,55400000
0,554,55400000,55400100,12022,20037,55500000,55500000
0,555,55500000,55500100,12022,20037,55600000,55600000
0,556,55600000,55600100,12022,20037,55700000,55700000
0,557,55700000,55700100,12022,20037,55800000,55800000
0,558,55800000,55800100,12022,20037,55900000,55900000
0,559,55900000,55900100,12022,20037,56000000,56000000
0,560,56000000,56000100,12022,20037,56100000,56100000
0,561,56100000,56100100,12022,20037,56200000,56200000
0,562,56200000,56200100,12022,20037,56300000,56300000
0,563,56300000,56300100,12022,20037,56400000,56400000
0,564,56400000,56400100,12022,20037,56500000,56500000
0,565,56500000,56500100,12022,20037,56600000,56600000
0,566,56600000,56600100,12022,20037,56700000,56700000
0,567,56700000,56700100,12022,20037,56800000,56800000
0,568,56800000,56800100,12022,20037,56900000,56900000
0,569,56900000,56900100,12022,20037,57000000,57000000
0,570,57000000,57000100,12022,20037,57100000,57100000
0,571,57100000,57100100,12022,20037,57200000,57200000
0,572,57200000,57200100,12022,20037,57300000,57300000
0,573,57300000,57300100,12022,20037,57400000,57400000
0,574,57400000,57400100,12022,20037,57500000,57500000
0,575,57500000,57500100,12022,20037,57600000,57600000
0,576,57600000,57600100,12022,20037,57700000,57700000
0,577,57700000,57700100,12022,20037,57800000,57800000
0,578,57800000,57800100,12022,20037,57900000,57900000
0,579,57900000,57900100,12022,20037,58000000,58000000
0,580,58000000,58000100,12022,20037,58100000,58100000
0,581,58100000,58100100,12022,20037,58200000,58200000
0,582,58200000,58200100,12022,20037,58300000,58300000
0,583,58300000,58300100,12022,20037,58400000,58400000
0,584,58400000,58400100,12022,20037,58500000,58500000
0,585,58500000,58500100,12022,20037,58600000,58600000
0,586,58600000,58600100,12022,20037,58700000,58700000
0,587,58700000,58700100,12022,20037,58800000,58800000
0,588,58800000,58800100,12022,20037,58900000,58900000
0,589,58900000,58900100,12022,20037,59000000,59000000
0,590,59000000,59000100,12022,20037,59100000,59100000
0,591,59100000,59100100,12022,20037,59200000,59200000
0,592,59200000,59200100,12022,20037,59300000,59300000
0,593,59300000,59300100,12022,20037,59400000,59400000
0,594,59400000,59400100,12022,20037,59500000,59500000
0,595,59500000,59500100,12022,20037,59600000,59600000
0,596,59600000,59600100,12022,20037,59700000,59700000
0,597,59700000,59700100,12022,20037,59800000,59800000
0,598,59800000,59800100,12022,20037,59900000,59900000
0,599,59900000,59900100,12022,20037,60000000,60000000
0,600,60000000,60000100,12022,20037,60100000,60100000
0,601,60100000,60100100,12022,20037,60200000,60200000
0,602,60200000,60200100,12022,20037,60300000,60300000
0,603,60300000,60300100,12022,20037,60400000,60400000
0,604,60400000,60400100,12022,20037,60500000,60500000
0,605,60500000,60500100,12022,20037,60600000,60600000
0,606,60600000,60600100,12022,20037,60700000,60700000
0,607,60700000,60700100,12022,20037,60800000,60800000
0,608,60800000,60800100,12022,20037,60900000,60900000
0,609,60900000,60900100,12022,20037,61000000,61000000
0,610,61000000,61000100,12022,20037,61100000,61100000
0,611,61100000,61100100,12022,20037,61200000,61200000
0,612,61200000,61200100,12022,20037,61300000,61300000
0,613,61300000,61300100,12022,20037,61400000,61400000
0,614,61400000,61400100,12022,20037,61500000,61500000
0,615,61500000,61500100,12022,20037,61600000,61600000
0,616,61600000,61600100,12022,20037,61700000,61700000
0,617,61700000,61700100,12022,20037,61800000,61800000
0,618,61800000,61800100,12022,20037,61900000,61900000
0,619,61900000,61900100,12022,20037,62000000,62000000
0,620,62000000,62000100,12022,20037,62100000,62100000
0,621,62100000,62100100,12022,20037,62200000,62200000
0,622,62200000,62200100,12022,20037,62300000,62300000
0,623,62300000,62300100,12022,20037,62400000,62400000
0,624,62400000,62400100,12022,20037,62500000,62500000
0,625,62500000,62500100,12022,20037,62600000,62600000
0,626,62600000,62600100,12022,20037,62700000,62700000
0,627,62700000,62700100,12022,20037,62800000,62800000
0,628,62800000,62800100,12022,20037,62900000,62900000
0,629,62900000,62900100,12022,20037,63000000,63000000
0,630,63000000,63000100,12022,20037,63100000,63100000
0,631,63100000,63100100,12022,20037,63200000,63200000
0,632,63200000,63200100,12022,20037,63300000,63300000
0,633,63300000,63300100,12022,20037,63400000,63400000
0,634,63400000,63400100,12022,20037,63500000,63500000
0,635,63500000,63500100,12022,20037,63600000,63600000
0,636,63600000,63600100,12022,20037,63700000,63700000
0,637,63700000,63700100,12022,20037,63800000,63800000
0,638,63800000,63800100,12022,20037,63900000,63900000
0,639,63900000,63900100,12022,20037,64000000,64000000
0,640,64000000,64000100,12022,20037,64100000,64100000
0,641,64100000,64100100,12022,20037,64200000,64200000
0,642,64200000,64200100,12022,20037,64300000,64300000
0,643,64300000,64300100,12022,20037,64400000,64400000
0,644,64400000,64400100,12022,20037,64500000,64500000
0,645,64500000,64500100,12022,20037,64600000,64600000
0,646,64600000,64600100,12022,20037,64700000,64700000
0,647,64700000,64700100,12022,20037,64800000,64800000
0,648,64800000,64800100,12022,20037,64900000,64900000
0,649,64900000,64900100,12022,20037,65000000,65000000
0,650,65000000,65000100,12022,20037,65100000,65100000
0,651,65100000,65100100,12022,20037,65200000,65200000
0,652,65200000,65200100,12022,20037,65300000,65300000
0,653,65300000,65300100,12022,20037,65400000,65400000
0,654,65400000,65400100,12022,20037,65500000,65500000
0,655,65500000,65500100,12022,20037,65600000,65600000
0,656,65600000,65600100,12022,20037,65700000,65700000
0,657,65700000,65700100,12022,20037,65800000,65800000
0,658,65800000,65800100,12022,20037,65900000,65900000
0,659,65900000,65900100,12022,20037,66000000,66000000
1,0,0,100,17780,29634,150000,150000
1,1,150000,150100,17780,29634,300000,300000
1,2,300000,300100,17780,29634,450000,450000
1,3,450000,450100,17780,29634,600000,600000
1,4,600000,600100,17780,29634,750000,750000
1,5,750000,750100,17780,29634,900000,900000
1,6,900000,900100,17780,29634,1050000,1050000
1,7,1050000,1050100,17780,29634,1200000,1200000
1,8,1200000,1200100,17780,29634,1350000,1350000
1,9,1350000,1350100,17780,29634,1500000,1500000
1,10,1500000,1500100,17780,29634,1650000,1650000
1,11,1650000,1650100,17780,29634,1800000,1800000
1,12,1800000,1800100,17780,29634,1950000,1950000
1,13,1950000,1950100,17780,29634,2100000,2100000
1,14,2100000,2100100,17780,29634,2250000,2250000
1,15,2250000,2250100,17780,29634,2400000,2400000
1,16,2400000,2400100,17780,29634,2550000,2550000
1,17,2550000,2550100,17780,29634,2700000,2700000
1,18,2700000,2700100,17780,29634,2850000,2850000
1,19,2850000,2850100,17780,29634,3000000,3000000
1,20,3000000,3000100,17780,29634,3150000,3150000
1,21,3150000,3150100,17780,29634,3300000,3300000
1,22,3300000,3300100,17780,29634,3450000,3450000
1,23,3450000,3450100,17780,29634,3600000,3600000
1,24,3600000,3600100,17780,29634,3750000,3750000
1,25,3750000,3750100,17780,29634,3900000,3900000
1,26,3900000,3900100,17780,29634,4050000,4050000
1,27,4050000,4050100,17780,29634,4200000,4200000
1,28,4200000,4200100,17780,29634,4350000,4350000
1,29,4350000,4350100,17780,29634,4500000,4500000
1,30,4500000,4500100,17780,29634,4650000,4650000
1,31,4650000,4650100,17780,29634,4800000,4800000
1,32,4800000,4800100,17780,29634,4950000,4950000
1,33,4950000,4950100,17780,29634,5100000,5100000
1,34,5100000,5100100,17780,29634,5250000,5250000
1,35,5250000,5250100,17780,29634,5400000,5400000
1,36,5400000,5400100,17780,29634,5550000,5550000
1,37,5550000,5550100,17780,29634,5700000,5700000
1,38,5700000,5700100,17780,29634,5850000,5850000
1,39,5850000,5850100,17780,29634,6000000,6000000
1,40,6000000,6000100,17780,29634,6150000,6150000
1,41,6150000,6150100,17780,29634,6300000,6300000
1,42,6300000,6300100,17780,29634,6450000,6450000
1,43,6450000,6450100,17780,29634,6600000,6600000
1,44,6600000,6600100,17780,29634,6750000,6750000
1,45,6750000,6750100,17780,29634,6900000,6900000
1,46,6900000,6900100,17780,29634,7050000,7050000
1,47,7050000,7050100,17780,29634,7200000,7200000
1,48,7200000,7200100,17780,29634,7350000,7350000
1,49,7350000,7350100,17780,29634,7500000,7500000
1,50,7500000,7500100,17780,29634,7650000,7650000
1,51,7650000,7650100,17780,29634,7800000,7800000
1,52,7800000,7800100,17780,29634,7950000,7950000
1,53,7950000,7950100,17780,29634,8100000,8100000
1,54,8100000,8100100,17780,29634,8250000,8250000
1,55,8250000,8250100,17780,29634,8400000,8400000
1,56,8400000,8400100,17780,29634,8550000,8550000
1,57,8550000,8550100,17780,29634,8700000,8700000
1,58,8700000,8700100,17780,29634,8850000,8850000
1,59,8850000,8850100,17780,29634,9000000,9000000
1,60,9000000,9000100,17780,29634,9150000,9150000
1,61,9150000,9150100,17780,29634,9300000,9300000
1,62,9300000,9300100,17780,29634,9450000,9450000
1,63,9450000,9450100,17780,29634,9600000,9600000
1,64,9600000,9600100,17780,29634,9750000,9750000
1,65,9750000,9750100,17780,29634,9900000,9900000
1,66,9900000,9900100,17780,29634,10050000,10050000
1,67,10050000,10050100,17780,29634,10200000,10200000
1,68,10200000,10200100,17780,29634,10350000,10350000
1,69,10350000,10350100,17780,29634,10500000,10500000
1,70,10500000,10500100,17780,29634,10650000,10650000
1,71,10650000,10650100,17780,29634,10800000,10800000
1,72,10800000,10800100,17780,29634,10950000,10950000
1,73,10950000,10950100,17780,29634,11100000,11100000
1,74,11100000,11100100,17780,29634,11250000,11250000
1,75,11250000,11250100,17780,29634,11400000,11400000
1,76,11400000,11400100,17780,29634,11550000,11550000
1,77,11550000,11550100,17780,29634,11700000,11700000
1,78,11700000,11700100,17780,29634,11850000,11850000
1,79,11850000,11850100,17780,29634,12000000,12000000
1,80,12000000,12000100,17780,29634,12150000,12150000
1,81,12150000,12150100,17780,29634,12300000,12300000
1,82,12300000,12300100,17780,29634,12450000,12450000
1,83,12450000,12450100,17780,29634,12600000,12600000
1,84,12600000,12600100,17780,29634,12750000,12750000
1,85,12750000,12750100,17780,29634,12900000,12900000
1,86,12900000,12900100,17780,29634,13050000,13050000
1,87,13050000,13050100,17780,29634,13200000,13200000
1,88,13200000,13200100,17780,29634,13350000,13350000
1,89,13350000,13350100,17780,29634,13500000,13500000
1,90,13500000,13500100,17780,29634,13650000,13650000
1,91,13650000,13650100,17780,29634,13800000,13800000
1,92,13800000,13800100,17780,29634,13950000,13950000
1,93,13950000,13950100,17780,29634,14100000,14100000
1,94,14100000,14100100,17780,29634,14250000,14250000
1,95,14250000,14250100,17780,29634,14400000,14400000
1,96,14400000,14400100,17780,29634,14550000,14550000
1,97,14550000,14550100,17780,29634,14700000,14700000
1,98,14700000,14700100,17780,29634,14850000,14850000
1,99,14850000,14850100,17780,29634,15000000,15000000
1,100,15000000,15000100,17780,29634,15150000,15150000
1,101,15150000,15150100,17780,29634,15300000,15300000
1,102,15300000,15300100,17780,29634,15450000,15450000
1,103,15450000,15450100,17780,29634,15600000,15600000
1,104,15600000,15600100,17780,29634,15750000,15750000
1,105,15750000,15750100,17780,29634,15900000,15900000
1,106,15900000,15900100,17780,29634,16050000,16050000
1,107,16050000,16050100,17780,29634,16200000,16200000
1,108,16200000,16200100,17780,29634,16350000,16350000
1,109,16350000,16350100,17780,29634,16500000,16500000
1,110,16500000,16500100,17780,29634,16650000,16650000
1,111,16650000,16650100,17780,29634,16800000,16800000
1,112,16800000,16800100,17780,29634,16950000,16950000
1,113,16950000,16950100,17780,29634,17100000,17100000
1,114,17100000,17100100,17780,29634,17250000,17250000
1,115,17250000,17250100,17780,29634,17400000,17400000
1,116,17400000,17400100,17780,29634,17550000,17550000
1,117,17550000,17550100,17780,29634,17700000,17700000
1,118,17700000,17700100,17780,29634,17850000,17850000
1,119,17850000,17850100,17780,29634,18000000,18000000
1,120,18000000,18000100,17780,29634,18150000,18150000
1,121,18150000,18150100,17780,29634,18300000,18300000
1,122,18300000,18300100,17780,29634,18450000,18450000
1,123,18450000,18450100,17780,29634,18600000,18600000
1,124,18600000,18600100,17780,29634,18750000,18750000
1,125,18750000,18750100,17780,29634,18900000,18900000
1,126,18900000,18900100,17780,29634,19050000,19050000
1,127,19050000,19050100,17780,29634,19200000,19200000
1,128,19200000,19200100,17780,29634,19350000,19350000
1,129,19350000,19350100,17780,29634,19500000,19500000
1,130,19500000,19500100,17780,29634,19650000,19650000
1,131,19650000,19650100,17780,29634,19800000,19800000
1,132,19800000,19800100,17780,29634,19950000,19950000
1,133,19950000,19950100,17780,29634,20100000,20100000
1,134,20100000,20100100,17780,29634,20250000,20250000
1,135,20250000,20250100,17780,29634,20400000,20400000
1,136,20400000,20400100,17780,29634,20550000,20550000
1,137,20550000,20550100,17780,29634,20700000,20700000
1,138,20700000,20700100,17780,29634,20850000,20850000
1,139,20850000,20850100,17780,29634,21000000,21000000
1,140,21000000,21000100,17780,29634,21150000,21150000
1,141,21150000,21150100,17780,29634,21300000,21300000
1,142,21300000,21300100,17780,29634,21450000,21450000
1,143,21450000,21450100,17780,29634,21600000,21600000
1,144,21600000,21600100,17780,29634,21750000,21750000
1,145,21750000,21750100,17780,29634,21900000,21900000
1,146,21900000,21900100,17780,29634,22050000,22050000
1,147,22050000,22050100,17780,29634,22200000,22200000
1,148,22200000,22200100,17780,29634,22350000,22350000
1,149,22350000,22350100,17780,29634,22500000,22500000
1,150,22500000,22500100,17780,29634,22650000,22650000
1,151,22650000,22650100,17780,29634,22800000,22800000
1,152,22800000,22800100,17780,29634,22950000,22950000
1,153,22950000,22950100,17780,29634,23100000,23100000
1,154,23100000,23100100,17780,29634,23250000,23250000
1,155,23250000,23250100,17780,29634,23400000,23400000
1,156,23400000,23400100,17780,29634,23550000,23550000
1,157,23550000,23550100,17780,29634,23700000,23700000
1,158,23700000,23700100,17780,29634,23850000,23850000
1,159,23850000,23850100,17780,29634,24000000,24000000
1,160,24000000,24000100,17780,29634,24150000,24150000
1,161,24150000,24150100,17780,29634,24300000,24300000
1,162,24300000,24300100,17780,29634,24450000,24450000
1,163,24450000,24450100,17780,29634,24600000,24600000
1,164,24600000,24600100,17780,29634,24750000,24750000
1,165,24750000,24750100,17780,29634,24900000,24900000
1,166,24900000,24900100,17780,29634,25050000,25050000
1,167,25050000,25050100,17780,29634,25200000,25200000
1,168,25200000,25200100,17780,29634,25350000,25350000
1,169,25350000,25350100,17780,29634,25500000,25500000
1,170,25500000,25500100,17780,29634,25650000,25650000
1,171,25650000,25650100,17780,29634,25800000,25800000
1,172,25800000,25800100,17780,29634,25950000,25950000
1,173,25950000,25950100,17780,29634,26100000,26100000
1,174,26100000,26100100,17780,29634,26250000,26250000
1,175,26250000,26250100,17780,29634,26400000,26400000
1,176,26400000,26400100,17780,29634,26550000,26550000
1,177,26550000,26550100,17780,29634,26700000,26700000
1,178,26700000,26700100,17780,29634,26850000,26850000
1,179,26850000,26850100,17780,29634,27000000,27000000
1,180,27000000,27000100,17780,29634,27150000,27150000
1,181,27150000,27150100,17780,29634,27300000,27300000
1,182,27300000,27300100,17780,29634,27450000,27450000
1,183,27450000,27450100,17780,29634,27600000,27600000
1,184,27600000,27600100,17780,29634,27750000,27750000
1,185,27750000,27750100,17780,29634,27900000,27900000
1,186,27900000,27900100,17780,29634,28050000,28050000
1,187,28050000,28050100,17780,29634,28200000,28200000
1,188,28200000,28200100,17780,29634,28350000,28350000
1,189,28350000,28350100,17780,29634,28500000,28500000
1,190,28500000,28500100,17780,29634,28650000,28650000
1,191,28650000,28650100,17780,29634,28800000,28800000
1,192,28800000,28800100,17780,29634,28950000,28950000
1,193,28950000,28950100,17780,29634,29100000,29100000
1,194,29100000,29100100,17780,29634,29250000,29250000
1,195,29250000,29250100,17780,29634,29400000,29400000
1,196,29400000,29400100,17780,29634,29550000,29550000
1,197,29550000,29550100,17780,29634,29700000,29700000
1,198,29700000,29700100,17780,29634,29850000,29850000
1,199,29850000,29850100,17780,29634,30000000,30000000
1,200,30000000,30000100,17780,29634,30150000,30150000
1,201,30150000,30150100,17780,29634,30300000,30300000
1,202,30300000,30300100,17780,29634,30450000,30450000
1,203,30450000,30450100,17780,29634,30600000,30600000
1,204,30600000,30600100,17780,29634,30750000,30750000
1,205,30750000,30750100,17780,29634,30900000,30900000
1,206,30900000,30900100,17780,29634,31050000,31050000
1,207,31050000,31050100,17780,29634,31200000,31200000
1,208,31200000,31200100,17780,29634,31350000,31350000
1,209,31350000,31350100,17780,29634,31500000,31500000
1,210,31500000,31500100,17780,29634,31650000,31650000
1,211,31650000,31650100,17780,29634,31800000,31800000
1,212,31800000,31800100,17780,29634,31950000,31950000
1,213,31950000,31950100,17780,29634,32100000,32100000
1,214,32100000,32100100,17780,29634,32250000,32250000
1,215,32250000,32250100,17780,29634,32400000,32400000
1,216,32400000,32400100,17780,29634,32550000,32550000
1,217,32550000,32550100,17780,29634,32700000,32700000
1,218,32700000,32700100,17780,29634,32850000,32850000
1,219,32850000,32850100,17780,29634,33000000,33000000
1,220,33000000,33000100,17780,29634,33150000,33150000
1,221,33150000,33150100,17780,29634,33300000,33300000
1,222,33300000,33300100,17780,29634,33450000,33450000
1,223,33450000,33450100,17780,29634,33600000,33600000
1,224,33600000,33600100,17780,29634,33750000,33750000
1,225,33750000,33750100,17780,29634,33900000,33900000
1,226,33900000,33900100,17780,29634,34050000,34050000
1,227,34050000,34050100,17780,29634,34200000,34200000
1,228,34200000,34200100,17780,29634,34350000,34350000
1,229,34350000,34350100,17780,29634,34500000,34500000
1,230,34500000,34500100,17780,29634,34650000,34650000
1,231,34650000,34650100,17780,29634,34800000,34800000
1,232,34800000,34800100,17780,29634,34950000,34950000
1,233,34950000,34950100,17780,29634,35100000,35100000
1,234,35100000,35100100,17780,29634,35250000,35250000
1,235,35250000,35250100,17780,29634,35400000,35400000
1,236,35400000,35400100,17780,29634,35550000,35550000
1,237,35550000,35550100,17780,29634,35700000,35700000
1,238,35700000,35700100,17780,29634,35850000,35850000
1,239,35850000,35850100,17780,29634,36000000,36000000
1,240,36000000,36000100,17780,29634,36150000,36150000
1,241,36150000,36150100,17780,29634,36300000,36300000
1,242,36300000,36300100,17780,29634,36450000,36450000
1,243,36450000,36450100,17780,29634,36600000,36600000
1,244,36600000,36600100,17780,29634,36750000,36750000
1,245,36750000,36750100,17780,29634,36900000,36900000
1,246,36900000,36900100,17780,29634,37050000,37050000
1,247,37050000,37050100,17780,29634,37200000,37200000
1,248,37200000,37200100,17780,29634,37350000,37350000
1,249,37350000,37350100,17780,29634,37500000,37500000
1,250,37500000,37500100,17780,29634,37650000,37650000
1,251,37650000,37650100,17780,29634,37800000,37800000
1,252,37800000,37800100,17780,29634,37950000,37950000
1,253,37950000,37950100,17780,29634,38100000,38100000
1,254,38100000,38100100,17780,29634,38250000,38250000
1,255,38250000,38250100,17780,29634,38400000,38400000
1,256,38400000,38400100,17780,29634,38550000,38550000
1,257,38550000,38550100,17780,29634,38700000,38700000
1,258,38700000,38700100,17780,29634,38850000,38850000
1,259,38850000,38850100,17780,29634,39000000,39000000
1,260,39000000,39000100,17780,29634,39150000,39150000
1,261,39150000,39150100,17780,29634,39300000,39300000
1,262,39300000,39300100,17780,29634,39450000,39450000
1,263,39450000,39450100,17780,29634,39600000,39600000
1,264,39600000,39600100,17780,29634,39750000,39750000
1,265,39750000,39750100,17780,29634,39900000,39900000
1,266,39900000,39900100,17780,29634,40050000,40050000
1,267,40050000,40050100,17780,29634,40200000,40200000
1,268,40200000,40200100,17780,29634,40350000,40350000
1,269,40350000,40350100,17780,29634,40500000,40500000
1,270,40500000,40500100,17780,29634,40650000,40650000
1,271,40650000,40650100,17780,29634,40800000,40800000
1,272,40800000,40800100,17780,29634,40950000,40950000
1,273,40950000,40950100,17780,29634,41100000,41100000
1,274,41100000,41100100,17780,29634,41250000,41250000
1,275,41250000,41250100,17780,29634,41400000,41400000
1,276,41400000,41400100,17780,29634,41550000,41550000
1,277,41550000,41550100,17780,29634,41700000,41700000
1,278,41700000,41700100,17780,29634,41850000,41850000
1,279,41850000,41850100,17780,29634,42000000,42000000
1,280,42000000,42000100,17780,29634,42150000,42150000
1,281,42150000,42150100,17780,29634,42300000,42300000
1,282,42300000,42300100,17780,29634,42450000,42450000
1,283,42450000,42450100,17780,29634,42600000,42600000
1,284,42600000,42600100,17780,29634,42750000,42750000
1,285,42750000,42750100,17780,29634,42900000,42900000
1,286,42900000,42900100,17780,29634,43050000,43050000
1,287,43050000,43050100,17780,29634,43200000,43200000
1,288,43200000,43200100,17780,29634,43350000,43350000
1,289,43350000,43350100,17780,29634,43500000,43500000
1,290,43500000,43500100,17780,29634,43650000,43650000
1,291,43650000,43650100,17780,29634,43800000,43800000
1,292,43800000,43800100,17780,29634,43950000,43950000
1,293,43950000,43950100,17780,29634,44100000,44100000
1,294,44100000,44100100,17780,29634,44250000,44250000
1,295,44250000,44250100,17780,29634,44400000,44400000
1,296,44400000,44400100,17780,29634,44550000,44550000
1,297,44550000,44550100,17780,29634,44700000,44700000
1,298,44700000,44700100,17780,29634,44850000,44850000
1,299,44850000,44850100,17780,29634,45000000,45000000
1,300,45000000,45000100,17780,29634,45150000,45150000
1,301,45150000,45150100,17780,29634,45300000,45300000
1,302,45300000,45300100,17780,29634,45450000,45450000
1,303,45450000,45450100,17780,29634,45600000,45600000
1,304,45600000,45600100,17780,29634,45750000,45750000
1,305,45750000,45750100,17780,29634,45900000,45900000
1,306,45900000,45900100,17780,29634,46050000,46050000
1,307,46050000,46050100,17780,29634,46200000,46200000
1,308,46200000,46200100,17780,29634,46350000,46350000
1,309,46350000,46350100,17780,29634,46500000,46500000
1,310,46500000,46500100,17780,29634,46650000,46650000
1,311,46650000,46650100,17780,29634,46800000,46800000
1,312,46800000,46800100,17780,29634,46950000,46950000
1,313,46950000,46950100,17780,29634,47100000,47100000
1,314,47100000,47100100,17780,29634,47250000,47250000
1,315,47250000,47250100,17780,29634,47400000,47400000
1,316,47400000,47400100,17780,29634,47550000,47550000
1,317,47550000,47550100,17780,29634,47700000,47700000
1,318,47700000,47700100,17780,29634,47850000,47850000
1,319,47850000,47850100,17780,29634,48000000,48000000
1,320,48000000,48000100,17780,29634,48150000,48150000
1,321,48150000,48150100,17780,29634,48300000,48300000
1,322,48300000,48300100,17780,29634,48450000,48450000
1,323,48450000,48450100,17780,29634,48600000,48600000
1,324,48600000,48600100,17780,29634,48750000,48750000
1,325,48750000,48750100,17780,29634,48900000,48900000
1,326,48900000,48900100,17780,29634,49050000,49050000
1,327,49050000,49050100,17780,29634,49200000,49200000
1,328,49200000,49200100,17780,29634,49350000,49350000
1,329,49350000,49350100,17780,29634,49500000,49500000
1,330,49500000,49500100,17780,29634,49650000,49650000
1,331,49650000,49650100,17780,29634,49800000,49800000
1,332,49800000,49800100,17780,29634,49950000,49950000
1,333,49950000,49950100,17780,29634,50100000,50100000
1,334,50100000,50100100,17780,29634,50250000,50250000
1,335,50250000,50250100,17780,29634,50400000,50400000
1,336,50400000,50400100,17780,29634,50550000,50550000
1,337,50550000,50550100,17780,29634,50700000,50700000
1,338,50700000,50700100,17780,29634,50850000,50850000
1,339,50850000,50850100,17780,29634,51000000,51000000
1,340,51000000,51000100,17780,29634,51150000,51150000
1,341,51150000,51150100,17780,29634,51300000,51300000
1,342,51300000,51300100,17780,29634,51450000,51450000
1,343,51450000,51450100,17780,29634,51600000,51600000
1,344,51600000,51600100,17780,29634,51750000,51750000
1,345,51750000,51750100,17780,29634,51900000,51900000
1,346,51900000,51900100,17780,29634,52050000,52050000
1,347,52050000,52050100,17780,29634,52200000,52200000
1,348,52200000,52200100,17780,29634,52350000,52350000
1,349,52350000,52350100,17780,29634,52500000,52500000
1,350,52500000,52500100,17780,29634,52650000,52650000
1,351,52650000,52650100,17780,29634,52800000,52800000
1,352,52800000,52800100,17780,29634,52950000,52950000
1,353,52950000,52950100,17780,29634,53100000,53100000
1,354,53100000,53100100,17780,29634,53250000,53250000
1,355,53250000,53250100,17780,29634,53400000,53400000
1,356,53400000,53400100,17780,29634,53550000,53550000
1,357,53550000,53550100,17780,29634,53700000,53700000
1,358,53700000,53700100,17780,29634,53850000,53850000
1,359,53850000,53850100,17780,29634,54000000,54000000
1,360,54000000,54000100,17780,29634,54150000,54150000
1,361,54150000,54150100,17780,29634,54300000,54300000
1,362,54300000,54300100,17780,29634,54450000,54450000
1,363,54450000,54450100,17780,29634,54600000,54600000
1,364,54600000,54600100,17780,29634,54750000,54750000
1,365,54750000,54750100,17780,29634,54900000,54900000
1,366,54900000,54900100,17780,29634,55050000,55050000
1,367,55050000,55050100,17780,29634,55200000,55200000
1,368,55200000,55200100,17780,29634,55350000,55350000
1,369,55350000,55350100,17780,29634,55500000,55500000
1,370,55500000,55500100,17780,29634,55650000,55650000
1,371,55650000,55650100,17780,29634,55800000,55800000
1,372,55800000,55800100,17780,29634,55950000,55950000
1,373,55950000,55950100,17780,29634,56100000,56100000
1,374,56100000,56100100,17780,29634,56250000,56250000
1,375,56250000,56250100,17780,29634,56400000,56400000
1,376,56400000,56400100,17780,29634,56550000,56550000
1,377,56550000,56550100,17780,29634,56700000,56700000
1,378,56700000,56700100,17780,29634,56850000,56850000
1,379,56850000,56850100,17780,29634,57000000,57000000
1,380,57000000,57000100,17780,29634,57150000,57150000
1,381,57150000,57150100,17780,29634,57300000,57300000
1,382,57300000,57300100,17780,29634,57450000,57450000
1,383,57450000,57450100,17780,29634,57600000,57600000
1,384,57600000,57600100,17780,29634,57750000,57750000
1,385,57750000,57750100,17780,29634,57900000,57900000
1,386,57900000,57900100,17780,29634,58050000,58050000
1,387,58050000,58050100,17780,29634,58200000,58200000
1,388,58200000,58200100,17780,29634,58350000,58350000
1,389,58350000,58350100,17780,29634,58500000,58500000
1,390,58500000,58500100,17780,29634,58650000,58650000
1,391,58650000,58650100,17780,29634,58800000,58800000
1,392,58800000,58800100,17780,29634,58950000,58950000
1,393,58950000,58950100,17780,29634,59100000,59100000
1,394,59100000,59100100,17780,29634,59250000,59250000
1,395,59250000,59250100,17780,29634,59400000,59400000
1,396,59400000,59400100,17780,29634,59550000,59550000
1,397,59550000,59550100,17780,29634,59700000,59700000
1,398,59700000,59700100,17780,29634,59850000,59850000
1,399,59850000,59850100,17780,29634,60000000,60000000
1,400,60000000,60000100,17780,29634,60150000,60150000
1,401,60150000,60150100,17780,29634,60300000,60300000
1,402,60300000,60300100,17780,29634,60450000,60450000
1,403,60450000,60450100,17780,29634,60600000,60600000
1,404,60600000,60600100,17780,29634,60750000,60750000
1,405,60750000,60750100,17780,29634,60900000,60900000
1,406,60900000,60900100,17780,29634,61050000,61050000
1,407,61050000,61050100,17780,29634,61200000,61200000
1,408,61200000,61200100,17780,29634,61350000,61350000
1,409,61350000,61350100,17780,29634,61500000,61500000
1,410,61500000,61500100,17780,29634,61650000,61650000
1,411,61650000,61650100,17780,29634,61800000,61800000
1,412,61800000,61800100,17780,29634,61950000,61950000
1,413,61950000,61950100,17780,29634,62100000,62100000
1,414,62100000,62100100,17780,29634,62250000,62250000
1,415,62250000,62250100,17780,29634,62400000,62400000
1,416,62400000,62400100,17780,29634,62550000,62550000
1,417,62550000,62550100,17780,29634,62700000,62700000
1,418,62700000,62700100,17780,29634,62850000,62850000
1,419,62850000,62850100,17780,29634,63000000,63000000
1,420,63000000,63000100,17780,29634,63150000,63150000
1,421,63150000,63150100,17780,29634,63300000,63300000
1,422,63300000,63300100,17780,29634,63450000,63450000
1,423,63450000,63450100,17780,29634,63600000,63600000
1,424,63600000,63600100,17780,29634,63750000,63750000
1,425,63750000,63750100,17780,29634,63900000,63900000
1,426,63900000,63900100,17780,29634,64050000,64050000
1,427,64050000,64050100,17780,29634,64200000,64200000
1,428,64200000,64200100,17780,29634,64350000,64350000
1,429,64350000,64350100,17780,29634,64500000,64500000
1,430,64500000,64500100,17780,29634,64650000,64650000
1,431,64650000,64650100,17780,29634,64800000,64800000
1,432,64800000,64800100,17780,29634,64950000,64950000
1,433,64950000,64950100,17780,29634,65100000,65100000
1,434,65100000,65100100,17780,29634,65250000,65250000
1,435,65250000,65250100,17780,29634,65400000,65400000
1,436,65400000,65400100,17780,29634,65550000,65550000
1,437,65550000,65550100,17780,29634,65700000,65700000
1,438,65700000,65700100,17780,29634,65850000,65850000
1,439,65850000,65850100,17780,29634,66000000,66000000
2,0,0,100,26325,43875,250000,250000
2,1,250000,250100,26325,43875,500000,500000
2,2,500000,500100,26325,43875,750000,750000
2,3,750000,750100,26325,43875,1000000,1000000
2,4,1000000,1000100,26325,43875,1250000,1250000
2,5,1250000,1250100,26325,43875,1500000,1500000
2,6,1500000,1500100,26325,43875,1750000,1750000
2,7,1750000,1750100,26325,43875,2000000,2000000
2,8,2000000,2000100,26325,43875,2250000,2250000
2,9,2250000,2250100,26325,43875,2500000,2500000
2,10,2500000,2500100,26325,43875,2750000,2750000
2,11,2750000,2750100,26325,43875,3000000,3000000
2,12,3000000,3000100,26325,43875,3250000,3250000
2,13,3250000,3250100,26325,43875,3500000,3500000
2,14,3500000,3500100,26325,43875,3750000,3750000
2,15,3750000,3750100,26325,43875,4000000,4000000
2,16,4000000,4000100,26325,43875,4250000,4250000
2,17,4250000,4250100,26325,43875,4500000,4500000
2,18,4500000,4500100,26325,43875,4750000,4750000
2,19,4750000,4750100,26325,43875,5000000,5000000
2,20,5000000,5000100,26325,43875,5250000,5250000
2,21,5250000,5250100,26325,43875,5500000,5500000
2,22,5500000,5500100,26325,43875,5750000,5750000
2,23,5750000,5750100,26325,43875,6000000,6000000
2,24,6000000,6000100,26325,43875,6250000,6250000
2,25,6250000,6250100,26325,43875,6500000,6500000
2,26,6500000,6500100,26325,43875,6750000,6750000
2,27,6750000,6750100,26325,43875,7000000,7000000
2,28,7000000,7000100,26325,43875,7250000,7250000
2,29,7250000,7250100,26325,43875,7500000,7500000
2,30,7500000,7500100,26325,43875,7750000,7750000
2,31,7750000,7750100,26325,43875,8000000,8000000
2,32,8000000,8000100,26325,43875,8250000,8250000
2,33,8250000,8250100,26325,43875,8500000,8500000
2,34,8500000,8500100,26325,43875,8750000,8750000
2,35,8750000,8750100,26325,43875,9000000,9000000
2,36,9000000,9000100,26325,43875,9250000,9250000
2,37,9250000,9250100,26325,43875,9500000,9500000
2,38,9500000,9500100,26325,43875,9750000,9750000
2,39,9750000,9750100,26325,43875,10000000,10000000
2,40,10000000,10000100,26325,43875,10250000,10250000
2,41,10250000,10250100,26325,43875,10500000,10500000
2,42,10500000,10500100,26325,43875,10750000,10750000
2,43,10750000,10750100,26325,43875,11000000,11000000
2,44,11000000,11000100,26325,43875,11250000,11250000
2,45,11250000,11250100,26325,43875,11500000,11500000
2,46,11500000,11500100,26325,43875,11750000,11750000
2,47,11750000,11750100,26325,43875,12000000,12000000
2,48,12000000,12000100,26325,43875,12250000,12250000
2,49,12250000,12250100,26325,43875,12500000,12500000
2,50,12500000,12500100,26325,43875,12750000,12750000
2,51,12750000,12750100,26325,43875,13000000,13000000
2,52,13000000,13000100,26325,43875,13250000,13250000
2,53,13250000,13250100,26325,43875,13500000,13500000
2,54,13500000,13500100,26325,43875,13750000,13750000
2,55,13750000,13750100,26325,43875,14000000,14000000
2,56,14000000,14000100,26325,43875,14250000,14250000
2,57,14250000,14250100,26325,43875,14500000,14500000
2,58,14500000,14500100,26325,43875,14750000,14750000
2,59,14750000,14750100,26325,43875,15000000,15000000
2,60,15000000,15000100,26325,43875,15250000,15250000
2,61,15250000,15250100,26325,43875,15500000,15500000
2,62,15500000,15500100,26325,43875,15750000,15750000
2,63,15750000,15750100,26325,43875,16000000,16000000
2,64,16000000,16000100,26325,43875,16250000,16250000
2,65,16250000,16250100,26325,43875,16500000,16500000
2,66,16500000,16500100,26325,43875,16750000,16750000
2,67,16750000,16750100,26325,43875,17000000,17000000
2,68,17000000,17000100,26325,43875,17250000,17250000
2,69,17250000,17250100,26325,43875,17500000,17500000
2,70,17500000,17500100,26325,43875,17750000,17750000
2,71,17750000,17750100,26325,43875,18000000,18000000
2,72,18000000,18000100,26325,43875,18250000,18250000
2,73,18250000,18250100,26325,43875,18500000,18500000
2,74,18500000,18500100,26325,43875,18750000,18750000
2,75,18750000,18750100,26325,43875,19000000,19000000
2,76,19000000,19000100,26325,43875,19250000,19250000
2,77,19250000,19250100,26325,43875,19500000,19500000
2,78,19500000,19500100,26325,43875,19750000,19750000
2,79,19750000,19750100,26325,43875,20000000,20000000
2,80,20000000,20000100,26325,43875,20250000,20250000
2,81,20250000,20250100,26325,43875,20500000,20500000
2,82,20500000,20500100,26325,43875,20750000,20750000
2,83,20750000,20750100,26325,43875,21000000,21000000
2,84,21000000,21000100,26325,43875,21250000,21250000
2,85,21250000,21250100,26325,43875,21500000,21500000
2,86,21500000,21500100,26325,43875,21750000,21750000
2,87,21750000,21750100,26325,43875,22000000,22000000
2,88,22000000,22000100,26325,43875,22250000,22250000
2,89,22250000,22250100,26325,43875,22500000,22500000
2,90,22500000,22500100,26325,43875,22750000,22750000
2,91,22750000,22750100,26325,43875,23000000,23000000
2,92,23000000,23000100,26325,43875,23250000,23250000
2,93,23250000,23250100,26325,43875,23500000,23500000
2,94,23500000,23500100,26325,43875,23750000,23750000
2,95,23750000,23750100,26325,43875,24000000,24000000
2,96,24000000,24000100,26325,43875,24250000,24250000
2,97,24250000,24250100,26325,43875,24500000,24500000
2,98,24500000,24500100,26325,43875,24750000,24750000
2,99,24750000,24750100,26325,43875,25000000,25000000
2,100,25000000,25000100,26325,43875,25250000,25250000
2,101,25250000,25250100,26325,43875,25500000,25500000
2,102,25500000,25500100,26325,43875,25750000,25750000
2,103,25750000,25750100,26325,43875,26000000,26000000
2,104,26000000,26000100,26325,43875,26250000,26250000
2,105,26250000,26250100,26325,43875,26500000,26500000
2,106,26500000,26500100,26325,43875,26750000,26750000
2,107,26750000,26750100,26325,43875,27000000,27000000
2,108,27000000,27000100,26325,43875,27250000,27250000
2,109,27250000,27250100,26325,43875,27500000,27500000
2,110,27500000,27500100,26325,43875,27750000,27750000
2,111,27750000,27750100,26325,43875,28000000,28000000
2,112,28000000,28000100,26325,43875,28250000,28250000
2,113,28250000,28250100,26325,43875,28500000,28500000
2,114,28500000,28500100,26325,43875,28750000,28750000
2,115,28750000,28750100,26325,43875,29000000,29000000
2,116,29000000,29000100,26325,43875,29250000,29250000
2,117,29250000,29250100,26325,43875,29500000,29500000
2,118,29500000,29500100,26325,43875,29750000,29750000
2,119,29750000,29750100,26325,43875,30000000,30000000
2,120,30000000,30000100,26325,43875,30250000,30250000
2,121,30250000,30250100,26325,43875,30500000,30500000
2,122,30500000,30500100,26325,43875,30750000,30750000
2,123,30750000,30750100,26325,43875,31000000,31000000
2,124,31000000,31000100,26325,43875,31250000,31250000
2,125,31250000,31250100,26325,43875,31500000,31500000
2,126,31500000,31500100,26325,43875,31750000,31750000
2,127,31750000,31750100,26325,43875,32000000,32000000
2,128,32000000,32000100,26325,43875,32250000,32250000
2,129,32250000,32250100,26325,43875,32500000,32500000
2,130,32500000,32500100,26325,43875,32750000,32750000
2,131,32750000,32750100,26325,43875,33000000,33000000
2,132,33000000,33000100,26325,43875,33250000,33250000
2,133,33250000,33250100,26325,43875,33500000,33500000
2,134,33500000,33500100,26325,43875,33750000,33750000
2,135,33750000,33750100,26325,43875,34000000,34000000
2,136,34000000,34000100,26325,43875,34250000,34250000
2,137,34250000,34250100,26325,43875,34500000,34500000
2,138,34500000,34500100,26325,43875,34750000,34750000
2,139,34750000,34750100,26325,43875,35000000,35000000
2,140,35000000,35000100,26325,43875,35250000,35250000
2,141,35250000,35250100,26325,43875,35500000,35500000
2,142,35500000,35500100,26325,43875,35750000,35750000
2,143,35750000,35750100,26325,43875,36000000,36000000
2,144,36000000,36000100,26325,43875,36250000,36250000
2,145,36250000,36250100,26325,43875,36500000,36500000
2,146,36500000,36500100,26325,43875,36750000,36750000
2,147,36750000,36750100,26325,43875,37000000,37000000
2,148,37000000,37000100,26325,43875,37250000,37250000
2,149,37250000,37250100,26325,43875,37500000,37500000
2,150,37500000,37500100,26325,43875,37750000,37750000
2,151,37750000,37750100,26325,43875,38000000,38000000
2,152,38000000,38000100,26325,43875,38250000,38250000
2,153,38250000,38250100,26325,43875,38500000,38500000
2,154,38500000,38500100,26325,43875,38750000,38750000
2,155,38750000,38750100,26325,43875,39000000,39000000
2,156,39000000,39000100,26325,43875,39250000,39250000
2,157,39250000,39250100,26325,43875,39500000,39500000
2,158,39500000,39500100,26325,43875,39750000,39750000
2,159,39750000,39750100,26325,43875,40000000,40000000
2,160,40000000,40000100,26325,43875,40250000,40250000
2,161,40250000,40250100,26325,43875,40500000,40500000
2,162,40500000,40500100,26325,43875,40750000,40750000
2,163,40750000,40750100,26325,43875,41000000,41000000
2,164,41000000,41000100,26325,43875,41250000,41250000
2,165,41250000,41250100,26325,43875,41500000,41500000
2,166,41500000,41500100,26325,43875,41750000,41750000
2,167,41750000,41750100,26325,43875,42000000,42000000
2,168,42000000,42000100,26325,43875,42250000,42250000
2,169,42250000,42250100,26325,43875,42500000,42500000
2,170,42500000,42500100,26325,43875,42750000,42750000
2,171,42750000,42750100,26325,43875,43000000,43000000
2,172,43000000,43000100,26325,43875,43250000,43250000
2,173,43250000,43250100,26325,43875,43500000,43500000
2,174,43500000,43500100,26325,43875,43750000,43750000
2,175,43750000,43750100,26325,43875,44000000,44000000
2,176,44000000,44000100,26325,43875,44250000,44250000
2,177,44250000,44250100,26325,43875,44500000,44500000
2,178,44500000,44500100,26325,43875,44750000,44750000
2,179,44750000,44750100,26325,43875,45000000,45000000
2,180,45000000,45000100,26325,43875,45250000,45250000
2,181,45250000,45250100,26325,43875,45500000,45500000
2,182,45500000,45500100,26325,43875,45750000,45750000
2,183,45750000,45750100,26325,43875,46000000,46000000
2,184,46000000,46000100,26325,43875,46250000,46250000
2,185,46250000,46250100,26325,43875,46500000,46500000
2,186,46500000,46500100,26325,43875,46750000,46750000
2,187,46750000,46750100,26325,43875,47000000,47000000
2,188,47000000,47000100,26325,43875,47250000,47250000
2,189,47250000,47250100,26325,43875,47500000,47500000
2,190,47500000,47500100,26325,43875,47750000,47750000
2,191,47750000,47750100,26325,43875,48000000,48000000
2,192,48000000,48000100,26325,43875,48250000,48250000
2,193,48250000,48250100,26325,43875,48500000,48500000
2,194,48500000,48500100,26325,43875,48750000,48750000
2,195,48750000,48750100,26325,43875,49000000,49000000
2,196,49000000,49000100,26325,43875,49250000,49250000
2,197,49250000,49250100,26325,43875,49500000,49500000
2,198,49500000,49500100,26325,43875,49750000,49750000
2,199,49750000,49750100,26325,43875,50000000,50000000
2,200,50000000,50000100,26325,43875,50250000,50250000
2,201,50250000,50250100,26325,43875,50500000,50500000
2,202,50500000,50500100,26325,43875,50750000,50750000
2,203,50750000,50750100,26325,43875,51000000,51000000
2,204,51000000,51000100,26325,43875,51250000,51250000
2,205,51250000,51250100,26325,43875,51500000,51500000
2,206,51500000,51500100,26325,43875,51750000,51750000
2,207,51750000,51750100,26325,43875,52000000,52000000
2,208,52000000,52000100,26325,43875,52250000,52250000
2,209,52250000,52250100,26325,43875,52500000,52500000
2,210,52500000,52500100,26325,43875,52750000,52750000
2,211,52750000,52750100,26325,43875,53000000,53000000
2,212,53000000,53000100,26325,43875,53250000,53250000
2,213,53250000,53250100,26325,43875,53500000,53500000
2,214,53500000,53500100,26325,43875,53750000,53750000
2,215,53750000,53750100,26325,43875,54000000,54000000
2,216,54000000,54000100,26325,43875,54250000,54250000
2,217,54250000,54250100,26325,43875,54500000,54500000
2,218,54500000,54500100,26325,43875,54750000,54750000
2,219,54750000,54750100,26325,43875,55000000,55000000
2,220,55000000,55000100,26325,43875,55250000,55250000
2,221,55250000,55250100,26325,43875,55500000,55500000
2,222,55500000,55500100,26325,43875,55750000,55750000
2,223,55750000,55750100,26325,43875,56000000,56000000
2,224,56000000,56000100,26325,43875,56250000,56250000
2,225,56250000,56250100,26325,43875,56500000,56500000
2,226,56500000,56500100,26325,43875,56750000,56750000
2,227,56750000,56750100,26325,43875,57000000,57000000
2,228,57000000,57000100,26325,43875,57250000,57250000
2,229,57250000,57250100,26325,43875,57500000,57500000
2,230,57500000,57500100,26325,43875,57750000,57750000
2,231,57750000,57750100,26325,43875,58000000,58000000
2,232,58000000,58000100,26325,43875,58250000,58250000
2,233,58250000,58250100,26325,43875,58500000,58500000
2,234,58500000,58500100,26325,43875,58750000,58750000
2,235,58750000,58750100,26325,43875,59000000,59000000
2,236,59000000,59000100,26325,43875,59250000,59250000
2,237,59250000,59250100,26325,43875,59500000,59500000
2,238,59500000,59500100,26325,43875,59750000,59750000
2,239,59750000,59750100,26325,43875,60000000,60000000
2,240,60000000,60000100,26325,43875,60250000,60250000
2,241,60250000,60250100,26325,43875,60500000,60500000
2,242,60500000,60500100,26325,43875,60750000,60750000
2,243,60750000,60750100,26325,43875,61000000,61000000
2,244,61000000,61000100,26325,43875,61250000,61250000
2,245,61250000,61250100,26325,43875,61500000,61500000
2,246,61500000,61500100,26325,43875,61750000,61750000
2,247,61750000,61750100,26325,43875,62000000,62000000
2,248,62000000,62000100,26325,43875,62250000,62250000
2,249,62250000,62250100,26325,43875,62500000,62500000
2,250,62500000,62500100,26325,43875,62750000,62750000
2,251,62750000,62750100,26325,43875,63000000,63000000
2,252,63000000,63000100,26325,43875,63250000,63250000
2,253,63250000,63250100,26325,43875,63500000,63500000
2,254,63500000,63500100,26325,43875,63750000,63750000
2,255,63750000,63750100,26325,43875,64000000,64000000
2,256,64000000,64000100,26325,43875,64250000,64250000
2,257,64250000,64250100,26325,43875,64500000,64500000
2,258,64500000,64500100,26325,43875,64750000,64750000
2,259,64750000,64750100,26325,43875,65000000,65000000
2,260,65000000,65000100,26325,43875,65250000,65250000
2,261,65250000,65250100,26325,43875,65500000,65500000
2,262,65500000,65500100,26325,43875,65750000,65750000
2,263,65750000,65750100,26325,43875,66000000,66000000
3,0,0,100,36058,60098,300000,300000
3,1,300000,300100,36058,60098,600000,600000
3,2,600000,600100,36058,60098,900000,900000
3,3,900000,900100,36058,60098,1200000,1200000
3,4,1200000,1200100,36058,60098,1500000,1500000
3,5,1500000,1500100,36058,60098,1800000,1800000
3,6,1800000,1800100,36058,60098,2100000,2100000
3,7,2100000,2100100,36058,60098,2400000,2400000
3,8,2400000,2400100,36058,60098,2700000,2700000
3,9,2700000,2700100,36058,60098,3000000,3000000
3,10,3000000,3000100,36058,60098,3300000,3300000
3,11,3300000,3300100,36058,60098,3600000,3600000
3,12,3600000,3600100,36058,60098,3900000,3900000
3,13,3900000,3900100,36058,60098,4200000,4200000
3,14,4200000,4200100,36058,60098,4500000,4500000
3,15,4500000,4500100,36058,60098,4800000,4800000
3,16,4800000,4800100,36058,60098,5100000,5100000
3,17,5100000,5100100,36058,60098,5400000,5400000
3,18,5400000,5400100,36058,60098,5700000,5700000
3,19,5700000,5700100,36058,60098,6000000,6000000
3,20,6000000,6000100,36058,60098,6300000,6300000
3,21,6300000,6300100,36058,60098,6600000,6600000
3,22,6600000,6600100,36058,60098,6900000,6900000
3,23,6900000,6900100,36058,60098,7200000,7200000
3,24,7200000,7200100,36058,60098,7500000,7500000
3,25,7500000,7500100,36058,60098,7800000,7800000
3,26,7800000,7800100,36058,60098,8100000,8100000
3,27,8100000,8100100,36058,60098,8400000,8400000
3,28,8400000,8400100,36058,60098,8700000,8700000
3,29,8700000,8700100,36058,60098,9000000,9000000
3,30,9000000,9000100,36058,60098,9300000,9300000
3,31,9300000,9300100,36058,60098,9600000,9600000
3,32,9600000,9600100,36058,60098,9900000,9900000
3,33,9900000,9900100,36058,60098,10200000,10200000
3,34,10200000,10200100,36058,60098,10500000,10500000
3,35,10500000,10500100,36058,60098,10800000,10800000
3,36,10800000,10800100,36058,60098,11100000,11100000
3,37,11100000,11100100,36058,60098,11400000,11400000
3,38,11400000,11400100,36058,60098,11700000,11700000
3,39,11700000,11700100,36058,60098,12000000,12000000
3,40,12000000,12000100,36058,60098,12300000,12300000
3,41,12300000,12300100,36058,60098,12600000,12600000
3,42,12600000,12600100,36058,60098,12900000,12900000
3,43,12900000,12900100,36058,60098,13200000,13200000
3,44,13200000,13200100,36058,60098,13500000,13500000
3,45,13500000,13500100,36058,60098,13800000,13800000
3,46,13800000,13800100,36058,60098,14100000,14100000
3,47,14100000,14100100,36058,60098,14400000,14400000
3,48,14400000,14400100,36058,60098,14700000,14700000
3,49,14700000,14700100,36058,60098,15000000,15000000
3,50,15000000,15000100,36058,60098,15300000,15300000
3,51,15300000,15300100,36058,60098,15600000,15600000
3,52,15600000,15600100,36058,60098,15900000,15900000
3,53,15900000,15900100,36058,60098,16200000,16200000
3,54,16200000,16200100,36058,60098,16500000,16500000
3,55,16500000,16500100,36058,60098,16800000,16800000
3,56,16800000,16800100,36058,60098,17100000,17100000
3,57,17100000,17100100,36058,60098,17400000,17400000
3,58,17400000,17400100,36058,60098,17700000,17700000
3,59,17700000,17700100,36058,60098,18000000,18000000
3,60,18000000,18000100,36058,60098,18300000,18300000
3,61,18300000,18300100,36058,60098,18600000,18600000
3,62,18600000,18600100,36058,60098,18900000,18900000
3,63,18900000,18900100,36058,60098,19200000,19200000
3,64,19200000,19200100,36058,60098,19500000,19500000
3,65,19500000,19500100,36058,60098,19800000,19800000
3,66,19800000,19800100,36058,60098,20100000,20100000
3,67,20100000,20100100,36058,60098,20400000,20400000
3,68,20400000,20400100,36058,60098,20700000,20700000
3,69,20700000,20700100,36058,60098,21000000,21000000
3,70,21000000,21000100,36058,60098,21300000,21300000
3,71,21300000,21300100,36058,60098,21600000,21600000
3,72,21600000,21600100,36058,60098,21900000,21900000
3,73,21900000,21900100,36058,60098,22200000,22200000
3,74,22200000,22200100,36058,60098,22500000,22500000
3,75,22500000,22500100,36058,60098,22800000,22800000
3,76,22800000,22800100,36058,60098,23100000,23100000
3,77,23100000,23100100,36058,60098,23400000,23400000
3,78,23400000,23400100,36058,60098,23700000,23700000
3,79,23700000,23700100,36058,60098,24000000,24000000
3,80,24000000,24000100,36058,60098,24300000,24300000
3,81,24300000,24300100,36058,60098,24600000,24600000
3,82,24600000,24600100,36058,60098,24900000,24900000
3,83,24900000,24900100,36058,60098,25200000,25200000
3,84,25200000,25200100,36058,60098,25500000,25500000
3,85,25500000,25500100,36058,60098,25800000,25800000
3,86,25800000,25800100,36058,60098,26100000,26100000
3,87,26100000,26100100,36058,60098,26400000,26400000
3,88,26400000,26400100,36058,60098,26700000,26700000
3,89,26700000,26700100,36058,60098,27000000,27000000
3,90,27000000,27000100,36058,60098,27300000,27300000
3,91,27300000,27300100,36058,60098,27600000,27600000
3,92,27600000,27600100,36058,60098,27900000,27900000
3,93,27900000,27900100,36058,60098,28200000,28200000
3,94,28200000,28200100,36058,60098,28500000,28500000
3,95,28500000,28500100,36058,60098,28800000,28800000
3,96,28800000,28800100,36058,60098,29100000,29100000
3,97,29100000,29100100,36058,60098,29400000,29400000
3,98,29400000,29400100,36058,60098,29700000,29700000
3,99,29700000,29700100,36058,60098,30000000,30000000
3,100,30000000,30000100,36058,60098,30300000,30300000
3,101,30300000,30300100,36058,60098,30600000,30600000
3,102,30600000,30600100,36058,60098,30900000,30900000
3,103,30900000,30900100,36058,60098,31200000,31200000
3,104,31200000,31200100,36058,60098,31500000,31500000
3,105,31500000,31500100,36058,60098,31800000,31800000
3,106,31800000,31800100,36058,60098,32100000,32100000
3,107,32100000,32100100,36058,60098,32400000,32400000
3,108,32400000,32400100,36058,60098,32700000,32700000
3,109,32700000,32700100,36058,60098,33000000,33000000
3,110,33000000,33000100,36058,60098,33300000,33300000
3,111,33300000,33300100,36058,60098,33600000,33600000
3,112,33600000,33600100,36058,60098,33900000,33900000
3,113,33900000,33900100,36058,60098,34200000,34200000
3,114,34200000,34200100,36058,60098,34500000,34500000
3,115,34500000,34500100,36058,60098,34800000,34800000
3,116,34800000,34800100,36058,60098,35100000,35100000
3,117,35100000,35100100,36058,60098,35400000,35400000
3,118,35400000,35400100,36058,60098,35700000,35700000
3,119,35700000,35700100,36058,60098,36000000,36000000
3,120,36000000,36000100,36058,60098,36300000,36300000
3,121,36300000,36300100,36058,60098,36600000,36600000
3,122,36600000,36600100,36058,60098,36900000,36900000
3,123,36900000,36900100,36058,60098,37200000,37200000
3,124,37200000,37200100,36058,60098,37500000,37500000
3,125,37500000,37500100,36058,60098,37800000,37800000
3,126,37800000,37800100,36058,60098,38100000,38100000
3,127,38100000,38100100,36058,60098,38400000,38400000
3,128,38400000,38400100,36058,60098,38700000,38700000
3,129,38700000,38700100,36058,60098,39000000,39000000
3,130,39000000,39000100,36058,60098,39300000,39300000
3,131,39300000,39300100,36058,60098,39600000,39600000
3,132,39600000,39600100,36058,60098,39900000,39900000
3,133,39900000,39900100,36058,60098,40200000,40200000
3,134,40200000,40200100,36058,60098,40500000,40500000
3,135,40500000,40500100,36058,60098,40800000,40800000
3,136,40800000,40800100,36058,60098,41100000,41100000
3,137,41100000,41100100,36058,60098,41400000,41400000
3,138,41400000,41400100,36058,60098,41700000,41700000
3,139,41700000,41700100,36058,60098,42000000,42000000
3,140,42000000,42000100,36058,60098,42300000,42300000
3,141,42300000,42300100,36058,60098,42600000,42600000
3,142,42600000,42600100,36058,60098,42900000,42900000
3,143,42900000,42900100,36058,60098,43200000,43200000
3,144,43200000,43200100,36058,60098,43500000,43500000
3,145,43500000,43500100,36058,60098,43800000,43800000
3,146,43800000,43800100,36058,60098,44100000,44100000
3,147,44100000,44100100,36058,60098,44400000,44400000
3,148,44400000,44400100,36058,60098,44700000,44700000
3,149,44700000,44700100,36058,60098,45000000,45000000
3,150,45000000,45000100,36058,60098,45300000,45300000
3,151,45300000,45300100,36058,60098,45600000,45600000
3,152,45600000,45600100,36058,60098,45900000,45900000
3,153,45900000,45900100,36058,60098,46200000,46200000
3,154,46200000,46200100,36058,60098,46500000,46500000
3,155,46500000,46500100,36058,60098,46800000,46800000
3,156,46800000,46800100,36058,60098,47100000,47100000
3,157,47100000,47100100,36058,60098,47400000,47400000
3,158,47400000,47400100,36058,60098,47700000,47700000
3,159,47700000,47700100,36058,60098,48000000,48000000
3,160,48000000,48000100,36058,60098,48300000,48300000
3,161,48300000,48300100,36058,60098,48600000,48600000
3,162,48600000,48600100,36058,60098,48900000,48900000
3,163,48900000,48900100,36058,60098,49200000,49200000
3,164,49200000,49200100,36058,60098,49500000,49500000
3,165,49500000,49500100,36058,60098,49800000,49800000
3,166,49800000,49800100,36058,60098,50100000,50100000
3,167,50100000,50100100,36058,60098,50400000,50400000
3,168,50400000,50400100,36058,60098,50700000,50700000
3,169,50700000,50700100,36058,60098,51000000,51000000
3,170,51000000,51000100,36058,60098,51300000,51300000
3,171,51300000,51300100,36058,60098,51600000,51600000
3,172,51600000,51600100,36058,60098,51900000,51900000
3,173,51900000,51900100,36058,60098,52200000,52200000
3,174,52200000,52200100,36058,60098,52500000,52500000
3,175,52500000,52500100,36058,60098,52800000,52800000
3,176,52800000,52800100,36058,60098,53100000,53100000
3,177,53100000,53100100,36058,60098,53400000,53400000
3,178,53400000,53400100,36058,60098,53700000,53700000
3,179,53700000,53700100,36058,60098,54000000,54000000
3,180,54000000,54000100,36058,60098,54300000,54300000
3,181,54300000,54300100,36058,60098,54600000,54600000
3,182,54600000,54600100,36058,60098,54900000,54900000
3,183,54900000,54900100,36058,60098,55200000,55200000
3,184,55200000,55200100,36058,60098,55500000,55500000
3,185,55500000,55500100,36058,60098,55800000,55800000
3,186,55800000,55800100,36058,60098,56100000,56100000
3,187,56100000,56100100,36058,60098,56400000,56400000
3,188,56400000,56400100,36058,60098,56700000,56700000
3,189,56700000,56700100,36058,60098,57000000,57000000
3,190,57000000,57000100,36058,60098,57300000,57300000
3,191,57300000,57300100,36058,60098,57600000,57600000
3,192,57600000,57600100,36058,60098,57900000,57900000
3,193,57900000,57900100,36058,60098,58200000,58200000
3,194,58200000,58200100,36058,60098,58500000,58500000
3,195,58500000,58500100,36058,60098,58800000,58800000
3,196,58800000,58800100,36058,60098,59100000,59100000
3,197,59100000,59100100,36058,60098,59400000,59400000
3,198,59400000,59400100,36058,60098,59700000,59700000
3,199,59700000,59700100,36058,60098,60000000,60000000
3,200,60000000,60000100,36058,60098,60300000,60300000
3,201,60300000,60300100,36058,60098,60600000,60600000
3,202,60600000,60600100,36058,60098,60900000,60900000
3,203,60900000,60900100,36058,60098,61200000,61200000
3,204,61200000,61200100,36058,60098,61500000,61500000
3,205,61500000,61500100,36058,60098,61800000,61800000
3,206,61800000,61800100,36058,60098,62100000,62100000
3,207,62100000,62100100,36058,60098,62400000,62400000
3,208,62400000,62400100,36058,60098,62700000,62700000
3,209,62700000,62700100,36058,60098,63000000,63000000
3,210,63000000,63000100,36058,60098,63300000,63300000
3,211,63300000,63300100,36058,60098,63600000,63600000
3,212,63600000,63600100,36058,60098,63900000,63900000
3,213,63900000,63900100,36058,60098,64200000,64200000
3,214,64200000,64200100,36058,60098,64500000,64500000
3,215,64500000,64500100,36058,60098,64800000,64800000
3,216,64800000,64800100,36058,60098,65100000,65100000
3,217,65100000,65100100,36058,60098,65400000,65400000
3,218,65400000,65400100,36058,60098,65700000,65700000
3,219,65700000,65700100,36058,60098,66000000,66000000
4,0,0,100,34772,57954,400000,400000
4,1,400000,400100,34772,57954,800000,800000
4,2,800000,800100,34772,57954,1200000,1200000
4,3,1200000,1200100,34772,57954,1600000,1600000
4,4,1600000,1600100,34772,57954,2000000,2000000
4,5,2000000,2000100,34772,57954,2400000,2400000
4,6,2400000,2400100,34772,57954,2800000,2800000
4,7,2800000,2800100,34772,57954,3200000,3200000
4,8,3200000,3200100,34772,57954,3600000,3600000
4,9,3600000,3600100,34772,57954,4000000,4000000
4,10,4000000,4000100,34772,57954,4400000,4400000
4,11,4400000,4400100,34772,57954,4800000,4800000
4,12,4800000,4800100,34772,57954,5200000,5200000
4,13,5200000,5200100,34772,57954,5600000,5600000
4,14,5600000,5600100,34772,57954,6000000,6000000
4,15,6000000,6000100,34772,57954,6400000,6400000
4,16,6400000,6400100,34772,57954,6800000,6800000
4,17,6800000,6800100,34772,57954,7200000,7200000
4,18,7200000,7200100,34772,57954,7600000,7600000
4,19,7600000,7600100,34772,57954,8000000,8000000
4,20,8000000,8000100,34772,57954,8400000,8400000
4,21,8400000,8400100,34772,57954,8800000,8800000
4,22,8800000,8800100,34772,57954,9200000,9200000
4,23,9200000,9200100,34772,57954,9600000,9600000
4,24,9600000,9600100,34772,57954,10000000,10000000
4,25,10000000,10000100,34772,57954,10400000,10400000
4,26,10400000,10400100,34772,57954,10800000,10800000
4,27,10800000,10800100,34772,57954,11200000,11200000
4,28,11200000,11200100,34772,57954,11600000,11600000
4,29,11600000,11600100,34772,57954,12000000,12000000
4,30,12000000,12000100,34772,57954,12400000,12400000
4,31,12400000,12400100,34772,57954,12800000,12800000
4,32,12800000,12800100,34772,57954,13200000,13200000
4,33,13200000,13200100,34772,57954,13600000,13600000
4,34,13600000,13600100,34772,57954,14000000,14000000
4,35,14000000,14000100,34772,57954,14400000,14400000
4,36,14400000,14400100,34772,57954,14800000,14800000
4,37,14800000,14800100,34772,57954,15200000,15200000
4,38,15200000,15200100,34772,57954,15600000,15600000
4,39,15600000,15600100,34772,57954,16000000,16000000
4,40,16000000,16000100,34772,57954,16400000,16400000
4,41,16400000,16400100,34772,57954,16800000,16800000
4,42,16800000,16800100,34772,57954,17200000,17200000
4,43,17200000,17200100,34772,57954,17600000,17600000
4,44,17600000,17600100,34772,57954,18000000,18000000
4,45,18000000,18000100,34772,57954,18400000,18400000
4,46,18400000,18400100,34772,57954,18800000,18800000
4,47,18800000,18800100,34772,57954,19200000,19200000
4,48,19200000,19200100,34772,57954,19600000,19600000
4,49,19600000,19600100,34772,57954,20000000,20000000
4,50,20000000,20000100,34772,57954,20400000,20400000
4,51,20400000,20400100,34772,57954,20800000,20800000
4,52,20800000,20800100,34772,57954,21200000,21200000
4,53,21200000,21200100,34772,57954,21600000,21600000
4,54,21600000,21600100,34772,57954,22000000,22000000
4,55,22000000,22000100,34772,57954,22400000,22400000
4,56,22400000,22400100,34772,57954,22800000,22800000
4,57,22800000,22800100,34772,57954,23200000,23200000
4,58,23200000,23200100,34772,57954,23600000,23600000
4,59,23600000,23600100,34772,57954,24000000,24000000
4,60,24000000,24000100,34772,57954,24400000,24400000
4,61,24400000,24400100,34772,57954,24800000,24800000
4,62,24800000,24800100,34772,57954,25200000,25200000
4,63,25200000,25200100,34772,57954,25600000,25600000
4,64,25600000,25600100,34772,57954,26000000,26000000
4,65,26000000,26000100,34772,57954,26400000,26400000
4,66,26400000,26400100,34772,57954,26800000,26800000
4,67,26800000,26800100,34772,57954,27200000,27200000
4,68,27200000,27200100,34772,57954,27600000,27600000
4,69,27600000,27600100,34772,57954,28000000,28000000
4,70,28000000,28000100,34772,57954,28400000,28400000
4,71,28400000,28400100,34772,57954,28800000,28800000
4,72,28800000,28800100,34772,57954,29200000,29200000
4,73,29200000,29200100,34772,57954,29600000,29600000
4,74,29600000,29600100,34772,57954,30000000,30000000
4,75,30000000,30000100,34772,57954,30400000,30400000
4,76,30400000,30400100,34772,57954,30800000,30800000
4,77,30800000,30800100,34772,57954,31200000,31200000
4,78,31200000,31200100,34772,57954,31600000,31600000
4,79,31600000,31600100,34772,57954,32000000,32000000
4,80,32000000,32000100,34772,57954,32400000,32400000
4,81,32400000,32400100,34772,57954,32800000,32800000
4,82,32800000,32800100,34772,57954,33200000,33200000
4,83,33200000,33200100,34772,57954,33600000,33600000
4,84,33600000,33600100,34772,57954,34000000,34000000
4,85,34000000,34000100,34772,57954,34400000,34400000
4,86,34400000,34400100,34772,57954,34800000,34800000
4,87,34800000,34800100,34772,57954,35200000,35200000
4,88,35200000,35200100,34772,57954,35600000,35600000
4,89,35600000,35600100,34772,57954,36000000,36000000
4,90,36000000,36000100,34772,57954,36400000,36400000
4,91,36400000,36400100,34772,57954,36800000,36800000
4,92,36800000,36800100,34772,57954,37200000,37200000
4,93,37200000,37200100,34772,57954,37600000,37600000
4,94,37600000,37600100,34772,57954,38000000,38000000
4,95,38000000,38000100,34772,57954,38400000,38400000
4,96,38400000,38400100,34772,57954,38800000,38800000
4,97,38800000,38800100,34772,57954,39200000,39200000
4,98,39200000,39200100,34772,57954,39600000,39600000
4,99,39600000,39600100,34772,57954,40000000,40000000
4,100,40000000,40000100,34772,57954,40400000,40400000
4,101,40400000,40400100,34772,57954,40800000,40800000
4,102,40800000,40800100,34772,57954,41200000,41200000
4,103,41200000,41200100,34772,57954,41600000,41600000
4,104,41600000,41600100,34772,57954,42000000,42000000
4,105,42000000,42000100,34772,57954,42400000,42400000
4,106,42400000,42400100,34772,57954,42800000,42800000
4,107,42800000,42800100,34772,57954,43200000,43200000
4,108,43200000,43200100,34772,57954,43600000,43600000
4,109,43600000,43600100,34772,57954,44000000,44000000
4,110,44000000,44000100,34772,57954,44400000,44400000
4,111,44400000,44400100,34772,57954,44800000,44800000
4,112,44800000,44800100,34772,57954,45200000,45200000
4,113,45200000,45200100,34772,57954,45600000,45600000
4,114,45600000,45600100,34772,57954,46000000,46000000
4,115,46000000,46000100,34772,57954,46400000,46400000
4,116,46400000,46400100,34772,57954,46800000,46800000
4,117,46800000,46800100,34772,57954,47200000,47200000
4,118,47200000,47200100,34772,57954,47600000,47600000
4,119,47600000,47600100,34772,57954,48000000,48000000
4,120,48000000,48000100,34772,57954,48400000,48400000
4,121,48400000,48400100,34772,57954,48800000,48800000
4,122,48800000,48800100,34772,57954,49200000,49200000
4,123,49200000,49200100,34772,57954,49600000,49600000
4,124,49600000,49600100,34772,57954,50000000,50000000
4,125,50000000,50000100,34772,57954,50400000,50400000
4,126,50400000,50400100,34772,57954,50800000,50800000
4,127,50800000,50800100,34772,57954,51200000,51200000
4,128,51200000,51200100,34772,57954,51600000,51600000
4,129,51600000,51600100,34772,57954,52000000,52000000
4,130,52000000,52000100,34772,57954,52400000,52400000
4,131,52400000,52400100,34772,57954,52800000,52800000
4,132,52800000,52800100,34772,57954,53200000,53200000
4,133,53200000,53200100,34772,57954,53600000,53600000
4,134,53600000,53600100,34772,57954,54000000,54000000
4,135,54000000,54000100,34772,57954,54400000,54400000
4,136,54400000,54400100,34772,57954,54800000,54800000
4,137,54800000,54800100,34772,57954,55200000,55200000
4,138,55200000,55200100,34772,57954,55600000,55600000
4,139,55600000,55600100,34772,57954,56000000,56000000
4,140,56000000,56000100,34772,57954,56400000,56400000
4,141,56400000,56400100,34772,57954,56800000,56800000
4,142,56800000,56800100,34772,57954,57200000,57200000
4,143,57200000,57200100,34772,57954,57600000,57600000
4,144,57600000,57600100,34772,57954,58000000,58000000
4,145,58000000,58000100,34772,57954,58400000,58400000
4,146,58400000,58400100,34772,57954,58800000,58800000
4,147,58800000,58800100,34772,57954,59200000,59200000
4,148,59200000,59200100,34772,57954,59600000,59600000
4,149,59600000,59600100,34772,57954,60000000,60000000
4,150,60000000,60000100,34772,57954,60400000,60400000
4,151,60400000,60400100,34772,57954,60800000,60800000
4,152,60800000,60800100,34772,57954,61200000,61200000
4,153,61200000,61200100,34772,57954,61600000,61600000
4,154,61600000,61600100,34772,57954,62000000,62000000
4,155,62000000,62000100,34772,57954,62400000,62400000
4,156,62400000,62400100,34772,57954,62800000,62800000
4,157,62800000,62800100,34772,57954,63200000,63200000
4,158,63200000,63200100,34772,57954,63600000,63600000
4,159,63600000,63600100,34772,57954,64000000,64000000
4,160,64000000,64000100,34772,57954,64400000,64400000
4,161,64400000,64400100,34772,57954,64800000,64800000
4,162,64800000,64800100,34772,57954,65200000,65200000
4,163,65200000,65200100,34772,57954,65600000,65600000
4,164,65600000,65600100,34772,57954,66000000,66000000
5,0,0,100,48090,80150,400000,400000
5,1,400000,400100,48090,80150,800000,800000
5,2,800000,800100,48090,80150,1200000,1200000
5,3,1200000,1200100,48090,80150,1600000,1600000
5,4,1600000,1600100,48090,80150,2000000,2000000
5,5,2000000,2000100,48090,80150,2400000,2400000
5,6,2400000,2400100,48090,80150,2800000,2800000
5,7,2800000,2800100,48090,80150,3200000,3200000
5,8,3200000,3200100,48090,80150,3600000,3600000
5,9,3600000,3600100,48090,80150,4000000,4000000
5,10,4000000,4000100,48090,80150,4400000,4400000
5,11,4400000,4400100,48090,80150,4800000,4800000
5,12,4800000,4800100,48090,80150,5200000,5200000
5,13,5200000,5200100,48090,80150,5600000,5600000
5,14,5600000,5600100,48090,80150,6000000,6000000
5,15,6000000,6000100,48090,80150,6400000,6400000
5,16,6400000,6400100,48090,80150,6800000,6800000
5,17,6800000,6800100,48090,80150,7200000,7200000
5,18,7200000,7200100,48090,80150,7600000,7600000
5,19,7600000,7600100,48090,80150,8000000,8000000
5,20,8000000,8000100,48090,80150,8400000,8400000
5,21,8400000,8400100,48090,80150,8800000,8800000
5,22,8800000,8800100,48090,80150,9200000,9200000
5,23,9200000,9200100,48090,80150,9600000,9600000
5,24,9600000,9600100,48090,80150,10000000,10000000
5,25,10000000,10000100,48090,80150,10400000,10400000
5,26,10400000,10400100,48090,80150,10800000,10800000
5,27,10800000,10800100,48090,80150,11200000,11200000
5,28,11200000,11200100,48090,80150,11600000,11600000
5,29,11600000,11600100,48090,80150,12000000,12000000
5,30,12000000,12000100,48090,80150,12400000,12400000
5,31,12400000,12400100,48090,80150,12800000,12800000
5,32,12800000,12800100,48090,80150,13200000,13200000
5,33,13200000,13200100,48090,80150,13600000,13600000
5,34,13600000,13600100,48090,80150,14000000,14000000
5,35,14000000,14000100,48090,80150,14400000,14400000
5,36,14400000,14400100,48090,80150,14800000,14800000
5,37,14800000,14800100,48090,80150,15200000,15200000
5,38,15200000,15200100,48090,80150,15600000,15600000
5,39,15600000,15600100,48090,80150,16000000,16000000
5,40,16000000,16000100,48090,80150,16400000,16400000
5,41,16400000,16400100,48090,80150,16800000,16800000
5,42,16800000,16800100,48090,80150,17200000,17200000
5,43,17200000,17200100,48090,80150,17600000,17600000
5,44,17600000,17600100,48090,80150,18000000,18000000
5,45,18000000,18000100,48090,80150,18400000,18400000
5,46,18400000,18400100,48090,80150,18800000,18800000
5,47,18800000,18800100,48090,80150,19200000,19200000
5,48,19200000,19200100,48090,80150,19600000,19600000
5,49,19600000,19600100,48090,80150,20000000,20000000
5,50,20000000,20000100,48090,80150,20400000,20400000
5,51,20400000,20400100,48090,80150,20800000,20800000
5,52,20800000,20800100,48090,80150,21200000,21200000
5,53,21200000,21200100,48090,80150,21600000,21600000
5,54,21600000,21600100,48090,80150,22000000,22000000
5,55,22000000,22000100,48090,80150,22400000,22400000
5,56,22400000,22400100,48090,80150,22800000,22800000
5,57,22800000,22800100,48090,80150,23200000,23200000
5,58,23200000,23200100,48090,80150,23600000,23600000
5,59,23600000,23600100,48090,80150,24000000,24000000
5,60,24000000,24000100,48090,80150,24400000,24400000
5,61,24400000,24400100,48090,80150,24800000,24800000
5,62,24800000,24800100,48090,80150,25200000,25200000
5,63,25200000,25200100,48090,80150,25600000,25600000
5,64,25600000,25600100,48090,80150,26000000,26000000
5,65,26000000,26000100,48090,80150,26400000,26400000
5,66,26400000,26400100,48090,80150,26800000,26800000
5,67,26800000,26800100,48090,80150,27200000,27200000
5,68,27200000,27200100,48090,80150,27600000,27600000
5,69,27600000,27600100,48090,80150,28000000,28000000
5,70,28000000,28000100,48090,80150,28400000,28400000
5,71,28400000,28400100,48090,80150,28800000,28800000
5,72,28800000,28800100,48090,80150,29200000,29200000
5,73,29200000,29200100,48090,80150,29600000,29600000
5,74,29600000,29600100,48090,80150,30000000,30000000
5,75,30000000,30000100,48090,80150,30400000,30400000
5,76,30400000,30400100,48090,80150,30800000,30800000
5,77,30800000,30800100,48090,80150,31200000,31200000
5,78,31200000,31200100,48090,80150,31600000,31600000
5,79,31600000,31600100,48090,80150,32000000,32000000
5,80,32000000,32000100,48090,80150,32400000,32400000
5,81,32400000,32400100,48090,80150,32800000,32800000
5,82,32800000,32800100,48090,80150,33200000,33200000
5,83,33200000,33200100,48090,80150,33600000,33600000
5,84,33600000,33600100,48090,80150,34000000,34000000
5,85,34000000,34000100,48090,80150,34400000,34400000
5,86,34400000,34400100,48090,80150,34800000,34800000
5,87,34800000,34800100,48090,80150,35200000,35200000
5,88,35200000,35200100,48090,80150,35600000,35600000
5,89,35600000,35600100,48090,80150,36000000,36000000
5,90,36000000,36000100,48090,80150,36400000,36400000
5,91,36400000,36400100,48090,80150,36800000,36800000
5,92,36800000,36800100,48090,80150,37200000,37200000
5,93,37200000,37200100,48090,80150,37600000,37600000
5,94,37600000,37600100,48090,80150,38000000,38000000
5,95,38000000,38000100,48090,80150,38400000,38400000
5,96,38400000,38400100,48090,80150,38800000,38800000
5,97,38800000,38800100,48090,80150,39200000,39200000
5,98,39200000,39200100,48090,80150,39600000,39600000
5,99,39600000,39600100,48090,80150,40000000,40000000
5,100,40000000,40000100,48090,80150,40400000,40400000
5,101,40400000,40400100,48090,80150,40800000,40800000
5,102,40800000,40800100,48090,80150,41200000,41200000
5,103,41200000,41200100,48090,80150,41600000,41600000
5,104,41600000,41600100,48090,80150,42000000,42000000
5,105,42000000,42000100,48090,80150,42400000,42400000
5,106,42400000,42400100,48090,80150,42800000,42800000
5,107,42800000,42800100,48090,80150,43200000,43200000
5,108,43200000,43200100,48090,80150,43600000,43600000
5,109,43600000,43600100,48090,80150,44000000,44000000
5,110,44000000,44000100,48090,80150,44400000,44400000
5,111,44400000,44400100,48090,80150,44800000,44800000
5,112,44800000,44800100,48090,80150,45200000,45200000
5,113,45200000,45200100,48090,80150,45600000,45600000
5,114,45600000,45600100,48090,80150,46000000,46000000
5,115,46000000,46000100,48090,80150,46400000,46400000
5,116,46400000,46400100,48090,80150,46800000,46800000
5,117,46800000,46800100,48090,80150,47200000,47200000
5,118,47200000,47200100,48090,80150,47600000,47600000
5,119,47600000,47600100,48090,80150,48000000,48000000
5,120,48000000,48000100,48090,80150,48400000,48400000
5,121,48400000,48400100,48090,80150,48800000,48800000
5,122,48800000,48800100,48090,80150,49200000,49200000
5,123,49200000,49200100,48090,80150,49600000,49600000
5,124,49600000,49600100,48090,80150,50000000,50000000
5,125,50000000,50000100,48090,80150,50400000,50400000
5,126,50400000,50400100,48090,80150,50800000,50800000
5,127,50800000,50800100,48090,80150,51200000,51200000
5,128,51200000,51200100,48090,80150,51600000,51600000
5,129,51600000,51600100,48090,80150,52000000,52000000
5,130,52000000,52000100,48090,80150,52400000,52400000
5,131,52400000,52400100,48090,80150,52800000,52800000
5,132,52800000,52800100,48090,80150,53200000,53200000
5,133,53200000,53200100,48090,80150,53600000,53600000
5,134,53600000,53600100,48090,80150,54000000,54000000
5,135,54000000,54000100,48090,80150,54400000,54400000
5,136,54400000,54400100,48090,80150,54800000,54800000
5,137,54800000,54800100,48090,80150,55200000,55200000
5,138,55200000,55200100,48090,80150,55600000,55600000
5,139,55600000,55600100,48090,80150,56000000,56000000
5,140,56000000,56000100,48090,80150,56400000,56400000
5,141,56400000,56400100,48090,80150,56800000,56800000
5,142,56800000,56800100,48090,80150,57200000,57200000
5,143,57200000,57200100,48090,80150,57600000,57600000
5,144,57600000,57600100,48090,80150,58000000,58000000
5,145,58000000,58000100,48090,80150,58400000,58400000
5,146,58400000,58400100,48090,80150,58800000,58800000
5,147,58800000,58800100,48090,80150,59200000,59200000
5,148,59200000,59200100,48090,80150,59600000,59600000
5,149,59600000,59600100,48090,80150,60000000,60000000
5,150,60000000,60000100,48090,80150,60400000,60400000
5,151,60400000,60400100,48090,80150,60800000,60800000
5,152,60800000,60800100,48090,80150,61200000,61200000
5,153,61200000,61200100,48090,80150,61600000,61600000
5,154,61600000,61600100,48090,80150,62000000,62000000
5,155,62000000,62000100,48090,80150,62400000,62400000
5,156,62400000,62400100,48090,80150,62800000,62800000
5,157,62800000,62800100,48090,80150,63200000,63200000
5,158,63200000,63200100,48090,80150,63600000,63600000
5,159,63600000,63600100,48090,80150,64000000,64000000
5,160,64000000,64000100,48090,80150,64400000,64400000
5,161,64400000,64400100,48090,80150,64800000,64800000
5,162,64800000,64800100,48090,80150,65200000,65200000
5,163,65200000,65200100,48090,80150,65600000,65600000
5,164,65600000,65600100,48090,80150,66000000,66000000
6,0,0,100,27069,45115,500000,500000
6,1,500000,500100,27069,45115,1000000,1000000
6,2,1000000,1000100,27069,45115,1500000,1500000
6,3,1500000,1500100,27069,45115,2000000,2000000
6,4,2000000,2000100,27069,45115,2500000,2500000
6,5,2500000,2500100,27069,45115,3000000,3000000
6,6,3000000,3000100,27069,45115,3500000,3500000
6,7,3500000,3500100,27069,45115,4000000,4000000
6,8,4000000,4000100,27069,45115,4500000,4500000
6,9,4500000,4500100,27069,45115,5000000,5000000
6,10,5000000,5000100,27069,45115,5500000,5500000
6,11,5500000,5500100,27069,45115,6000000,6000000
6,12,6000000,6000100,27069,45115,6500000,6500000
6,13,6500000,6500100,27069,45115,7000000,7000000
6,14,7000000,7000100,27069,45115,7500000,7500000
6,15,7500000,7500100,27069,45115,8000000,8000000
6,16,8000000,8000100,27069,45115,8500000,8500000
6,17,8500000,8500100,27069,45115,9000000,9000000
6,18,9000000,9000100,27069,45115,9500000,9500000
6,19,9500000,9500100,27069,45115,10000000,10000000
6,20,10000000,10000100,27069,45115,10500000,10500000
6,21,10500000,10500100,27069,45115,11000000,11000000
6,22,11000000,11000100,27069,45115,11500000,11500000
6,23,11500000,11500100,27069,45115,12000000,12000000
6,24,12000000,12000100,27069,45115,12500000,12500000
6,25,12500000,12500100,27069,45115,13000000,13000000
6,26,13000000,13000100,27069,45115,13500000,13500000
6,27,13500000,13500100,27069,45115,14000000,14000000
6,28,14000000,14000100,27069,45115,14500000,14500000
6,29,14500000,14500100,27069,45115,15000000,15000000
6,30,15000000,15000100,27069,45115,15500000,15500000
6,31,15500000,15500100,27069,45115,16000000,16000000
6,32,16000000,16000100,27069,45115,16500000,16500000
6,33,16500000,16500100,27069,45115,17000000,17000000
6,34,17000000,17000100,27069,45115,17500000,17500000
6,35,17500000,17500100,27069,45115,18000000,18000000
6,36,18000000,18000100,27069,45115,18500000,18500000
6,37,18500000,18500100,27069,45115,19000000,19000000
6,38,19000000,19000100,27069,45115,19500000,19500000
6,39,19500000,19500100,27069,45115,20000000,20000000
6,40,20000000,20000100,27069,45115,20500000,20500000
6,41,20500000,20500100,27069,45115,21000000,21000000
6,42,21000000,21000100,27069,45115,21500000,21500000
6,43,21500000,21500100,27069,45115,22000000,22000000
6,44,22000000,22000100,27069,45115,22500000,22500000
6,45,22500000,22500100,27069,45115,23000000,23000000
6,46,23000000,23000100,27069,45115,23500000,23500000
6,47,23500000,23500100,27069,45115,24000000,24000000
6,48,24000000,24000100,27069,45115,24500000,24500000
6,49,24500000,24500100,27069,45115,25000000,25000000
6,50,25000000,25000100,27069,45115,25500000,25500000
6,51,25500000,25500100,27069,45115,26000000,26000000
6,52,26000000,26000100,27069,45115,26500000,26500000
6,53,26500000,26500100,27069,45115,27000000,27000000
6,54,27000000,27000100,27069,45115,27500000,27500000
6,55,27500000,27500100,27069,45115,28000000,28000000
6,56,28000000,28000100,27069,45115,28500000,28500000
6,57,28500000,28500100,27069,45115,29000000,29000000
6,58,29000000,29000100,27069,45115,29500000,29500000
6,59,29500000,29500100,27069,45115,30000000,30000000
6,60,30000000,30000100,27069,45115,30500000,30500000
6,61,30500000,30500100,27069,45115,31000000,31000000
6,62,31000000,31000100,27069,45115,31500000,31500000
6,63,31500000,31500100,27069,45115,32000000,32000000
6,64,32000000,32000100,27069,45115,32500000,32500000
6,65,32500000,32500100,27069,45115,33000000,33000000
6,66,33000000,33000100,27069,45115,33500000,33500000
6,67,33500000,33500100,27069,45115,34000000,34000000
6,68,34000000,34000100,27069,45115,34500000,34500000
6,69,34500000,34500100,27069,45115,35000000,35000000
6,70,35000000,35000100,27069,45115,35500000,35500000
6,71,35500000,35500100,27069,45115,36000000,36000000
6,72,36000000,36000100,27069,45115,36500000,36500000
6,73,36500000,36500100,27069,45115,37000000,37000000
6,74,37000000,37000100,27069,45115,37500000,37500000
6,75,37500000,37500100,27069,45115,38000000,38000000
6,76,38000000,38000100,27069,45115,38500000,38500000
6,77,38500000,38500100,27069,45115,39000000,39000000
6,78,39000000,39000100,27069,45115,39500000,39500000
6,79,39500000,39500100,27069,45115,40000000,40000000
6,80,40000000,40000100,27069,45115,40500000,40500000
6,81,40500000,40500100,27069,45115,41000000,41000000
6,82,41000000,41000100,27069,45115,41500000,41500000
6,83,41500000,41500100,27069,45115,42000000,42000000
6,84,42000000,42000100,27069,45115,42500000,42500000
6,85,42500000,42500100,27069,45115,43000000,43000000
6,86,43000000,43000100,27069,45115,43500000,43500000
6,87,43500000,43500100,27069,45115,44000000,44000000
6,88,44000000,44000100,27069,45115,44500000,44500000
6,89,44500000,44500100,27069,45115,45000000,45000000
6,90,45000000,45000100,27069,45115,45500000,45500000
6,91,45500000,45500100,27069,45115,46000000,46000000
6,92,46000000,46000100,27069,45115,46500000,46500000
6,93,46500000,46500100,27069,45115,47000000,47000000
6,94,47000000,47000100,27069,45115,47500000,47500000
6,95,47500000,47500100,27069,45115,48000000,48000000
6,96,48000000,48000100,27069,45115,48500000,48500000
6,97,48500000,48500100,27069,45115,49000000,49000000
6,98,49000000,49000100,27069,45115,49500000,49500000
6,99,49500000,49500100,27069,45115,50000000,50000000
6,100,50000000,50000100,27069,45115,50500000,50500000
6,101,50500000,50500100,27069,45115,51000000,51000000
6,102,51000000,51000100,27069,45115,51500000,51500000
6,103,51500000,51500100,27069,45115,52000000,52000000
6,104,52000000,52000100,27069,45115,52500000,52500000
6,105,52500000,52500100,27069,45115,53000000,53000000
6,106,53000000,53000100,27069,45115,53500000,53500000
6,107,53500000,53500100,27069,45115,54000000,54000000
6,108,54000000,54000100,27069,45115,54500000,54500000
6,109,54500000,54500100,27069,45115,55000000,55000000
6,110,55000000,55000100,27069,45115,55500000,55500000
6,111,55500000,55500100,27069,45115,56000000,56000000
6,112,56000000,56000100,27069,45115,56500000,56500000
6,113,56500000,56500100,27069,45115,57000000,57000000
6,114,57000000,57000100,27069,45115,57500000,57500000
6,115,57500000,57500100,27069,45115,58000000,58000000
6,116,58000000,58000100,27069,45115,58500000,58500000
6,117,58500000,58500100,27069,45115,59000000,59000000
6,118,59000000,59000100,27069,45115,59500000,59500000
6,119,59500000,59500100,27069,45115,60000000,60000000
6,120,60000000,60000100,27069,45115,60500000,60500000
6,121,60500000,60500100,27069,45115,61000000,61000000
6,122,61000000,61000100,27069,45115,61500000,61500000
6,123,61500000,61500100,27069,45115,62000000,62000000
6,124,62000000,62000100,27069,45115,62500000,62500000
6,125,62500000,62500100,27069,45115,63000000,63000000
6,126,63000000,63000100,27069,45115,63500000,63500000
6,127,63500000,63500100,27069,45115,64000000,64000000
6,128,64000000,64000100,27069,45115,64500000,64500000
6,129,64500000,64500100,27069,45115,65000000,65000000
6,130,65000000,65000100,27069,45115,65500000,65500000
6,131,65500000,65500100,27069,45115,66000000,66000000
7,0,0,100,57273,95456,500000,500000
7,1,500000,500100,57273,95456,1000000,1000000
7,2,1000000,1000100,57273,95456,1500000,1500000
7,3,1500000,1500100,57273,95456,2000000,2000000
7,4,2000000,2000100,57273,95456,2500000,2500000
7,5,2500000,2500100,57273,95456,3000000,3000000
7,6,3000000,3000100,57273,95456,3500000,3500000
7,7,3500000,3500100,57273,95456,4000000,4000000
7,8,4000000,4000100,57273,95456,4500000,4500000
7,9,4500000,4500100,57273,95456,5000000,5000000
7,10,5000000,5000100,57273,95456,5500000,5500000
7,11,5500000,5500100,57273,95456,6000000,6000000
7,12,6000000,6000100,57273,95456,6500000,6500000
7,13,6500000,6500100,57273,95456,7000000,7000000
7,14,7000000,7000100,57273,95456,7500000,7500000
7,15,7500000,7500100,57273,95456,8000000,8000000
7,16,8000000,8000100,57273,95456,8500000,8500000
7,17,8500000,8500100,57273,95456,9000000,9000000
7,18,9000000,9000100,57273,95456,9500000,9500000
7,19,9500000,9500100,57273,95456,10000000,10000000
7,20,10000000,10000100,57273,95456,10500000,10500000
7,21,10500000,10500100,57273,95456,11000000,11000000
7,22,11000000,11000100,57273,95456,11500000,11500000
7,23,11500000,11500100,57273,95456,12000000,12000000
7,24,12000000,12000100,57273,95456,12500000,12500000
7,25,12500000,12500100,57273,95456,13000000,13000000
7,26,13000000,13000100,57273,95456,13500000,13500000
7,27,13500000,13500100,57273,95456,14000000,14000000
7,28,14000000,14000100,57273,95456,14500000,14500000
7,29,14500000,14500100,57273,95456,15000000,15000000
7,30,15000000,15000100,57273,95456,15500000,15500000
7,31,15500000,15500100,57273,95456,16000000,16000000
7,32,16000000,16000100,57273,95456,16500000,16500000
7,33,16500000,16500100,57273,95456,17000000,17000000
7,34,17000000,17000100,57273,95456,17500000,17500000
7,35,17500000,17500100,57273,95456,18000000,18000000
7,36,18000000,18000100,57273,95456,18500000,18500000
7,37,18500000,18500100,57273,95456,19000000,19000000
7,38,19000000,19000100,57273,95456,19500000,19500000
7,39,19500000,19500100,57273,95456,20000000,20000000
7,40,20000000,20000100,57273,95456,20500000,20500000
7,41,20500000,20500100,57273,95456,21000000,21000000
7,42,21000000,21000100,57273,95456,21500000,21500000
7,43,21500000,21500100,57273,95456,22000000,22000000
7,44,22000000,22000100,57273,95456,22500000,22500000
7,45,22500000,22500100,57273,95456,23000000,23000000
7,46,23000000,23000100,57273,95456,23500000,23500000
7,47,23500000,23500100,57273,95456,24000000,24000000
7,48,24000000,24000100,57273,95456,24500000,24500000
7,49,24500000,24500100,57273,95456,25000000,25000000
7,50,25000000,25000100,57273,95456,25500000,25500000
7,51,25500000,25500100,57273,95456,26000000,26000000
7,52,26000000,26000100,57273,95456,26500000,26500000
7,53,26500000,26500100,57273,95456,27000000,27000000
7,54,27000000,27000100,57273,95456,27500000,27500000
7,55,27500000,27500100,57273,95456,28000000,28000000
7,56,28000000,28000100,57273,95456,28500000,28500000
7,57,28500000,28500100,57273,95456,29000000,29000000
7,58,29000000,29000100,57273,95456,29500000,29500000
7,59,29500000,29500100,57273,95456,30000000,30000000
7,60,30000000,30000100,57273,95456,30500000,30500000
7,61,30500000,30500100,57273,95456,31000000,31000000
7,62,31000000,31000100,57273,95456,31500000,31500000
7,63,31500000,31500100,57273,95456,32000000,32000000
7,64,32000000,32000100,57273,95456,32500000,32500000
7,65,32500000,32500100,57273,95456,33000000,33000000
7,66,33000000,33000100,57273,95456,33500000,33500000
7,67,33500000,33500100,57273,95456,34000000,34000000
7,68,34000000,34000100,57273,95456,34500000,34500000
7,69,34500000,34500100,57273,95456,35000000,35000000
7,70,35000000,35000100,57273,95456,35500000,35500000
7,71,35500000,35500100,57273,95456,36000000,36000000
7,72,36000000,36000100,57273,95456,36500000,36500000
7,73,36500000,36500100,57273,95456,37000000,37000000
7,74,37000000,37000100,57273,95456,37500000,37500000
7,75,37500000,37500100,57273,95456,38000000,38000000
7,76,38000000,38000100,57273,95456,38500000,38500000
7,77,38500000,38500100,57273,95456,39000000,39000000
7,78,39000000,39000100,57273,95456,39500000,39500000
7,79,39500000,39500100,57273,95456,40000000,40000000
7,80,40000000,40000100,57273,95456,40500000,40500000
7,81,40500000,40500100,57273,95456,41000000,41000000
7,82,41000000,41000100,57273,95456,41500000,41500000
7,83,41500000,41500100,57273,95456,42000000,42000000
7,84,42000000,42000100,57273,95456,42500000,42500000
7,85,42500000,42500100,57273,95456,43000000,43000000
7,86,43000000,43000100,57273,95456,43500000,43500000
7,87,43500000,43500100,57273,95456,44000000,44000000
7,88,44000000,44000100,57273,95456,44500000,44500000
7,89,44500000,44500100,57273,95456,45000000,45000000
7,90,45000000,45000100,57273,95456,45500000,45500000
7,91,45500000,45500100,57273,95456,46000000,46000000
7,92,46000000,46000100,57273,95456,46500000,46500000
7,93,46500000,46500100,57273,95456,47000000,47000000
7,94,47000000,47000100,57273,95456,47500000,47500000
7,95,47500000,47500100,57273,95456,48000000,48000000
7,96,48000000,48000100,57273,95456,48500000,48500000
7,97,48500000,48500100,57273,95456,49000000,49000000
7,98,49000000,49000100,57273,95456,49500000,49500000
7,99,49500000,49500100,57273,95456,50000000,50000000
7,100,50000000,50000100,57273,95456,50500000,50500000
7,101,50500000,50500100,57273,95456,51000000,51000000
7,102,51000000,51000100,57273,95456,51500000,51500000
7,103,51500000,51500100,57273,95456,52000000,52000000
7,104,52000000,52000100,57273,95456,52500000,52500000
7,105,52500000,52500100,57273,95456,53000000,53000000
7,106,53000000,53000100,57273,95456,53500000,53500000
7,107,53500000,53500100,57273,95456,54000000,54000000
7,108,54000000,54000100,57273,95456,54500000,54500000
7,109,54500000,54500100,57273,95456,55000000,55000000
7,110,55000000,55000100,57273,95456,55500000,55500000
7,111,55500000,55500100,57273,95456,56000000,56000000
7,112,56000000,56000100,57273,95456,56500000,56500000
7,113,56500000,56500100,57273,95456,57000000,57000000
7,114,57000000,57000100,57273,95456,57500000,57500000
7,115,57500000,57500100,57273,95456,58000000,58000000
7,116,58000000,58000100,57273,95456,58500000,58500000
7,117,58500000,58500100,57273,95456,59000000,59000000
7,118,59000000,59000100,57273,95456,59500000,59500000
7,119,59500000,59500100,57273,95456,60000000,60000000
7,120,60000000,60000100,57273,95456,60500000,60500000
7,121,60500000,60500100,57273,95456,61000000,61000000
7,122,61000000,61000100,57273,95456,61500000,61500000
7,123,61500000,61500100,57273,95456,62000000,62000000
7,124,62000000,62000100,57273,95456,62500000,62500000
7,125,62500000,62500100,57273,95456,63000000,63000000
7,126,63000000,63000100,57273,95456,63500000,63500000
7,127,63500000,63500100,57273,95456,64000000,64000000
7,128,64000000,64000100,57273,95456,64500000,64500000
7,129,64500000,64500100,57273,95456,65000000,65000000
7,130,65000000,65000100,57273,95456,65500000,65500000
7,131,65500000,65500100,57273,95456,66000000,66000000
8,0,0,100,65941,109902,550000,550000
8,1,550000,550100,65941,109902,1100000,1100000
8,2,1100000,1100100,65941,109902,1650000,1650000
8,3,1650000,1650100,65941,109902,2200000,2200000
8,4,2200000,2200100,65941,109902,2750000,2750000
8,5,2750000,2750100,65941,109902,3300000,3300000
8,6,3300000,3300100,65941,109902,3850000,3850000
8,7,3850000,3850100,65941,109902,4400000,4400000
8,8,4400000,4400100,65941,109902,4950000,4950000
8,9,4950000,4950100,65941,109902,5500000,5500000
8,10,5500000,5500100,65941,109902,6050000,6050000
8,11,6050000,6050100,65941,109902,6600000,6600000
8,12,6600000,6600100,65941,109902,7150000,7150000
8,13,7150000,7150100,65941,109902,7700000,7700000
8,14,7700000,7700100,65941,109902,8250000,8250000
8,15,8250000,8250100,65941,109902,8800000,8800000
8,16,8800000,8800100,65941,109902,9350000,9350000
8,17,9350000,9350100,65941,109902,9900000,9900000
8,18,9900000,9900100,65941,109902,10450000,10450000
8,19,10450000,10450100,65941,109902,11000000,11000000
8,20,11000000,11000100,65941,109902,11550000,11550000
8,21,11550000,11550100,65941,109902,12100000,12100000
8,22,12100000,12100100,65941,109902,12650000,12650000
8,23,12650000,12650100,65941,109902,13200000,13200000
8,24,13200000,13200100,65941,109902,13750000,13750000
8,25,13750000,13750100,65941,109902,14300000,14300000
8,26,14300000,14300100,65941,109902,14850000,14850000
8,27,14850000,14850100,65941,109902,15400000,15400000
8,28,15400000,15400100,65941,109902,15950000,15950000
8,29,15950000,15950100,65941,109902,16500000,16500000
8,30,16500000,16500100,65941,109902,17050000,17050000
8,31,17050000,17050100,65941,109902,17600000,17600000
8,32,17600000,17600100,65941,109902,18150000,18150000
8,33,18150000,18150100,65941,109902,18700000,18700000
8,34,18700000,18700100,65941,109902,19250000,19250000
8,35,19250000,19250100,65941,109902,19800000,19800000
8,36,19800000,19800100,65941,109902,20350000,20350000
8,37,20350000,20350100,65941,109902,20900000,20900000
8,38,20900000,20900100,65941,109902,21450000,21450000
8,39,21450000,21450100,65941,109902,22000000,22000000
8,40,22000000,22000100,65941,109902,22550000,22550000
8,41,22550000,22550100,65941,109902,23100000,23100000
8,42,23100000,23100100,65941,109902,23650000,23650000
8,43,23650000,23650100,65941,109902,24200000,24200000
8,44,24200000,24200100,65941,109902,24750000,24750000
8,45,24750000,24750100,65941,109902,25300000,25300000
8,46,25300000,25300100,65941,109902,25850000,25850000
8,47,25850000,25850100,65941,109902,26400000,26400000
8,48,26400000,26400100,65941,109902,26950000,26950000
8,49,26950000,26950100,65941,109902,27500000,27500000
8,50,27500000,27500100,65941,109902,28050000,28050000
8,51,28050000,28050100,65941,109902,28600000,28600000
8,52,28600000,28600100,65941,109902,29150000,29150000
8,53,29150000,29150100,65941,109902,29700000,29700000
8,54,29700000,29700100,65941,109902,30250000,30250000
8,55,30250000,30250100,65941,109902,30800000,30800000
8,56,30800000,30800100,65941,109902,31350000,31350000
8,57,31350000,31350100,65941,109902,31900000,31900000
8,58,31900000,31900100,65941,109902,32450000,32450000
8,59,32450000,32450100,65941,109902,33000000,33000000
8,60,33000000,33000100,65941,109902,33550000,33550000
8,61,33550000,33550100,65941,109902,34100000,34100000
8,62,34100000,34100100,65941,109902,34650000,34650000
8,63,34650000,34650100,65941,109902,35200000,35200000
8,64,35200000,35200100,65941,109902,35750000,35750000
8,65,35750000,35750100,65941,109902,36300000,36300000
8,66,36300000,36300100,65941,109902,36850000,36850000
8,67,36850000,36850100,65941,109902,37400000,37400000
8,68,37400000,37400100,65941,109902,37950000,37950000
8,69,37950000,37950100,65941,109902,38500000,38500000
8,70,38500000,38500100,65941,109902,39050000,39050000
8,71,39050000,39050100,65941,109902,39600000,39600000
8,72,39600000,39600100,65941,109902,40150000,40150000
8,73,40150000,40150100,65941,109902,40700000,40700000
8,74,40700000,40700100,65941,109902,41250000,41250000
8,75,41250000,41250100,65941,109902,41800000,41800000
8,76,41800000,41800100,65941,109902,42350000,42350000
8,77,42350000,42350100,65941,109902,42900000,42900000
8,78,42900000,42900100,65941,109902,43450000,43450000
8,79,43450000,43450100,65941,109902,44000000,44000000
8,80,44000000,44000100,65941,109902,44550000,44550000
8,81,44550000,44550100,65941,109902,45100000,45100000
8,82,45100000,45100100,65941,109902,45650000,45650000
8,83,45650000,45650100,65941,109902,46200000,46200000
8,84,46200000,46200100,65941,109902,46750000,46750000
8,85,46750000,46750100,65941,109902,47300000,47300000
8,86,47300000,47300100,65941,109902,47850000,47850000
8,87,47850000,47850100,65941,109902,48400000,48400000
8,88,48400000,48400100,65941,109902,48950000,48950000
8,89,48950000,48950100,65941,109902,49500000,49500000
8,90,49500000,49500100,65941,109902,50050000,50050000
8,91,50050000,50050100,65941,109902,50600000,50600000
8,92,50600000,50600100,65941,109902,51150000,51150000
8,93,51150000,51150100,65941,109902,51700000,51700000
8,94,51700000,51700100,65941,109902,52250000,52250000
8,95,52250000,52250100,65941,109902,52800000,52800000
8,96,52800000,52800100,65941,109902,53350000,53350000
8,97,53350000,53350100,65941,109902,53900000,53900000
8,98,53900000,53900100,65941,109902,54450000,54450000
8,99,54450000,54450100,65941,109902,55000000,55000000
8,100,55000000,55000100,65941,109902,55550000,55550000
8,101,55550000,55550100,65941,109902,56100000,56100000
8,102,56100000,56100100,65941,109902,56650000,56650000
8,103,56650000,56650100,65941,109902,57200000,57200000
8,104,57200000,57200100,65941,109902,57750000,57750000
8,105,57750000,57750100,65941,109902,58300000,58300000
8,106,58300000,58300100,65941,109902,58850000,58850000
8,107,58850000,58850100,65941,109902,59400000,59400000
8,108,59400000,59400100,65941,109902,59950000,59950000
8,109,59950000,59950100,65941,109902,60500000,60500000
8,110,60500000,60500100,65941,109902,61050000,61050000
8,111,61050000,61050100,65941,109902,61600000,61600000
8,112,61600000,61600100,65941,109902,62150000,62150000
8,113,62150000,62150100,65941,109902,62700000,62700000
8,114,62700000,62700100,65941,109902,63250000,63250000
8,115,63250000,63250100,65941,109902,63800000,63800000
8,116,63800000,63800100,65941,109902,64350000,64350000
8,117,64350000,64350100,65941,109902,64900000,64900000
8,118,64900000,64900100,65941,109902,65450000,65450000
8,119,65450000,65450100,65941,109902,66000000,66000000
