Task ID,Job ID,Arrival min,Arrival max,Cost min,Cost max,Deadline,Priority
0,0,0,100,21088,35148,100000,100000
0,1,100000,100100,21088,35148,200000,200000
0,2,200000,200100,21088,35148,300000,300000
0,3,300000,300100,21088,35148,400000,400000
0,4,400000,400100,21088,35148,500000,500000
0,5,500000,500100,21088,35148,600000,600000
0,6,600000,600100,21088,35148,700000,700000
0,7,700000,700100,21088,35148,800000,800000
0,8,800000,800100,21088,35148,900000,900000
0,9,900000,900100,21088,35148,1000000,1000000
0,10,1000000,1000100,21088,35148,1100000,1100000
0,11,1100000,1100100,21088,35148,1200000,1200000
0,12,1200000,1200100,21088,35148,1300000,1300000
0,13,1300000,1300100,21088,35148,1400000,1400000
0,14,1400000,1400100,21088,35148,1500000,1500000
0,15,1500000,1500100,21088,35148,1600000,1600000
0,16,1600000,1600100,21088,35148,1700000,1700000
0,17,1700000,1700100,21088,35148,1800000,1800000
0,18,1800000,1800100,21088,35148,1900000,1900000
0,19,1900000,1900100,21088,35148,2000000,2000000
0,20,2000000,2000100,21088,35148,2100000,2100000
0,21,2100000,2100100,21088,35148,2200000,2200000
0,22,2200000,2200100,21088,35148,2300000,2300000
0,23,2300000,2300100,21088,35148,2400000,2400000
0,24,2400000,2400100,21088,35148,2500000,2500000
0,25,2500000,2500100,21088,35148,2600000,2600000
0,26,2600000,2600100,21088,35148,2700000,2700000
0,27,2700000,2700100,21088,35148,2800000,2800000
0,28,2800000,2800100,21088,35148,2900000,2900000
0,29,2900000,2900100,21088,35148,3000000,3000000
0,30,3000000,3000100,21088,35148,3100000,3100000
0,31,3100000,3100100,21088,35148,3200000,3200000
0,32,3200000,3200100,21088,35148,3300000,3300000
0,33,3300000,3300100,21088,35148,3400000,3400000
0,34,3400000,3400100,21088,35148,3500000,3500000
0,35,3500000,3500100,21088,35148,3600000,3600000
0,36,3600000,3600100,21088,35148,3700000,3700000
0,37,3700000,3700100,21088,35148,3800000,3800000
0,38,3800000,3800100,21088,35148,3900000,3900000
0,39,3900000,3900100,21088,35148,4000000,4000000
0,40,4000000,4000100,21088,35148,4100000,4100000
0,41,4100000,4100100,21088,35148,4200000,4200000
0,42,4200000,4200100,21088,35148,4300000,4300000
0,43,4300000,4300100,21088,35148,4400000,4400000
0,44,4400000,4400100,21088,35148,4500000,4500000
0,45,4500000,4500100,21088,35148,4600000,4600000
0,46,4600000,4600100,21088,35148,4700000,4700000
0,47,4700000,4700100,21088,35148,4800000,4800000
0,48,4800000,4800100,21088,35148,4900000,4900000
0,49,4900000,4900100,21088,35148,5000000,5000000
0,50,5000000,5000100,21088,35148,5100000,5100000
0,51,5100000,5100100,21088,35148,5200000,5200000
0,52,5200000,5200100,21088,35148,5300000,5300000
0,53,5300000,5300100,21088,35148,5400000,5400000
0,54,5400000,5400100,21088,35148,5500000,5500000
0,55,5500000,5500100,21088,35148,5600000,5600000
0,56,5600000,5600100,21088,35148,5700000,5700000
0,57,5700000,5700100,21088,35148,5800000,5800000
0,58,5800000,5800100,21088,35148,5900000,5900000
0,59,5900000,5900100,21088,35148,6000000,6000000
0,60,6000000,6000100,21088,35148,6100000,6100000
0,61,6100000,6100100,21088,35148,6200000,6200000
0,62,6200000,6200100,21088,35148,6300000,6300000
0,63,6300000,6300100,21088,35148,6400000,6400000
0,64,6400000,6400100,21088,35148,6500000,6500000
0,65,6500000,6500100,21088,35148,6600000,6600000
0,66,6600000,6600100,21088,35148,6700000,6700000
0,67,6700000,6700100,21088,35148,6800000,6800000
0,68,6800000,6800100,21088,35148,6900000,6900000
0,69,6900000,6900100,21088,35148,7000000,7000000
0,70,7000000,7000100,21088,35148,7100000,7100000
0,71,7100000,7100100,21088,35148,7200000,7200000
0,72,7200000,7200100,21088,35148,7300000,7300000
0,73,7300000,7300100,21088,35148,7400000,7400000
0,74,7400000,7400100,21088,35148,7500000,7500000
0,75,7500000,7500100,21088,35148,7600000,7600000
0,76,7600000,7600100,21088,35148,7700000,7700000
0,77,7700000,7700100,21088,35148,7800000,7800000
0,78,7800000,7800100,21088,35148,7900000,7900000
0,79,7900000,7900100,21088,35148,8000000,8000000
0,80,8000000,8000100,21088,35148,8100000,8100000
0,81,8100000,8100100,21088,35148,8200000,8200000
0,82,8200000,8200100,21088,35148,8300000,8300000
0,83,8300000,8300100,21088,35148,8400000,8400000
0,84,8400000,8400100,21088,35148,8500000,8500000
0,85,8500000,8500100,21088,35148,8600000,8600000
0,86,8600000,8600100,21088,35148,8700000,8700000
0,87,8700000,8700100,21088,35148,8800000,8800000
0,88,8800000,8800100,21088,35148,8900000,8900000
0,89,8900000,8900100,21088,35148,9000000,9000000
0,90,9000000,9000100,21088,35148,9100000,9100000
0,91,9100000,9100100,21088,35148,9200000,9200000
0,92,9200000,9200100,21088,35148,9300000,9300000
0,93,9300000,9300100,21088,35148,9400000,9400000
0,94,9400000,9400100,21088,35148,9500000,9500000
0,95,9500000,9500100,21088,35148,9600000,9600000
0,96,9600000,9600100,21088,35148,9700000,9700000
0,97,9700000,9700100,21088,35148,9800000,9800000
0,98,9800000,9800100,21088,35148,9900000,9900000
0,99,9900000,9900100,21088,35148,10000000,10000000
0,100,10000000,10000100,21088,35148,10100000,10100000
0,101,10100000,10100100,21088,35148,10200000,10200000
0,102,10200000,10200100,21088,35148,10300000,10300000
0,103,10300000,10300100,21088,35148,10400000,10400000
0,104,10400000,10400100,21088,35148,10500000,10500000
0,105,10500000,10500100,21088,35148,10600000,10600000
0,106,10600000,10600100,21088,35148,10700000,10700000
0,107,10700000,10700100,21088,35148,10800000,10800000
0,108,10800000,10800100,21088,35148,10900000,10900000
0,109,10900000,10900100,21088,35148,11000000,11000000
0,110,11000000,11000100,21088,35148,11100000,11100000
0,111,11100000,11100100,21088,35148,11200000,11200000
0,112,11200000,11200100,21088,35148,11300000,11300000
0,113,11300000,11300100,21088,35148,11400000,11400000
0,114,11400000,11400100,21088,35148,11500000,11500000
0,115,11500000,11500100,21088,35148,11600000,11600000
0,116,11600000,11600100,21088,35148,11700000,11700000
0,117,11700000,11700100,21088,35148,11800000,11800000
0,118,11800000,11800100,21088,35148,11900000,11900000
0,119,11900000,11900100,21088,35148,12000000,12000000
0,120,12000000,12000100,21088,35148,12100000,12100000
0,121,12100000,12100100,21088,35148,12200000,12200000
0,122,12200000,12200100,21088,35148,12300000,12300000
0,123,12300000,12300100,21088,35148,12400000,12400000
0,124,12400000,12400100,21088,35148,12500000,12500000
0,125,12500000,12500100,21088,35148,12600000,12600000
0,126,12600000,12600100,21088,35148,12700000,12700000
0,127,12700000,12700100,21088,35148,12800000,12800000
0,128,12800000,12800100,21088,35148,12900000,12900000
0,129,12900000,12900100,21088,35148,13000000,13000000
0,130,13000000,13000100,21088,35148,13100000,13100000
0,131,13100000,13100100,21088,35148,13200000,13200000
0,132,13200000,13200100,21088,35148,13300000,13300000
0,133,13300000,13300100,21088,35148,13400000,13400000
0,134,13400000,13400100,21088,35148,13500000,13500000
0,135,13500000,13500100,21088,35148,13600000,13600000
0,136,13600000,13600100,21088,35148,13700000,13700000
0,137,13700000,13700100,21088,35148,13800000,13800000
0,138,13800000,13800100,21088,35148,13900000,13900000
0,139,13900000,13900100,21088,35148,14000000,14000000
0,140,14000000,14000100,21088,35148,14100000,14100000
0,141,14100000,14100100,21088,35148,14200000,14200000
0,142,14200000,14200100,21088,35148,14300000,14300000
0,143,14300000,14300100,21088,35148,14400000,14400000
0,144,14400000,14400100,21088,35148,14500000,14500000
0,145,14500000,14500100,21088,35148,14600000,14600000
0,146,14600000,14600100,21088,35148,14700000,14700000
0,147,14700000,14700100,21088,35148,14800000,14800000
0,148,14800000,14800100,21088,35148,14900000,14900000
0,149,14900000,14900100,21088,35148,15000000,15000000
0,150,15000000,15000100,21088,35148,15100000,15100000
0,151,15100000,15100100,21088,35148,15200000,15200000
0,152,15200000,15200100,21088,35148,15300000,15300000
0,153,15300000,15300100,21088,35148,15400000,15400000
0,154,15400000,15400100,21088,35148,15500000,15500000
0,155,15500000,15500100,21088,35148,15600000,15600000
0,156,15600000,15600100,21088,35148,15700000,15700000
0,157,15700000,15700100,21088,35148,15800000,15800000
0,158,15800000,15800100,21088,35148,15900000,15900000
0,159,15900000,15900100,21088,35148,16000000,16000000
0,160,16000000,16000100,21088,35148,16100000,16100000
0,161,16100000,16100100,21088,35148,16200000,16200000
0,162,16200000,16200100,21088,35148,16300000,16300000
0,163,16300000,16300100,21088,35148,16400000,16400000
0,164,16400000,16400100,21088,35148,16500000,16500000
0,165,16500000,16500100,21088,35148,16600000,16600000
0,166,16600000,16600100,21088,35148,16700000,16700000
0,167,16700000,16700100,21088,35148,16800000,16800000
0,168,16800000,16800100,21088,35148,16900000,16900000
0,169,16900000,16900100,21088,35148,17000000,17000000
0,170,17000000,17000100,21088,35148,17100000,17100000
0,171,17100000,17100100,21088,35148,17200000,17200000
0,172,17200000,17200100,21088,35148,17300000,17300000
0,173,17300000,17300100,21088,35148,17400000,17400000
0,174,17400000,17400100,21088,35148,17500000,17500000
0,175,17500000,17500100,21088,35148,17600000,17600000
0,176,17600000,17600100,21088,35148,17700000,17700000
0,177,17700000,17700100,21088,35148,17800000,17800000
0,178,17800000,17800100,21088,35148,17900000,17900000
0,179,17900000,17900100,21088,35148,18000000,18000000
0,180,18000000,18000100,21088,35148,18100000,18100000
0,181,18100000,18100100,21088,35148,18200000,18200000
0,182,18200000,18200100,21088,35148,18300000,18300000
0,183,18300000,18300100,21088,35148,18400000,18400000
0,184,18400000,18400100,21088,35148,18500000,18500000
0,185,18500000,18500100,21088,35148,18600000,18600000
0,186,18600000,18600100,21088,35148,18700000,18700000
0,187,18700000,18700100,21088,35148,18800000,18800000
0,188,18800000,18800100,21088,35148,18900000,18900000
0,189,18900000,18900100,21088,35148,19000000,19000000
0,190,19000000,19000100,21088,35148,19100000,19100000
0,191,19100000,19100100,21088,35148,19200000,19200000
0,192,19200000,19200100,21088,35148,19300000,19300000
0,193,19300000,19300100,21088,35148,19400000,19400000
0,194,19400000,19400100,21088,35148,19500000,19500000
0,195,19500000,19500100,21088,35148,19600000,19600000
0,196,19600000,19600100,21088,35148,19700000,19700000
0,197,19700000,19700100,21088,35148,19800000,19800000
0,198,19800000,19800100,21088,35148,19900000,19900000
0,199,19900000,19900100,21088,35148,20000000,20000000
0,200,20000000,20000100,21088,35148,20100000,20100000
0,201,20100000,20100100,21088,35148,20200000,20200000
0,202,20200000,20200100,21088,35148,20300000,20300000
0,203,20300000,20300100,21088,35148,20400000,20400000
0,204,20400000,20400100,21088,35148,20500000,20500000
0,205,20500000,20500100,21088,35148,20600000,20600000
0,206,20600000,20600100,21088,35148,20700000,20700000
0,207,20700000,20700100,21088,35148,20800000,20800000
0,208,20800000,20800100,21088,35148,20900000,20900000
0,209,20900000,20900100,21088,35148,21000000,21000000
0,210,21000000,21000100,21088,35148,21100000,21100000
0,211,21100000,21100100,21088,35148,21200000,21200000
0,212,21200000,21200100,21088,35148,21300000,21300000
0,213,21300000,21300100,21088,35148,21400000,21400000
0,214,21400000,21400100,21088,35148,21500000,21500000
0,215,21500000,21500100,21088,35148,21600000,21600000
0,216,21600000,21600100,21088,35148,21700000,21700000
0,217,21700000,21700100,21088,35148,21800000,21800000
0,218,21800000,21800100,21088,35148,21900000,21900000
0,219,21900000,21900100,21088,35148,22000000,22000000
0,220,22000000,22000100,21088,35148,22100000,22100000
0,221,22100000,22100100,21088,35148,22200000,22200000
0,222,22200000,22200100,21088,35148,22300000,22300000
0,223,22300000,22300100,21088,35148,22400000,22400000
0,224,22400000,22400100,21088,35148,22500000,22500000
0,225,22500000,22500100,21088,35148,22600000,22600000
0,226,22600000,22600100,21088,35148,22700000,22700000
0,227,22700000,22700100,21088,35148,22800000,22800000
0,228,22800000,22800100,21088,35148,22900000,22900000
0,229,22900000,22900100,21088,35148,23000000,23000000
0,230,23000000,23000100,21088,35148,23100000,23100000
0,231,23100000,23100100,21088,35148,23200000,23200000
0,232,23200000,23200100,21088,35148,23300000,23300000
0,233,23300000,23300100,21088,35148,23400000,23400000
0,234,23400000,23400100,21088,35148,23500000,23500000
0,235,23500000,23500100,21088,35148,23600000,23600000
0,236,23600000,23600100,21088,35148,23700000,23700000
0,237,23700000,23700100,21088,35148,23800000,23800000
0,238,23800000,23800100,21088,35148,23900000,23900000
0,239,23900000,23900100,21088,35148,24000000,24000000
0,240,24000000,24000100,21088,35148,24100000,24100000
0,241,24100000,24100100,21088,35148,24200000,24200000
0,242,24200000,24200100,21088,35148,24300000,24300000
0,243,24300000,24300100,21088,35148,24400000,24400000
0,244,24400000,24400100,21088,35148,24500000,24500000
0,245,24500000,24500100,21088,35148,24600000,24600000
0,246,24600000,24600100,21088,35148,24700000,24700000
0,247,24700000,24700100,21088,35148,24800000,24800000
0,248,24800000,24800100,21088,35148,24900000,24900000
0,249,24900000,24900100,21088,35148,25000000,25000000
0,250,25000000,25000100,21088,35148,25100000,25100000
0,251,25100000,25100100,21088,35148,25200000,25200000
0,252,25200000,25200100,21088,35148,25300000,25300000
0,253,25300000,25300100,21088,35148,25400000,25400000
0,254,25400000,25400100,21088,35148,25500000,25500000
0,255,25500000,25500100,21088,35148,25600000,25600000
0,256,25600000,25600100,21088,35148,25700000,25700000
0,257,25700000,25700100,21088,35148,25800000,25800000
0,258,25800000,25800100,21088,35148,25900000,25900000
0,259,25900000,25900100,21088,35148,26000000,26000000
0,260,26000000,26000100,21088,35148,26100000,26100000
0,261,26100000,26100100,21088,35148,26200000,26200000
0,262,26200000,26200100,21088,35148,26300000,26300000
0,263,26300000,26300100,21088,35148,26400000,26400000
0,264,26400000,26400100,21088,35148,26500000,26500000
0,265,26500000,26500100,21088,35148,26600000,26600000
0,266,26600000,26600100,21088,35148,26700000,26700000
0,267,26700000,26700100,21088,35148,26800000,26800000
0,268,26800000,26800100,21088,35148,26900000,26900000
0,269,26900000,26900100,21088,35148,27000000,27000000
0,270,27000000,27000100,21088,35148,27100000,27100000
0,271,27100000,27100100,21088,35148,27200000,27200000
0,272,27200000,27200100,21088,35148,27300000,27300000
0,273,27300000,27300100,21088,35148,27400000,27400000
0,274,27400000,27400100,21088,35148,27500000,27500000
0,275,27500000,27500100,21088,35148,27600000,27600000
0,276,27600000,27600100,21088,35148,27700000,27700000
0,277,27700000,27700100,21088,35148,27800000,27800000
0,278,27800000,27800100,21088,35148,27900000,27900000
0,279,27900000,27900100,21088,35148,28000000,28000000
0,280,28000000,28000100,21088,35148,28100000,28100000
0,281,28100000,28100100,21088,35148,28200000,28200000
0,282,28200000,28200100,21088,35148,28300000,28300000
0,283,28300000,28300100,21088,35148,28400000,28400000
0,284,28400000,28400100,21088,35148,28500000,28500000
0,285,28500000,28500100,21088,35148,28600000,28600000
0,286,28600000,28600100,21088,35148,28700000,28700000
0,287,28700000,28700100,21088,35148,28800000,28800000
0,288,28800000,28800100,21088,35148,28900000,28900000
0,289,28900000,28900100,21088,35148,29000000,29000000
0,290,29000000,29000100,21088,35148,29100000,29100000
0,291,29100000,29100100,21088,35148,29200000,29200000
0,292,29200000,29200100,21088,35148,29300000,29300000
0,293,29300000,29300100,21088,35148,29400000,29400000
0,294,29400000,29400100,21088,35148,29500000,29500000
0,295,29500000,29500100,21088,35148,29600000,29600000
0,296,29600000,29600100,21088,35148,29700000,29700000
0,297,29700000,29700100,21088,35148,29800000,29800000
0,298,29800000,29800100,21088,35148,29900000,29900000
0,299,29900000,29900100,21088,35148,30000000,30000000
0,300,30000000,30000100,21088,35148,30100000,30100000
0,301,30100000,30100100,21088,35148,30200000,30200000
0,302,30200000,30200100,21088,35148,30300000,30300000
0,303,30300000,30300100,21088,35148,30400000,30400000
0,304,30400000,30400100,21088,35148,30500000,30500000
0,305,30500000,30500100,21088,35148,30600000,30600000
0,306,30600000,30600100,21088,35148,30700000,30700000
0,307,30700000,30700100,21088,35148,30800000,30800000
0,308,30800000,30800100,21088,35148,30900000,30900000
0,309,30900000,30900100,21088,35148,31000000,31000000
0,310,31000000,31000100,21088,35148,31100000,31100000
0,311,31100000,31100100,21088,35148,31200000,31200000
0,312,31200000,31200100,21088,35148,31300000,31300000
0,313,31300000,31300100,21088,35148,31400000,31400000
0,314,31400000,31400100,21088,35148,31500000,31500000
0,315,31500000,31500100,21088,35148,31600000,31600000
0,316,31600000,31600100,21088,35148,31700000,31700000
0,317,31700000,31700100,21088,35148,31800000,31800000
0,318,31800000,31800100,21088,35148,31900000,31900000
0,319,31900000,31900100,21088,35148,32000000,32000000
0,320,32000000,32000100,21088,35148,32100000,32100000
0,321,32100000,32100100,21088,35148,32200000,32200000
0,322,32200000,32200100,21088,35148,32300000,32300000
0,323,32300000,32300100,21088,35148,32400000,32400000
0,324,32400000,32400100,21088,35148,32500000,32500000
0,325,32500000,32500100,21088,35148,32600000,32600000
0,326,32600000,32600100,21088,35148,32700000,32700000
0,327,32700000,32700100,21088,35148,32800000,32800000
0,328,32800000,32800100,21088,35148,32900000,32900000
0,329,32900000,32900100,21088,35148,33000000,33000000
0,330,33000000,33000100,21088,35148,33100000,33100000
0,331,33100000,33100100,21088,35148,33200000,33200000
0,332,33200000,33200100,21088,35148,33300000,33300000
0,333,33300000,33300100,21088,35148,33400000,33400000
0,334,33400000,33400100,21088,35148,33500000,33500000
0,335,33500000,33500100,21088,35148,33600000,33600000
0,336,33600000,33600100,21088,35148,33700000,33700000
0,337,33700000,33700100,21088,35148,33800000,33800000
0,338,33800000,33800100,21088,35148,33900000,33900000
0,339,33900000,33900100,21088,35148,34000000,34000000
0,340,34000000,34000100,21088,35148,34100000,34100000
0,341,34100000,34100100,21088,35148,34200000,34200000
0,342,34200000,34200100,21088,35148,34300000,34300000
0,343,34300000,34300100,21088,35148,34400000,34400000
0,344,34400000,34400100,21088,35148,34500000,34500000
0,345,34500000,34500100,21088,35148,34600000,34600000
0,346,34600000,34600100,21088,35148,34700000,34700000
0,347,34700000,34700100,21088,35148,34800000,34800000
0,348,34800000,34800100,21088,35148,34900000,34900000
0,349,34900000,34900100,21088,35148,35000000,35000000
0,350,35000000,35000100,21088,35148,35100000,35100000
0,351,35100000,35100100,21088,35148,35200000,35200000
0,352,35200000,35200100,21088,35148,35300000,35300000
0,353,35300000,35300100,21088,35148,35400000,35400000
0,354,35400000,35400100,21088,35148,35500000,35500000
0,355,35500000,35500100,21088,35148,35600000,35600000
0,356,35600000,35600100,21088,35148,35700000,35700000
0,357,35700000,35700100,21088,35148,35800000,35800000
0,358,35800000,35800100,21088,35148,35900000,35900000
0,359,35900000,35900100,21088,35148,36000000,36000000
0,360,36000000,36000100,21088,35148,36100000,36100000
0,361,36100000,36100100,21088,35148,36200000,36200000
0,362,36200000,36200100,21088,35148,36300000,36300000
0,363,36300000,36300100,21088,35148,36400000,36400000
0,364,36400000,36400100,21088,35148,36500000,36500000
0,365,36500000,36500100,21088,35148,36600000,36600000
0,366,36600000,36600100,21088,35148,36700000,36700000
0,367,36700000,36700100,21088,35148,36800000,36800000
0,368,36800000,36800100,21088,35148,36900000,36900000
0,369,36900000,36900100,21088,35148,37000000,37000000
0,370,37000000,37000100,21088,35148,37100000,37100000
0,371,37100000,37100100,21088,35148,37200000,37200000
0,372,37200000,37200100,21088,35148,37300000,37300000
0,373,37300000,37300100,21088,35148,37400000,37400000
0,374,37400000,37400100,21088,35148,37500000,37500000
0,375,37500000,37500100,21088,35148,37600000,37600000
0,376,37600000,37600100,21088,35148,37700000,37700000
0,377,37700000,37700100,21088,35148,37800000,37800000
0,378,37800000,37800100,21088,35148,37900000,37900000
0,379,37900000,37900100,21088,35148,38000000,38000000
0,380,38000000,38000100,21088,35148,38100000,38100000
0,381,38100000,38100100,21088,35148,38200000,38200000
0,382,38200000,38200100,21088,35148,38300000,38300000
0,383,38300000,38300100,21088,35148,38400000,38400000
0,384,38400000,38400100,21088,35148,38500000,38500000
0,385,38500000,38500100,21088,35148,38600000,38600000
0,386,38600000,38600100,21088,35148,38700000,38700000
0,387,38700000,38700100,21088,35148,38800000,38800000
0,388,38800000,38800100,21088,35148,38900000,38900000
0,389,38900000,38900100,21088,35148,39000000,39000000
0,390,39000000,39000100,21088,35148,39100000,39100000
0,391,39100000,39100100,21088,35148,39200000,39200000
0,392,39200000,39200100,21088,35148,39300000,39300000
0,393,39300000,39300100,21088,35148,39400000,39400000
0,394,39400000,39400100,21088,35148,39500000,39500000
0,395,39500000,39500100,21088,35148,39600000,39600000
0,396,39600000,39600100,21088,35148,39700000,39700000
0,397,39700000,39700100,21088,35148,39800000,39800000
0,398,39800000,39800100,21088,35148,39900000,39900000
0,399,39900000,39900100,21088,35148,40000000,40000000
0,400,40000000,40000100,21088,35148,40100000,40100000
0,401,40100000,40100100,21088,35148,40200000,40200000
0,402,40200000,40200100,21088,35148,40300000,40300000
0,403,40300000,40300100,21088,35148,40400000,40400000
0,404,40400000,40400100,21088,35148,40500000,40500000
0,405,40500000,40500100,21088,35148,40600000,40600000
0,406,40600000,40600100,21088,35148,40700000,40700000
0,407,40700000,40700100,21088,35148,40800000,40800000
0,408,40800000,40800100,21088,35148,40900000,40900000
0,409,40900000,40900100,21088,35148,41000000,41000000
0,410,41000000,41000100,21088,35148,41100000,41100000
0,411,41100000,41100100,21088,35148,41200000,41200000
0,412,41200000,41200100,21088,35148,41300000,41300000
0,413,41300000,41300100,21088,35148,41400000,41400000
0,414,41400000,41400100,21088,35148,41500000,41500000
0,415,41500000,41500100,21088,35148,41600000,41600000
0,416,41600000,41600100,21088,35148,41700000,41700000
0,417,41700000,41700100,21088,35148,41800000,41800000
0,418,41800000,41800100,21088,35148,41900000,41900000
0,419,41900000,41900100,21088,35148,42000000,42000000
0,420,42000000,42000100,21088,35148,42100000,42100000
0,421,42100000,42100100,21088,35148,42200000,42200000
0,422,42200000,42200100,21088,35148,42300000,42300000
0,423,42300000,42300100,21088,35148,42400000,42400000
0,424,42400000,42400100,21088,35148,42500000,42500000
0,425,42500000,42500100,21088,35148,42600000,42600000
0,426,42600000,42600100,21088,35148,42700000,42700000
0,427,42700000,42700100,21088,35148,42800000,42800000
0,428,42800000,42800100,21088,35148,42900000,42900000
0,429,42900000,42900100,21088,35148,43000000,43000000
0,430,43000000,43000100,21088,35148,43100000,43100000
0,431,43100000,43100100,21088,35148,43200000,43200000
0,432,43200000,43200100,21088,35148,43300000,43300000
0,433,43300000,43300100,21088,35148,43400000,43400000
0,434,43400000,43400100,21088,35148,43500000,43500000
0,435,43500000,43500100,21088,35148,43600000,43600000
0,436,43600000,43600100,21088,35148,43700000,43700000
0,437,43700000,43700100,21088,35148,43800000,43800000
0,438,43800000,43800100,21088,35148,43900000,43900000
0,439,43900000,43900100,21088,35148,44000000,44000000
0,440,44000000,44000100,21088,35148,44100000,44100000
0,441,44100000,44100100,21088,35148,44200000,44200000
0,442,44200000,44200100,21088,35148,44300000,44300000
0,443,44300000,44300100,21088,35148,44400000,44400000
0,444,44400000,44400100,21088,35148,44500000,44500000
0,445,44500000,44500100,21088,35148,44600000,44600000
0,446,44600000,44600100,21088,35148,44700000,44700000
0,447,44700000,44700100,21088,35148,44800000,44800000
0,448,44800000,44800100,21088,35148,44900000,44900000
0,449,44900000,44900100,21088,35148,45000000,45000000
0,450,45000000,45000100,21088,35148,45100000,45100000
0,451,45100000,45100100,21088,35148,45200000,45200000
0,452,45200000,45200100,21088,35148,45300000,45300000
0,453,45300000,45300100,21088,35148,45400000,45400000
0,454,45400000,45400100,21088,35148,45500000,45500000
0,455,45500000,45500100,21088,35148,45600000,45600000
0,456,45600000,45600100,21088,35148,45700000,45700000
0,457,45700000,45700100,21088,35148,45800000,45800000
0,458,45800000,45800100,21088,35148,45900000,45900000
0,459,45900000,45900100,21088,35148,46000000,46000000
0,460,46000000,46000100,21088,35148,46100000,46100000
0,461,46100000,46100100,21088,35148,46200000,46200000
0,462,46200000,46200100,21088,35148,46300000,46300000
0,463,46300000,46300100,21088,35148,46400000,46400000
0,464,46400000,46400100,21088,35148,46500000,46500000
0,465,46500000,46500100,21088,35148,46600000,46600000
0,466,46600000,46600100,21088,35148,46700000,46700000
0,467,46700000,46700100,21088,35148,46800000,46800000
0,468,46800000,46800100,21088,35148,46900000,46900000
0,469,46900000,46900100,21088,35148,47000000,47000000
0,470,47000000,47000100,21088,35148,47100000,47100000
0,471,47100000,47100100,21088,35148,47200000,47200000
0,472,47200000,47200100,21088,35148,47300000,47300000
0,473,47300000,47300100,21088,35148,47400000,47400000
0,474,47400000,47400100,21088,35148,47500000,47500000
0,475,47500000,47500100,21088,35148,47600000,47600000
0,476,47600000,47600100,21088,35148,47700000,47700000
0,477,47700000,47700100,21088,35148,47800000,47800000
0,478,47800000,47800100,21088,35148,47900000,47900000
0,479,47900000,47900100,21088,35148,48000000,48000000
0,480,48000000,48000100,21088,35148,48100000,48100000
0,481,48100000,48100100,21088,35148,48200000,48200000
0,482,48200000,48200100,21088,35148,48300000,48300000
0,483,48300000,48300100,21088,35148,48400000,48400000
0,484,48400000,48400100,21088,35148,48500000,48500000
0,485,48500000,48500100,21088,35148,48600000,48600000
0,486,48600000,48600100,21088,35148,48700000,48700000
0,487,48700000,48700100,21088,35148,48800000,48800000
0,488,48800000,48800100,21088,35148,48900000,48900000
0,489,48900000,48900100,21088,35148,49000000,49000000
0,490,49000000,49000100,21088,35148,49100000,49100000
0,491,49100000,49100100,21088,35148,49200000,49200000
0,492,49200000,49200100,21088,35148,49300000,49300000
0,493,49300000,49300100,21088,35148,49400000,49400000
0,494,49400000,49400100,21088,35148,49500000,49500000
0,495,49500000,49500100,21088,35148,49600000,49600000
0,496,49600000,49600100,21088,35148,49700000,49700000
0,497,49700000,49700100,21088,35148,49800000,49800000
0,498,49800000,49800100,21088,35148,49900000,49900000
0,499,49900000,49900100,21088,35148,50000000,50000000
0,500,50000000,50000100,21088,35148,50100000,50100000
0,501,50100000,50100100,21088,35148,50200000,50200000
0,502,50200000,50200100,21088,35148,50300000,50300000
0,503,50300000,50300100,21088,35148,50400000,50400000
0,504,50400000,50400100,21088,35148,50500000,50500000
0,505,50500000,50500100,21088,35148,50600000,50600000
0,506,50600000,50600100,21088,35148,50700000,50700000
0,507,50700000,50700100,21088,35148,50800000,50800000
0,508,50800000,50800100,21088,35148,50900000,50900000
0,509,50900000,50900100,21088,35148,51000000,51000000
0,510,51000000,51000100,21088,35148,51100000,51100000
0,511,51100000,51100100,21088,35148,51200000,51200000
0,512,51200000,51200100,21088,35148,51300000,51300000
0,513,51300000,51300100,21088,35148,51400000,51400000
0,514,51400000,51400100,21088,35148,51500000,51500000
0,515,51500000,51500100,21088,35148,51600000,51600000
0,516,51600000,51600100,21088,35148,51700000,51700000
0,517,51700000,51700100,21088,35148,51800000,51800000
0,518,51800000,51800100,21088,35148,51900000,51900000
0,519,51900000,51900100,21088,35148,52000000,52000000
0,520,52000000,52000100,21088,35148,52100000,52100000
0,521,52100000,52100100,21088,35148,52200000,52200000
0,522,52200000,52200100,21088,35148,52300000,52300000
0,523,52300000,52300100,21088,35148,52400000,52400000
0,524,52400000,52400100,21088,35148,52500000,52500000
0,525,52500000,52500100,21088,35148,52600000,52600000
0,526,52600000,52600100,21088,35148,52700000,52700000
0,527,52700000,52700100,21088,35148,52800000,52800000
0,528,52800000,52800100,21088,35148,52900000,52900000
0,529,52900000,52900100,21088,35148,53000000,53000000
0,530,53000000,53000100,21088,35148,53100000,53100000
0,531,53100000,53100100,21088,35148,53200000,53200000
0,532,53200000,53200100,21088,35148,53300000,53300000
0,533,53300000,53300100,21088,35148,53400000,53400000
0,534,53400000,53400100,21088,35148,53500000,53500000
0,535,53500000,53500100,21088,35148,53600000,53600000
0,536,53600000,53600100,21088,35148,53700000,53700000
0,537,53700000,53700100,21088,35148,53800000,53800000
0,538,53800000,53800100,21088,35148,53900000,53900000
0,539,53900000,53900100,21088,35148,54000000,54000000
0,540,54000000,54000100,21088,35148,54100000,54100000
0,541,54100000,54100100,21088,35148,54200000,54200000
0,542,54200000,54200100,21088,35148,54300000,54300000
0,543,54300000,54300100,21088,35148,54400000,54400000
0,544,54400000,54400100,21088,35148,54500000,54500000
0,545,54500000,54500100,21088,35148,54600000,54600000
0,546,54600000,54600100,21088,35148,54700000,54700000
0,547,54700000,54700100,21088,35148,54800000,54800000
0,548,54800000,54800100,21088,35148,54900000,54900000
0,549,54900000,54900100,21088,35148,55000000,55000000
0,550,55000000,55000100,21088,35148,55100000,55100000
0,551,55100000,55100100,21088,35148,55200000,55200000
0,552,55200000,55200100,21088,35148,55300000,55300000
0,553,55300000,55300100,21088,35148,55400000,55400000
0,554,55400000,55400100,21088,35148,55500000,55500000
0,555,55500000,55500100,21088,35148,55600000,55600000
0,556,55600000,55600100,21088,35148,55700000,55700000
0,557,55700000,55700100,21088,35148,55800000,55800000
0,558,55800000,55800100,21088,35148,55900000,55900000
0,559,55900000,55900100,21088,35148,56000000,56000000
0,560,56000000,56000100,21088,35148,56100000,56100000
0,561,56100000,56100100,21088,35148,56200000,56200000
0,562,56200000,56200100,21088,35148,56300000,56300000
0,563,56300000,56300100,21088,35148,56400000,56400000
0,564,56400000,56400100,21088,35148,56500000,56500000
0,565,56500000,56500100,21088,35148,56600000,56600000
0,566,56600000,56600100,21088,35148,56700000,56700000
0,567,56700000,56700100,21088,35148,56800000,56800000
0,568,56800000,56800100,21088,35148,56900000,56900000
0,569,56900000,56900100,21088,35148,57000000,57000000
0,570,57000000,57000100,21088,35148,57100000,57100000
0,571,57100000,57100100,21088,35148,57200000,57200000
0,572,57200000,57200100,21088,35148,57300000,57300000
0,573,57300000,57300100,21088,35148,57400000,57400000
0,574,57400000,57400100,21088,35148,57500000,57500000
0,575,57500000,57500100,21088,35148,57600000,57600000
0,576,57600000,57600100,21088,35148,57700000,57700000
0,577,57700000,57700100,21088,35148,57800000,57800000
0,578,57800000,57800100,21088,35148,57900000,57900000
0,579,57900000,57900100,21088,35148,58000000,58000000
0,580,58000000,58000100,21088,35148,58100000,58100000
0,581,58100000,58100100,21088,35148,58200000,58200000
0,582,58200000,58200100,21088,35148,58300000,58300000
0,583,58300000,58300100,21088,35148,58400000,58400000
0,584,58400000,58400100,21088,35148,58500000,58500000
0,585,58500000,58500100,21088,35148,58600000,58600000
0,586,58600000,58600100,21088,35148,58700000,58700000
0,587,58700000,58700100,21088,35148,58800000,58800000
0,588,58800000,58800100,21088,35148,58900000,58900000
0,589,58900000,58900100,21088,35148,59000000,59000000
0,590,59000000,59000100,21088,35148,59100000,59100000
0,591,59100000,59100100,21088,35148,59200000,59200000
0,592,59200000,59200100,21088,35148,59300000,59300000
0,593,59300000,59300100,21088,35148,59400000,59400000
0,594,59400000,59400100,21088,35148,59500000,59500000
0,595,59500000,59500100,21088,35148,59600000,59600000
0,596,59600000,59600100,21088,35148,59700000,59700000
0,597,59700000,59700100,21088,35148,59800000,59800000
0,598,59800000,59800100,21088,35148,59900000,59900000
0,599,59900000,59900100,21088,35148,60000000,60000000
0,600,60000000,60000100,21088,35148,60100000,60100000
0,601,60100000,60100100,21088,35148,60200000,60200000
0,602,60200000,60200100,21088,35148,60300000,60300000
0,603,60300000,60300100,21088,35148,60400000,60400000
0,604,60400000,60400100,21088,35148,60500000,60500000
0,605,60500000,60500100,21088,35148,60600000,60600000
0,606,60600000,60600100,21088,35148,60700000,60700000
0,607,60700000,60700100,21088,35148,60800000,60800000
0,608,60800000,60800100,21088,35148,60900000,60900000
0,609,60900000,60900100,21088,35148,61000000,61000000
0,610,61000000,61000100,21088,35148,61100000,61100000
0,611,61100000,61100100,21088,35148,61200000,61200000
0,612,61200000,61200100,21088,35148,61300000,61300000
0,613,61300000,61300100,21088,35148,61400000,61400000
0,614,61400000,61400100,21088,35148,61500000,61500000
0,615,61500000,61500100,21088,35148,61600000,61600000
0,616,61600000,61600100,21088,35148,61700000,61700000
0,617,61700000,61700100,21088,35148,61800000,61800000
0,618,61800000,61800100,21088,35148,61900000,61900000
0,619,61900000,61900100,21088,35148,62000000,62000000
0,620,62000000,62000100,21088,35148,62100000,62100000
0,621,62100000,62100100,21088,35148,62200000,62200000
0,622,62200000,62200100,21088,35148,62300000,62300000
0,623,62300000,62300100,21088,35148,62400000,62400000
0,624,62400000,62400100,21088,35148,62500000,62500000
0,625,62500000,62500100,21088,35148,62600000,62600000
0,626,62600000,62600100,21088,35148,62700000,62700000
0,627,62700000,62700100,21088,35148,62800000,62800000
0,628,62800000,62800100,21088,35148,62900000,62900000
0,629,62900000,62900100,21088,35148,63000000,63000000
0,630,63000000,63000100,21088,35148,63100000,63100000
0,631,63100000,63100100,21088,35148,63200000,63200000
0,632,63200000,63200100,21088,35148,63300000,63300000
0,633,63300000,63300100,21088,35148,63400000,63400000
0,634,63400000,63400100,21088,35148,63500000,63500000
0,635,63500000,63500100,21088,35148,63600000,63600000
0,636,63600000,63600100,21088,35148,63700000,63700000
0,637,63700000,63700100,21088,35148,63800000,63800000
0,638,63800000,63800100,21088,35148,63900000,63900000
0,639,63900000,63900100,21088,35148,64000000,64000000
0,640,64000000,64000100,21088,35148,64100000,64100000
0,641,64100000,64100100,21088,35148,64200000,64200000
0,642,64200000,64200100,21088,35148,64300000,64300000
0,643,64300000,64300100,21088,35148,64400000,64400000
0,644,64400000,64400100,21088,35148,64500000,64500000
0,645,64500000,64500100,21088,35148,64600000,64600000
0,646,64600000,64600100,21088,35148,64700000,64700000
0,647,64700000,64700100,21088,35148,64800000,64800000
0,648,64800000,64800100,21088,35148,64900000,64900000
0,649,64900000,64900100,21088,35148,65000000,65000000
0,650,65000000,65000100,21088,35148,65100000,65100000
0,651,65100000,65100100,21088,35148,65200000,65200000
0,652,65200000,65200100,21088,35148,65300000,65300000
0,653,65300000,65300100,21088,35148,65400000,65400000
0,654,65400000,65400100,21088,35148,65500000,65500000
0,655,65500000,65500100,21088,35148,65600000,65600000
0,656,65600000,65600100,21088,35148,65700000,65700000
0,657,65700000,65700100,21088,35148,65800000,65800000
0,658,65800000,65800100,21088,35148,65900000,65900000
0,659,65900000,65900100,21088,35148,66000000,66000000
0,660,66000000,66000100,21088,35148,66100000,66100000
0,661,66100000,66100100,21088,35148,66200000,66200000
0,662,66200000,66200100,21088,35148,66300000,66300000
0,663,66300000,66300100,21088,35148,66400000,66400000
0,664,66400000,66400100,21088,35148,66500000,66500000
0,665,66500000,66500100,21088,35148,66600000,66600000
0,666,66600000,66600100,21088,35148,66700000,66700000
0,667,66700000,66700100,21088,35148,66800000,66800000
0,668,66800000,66800100,21088,35148,66900000,66900000
0,669,66900000,66900100,21088,35148,67000000,67000000
0,670,67000000,67000100,21088,35148,67100000,67100000
0,671,67100000,67100100,21088,35148,67200000,67200000
0,672,67200000,67200100,21088,35148,67300000,67300000
0,673,67300000,67300100,21088,35148,67400000,67400000
0,674,67400000,67400100,21088,35148,67500000,67500000
0,675,67500000,67500100,21088,35148,67600000,67600000
0,676,67600000,67600100,21088,35148,67700000,67700000
0,677,67700000,67700100,21088,35148,67800000,67800000
0,678,67800000,67800100,21088,35148,67900000,67900000
0,679,67900000,67900100,21088,35148,68000000,68000000
0,680,68000000,68000100,21088,35148,68100000,68100000
0,681,68100000,68100100,21088,35148,68200000,68200000
0,682,68200000,68200100,21088,35148,68300000,68300000
0,683,68300000,68300100,21088,35148,68400000,68400000
0,684,68400000,68400100,21088,35148,68500000,68500000
0,685,68500000,68500100,21088,35148,68600000,68600000
0,686,68600000,68600100,21088,35148,68700000,68700000
0,687,68700000,68700100,21088,35148,68800000,68800000
0,688,68800000,68800100,21088,35148,68900000,68900000
0,689,68900000,68900100,21088,35148,69000000,69000000
0,690,69000000,69000100,21088,35148,69100000,69100000
0,691,69100000,69100100,21088,35148,69200000,69200000
0,692,69200000,69200100,21088,35148,69300000,69300000
0,693,69300000,69300100,21088,35148,69400000,69400000
0,694,69400000,69400100,21088,35148,69500000,69500000
0,695,69500000,69500100,21088,35148,69600000,69600000
0,696,69600000,69600100,21088,35148,69700000,69700000
0,697,69700000,69700100,21088,35148,69800000,69800000
0,698,69800000,69800100,21088,35148,69900000,69900000
0,699,69900000,69900100,21088,35148,70000000,70000000
0,700,70000000,70000100,21088,35148,70100000,70100000
0,701,70100000,70100100,21088,35148,70200000,70200000
0,702,70200000,70200100,21088,35148,70300000,70300000
0,703,70300000,70300100,21088,35148,70400000,70400000
0,704,70400000,70400100,21088,35148,70500000,70500000
0,705,70500000,70500100,21088,35148,70600000,70600000
0,706,70600000,70600100,21088,35148,70700000,70700000
0,707,70700000,70700100,21088,35148,70800000,70800000
0,708,70800000,70800100,21088,35148,70900000,70900000
0,709,70900000,70900100,21088,35148,71000000,71000000
0,710,71000000,71000100,21088,35148,71100000,71100000
0,711,71100000,71100100,21088,35148,71200000,71200000
0,712,71200000,71200100,21088,35148,71300000,71300000
0,713,71300000,71300100,21088,35148,71400000,71400000
0,714,71400000,71400100,21088,35148,71500000,71500000
0,715,71500000,71500100,21088,35148,71600000,71600000
0,716,71600000,71600100,21088,35148,71700000,71700000
0,717,71700000,71700100,21088,35148,71800000,71800000
0,718,71800000,71800100,21088,35148,71900000,71900000
0,719,71900000,71900100,21088,35148,72000000,72000000
0,720,72000000,72000100,21088,35148,72100000,72100000
0,721,72100000,72100100,21088,35148,72200000,72200000
0,722,72200000,72200100,21088,35148,72300000,72300000
0,723,72300000,72300100,21088,35148,72400000,72400000
0,724,72400000,72400100,21088,35148,72500000,72500000
0,725,72500000,72500100,21088,35148,72600000,72600000
0,726,72600000,72600100,21088,35148,72700000,72700000
0,727,72700000,72700100,21088,35148,72800000,72800000
0,728,72800000,72800100,21088,35148,72900000,72900000
0,729,72900000,72900100,21088,35148,73000000,73000000
0,730,73000000,73000100,21088,35148,73100000,73100000
0,731,73100000,73100100,21088,35148,73200000,73200000
0,732,73200000,73200100,21088,35148,73300000,73300000
0,733,73300000,73300100,21088,35148,73400000,73400000
0,734,73400000,73400100,21088,35148,73500000,73500000
0,735,73500000,73500100,21088,35148,73600000,73600000
0,736,73600000,73600100,21088,35148,73700000,73700000
0,737,73700000,73700100,21088,35148,73800000,73800000
0,738,73800000,73800100,21088,35148,73900000,73900000
0,739,73900000,73900100,21088,35148,74000000,74000000
0,740,74000000,74000100,21088,35148,74100000,74100000
0,741,74100000,74100100,21088,35148,74200000,74200000
0,742,74200000,74200100,21088,35148,74300000,74300000
0,743,74300000,74300100,21088,35148,74400000,74400000
0,744,74400000,74400100,21088,35148,74500000,74500000
0,745,74500000,74500100,21088,35148,74600000,74600000
0,746,74600000,74600100,21088,35148,74700000,74700000
0,747,74700000,74700100,21088,35148,74800000,74800000
0,748,74800000,74800100,21088,35148,74900000,74900000
0,749,74900000,74900100,21088,35148,75000000,75000000
0,750,75000000,75000100,21088,35148,75100000,75100000
0,751,75100000,75100100,21088,35148,75200000,75200000
0,752,75200000,75200100,21088,35148,75300000,75300000
0,753,75300000,75300100,21088,35148,75400000,75400000
0,754,75400000,75400100,21088,35148,75500000,75500000
0,755,75500000,75500100,21088,35148,75600000,75600000
0,756,75600000,75600100,21088,35148,75700000,75700000
0,757,75700000,75700100,21088,35148,75800000,75800000
0,758,75800000,75800100,21088,35148,75900000,75900000
0,759,75900000,75900100,21088,35148,76000000,76000000
0,760,76000000,76000100,21088,35148,76100000,76100000
0,761,76100000,76100100,21088,35148,76200000,76200000
0,762,76200000,76200100,21088,35148,76300000,76300000
0,763,76300000,76300100,21088,35148,76400000,76400000
0,764,76400000,76400100,21088,35148,76500000,76500000
0,765,76500000,76500100,21088,35148,76600000,76600000
0,766,76600000,76600100,21088,35148,76700000,76700000
0,767,76700000,76700100,21088,35148,76800000,76800000
0,768,76800000,76800100,21088,35148,76900000,76900000
0,769,76900000,76900100,21088,35148,77000000,77000000
0,770,77000000,77000100,21088,35148,77100000,77100000
0,771,77100000,77100100,21088,35148,77200000,77200000
0,772,77200000,77200100,21088,35148,77300000,77300000
0,773,77300000,77300100,21088,35148,77400000,77400000
0,774,77400000,77400100,21088,35148,77500000,77500000
0,775,77500000,77500100,21088,35148,77600000,77600000
0,776,77600000,77600100,21088,35148,77700000,77700000
0,777,77700000,77700100,21088,35148,77800000,77800000
0,778,77800000,77800100,21088,35148,77900000,77900000
0,779,77900000,77900100,21088,35148,78000000,78000000
0,780,78000000,78000100,21088,35148,78100000,78100000
0,781,78100000,78100100,21088,35148,78200000,78200000
0,782,78200000,78200100,21088,35148,78300000,78300000
0,783,78300000,78300100,21088,35148,78400000,78400000
0,784,78400000,78400100,21088,35148,78500000,78500000
0,785,78500000,78500100,21088,35148,78600000,78600000
0,786,78600000,78600100,21088,35148,78700000,78700000
0,787,78700000,78700100,21088,35148,78800000,78800000
0,788,78800000,78800100,21088,35148,78900000,78900000
0,789,78900000,78900100,21088,35148,79000000,79000000
0,790,79000000,79000100,21088,35148,79100000,79100000
0,791,79100000,79100100,21088,35148,79200000,79200000
0,792,79200000,79200100,21088,35148,79300000,79300000
0,793,79300000,79300100,21088,35148,79400000,79400000
0,794,79400000,79400100,21088,35148,79500000,79500000
0,795,79500000,79500100,21088,35148,79600000,79600000
0,796,79600000,79600100,21088,35148,79700000,79700000
0,797,79700000,79700100,21088,35148,79800000,79800000
0,798,79800000,79800100,21088,35148,79900000,79900000
0,799,79900000,79900100,21088,35148,80000000,80000000
0,800,80000000,80000100,21088,35148,80100000,80100000
0,801,80100000,80100100,21088,35148,80200000,80200000
0,802,80200000,80200100,21088,35148,80300000,80300000
0,803,80300000,80300100,21088,35148,80400000,80400000
0,804,80400000,80400100,21088,35148,80500000,80500000
0,805,80500000,80500100,21088,35148,80600000,80600000
0,806,80600000,80600100,21088,35148,80700000,80700000
0,807,80700000,80700100,21088,35148,80800000,80800000
0,808,80800000,80800100,21088,35148,80900000,80900000
0,809,80900000,80900100,21088,35148,81000000,81000000
0,810,81000000,81000100,21088,35148,81100000,81100000
0,811,81100000,81100100,21088,35148,81200000,81200000
0,812,81200000,81200100,21088,35148,81300000,81300000
0,813,81300000,81300100,21088,35148,81400000,81400000
0,814,81400000,81400100,21088,35148,81500000,81500000
0,815,81500000,81500100,21088,35148,81600000,81600000
0,816,81600000,81600100,21088,35148,81700000,81700000
0,817,81700000,81700100,21088,35148,81800000,81800000
0,818,81800000,81800100,21088,35148,81900000,81900000
0,819,81900000,81900100,21088,35148,82000000,82000000
0,820,82000000,82000100,21088,35148,82100000,82100000
0,821,82100000,82100100,21088,35148,82200000,82200000
0,822,82200000,82200100,21088,35148,82300000,82300000
0,823,82300000,82300100,21088,35148,82400000,82400000
0,824,82400000,82400100,21088,35148,82500000,82500000
0,825,82500000,82500100,21088,35148,82600000,82600000
0,826,82600000,82600100,21088,35148,82700000,82700000
0,827,82700000,82700100,21088,35148,82800000,82800000
0,828,82800000,82800100,21088,35148,82900000,82900000
0,829,82900000,82900100,21088,35148,83000000,83000000
0,830,83000000,83000100,21088,35148,83100000,83100000
0,831,83100000,83100100,21088,35148,83200000,83200000
0,832,83200000,83200100,21088,35148,83300000,83300000
0,833,83300000,83300100,21088,35148,83400000,83400000
0,834,83400000,83400100,21088,35148,83500000,83500000
0,835,83500000,83500100,21088,35148,83600000,83600000
0,836,83600000,83600100,21088,35148,83700000,83700000
0,837,83700000,83700100,21088,35148,83800000,83800000
0,838,83800000,83800100,21088,35148,83900000,83900000
0,839,83900000,83900100,21088,35148,84000000,84000000
0,840,84000000,84000100,21088,35148,84100000,84100000
0,841,84100000,84100100,21088,35148,84200000,84200000
0,842,84200000,84200100,21088,35148,84300000,84300000
0,843,84300000,84300100,21088,35148,84400000,84400000
0,844,84400000,84400100,21088,35148,84500000,84500000
0,845,84500000,84500100,21088,35148,84600000,84600000
0,846,84600000,84600100,21088,35148,84700000,84700000
0,847,84700000,84700100,21088,35148,84800000,84800000
0,848,84800000,84800100,21088,35148,84900000,84900000
0,849,84900000,84900100,21088,35148,85000000,85000000
0,850,85000000,85000100,21088,35148,85100000,85100000
0,851,85100000,85100100,21088,35148,85200000,85200000
0,852,85200000,85200100,21088,35148,85300000,85300000
0,853,85300000,85300100,21088,35148,85400000,85400000
0,854,85400000,85400100,21088,35148,85500000,85500000
0,855,85500000,85500100,21088,35148,85600000,85600000
0,856,85600000,85600100,21088,35148,85700000,85700000
0,857,85700000,85700100,21088,35148,85800000,85800000
0,858,85800000,85800100,21088,35148,85900000,85900000
0,859,85900000,85900100,21088,35148,86000000,86000000
0,860,86000000,86000100,21088,35148,86100000,86100000
0,861,86100000,86100100,21088,35148,86200000,86200000
0,862,86200000,86200100,21088,35148,86300000,86300000
0,863,86300000,86300100,21088,35148,86400000,86400000
0,864,86400000,86400100,21088,35148,86500000,86500000
0,865,86500000,86500100,21088,35148,86600000,86600000
0,866,86600000,86600100,21088,35148,86700000,86700000
0,867,86700000,86700100,21088,35148,86800000,86800000
0,868,86800000,86800100,21088,35148,86900000,86900000
0,869,86900000,86900100,21088,35148,87000000,87000000
0,870,87000000,87000100,21088,35148,87100000,87100000
0,871,87100000,87100100,21088,35148,87200000,87200000
0,872,87200000,87200100,21088,35148,87300000,87300000
0,873,87300000,87300100,21088,35148,87400000,87400000
0,874,87400000,87400100,21088,35148,87500000,87500000
0,875,87500000,87500100,21088,35148,87600000,87600000
0,876,87600000,87600100,21088,35148,87700000,87700000
0,877,87700000,87700100,21088,35148,87800000,87800000
0,878,87800000,87800100,21088,35148,87900000,87900000
0,879,87900000,87900100,21088,35148,88000000,88000000
0,880,88000000,88000100,21088,35148,88100000,88100000
0,881,88100000,88100100,21088,35148,88200000,88200000
0,882,88200000,88200100,21088,35148,88300000,88300000
0,883,88300000,88300100,21088,35148,88400000,88400000
0,884,88400000,88400100,21088,35148,88500000,88500000
0,885,88500000,88500100,21088,35148,88600000,88600000
0,886,88600000,88600100,21088,35148,88700000,88700000
0,887,88700000,88700100,21088,35148,88800000,88800000
0,888,88800000,88800100,21088,35148,88900000,88900000
0,889,88900000,88900100,21088,35148,89000000,89000000
0,890,89000000,89000100,21088,35148,89100000,89100000
0,891,89100000,89100100,21088,35148,89200000,89200000
0,892,89200000,89200100,21088,35148,89300000,89300000
0,893,89300000,89300100,21088,35148,89400000,89400000
0,894,89400000,89400100,21088,35148,89500000,89500000
0,895,89500000,89500100,21088,35148,89600000,89600000
0,896,89600000,89600100,21088,35148,89700000,89700000
0,897,89700000,89700100,21088,35148,89800000,89800000
0,898,89800000,89800100,21088,35148,89900000,89900000
0,899,89900000,89900100,21088,35148,90000000,90000000
0,900,90000000,90000100,21088,35148,90100000,90100000
0,901,90100000,90100100,21088,35148,90200000,90200000
0,902,90200000,90200100,21088,35148,90300000,90300000
0,903,90300000,90300100,21088,35148,90400000,90400000
0,904,90400000,90400100,21088,35148,90500000,90500000
0,905,90500000,90500100,21088,35148,90600000,90600000
0,906,90600000,90600100,21088,35148,90700000,90700000
0,907,90700000,90700100,21088,35148,90800000,90800000
0,908,90800000,90800100,21088,35148,90900000,90900000
0,909,90900000,90900100,21088,35148,91000000,91000000
0,910,91000000,91000100,21088,35148,91100000,91100000
0,911,91100000,91100100,21088,35148,91200000,91200000
0,912,91200000,91200100,21088,35148,91300000,91300000
0,913,91300000,91300100,21088,35148,91400000,91400000
0,914,91400000,91400100,21088,35148,91500000,91500000
0,915,91500000,91500100,21088,35148,91600000,91600000
0,916,91600000,91600100,21088,35148,91700000,91700000
0,917,91700000,91700100,21088,35148,91800000,91800000
0,918,91800000,91800100,21088,35148,91900000,91900000
0,919,91900000,91900100,21088,35148,92000000,92000000
0,920,92000000,92000100,21088,35148,92100000,92100000
0,921,92100000,92100100,21088,35148,92200000,92200000
0,922,92200000,92200100,21088,35148,92300000,92300000
0,923,92300000,92300100,21088,35148,92400000,92400000
0,924,92400000,92400100,21088,35148,92500000,92500000
0,925,92500000,92500100,21088,35148,92600000,92600000
0,926,92600000,92600100,21088,35148,92700000,92700000
0,927,92700000,92700100,21088,35148,92800000,92800000
0,928,92800000,92800100,21088,35148,92900000,92900000
0,929,92900000,92900100,21088,35148,93000000,93000000
0,930,93000000,93000100,21088,35148,93100000,93100000
0,931,93100000,93100100,21088,35148,93200000,93200000
0,932,93200000,93200100,21088,35148,93300000,93300000
0,933,93300000,93300100,21088,35148,93400000,93400000
0,934,93400000,93400100,21088,35148,93500000,93500000
0,935,93500000,93500100,21088,35148,93600000,93600000
0,936,93600000,93600100,21088,35148,93700000,93700000
0,937,93700000,93700100,21088,35148,93800000,93800000
0,938,93800000,93800100,21088,35148,93900000,93900000
0,939,93900000,93900100,21088,35148,94000000,94000000
0,940,94000000,94000100,21088,35148,94100000,94100000
0,941,94100000,94100100,21088,35148,94200000,94200000
0,942,94200000,94200100,21088,35148,94300000,94300000
0,943,94300000,94300100,21088,35148,94400000,94400000
0,944,94400000,94400100,21088,35148,94500000,94500000
0,945,94500000,94500100,21088,35148,94600000,94600000
0,946,94600000,94600100,21088,35148,94700000,94700000
0,947,94700000,94700100,21088,35148,94800000,94800000
0,948,94800000,94800100,21088,35148,94900000,94900000
0,949,94900000,94900100,21088,35148,95000000,95000000
0,950,95000000,95000100,21088,35148,95100000,95100000
0,951,95100000,95100100,21088,35148,95200000,95200000
0,952,95200000,95200100,21088,35148,95300000,95300000
0,953,95300000,95300100,21088,35148,95400000,95400000
0,954,95400000,95400100,21088,35148,95500000,95500000
0,955,95500000,95500100,21088,35148,95600000,95600000
0,956,95600000,95600100,21088,35148,95700000,95700000
0,957,95700000,95700100,21088,35148,95800000,95800000
0,958,95800000,95800100,21088,35148,95900000,95900000
0,959,95900000,95900100,21088,35148,96000000,96000000
0,960,96000000,96000100,21088,35148,96100000,96100000
0,961,96100000,96100100,21088,35148,96200000,96200000
0,962,96200000,96200100,21088,35148,96300000,96300000
0,963,96300000,96300100,21088,35148,96400000,96400000
0,964,96400000,96400100,21088,35148,96500000,96500000
0,965,96500000,96500100,21088,35148,96600000,96600000
0,966,96600000,96600100,21088,35148,96700000,96700000
0,967,96700000,96700100,21088,35148,96800000,96800000
0,968,96800000,96800100,21088,35148,96900000,96900000
0,969,96900000,96900100,21088,35148,97000000,97000000
0,970,97000000,97000100,21088,35148,97100000,97100000
0,971,97100000,97100100,21088,35148,97200000,97200000
0,972,97200000,97200100,21088,35148,97300000,97300000
0,973,97300000,97300100,21088,35148,97400000,97400000
0,974,97400000,97400100,21088,35148,97500000,97500000
0,975,97500000,97500100,21088,35148,97600000,97600000
0,976,97600000,97600100,21088,35148,97700000,97700000
0,977,97700000,97700100,21088,35148,97800000,97800000
0,978,97800000,97800100,21088,35148,97900000,97900000
0,979,97900000,97900100,21088,35148,98000000,98000000
0,980,98000000,98000100,21088,35148,98100000,98100000
0,981,98100000,98100100,21088,35148,98200000,98200000
0,982,98200000,98200100,21088,35148,98300000,98300000
0,983,98300000,98300100,21088,35148,98400000,98400000
0,984,98400000,98400100,21088,35148,98500000,98500000
0,985,98500000,98500100,21088,35148,98600000,98600000
0,986,98600000,98600100,21088,35148,98700000,98700000
0,987,98700000,98700100,21088,35148,98800000,98800000
0,988,98800000,98800100,21088,35148,98900000,98900000
0,989,98900000,98900100,21088,35148,99000000,99000000
0,990,99000000,99000100,21088,35148,99100000,99100000
0,991,99100000,99100100,21088,35148,99200000,99200000
0,992,99200000,99200100,21088,35148,99300000,99300000
0,993,99300000,99300100,21088,35148,99400000,99400000
0,994,99400000,99400100,21088,35148,99500000,99500000
0,995,99500000,99500100,21088,35148,99600000,99600000
0,996,99600000,99600100,21088,35148,99700000,99700000
0,997,99700000,99700100,21088,35148,99800000,99800000
0,998,99800000,99800100,21088,35148,99900000,99900000
0,999,99900000,99900100,21088,35148,100000000,100000000
0,1000,100000000,100000100,21088,35148,100100000,100100000
0,1001,100100000,100100100,21088,35148,100200000,100200000
0,1002,100200000,100200100,21088,35148,100300000,100300000
0,1003,100300000,100300100,21088,35148,100400000,100400000
0,1004,100400000,100400100,21088,35148,100500000,100500000
0,1005,100500000,100500100,21088,35148,100600000,100600000
0,1006,100600000,100600100,21088,35148,100700000,100700000
0,1007,100700000,100700100,21088,35148,100800000,100800000
0,1008,100800000,100800100,21088,35148,100900000,100900000
0,1009,100900000,100900100,21088,35148,101000000,101000000
0,1010,101000000,101000100,21088,35148,101100000,101100000
0,1011,101100000,101100100,21088,35148,101200000,101200000
0,1012,101200000,101200100,21088,35148,101300000,101300000
0,1013,101300000,101300100,21088,35148,101400000,101400000
0,1014,101400000,101400100,21088,35148,101500000,101500000
0,1015,101500000,101500100,21088,35148,101600000,101600000
0,1016,101600000,101600100,21088,35148,101700000,101700000
0,1017,101700000,101700100,21088,35148,101800000,101800000
0,1018,101800000,101800100,21088,35148,101900000,101900000
0,1019,101900000,101900100,21088,35148,102000000,102000000
0,1020,102000000,102000100,21088,35148,102100000,102100000
0,1021,102100000,102100100,21088,35148,102200000,102200000
0,1022,102200000,102200100,21088,35148,102300000,102300000
0,1023,102300000,102300100,21088,35148,102400000,102400000
0,1024,102400000,102400100,21088,35148,102500000,102500000
0,1025,102500000,102500100,21088,35148,102600000,102600000
0,1026,102600000,102600100,21088,35148,102700000,102700000
0,1027,102700000,102700100,21088,35148,102800000,102800000
0,1028,102800000,102800100,21088,35148,102900000,102900000
0,1029,102900000,102900100,21088,35148,103000000,103000000
0,1030,103000000,103000100,21088,35148,103100000,103100000
0,1031,103100000,103100100,21088,35148,103200000,103200000
0,1032,103200000,103200100,21088,35148,103300000,103300000
0,1033,103300000,103300100,21088,35148,103400000,103400000
0,1034,103400000,103400100,21088,35148,103500000,103500000
0,1035,103500000,103500100,21088,35148,103600000,103600000
0,1036,103600000,103600100,21088,35148,103700000,103700000
0,1037,103700000,103700100,21088,35148,103800000,103800000
0,1038,103800000,103800100,21088,35148,103900000,103900000
0,1039,103900000,103900100,21088,35148,104000000,104000000
0,1040,104000000,104000100,21088,35148,104100000,104100000
0,1041,104100000,104100100,21088,35148,104200000,104200000
0,1042,104200000,104200100,21088,35148,104300000,104300000
0,1043,104300000,104300100,21088,35148,104400000,104400000
0,1044,104400000,104400100,21088,35148,104500000,104500000
0,1045,104500000,104500100,21088,35148,104600000,104600000
0,1046,104600000,104600100,21088,35148,104700000,104700000
0,1047,104700000,104700100,21088,35148,104800000,104800000
0,1048,104800000,104800100,21088,35148,104900000,104900000
0,1049,104900000,104900100,21088,35148,105000000,105000000
0,1050,105000000,105000100,21088,35148,105100000,105100000
0,1051,105100000,105100100,21088,35148,105200000,105200000
0,1052,105200000,105200100,21088,35148,105300000,105300000
0,1053,105300000,105300100,21088,35148,105400000,105400000
0,1054,105400000,105400100,21088,35148,105500000,105500000
0,1055,105500000,105500100,21088,35148,105600000,105600000
0,1056,105600000,105600100,21088,35148,105700000,105700000
0,1057,105700000,105700100,21088,35148,105800000,105800000
0,1058,105800000,105800100,21088,35148,105900000,105900000
0,1059,105900000,105900100,21088,35148,106000000,106000000
0,1060,106000000,106000100,21088,35148,106100000,106100000
0,1061,106100000,106100100,21088,35148,106200000,106200000
0,1062,106200000,106200100,21088,35148,106300000,106300000
0,1063,106300000,106300100,21088,35148,106400000,106400000
0,1064,106400000,106400100,21088,35148,106500000,106500000
0,1065,106500000,106500100,21088,35148,106600000,106600000
0,1066,106600000,106600100,21088,35148,106700000,106700000
0,1067,106700000,106700100,21088,35148,106800000,106800000
0,1068,106800000,106800100,21088,35148,106900000,106900000
0,1069,106900000,106900100,21088,35148,107000000,107000000
0,1070,107000000,107000100,21088,35148,107100000,107100000
1,0,0,100,12295,20493,350000,350000
1,1,350000,350100,12295,20493,700000,700000
1,2,700000,700100,12295,20493,1050000,1050000
1,3,1050000,1050100,12295,20493,1400000,1400000
1,4,1400000,1400100,12295,20493,1750000,1750000
1,5,1750000,1750100,12295,20493,2100000,2100000
1,6,2100000,2100100,12295,20493,2450000,2450000
1,7,2450000,2450100,12295,20493,2800000,2800000
1,8,2800000,2800100,12295,20493,3150000,3150000
1,9,3150000,3150100,12295,20493,3500000,3500000
1,10,3500000,3500100,12295,20493,3850000,3850000
1,11,3850000,3850100,12295,20493,4200000,4200000
1,12,4200000,4200100,12295,20493,4550000,4550000
1,13,4550000,4550100,12295,20493,4900000,4900000
1,14,4900000,4900100,12295,20493,5250000,5250000
1,15,5250000,5250100,12295,20493,5600000,5600000
1,16,5600000,5600100,12295,20493,5950000,5950000
1,17,5950000,5950100,12295,20493,6300000,6300000
1,18,6300000,6300100,12295,20493,6650000,6650000
1,19,6650000,6650100,12295,20493,7000000,7000000
1,20,7000000,7000100,12295,20493,7350000,7350000
1,21,7350000,7350100,12295,20493,7700000,7700000
1,22,7700000,7700100,12295,20493,8050000,8050000
1,23,8050000,8050100,12295,20493,8400000,8400000
1,24,8400000,8400100,12295,20493,8750000,8750000
1,25,8750000,8750100,12295,20493,9100000,9100000
1,26,9100000,9100100,12295,20493,9450000,9450000
1,27,9450000,9450100,12295,20493,9800000,9800000
1,28,9800000,9800100,12295,20493,10150000,10150000
1,29,10150000,10150100,12295,20493,10500000,10500000
1,30,10500000,10500100,12295,20493,10850000,10850000
1,31,10850000,10850100,12295,20493,11200000,11200000
1,32,11200000,11200100,12295,20493,11550000,11550000
1,33,11550000,11550100,12295,20493,11900000,11900000
1,34,11900000,11900100,12295,20493,12250000,12250000
1,35,12250000,12250100,12295,20493,12600000,12600000
1,36,12600000,12600100,12295,20493,12950000,12950000
1,37,12950000,12950100,12295,20493,13300000,13300000
1,38,13300000,13300100,12295,20493,13650000,13650000
1,39,13650000,13650100,12295,20493,14000000,14000000
1,40,14000000,14000100,12295,20493,14350000,14350000
1,41,14350000,14350100,12295,20493,14700000,14700000
1,42,14700000,14700100,12295,20493,15050000,15050000
1,43,15050000,15050100,12295,20493,15400000,15400000
1,44,15400000,15400100,12295,20493,15750000,15750000
1,45,15750000,15750100,12295,20493,16100000,16100000
1,46,16100000,16100100,12295,20493,16450000,16450000
1,47,16450000,16450100,12295,20493,16800000,16800000
1,48,16800000,16800100,12295,20493,17150000,17150000
1,49,17150000,17150100,12295,20493,17500000,17500000
1,50,17500000,17500100,12295,20493,17850000,17850000
1,51,17850000,17850100,12295,20493,18200000,18200000
1,52,18200000,18200100,12295,20493,18550000,18550000
1,53,18550000,18550100,12295,20493,18900000,18900000
1,54,18900000,18900100,12295,20493,19250000,19250000
1,55,19250000,19250100,12295,20493,19600000,19600000
1,56,19600000,19600100,12295,20493,19950000,19950000
1,57,19950000,19950100,12295,20493,20300000,20300000
1,58,20300000,20300100,12295,20493,20650000,20650000
1,59,20650000,20650100,12295,20493,21000000,21000000
1,60,21000000,21000100,12295,20493,21350000,21350000
1,61,21350000,21350100,12295,20493,21700000,21700000
1,62,21700000,21700100,12295,20493,22050000,22050000
1,63,22050000,22050100,12295,20493,22400000,22400000
1,64,22400000,22400100,12295,20493,22750000,22750000
1,65,22750000,22750100,12295,20493,23100000,23100000
1,66,23100000,23100100,12295,20493,23450000,23450000
1,67,23450000,23450100,12295,20493,23800000,23800000
1,68,23800000,23800100,12295,20493,24150000,24150000
1,69,24150000,24150100,12295,20493,24500000,24500000
1,70,24500000,24500100,12295,20493,24850000,24850000
1,71,24850000,24850100,12295,20493,25200000,25200000
1,72,25200000,25200100,12295,20493,25550000,25550000
1,73,25550000,25550100,12295,20493,25900000,25900000
1,74,25900000,25900100,12295,20493,26250000,26250000
1,75,26250000,26250100,12295,20493,26600000,26600000
1,76,26600000,26600100,12295,20493,26950000,26950000
1,77,26950000,26950100,12295,20493,27300000,27300000
1,78,27300000,27300100,12295,20493,27650000,27650000
1,79,27650000,27650100,12295,20493,28000000,28000000
1,80,28000000,28000100,12295,20493,28350000,28350000
1,81,28350000,28350100,12295,20493,28700000,28700000
1,82,28700000,28700100,12295,20493,29050000,29050000
1,83,29050000,29050100,12295,20493,29400000,29400000
1,84,29400000,29400100,12295,20493,29750000,29750000
1,85,29750000,29750100,12295,20493,30100000,30100000
1,86,30100000,30100100,12295,20493,30450000,30450000
1,87,30450000,30450100,12295,20493,30800000,30800000
1,88,30800000,30800100,12295,20493,31150000,31150000
1,89,31150000,31150100,12295,20493,31500000,31500000
1,90,31500000,31500100,12295,20493,31850000,31850000
1,91,31850000,31850100,12295,20493,32200000,32200000
1,92,32200000,32200100,12295,20493,32550000,32550000
1,93,32550000,32550100,12295,20493,32900000,32900000
1,94,32900000,32900100,12295,20493,33250000,33250000
1,95,33250000,33250100,12295,20493,33600000,33600000
1,96,33600000,33600100,12295,20493,33950000,33950000
1,97,33950000,33950100,12295,20493,34300000,34300000
1,98,34300000,34300100,12295,20493,34650000,34650000
1,99,34650000,34650100,12295,20493,35000000,35000000
1,100,35000000,35000100,12295,20493,35350000,35350000
1,101,35350000,35350100,12295,20493,35700000,35700000
1,102,35700000,35700100,12295,20493,36050000,36050000
1,103,36050000,36050100,12295,20493,36400000,36400000
1,104,36400000,36400100,12295,20493,36750000,36750000
1,105,36750000,36750100,12295,20493,37100000,37100000
1,106,37100000,37100100,12295,20493,37450000,37450000
1,107,37450000,37450100,12295,20493,37800000,37800000
1,108,37800000,37800100,12295,20493,38150000,38150000
1,109,38150000,38150100,12295,20493,38500000,38500000
1,110,38500000,38500100,12295,20493,38850000,38850000
1,111,38850000,38850100,12295,20493,39200000,39200000
1,112,39200000,39200100,12295,20493,39550000,39550000
1,113,39550000,39550100,12295,20493,39900000,39900000
1,114,39900000,39900100,12295,20493,40250000,40250000
1,115,40250000,40250100,12295,20493,40600000,40600000
1,116,40600000,40600100,12295,20493,40950000,40950000
1,117,40950000,40950100,12295,20493,41300000,41300000
1,118,41300000,41300100,12295,20493,41650000,41650000
1,119,41650000,41650100,12295,20493,42000000,42000000
1,120,42000000,42000100,12295,20493,42350000,42350000
1,121,42350000,42350100,12295,20493,42700000,42700000
1,122,42700000,42700100,12295,20493,43050000,43050000
1,123,43050000,43050100,12295,20493,43400000,43400000
1,124,43400000,43400100,12295,20493,43750000,43750000
1,125,43750000,43750100,12295,20493,44100000,44100000
1,126,44100000,44100100,12295,20493,44450000,44450000
1,127,44450000,44450100,12295,20493,44800000,44800000
1,128,44800000,44800100,12295,20493,45150000,45150000
1,129,45150000,45150100,12295,20493,45500000,45500000
1,130,45500000,45500100,12295,20493,45850000,45850000
1,131,45850000,45850100,12295,20493,46200000,46200000
1,132,46200000,46200100,12295,20493,46550000,46550000
1,133,46550000,46550100,12295,20493,46900000,46900000
1,134,46900000,46900100,12295,20493,47250000,47250000
1,135,47250000,47250100,12295,20493,47600000,47600000
1,136,47600000,47600100,12295,20493,47950000,47950000
1,137,47950000,47950100,12295,20493,48300000,48300000
1,138,48300000,48300100,12295,20493,48650000,48650000
1,139,48650000,48650100,12295,20493,49000000,49000000
1,140,49000000,49000100,12295,20493,49350000,49350000
1,141,49350000,49350100,12295,20493,49700000,49700000
1,142,49700000,49700100,12295,20493,50050000,50050000
1,143,50050000,50050100,12295,20493,50400000,50400000
1,144,50400000,50400100,12295,20493,50750000,50750000
1,145,50750000,50750100,12295,20493,51100000,51100000
1,146,51100000,51100100,12295,20493,51450000,51450000
1,147,51450000,51450100,12295,20493,51800000,51800000
1,148,51800000,51800100,12295,20493,52150000,52150000
1,149,52150000,52150100,12295,20493,52500000,52500000
1,150,52500000,52500100,12295,20493,52850000,52850000
1,151,52850000,52850100,12295,20493,53200000,53200000
1,152,53200000,53200100,12295,20493,53550000,53550000
1,153,53550000,53550100,12295,20493,53900000,53900000
1,154,53900000,53900100,12295,20493,54250000,54250000
1,155,54250000,54250100,12295,20493,54600000,54600000
1,156,54600000,54600100,12295,20493,54950000,54950000
1,157,54950000,54950100,12295,20493,55300000,55300000
1,158,55300000,55300100,12295,20493,55650000,55650000
1,159,55650000,55650100,12295,20493,56000000,56000000
1,160,56000000,56000100,12295,20493,56350000,56350000
1,161,56350000,56350100,12295,20493,56700000,56700000
1,162,56700000,56700100,12295,20493,57050000,57050000
1,163,57050000,57050100,12295,20493,57400000,57400000
1,164,57400000,57400100,12295,20493,57750000,57750000
1,165,57750000,57750100,12295,20493,58100000,58100000
1,166,58100000,58100100,12295,20493,58450000,58450000
1,167,58450000,58450100,12295,20493,58800000,58800000
1,168,58800000,58800100,12295,20493,59150000,59150000
1,169,59150000,59150100,12295,20493,59500000,59500000
1,170,59500000,59500100,12295,20493,59850000,59850000
1,171,59850000,59850100,12295,20493,60200000,60200000
1,172,60200000,60200100,12295,20493,60550000,60550000
1,173,60550000,60550100,12295,20493,60900000,60900000
1,174,60900000,60900100,12295,20493,61250000,61250000
1,175,61250000,61250100,12295,20493,61600000,61600000
1,176,61600000,61600100,12295,20493,61950000,61950000
1,177,61950000,61950100,12295,20493,62300000,62300000
1,178,62300000,62300100,12295,20493,62650000,62650000
1,179,62650000,62650100,12295,20493,63000000,63000000
1,180,63000000,63000100,12295,20493,63350000,63350000
1,181,63350000,63350100,12295,20493,63700000,63700000
1,182,63700000,63700100,12295,20493,64050000,64050000
1,183,64050000,64050100,12295,20493,64400000,64400000
1,184,64400000,64400100,12295,20493,64750000,64750000
1,185,64750000,64750100,12295,20493,65100000,65100000
1,186,65100000,65100100,12295,20493,65450000,65450000
1,187,65450000,65450100,12295,20493,65800000,65800000
1,188,65800000,65800100,12295,20493,66150000,66150000
1,189,66150000,66150100,12295,20493,66500000,66500000
1,190,66500000,66500100,12295,20493,66850000,66850000
1,191,66850000,66850100,12295,20493,67200000,67200000
1,192,67200000,67200100,12295,20493,67550000,67550000
1,193,67550000,67550100,12295,20493,67900000,67900000
1,194,67900000,67900100,12295,20493,68250000,68250000
1,195,68250000,68250100,12295,20493,68600000,68600000
1,196,68600000,68600100,12295,20493,68950000,68950000
1,197,68950000,68950100,12295,20493,69300000,69300000
1,198,69300000,69300100,12295,20493,69650000,69650000
1,199,69650000,69650100,12295,20493,70000000,70000000
1,200,70000000,70000100,12295,20493,70350000,70350000
1,201,70350000,70350100,12295,20493,70700000,70700000
1,202,70700000,70700100,12295,20493,71050000,71050000
1,203,71050000,71050100,12295,20493,71400000,71400000
1,204,71400000,71400100,12295,20493,71750000,71750000
1,205,71750000,71750100,12295,20493,72100000,72100000
1,206,72100000,72100100,12295,20493,72450000,72450000
1,207,72450000,72450100,12295,20493,72800000,72800000
1,208,72800000,72800100,12295,20493,73150000,73150000
1,209,73150000,73150100,12295,20493,73500000,73500000
1,210,73500000,73500100,12295,20493,73850000,73850000
1,211,73850000,73850100,12295,20493,74200000,74200000
1,212,74200000,74200100,12295,20493,74550000,74550000
1,213,74550000,74550100,12295,20493,74900000,74900000
1,214,74900000,74900100,12295,20493,75250000,75250000
1,215,75250000,75250100,12295,20493,75600000,75600000
1,216,75600000,75600100,12295,20493,75950000,75950000
1,217,75950000,75950100,12295,20493,76300000,76300000
1,218,76300000,76300100,12295,20493,76650000,76650000
1,219,76650000,76650100,12295,20493,77000000,77000000
1,220,77000000,77000100,12295,20493,77350000,77350000
1,221,77350000,77350100,12295,20493,77700000,77700000
1,222,77700000,77700100,12295,20493,78050000,78050000
1,223,78050000,78050100,12295,20493,78400000,78400000
1,224,78400000,78400100,12295,20493,78750000,78750000
1,225,78750000,78750100,12295,20493,79100000,79100000
1,226,79100000,79100100,12295,20493,79450000,79450000
1,227,79450000,79450100,12295,20493,79800000,79800000
1,228,79800000,79800100,12295,20493,80150000,80150000
1,229,80150000,80150100,12295,20493,80500000,80500000
1,230,80500000,80500100,12295,20493,80850000,80850000
1,231,80850000,80850100,12295,20493,81200000,81200000
1,232,81200000,81200100,12295,20493,81550000,81550000
1,233,81550000,81550100,12295,20493,81900000,81900000
1,234,81900000,81900100,12295,20493,82250000,82250000
1,235,82250000,82250100,12295,20493,82600000,82600000
1,236,82600000,82600100,12295,20493,82950000,82950000
1,237,82950000,82950100,12295,20493,83300000,83300000
1,238,83300000,83300100,12295,20493,83650000,83650000
1,239,83650000,83650100,12295,20493,84000000,84000000
1,240,84000000,84000100,12295,20493,84350000,84350000
1,241,84350000,84350100,12295,20493,84700000,84700000
1,242,84700000,84700100,12295,20493,85050000,85050000
1,243,85050000,85050100,12295,20493,85400000,85400000
1,244,85400000,85400100,12295,20493,85750000,85750000
1,245,85750000,85750100,12295,20493,86100000,86100000
1,246,86100000,86100100,12295,20493,86450000,86450000
1,247,86450000,86450100,12295,20493,86800000,86800000
1,248,86800000,86800100,12295,20493,87150000,87150000
1,249,87150000,87150100,12295,20493,87500000,87500000
1,250,87500000,87500100,12295,20493,87850000,87850000
1,251,87850000,87850100,12295,20493,88200000,88200000
1,252,88200000,88200100,12295,20493,88550000,88550000
1,253,88550000,88550100,12295,20493,88900000,88900000
1,254,88900000,88900100,12295,20493,89250000,89250000
1,255,89250000,89250100,12295,20493,89600000,89600000
1,256,89600000,89600100,12295,20493,89950000,89950000
1,257,89950000,89950100,12295,20493,90300000,90300000
1,258,90300000,90300100,12295,20493,90650000,90650000
1,259,90650000,90650100,12295,20493,91000000,91000000
1,260,91000000,91000100,12295,20493,91350000,91350000
1,261,91350000,91350100,12295,20493,91700000,91700000
1,262,91700000,91700100,12295,20493,92050000,92050000
1,263,92050000,92050100,12295,20493,92400000,92400000
1,264,92400000,92400100,12295,20493,92750000,92750000
1,265,92750000,92750100,12295,20493,93100000,93100000
1,266,93100000,93100100,12295,20493,93450000,93450000
1,267,93450000,93450100,12295,20493,93800000,93800000
1,268,93800000,93800100,12295,20493,94150000,94150000
1,269,94150000,94150100,12295,20493,94500000,94500000
1,270,94500000,94500100,12295,20493,94850000,94850000
1,271,94850000,94850100,12295,20493,95200000,95200000
1,272,95200000,95200100,12295,20493,95550000,95550000
1,273,95550000,95550100,12295,20493,95900000,95900000
1,274,95900000,95900100,12295,20493,96250000,96250000
1,275,96250000,96250100,12295,20493,96600000,96600000
1,276,96600000,96600100,12295,20493,96950000,96950000
1,277,96950000,96950100,12295,20493,97300000,97300000
1,278,97300000,97300100,12295,20493,97650000,97650000
1,279,97650000,97650100,12295,20493,98000000,98000000
1,280,98000000,98000100,12295,20493,98350000,98350000
1,281,98350000,98350100,12295,20493,98700000,98700000
1,282,98700000,98700100,12295,20493,99050000,99050000
1,283,99050000,99050100,12295,20493,99400000,99400000
1,284,99400000,99400100,12295,20493,99750000,99750000
1,285,99750000,99750100,12295,20493,100100000,100100000
1,286,100100000,100100100,12295,20493,100450000,100450000
1,287,100450000,100450100,12295,20493,100800000,100800000
1,288,100800000,100800100,12295,20493,101150000,101150000
1,289,101150000,101150100,12295,20493,101500000,101500000
1,290,101500000,101500100,12295,20493,101850000,101850000
1,291,101850000,101850100,12295,20493,102200000,102200000
1,292,102200000,102200100,12295,20493,102550000,102550000
1,293,102550000,102550100,12295,20493,102900000,102900000
1,294,102900000,102900100,12295,20493,103250000,103250000
1,295,103250000,103250100,12295,20493,103600000,103600000
1,296,103600000,103600100,12295,20493,103950000,103950000
1,297,103950000,103950100,12295,20493,104300000,104300000
1,298,104300000,104300100,12295,20493,104650000,104650000
1,299,104650000,104650100,12295,20493,105000000,105000000
1,300,105000000,105000100,12295,20493,105350000,105350000
1,301,105350000,105350100,12295,20493,105700000,105700000
1,302,105700000,105700100,12295,20493,106050000,106050000
1,303,106050000,106050100,12295,20493,106400000,106400000
1,304,106400000,106400100,12295,20493,106750000,106750000
1,305,106750000,106750100,12295,20493,107100000,107100000
2,0,0,100,183075,305126,350000,350000
2,1,350000,350100,183075,305126,700000,700000
2,2,700000,700100,183075,305126,1050000,1050000
2,3,1050000,1050100,183075,305126,1400000,1400000
2,4,1400000,1400100,183075,305126,1750000,1750000
2,5,1750000,1750100,183075,305126,2100000,2100000
2,6,2100000,2100100,183075,305126,2450000,2450000
2,7,2450000,2450100,183075,305126,2800000,2800000
2,8,2800000,2800100,183075,305126,3150000,3150000
2,9,3150000,3150100,183075,305126,3500000,3500000
2,10,3500000,3500100,183075,305126,3850000,3850000
2,11,3850000,3850100,183075,305126,4200000,4200000
2,12,4200000,4200100,183075,305126,4550000,4550000
2,13,4550000,4550100,183075,305126,4900000,4900000
2,14,4900000,4900100,183075,305126,5250000,5250000
2,15,5250000,5250100,183075,305126,5600000,5600000
2,16,5600000,5600100,183075,305126,5950000,5950000
2,17,5950000,5950100,183075,305126,6300000,6300000
2,18,6300000,6300100,183075,305126,6650000,6650000
2,19,6650000,6650100,183075,305126,7000000,7000000
2,20,7000000,7000100,183075,305126,7350000,7350000
2,21,7350000,7350100,183075,305126,7700000,7700000
2,22,7700000,7700100,183075,305126,8050000,8050000
2,23,8050000,8050100,183075,305126,8400000,8400000
2,24,8400000,8400100,183075,305126,8750000,8750000
2,25,8750000,8750100,183075,305126,9100000,9100000
2,26,9100000,9100100,183075,305126,9450000,9450000
2,27,9450000,9450100,183075,305126,9800000,9800000
2,28,9800000,9800100,183075,305126,10150000,10150000
2,29,10150000,10150100,183075,305126,10500000,10500000
2,30,10500000,10500100,183075,305126,10850000,10850000
2,31,10850000,10850100,183075,305126,11200000,11200000
2,32,11200000,11200100,183075,305126,11550000,11550000
2,33,11550000,11550100,183075,305126,11900000,11900000
2,34,11900000,11900100,183075,305126,12250000,12250000
2,35,12250000,12250100,183075,305126,12600000,12600000
2,36,12600000,12600100,183075,305126,12950000,12950000
2,37,12950000,12950100,183075,305126,13300000,13300000
2,38,13300000,13300100,183075,305126,13650000,13650000
2,39,13650000,13650100,183075,305126,14000000,14000000
2,40,14000000,14000100,183075,305126,14350000,14350000
2,41,14350000,14350100,183075,305126,14700000,14700000
2,42,14700000,14700100,183075,305126,15050000,15050000
2,43,15050000,15050100,183075,305126,15400000,15400000
2,44,15400000,15400100,183075,305126,15750000,15750000
2,45,15750000,15750100,183075,305126,16100000,16100000
2,46,16100000,16100100,183075,305126,16450000,16450000
2,47,16450000,16450100,183075,305126,16800000,16800000
2,48,16800000,16800100,183075,305126,17150000,17150000
2,49,17150000,17150100,183075,305126,17500000,17500000
2,50,17500000,17500100,183075,305126,17850000,17850000
2,51,17850000,17850100,183075,305126,18200000,18200000
2,52,18200000,18200100,183075,305126,18550000,18550000
2,53,18550000,18550100,183075,305126,18900000,18900000
2,54,18900000,18900100,183075,305126,19250000,19250000
2,55,19250000,19250100,183075,305126,19600000,19600000
2,56,19600000,19600100,183075,305126,19950000,19950000
2,57,19950000,19950100,183075,305126,20300000,20300000
2,58,20300000,20300100,183075,305126,20650000,20650000
2,59,20650000,20650100,183075,305126,21000000,21000000
2,60,21000000,21000100,183075,305126,21350000,21350000
2,61,21350000,21350100,183075,305126,21700000,21700000
2,62,21700000,21700100,183075,305126,22050000,22050000
2,63,22050000,22050100,183075,305126,22400000,22400000
2,64,22400000,22400100,183075,305126,22750000,22750000
2,65,22750000,22750100,183075,305126,23100000,23100000
2,66,23100000,23100100,183075,305126,23450000,23450000
2,67,23450000,23450100,183075,305126,23800000,23800000
2,68,23800000,23800100,183075,305126,24150000,24150000
2,69,24150000,24150100,183075,305126,24500000,24500000
2,70,24500000,24500100,183075,305126,24850000,24850000
2,71,24850000,24850100,183075,305126,25200000,25200000
2,72,25200000,25200100,183075,305126,25550000,25550000
2,73,25550000,25550100,183075,305126,25900000,25900000
2,74,25900000,25900100,183075,305126,26250000,26250000
2,75,26250000,26250100,183075,305126,26600000,26600000
2,76,26600000,26600100,183075,305126,26950000,26950000
2,77,26950000,26950100,183075,305126,27300000,27300000
2,78,27300000,27300100,183075,305126,27650000,27650000
2,79,27650000,27650100,183075,305126,28000000,28000000
2,80,28000000,28000100,183075,305126,28350000,28350000
2,81,28350000,28350100,183075,305126,28700000,28700000
2,82,28700000,28700100,183075,305126,29050000,29050000
2,83,29050000,29050100,183075,305126,29400000,29400000
2,84,29400000,29400100,183075,305126,29750000,29750000
2,85,29750000,29750100,183075,305126,30100000,30100000
2,86,30100000,30100100,183075,305126,30450000,30450000
2,87,30450000,30450100,183075,305126,30800000,30800000
2,88,30800000,30800100,183075,305126,31150000,31150000
2,89,31150000,31150100,183075,305126,31500000,31500000
2,90,31500000,31500100,183075,305126,31850000,31850000
2,91,31850000,31850100,183075,305126,32200000,32200000
2,92,32200000,32200100,183075,305126,32550000,32550000
2,93,32550000,32550100,183075,305126,32900000,32900000
2,94,32900000,32900100,183075,305126,33250000,33250000
2,95,33250000,33250100,183075,305126,33600000,33600000
2,96,33600000,33600100,183075,305126,33950000,33950000
2,97,33950000,33950100,183075,305126,34300000,34300000
2,98,34300000,34300100,183075,305126,34650000,34650000
2,99,34650000,34650100,183075,305126,35000000,35000000
2,100,35000000,35000100,183075,305126,35350000,35350000
2,101,35350000,35350100,183075,305126,35700000,35700000
2,102,35700000,35700100,183075,305126,36050000,36050000
2,103,36050000,36050100,183075,305126,36400000,36400000
2,104,36400000,36400100,183075,305126,36750000,36750000
2,105,36750000,36750100,183075,305126,37100000,37100000
2,106,37100000,37100100,183075,305126,37450000,37450000
2,107,37450000,37450100,183075,305126,37800000,37800000
2,108,37800000,37800100,183075,305126,38150000,38150000
2,109,38150000,38150100,183075,305126,38500000,38500000
2,110,38500000,38500100,183075,305126,38850000,38850000
2,111,38850000,38850100,183075,305126,39200000,39200000
2,112,39200000,39200100,183075,305126,39550000,39550000
2,113,39550000,39550100,183075,305126,39900000,39900000
2,114,39900000,39900100,183075,305126,40250000,40250000
2,115,40250000,40250100,183075,305126,40600000,40600000
2,116,40600000,40600100,183075,305126,40950000,40950000
2,117,40950000,40950100,183075,305126,41300000,41300000
2,118,41300000,41300100,183075,305126,41650000,41650000
2,119,41650000,41650100,183075,305126,42000000,42000000
2,120,42000000,42000100,183075,305126,42350000,42350000
2,121,42350000,42350100,183075,305126,42700000,42700000
2,122,42700000,42700100,183075,305126,43050000,43050000
2,123,43050000,43050100,183075,305126,43400000,43400000
2,124,43400000,43400100,183075,305126,43750000,43750000
2,125,43750000,43750100,183075,305126,44100000,44100000
2,126,44100000,44100100,183075,305126,44450000,44450000
2,127,44450000,44450100,183075,305126,44800000,44800000
2,128,44800000,44800100,183075,305126,45150000,45150000
2,129,45150000,45150100,183075,305126,45500000,45500000
2,130,45500000,45500100,183075,305126,45850000,45850000
2,131,45850000,45850100,183075,305126,46200000,46200000
2,132,46200000,46200100,183075,305126,46550000,46550000
2,133,46550000,46550100,183075,305126,46900000,46900000
2,134,46900000,46900100,183075,305126,47250000,47250000
2,135,47250000,47250100,183075,305126,47600000,47600000
2,136,47600000,47600100,183075,305126,47950000,47950000
2,137,47950000,47950100,183075,305126,48300000,48300000
2,138,48300000,48300100,183075,305126,48650000,48650000
2,139,48650000,48650100,183075,305126,49000000,49000000
2,140,49000000,49000100,183075,305126,49350000,49350000
2,141,49350000,49350100,183075,305126,49700000,49700000
2,142,49700000,49700100,183075,305126,50050000,50050000
2,143,50050000,50050100,183075,305126,50400000,50400000
2,144,50400000,50400100,183075,305126,50750000,50750000
2,145,50750000,50750100,183075,305126,51100000,51100000
2,146,51100000,51100100,183075,305126,51450000,51450000
2,147,51450000,51450100,183075,305126,51800000,51800000
2,148,51800000,51800100,183075,305126,52150000,52150000
2,149,52150000,52150100,183075,305126,52500000,52500000
2,150,52500000,52500100,183075,305126,52850000,52850000
2,151,52850000,52850100,183075,305126,53200000,53200000
2,152,53200000,53200100,183075,305126,53550000,53550000
2,153,53550000,53550100,183075,305126,53900000,53900000
2,154,53900000,53900100,183075,305126,54250000,54250000
2,155,54250000,54250100,183075,305126,54600000,54600000
2,156,54600000,54600100,183075,305126,54950000,54950000
2,157,54950000,54950100,183075,305126,55300000,55300000
2,158,55300000,55300100,183075,305126,55650000,55650000
2,159,55650000,55650100,183075,305126,56000000,56000000
2,160,56000000,56000100,183075,305126,56350000,56350000
2,161,56350000,56350100,183075,305126,56700000,56700000
2,162,56700000,56700100,183075,305126,57050000,57050000
2,163,57050000,57050100,183075,305126,57400000,57400000
2,164,57400000,57400100,183075,305126,57750000,57750000
2,165,57750000,57750100,183075,305126,58100000,58100000
2,166,58100000,58100100,183075,305126,58450000,58450000
2,167,58450000,58450100,183075,305126,58800000,58800000
2,168,58800000,58800100,183075,305126,59150000,59150000
2,169,59150000,59150100,183075,305126,59500000,59500000
2,170,59500000,59500100,183075,305126,59850000,59850000
2,171,59850000,59850100,183075,305126,60200000,60200000
2,172,60200000,60200100,183075,305126,60550000,60550000
2,173,60550000,60550100,183075,305126,60900000,60900000
2,174,60900000,60900100,183075,305126,61250000,61250000
2,175,61250000,61250100,183075,305126,61600000,61600000
2,176,61600000,61600100,183075,305126,61950000,61950000
2,177,61950000,61950100,183075,305126,62300000,62300000
2,178,62300000,62300100,183075,305126,62650000,62650000
2,179,62650000,62650100,183075,305126,63000000,63000000
2,180,63000000,63000100,183075,305126,63350000,63350000
2,181,63350000,63350100,183075,305126,63700000,63700000
2,182,63700000,63700100,183075,305126,64050000,64050000
2,183,64050000,64050100,183075,305126,64400000,64400000
2,184,64400000,64400100,183075,305126,64750000,64750000
2,185,64750000,64750100,183075,305126,65100000,65100000
2,186,65100000,65100100,183075,305126,65450000,65450000
2,187,65450000,65450100,183075,305126,65800000,65800000
2,188,65800000,65800100,183075,305126,66150000,66150000
2,189,66150000,66150100,183075,305126,66500000,66500000
2,190,66500000,66500100,183075,305126,66850000,66850000
2,191,66850000,66850100,183075,305126,67200000,67200000
2,192,67200000,67200100,183075,305126,67550000,67550000
2,193,67550000,67550100,183075,305126,67900000,67900000
2,194,67900000,67900100,183075,305126,68250000,68250000
2,195,68250000,68250100,183075,305126,68600000,68600000
2,196,68600000,68600100,183075,305126,68950000,68950000
2,197,68950000,68950100,183075,305126,69300000,69300000
2,198,69300000,69300100,183075,305126,69650000,69650000
2,199,69650000,69650100,183075,305126,70000000,70000000
2,200,70000000,70000100,183075,305126,70350000,70350000
2,201,70350000,70350100,183075,305126,70700000,70700000
2,202,70700000,70700100,183075,305126,71050000,71050000
2,203,71050000,71050100,183075,305126,71400000,71400000
2,204,71400000,71400100,183075,305126,71750000,71750000
2,205,71750000,71750100,183075,305126,72100000,72100000
2,206,72100000,72100100,183075,305126,72450000,72450000
2,207,72450000,72450100,183075,305126,72800000,72800000
2,208,72800000,72800100,183075,305126,73150000,73150000
2,209,73150000,73150100,183075,305126,73500000,73500000
2,210,73500000,73500100,183075,305126,73850000,73850000
2,211,73850000,73850100,183075,305126,74200000,74200000
2,212,74200000,74200100,183075,305126,74550000,74550000
2,213,74550000,74550100,183075,305126,74900000,74900000
2,214,74900000,74900100,183075,305126,75250000,75250000
2,215,75250000,75250100,183075,305126,75600000,75600000
2,216,75600000,75600100,183075,305126,75950000,75950000
2,217,75950000,75950100,183075,305126,76300000,76300000
2,218,76300000,76300100,183075,305126,76650000,76650000
2,219,76650000,76650100,183075,305126,77000000,77000000
2,220,77000000,77000100,183075,305126,77350000,77350000
2,221,77350000,77350100,183075,305126,77700000,77700000
2,222,77700000,77700100,183075,305126,78050000,78050000
2,223,78050000,78050100,183075,305126,78400000,78400000
2,224,78400000,78400100,183075,305126,78750000,78750000
2,225,78750000,78750100,183075,305126,79100000,79100000
2,226,79100000,79100100,183075,305126,79450000,79450000
2,227,79450000,79450100,183075,305126,79800000,79800000
2,228,79800000,79800100,183075,305126,80150000,80150000
2,229,80150000,80150100,183075,305126,80500000,80500000
2,230,80500000,80500100,183075,305126,80850000,80850000
2,231,80850000,80850100,183075,305126,81200000,81200000
2,232,81200000,81200100,183075,305126,81550000,81550000
2,233,81550000,81550100,183075,305126,81900000,81900000
2,234,81900000,81900100,183075,305126,82250000,82250000
2,235,82250000,82250100,183075,305126,82600000,82600000
2,236,82600000,82600100,183075,305126,82950000,82950000
2,237,82950000,82950100,183075,305126,83300000,83300000
2,238,83300000,83300100,183075,305126,83650000,83650000
2,239,83650000,83650100,183075,305126,84000000,84000000
2,240,84000000,84000100,183075,305126,84350000,84350000
2,241,84350000,84350100,183075,305126,84700000,84700000
2,242,84700000,84700100,183075,305126,85050000,85050000
2,243,85050000,85050100,183075,305126,85400000,85400000
2,244,85400000,85400100,183075,305126,85750000,85750000
2,245,85750000,85750100,183075,305126,86100000,86100000
2,246,86100000,86100100,183075,305126,86450000,86450000
2,247,86450000,86450100,183075,305126,86800000,86800000
2,248,86800000,86800100,183075,305126,87150000,87150000
2,249,87150000,87150100,183075,305126,87500000,87500000
2,250,87500000,87500100,183075,305126,87850000,87850000
2,251,87850000,87850100,183075,305126,88200000,88200000
2,252,88200000,88200100,183075,305126,88550000,88550000
2,253,88550000,88550100,183075,305126,88900000,88900000
2,254,88900000,88900100,183075,305126,89250000,89250000
2,255,89250000,89250100,183075,305126,89600000,89600000
2,256,89600000,89600100,183075,305126,89950000,89950000
2,257,89950000,89950100,183075,305126,90300000,90300000
2,258,90300000,90300100,183075,305126,90650000,90650000
2,259,90650000,90650100,183075,305126,91000000,91000000
2,260,91000000,91000100,183075,305126,91350000,91350000
2,261,91350000,91350100,183075,305126,91700000,91700000
2,262,91700000,91700100,183075,305126,92050000,92050000
2,263,92050000,92050100,183075,305126,92400000,92400000
2,264,92400000,92400100,183075,305126,92750000,92750000
2,265,92750000,92750100,183075,305126,93100000,93100000
2,266,93100000,93100100,183075,305126,93450000,93450000
2,267,93450000,93450100,183075,305126,93800000,93800000
2,268,93800000,93800100,183075,305126,94150000,94150000
2,269,94150000,94150100,183075,305126,94500000,94500000
2,270,94500000,94500100,183075,305126,94850000,94850000
2,271,94850000,94850100,183075,305126,95200000,95200000
2,272,95200000,95200100,183075,305126,95550000,95550000
2,273,95550000,95550100,183075,305126,95900000,95900000
2,274,95900000,95900100,183075,305126,96250000,96250000
2,275,96250000,96250100,183075,305126,96600000,96600000
2,276,96600000,96600100,183075,305126,96950000,96950000
2,277,96950000,96950100,183075,305126,97300000,97300000
2,278,97300000,97300100,183075,305126,97650000,97650000
2,279,97650000,97650100,183075,305126,98000000,98000000
2,280,98000000,98000100,183075,305126,98350000,98350000
2,281,98350000,98350100,183075,305126,98700000,98700000
2,282,98700000,98700100,183075,305126,99050000,99050000
2,283,99050000,99050100,183075,305126,99400000,99400000
2,284,99400000,99400100,183075,305126,99750000,99750000
2,285,99750000,99750100,183075,305126,100100000,100100000
2,286,100100000,100100100,183075,305126,100450000,100450000
2,287,100450000,100450100,183075,305126,100800000,100800000
2,288,100800000,100800100,183075,305126,101150000,101150000
2,289,101150000,101150100,183075,305126,101500000,101500000
2,290,101500000,101500100,183075,305126,101850000,101850000
2,291,101850000,101850100,183075,305126,102200000,102200000
2,292,102200000,102200100,183075,305126,102550000,102550000
2,293,102550000,102550100,183075,305126,102900000,102900000
2,294,102900000,102900100,183075,305126,103250000,103250000
2,295,103250000,103250100,183075,305126,103600000,103600000
2,296,103600000,103600100,183075,305126,103950000,103950000
2,297,103950000,103950100,183075,305126,104300000,104300000
2,298,104300000,104300100,183075,305126,104650000,104650000
2,299,104650000,104650100,183075,305126,105000000,105000000
2,300,105000000,105000100,183075,305126,105350000,105350000
2,301,105350000,105350100,183075,305126,105700000,105700000
2,302,105700000,105700100,183075,305126,106050000,106050000
2,303,106050000,106050100,183075,305126,106400000,106400000
2,304,106400000,106400100,183075,305126,106750000,106750000
2,305,106750000,106750100,183075,305126,107100000,107100000
3,0,0,100,50259,83765,450000,450000
3,1,450000,450100,50259,83765,900000,900000
3,2,900000,900100,50259,83765,1350000,1350000
3,3,1350000,1350100,50259,83765,1800000,1800000
3,4,1800000,1800100,50259,83765,2250000,2250000
3,5,2250000,2250100,50259,83765,2700000,2700000
3,6,2700000,2700100,50259,83765,3150000,3150000
3,7,3150000,3150100,50259,83765,3600000,3600000
3,8,3600000,3600100,50259,83765,4050000,4050000
3,9,4050000,4050100,50259,83765,4500000,4500000
3,10,4500000,4500100,50259,83765,4950000,4950000
3,11,4950000,4950100,50259,83765,5400000,5400000
3,12,5400000,5400100,50259,83765,5850000,5850000
3,13,5850000,5850100,50259,83765,6300000,6300000
3,14,6300000,6300100,50259,83765,6750000,6750000
3,15,6750000,6750100,50259,83765,7200000,7200000
3,16,7200000,7200100,50259,83765,7650000,7650000
3,17,7650000,7650100,50259,83765,8100000,8100000
3,18,8100000,8100100,50259,83765,8550000,8550000
3,19,8550000,8550100,50259,83765,9000000,9000000
3,20,9000000,9000100,50259,83765,9450000,9450000
3,21,9450000,9450100,50259,83765,9900000,9900000
3,22,9900000,9900100,50259,83765,10350000,10350000
3,23,10350000,10350100,50259,83765,10800000,10800000
3,24,10800000,10800100,50259,83765,11250000,11250000
3,25,11250000,11250100,50259,83765,11700000,11700000
3,26,11700000,11700100,50259,83765,12150000,12150000
3,27,12150000,12150100,50259,83765,12600000,12600000
3,28,12600000,12600100,50259,83765,13050000,13050000
3,29,13050000,13050100,50259,83765,13500000,13500000
3,30,13500000,13500100,50259,83765,13950000,13950000
3,31,13950000,13950100,50259,83765,14400000,14400000
3,32,14400000,14400100,50259,83765,14850000,14850000
3,33,14850000,14850100,50259,83765,15300000,15300000
3,34,15300000,15300100,50259,83765,15750000,15750000
3,35,15750000,15750100,50259,83765,16200000,16200000
3,36,16200000,16200100,50259,83765,16650000,16650000
3,37,16650000,16650100,50259,83765,17100000,17100000
3,38,17100000,17100100,50259,83765,17550000,17550000
3,39,17550000,17550100,50259,83765,18000000,18000000
3,40,18000000,18000100,50259,83765,18450000,18450000
3,41,18450000,18450100,50259,83765,18900000,18900000
3,42,18900000,18900100,50259,83765,19350000,19350000
3,43,19350000,19350100,50259,83765,19800000,19800000
3,44,19800000,19800100,50259,83765,20250000,20250000
3,45,20250000,20250100,50259,83765,20700000,20700000
3,46,20700000,20700100,50259,83765,21150000,21150000
3,47,21150000,21150100,50259,83765,21600000,21600000
3,48,21600000,21600100,50259,83765,22050000,22050000
3,49,22050000,22050100,50259,83765,22500000,22500000
3,50,22500000,22500100,50259,83765,22950000,22950000
3,51,22950000,22950100,50259,83765,23400000,23400000
3,52,23400000,23400100,50259,83765,23850000,23850000
3,53,23850000,23850100,50259,83765,24300000,24300000
3,54,24300000,24300100,50259,83765,24750000,24750000
3,55,24750000,24750100,50259,83765,25200000,25200000
3,56,25200000,25200100,50259,83765,25650000,25650000
3,57,25650000,25650100,50259,83765,26100000,26100000
3,58,26100000,26100100,50259,83765,26550000,26550000
3,59,26550000,26550100,50259,83765,27000000,27000000
3,60,27000000,27000100,50259,83765,27450000,27450000
3,61,27450000,27450100,50259,83765,27900000,27900000
3,62,27900000,27900100,50259,83765,28350000,28350000
3,63,28350000,28350100,50259,83765,28800000,28800000
3,64,28800000,28800100,50259,83765,29250000,29250000
3,65,29250000,29250100,50259,83765,29700000,29700000
3,66,29700000,29700100,50259,83765,30150000,30150000
3,67,30150000,30150100,50259,83765,30600000,30600000
3,68,30600000,30600100,50259,83765,31050000,31050000
3,69,31050000,31050100,50259,83765,31500000,31500000
3,70,31500000,31500100,50259,83765,31950000,31950000
3,71,31950000,31950100,50259,83765,32400000,32400000
3,72,32400000,32400100,50259,83765,32850000,32850000
3,73,32850000,32850100,50259,83765,33300000,33300000
3,74,33300000,33300100,50259,83765,33750000,33750000
3,75,33750000,33750100,50259,83765,34200000,34200000
3,76,34200000,34200100,50259,83765,34650000,34650000
3,77,34650000,34650100,50259,83765,35100000,35100000
3,78,35100000,35100100,50259,83765,35550000,35550000
3,79,35550000,35550100,50259,83765,36000000,36000000
3,80,36000000,36000100,50259,83765,36450000,36450000
3,81,36450000,36450100,50259,83765,36900000,36900000
3,82,36900000,36900100,50259,83765,37350000,37350000
3,83,37350000,37350100,50259,83765,37800000,37800000
3,84,37800000,37800100,50259,83765,38250000,38250000
3,85,38250000,38250100,50259,83765,38700000,38700000
3,86,38700000,38700100,50259,83765,39150000,39150000
3,87,39150000,39150100,50259,83765,39600000,39600000
3,88,39600000,39600100,50259,83765,40050000,40050000
3,89,40050000,40050100,50259,83765,40500000,40500000
3,90,40500000,40500100,50259,83765,40950000,40950000
3,91,40950000,40950100,50259,83765,41400000,41400000
3,92,41400000,41400100,50259,83765,41850000,41850000
3,93,41850000,41850100,50259,83765,42300000,42300000
3,94,42300000,42300100,50259,83765,42750000,42750000
3,95,42750000,42750100,50259,83765,43200000,43200000
3,96,43200000,43200100,50259,83765,43650000,43650000
3,97,43650000,43650100,50259,83765,44100000,44100000
3,98,44100000,44100100,50259,83765,44550000,44550000
3,99,44550000,44550100,50259,83765,45000000,45000000
3,100,45000000,45000100,50259,83765,45450000,45450000
3,101,45450000,45450100,50259,83765,45900000,45900000
3,102,45900000,45900100,50259,83765,46350000,46350000
3,103,46350000,46350100,50259,83765,46800000,46800000
3,104,46800000,46800100,50259,83765,47250000,47250000
3,105,47250000,47250100,50259,83765,47700000,47700000
3,106,47700000,47700100,50259,83765,48150000,48150000
3,107,48150000,48150100,50259,83765,48600000,48600000
3,108,48600000,48600100,50259,83765,49050000,49050000
3,109,49050000,49050100,50259,83765,49500000,49500000
3,110,49500000,49500100,50259,83765,49950000,49950000
3,111,49950000,49950100,50259,83765,50400000,50400000
3,112,50400000,50400100,50259,83765,50850000,50850000
3,113,50850000,50850100,50259,83765,51300000,51300000
3,114,51300000,51300100,50259,83765,51750000,51750000
3,115,51750000,51750100,50259,83765,52200000,52200000
3,116,52200000,52200100,50259,83765,52650000,52650000
3,117,52650000,52650100,50259,83765,53100000,53100000
3,118,53100000,53100100,50259,83765,53550000,53550000
3,119,53550000,53550100,50259,83765,54000000,54000000
3,120,54000000,54000100,50259,83765,54450000,54450000
3,121,54450000,54450100,50259,83765,54900000,54900000
3,122,54900000,54900100,50259,83765,55350000,55350000
3,123,55350000,55350100,50259,83765,55800000,55800000
3,124,55800000,55800100,50259,83765,56250000,56250000
3,125,56250000,56250100,50259,83765,56700000,56700000
3,126,56700000,56700100,50259,83765,57150000,57150000
3,127,57150000,57150100,50259,83765,57600000,57600000
3,128,57600000,57600100,50259,83765,58050000,58050000
3,129,58050000,58050100,50259,83765,58500000,58500000
3,130,58500000,58500100,50259,83765,58950000,58950000
3,131,58950000,58950100,50259,83765,59400000,59400000
3,132,59400000,59400100,50259,83765,59850000,59850000
3,133,59850000,59850100,50259,83765,60300000,60300000
3,134,60300000,60300100,50259,83765,60750000,60750000
3,135,60750000,60750100,50259,83765,61200000,61200000
3,136,61200000,61200100,50259,83765,61650000,61650000
3,137,61650000,61650100,50259,83765,62100000,62100000
3,138,62100000,62100100,50259,83765,62550000,62550000
3,139,62550000,62550100,50259,83765,63000000,63000000
3,140,63000000,63000100,50259,83765,63450000,63450000
3,141,63450000,63450100,50259,83765,63900000,63900000
3,142,63900000,63900100,50259,83765,64350000,64350000
3,143,64350000,64350100,50259,83765,64800000,64800000
3,144,64800000,64800100,50259,83765,65250000,65250000
3,145,65250000,65250100,50259,83765,65700000,65700000
3,146,65700000,65700100,50259,83765,66150000,66150000
3,147,66150000,66150100,50259,83765,66600000,66600000
3,148,66600000,66600100,50259,83765,67050000,67050000
3,149,67050000,67050100,50259,83765,67500000,67500000
3,150,67500000,67500100,50259,83765,67950000,67950000
3,151,67950000,67950100,50259,83765,68400000,68400000
3,152,68400000,68400100,50259,83765,68850000,68850000
3,153,68850000,68850100,50259,83765,69300000,69300000
3,154,69300000,69300100,50259,83765,69750000,69750000
3,155,69750000,69750100,50259,83765,70200000,70200000
3,156,70200000,70200100,50259,83765,70650000,70650000
3,157,70650000,70650100,50259,83765,71100000,71100000
3,158,71100000,71100100,50259,83765,71550000,71550000
3,159,71550000,71550100,50259,83765,72000000,72000000
3,160,72000000,72000100,50259,83765,72450000,72450000
3,161,72450000,72450100,50259,83765,72900000,72900000
3,162,72900000,72900100,50259,83765,73350000,73350000
3,163,73350000,73350100,50259,83765,73800000,73800000
3,164,73800000,73800100,50259,83765,74250000,74250000
3,165,74250000,74250100,50259,83765,74700000,74700000
3,166,74700000,74700100,50259,83765,75150000,75150000
3,167,75150000,75150100,50259,83765,75600000,75600000
3,168,75600000,75600100,50259,83765,76050000,76050000
3,169,76050000,76050100,50259,83765,76500000,76500000
3,170,76500000,76500100,50259,83765,76950000,76950000
3,171,76950000,76950100,50259,83765,77400000,77400000
3,172,77400000,77400100,50259,83765,77850000,77850000
3,173,77850000,77850100,50259,83765,78300000,78300000
3,174,78300000,78300100,50259,83765,78750000,78750000
3,175,78750000,78750100,50259,83765,79200000,79200000
3,176,79200000,79200100,50259,83765,79650000,79650000
3,177,79650000,79650100,50259,83765,80100000,80100000
3,178,80100000,80100100,50259,83765,80550000,80550000
3,179,80550000,80550100,50259,83765,81000000,81000000
3,180,81000000,81000100,50259,83765,81450000,81450000
3,181,81450000,81450100,50259,83765,81900000,81900000
3,182,81900000,81900100,50259,83765,82350000,82350000
3,183,82350000,82350100,50259,83765,82800000,82800000
3,184,82800000,82800100,50259,83765,83250000,83250000
3,185,83250000,83250100,50259,83765,83700000,83700000
3,186,83700000,83700100,50259,83765,84150000,84150000
3,187,84150000,84150100,50259,83765,84600000,84600000
3,188,84600000,84600100,50259,83765,85050000,85050000
3,189,85050000,85050100,50259,83765,85500000,85500000
3,190,85500000,85500100,50259,83765,85950000,85950000
3,191,85950000,85950100,50259,83765,86400000,86400000
3,192,86400000,86400100,50259,83765,86850000,86850000
3,193,86850000,86850100,50259,83765,87300000,87300000
3,194,87300000,87300100,50259,83765,87750000,87750000
3,195,87750000,87750100,50259,83765,88200000,88200000
3,196,88200000,88200100,50259,83765,88650000,88650000
3,197,88650000,88650100,50259,83765,89100000,89100000
3,198,89100000,89100100,50259,83765,89550000,89550000
3,199,89550000,89550100,50259,83765,90000000,90000000
3,200,90000000,90000100,50259,83765,90450000,90450000
3,201,90450000,90450100,50259,83765,90900000,90900000
3,202,90900000,90900100,50259,83765,91350000,91350000
3,203,91350000,91350100,50259,83765,91800000,91800000
3,204,91800000,91800100,50259,83765,92250000,92250000
3,205,92250000,92250100,50259,83765,92700000,92700000
3,206,92700000,92700100,50259,83765,93150000,93150000
3,207,93150000,93150100,50259,83765,93600000,93600000
3,208,93600000,93600100,50259,83765,94050000,94050000
3,209,94050000,94050100,50259,83765,94500000,94500000
3,210,94500000,94500100,50259,83765,94950000,94950000
3,211,94950000,94950100,50259,83765,95400000,95400000
3,212,95400000,95400100,50259,83765,95850000,95850000
3,213,95850000,95850100,50259,83765,96300000,96300000
3,214,96300000,96300100,50259,83765,96750000,96750000
3,215,96750000,96750100,50259,83765,97200000,97200000
3,216,97200000,97200100,50259,83765,97650000,97650000
3,217,97650000,97650100,50259,83765,98100000,98100000
3,218,98100000,98100100,50259,83765,98550000,98550000
3,219,98550000,98550100,50259,83765,99000000,99000000
3,220,99000000,99000100,50259,83765,99450000,99450000
3,221,99450000,99450100,50259,83765,99900000,99900000
3,222,99900000,99900100,50259,83765,100350000,100350000
3,223,100350000,100350100,50259,83765,100800000,100800000
3,224,100800000,100800100,50259,83765,101250000,101250000
3,225,101250000,101250100,50259,83765,101700000,101700000
3,226,101700000,101700100,50259,83765,102150000,102150000
3,227,102150000,102150100,50259,83765,102600000,102600000
3,228,102600000,102600100,50259,83765,103050000,103050000
3,229,103050000,103050100,50259,83765,103500000,103500000
3,230,103500000,103500100,50259,83765,103950000,103950000
3,231,103950000,103950100,50259,83765,104400000,104400000
3,232,104400000,104400100,50259,83765,104850000,104850000
3,233,104850000,104850100,50259,83765,105300000,105300000
3,234,105300000,105300100,50259,83765,105750000,105750000
3,235,105750000,105750100,50259,83765,106200000,106200000
3,236,106200000,106200100,50259,83765,106650000,106650000
3,237,106650000,106650100,50259,83765,107100000,107100000
4,0,0,100,12744,21240,850000,850000
4,1,850000,850100,12744,21240,1700000,1700000
4,2,1700000,1700100,12744,21240,2550000,2550000
4,3,2550000,2550100,12744,21240,3400000,3400000
4,4,3400000,3400100,12744,21240,4250000,4250000
4,5,4250000,4250100,12744,21240,5100000,5100000
4,6,5100000,5100100,12744,21240,5950000,5950000
4,7,5950000,5950100,12744,21240,6800000,6800000
4,8,6800000,6800100,12744,21240,7650000,7650000
4,9,7650000,7650100,12744,21240,8500000,8500000
4,10,8500000,8500100,12744,21240,9350000,9350000
4,11,9350000,9350100,12744,21240,10200000,10200000
4,12,10200000,10200100,12744,21240,11050000,11050000
4,13,11050000,11050100,12744,21240,11900000,11900000
4,14,11900000,11900100,12744,21240,12750000,12750000
4,15,12750000,12750100,12744,21240,13600000,13600000
4,16,13600000,13600100,12744,21240,14450000,14450000
4,17,14450000,14450100,12744,21240,15300000,15300000
4,18,15300000,15300100,12744,21240,16150000,16150000
4,19,16150000,16150100,12744,21240,17000000,17000000
4,20,17000000,17000100,12744,21240,17850000,17850000
4,21,17850000,17850100,12744,21240,18700000,18700000
4,22,18700000,18700100,12744,21240,19550000,19550000
4,23,19550000,19550100,12744,21240,20400000,20400000
4,24,20400000,20400100,12744,21240,21250000,21250000
4,25,21250000,21250100,12744,21240,22100000,22100000
4,26,22100000,22100100,12744,21240,22950000,22950000
4,27,22950000,22950100,12744,21240,23800000,23800000
4,28,23800000,23800100,12744,21240,24650000,24650000
4,29,24650000,24650100,12744,21240,25500000,25500000
4,30,25500000,25500100,12744,21240,26350000,26350000
4,31,26350000,26350100,12744,21240,27200000,27200000
4,32,27200000,27200100,12744,21240,28050000,28050000
4,33,28050000,28050100,12744,21240,28900000,28900000
4,34,28900000,28900100,12744,21240,29750000,29750000
4,35,29750000,29750100,12744,21240,30600000,30600000
4,36,30600000,30600100,12744,21240,31450000,31450000
4,37,31450000,31450100,12744,21240,32300000,32300000
4,38,32300000,32300100,12744,21240,33150000,33150000
4,39,33150000,33150100,12744,21240,34000000,34000000
4,40,34000000,34000100,12744,21240,34850000,34850000
4,41,34850000,34850100,12744,21240,35700000,35700000
4,42,35700000,35700100,12744,21240,36550000,36550000
4,43,36550000,36550100,12744,21240,37400000,37400000
4,44,37400000,37400100,12744,21240,38250000,38250000
4,45,38250000,38250100,12744,21240,39100000,39100000
4,46,39100000,39100100,12744,21240,39950000,39950000
4,47,39950000,39950100,12744,21240,40800000,40800000
4,48,40800000,40800100,12744,21240,41650000,41650000
4,49,41650000,41650100,12744,21240,42500000,42500000
4,50,42500000,42500100,12744,21240,43350000,43350000
4,51,43350000,43350100,12744,21240,44200000,44200000
4,52,44200000,44200100,12744,21240,45050000,45050000
4,53,45050000,45050100,12744,21240,45900000,45900000
4,54,45900000,45900100,12744,21240,46750000,46750000
4,55,46750000,46750100,12744,21240,47600000,47600000
4,56,47600000,47600100,12744,21240,48450000,48450000
4,57,48450000,48450100,12744,21240,49300000,49300000
4,58,49300000,49300100,12744,21240,50150000,50150000
4,59,50150000,50150100,12744,21240,51000000,51000000
4,60,51000000,51000100,12744,21240,51850000,51850000
4,61,51850000,51850100,12744,21240,52700000,52700000
4,62,52700000,52700100,12744,21240,53550000,53550000
4,63,53550000,53550100,12744,21240,54400000,54400000
4,64,54400000,54400100,12744,21240,55250000,55250000
4,65,55250000,55250100,12744,21240,56100000,56100000
4,66,56100000,56100100,12744,21240,56950000,56950000
4,67,56950000,56950100,12744,21240,57800000,57800000
4,68,57800000,57800100,12744,21240,58650000,58650000
4,69,58650000,58650100,12744,21240,59500000,59500000
4,70,59500000,59500100,12744,21240,60350000,60350000
4,71,60350000,60350100,12744,21240,61200000,61200000
4,72,61200000,61200100,12744,21240,62050000,62050000
4,73,62050000,62050100,12744,21240,62900000,62900000
4,74,62900000,62900100,12744,21240,63750000,63750000
4,75,63750000,63750100,12744,21240,64600000,64600000
4,76,64600000,64600100,12744,21240,65450000,65450000
4,77,65450000,65450100,12744,21240,66300000,66300000
4,78,66300000,66300100,12744,21240,67150000,67150000
4,79,67150000,67150100,12744,21240,68000000,68000000
4,80,68000000,68000100,12744,21240,68850000,68850000
4,81,68850000,68850100,12744,21240,69700000,69700000
4,82,69700000,69700100,12744,21240,70550000,70550000
4,83,70550000,70550100,12744,21240,71400000,71400000
4,84,71400000,71400100,12744,21240,72250000,72250000
4,85,72250000,72250100,12744,21240,73100000,73100000
4,86,73100000,73100100,12744,21240,73950000,73950000
4,87,73950000,73950100,12744,21240,74800000,74800000
4,88,74800000,74800100,12744,21240,75650000,75650000
4,89,75650000,75650100,12744,21240,76500000,76500000
4,90,76500000,76500100,12744,21240,77350000,77350000
4,91,77350000,77350100,12744,21240,78200000,78200000
4,92,78200000,78200100,12744,21240,79050000,79050000
4,93,79050000,79050100,12744,21240,79900000,79900000
4,94,79900000,79900100,12744,21240,80750000,80750000
4,95,80750000,80750100,12744,21240,81600000,81600000
4,96,81600000,81600100,12744,21240,82450000,82450000
4,97,82450000,82450100,12744,21240,83300000,83300000
4,98,83300000,83300100,12744,21240,84150000,84150000
4,99,84150000,84150100,12744,21240,85000000,85000000
4,100,85000000,85000100,12744,21240,85850000,85850000
4,101,85850000,85850100,12744,21240,86700000,86700000
4,102,86700000,86700100,12744,21240,87550000,87550000
4,103,87550000,87550100,12744,21240,88400000,88400000
4,104,88400000,88400100,12744,21240,89250000,89250000
4,105,89250000,89250100,12744,21240,90100000,90100000
4,106,90100000,90100100,12744,21240,90950000,90950000
4,107,90950000,90950100,12744,21240,91800000,91800000
4,108,91800000,91800100,12744,21240,92650000,92650000
4,109,92650000,92650100,12744,21240,93500000,93500000
4,110,93500000,93500100,12744,21240,94350000,94350000
4,111,94350000,94350100,12744,21240,95200000,95200000
4,112,95200000,95200100,12744,21240,96050000,96050000
4,113,96050000,96050100,12744,21240,96900000,96900000
4,114,96900000,96900100,12744,21240,97750000,97750000
4,115,97750000,97750100,12744,21240,98600000,98600000
4,116,98600000,98600100,12744,21240,99450000,99450000
4,117,99450000,99450100,12744,21240,100300000,100300000
4,118,100300000,100300100,12744,21240,101150000,101150000
4,119,101150000,101150100,12744,21240,102000000,102000000
4,120,102000000,102000100,12744,21240,102850000,102850000
4,121,102850000,102850100,12744,21240,103700000,103700000
4,122,103700000,103700100,12744,21240,104550000,104550000
4,123,104550000,104550100,12744,21240,105400000,105400000
4,124,105400000,105400100,12744,21240,106250000,106250000
4,125,106250000,106250100,12744,21240,107100000,107100000
5,0,0,100,54589,90982,850000,850000
5,1,850000,850100,54589,90982,1700000,1700000
5,2,1700000,1700100,54589,90982,2550000,2550000
5,3,2550000,2550100,54589,90982,3400000,3400000
5,4,3400000,3400100,54589,90982,4250000,4250000
5,5,4250000,4250100,54589,90982,5100000,5100000
5,6,5100000,5100100,54589,90982,5950000,5950000
5,7,5950000,5950100,54589,90982,6800000,6800000
5,8,6800000,6800100,54589,90982,7650000,7650000
5,9,7650000,7650100,54589,90982,8500000,8500000
5,10,8500000,8500100,54589,90982,9350000,9350000
5,11,9350000,9350100,54589,90982,10200000,10200000
5,12,10200000,10200100,54589,90982,11050000,11050000
5,13,11050000,11050100,54589,90982,11900000,11900000
5,14,11900000,11900100,54589,90982,12750000,12750000
5,15,12750000,12750100,54589,90982,13600000,13600000
5,16,13600000,13600100,54589,90982,14450000,14450000
5,17,14450000,14450100,54589,90982,15300000,15300000
5,18,15300000,15300100,54589,90982,16150000,16150000
5,19,16150000,16150100,54589,90982,17000000,17000000
5,20,17000000,17000100,54589,90982,17850000,17850000
5,21,17850000,17850100,54589,90982,18700000,18700000
5,22,18700000,18700100,54589,90982,19550000,19550000
5,23,19550000,19550100,54589,90982,20400000,20400000
5,24,20400000,20400100,54589,90982,21250000,21250000
5,25,21250000,21250100,54589,90982,22100000,22100000
5,26,22100000,22100100,54589,90982,22950000,22950000
5,27,22950000,22950100,54589,90982,23800000,23800000
5,28,23800000,23800100,54589,90982,24650000,24650000
5,29,24650000,24650100,54589,90982,25500000,25500000
5,30,25500000,25500100,54589,90982,26350000,26350000
5,31,26350000,26350100,54589,90982,27200000,27200000
5,32,27200000,27200100,54589,90982,28050000,28050000
5,33,28050000,28050100,54589,90982,28900000,28900000
5,34,28900000,28900100,54589,90982,29750000,29750000
5,35,29750000,29750100,54589,90982,30600000,30600000
5,36,30600000,30600100,54589,90982,31450000,31450000
5,37,31450000,31450100,54589,90982,32300000,32300000
5,38,32300000,32300100,54589,90982,33150000,33150000
5,39,33150000,33150100,54589,90982,34000000,34000000
5,40,34000000,34000100,54589,90982,34850000,34850000
5,41,34850000,34850100,54589,90982,35700000,35700000
5,42,35700000,35700100,54589,90982,36550000,36550000
5,43,36550000,36550100,54589,90982,37400000,37400000
5,44,37400000,37400100,54589,90982,38250000,38250000
5,45,38250000,38250100,54589,90982,39100000,39100000
5,46,39100000,39100100,54589,90982,39950000,39950000
5,47,39950000,39950100,54589,90982,40800000,40800000
5,48,40800000,40800100,54589,90982,41650000,41650000
5,49,41650000,41650100,54589,90982,42500000,42500000
5,50,42500000,42500100,54589,90982,43350000,43350000
5,51,43350000,43350100,54589,90982,44200000,44200000
5,52,44200000,44200100,54589,90982,45050000,45050000
5,53,45050000,45050100,54589,90982,45900000,45900000
5,54,45900000,45900100,54589,90982,46750000,46750000
5,55,46750000,46750100,54589,90982,47600000,47600000
5,56,47600000,47600100,54589,90982,48450000,48450000
5,57,48450000,48450100,54589,90982,49300000,49300000
5,58,49300000,49300100,54589,90982,50150000,50150000
5,59,50150000,50150100,54589,90982,51000000,51000000
5,60,51000000,51000100,54589,90982,51850000,51850000
5,61,51850000,51850100,54589,90982,52700000,52700000
5,62,52700000,52700100,54589,90982,53550000,53550000
5,63,53550000,53550100,54589,90982,54400000,54400000
5,64,54400000,54400100,54589,90982,55250000,55250000
5,65,55250000,55250100,54589,90982,56100000,56100000
5,66,56100000,56100100,54589,90982,56950000,56950000
5,67,56950000,56950100,54589,90982,57800000,57800000
5,68,57800000,57800100,54589,90982,58650000,58650000
5,69,58650000,58650100,54589,90982,59500000,59500000
5,70,59500000,59500100,54589,90982,60350000,60350000
5,71,60350000,60350100,54589,90982,61200000,61200000
5,72,61200000,61200100,54589,90982,62050000,62050000
5,73,62050000,62050100,54589,90982,62900000,62900000
5,74,62900000,62900100,54589,90982,63750000,63750000
5,75,63750000,63750100,54589,90982,64600000,64600000
5,76,64600000,64600100,54589,90982,65450000,65450000
5,77,65450000,65450100,54589,90982,66300000,66300000
5,78,66300000,66300100,54589,90982,67150000,67150000
5,79,67150000,67150100,54589,90982,68000000,68000000
5,80,68000000,68000100,54589,90982,68850000,68850000
5,81,68850000,68850100,54589,90982,69700000,69700000
5,82,69700000,69700100,54589,90982,70550000,70550000
5,83,70550000,70550100,54589,90982,71400000,71400000
5,84,71400000,71400100,54589,90982,72250000,72250000
5,85,72250000,72250100,54589,90982,73100000,73100000
5,86,73100000,73100100,54589,90982,73950000,73950000
5,87,73950000,73950100,54589,90982,74800000,74800000
5,88,74800000,74800100,54589,90982,75650000,75650000
5,89,75650000,75650100,54589,90982,76500000,76500000
5,90,76500000,76500100,54589,90982,77350000,77350000
5,91,77350000,77350100,54589,90982,78200000,78200000
5,92,78200000,78200100,54589,90982,79050000,79050000
5,93,79050000,79050100,54589,90982,79900000,79900000
5,94,79900000,79900100,54589,90982,80750000,80750000
5,95,80750000,80750100,54589,90982,81600000,81600000
5,96,81600000,81600100,54589,90982,82450000,82450000
5,97,82450000,82450100,54589,90982,83300000,83300000
5,98,83300000,83300100,54589,90982,84150000,84150000
5,99,84150000,84150100,54589,90982,85000000,85000000
5,100,85000000,85000100,54589,90982,85850000,85850000
5,101,85850000,85850100,54589,90982,86700000,86700000
5,102,86700000,86700100,54589,90982,87550000,87550000
5,103,87550000,87550100,54589,90982,88400000,88400000
5,104,88400000,88400100,54589,90982,89250000,89250000
5,105,89250000,89250100,54589,90982,90100000,90100000
5,106,90100000,90100100,54589,90982,90950000,90950000
5,107,90950000,90950100,54589,90982,91800000,91800000
5,108,91800000,91800100,54589,90982,92650000,92650000
5,109,92650000,92650100,54589,90982,93500000,93500000
5,110,93500000,93500100,54589,90982,94350000,94350000
5,111,94350000,94350100,54589,90982,95200000,95200000
5,112,95200000,95200100,54589,90982,96050000,96050000
5,113,96050000,96050100,54589,90982,96900000,96900000
5,114,96900000,96900100,54589,90982,97750000,97750000
5,115,97750000,97750100,54589,90982,98600000,98600000
5,116,98600000,98600100,54589,90982,99450000,99450000
5,117,99450000,99450100,54589,90982,100300000,100300000
5,118,100300000,100300100,54589,90982,101150000,101150000
5,119,101150000,101150100,54589,90982,102000000,102000000
5,120,102000000,102000100,54589,90982,102850000,102850000
5,121,102850000,102850100,54589,90982,103700000,103700000
5,122,103700000,103700100,54589,90982,104550000,104550000
5,123,104550000,104550100,54589,90982,105400000,105400000
5,124,105400000,105400100,54589,90982,106250000,106250000
5,125,106250000,106250100,54589,90982,107100000,107100000
