Task ID,Job ID,Arrival min,Arrival max,Cost min,Cost max,Deadline,Priority
0,0,0,100,5163,8605,100000,100000
0,1,100000,100100,5163,8605,200000,200000
0,2,200000,200100,5163,8605,300000,300000
0,3,300000,300100,5163,8605,400000,400000
0,4,400000,400100,5163,8605,500000,500000
0,5,500000,500100,5163,8605,600000,600000
0,6,600000,600100,5163,8605,700000,700000
0,7,700000,700100,5163,8605,800000,800000
0,8,800000,800100,5163,8605,900000,900000
0,9,900000,900100,5163,8605,1000000,1000000
0,10,1000000,1000100,5163,8605,1100000,1100000
0,11,1100000,1100100,5163,8605,1200000,1200000
0,12,1200000,1200100,5163,8605,1300000,1300000
0,13,1300000,1300100,5163,8605,1400000,1400000
0,14,1400000,1400100,5163,8605,1500000,1500000
0,15,1500000,1500100,5163,8605,1600000,1600000
0,16,1600000,1600100,5163,8605,1700000,1700000
0,17,1700000,1700100,5163,8605,1800000,1800000
0,18,1800000,1800100,5163,8605,1900000,1900000
0,19,1900000,1900100,5163,8605,2000000,2000000
0,20,2000000,2000100,5163,8605,2100000,2100000
0,21,2100000,2100100,5163,8605,2200000,2200000
0,22,2200000,2200100,5163,8605,2300000,2300000
0,23,2300000,2300100,5163,8605,2400000,2400000
0,24,2400000,2400100,5163,8605,2500000,2500000
0,25,2500000,2500100,5163,8605,2600000,2600000
0,26,2600000,2600100,5163,8605,2700000,2700000
0,27,2700000,2700100,5163,8605,2800000,2800000
0,28,2800000,2800100,5163,8605,2900000,2900000
0,29,2900000,2900100,5163,8605,3000000,3000000
0,30,3000000,3000100,5163,8605,3100000,3100000
0,31,3100000,3100100,5163,8605,3200000,3200000
0,32,3200000,3200100,5163,8605,3300000,3300000
0,33,3300000,3300100,5163,8605,3400000,3400000
0,34,3400000,3400100,5163,8605,3500000,3500000
0,35,3500000,3500100,5163,8605,3600000,3600000
0,36,3600000,3600100,5163,8605,3700000,3700000
0,37,3700000,3700100,5163,8605,3800000,3800000
0,38,3800000,3800100,5163,8605,3900000,3900000
0,39,3900000,3900100,5163,8605,4000000,4000000
0,40,4000000,4000100,5163,8605,4100000,4100000
0,41,4100000,4100100,5163,8605,4200000,4200000
0,42,4200000,4200100,5163,8605,4300000,4300000
0,43,4300000,4300100,5163,8605,4400000,4400000
0,44,4400000,4400100,5163,8605,4500000,4500000
0,45,4500000,4500100,5163,8605,4600000,4600000
0,46,4600000,4600100,5163,8605,4700000,4700000
0,47,4700000,4700100,5163,8605,4800000,4800000
0,48,4800000,4800100,5163,8605,4900000,4900000
0,49,4900000,4900100,5163,8605,5000000,5000000
0,50,5000000,5000100,5163,8605,5100000,5100000
0,51,5100000,5100100,5163,8605,5200000,5200000
0,52,5200000,5200100,5163,8605,5300000,5300000
0,53,5300000,5300100,5163,8605,5400000,5400000
0,54,5400000,5400100,5163,8605,5500000,5500000
0,55,5500000,5500100,5163,8605,5600000,5600000
0,56,5600000,5600100,5163,8605,5700000,5700000
0,57,5700000,5700100,5163,8605,5800000,5800000
0,58,5800000,5800100,5163,8605,5900000,5900000
0,59,5900000,5900100,5163,8605,6000000,6000000
0,60,6000000,6000100,5163,8605,6100000,6100000
0,61,6100000,6100100,5163,8605,6200000,6200000
0,62,6200000,6200100,5163,8605,6300000,6300000
0,63,6300000,6300100,5163,8605,6400000,6400000
0,64,6400000,6400100,5163,8605,6500000,6500000
0,65,6500000,6500100,5163,8605,6600000,6600000
0,66,6600000,6600100,5163,8605,6700000,6700000
0,67,6700000,6700100,5163,8605,6800000,6800000
0,68,6800000,6800100,5163,8605,6900000,6900000
0,69,6900000,6900100,5163,8605,7000000,7000000
0,70,7000000,7000100,5163,8605,7100000,7100000
0,71,7100000,7100100,5163,8605,7200000,7200000
0,72,7200000,7200100,5163,8605,7300000,7300000
0,73,7300000,7300100,5163,8605,7400000,7400000
0,74,7400000,7400100,5163,8605,7500000,7500000
0,75,7500000,7500100,5163,8605,7600000,7600000
0,76,7600000,7600100,5163,8605,7700000,7700000
0,77,7700000,7700100,5163,8605,7800000,7800000
0,78,7800000,7800100,5163,8605,7900000,7900000
0,79,7900000,7900100,5163,8605,8000000,8000000
0,80,8000000,8000100,5163,8605,8100000,8100000
0,81,8100000,8100100,5163,8605,8200000,8200000
0,82,8200000,8200100,5163,8605,8300000,8300000
0,83,8300000,8300100,5163,8605,8400000,8400000
0,84,8400000,8400100,5163,8605,8500000,8500000
0,85,8500000,8500100,5163,8605,8600000,8600000
0,86,8600000,8600100,5163,8605,8700000,8700000
0,87,8700000,8700100,5163,8605,8800000,8800000
0,88,8800000,8800100,5163,8605,8900000,8900000
0,89,8900000,8900100,5163,8605,9000000,9000000
0,90,9000000,9000100,5163,8605,9100000,9100000
0,91,9100000,9100100,5163,8605,9200000,9200000
0,92,9200000,9200100,5163,8605,9300000,9300000
0,93,9300000,9300100,5163,8605,9400000,9400000
0,94,9400000,9400100,5163,8605,9500000,9500000
0,95,9500000,9500100,5163,8605,9600000,9600000
0,96,9600000,9600100,5163,8605,9700000,9700000
0,97,9700000,9700100,5163,8605,9800000,9800000
0,98,9800000,9800100,5163,8605,9900000,9900000
0,99,9900000,9900100,5163,8605,10000000,10000000
0,100,10000000,10000100,5163,8605,10100000,10100000
0,101,10100000,10100100,5163,8605,10200000,10200000
0,102,10200000,10200100,5163,8605,10300000,10300000
0,103,10300000,10300100,5163,8605,10400000,10400000
0,104,10400000,10400100,5163,8605,10500000,10500000
0,105,10500000,10500100,5163,8605,10600000,10600000
0,106,10600000,10600100,5163,8605,10700000,10700000
0,107,10700000,10700100,5163,8605,10800000,10800000
0,108,10800000,10800100,5163,8605,10900000,10900000
0,109,10900000,10900100,5163,8605,11000000,11000000
0,110,11000000,11000100,5163,8605,11100000,11100000
0,111,11100000,11100100,5163,8605,11200000,11200000
0,112,11200000,11200100,5163,8605,11300000,11300000
0,113,11300000,11300100,5163,8605,11400000,11400000
0,114,11400000,11400100,5163,8605,11500000,11500000
0,115,11500000,11500100,5163,8605,11600000,11600000
0,116,11600000,11600100,5163,8605,11700000,11700000
0,117,11700000,11700100,5163,8605,11800000,11800000
0,118,11800000,11800100,5163,8605,11900000,11900000
0,119,11900000,11900100,5163,8605,12000000,12000000
0,120,12000000,12000100,5163,8605,12100000,12100000
0,121,12100000,12100100,5163,8605,12200000,12200000
0,122,12200000,12200100,5163,8605,12300000,12300000
0,123,12300000,12300100,5163,8605,12400000,12400000
0,124,12400000,12400100,5163,8605,12500000,12500000
0,125,12500000,12500100,5163,8605,12600000,12600000
0,126,12600000,12600100,5163,8605,12700000,12700000
0,127,12700000,12700100,5163,8605,12800000,12800000
0,128,12800000,12800100,5163,8605,12900000,12900000
0,129,12900000,12900100,5163,8605,13000000,13000000
0,130,13000000,13000100,5163,8605,13100000,13100000
0,131,13100000,13100100,5163,8605,13200000,13200000
0,132,13200000,13200100,5163,8605,13300000,13300000
0,133,13300000,13300100,5163,8605,13400000,13400000
0,134,13400000,13400100,5163,8605,13500000,13500000
0,135,13500000,13500100,5163,8605,13600000,13600000
0,136,13600000,13600100,5163,8605,13700000,13700000
0,137,13700000,13700100,5163,8605,13800000,13800000
0,138,13800000,13800100,5163,8605,13900000,13900000
0,139,13900000,13900100,5163,8605,14000000,14000000
0,140,14000000,14000100,5163,8605,14100000,14100000
0,141,14100000,14100100,5163,8605,14200000,14200000
0,142,14200000,14200100,5163,8605,14300000,14300000
0,143,14300000,14300100,5163,8605,14400000,14400000
0,144,14400000,14400100,5163,8605,14500000,14500000
0,145,14500000,14500100,5163,8605,14600000,14600000
0,146,14600000,14600100,5163,8605,14700000,14700000
0,147,14700000,14700100,5163,8605,14800000,14800000
0,148,14800000,14800100,5163,8605,14900000,14900000
0,149,14900000,14900100,5163,8605,15000000,15000000
0,150,15000000,15000100,5163,8605,15100000,15100000
0,151,15100000,15100100,5163,8605,15200000,15200000
0,152,15200000,15200100,5163,8605,15300000,15300000
0,153,15300000,15300100,5163,8605,15400000,15400000
0,154,15400000,15400100,5163,8605,15500000,15500000
0,155,15500000,15500100,5163,8605,15600000,15600000
0,156,15600000,15600100,5163,8605,15700000,15700000
0,157,15700000,15700100,5163,8605,15800000,15800000
0,158,15800000,15800100,5163,8605,15900000,15900000
0,159,15900000,15900100,5163,8605,16000000,16000000
0,160,16000000,16000100,5163,8605,16100000,16100000
0,161,16100000,16100100,5163,8605,16200000,16200000
0,162,16200000,16200100,5163,8605,16300000,16300000
0,163,16300000,16300100,5163,8605,16400000,16400000
0,164,16400000,16400100,5163,8605,16500000,16500000
0,165,16500000,16500100,5163,8605,16600000,16600000
0,166,16600000,16600100,5163,8605,16700000,16700000
0,167,16700000,16700100,5163,8605,16800000,16800000
0,168,16800000,16800100,5163,8605,16900000,16900000
0,169,16900000,16900100,5163,8605,17000000,17000000
0,170,17000000,17000100,5163,8605,17100000,17100000
0,171,17100000,17100100,5163,8605,17200000,17200000
0,172,17200000,17200100,5163,8605,17300000,17300000
0,173,17300000,17300100,5163,8605,17400000,17400000
0,174,17400000,17400100,5163,8605,17500000,17500000
0,175,17500000,17500100,5163,8605,17600000,17600000
0,176,17600000,17600100,5163,8605,17700000,17700000
0,177,17700000,17700100,5163,8605,17800000,17800000
0,178,17800000,17800100,5163,8605,17900000,17900000
0,179,17900000,17900100,5163,8605,18000000,18000000
0,180,18000000,18000100,5163,8605,18100000,18100000
0,181,18100000,18100100,5163,8605,18200000,18200000
0,182,18200000,18200100,5163,8605,18300000,18300000
0,183,18300000,18300100,5163,8605,18400000,18400000
0,184,18400000,18400100,5163,8605,18500000,18500000
0,185,18500000,18500100,5163,8605,18600000,18600000
0,186,18600000,18600100,5163,8605,18700000,18700000
0,187,18700000,18700100,5163,8605,18800000,18800000
0,188,18800000,18800100,5163,8605,18900000,18900000
0,189,18900000,18900100,5163,8605,19000000,19000000
0,190,19000000,19000100,5163,8605,19100000,19100000
0,191,19100000,19100100,5163,8605,19200000,19200000
0,192,19200000,19200100,5163,8605,19300000,19300000
0,193,19300000,19300100,5163,8605,19400000,19400000
0,194,19400000,19400100,5163,8605,19500000,19500000
0,195,19500000,19500100,5163,8605,19600000,19600000
0,196,19600000,19600100,5163,8605,19700000,19700000
0,197,19700000,19700100,5163,8605,19800000,19800000
0,198,19800000,19800100,5163,8605,19900000,19900000
0,199,19900000,19900100,5163,8605,20000000,20000000
0,200,20000000,20000100,5163,8605,20100000,20100000
0,201,20100000,20100100,5163,8605,20200000,20200000
0,202,20200000,20200100,5163,8605,20300000,20300000
0,203,20300000,20300100,5163,8605,20400000,20400000
0,204,20400000,20400100,5163,8605,20500000,20500000
0,205,20500000,20500100,5163,8605,20600000,20600000
0,206,20600000,20600100,5163,8605,20700000,20700000
0,207,20700000,20700100,5163,8605,20800000,20800000
0,208,20800000,20800100,5163,8605,20900000,20900000
0,209,20900000,20900100,5163,8605,21000000,21000000
0,210,21000000,21000100,5163,8605,21100000,21100000
0,211,21100000,21100100,5163,8605,21200000,21200000
0,212,21200000,21200100,5163,8605,21300000,21300000
0,213,21300000,21300100,5163,8605,21400000,21400000
0,214,21400000,21400100,5163,8605,21500000,21500000
0,215,21500000,21500100,5163,8605,21600000,21600000
0,216,21600000,21600100,5163,8605,21700000,21700000
0,217,21700000,21700100,5163,8605,21800000,21800000
0,218,21800000,21800100,5163,8605,21900000,21900000
0,219,21900000,21900100,5163,8605,22000000,22000000
0,220,22000000,22000100,5163,8605,22100000,22100000
0,221,22100000,22100100,5163,8605,22200000,22200000
0,222,22200000,22200100,5163,8605,22300000,22300000
0,223,22300000,22300100,5163,8605,22400000,22400000
0,224,22400000,22400100,5163,8605,22500000,22500000
0,225,22500000,22500100,5163,8605,22600000,22600000
0,226,22600000,22600100,5163,8605,22700000,22700000
0,227,22700000,22700100,5163,8605,22800000,22800000
0,228,22800000,22800100,5163,8605,22900000,22900000
0,229,22900000,22900100,5163,8605,23000000,23000000
0,230,23000000,23000100,5163,8605,23100000,23100000
0,231,23100000,23100100,5163,8605,23200000,23200000
0,232,23200000,23200100,5163,8605,23300000,23300000
0,233,23300000,23300100,5163,8605,23400000,23400000
0,234,23400000,23400100,5163,8605,23500000,23500000
0,235,23500000,23500100,5163,8605,23600000,23600000
0,236,23600000,23600100,5163,8605,23700000,23700000
0,237,23700000,23700100,5163,8605,23800000,23800000
0,238,23800000,23800100,5163,8605,23900000,23900000
0,239,23900000,23900100,5163,8605,24000000,24000000
0,240,24000000,24000100,5163,8605,24100000,24100000
0,241,24100000,24100100,5163,8605,24200000,24200000
0,242,24200000,24200100,5163,8605,24300000,24300000
0,243,24300000,24300100,5163,8605,24400000,24400000
0,244,24400000,24400100,5163,8605,24500000,24500000
0,245,24500000,24500100,5163,8605,24600000,24600000
0,246,24600000,24600100,5163,8605,24700000,24700000
0,247,24700000,24700100,5163,8605,24800000,24800000
0,248,24800000,24800100,5163,8605,24900000,24900000
0,249,24900000,24900100,5163,8605,25000000,25000000
0,250,25000000,25000100,5163,8605,25100000,25100000
0,251,25100000,25100100,5163,8605,25200000,25200000
0,252,25200000,25200100,5163,8605,25300000,25300000
0,253,25300000,25300100,5163,8605,25400000,25400000
0,254,25400000,25400100,5163,8605,25500000,25500000
0,255,25500000,25500100,5163,8605,25600000,25600000
0,256,25600000,25600100,5163,8605,25700000,25700000
0,257,25700000,25700100,5163,8605,25800000,25800000
0,258,25800000,25800100,5163,8605,25900000,25900000
0,259,25900000,25900100,5163,8605,26000000,26000000
0,260,26000000,26000100,5163,8605,26100000,26100000
0,261,26100000,26100100,5163,8605,26200000,26200000
0,262,26200000,26200100,5163,8605,26300000,26300000
0,263,26300000,26300100,5163,8605,26400000,26400000
0,264,26400000,26400100,5163,8605,26500000,26500000
0,265,26500000,26500100,5163,8605,26600000,26600000
0,266,26600000,26600100,5163,8605,26700000,26700000
0,267,26700000,26700100,5163,8605,26800000,26800000
0,268,26800000,26800100,5163,8605,26900000,26900000
0,269,26900000,26900100,5163,8605,27000000,27000000
0,270,27000000,27000100,5163,8605,27100000,27100000
0,271,27100000,27100100,5163,8605,27200000,27200000
0,272,27200000,27200100,5163,8605,27300000,27300000
0,273,27300000,27300100,5163,8605,27400000,27400000
0,274,27400000,27400100,5163,8605,27500000,27500000
0,275,27500000,27500100,5163,8605,27600000,27600000
0,276,27600000,27600100,5163,8605,27700000,27700000
0,277,27700000,27700100,5163,8605,27800000,27800000
0,278,27800000,27800100,5163,8605,27900000,27900000
0,279,27900000,27900100,5163,8605,28000000,28000000
0,280,28000000,28000100,5163,8605,28100000,28100000
0,281,28100000,28100100,5163,8605,28200000,28200000
0,282,28200000,28200100,5163,8605,28300000,28300000
0,283,28300000,28300100,5163,8605,28400000,28400000
0,284,28400000,28400100,5163,8605,28500000,28500000
0,285,28500000,28500100,5163,8605,28600000,28600000
0,286,28600000,28600100,5163,8605,28700000,28700000
0,287,28700000,28700100,5163,8605,28800000,28800000
0,288,28800000,28800100,5163,8605,28900000,28900000
0,289,28900000,28900100,5163,8605,29000000,29000000
0,290,29000000,29000100,5163,8605,29100000,29100000
0,291,29100000,29100100,5163,8605,29200000,29200000
0,292,29200000,29200100,5163,8605,29300000,29300000
0,293,29300000,29300100,5163,8605,29400000,29400000
0,294,29400000,29400100,5163,8605,29500000,29500000
0,295,29500000,29500100,5163,8605,29600000,29600000
0,296,29600000,29600100,5163,8605,29700000,29700000
0,297,29700000,29700100,5163,8605,29800000,29800000
0,298,29800000,29800100,5163,8605,29900000,29900000
0,299,29900000,29900100,5163,8605,30000000,30000000
0,300,30000000,30000100,5163,8605,30100000,30100000
0,301,30100000,30100100,5163,8605,30200000,30200000
0,302,30200000,30200100,5163,8605,30300000,30300000
0,303,30300000,30300100,5163,8605,30400000,30400000
0,304,30400000,30400100,5163,8605,30500000,30500000
0,305,30500000,30500100,5163,8605,30600000,30600000
0,306,30600000,30600100,5163,8605,30700000,30700000
0,307,30700000,30700100,5163,8605,30800000,30800000
0,308,30800000,30800100,5163,8605,30900000,30900000
0,309,30900000,30900100,5163,8605,31000000,31000000
0,310,31000000,31000100,5163,8605,31100000,31100000
0,311,31100000,31100100,5163,8605,31200000,31200000
0,312,31200000,31200100,5163,8605,31300000,31300000
0,313,31300000,31300100,5163,8605,31400000,31400000
0,314,31400000,31400100,5163,8605,31500000,31500000
0,315,31500000,31500100,5163,8605,31600000,31600000
0,316,31600000,31600100,5163,8605,31700000,31700000
0,317,31700000,31700100,5163,8605,31800000,31800000
0,318,31800000,31800100,5163,8605,31900000,31900000
0,319,31900000,31900100,5163,8605,32000000,32000000
0,320,32000000,32000100,5163,8605,32100000,32100000
0,321,32100000,32100100,5163,8605,32200000,32200000
0,322,32200000,32200100,5163,8605,32300000,32300000
0,323,32300000,32300100,5163,8605,32400000,32400000
0,324,32400000,32400100,5163,8605,32500000,32500000
0,325,32500000,32500100,5163,8605,32600000,32600000
0,326,32600000,32600100,5163,8605,32700000,32700000
0,327,32700000,32700100,5163,8605,32800000,32800000
0,328,32800000,32800100,5163,8605,32900000,32900000
0,329,32900000,32900100,5163,8605,33000000,33000000
0,330,33000000,33000100,5163,8605,33100000,33100000
0,331,33100000,33100100,5163,8605,33200000,33200000
0,332,33200000,33200100,5163,8605,33300000,33300000
0,333,33300000,33300100,5163,8605,33400000,33400000
0,334,33400000,33400100,5163,8605,33500000,33500000
0,335,33500000,33500100,5163,8605,33600000,33600000
0,336,33600000,33600100,5163,8605,33700000,33700000
0,337,33700000,33700100,5163,8605,33800000,33800000
0,338,33800000,33800100,5163,8605,33900000,33900000
0,339,33900000,33900100,5163,8605,34000000,34000000
0,340,34000000,34000100,5163,8605,34100000,34100000
0,341,34100000,34100100,5163,8605,34200000,34200000
0,342,34200000,34200100,5163,8605,34300000,34300000
0,343,34300000,34300100,5163,8605,34400000,34400000
0,344,34400000,34400100,5163,8605,34500000,34500000
0,345,34500000,34500100,5163,8605,34600000,34600000
0,346,34600000,34600100,5163,8605,34700000,34700000
0,347,34700000,34700100,5163,8605,34800000,34800000
0,348,34800000,34800100,5163,8605,34900000,34900000
0,349,34900000,34900100,5163,8605,35000000,35000000
0,350,35000000,35000100,5163,8605,35100000,35100000
0,351,35100000,35100100,5163,8605,35200000,35200000
0,352,35200000,35200100,5163,8605,35300000,35300000
0,353,35300000,35300100,5163,8605,35400000,35400000
0,354,35400000,35400100,5163,8605,35500000,35500000
0,355,35500000,35500100,5163,8605,35600000,35600000
0,356,35600000,35600100,5163,8605,35700000,35700000
0,357,35700000,35700100,5163,8605,35800000,35800000
0,358,35800000,35800100,5163,8605,35900000,35900000
0,359,35900000,35900100,5163,8605,36000000,36000000
0,360,36000000,36000100,5163,8605,36100000,36100000
0,361,36100000,36100100,5163,8605,36200000,36200000
0,362,36200000,36200100,5163,8605,36300000,36300000
0,363,36300000,36300100,5163,8605,36400000,36400000
0,364,36400000,36400100,5163,8605,36500000,36500000
0,365,36500000,36500100,5163,8605,36600000,36600000
0,366,36600000,36600100,5163,8605,36700000,36700000
0,367,36700000,36700100,5163,8605,36800000,36800000
0,368,36800000,36800100,5163,8605,36900000,36900000
0,369,36900000,36900100,5163,8605,37000000,37000000
0,370,37000000,37000100,5163,8605,37100000,37100000
0,371,37100000,37100100,5163,8605,37200000,37200000
0,372,37200000,37200100,5163,8605,37300000,37300000
0,373,37300000,37300100,5163,8605,37400000,37400000
0,374,37400000,37400100,5163,8605,37500000,37500000
0,375,37500000,37500100,5163,8605,37600000,37600000
0,376,37600000,37600100,5163,8605,37700000,37700000
0,377,37700000,37700100,5163,8605,37800000,37800000
0,378,37800000,37800100,5163,8605,37900000,37900000
0,379,37900000,37900100,5163,8605,38000000,38000000
0,380,38000000,38000100,5163,8605,38100000,38100000
0,381,38100000,38100100,5163,8605,38200000,38200000
0,382,38200000,38200100,5163,8605,38300000,38300000
0,383,38300000,38300100,5163,8605,38400000,38400000
0,384,38400000,38400100,5163,8605,38500000,38500000
0,385,38500000,38500100,5163,8605,38600000,38600000
0,386,38600000,38600100,5163,8605,38700000,38700000
0,387,38700000,38700100,5163,8605,38800000,38800000
0,388,38800000,38800100,5163,8605,38900000,38900000
0,389,38900000,38900100,5163,8605,39000000,39000000
0,390,39000000,39000100,5163,8605,39100000,39100000
0,391,39100000,39100100,5163,8605,39200000,39200000
0,392,39200000,39200100,5163,8605,39300000,39300000
0,393,39300000,39300100,5163,8605,39400000,39400000
0,394,39400000,39400100,5163,8605,39500000,39500000
0,395,39500000,39500100,5163,8605,39600000,39600000
0,396,39600000,39600100,5163,8605,39700000,39700000
0,397,39700000,39700100,5163,8605,39800000,39800000
0,398,39800000,39800100,5163,8605,39900000,39900000
0,399,39900000,39900100,5163,8605,40000000,40000000
0,400,40000000,40000100,5163,8605,40100000,40100000
0,401,40100000,40100100,5163,8605,40200000,40200000
0,402,40200000,40200100,5163,8605,40300000,40300000
0,403,40300000,40300100,5163,8605,40400000,40400000
0,404,40400000,40400100,5163,8605,40500000,40500000
0,405,40500000,40500100,5163,8605,40600000,40600000
0,406,40600000,40600100,5163,8605,40700000,40700000
0,407,40700000,40700100,5163,8605,40800000,40800000
0,408,40800000,40800100,5163,8605,40900000,40900000
0,409,40900000,40900100,5163,8605,41000000,41000000
0,410,41000000,41000100,5163,8605,41100000,41100000
0,411,41100000,41100100,5163,8605,41200000,41200000
0,412,41200000,41200100,5163,8605,41300000,41300000
0,413,41300000,41300100,5163,8605,41400000,41400000
0,414,41400000,41400100,5163,8605,41500000,41500000
0,415,41500000,41500100,5163,8605,41600000,41600000
0,416,41600000,41600100,5163,8605,41700000,41700000
0,417,41700000,41700100,5163,8605,41800000,41800000
0,418,41800000,41800100,5163,8605,41900000,41900000
0,419,41900000,41900100,5163,8605,42000000,42000000
0,420,42000000,42000100,5163,8605,42100000,42100000
0,421,42100000,42100100,5163,8605,42200000,42200000
0,422,42200000,42200100,5163,8605,42300000,42300000
0,423,42300000,42300100,5163,8605,42400000,42400000
0,424,42400000,42400100,5163,8605,42500000,42500000
0,425,42500000,42500100,5163,8605,42600000,42600000
0,426,42600000,42600100,5163,8605,42700000,42700000
0,427,42700000,42700100,5163,8605,42800000,42800000
0,428,42800000,42800100,5163,8605,42900000,42900000
0,429,42900000,42900100,5163,8605,43000000,43000000
0,430,43000000,43000100,5163,8605,43100000,43100000
0,431,43100000,43100100,5163,8605,43200000,43200000
0,432,43200000,43200100,5163,8605,43300000,43300000
0,433,43300000,43300100,5163,8605,43400000,43400000
0,434,43400000,43400100,5163,8605,43500000,43500000
0,435,43500000,43500100,5163,8605,43600000,43600000
0,436,43600000,43600100,5163,8605,43700000,43700000
0,437,43700000,43700100,5163,8605,43800000,43800000
0,438,43800000,43800100,5163,8605,43900000,43900000
0,439,43900000,43900100,5163,8605,44000000,44000000
0,440,44000000,44000100,5163,8605,44100000,44100000
0,441,44100000,44100100,5163,8605,44200000,44200000
0,442,44200000,44200100,5163,8605,44300000,44300000
0,443,44300000,44300100,5163,8605,44400000,44400000
0,444,44400000,44400100,5163,8605,44500000,44500000
0,445,44500000,44500100,5163,8605,44600000,44600000
0,446,44600000,44600100,5163,8605,44700000,44700000
0,447,44700000,44700100,5163,8605,44800000,44800000
0,448,44800000,44800100,5163,8605,44900000,44900000
0,449,44900000,44900100,5163,8605,45000000,45000000
0,450,45000000,45000100,5163,8605,45100000,45100000
0,451,45100000,45100100,5163,8605,45200000,45200000
0,452,45200000,45200100,5163,8605,45300000,45300000
0,453,45300000,45300100,5163,8605,45400000,45400000
0,454,45400000,45400100,5163,8605,45500000,45500000
0,455,45500000,45500100,5163,8605,45600000,45600000
0,456,45600000,45600100,5163,8605,45700000,45700000
0,457,45700000,45700100,5163,8605,45800000,45800000
0,458,45800000,45800100,5163,8605,45900000,45900000
0,459,45900000,45900100,5163,8605,46000000,46000000
0,460,46000000,46000100,5163,8605,46100000,46100000
0,461,46100000,46100100,5163,8605,46200000,46200000
0,462,46200000,46200100,5163,8605,46300000,46300000
0,463,46300000,46300100,5163,8605,46400000,46400000
0,464,46400000,46400100,5163,8605,46500000,46500000
0,465,46500000,46500100,5163,8605,46600000,46600000
0,466,46600000,46600100,5163,8605,46700000,46700000
0,467,46700000,46700100,5163,8605,46800000,46800000
0,468,46800000,46800100,5163,8605,46900000,46900000
0,469,46900000,46900100,5163,8605,47000000,47000000
0,470,47000000,47000100,5163,8605,47100000,47100000
0,471,47100000,47100100,5163,8605,47200000,47200000
0,472,47200000,47200100,5163,8605,47300000,47300000
0,473,47300000,47300100,5163,8605,47400000,47400000
0,474,47400000,47400100,5163,8605,47500000,47500000
0,475,47500000,47500100,5163,8605,47600000,47600000
0,476,47600000,47600100,5163,8605,47700000,47700000
0,477,47700000,47700100,5163,8605,47800000,47800000
0,478,47800000,47800100,5163,8605,47900000,47900000
0,479,47900000,47900100,5163,8605,48000000,48000000
0,480,48000000,48000100,5163,8605,48100000,48100000
0,481,48100000,48100100,5163,8605,48200000,48200000
0,482,48200000,48200100,5163,8605,48300000,48300000
0,483,48300000,48300100,5163,8605,48400000,48400000
0,484,48400000,48400100,5163,8605,48500000,48500000
0,485,48500000,48500100,5163,8605,48600000,48600000
0,486,48600000,48600100,5163,8605,48700000,48700000
0,487,48700000,48700100,5163,8605,48800000,48800000
0,488,48800000,48800100,5163,8605,48900000,48900000
0,489,48900000,48900100,5163,8605,49000000,49000000
0,490,49000000,49000100,5163,8605,49100000,49100000
0,491,49100000,49100100,5163,8605,49200000,49200000
0,492,49200000,49200100,5163,8605,49300000,49300000
0,493,49300000,49300100,5163,8605,49400000,49400000
0,494,49400000,49400100,5163,8605,49500000,49500000
0,495,49500000,49500100,5163,8605,49600000,49600000
0,496,49600000,49600100,5163,8605,49700000,49700000
0,497,49700000,49700100,5163,8605,49800000,49800000
0,498,49800000,49800100,5163,8605,49900000,49900000
0,499,49900000,49900100,5163,8605,50000000,50000000
0,500,50000000,50000100,5163,8605,50100000,50100000
0,501,50100000,50100100,5163,8605,50200000,50200000
0,502,50200000,50200100,5163,8605,50300000,50300000
0,503,50300000,50300100,5163,8605,50400000,50400000
0,504,50400000,50400100,5163,8605,50500000,50500000
0,505,50500000,50500100,5163,8605,50600000,50600000
0,506,50600000,50600100,5163,8605,50700000,50700000
0,507,50700000,50700100,5163,8605,50800000,50800000
0,508,50800000,50800100,5163,8605,50900000,50900000
0,509,50900000,50900100,5163,8605,51000000,51000000
0,510,51000000,51000100,5163,8605,51100000,51100000
0,511,51100000,51100100,5163,8605,51200000,51200000
0,512,51200000,51200100,5163,8605,51300000,51300000
0,513,51300000,51300100,5163,8605,51400000,51400000
0,514,51400000,51400100,5163,8605,51500000,51500000
0,515,51500000,51500100,5163,8605,51600000,51600000
0,516,51600000,51600100,5163,8605,51700000,51700000
0,517,51700000,51700100,5163,8605,51800000,51800000
0,518,51800000,51800100,5163,8605,51900000,51900000
0,519,51900000,51900100,5163,8605,52000000,52000000
0,520,52000000,52000100,5163,8605,52100000,52100000
0,521,52100000,52100100,5163,8605,52200000,52200000
0,522,52200000,52200100,5163,8605,52300000,52300000
0,523,52300000,52300100,5163,8605,52400000,52400000
0,524,52400000,52400100,5163,8605,52500000,52500000
0,525,52500000,52500100,5163,8605,52600000,52600000
0,526,52600000,52600100,5163,8605,52700000,52700000
0,527,52700000,52700100,5163,8605,52800000,52800000
0,528,52800000,52800100,5163,8605,52900000,52900000
0,529,52900000,52900100,5163,8605,53000000,53000000
0,530,53000000,53000100,5163,8605,53100000,53100000
0,531,53100000,53100100,5163,8605,53200000,53200000
0,532,53200000,53200100,5163,8605,53300000,53300000
0,533,53300000,53300100,5163,8605,53400000,53400000
0,534,53400000,53400100,5163,8605,53500000,53500000
0,535,53500000,53500100,5163,8605,53600000,53600000
0,536,53600000,53600100,5163,8605,53700000,53700000
0,537,53700000,53700100,5163,8605,53800000,53800000
0,538,53800000,53800100,5163,8605,53900000,53900000
0,539,53900000,53900100,5163,8605,54000000,54000000
0,540,54000000,54000100,5163,8605,54100000,54100000
0,541,54100000,54100100,5163,8605,54200000,54200000
0,542,54200000,54200100,5163,8605,54300000,54300000
0,543,54300000,54300100,5163,8605,54400000,54400000
0,544,54400000,54400100,5163,8605,54500000,54500000
0,545,54500000,54500100,5163,8605,54600000,54600000
0,546,54600000,54600100,5163,8605,54700000,54700000
0,547,54700000,54700100,5163,8605,54800000,54800000
0,548,54800000,54800100,5163,8605,54900000,54900000
0,549,54900000,54900100,5163,8605,55000000,55000000
0,550,55000000,55000100,5163,8605,55100000,55100000
0,551,55100000,55100100,5163,8605,55200000,55200000
0,552,55200000,55200100,5163,8605,55300000,55300000
0,553,55300000,55300100,5163,8605,55400000,55400000
0,554,55400000,55400100,5163,8605,55500000,55500000
0,555,55500000,55500100,5163,8605,55600000,55600000
0,556,55600000,55600100,5163,8605,55700000,55700000
0,557,55700000,55700100,5163,8605,55800000,55800000
0,558,55800000,55800100,5163,8605,55900000,55900000
0,559,55900000,55900100,5163,8605,56000000,56000000
0,560,56000000,56000100,5163,8605,56100000,56100000
0,561,56100000,56100100,5163,8605,56200000,56200000
0,562,56200000,56200100,5163,8605,56300000,56300000
0,563,56300000,56300100,5163,8605,56400000,56400000
0,564,56400000,56400100,5163,8605,56500000,56500000
0,565,56500000,56500100,5163,8605,56600000,56600000
0,566,56600000,56600100,5163,8605,56700000,56700000
0,567,56700000,56700100,5163,8605,56800000,56800000
0,568,56800000,56800100,5163,8605,56900000,56900000
0,569,56900000,56900100,5163,8605,57000000,57000000
0,570,57000000,57000100,5163,8605,57100000,57100000
0,571,57100000,57100100,5163,8605,57200000,57200000
0,572,57200000,57200100,5163,8605,57300000,57300000
0,573,57300000,57300100,5163,8605,57400000,57400000
0,574,57400000,57400100,5163,8605,57500000,57500000
0,575,57500000,57500100,5163,8605,57600000,57600000
0,576,57600000,57600100,5163,8605,57700000,57700000
0,577,57700000,57700100,5163,8605,57800000,57800000
0,578,57800000,57800100,5163,8605,57900000,57900000
0,579,57900000,57900100,5163,8605,58000000,58000000
0,580,58000000,58000100,5163,8605,58100000,58100000
0,581,58100000,58100100,5163,8605,58200000,58200000
0,582,58200000,58200100,5163,8605,58300000,58300000
0,583,58300000,58300100,5163,8605,58400000,58400000
0,584,58400000,58400100,5163,8605,58500000,58500000
0,585,58500000,58500100,5163,8605,58600000,58600000
0,586,58600000,58600100,5163,8605,58700000,58700000
0,587,58700000,58700100,5163,8605,58800000,58800000
0,588,58800000,58800100,5163,8605,58900000,58900000
0,589,58900000,58900100,5163,8605,59000000,59000000
0,590,59000000,59000100,5163,8605,59100000,59100000
0,591,59100000,59100100,5163,8605,59200000,59200000
0,592,59200000,59200100,5163,8605,59300000,59300000
0,593,59300000,59300100,5163,8605,59400000,59400000
0,594,59400000,59400100,5163,8605,59500000,59500000
0,595,59500000,59500100,5163,8605,59600000,59600000
0,596,59600000,59600100,5163,8605,59700000,59700000
0,597,59700000,59700100,5163,8605,59800000,59800000
0,598,59800000,59800100,5163,8605,59900000,59900000
0,599,59900000,59900100,5163,8605,60000000,60000000
0,600,60000000,60000100,5163,8605,60100000,60100000
0,601,60100000,60100100,5163,8605,60200000,60200000
0,602,60200000,60200100,5163,8605,60300000,60300000
0,603,60300000,60300100,5163,8605,60400000,60400000
0,604,60400000,60400100,5163,8605,60500000,60500000
0,605,60500000,60500100,5163,8605,60600000,60600000
0,606,60600000,60600100,5163,8605,60700000,60700000
0,607,60700000,60700100,5163,8605,60800000,60800000
0,608,60800000,60800100,5163,8605,60900000,60900000
0,609,60900000,60900100,5163,8605,61000000,61000000
0,610,61000000,61000100,5163,8605,61100000,61100000
0,611,61100000,61100100,5163,8605,61200000,61200000
0,612,61200000,61200100,5163,8605,61300000,61300000
0,613,61300000,61300100,5163,8605,61400000,61400000
0,614,61400000,61400100,5163,8605,61500000,61500000
0,615,61500000,61500100,5163,8605,61600000,61600000
0,616,61600000,61600100,5163,8605,61700000,61700000
0,617,61700000,61700100,5163,8605,61800000,61800000
0,618,61800000,61800100,5163,8605,61900000,61900000
0,619,61900000,61900100,5163,8605,62000000,62000000
0,620,62000000,62000100,5163,8605,62100000,62100000
0,621,62100000,62100100,5163,8605,62200000,62200000
0,622,62200000,62200100,5163,8605,62300000,62300000
0,623,62300000,62300100,5163,8605,62400000,62400000
0,624,62400000,62400100,5163,8605,62500000,62500000
0,625,62500000,62500100,5163,8605,62600000,62600000
0,626,62600000,62600100,5163,8605,62700000,62700000
0,627,62700000,62700100,5163,8605,62800000,62800000
0,628,62800000,62800100,5163,8605,62900000,62900000
0,629,62900000,62900100,5163,8605,63000000,63000000
0,630,63000000,63000100,5163,8605,63100000,63100000
0,631,63100000,63100100,5163,8605,63200000,63200000
0,632,63200000,63200100,5163,8605,63300000,63300000
0,633,63300000,63300100,5163,8605,63400000,63400000
0,634,63400000,63400100,5163,8605,63500000,63500000
0,635,63500000,63500100,5163,8605,63600000,63600000
0,636,63600000,63600100,5163,8605,63700000,63700000
0,637,63700000,63700100,5163,8605,63800000,63800000
0,638,63800000,63800100,5163,8605,63900000,63900000
0,639,63900000,63900100,5163,8605,64000000,64000000
0,640,64000000,64000100,5163,8605,64100000,64100000
0,641,64100000,64100100,5163,8605,64200000,64200000
0,642,64200000,64200100,5163,8605,64300000,64300000
0,643,64300000,64300100,5163,8605,64400000,64400000
0,644,64400000,64400100,5163,8605,64500000,64500000
0,645,64500000,64500100,5163,8605,64600000,64600000
0,646,64600000,64600100,5163,8605,64700000,64700000
0,647,64700000,64700100,5163,8605,64800000,64800000
0,648,64800000,64800100,5163,8605,64900000,64900000
0,649,64900000,64900100,5163,8605,65000000,65000000
0,650,65000000,65000100,5163,8605,65100000,65100000
0,651,65100000,65100100,5163,8605,65200000,65200000
0,652,65200000,65200100,5163,8605,65300000,65300000
0,653,65300000,65300100,5163,8605,65400000,65400000
0,654,65400000,65400100,5163,8605,65500000,65500000
0,655,65500000,65500100,5163,8605,65600000,65600000
0,656,65600000,65600100,5163,8605,65700000,65700000
0,657,65700000,65700100,5163,8605,65800000,65800000
0,658,65800000,65800100,5163,8605,65900000,65900000
0,659,65900000,65900100,5163,8605,66000000,66000000
0,660,66000000,66000100,5163,8605,66100000,66100000
0,661,66100000,66100100,5163,8605,66200000,66200000
0,662,66200000,66200100,5163,8605,66300000,66300000
0,663,66300000,66300100,5163,8605,66400000,66400000
0,664,66400000,66400100,5163,8605,66500000,66500000
0,665,66500000,66500100,5163,8605,66600000,66600000
0,666,66600000,66600100,5163,8605,66700000,66700000
0,667,66700000,66700100,5163,8605,66800000,66800000
0,668,66800000,66800100,5163,8605,66900000,66900000
0,669,66900000,66900100,5163,8605,67000000,67000000
0,670,67000000,67000100,5163,8605,67100000,67100000
0,671,67100000,67100100,5163,8605,67200000,67200000
0,672,67200000,67200100,5163,8605,67300000,67300000
0,673,67300000,67300100,5163,8605,67400000,67400000
0,674,67400000,67400100,5163,8605,67500000,67500000
0,675,67500000,67500100,5163,8605,67600000,67600000
0,676,67600000,67600100,5163,8605,67700000,67700000
0,677,67700000,67700100,5163,8605,67800000,67800000
0,678,67800000,67800100,5163,8605,67900000,67900000
0,679,67900000,67900100,5163,8605,68000000,68000000
0,680,68000000,68000100,5163,8605,68100000,68100000
0,681,68100000,68100100,5163,8605,68200000,68200000
0,682,68200000,68200100,5163,8605,68300000,68300000
0,683,68300000,68300100,5163,8605,68400000,68400000
0,684,68400000,68400100,5163,8605,68500000,68500000
0,685,68500000,68500100,5163,8605,68600000,68600000
0,686,68600000,68600100,5163,8605,68700000,68700000
0,687,68700000,68700100,5163,8605,68800000,68800000
0,688,68800000,68800100,5163,8605,68900000,68900000
0,689,68900000,68900100,5163,8605,69000000,69000000
0,690,69000000,69000100,5163,8605,69100000,69100000
0,691,69100000,69100100,5163,8605,69200000,69200000
0,692,69200000,69200100,5163,8605,69300000,69300000
0,693,69300000,69300100,5163,8605,69400000,69400000
0,694,69400000,69400100,5163,8605,69500000,69500000
0,695,69500000,69500100,5163,8605,69600000,69600000
0,696,69600000,69600100,5163,8605,69700000,69700000
0,697,69700000,69700100,5163,8605,69800000,69800000
0,698,69800000,69800100,5163,8605,69900000,69900000
0,699,69900000,69900100,5163,8605,70000000,70000000
0,700,70000000,70000100,5163,8605,70100000,70100000
0,701,70100000,70100100,5163,8605,70200000,70200000
0,702,70200000,70200100,5163,8605,70300000,70300000
0,703,70300000,70300100,5163,8605,70400000,70400000
0,704,70400000,70400100,5163,8605,70500000,70500000
0,705,70500000,70500100,5163,8605,70600000,70600000
0,706,70600000,70600100,5163,8605,70700000,70700000
0,707,70700000,70700100,5163,8605,70800000,70800000
0,708,70800000,70800100,5163,8605,70900000,70900000
0,709,70900000,70900100,5163,8605,71000000,71000000
0,710,71000000,71000100,5163,8605,71100000,71100000
0,711,71100000,71100100,5163,8605,71200000,71200000
0,712,71200000,71200100,5163,8605,71300000,71300000
0,713,71300000,71300100,5163,8605,71400000,71400000
0,714,71400000,71400100,5163,8605,71500000,71500000
0,715,71500000,71500100,5163,8605,71600000,71600000
0,716,71600000,71600100,5163,8605,71700000,71700000
0,717,71700000,71700100,5163,8605,71800000,71800000
0,718,71800000,71800100,5163,8605,71900000,71900000
0,719,71900000,71900100,5163,8605,72000000,72000000
0,720,72000000,72000100,5163,8605,72100000,72100000
0,721,72100000,72100100,5163,8605,72200000,72200000
0,722,72200000,72200100,5163,8605,72300000,72300000
0,723,72300000,72300100,5163,8605,72400000,72400000
0,724,72400000,72400100,5163,8605,72500000,72500000
0,725,72500000,72500100,5163,8605,72600000,72600000
0,726,72600000,72600100,5163,8605,72700000,72700000
0,727,72700000,72700100,5163,8605,72800000,72800000
0,728,72800000,72800100,5163,8605,72900000,72900000
0,729,72900000,72900100,5163,8605,73000000,73000000
0,730,73000000,73000100,5163,8605,73100000,73100000
0,731,73100000,73100100,5163,8605,73200000,73200000
0,732,73200000,73200100,5163,8605,73300000,73300000
0,733,73300000,73300100,5163,8605,73400000,73400000
0,734,73400000,73400100,5163,8605,73500000,73500000
0,735,73500000,73500100,5163,8605,73600000,73600000
0,736,73600000,73600100,5163,8605,73700000,73700000
0,737,73700000,73700100,5163,8605,73800000,73800000
0,738,73800000,73800100,5163,8605,73900000,73900000
0,739,73900000,73900100,5163,8605,74000000,74000000
0,740,74000000,74000100,5163,8605,74100000,74100000
0,741,74100000,74100100,5163,8605,74200000,74200000
0,742,74200000,74200100,5163,8605,74300000,74300000
0,743,74300000,74300100,5163,8605,74400000,74400000
0,744,74400000,74400100,5163,8605,74500000,74500000
0,745,74500000,74500100,5163,8605,74600000,74600000
0,746,74600000,74600100,5163,8605,74700000,74700000
0,747,74700000,74700100,5163,8605,74800000,74800000
0,748,74800000,74800100,5163,8605,74900000,74900000
0,749,74900000,74900100,5163,8605,75000000,75000000
0,750,75000000,75000100,5163,8605,75100000,75100000
0,751,75100000,75100100,5163,8605,75200000,75200000
0,752,75200000,75200100,5163,8605,75300000,75300000
0,753,75300000,75300100,5163,8605,75400000,75400000
0,754,75400000,75400100,5163,8605,75500000,75500000
0,755,75500000,75500100,5163,8605,75600000,75600000
0,756,75600000,75600100,5163,8605,75700000,75700000
0,757,75700000,75700100,5163,8605,75800000,75800000
0,758,75800000,75800100,5163,8605,75900000,75900000
0,759,75900000,75900100,5163,8605,76000000,76000000
0,760,76000000,76000100,5163,8605,76100000,76100000
0,761,76100000,76100100,5163,8605,76200000,76200000
0,762,76200000,76200100,5163,8605,76300000,76300000
0,763,76300000,76300100,5163,8605,76400000,76400000
0,764,76400000,76400100,5163,8605,76500000,76500000
0,765,76500000,76500100,5163,8605,76600000,76600000
0,766,76600000,76600100,5163,8605,76700000,76700000
0,767,76700000,76700100,5163,8605,76800000,76800000
0,768,76800000,76800100,5163,8605,76900000,76900000
0,769,76900000,76900100,5163,8605,77000000,77000000
0,770,77000000,77000100,5163,8605,77100000,77100000
0,771,77100000,77100100,5163,8605,77200000,77200000
0,772,77200000,77200100,5163,8605,77300000,77300000
0,773,77300000,77300100,5163,8605,77400000,77400000
0,774,77400000,77400100,5163,8605,77500000,77500000
0,775,77500000,77500100,5163,8605,77600000,77600000
0,776,77600000,77600100,5163,8605,77700000,77700000
0,777,77700000,77700100,5163,8605,77800000,77800000
0,778,77800000,77800100,5163,8605,77900000,77900000
0,779,77900000,77900100,5163,8605,78000000,78000000
0,780,78000000,78000100,5163,8605,78100000,78100000
0,781,78100000,78100100,5163,8605,78200000,78200000
0,782,78200000,78200100,5163,8605,78300000,78300000
0,783,78300000,78300100,5163,8605,78400000,78400000
0,784,78400000,78400100,5163,8605,78500000,78500000
0,785,78500000,78500100,5163,8605,78600000,78600000
0,786,78600000,78600100,5163,8605,78700000,78700000
0,787,78700000,78700100,5163,8605,78800000,78800000
0,788,78800000,78800100,5163,8605,78900000,78900000
0,789,78900000,78900100,5163,8605,79000000,79000000
0,790,79000000,79000100,5163,8605,79100000,79100000
0,791,79100000,79100100,5163,8605,79200000,79200000
0,792,79200000,79200100,5163,8605,79300000,79300000
0,793,79300000,79300100,5163,8605,79400000,79400000
0,794,79400000,79400100,5163,8605,79500000,79500000
0,795,79500000,79500100,5163,8605,79600000,79600000
0,796,79600000,79600100,5163,8605,79700000,79700000
0,797,79700000,79700100,5163,8605,79800000,79800000
0,798,79800000,79800100,5163,8605,79900000,79900000
0,799,79900000,79900100,5163,8605,80000000,80000000
0,800,80000000,80000100,5163,8605,80100000,80100000
0,801,80100000,80100100,5163,8605,80200000,80200000
0,802,80200000,80200100,5163,8605,80300000,80300000
0,803,80300000,80300100,5163,8605,80400000,80400000
0,804,80400000,80400100,5163,8605,80500000,80500000
0,805,80500000,80500100,5163,8605,80600000,80600000
0,806,80600000,80600100,5163,8605,80700000,80700000
0,807,80700000,80700100,5163,8605,80800000,80800000
0,808,80800000,80800100,5163,8605,80900000,80900000
0,809,80900000,80900100,5163,8605,81000000,81000000
0,810,81000000,81000100,5163,8605,81100000,81100000
0,811,81100000,81100100,5163,8605,81200000,81200000
0,812,81200000,81200100,5163,8605,81300000,81300000
0,813,81300000,81300100,5163,8605,81400000,81400000
0,814,81400000,81400100,5163,8605,81500000,81500000
0,815,81500000,81500100,5163,8605,81600000,81600000
0,816,81600000,81600100,5163,8605,81700000,81700000
0,817,81700000,81700100,5163,8605,81800000,81800000
0,818,81800000,81800100,5163,8605,81900000,81900000
0,819,81900000,81900100,5163,8605,82000000,82000000
0,820,82000000,82000100,5163,8605,82100000,82100000
0,821,82100000,82100100,5163,8605,82200000,82200000
0,822,82200000,82200100,5163,8605,82300000,82300000
0,823,82300000,82300100,5163,8605,82400000,82400000
0,824,82400000,82400100,5163,8605,82500000,82500000
0,825,82500000,82500100,5163,8605,82600000,82600000
0,826,82600000,82600100,5163,8605,82700000,82700000
0,827,82700000,82700100,5163,8605,82800000,82800000
0,828,82800000,82800100,5163,8605,82900000,82900000
0,829,82900000,82900100,5163,8605,83000000,83000000
0,830,83000000,83000100,5163,8605,83100000,83100000
0,831,83100000,83100100,5163,8605,83200000,83200000
0,832,83200000,83200100,5163,8605,83300000,83300000
0,833,83300000,83300100,5163,8605,83400000,83400000
0,834,83400000,83400100,5163,8605,83500000,83500000
0,835,83500000,83500100,5163,8605,83600000,83600000
0,836,83600000,83600100,5163,8605,83700000,83700000
0,837,83700000,83700100,5163,8605,83800000,83800000
0,838,83800000,83800100,5163,8605,83900000,83900000
0,839,83900000,83900100,5163,8605,84000000,84000000
0,840,84000000,84000100,5163,8605,84100000,84100000
0,841,84100000,84100100,5163,8605,84200000,84200000
0,842,84200000,84200100,5163,8605,84300000,84300000
0,843,84300000,84300100,5163,8605,84400000,84400000
0,844,84400000,84400100,5163,8605,84500000,84500000
0,845,84500000,84500100,5163,8605,84600000,84600000
0,846,84600000,84600100,5163,8605,84700000,84700000
0,847,84700000,84700100,5163,8605,84800000,84800000
0,848,84800000,84800100,5163,8605,84900000,84900000
0,849,84900000,84900100,5163,8605,85000000,85000000
0,850,85000000,85000100,5163,8605,85100000,85100000
0,851,85100000,85100100,5163,8605,85200000,85200000
0,852,85200000,85200100,5163,8605,85300000,85300000
0,853,85300000,85300100,5163,8605,85400000,85400000
0,854,85400000,85400100,5163,8605,85500000,85500000
0,855,85500000,85500100,5163,8605,85600000,85600000
0,856,85600000,85600100,5163,8605,85700000,85700000
0,857,85700000,85700100,5163,8605,85800000,85800000
0,858,85800000,85800100,5163,8605,85900000,85900000
0,859,85900000,85900100,5163,8605,86000000,86000000
0,860,86000000,86000100,5163,8605,86100000,86100000
0,861,86100000,86100100,5163,8605,86200000,86200000
0,862,86200000,86200100,5163,8605,86300000,86300000
0,863,86300000,86300100,5163,8605,86400000,86400000
0,864,86400000,86400100,5163,8605,86500000,86500000
0,865,86500000,86500100,5163,8605,86600000,86600000
0,866,86600000,86600100,5163,8605,86700000,86700000
0,867,86700000,86700100,5163,8605,86800000,86800000
0,868,86800000,86800100,5163,8605,86900000,86900000
0,869,86900000,86900100,5163,8605,87000000,87000000
0,870,87000000,87000100,5163,8605,87100000,87100000
0,871,87100000,87100100,5163,8605,87200000,87200000
0,872,87200000,87200100,5163,8605,87300000,87300000
0,873,87300000,87300100,5163,8605,87400000,87400000
0,874,87400000,87400100,5163,8605,87500000,87500000
0,875,87500000,87500100,5163,8605,87600000,87600000
0,876,87600000,87600100,5163,8605,87700000,87700000
0,877,87700000,87700100,5163,8605,87800000,87800000
0,878,87800000,87800100,5163,8605,87900000,87900000
0,879,87900000,87900100,5163,8605,88000000,88000000
0,880,88000000,88000100,5163,8605,88100000,88100000
0,881,88100000,88100100,5163,8605,88200000,88200000
0,882,88200000,88200100,5163,8605,88300000,88300000
0,883,88300000,88300100,5163,8605,88400000,88400000
0,884,88400000,88400100,5163,8605,88500000,88500000
0,885,88500000,88500100,5163,8605,88600000,88600000
0,886,88600000,88600100,5163,8605,88700000,88700000
0,887,88700000,88700100,5163,8605,88800000,88800000
0,888,88800000,88800100,5163,8605,88900000,88900000
0,889,88900000,88900100,5163,8605,89000000,89000000
0,890,89000000,89000100,5163,8605,89100000,89100000
0,891,89100000,89100100,5163,8605,89200000,89200000
0,892,89200000,89200100,5163,8605,89300000,89300000
0,893,89300000,89300100,5163,8605,89400000,89400000
0,894,89400000,89400100,5163,8605,89500000,89500000
0,895,89500000,89500100,5163,8605,89600000,89600000
0,896,89600000,89600100,5163,8605,89700000,89700000
0,897,89700000,89700100,5163,8605,89800000,89800000
0,898,89800000,89800100,5163,8605,89900000,89900000
0,899,89900000,89900100,5163,8605,90000000,90000000
0,900,90000000,90000100,5163,8605,90100000,90100000
0,901,90100000,90100100,5163,8605,90200000,90200000
0,902,90200000,90200100,5163,8605,90300000,90300000
0,903,90300000,90300100,5163,8605,90400000,90400000
0,904,90400000,90400100,5163,8605,90500000,90500000
0,905,90500000,90500100,5163,8605,90600000,90600000
0,906,90600000,90600100,5163,8605,90700000,90700000
0,907,90700000,90700100,5163,8605,90800000,90800000
0,908,90800000,90800100,5163,8605,90900000,90900000
0,909,90900000,90900100,5163,8605,91000000,91000000
0,910,91000000,91000100,5163,8605,91100000,91100000
0,911,91100000,91100100,5163,8605,91200000,91200000
0,912,91200000,91200100,5163,8605,91300000,91300000
0,913,91300000,91300100,5163,8605,91400000,91400000
0,914,91400000,91400100,5163,8605,91500000,91500000
0,915,91500000,91500100,5163,8605,91600000,91600000
0,916,91600000,91600100,5163,8605,91700000,91700000
0,917,91700000,91700100,5163,8605,91800000,91800000
0,918,91800000,91800100,5163,8605,91900000,91900000
0,919,91900000,91900100,5163,8605,92000000,92000000
0,920,92000000,92000100,5163,8605,92100000,92100000
0,921,92100000,92100100,5163,8605,92200000,92200000
0,922,92200000,92200100,5163,8605,92300000,92300000
0,923,92300000,92300100,5163,8605,92400000,92400000
0,924,92400000,92400100,5163,8605,92500000,92500000
0,925,92500000,92500100,5163,8605,92600000,92600000
0,926,92600000,92600100,5163,8605,92700000,92700000
0,927,92700000,92700100,5163,8605,92800000,92800000
0,928,92800000,92800100,5163,8605,92900000,92900000
0,929,92900000,92900100,5163,8605,93000000,93000000
0,930,93000000,93000100,5163,8605,93100000,93100000
0,931,93100000,93100100,5163,8605,93200000,93200000
0,932,93200000,93200100,5163,8605,93300000,93300000
0,933,93300000,93300100,5163,8605,93400000,93400000
0,934,93400000,93400100,5163,8605,93500000,93500000
0,935,93500000,93500100,5163,8605,93600000,93600000
0,936,93600000,93600100,5163,8605,93700000,93700000
0,937,93700000,93700100,5163,8605,93800000,93800000
0,938,93800000,93800100,5163,8605,93900000,93900000
0,939,93900000,93900100,5163,8605,94000000,94000000
0,940,94000000,94000100,5163,8605,94100000,94100000
0,941,94100000,94100100,5163,8605,94200000,94200000
0,942,94200000,94200100,5163,8605,94300000,94300000
0,943,94300000,94300100,5163,8605,94400000,94400000
0,944,94400000,94400100,5163,8605,94500000,94500000
0,945,94500000,94500100,5163,8605,94600000,94600000
0,946,94600000,94600100,5163,8605,94700000,94700000
0,947,94700000,94700100,5163,8605,94800000,94800000
0,948,94800000,94800100,5163,8605,94900000,94900000
0,949,94900000,94900100,5163,8605,95000000,95000000
0,950,95000000,95000100,5163,8605,95100000,95100000
0,951,95100000,95100100,5163,8605,95200000,95200000
0,952,95200000,95200100,5163,8605,95300000,95300000
0,953,95300000,95300100,5163,8605,95400000,95400000
0,954,95400000,95400100,5163,8605,95500000,95500000
0,955,95500000,95500100,5163,8605,95600000,95600000
0,956,95600000,95600100,5163,8605,95700000,95700000
0,957,95700000,95700100,5163,8605,95800000,95800000
0,958,95800000,95800100,5163,8605,95900000,95900000
0,959,95900000,95900100,5163,8605,96000000,96000000
0,960,96000000,96000100,5163,8605,96100000,96100000
0,961,96100000,96100100,5163,8605,96200000,96200000
0,962,96200000,96200100,5163,8605,96300000,96300000
0,963,96300000,96300100,5163,8605,96400000,96400000
0,964,96400000,96400100,5163,8605,96500000,96500000
0,965,96500000,96500100,5163,8605,96600000,96600000
0,966,96600000,96600100,5163,8605,96700000,96700000
0,967,96700000,96700100,5163,8605,96800000,96800000
0,968,96800000,96800100,5163,8605,96900000,96900000
0,969,96900000,96900100,5163,8605,97000000,97000000
0,970,97000000,97000100,5163,8605,97100000,97100000
0,971,97100000,97100100,5163,8605,97200000,97200000
0,972,97200000,97200100,5163,8605,97300000,97300000
0,973,97300000,97300100,5163,8605,97400000,97400000
0,974,97400000,97400100,5163,8605,97500000,97500000
0,975,97500000,97500100,5163,8605,97600000,97600000
0,976,97600000,97600100,5163,8605,97700000,97700000
0,977,97700000,97700100,5163,8605,97800000,97800000
0,978,97800000,97800100,5163,8605,97900000,97900000
0,979,97900000,97900100,5163,8605,98000000,98000000
0,980,98000000,98000100,5163,8605,98100000,98100000
0,981,98100000,98100100,5163,8605,98200000,98200000
0,982,98200000,98200100,5163,8605,98300000,98300000
0,983,98300000,98300100,5163,8605,98400000,98400000
0,984,98400000,98400100,5163,8605,98500000,98500000
0,985,98500000,98500100,5163,8605,98600000,98600000
0,986,98600000,98600100,5163,8605,98700000,98700000
0,987,98700000,98700100,5163,8605,98800000,98800000
0,988,98800000,98800100,5163,8605,98900000,98900000
0,989,98900000,98900100,5163,8605,99000000,99000000
0,990,99000000,99000100,5163,8605,99100000,99100000
0,991,99100000,99100100,5163,8605,99200000,99200000
0,992,99200000,99200100,5163,8605,99300000,99300000
0,993,99300000,99300100,5163,8605,99400000,99400000
0,994,99400000,99400100,5163,8605,99500000,99500000
0,995,99500000,99500100,5163,8605,99600000,99600000
0,996,99600000,99600100,5163,8605,99700000,99700000
0,997,99700000,99700100,5163,8605,99800000,99800000
0,998,99800000,99800100,5163,8605,99900000,99900000
0,999,99900000,99900100,5163,8605,100000000,100000000
0,1000,100000000,100000100,5163,8605,100100000,100100000
0,1001,100100000,100100100,5163,8605,100200000,100200000
0,1002,100200000,100200100,5163,8605,100300000,100300000
0,1003,100300000,100300100,5163,8605,100400000,100400000
0,1004,100400000,100400100,5163,8605,100500000,100500000
0,1005,100500000,100500100,5163,8605,100600000,100600000
0,1006,100600000,100600100,5163,8605,100700000,100700000
0,1007,100700000,100700100,5163,8605,100800000,100800000
0,1008,100800000,100800100,5163,8605,100900000,100900000
0,1009,100900000,100900100,5163,8605,101000000,101000000
0,1010,101000000,101000100,5163,8605,101100000,101100000
0,1011,101100000,101100100,5163,8605,101200000,101200000
0,1012,101200000,101200100,5163,8605,101300000,101300000
0,1013,101300000,101300100,5163,8605,101400000,101400000
0,1014,101400000,101400100,5163,8605,101500000,101500000
0,1015,101500000,101500100,5163,8605,101600000,101600000
0,1016,101600000,101600100,5163,8605,101700000,101700000
0,1017,101700000,101700100,5163,8605,101800000,101800000
0,1018,101800000,101800100,5163,8605,101900000,101900000
0,1019,101900000,101900100,5163,8605,102000000,102000000
1,0,0,100,31491,52486,150000,150000
1,1,150000,150100,31491,52486,300000,300000
1,2,300000,300100,31491,52486,450000,450000
1,3,450000,450100,31491,52486,600000,600000
1,4,600000,600100,31491,52486,750000,750000
1,5,750000,750100,31491,52486,900000,900000
1,6,900000,900100,31491,52486,1050000,1050000
1,7,1050000,1050100,31491,52486,1200000,1200000
1,8,1200000,1200100,31491,52486,1350000,1350000
1,9,1350000,1350100,31491,52486,1500000,1500000
1,10,1500000,1500100,31491,52486,1650000,1650000
1,11,1650000,1650100,31491,52486,1800000,1800000
1,12,1800000,1800100,31491,52486,1950000,1950000
1,13,1950000,1950100,31491,52486,2100000,2100000
1,14,2100000,2100100,31491,52486,2250000,2250000
1,15,2250000,2250100,31491,52486,2400000,2400000
1,16,2400000,2400100,31491,52486,2550000,2550000
1,17,2550000,2550100,31491,52486,2700000,2700000
1,18,2700000,2700100,31491,52486,2850000,2850000
1,19,2850000,2850100,31491,52486,3000000,3000000
1,20,3000000,3000100,31491,52486,3150000,3150000
1,21,3150000,3150100,31491,52486,3300000,3300000
1,22,3300000,3300100,31491,52486,3450000,3450000
1,23,3450000,3450100,31491,52486,3600000,3600000
1,24,3600000,3600100,31491,52486,3750000,3750000
1,25,3750000,3750100,31491,52486,3900000,3900000
1,26,3900000,3900100,31491,52486,4050000,4050000
1,27,4050000,4050100,31491,52486,4200000,4200000
1,28,4200000,4200100,31491,52486,4350000,4350000
1,29,4350000,4350100,31491,52486,4500000,4500000
1,30,4500000,4500100,31491,52486,4650000,4650000
1,31,4650000,4650100,31491,52486,4800000,4800000
1,32,4800000,4800100,31491,52486,4950000,4950000
1,33,4950000,4950100,31491,52486,5100000,5100000
1,34,5100000,5100100,31491,52486,5250000,5250000
1,35,5250000,5250100,31491,52486,5400000,5400000
1,36,5400000,5400100,31491,52486,5550000,5550000
1,37,5550000,5550100,31491,52486,5700000,5700000
1,38,5700000,5700100,31491,52486,5850000,5850000
1,39,5850000,5850100,31491,52486,6000000,6000000
1,40,6000000,6000100,31491,52486,6150000,6150000
1,41,6150000,6150100,31491,52486,6300000,6300000
1,42,6300000,6300100,31491,52486,6450000,6450000
1,43,6450000,6450100,31491,52486,6600000,6600000
1,44,6600000,6600100,31491,52486,6750000,6750000
1,45,6750000,6750100,31491,52486,6900000,6900000
1,46,6900000,6900100,31491,52486,7050000,7050000
1,47,7050000,7050100,31491,52486,7200000,7200000
1,48,7200000,7200100,31491,52486,7350000,7350000
1,49,7350000,7350100,31491,52486,7500000,7500000
1,50,7500000,7500100,31491,52486,7650000,7650000
1,51,7650000,7650100,31491,52486,7800000,7800000
1,52,7800000,7800100,31491,52486,7950000,7950000
1,53,7950000,7950100,31491,52486,8100000,8100000
1,54,8100000,8100100,31491,52486,8250000,8250000
1,55,8250000,8250100,31491,52486,8400000,8400000
1,56,8400000,8400100,31491,52486,8550000,8550000
1,57,8550000,8550100,31491,52486,8700000,8700000
1,58,8700000,8700100,31491,52486,8850000,8850000
1,59,8850000,8850100,31491,52486,9000000,9000000
1,60,9000000,9000100,31491,52486,9150000,9150000
1,61,9150000,9150100,31491,52486,9300000,9300000
1,62,9300000,9300100,31491,52486,9450000,9450000
1,63,9450000,9450100,31491,52486,9600000,9600000
1,64,9600000,9600100,31491,52486,9750000,9750000
1,65,9750000,9750100,31491,52486,9900000,9900000
1,66,9900000,9900100,31491,52486,10050000,10050000
1,67,10050000,10050100,31491,52486,10200000,10200000
1,68,10200000,10200100,31491,52486,10350000,10350000
1,69,10350000,10350100,31491,52486,10500000,10500000
1,70,10500000,10500100,31491,52486,10650000,10650000
1,71,10650000,10650100,31491,52486,10800000,10800000
1,72,10800000,10800100,31491,52486,10950000,10950000
1,73,10950000,10950100,31491,52486,11100000,11100000
1,74,11100000,11100100,31491,52486,11250000,11250000
1,75,11250000,11250100,31491,52486,11400000,11400000
1,76,11400000,11400100,31491,52486,11550000,11550000
1,77,11550000,11550100,31491,52486,11700000,11700000
1,78,11700000,11700100,31491,52486,11850000,11850000
1,79,11850000,11850100,31491,52486,12000000,12000000
1,80,12000000,12000100,31491,52486,12150000,12150000
1,81,12150000,12150100,31491,52486,12300000,12300000
1,82,12300000,12300100,31491,52486,12450000,12450000
1,83,12450000,12450100,31491,52486,12600000,12600000
1,84,12600000,12600100,31491,52486,12750000,12750000
1,85,12750000,12750100,31491,52486,12900000,12900000
1,86,12900000,12900100,31491,52486,13050000,13050000
1,87,13050000,13050100,31491,52486,13200000,13200000
1,88,13200000,13200100,31491,52486,13350000,13350000
1,89,13350000,13350100,31491,52486,13500000,13500000
1,90,13500000,13500100,31491,52486,13650000,13650000
1,91,13650000,13650100,31491,52486,13800000,13800000
1,92,13800000,13800100,31491,52486,13950000,13950000
1,93,13950000,13950100,31491,52486,14100000,14100000
1,94,14100000,14100100,31491,52486,14250000,14250000
1,95,14250000,14250100,31491,52486,14400000,14400000
1,96,14400000,14400100,31491,52486,14550000,14550000
1,97,14550000,14550100,31491,52486,14700000,14700000
1,98,14700000,14700100,31491,52486,14850000,14850000
1,99,14850000,14850100,31491,52486,15000000,15000000
1,100,15000000,15000100,31491,52486,15150000,15150000
1,101,15150000,15150100,31491,52486,15300000,15300000
1,102,15300000,15300100,31491,52486,15450000,15450000
1,103,15450000,15450100,31491,52486,15600000,15600000
1,104,15600000,15600100,31491,52486,15750000,15750000
1,105,15750000,15750100,31491,52486,15900000,15900000
1,106,15900000,15900100,31491,52486,16050000,16050000
1,107,16050000,16050100,31491,52486,16200000,16200000
1,108,16200000,16200100,31491,52486,16350000,16350000
1,109,16350000,16350100,31491,52486,16500000,16500000
1,110,16500000,16500100,31491,52486,16650000,16650000
1,111,16650000,16650100,31491,52486,16800000,16800000
1,112,16800000,16800100,31491,52486,16950000,16950000
1,113,16950000,16950100,31491,52486,17100000,17100000
1,114,17100000,17100100,31491,52486,17250000,17250000
1,115,17250000,17250100,31491,52486,17400000,17400000
1,116,17400000,17400100,31491,52486,17550000,17550000
1,117,17550000,17550100,31491,52486,17700000,17700000
1,118,17700000,17700100,31491,52486,17850000,17850000
1,119,17850000,17850100,31491,52486,18000000,18000000
1,120,18000000,18000100,31491,52486,18150000,18150000
1,121,18150000,18150100,31491,52486,18300000,18300000
1,122,18300000,18300100,31491,52486,18450000,18450000
1,123,18450000,18450100,31491,52486,18600000,18600000
1,124,18600000,18600100,31491,52486,18750000,18750000
1,125,18750000,18750100,31491,52486,18900000,18900000
1,126,18900000,18900100,31491,52486,19050000,19050000
1,127,19050000,19050100,31491,52486,19200000,19200000
1,128,19200000,19200100,31491,52486,19350000,19350000
1,129,19350000,19350100,31491,52486,19500000,19500000
1,130,19500000,19500100,31491,52486,19650000,19650000
1,131,19650000,19650100,31491,52486,19800000,19800000
1,132,19800000,19800100,31491,52486,19950000,19950000
1,133,19950000,19950100,31491,52486,20100000,20100000
1,134,20100000,20100100,31491,52486,20250000,20250000
1,135,20250000,20250100,31491,52486,20400000,20400000
1,136,20400000,20400100,31491,52486,20550000,20550000
1,137,20550000,20550100,31491,52486,20700000,20700000
1,138,20700000,20700100,31491,52486,20850000,20850000
1,139,20850000,20850100,31491,52486,21000000,21000000
1,140,21000000,21000100,31491,52486,21150000,21150000
1,141,21150000,21150100,31491,52486,21300000,21300000
1,142,21300000,21300100,31491,52486,21450000,21450000
1,143,21450000,21450100,31491,52486,21600000,21600000
1,144,21600000,21600100,31491,52486,21750000,21750000
1,145,21750000,21750100,31491,52486,21900000,21900000
1,146,21900000,21900100,31491,52486,22050000,22050000
1,147,22050000,22050100,31491,52486,22200000,22200000
1,148,22200000,22200100,31491,52486,22350000,22350000
1,149,22350000,22350100,31491,52486,22500000,22500000
1,150,22500000,22500100,31491,52486,22650000,22650000
1,151,22650000,22650100,31491,52486,22800000,22800000
1,152,22800000,22800100,31491,52486,22950000,22950000
1,153,22950000,22950100,31491,52486,23100000,23100000
1,154,23100000,23100100,31491,52486,23250000,23250000
1,155,23250000,23250100,31491,52486,23400000,23400000
1,156,23400000,23400100,31491,52486,23550000,23550000
1,157,23550000,23550100,31491,52486,23700000,23700000
1,158,23700000,23700100,31491,52486,23850000,23850000
1,159,23850000,23850100,31491,52486,24000000,24000000
1,160,24000000,24000100,31491,52486,24150000,24150000
1,161,24150000,24150100,31491,52486,24300000,24300000
1,162,24300000,24300100,31491,52486,24450000,24450000
1,163,24450000,24450100,31491,52486,24600000,24600000
1,164,24600000,24600100,31491,52486,24750000,24750000
1,165,24750000,24750100,31491,52486,24900000,24900000
1,166,24900000,24900100,31491,52486,25050000,25050000
1,167,25050000,25050100,31491,52486,25200000,25200000
1,168,25200000,25200100,31491,52486,25350000,25350000
1,169,25350000,25350100,31491,52486,25500000,25500000
1,170,25500000,25500100,31491,52486,25650000,25650000
1,171,25650000,25650100,31491,52486,25800000,25800000
1,172,25800000,25800100,31491,52486,25950000,25950000
1,173,25950000,25950100,31491,52486,26100000,26100000
1,174,26100000,26100100,31491,52486,26250000,26250000
1,175,26250000,26250100,31491,52486,26400000,26400000
1,176,26400000,26400100,31491,52486,26550000,26550000
1,177,26550000,26550100,31491,52486,26700000,26700000
1,178,26700000,26700100,31491,52486,26850000,26850000
1,179,26850000,26850100,31491,52486,27000000,27000000
1,180,27000000,27000100,31491,52486,27150000,27150000
1,181,27150000,27150100,31491,52486,27300000,27300000
1,182,27300000,27300100,31491,52486,27450000,27450000
1,183,27450000,27450100,31491,52486,27600000,27600000
1,184,27600000,27600100,31491,52486,27750000,27750000
1,185,27750000,27750100,31491,52486,27900000,27900000
1,186,27900000,27900100,31491,52486,28050000,28050000
1,187,28050000,28050100,31491,52486,28200000,28200000
1,188,28200000,28200100,31491,52486,28350000,28350000
1,189,28350000,28350100,31491,52486,28500000,28500000
1,190,28500000,28500100,31491,52486,28650000,28650000
1,191,28650000,28650100,31491,52486,28800000,28800000
1,192,28800000,28800100,31491,52486,28950000,28950000
1,193,28950000,28950100,31491,52486,29100000,29100000
1,194,29100000,29100100,31491,52486,29250000,29250000
1,195,29250000,29250100,31491,52486,29400000,29400000
1,196,29400000,29400100,31491,52486,29550000,29550000
1,197,29550000,29550100,31491,52486,29700000,29700000
1,198,29700000,29700100,31491,52486,29850000,29850000
1,199,29850000,29850100,31491,52486,30000000,30000000
1,200,30000000,30000100,31491,52486,30150000,30150000
1,201,30150000,30150100,31491,52486,30300000,30300000
1,202,30300000,30300100,31491,52486,30450000,30450000
1,203,30450000,30450100,31491,52486,30600000,30600000
1,204,30600000,30600100,31491,52486,30750000,30750000
1,205,30750000,30750100,31491,52486,30900000,30900000
1,206,30900000,30900100,31491,52486,31050000,31050000
1,207,31050000,31050100,31491,52486,31200000,31200000
1,208,31200000,31200100,31491,52486,31350000,31350000
1,209,31350000,31350100,31491,52486,31500000,31500000
1,210,31500000,31500100,31491,52486,31650000,31650000
1,211,31650000,31650100,31491,52486,31800000,31800000
1,212,31800000,31800100,31491,52486,31950000,31950000
1,213,31950000,31950100,31491,52486,32100000,32100000
1,214,32100000,32100100,31491,52486,32250000,32250000
1,215,32250000,32250100,31491,52486,32400000,32400000
1,216,32400000,32400100,31491,52486,32550000,32550000
1,217,32550000,32550100,31491,52486,32700000,32700000
1,218,32700000,32700100,31491,52486,32850000,32850000
1,219,32850000,32850100,31491,52486,33000000,33000000
1,220,33000000,33000100,31491,52486,33150000,33150000
1,221,33150000,33150100,31491,52486,33300000,33300000
1,222,33300000,33300100,31491,52486,33450000,33450000
1,223,33450000,33450100,31491,52486,33600000,33600000
1,224,33600000,33600100,31491,52486,33750000,33750000
1,225,33750000,33750100,31491,52486,33900000,33900000
1,226,33900000,33900100,31491,52486,34050000,34050000
1,227,34050000,34050100,31491,52486,34200000,34200000
1,228,34200000,34200100,31491,52486,34350000,34350000
1,229,34350000,34350100,31491,52486,34500000,34500000
1,230,34500000,34500100,31491,52486,34650000,34650000
1,231,34650000,34650100,31491,52486,34800000,34800000
1,232,34800000,34800100,31491,52486,34950000,34950000
1,233,34950000,34950100,31491,52486,35100000,35100000
1,234,35100000,35100100,31491,52486,35250000,35250000
1,235,35250000,35250100,31491,52486,35400000,35400000
1,236,35400000,35400100,31491,52486,35550000,35550000
1,237,35550000,35550100,31491,52486,35700000,35700000
1,238,35700000,35700100,31491,52486,35850000,35850000
1,239,35850000,35850100,31491,52486,36000000,36000000
1,240,36000000,36000100,31491,52486,36150000,36150000
1,241,36150000,36150100,31491,52486,36300000,36300000
1,242,36300000,36300100,31491,52486,36450000,36450000
1,243,36450000,36450100,31491,52486,36600000,36600000
1,244,36600000,36600100,31491,52486,36750000,36750000
1,245,36750000,36750100,31491,52486,36900000,36900000
1,246,36900000,36900100,31491,52486,37050000,37050000
1,247,37050000,37050100,31491,52486,37200000,37200000
1,248,37200000,37200100,31491,52486,37350000,37350000
1,249,37350000,37350100,31491,52486,37500000,37500000
1,250,37500000,37500100,31491,52486,37650000,37650000
1,251,37650000,37650100,31491,52486,37800000,37800000
1,252,37800000,37800100,31491,52486,37950000,37950000
1,253,37950000,37950100,31491,52486,38100000,38100000
1,254,38100000,38100100,31491,52486,38250000,38250000
1,255,38250000,38250100,31491,52486,38400000,38400000
1,256,38400000,38400100,31491,52486,38550000,38550000
1,257,38550000,38550100,31491,52486,38700000,38700000
1,258,38700000,38700100,31491,52486,38850000,38850000
1,259,38850000,38850100,31491,52486,39000000,39000000
1,260,39000000,39000100,31491,52486,39150000,39150000
1,261,39150000,39150100,31491,52486,39300000,39300000
1,262,39300000,39300100,31491,52486,39450000,39450000
1,263,39450000,39450100,31491,52486,39600000,39600000
1,264,39600000,39600100,31491,52486,39750000,39750000
1,265,39750000,39750100,31491,52486,39900000,39900000
1,266,39900000,39900100,31491,52486,40050000,40050000
1,267,40050000,40050100,31491,52486,40200000,40200000
1,268,40200000,40200100,31491,52486,40350000,40350000
1,269,40350000,40350100,31491,52486,40500000,40500000
1,270,40500000,40500100,31491,52486,40650000,40650000
1,271,40650000,40650100,31491,52486,40800000,40800000
1,272,40800000,40800100,31491,52486,40950000,40950000
1,273,40950000,40950100,31491,52486,41100000,41100000
1,274,41100000,41100100,31491,52486,41250000,41250000
1,275,41250000,41250100,31491,52486,41400000,41400000
1,276,41400000,41400100,31491,52486,41550000,41550000
1,277,41550000,41550100,31491,52486,41700000,41700000
1,278,41700000,41700100,31491,52486,41850000,41850000
1,279,41850000,41850100,31491,52486,42000000,42000000
1,280,42000000,42000100,31491,52486,42150000,42150000
1,281,42150000,42150100,31491,52486,42300000,42300000
1,282,42300000,42300100,31491,52486,42450000,42450000
1,283,42450000,42450100,31491,52486,42600000,42600000
1,284,42600000,42600100,31491,52486,42750000,42750000
1,285,42750000,42750100,31491,52486,42900000,42900000
1,286,42900000,42900100,31491,52486,43050000,43050000
1,287,43050000,43050100,31491,52486,43200000,43200000
1,288,43200000,43200100,31491,52486,43350000,43350000
1,289,43350000,43350100,31491,52486,43500000,43500000
1,290,43500000,43500100,31491,52486,43650000,43650000
1,291,43650000,43650100,31491,52486,43800000,43800000
1,292,43800000,43800100,31491,52486,43950000,43950000
1,293,43950000,43950100,31491,52486,44100000,44100000
1,294,44100000,44100100,31491,52486,44250000,44250000
1,295,44250000,44250100,31491,52486,44400000,44400000
1,296,44400000,44400100,31491,52486,44550000,44550000
1,297,44550000,44550100,31491,52486,44700000,44700000
1,298,44700000,44700100,31491,52486,44850000,44850000
1,299,44850000,44850100,31491,52486,45000000,45000000
1,300,45000000,45000100,31491,52486,45150000,45150000
1,301,45150000,45150100,31491,52486,45300000,45300000
1,302,45300000,45300100,31491,52486,45450000,45450000
1,303,45450000,45450100,31491,52486,45600000,45600000
1,304,45600000,45600100,31491,52486,45750000,45750000
1,305,45750000,45750100,31491,52486,45900000,45900000
1,306,45900000,45900100,31491,52486,46050000,46050000
1,307,46050000,46050100,31491,52486,46200000,46200000
1,308,46200000,46200100,31491,52486,46350000,46350000
1,309,46350000,46350100,31491,52486,46500000,46500000
1,310,46500000,46500100,31491,52486,46650000,46650000
1,311,46650000,46650100,31491,52486,46800000,46800000
1,312,46800000,46800100,31491,52486,46950000,46950000
1,313,46950000,46950100,31491,52486,47100000,47100000
1,314,47100000,47100100,31491,52486,47250000,47250000
1,315,47250000,47250100,31491,52486,47400000,47400000
1,316,47400000,47400100,31491,52486,47550000,47550000
1,317,47550000,47550100,31491,52486,47700000,47700000
1,318,47700000,47700100,31491,52486,47850000,47850000
1,319,47850000,47850100,31491,52486,48000000,48000000
1,320,48000000,48000100,31491,52486,48150000,48150000
1,321,48150000,48150100,31491,52486,48300000,48300000
1,322,48300000,48300100,31491,52486,48450000,48450000
1,323,48450000,48450100,31491,52486,48600000,48600000
1,324,48600000,48600100,31491,52486,48750000,48750000
1,325,48750000,48750100,31491,52486,48900000,48900000
1,326,48900000,48900100,31491,52486,49050000,49050000
1,327,49050000,49050100,31491,52486,49200000,49200000
1,328,49200000,49200100,31491,52486,49350000,49350000
1,329,49350000,49350100,31491,52486,49500000,49500000
1,330,49500000,49500100,31491,52486,49650000,49650000
1,331,49650000,49650100,31491,52486,49800000,49800000
1,332,49800000,49800100,31491,52486,49950000,49950000
1,333,49950000,49950100,31491,52486,50100000,50100000
1,334,50100000,50100100,31491,52486,50250000,50250000
1,335,50250000,50250100,31491,52486,50400000,50400000
1,336,50400000,50400100,31491,52486,50550000,50550000
1,337,50550000,50550100,31491,52486,50700000,50700000
1,338,50700000,50700100,31491,52486,50850000,50850000
1,339,50850000,50850100,31491,52486,51000000,51000000
1,340,51000000,51000100,31491,52486,51150000,51150000
1,341,51150000,51150100,31491,52486,51300000,51300000
1,342,51300000,51300100,31491,52486,51450000,51450000
1,343,51450000,51450100,31491,52486,51600000,51600000
1,344,51600000,51600100,31491,52486,51750000,51750000
1,345,51750000,51750100,31491,52486,51900000,51900000
1,346,51900000,51900100,31491,52486,52050000,52050000
1,347,52050000,52050100,31491,52486,52200000,52200000
1,348,52200000,52200100,31491,52486,52350000,52350000
1,349,52350000,52350100,31491,52486,52500000,52500000
1,350,52500000,52500100,31491,52486,52650000,52650000
1,351,52650000,52650100,31491,52486,52800000,52800000
1,352,52800000,52800100,31491,52486,52950000,52950000
1,353,52950000,52950100,31491,52486,53100000,53100000
1,354,53100000,53100100,31491,52486,53250000,53250000
1,355,53250000,53250100,31491,52486,53400000,53400000
1,356,53400000,53400100,31491,52486,53550000,53550000
1,357,53550000,53550100,31491,52486,53700000,53700000
1,358,53700000,53700100,31491,52486,53850000,53850000
1,359,53850000,53850100,31491,52486,54000000,54000000
1,360,54000000,54000100,31491,52486,54150000,54150000
1,361,54150000,54150100,31491,52486,54300000,54300000
1,362,54300000,54300100,31491,52486,54450000,54450000
1,363,54450000,54450100,31491,52486,54600000,54600000
1,364,54600000,54600100,31491,52486,54750000,54750000
1,365,54750000,54750100,31491,52486,54900000,54900000
1,366,54900000,54900100,31491,52486,55050000,55050000
1,367,55050000,55050100,31491,52486,55200000,55200000
1,368,55200000,55200100,31491,52486,55350000,55350000
1,369,55350000,55350100,31491,52486,55500000,55500000
1,370,55500000,55500100,31491,52486,55650000,55650000
1,371,55650000,55650100,31491,52486,55800000,55800000
1,372,55800000,55800100,31491,52486,55950000,55950000
1,373,55950000,55950100,31491,52486,56100000,56100000
1,374,56100000,56100100,31491,52486,56250000,56250000
1,375,56250000,56250100,31491,52486,56400000,56400000
1,376,56400000,56400100,31491,52486,56550000,56550000
1,377,56550000,56550100,31491,52486,56700000,56700000
1,378,56700000,56700100,31491,52486,56850000,56850000
1,379,56850000,56850100,31491,52486,57000000,57000000
1,380,57000000,57000100,31491,52486,57150000,57150000
1,381,57150000,57150100,31491,52486,57300000,57300000
1,382,57300000,57300100,31491,52486,57450000,57450000
1,383,57450000,57450100,31491,52486,57600000,57600000
1,384,57600000,57600100,31491,52486,57750000,57750000
1,385,57750000,57750100,31491,52486,57900000,57900000
1,386,57900000,57900100,31491,52486,58050000,58050000
1,387,58050000,58050100,31491,52486,58200000,58200000
1,388,58200000,58200100,31491,52486,58350000,58350000
1,389,58350000,58350100,31491,52486,58500000,58500000
1,390,58500000,58500100,31491,52486,58650000,58650000
1,391,58650000,58650100,31491,52486,58800000,58800000
1,392,58800000,58800100,31491,52486,58950000,58950000
1,393,58950000,58950100,31491,52486,59100000,59100000
1,394,59100000,59100100,31491,52486,59250000,59250000
1,395,59250000,59250100,31491,52486,59400000,59400000
1,396,59400000,59400100,31491,52486,59550000,59550000
1,397,59550000,59550100,31491,52486,59700000,59700000
1,398,59700000,59700100,31491,52486,59850000,59850000
1,399,59850000,59850100,31491,52486,60000000,60000000
1,400,60000000,60000100,31491,52486,60150000,60150000
1,401,60150000,60150100,31491,52486,60300000,60300000
1,402,60300000,60300100,31491,52486,60450000,60450000
1,403,60450000,60450100,31491,52486,60600000,60600000
1,404,60600000,60600100,31491,52486,60750000,60750000
1,405,60750000,60750100,31491,52486,60900000,60900000
1,406,60900000,60900100,31491,52486,61050000,61050000
1,407,61050000,61050100,31491,52486,61200000,61200000
1,408,61200000,61200100,31491,52486,61350000,61350000
1,409,61350000,61350100,31491,52486,61500000,61500000
1,410,61500000,61500100,31491,52486,61650000,61650000
1,411,61650000,61650100,31491,52486,61800000,61800000
1,412,61800000,61800100,31491,52486,61950000,61950000
1,413,61950000,61950100,31491,52486,62100000,62100000
1,414,62100000,62100100,31491,52486,62250000,62250000
1,415,62250000,62250100,31491,52486,62400000,62400000
1,416,62400000,62400100,31491,52486,62550000,62550000
1,417,62550000,62550100,31491,52486,62700000,62700000
1,418,62700000,62700100,31491,52486,62850000,62850000
1,419,62850000,62850100,31491,52486,63000000,63000000
1,420,63000000,63000100,31491,52486,63150000,63150000
1,421,63150000,63150100,31491,52486,63300000,63300000
1,422,63300000,63300100,31491,52486,63450000,63450000
1,423,63450000,63450100,31491,52486,63600000,63600000
1,424,63600000,63600100,31491,52486,63750000,63750000
1,425,63750000,63750100,31491,52486,63900000,63900000
1,426,63900000,63900100,31491,52486,64050000,64050000
1,427,64050000,64050100,31491,52486,64200000,64200000
1,428,64200000,64200100,31491,52486,64350000,64350000
1,429,64350000,64350100,31491,52486,64500000,64500000
1,430,64500000,64500100,31491,52486,64650000,64650000
1,431,64650000,64650100,31491,52486,64800000,64800000
1,432,64800000,64800100,31491,52486,64950000,64950000
1,433,64950000,64950100,31491,52486,65100000,65100000
1,434,65100000,65100100,31491,52486,65250000,65250000
1,435,65250000,65250100,31491,52486,65400000,65400000
1,436,65400000,65400100,31491,52486,65550000,65550000
1,437,65550000,65550100,31491,52486,65700000,65700000
1,438,65700000,65700100,31491,52486,65850000,65850000
1,439,65850000,65850100,31491,52486,66000000,66000000
1,440,66000000,66000100,31491,52486,66150000,66150000
1,441,66150000,66150100,31491,52486,66300000,66300000
1,442,66300000,66300100,31491,52486,66450000,66450000
1,443,66450000,66450100,31491,52486,66600000,66600000
1,444,66600000,66600100,31491,52486,66750000,66750000
1,445,66750000,66750100,31491,52486,66900000,66900000
1,446,66900000,66900100,31491,52486,67050000,67050000
1,447,67050000,67050100,31491,52486,67200000,67200000
1,448,67200000,67200100,31491,52486,67350000,67350000
1,449,67350000,67350100,31491,52486,67500000,67500000
1,450,67500000,67500100,31491,52486,67650000,67650000
1,451,67650000,67650100,31491,52486,67800000,67800000
1,452,67800000,67800100,31491,52486,67950000,67950000
1,453,67950000,67950100,31491,52486,68100000,68100000
1,454,68100000,68100100,31491,52486,68250000,68250000
1,455,68250000,68250100,31491,52486,68400000,68400000
1,456,68400000,68400100,31491,52486,68550000,68550000
1,457,68550000,68550100,31491,52486,68700000,68700000
1,458,68700000,68700100,31491,52486,68850000,68850000
1,459,68850000,68850100,31491,52486,69000000,69000000
1,460,69000000,69000100,31491,52486,69150000,69150000
1,461,69150000,69150100,31491,52486,69300000,69300000
1,462,69300000,69300100,31491,52486,69450000,69450000
1,463,69450000,69450100,31491,52486,69600000,69600000
1,464,69600000,69600100,31491,52486,69750000,69750000
1,465,69750000,69750100,31491,52486,69900000,69900000
1,466,69900000,69900100,31491,52486,70050000,70050000
1,467,70050000,70050100,31491,52486,70200000,70200000
1,468,70200000,70200100,31491,52486,70350000,70350000
1,469,70350000,70350100,31491,52486,70500000,70500000
1,470,70500000,70500100,31491,52486,70650000,70650000
1,471,70650000,70650100,31491,52486,70800000,70800000
1,472,70800000,70800100,31491,52486,70950000,70950000
1,473,70950000,70950100,31491,52486,71100000,71100000
1,474,71100000,71100100,31491,52486,71250000,71250000
1,475,71250000,71250100,31491,52486,71400000,71400000
1,476,71400000,71400100,31491,52486,71550000,71550000
1,477,71550000,71550100,31491,52486,71700000,71700000
1,478,71700000,71700100,31491,52486,71850000,71850000
1,479,71850000,71850100,31491,52486,72000000,72000000
1,480,72000000,72000100,31491,52486,72150000,72150000
1,481,72150000,72150100,31491,52486,72300000,72300000
1,482,72300000,72300100,31491,52486,72450000,72450000
1,483,72450000,72450100,31491,52486,72600000,72600000
1,484,72600000,72600100,31491,52486,72750000,72750000
1,485,72750000,72750100,31491,52486,72900000,72900000
1,486,72900000,72900100,31491,52486,73050000,73050000
1,487,73050000,73050100,31491,52486,73200000,73200000
1,488,73200000,73200100,31491,52486,73350000,73350000
1,489,73350000,73350100,31491,52486,73500000,73500000
1,490,73500000,73500100,31491,52486,73650000,73650000
1,491,73650000,73650100,31491,52486,73800000,73800000
1,492,73800000,73800100,31491,52486,73950000,73950000
1,493,73950000,73950100,31491,52486,74100000,74100000
1,494,74100000,74100100,31491,52486,74250000,74250000
1,495,74250000,74250100,31491,52486,74400000,74400000
1,496,74400000,74400100,31491,52486,74550000,74550000
1,497,74550000,74550100,31491,52486,74700000,74700000
1,498,74700000,74700100,31491,52486,74850000,74850000
1,499,74850000,74850100,31491,52486,75000000,75000000
1,500,75000000,75000100,31491,52486,75150000,75150000
1,501,75150000,75150100,31491,52486,75300000,75300000
1,502,75300000,75300100,31491,52486,75450000,75450000
1,503,75450000,75450100,31491,52486,75600000,75600000
1,504,75600000,75600100,31491,52486,75750000,75750000
1,505,75750000,75750100,31491,52486,75900000,75900000
1,506,75900000,75900100,31491,52486,76050000,76050000
1,507,76050000,76050100,31491,52486,76200000,76200000
1,508,76200000,76200100,31491,52486,76350000,76350000
1,509,76350000,76350100,31491,52486,76500000,76500000
1,510,76500000,76500100,31491,52486,76650000,76650000
1,511,76650000,76650100,31491,52486,76800000,76800000
1,512,76800000,76800100,31491,52486,76950000,76950000
1,513,76950000,76950100,31491,52486,77100000,77100000
1,514,77100000,77100100,31491,52486,77250000,77250000
1,515,77250000,77250100,31491,52486,77400000,77400000
1,516,77400000,77400100,31491,52486,77550000,77550000
1,517,77550000,77550100,31491,52486,77700000,77700000
1,518,77700000,77700100,31491,52486,77850000,77850000
1,519,77850000,77850100,31491,52486,78000000,78000000
1,520,78000000,78000100,31491,52486,78150000,78150000
1,521,78150000,78150100,31491,52486,78300000,78300000
1,522,78300000,78300100,31491,52486,78450000,78450000
1,523,78450000,78450100,31491,52486,78600000,78600000
1,524,78600000,78600100,31491,52486,78750000,78750000
1,525,78750000,78750100,31491,52486,78900000,78900000
1,526,78900000,78900100,31491,52486,79050000,79050000
1,527,79050000,79050100,31491,52486,79200000,79200000
1,528,79200000,79200100,31491,52486,79350000,79350000
1,529,79350000,79350100,31491,52486,79500000,79500000
1,530,79500000,79500100,31491,52486,79650000,79650000
1,531,79650000,79650100,31491,52486,79800000,79800000
1,532,79800000,79800100,31491,52486,79950000,79950000
1,533,79950000,79950100,31491,52486,80100000,80100000
1,534,80100000,80100100,31491,52486,80250000,80250000
1,535,80250000,80250100,31491,52486,80400000,80400000
1,536,80400000,80400100,31491,52486,80550000,80550000
1,537,80550000,80550100,31491,52486,80700000,80700000
1,538,80700000,80700100,31491,52486,80850000,80850000
1,539,80850000,80850100,31491,52486,81000000,81000000
1,540,81000000,81000100,31491,52486,81150000,81150000
1,541,81150000,81150100,31491,52486,81300000,81300000
1,542,81300000,81300100,31491,52486,81450000,81450000
1,543,81450000,81450100,31491,52486,81600000,81600000
1,544,81600000,81600100,31491,52486,81750000,81750000
1,545,81750000,81750100,31491,52486,81900000,81900000
1,546,81900000,81900100,31491,52486,82050000,82050000
1,547,82050000,82050100,31491,52486,82200000,82200000
1,548,82200000,82200100,31491,52486,82350000,82350000
1,549,82350000,82350100,31491,52486,82500000,82500000
1,550,82500000,82500100,31491,52486,82650000,82650000
1,551,82650000,82650100,31491,52486,82800000,82800000
1,552,82800000,82800100,31491,52486,82950000,82950000
1,553,82950000,82950100,31491,52486,83100000,83100000
1,554,83100000,83100100,31491,52486,83250000,83250000
1,555,83250000,83250100,31491,52486,83400000,83400000
1,556,83400000,83400100,31491,52486,83550000,83550000
1,557,83550000,83550100,31491,52486,83700000,83700000
1,558,83700000,83700100,31491,52486,83850000,83850000
1,559,83850000,83850100,31491,52486,84000000,84000000
1,560,84000000,84000100,31491,52486,84150000,84150000
1,561,84150000,84150100,31491,52486,84300000,84300000
1,562,84300000,84300100,31491,52486,84450000,84450000
1,563,84450000,84450100,31491,52486,84600000,84600000
1,564,84600000,84600100,31491,52486,84750000,84750000
1,565,84750000,84750100,31491,52486,84900000,84900000
1,566,84900000,84900100,31491,52486,85050000,85050000
1,567,85050000,85050100,31491,52486,85200000,85200000
1,568,85200000,85200100,31491,52486,85350000,85350000
1,569,85350000,85350100,31491,52486,85500000,85500000
1,570,85500000,85500100,31491,52486,85650000,85650000
1,571,85650000,85650100,31491,52486,85800000,85800000
1,572,85800000,85800100,31491,52486,85950000,85950000
1,573,85950000,85950100,31491,52486,86100000,86100000
1,574,86100000,86100100,31491,52486,86250000,86250000
1,575,86250000,86250100,31491,52486,86400000,86400000
1,576,86400000,86400100,31491,52486,86550000,86550000
1,577,86550000,86550100,31491,52486,86700000,86700000
1,578,86700000,86700100,31491,52486,86850000,86850000
1,579,86850000,86850100,31491,52486,87000000,87000000
1,580,87000000,87000100,31491,52486,87150000,87150000
1,581,87150000,87150100,31491,52486,87300000,87300000
1,582,87300000,87300100,31491,52486,87450000,87450000
1,583,87450000,87450100,31491,52486,87600000,87600000
1,584,87600000,87600100,31491,52486,87750000,87750000
1,585,87750000,87750100,31491,52486,87900000,87900000
1,586,87900000,87900100,31491,52486,88050000,88050000
1,587,88050000,88050100,31491,52486,88200000,88200000
1,588,88200000,88200100,31491,52486,88350000,88350000
1,589,88350000,88350100,31491,52486,88500000,88500000
1,590,88500000,88500100,31491,52486,88650000,88650000
1,591,88650000,88650100,31491,52486,88800000,88800000
1,592,88800000,88800100,31491,52486,88950000,88950000
1,593,88950000,88950100,31491,52486,89100000,89100000
1,594,89100000,89100100,31491,52486,89250000,89250000
1,595,89250000,89250100,31491,52486,89400000,89400000
1,596,89400000,89400100,31491,52486,89550000,89550000
1,597,89550000,89550100,31491,52486,89700000,89700000
1,598,89700000,89700100,31491,52486,89850000,89850000
1,599,89850000,89850100,31491,52486,90000000,90000000
1,600,90000000,90000100,31491,52486,90150000,90150000
1,601,90150000,90150100,31491,52486,90300000,90300000
1,602,90300000,90300100,31491,52486,90450000,90450000
1,603,90450000,90450100,31491,52486,90600000,90600000
1,604,90600000,90600100,31491,52486,90750000,90750000
1,605,90750000,90750100,31491,52486,90900000,90900000
1,606,90900000,90900100,31491,52486,91050000,91050000
1,607,91050000,91050100,31491,52486,91200000,91200000
1,608,91200000,91200100,31491,52486,91350000,91350000
1,609,91350000,91350100,31491,52486,91500000,91500000
1,610,91500000,91500100,31491,52486,91650000,91650000
1,611,91650000,91650100,31491,52486,91800000,91800000
1,612,91800000,91800100,31491,52486,91950000,91950000
1,613,91950000,91950100,31491,52486,92100000,92100000
1,614,92100000,92100100,31491,52486,92250000,92250000
1,615,92250000,92250100,31491,52486,92400000,92400000
1,616,92400000,92400100,31491,52486,92550000,92550000
1,617,92550000,92550100,31491,52486,92700000,92700000
1,618,92700000,92700100,31491,52486,92850000,92850000
1,619,92850000,92850100,31491,52486,93000000,93000000
1,620,93000000,93000100,31491,52486,93150000,93150000
1,621,93150000,93150100,31491,52486,93300000,93300000
1,622,93300000,93300100,31491,52486,93450000,93450000
1,623,93450000,93450100,31491,52486,93600000,93600000
1,624,93600000,93600100,31491,52486,93750000,93750000
1,625,93750000,93750100,31491,52486,93900000,93900000
1,626,93900000,93900100,31491,52486,94050000,94050000
1,627,94050000,94050100,31491,52486,94200000,94200000
1,628,94200000,94200100,31491,52486,94350000,94350000
1,629,94350000,94350100,31491,52486,94500000,94500000
1,630,94500000,94500100,31491,52486,94650000,94650000
1,631,94650000,94650100,31491,52486,94800000,94800000
1,632,94800000,94800100,31491,52486,94950000,94950000
1,633,94950000,94950100,31491,52486,95100000,95100000
1,634,95100000,95100100,31491,52486,95250000,95250000
1,635,95250000,95250100,31491,52486,95400000,95400000
1,636,95400000,95400100,31491,52486,95550000,95550000
1,637,95550000,95550100,31491,52486,95700000,95700000
1,638,95700000,95700100,31491,52486,95850000,95850000
1,639,95850000,95850100,31491,52486,96000000,96000000
1,640,96000000,96000100,31491,52486,96150000,96150000
1,641,96150000,96150100,31491,52486,96300000,96300000
1,642,96300000,96300100,31491,52486,96450000,96450000
1,643,96450000,96450100,31491,52486,96600000,96600000
1,644,96600000,96600100,31491,52486,96750000,96750000
1,645,96750000,96750100,31491,52486,96900000,96900000
1,646,96900000,96900100,31491,52486,97050000,97050000
1,647,97050000,97050100,31491,52486,97200000,97200000
1,648,97200000,97200100,31491,52486,97350000,97350000
1,649,97350000,97350100,31491,52486,97500000,97500000
1,650,97500000,97500100,31491,52486,97650000,97650000
1,651,97650000,97650100,31491,52486,97800000,97800000
1,652,97800000,97800100,31491,52486,97950000,97950000
1,653,97950000,97950100,31491,52486,98100000,98100000
1,654,98100000,98100100,31491,52486,98250000,98250000
1,655,98250000,98250100,31491,52486,98400000,98400000
1,656,98400000,98400100,31491,52486,98550000,98550000
1,657,98550000,98550100,31491,52486,98700000,98700000
1,658,98700000,98700100,31491,52486,98850000,98850000
1,659,98850000,98850100,31491,52486,99000000,99000000
1,660,99000000,99000100,31491,52486,99150000,99150000
1,661,99150000,99150100,31491,52486,99300000,99300000
1,662,99300000,99300100,31491,52486,99450000,99450000
1,663,99450000,99450100,31491,52486,99600000,99600000
1,664,99600000,99600100,31491,52486,99750000,99750000
1,665,99750000,99750100,31491,52486,99900000,99900000
1,666,99900000,99900100,31491,52486,100050000,100050000
1,667,100050000,100050100,31491,52486,100200000,100200000
1,668,100200000,100200100,31491,52486,100350000,100350000
1,669,100350000,100350100,31491,52486,100500000,100500000
1,670,100500000,100500100,31491,52486,100650000,100650000
1,671,100650000,100650100,31491,52486,100800000,100800000
1,672,100800000,100800100,31491,52486,100950000,100950000
1,673,100950000,100950100,31491,52486,101100000,101100000
1,674,101100000,101100100,31491,52486,101250000,101250000
1,675,101250000,101250100,31491,52486,101400000,101400000
1,676,101400000,101400100,31491,52486,101550000,101550000
1,677,101550000,101550100,31491,52486,101700000,101700000
1,678,101700000,101700100,31491,52486,101850000,101850000
1,679,101850000,101850100,31491,52486,102000000,102000000
2,0,0,100,8407,14013,400000,400000
2,1,400000,400100,8407,14013,800000,800000
2,2,800000,800100,8407,14013,1200000,1200000
2,3,1200000,1200100,8407,14013,1600000,1600000
2,4,1600000,1600100,8407,14013,2000000,2000000
2,5,2000000,2000100,8407,14013,2400000,2400000
2,6,2400000,2400100,8407,14013,2800000,2800000
2,7,2800000,2800100,8407,14013,3200000,3200000
2,8,3200000,3200100,8407,14013,3600000,3600000
2,9,3600000,3600100,8407,14013,4000000,4000000
2,10,4000000,4000100,8407,14013,4400000,4400000
2,11,4400000,4400100,8407,14013,4800000,4800000
2,12,4800000,4800100,8407,14013,5200000,5200000
2,13,5200000,5200100,8407,14013,5600000,5600000
2,14,5600000,5600100,8407,14013,6000000,6000000
2,15,6000000,6000100,8407,14013,6400000,6400000
2,16,6400000,6400100,8407,14013,6800000,6800000
2,17,6800000,6800100,8407,14013,7200000,7200000
2,18,7200000,7200100,8407,14013,7600000,7600000
2,19,7600000,7600100,8407,14013,8000000,8000000
2,20,8000000,8000100,8407,14013,8400000,8400000
2,21,8400000,8400100,8407,14013,8800000,8800000
2,22,8800000,8800100,8407,14013,9200000,9200000
2,23,9200000,9200100,8407,14013,9600000,9600000
2,24,9600000,9600100,8407,14013,10000000,10000000
2,25,10000000,10000100,8407,14013,10400000,10400000
2,26,10400000,10400100,8407,14013,10800000,10800000
2,27,10800000,10800100,8407,14013,11200000,11200000
2,28,11200000,11200100,8407,14013,11600000,11600000
2,29,11600000,11600100,8407,14013,12000000,12000000
2,30,12000000,12000100,8407,14013,12400000,12400000
2,31,12400000,12400100,8407,14013,12800000,12800000
2,32,12800000,12800100,8407,14013,13200000,13200000
2,33,13200000,13200100,8407,14013,13600000,13600000
2,34,13600000,13600100,8407,14013,14000000,14000000
2,35,14000000,14000100,8407,14013,14400000,14400000
2,36,14400000,14400100,8407,14013,14800000,14800000
2,37,14800000,14800100,8407,14013,15200000,15200000
2,38,15200000,15200100,8407,14013,15600000,15600000
2,39,15600000,15600100,8407,14013,16000000,16000000
2,40,16000000,16000100,8407,14013,16400000,16400000
2,41,16400000,16400100,8407,14013,16800000,16800000
2,42,16800000,16800100,8407,14013,17200000,17200000
2,43,17200000,17200100,8407,14013,17600000,17600000
2,44,17600000,17600100,8407,14013,18000000,18000000
2,45,18000000,18000100,8407,14013,18400000,18400000
2,46,18400000,18400100,8407,14013,18800000,18800000
2,47,18800000,18800100,8407,14013,19200000,19200000
2,48,19200000,19200100,8407,14013,19600000,19600000
2,49,19600000,19600100,8407,14013,20000000,20000000
2,50,20000000,20000100,8407,14013,20400000,20400000
2,51,20400000,20400100,8407,14013,20800000,20800000
2,52,20800000,20800100,8407,14013,21200000,21200000
2,53,21200000,21200100,8407,14013,21600000,21600000
2,54,21600000,21600100,8407,14013,22000000,22000000
2,55,22000000,22000100,8407,14013,22400000,22400000
2,56,22400000,22400100,8407,14013,22800000,22800000
2,57,22800000,22800100,8407,14013,23200000,23200000
2,58,23200000,23200100,8407,14013,23600000,23600000
2,59,23600000,23600100,8407,14013,24000000,24000000
2,60,24000000,24000100,8407,14013,24400000,24400000
2,61,24400000,24400100,8407,14013,24800000,24800000
2,62,24800000,24800100,8407,14013,25200000,25200000
2,63,25200000,25200100,8407,14013,25600000,25600000
2,64,25600000,25600100,8407,14013,26000000,26000000
2,65,26000000,26000100,8407,14013,26400000,26400000
2,66,26400000,26400100,8407,14013,26800000,26800000
2,67,26800000,26800100,8407,14013,27200000,27200000
2,68,27200000,27200100,8407,14013,27600000,27600000
2,69,27600000,27600100,8407,14013,28000000,28000000
2,70,28000000,28000100,8407,14013,28400000,28400000
2,71,28400000,28400100,8407,14013,28800000,28800000
2,72,28800000,28800100,8407,14013,29200000,29200000
2,73,29200000,29200100,8407,14013,29600000,29600000
2,74,29600000,29600100,8407,14013,30000000,30000000
2,75,30000000,30000100,8407,14013,30400000,30400000
2,76,30400000,30400100,8407,14013,30800000,30800000
2,77,30800000,30800100,8407,14013,31200000,31200000
2,78,31200000,31200100,8407,14013,31600000,31600000
2,79,31600000,31600100,8407,14013,32000000,32000000
2,80,32000000,32000100,8407,14013,32400000,32400000
2,81,32400000,32400100,8407,14013,32800000,32800000
2,82,32800000,32800100,8407,14013,33200000,33200000
2,83,33200000,33200100,8407,14013,33600000,33600000
2,84,33600000,33600100,8407,14013,34000000,34000000
2,85,34000000,34000100,8407,14013,34400000,34400000
2,86,34400000,34400100,8407,14013,34800000,34800000
2,87,34800000,34800100,8407,14013,35200000,35200000
2,88,35200000,35200100,8407,14013,35600000,35600000
2,89,35600000,35600100,8407,14013,36000000,36000000
2,90,36000000,36000100,8407,14013,36400000,36400000
2,91,36400000,36400100,8407,14013,36800000,36800000
2,92,36800000,36800100,8407,14013,37200000,37200000
2,93,37200000,37200100,8407,14013,37600000,37600000
2,94,37600000,37600100,8407,14013,38000000,38000000
2,95,38000000,38000100,8407,14013,38400000,38400000
2,96,38400000,38400100,8407,14013,38800000,38800000
2,97,38800000,38800100,8407,14013,39200000,39200000
2,98,39200000,39200100,8407,14013,39600000,39600000
2,99,39600000,39600100,8407,14013,40000000,40000000
2,100,40000000,40000100,8407,14013,40400000,40400000
2,101,40400000,40400100,8407,14013,40800000,40800000
2,102,40800000,40800100,8407,14013,41200000,41200000
2,103,41200000,41200100,8407,14013,41600000,41600000
2,104,41600000,41600100,8407,14013,42000000,42000000
2,105,42000000,42000100,8407,14013,42400000,42400000
2,106,42400000,42400100,8407,14013,42800000,42800000
2,107,42800000,42800100,8407,14013,43200000,43200000
2,108,43200000,43200100,8407,14013,43600000,43600000
2,109,43600000,43600100,8407,14013,44000000,44000000
2,110,44000000,44000100,8407,14013,44400000,44400000
2,111,44400000,44400100,8407,14013,44800000,44800000
2,112,44800000,44800100,8407,14013,45200000,45200000
2,113,45200000,45200100,8407,14013,45600000,45600000
2,114,45600000,45600100,8407,14013,46000000,46000000
2,115,46000000,46000100,8407,14013,46400000,46400000
2,116,46400000,46400100,8407,14013,46800000,46800000
2,117,46800000,46800100,8407,14013,47200000,47200000
2,118,47200000,47200100,8407,14013,47600000,47600000
2,119,47600000,47600100,8407,14013,48000000,48000000
2,120,48000000,48000100,8407,14013,48400000,48400000
2,121,48400000,48400100,8407,14013,48800000,48800000
2,122,48800000,48800100,8407,14013,49200000,49200000
2,123,49200000,49200100,8407,14013,49600000,49600000
2,124,49600000,49600100,8407,14013,50000000,50000000
2,125,50000000,50000100,8407,14013,50400000,50400000
2,126,50400000,50400100,8407,14013,50800000,50800000
2,127,50800000,50800100,8407,14013,51200000,51200000
2,128,51200000,51200100,8407,14013,51600000,51600000
2,129,51600000,51600100,8407,14013,52000000,52000000
2,130,52000000,52000100,8407,14013,52400000,52400000
2,131,52400000,52400100,8407,14013,52800000,52800000
2,132,52800000,52800100,8407,14013,53200000,53200000
2,133,53200000,53200100,8407,14013,53600000,53600000
2,134,53600000,53600100,8407,14013,54000000,54000000
2,135,54000000,54000100,8407,14013,54400000,54400000
2,136,54400000,54400100,8407,14013,54800000,54800000
2,137,54800000,54800100,8407,14013,55200000,55200000
2,138,55200000,55200100,8407,14013,55600000,55600000
2,139,55600000,55600100,8407,14013,56000000,56000000
2,140,56000000,56000100,8407,14013,56400000,56400000
2,141,56400000,56400100,8407,14013,56800000,56800000
2,142,56800000,56800100,8407,14013,57200000,57200000
2,143,57200000,57200100,8407,14013,57600000,57600000
2,144,57600000,57600100,8407,14013,58000000,58000000
2,145,58000000,58000100,8407,14013,58400000,58400000
2,146,58400000,58400100,8407,14013,58800000,58800000
2,147,58800000,58800100,8407,14013,59200000,59200000
2,148,59200000,59200100,8407,14013,59600000,59600000
2,149,59600000,59600100,8407,14013,60000000,60000000
2,150,60000000,60000100,8407,14013,60400000,60400000
2,151,60400000,60400100,8407,14013,60800000,60800000
2,152,60800000,60800100,8407,14013,61200000,61200000
2,153,61200000,61200100,8407,14013,61600000,61600000
2,154,61600000,61600100,8407,14013,62000000,62000000
2,155,62000000,62000100,8407,14013,62400000,62400000
2,156,62400000,62400100,8407,14013,62800000,62800000
2,157,62800000,62800100,8407,14013,63200000,63200000
2,158,63200000,63200100,8407,14013,63600000,63600000
2,159,63600000,63600100,8407,14013,64000000,64000000
2,160,64000000,64000100,8407,14013,64400000,64400000
2,161,64400000,64400100,8407,14013,64800000,64800000
2,162,64800000,64800100,8407,14013,65200000,65200000
2,163,65200000,65200100,8407,14013,65600000,65600000
2,164,65600000,65600100,8407,14013,66000000,66000000
2,165,66000000,66000100,8407,14013,66400000,66400000
2,166,66400000,66400100,8407,14013,66800000,66800000
2,167,66800000,66800100,8407,14013,67200000,67200000
2,168,67200000,67200100,8407,14013,67600000,67600000
2,169,67600000,67600100,8407,14013,68000000,68000000
2,170,68000000,68000100,8407,14013,68400000,68400000
2,171,68400000,68400100,8407,14013,68800000,68800000
2,172,68800000,68800100,8407,14013,69200000,69200000
2,173,69200000,69200100,8407,14013,69600000,69600000
2,174,69600000,69600100,8407,14013,70000000,70000000
2,175,70000000,70000100,8407,14013,70400000,70400000
2,176,70400000,70400100,8407,14013,70800000,70800000
2,177,70800000,70800100,8407,14013,71200000,71200000
2,178,71200000,71200100,8407,14013,71600000,71600000
2,179,71600000,71600100,8407,14013,72000000,72000000
2,180,72000000,72000100,8407,14013,72400000,72400000
2,181,72400000,72400100,8407,14013,72800000,72800000
2,182,72800000,72800100,8407,14013,73200000,73200000
2,183,73200000,73200100,8407,14013,73600000,73600000
2,184,73600000,73600100,8407,14013,74000000,74000000
2,185,74000000,74000100,8407,14013,74400000,74400000
2,186,74400000,74400100,8407,14013,74800000,74800000
2,187,74800000,74800100,8407,14013,75200000,75200000
2,188,75200000,75200100,8407,14013,75600000,75600000
2,189,75600000,75600100,8407,14013,76000000,76000000
2,190,76000000,76000100,8407,14013,76400000,76400000
2,191,76400000,76400100,8407,14013,76800000,76800000
2,192,76800000,76800100,8407,14013,77200000,77200000
2,193,77200000,77200100,8407,14013,77600000,77600000
2,194,77600000,77600100,8407,14013,78000000,78000000
2,195,78000000,78000100,8407,14013,78400000,78400000
2,196,78400000,78400100,8407,14013,78800000,78800000
2,197,78800000,78800100,8407,14013,79200000,79200000
2,198,79200000,79200100,8407,14013,79600000,79600000
2,199,79600000,79600100,8407,14013,80000000,80000000
2,200,80000000,80000100,8407,14013,80400000,80400000
2,201,80400000,80400100,8407,14013,80800000,80800000
2,202,80800000,80800100,8407,14013,81200000,81200000
2,203,81200000,81200100,8407,14013,81600000,81600000
2,204,81600000,81600100,8407,14013,82000000,82000000
2,205,82000000,82000100,8407,14013,82400000,82400000
2,206,82400000,82400100,8407,14013,82800000,82800000
2,207,82800000,82800100,8407,14013,83200000,83200000
2,208,83200000,83200100,8407,14013,83600000,83600000
2,209,83600000,83600100,8407,14013,84000000,84000000
2,210,84000000,84000100,8407,14013,84400000,84400000
2,211,84400000,84400100,8407,14013,84800000,84800000
2,212,84800000,84800100,8407,14013,85200000,85200000
2,213,85200000,85200100,8407,14013,85600000,85600000
2,214,85600000,85600100,8407,14013,86000000,86000000
2,215,86000000,86000100,8407,14013,86400000,86400000
2,216,86400000,86400100,8407,14013,86800000,86800000
2,217,86800000,86800100,8407,14013,87200000,87200000
2,218,87200000,87200100,8407,14013,87600000,87600000
2,219,87600000,87600100,8407,14013,88000000,88000000
2,220,88000000,88000100,8407,14013,88400000,88400000
2,221,88400000,88400100,8407,14013,88800000,88800000
2,222,88800000,88800100,8407,14013,89200000,89200000
2,223,89200000,89200100,8407,14013,89600000,89600000
2,224,89600000,89600100,8407,14013,90000000,90000000
2,225,90000000,90000100,8407,14013,90400000,90400000
2,226,90400000,90400100,8407,14013,90800000,90800000
2,227,90800000,90800100,8407,14013,91200000,91200000
2,228,91200000,91200100,8407,14013,91600000,91600000
2,229,91600000,91600100,8407,14013,92000000,92000000
2,230,92000000,92000100,8407,14013,92400000,92400000
2,231,92400000,92400100,8407,14013,92800000,92800000
2,232,92800000,92800100,8407,14013,93200000,93200000
2,233,93200000,93200100,8407,14013,93600000,93600000
2,234,93600000,93600100,8407,14013,94000000,94000000
2,235,94000000,94000100,8407,14013,94400000,94400000
2,236,94400000,94400100,8407,14013,94800000,94800000
2,237,94800000,94800100,8407,14013,95200000,95200000
2,238,95200000,95200100,8407,14013,95600000,95600000
2,239,95600000,95600100,8407,14013,96000000,96000000
2,240,96000000,96000100,8407,14013,96400000,96400000
2,241,96400000,96400100,8407,14013,96800000,96800000
2,242,96800000,96800100,8407,14013,97200000,97200000
2,243,97200000,97200100,8407,14013,97600000,97600000
2,244,97600000,97600100,8407,14013,98000000,98000000
2,245,98000000,98000100,8407,14013,98400000,98400000
2,246,98400000,98400100,8407,14013,98800000,98800000
2,247,98800000,98800100,8407,14013,99200000,99200000
2,248,99200000,99200100,8407,14013,99600000,99600000
2,249,99600000,99600100,8407,14013,100000000,100000000
2,250,100000000,100000100,8407,14013,100400000,100400000
2,251,100400000,100400100,8407,14013,100800000,100800000
2,252,100800000,100800100,8407,14013,101200000,101200000
2,253,101200000,101200100,8407,14013,101600000,101600000
2,254,101600000,101600100,8407,14013,102000000,102000000
3,0,0,100,76624,127708,750000,750000
3,1,750000,750100,76624,127708,1500000,1500000
3,2,1500000,1500100,76624,127708,2250000,2250000
3,3,2250000,2250100,76624,127708,3000000,3000000
3,4,3000000,3000100,76624,127708,3750000,3750000
3,5,3750000,3750100,76624,127708,4500000,4500000
3,6,4500000,4500100,76624,127708,5250000,5250000
3,7,5250000,5250100,76624,127708,6000000,6000000
3,8,6000000,6000100,76624,127708,6750000,6750000
3,9,6750000,6750100,76624,127708,7500000,7500000
3,10,7500000,7500100,76624,127708,8250000,8250000
3,11,8250000,8250100,76624,127708,9000000,9000000
3,12,9000000,9000100,76624,127708,9750000,9750000
3,13,9750000,9750100,76624,127708,10500000,10500000
3,14,10500000,10500100,76624,127708,11250000,11250000
3,15,11250000,11250100,76624,127708,12000000,12000000
3,16,12000000,12000100,76624,127708,12750000,12750000
3,17,12750000,12750100,76624,127708,13500000,13500000
3,18,13500000,13500100,76624,127708,14250000,14250000
3,19,14250000,14250100,76624,127708,15000000,15000000
3,20,15000000,15000100,76624,127708,15750000,15750000
3,21,15750000,15750100,76624,127708,16500000,16500000
3,22,16500000,16500100,76624,127708,17250000,17250000
3,23,17250000,17250100,76624,127708,18000000,18000000
3,24,18000000,18000100,76624,127708,18750000,18750000
3,25,18750000,18750100,76624,127708,19500000,19500000
3,26,19500000,19500100,76624,127708,20250000,20250000
3,27,20250000,20250100,76624,127708,21000000,21000000
3,28,21000000,21000100,76624,127708,21750000,21750000
3,29,21750000,21750100,76624,127708,22500000,22500000
3,30,22500000,22500100,76624,127708,23250000,23250000
3,31,23250000,23250100,76624,127708,24000000,24000000
3,32,24000000,24000100,76624,127708,24750000,24750000
3,33,24750000,24750100,76624,127708,25500000,25500000
3,34,25500000,25500100,76624,127708,26250000,26250000
3,35,26250000,26250100,76624,127708,27000000,27000000
3,36,27000000,27000100,76624,127708,27750000,27750000
3,37,27750000,27750100,76624,127708,28500000,28500000
3,38,28500000,28500100,76624,127708,29250000,29250000
3,39,29250000,29250100,76624,127708,30000000,30000000
3,40,30000000,30000100,76624,127708,30750000,30750000
3,41,30750000,30750100,76624,127708,31500000,31500000
3,42,31500000,31500100,76624,127708,32250000,32250000
3,43,32250000,32250100,76624,127708,33000000,33000000
3,44,33000000,33000100,76624,127708,33750000,33750000
3,45,33750000,33750100,76624,127708,34500000,34500000
3,46,34500000,34500100,76624,127708,35250000,35250000
3,47,35250000,35250100,76624,127708,36000000,36000000
3,48,36000000,36000100,76624,127708,36750000,36750000
3,49,36750000,36750100,76624,127708,37500000,37500000
3,50,37500000,37500100,76624,127708,38250000,38250000
3,51,38250000,38250100,76624,127708,39000000,39000000
3,52,39000000,39000100,76624,127708,39750000,39750000
3,53,39750000,39750100,76624,127708,40500000,40500000
3,54,40500000,40500100,76624,127708,41250000,41250000
3,55,41250000,41250100,76624,127708,42000000,42000000
3,56,42000000,42000100,76624,127708,42750000,42750000
3,57,42750000,42750100,76624,127708,43500000,43500000
3,58,43500000,43500100,76624,127708,44250000,44250000
3,59,44250000,44250100,76624,127708,45000000,45000000
3,60,45000000,45000100,76624,127708,45750000,45750000
3,61,45750000,45750100,76624,127708,46500000,46500000
3,62,46500000,46500100,76624,127708,47250000,47250000
3,63,47250000,47250100,76624,127708,48000000,48000000
3,64,48000000,48000100,76624,127708,48750000,48750000
3,65,48750000,48750100,76624,127708,49500000,49500000
3,66,49500000,49500100,76624,127708,50250000,50250000
3,67,50250000,50250100,76624,127708,51000000,51000000
3,68,51000000,51000100,76624,127708,51750000,51750000
3,69,51750000,51750100,76624,127708,52500000,52500000
3,70,52500000,52500100,76624,127708,53250000,53250000
3,71,53250000,53250100,76624,127708,54000000,54000000
3,72,54000000,54000100,76624,127708,54750000,54750000
3,73,54750000,54750100,76624,127708,55500000,55500000
3,74,55500000,55500100,76624,127708,56250000,56250000
3,75,56250000,56250100,76624,127708,57000000,57000000
3,76,57000000,57000100,76624,127708,57750000,57750000
3,77,57750000,57750100,76624,127708,58500000,58500000
3,78,58500000,58500100,76624,127708,59250000,59250000
3,79,59250000,59250100,76624,127708,60000000,60000000
3,80,60000000,60000100,76624,127708,60750000,60750000
3,81,60750000,60750100,76624,127708,61500000,61500000
3,82,61500000,61500100,76624,127708,62250000,62250000
3,83,62250000,62250100,76624,127708,63000000,63000000
3,84,63000000,63000100,76624,127708,63750000,63750000
3,85,63750000,63750100,76624,127708,64500000,64500000
3,86,64500000,64500100,76624,127708,65250000,65250000
3,87,65250000,65250100,76624,127708,66000000,66000000
3,88,66000000,66000100,76624,127708,66750000,66750000
3,89,66750000,66750100,76624,127708,67500000,67500000
3,90,67500000,67500100,76624,127708,68250000,68250000
3,91,68250000,68250100,76624,127708,69000000,69000000
3,92,69000000,69000100,76624,127708,69750000,69750000
3,93,69750000,69750100,76624,127708,70500000,70500000
3,94,70500000,70500100,76624,127708,71250000,71250000
3,95,71250000,71250100,76624,127708,72000000,72000000
3,96,72000000,72000100,76624,127708,72750000,72750000
3,97,72750000,72750100,76624,127708,73500000,73500000
3,98,73500000,73500100,76624,127708,74250000,74250000
3,99,74250000,74250100,76624,127708,75000000,75000000
3,100,75000000,75000100,76624,127708,75750000,75750000
3,101,75750000,75750100,76624,127708,76500000,76500000
3,102,76500000,76500100,76624,127708,77250000,77250000
3,103,77250000,77250100,76624,127708,78000000,78000000
3,104,78000000,78000100,76624,127708,78750000,78750000
3,105,78750000,78750100,76624,127708,79500000,79500000
3,106,79500000,79500100,76624,127708,80250000,80250000
3,107,80250000,80250100,76624,127708,81000000,81000000
3,108,81000000,81000100,76624,127708,81750000,81750000
3,109,81750000,81750100,76624,127708,82500000,82500000
3,110,82500000,82500100,76624,127708,83250000,83250000
3,111,83250000,83250100,76624,127708,84000000,84000000
3,112,84000000,84000100,76624,127708,84750000,84750000
3,113,84750000,84750100,76624,127708,85500000,85500000
3,114,85500000,85500100,76624,127708,86250000,86250000
3,115,86250000,86250100,76624,127708,87000000,87000000
3,116,87000000,87000100,76624,127708,87750000,87750000
3,117,87750000,87750100,76624,127708,88500000,88500000
3,118,88500000,88500100,76624,127708,89250000,89250000
3,119,89250000,89250100,76624,127708,90000000,90000000
3,120,90000000,90000100,76624,127708,90750000,90750000
3,121,90750000,90750100,76624,127708,91500000,91500000
3,122,91500000,91500100,76624,127708,92250000,92250000
3,123,92250000,92250100,76624,127708,93000000,93000000
3,124,93000000,93000100,76624,127708,93750000,93750000
3,125,93750000,93750100,76624,127708,94500000,94500000
3,126,94500000,94500100,76624,127708,95250000,95250000
3,127,95250000,95250100,76624,127708,96000000,96000000
3,128,96000000,96000100,76624,127708,96750000,96750000
3,129,96750000,96750100,76624,127708,97500000,97500000
3,130,97500000,97500100,76624,127708,98250000,98250000
3,131,98250000,98250100,76624,127708,99000000,99000000
3,132,99000000,99000100,76624,127708,99750000,99750000
3,133,99750000,99750100,76624,127708,100500000,100500000
3,134,100500000,100500100,76624,127708,101250000,101250000
3,135,101250000,101250100,76624,127708,102000000,102000000
4,0,0,100,488946,814911,850000,850000
4,1,850000,850100,488946,814911,1700000,1700000
4,2,1700000,1700100,488946,814911,2550000,2550000
4,3,2550000,2550100,488946,814911,3400000,3400000
4,4,3400000,3400100,488946,814911,4250000,4250000
4,5,4250000,4250100,488946,814911,5100000,5100000
4,6,5100000,5100100,488946,814911,5950000,5950000
4,7,5950000,5950100,488946,814911,6800000,6800000
4,8,6800000,6800100,488946,814911,7650000,7650000
4,9,7650000,7650100,488946,814911,8500000,8500000
4,10,8500000,8500100,488946,814911,9350000,9350000
4,11,9350000,9350100,488946,814911,10200000,10200000
4,12,10200000,10200100,488946,814911,11050000,11050000
4,13,11050000,11050100,488946,814911,11900000,11900000
4,14,11900000,11900100,488946,814911,12750000,12750000
4,15,12750000,12750100,488946,814911,13600000,13600000
4,16,13600000,13600100,488946,814911,14450000,14450000
4,17,14450000,14450100,488946,814911,15300000,15300000
4,18,15300000,15300100,488946,814911,16150000,16150000
4,19,16150000,16150100,488946,814911,17000000,17000000
4,20,17000000,17000100,488946,814911,17850000,17850000
4,21,17850000,17850100,488946,814911,18700000,18700000
4,22,18700000,18700100,488946,814911,19550000,19550000
4,23,19550000,19550100,488946,814911,20400000,20400000
4,24,20400000,20400100,488946,814911,21250000,21250000
4,25,21250000,21250100,488946,814911,22100000,22100000
4,26,22100000,22100100,488946,814911,22950000,22950000
4,27,22950000,22950100,488946,814911,23800000,23800000
4,28,23800000,23800100,488946,814911,24650000,24650000
4,29,24650000,24650100,488946,814911,25500000,25500000
4,30,25500000,25500100,488946,814911,26350000,26350000
4,31,26350000,26350100,488946,814911,27200000,27200000
4,32,27200000,27200100,488946,814911,28050000,28050000
4,33,28050000,28050100,488946,814911,28900000,28900000
4,34,28900000,28900100,488946,814911,29750000,29750000
4,35,29750000,29750100,488946,814911,30600000,30600000
4,36,30600000,30600100,488946,814911,31450000,31450000
4,37,31450000,31450100,488946,814911,32300000,32300000
4,38,32300000,32300100,488946,814911,33150000,33150000
4,39,33150000,33150100,488946,814911,34000000,34000000
4,40,34000000,34000100,488946,814911,34850000,34850000
4,41,34850000,34850100,488946,814911,35700000,35700000
4,42,35700000,35700100,488946,814911,36550000,36550000
4,43,36550000,36550100,488946,814911,37400000,37400000
4,44,37400000,37400100,488946,814911,38250000,38250000
4,45,38250000,38250100,488946,814911,39100000,39100000
4,46,39100000,39100100,488946,814911,39950000,39950000
4,47,39950000,39950100,488946,814911,40800000,40800000
4,48,40800000,40800100,488946,814911,41650000,41650000
4,49,41650000,41650100,488946,814911,42500000,42500000
4,50,42500000,42500100,488946,814911,43350000,43350000
4,51,43350000,43350100,488946,814911,44200000,44200000
4,52,44200000,44200100,488946,814911,45050000,45050000
4,53,45050000,45050100,488946,814911,45900000,45900000
4,54,45900000,45900100,488946,814911,46750000,46750000
4,55,46750000,46750100,488946,814911,47600000,47600000
4,56,47600000,47600100,488946,814911,48450000,48450000
4,57,48450000,48450100,488946,814911,49300000,49300000
4,58,49300000,49300100,488946,814911,50150000,50150000
4,59,50150000,50150100,488946,814911,51000000,51000000
4,60,51000000,51000100,488946,814911,51850000,51850000
4,61,51850000,51850100,488946,814911,52700000,52700000
4,62,52700000,52700100,488946,814911,53550000,53550000
4,63,53550000,53550100,488946,814911,54400000,54400000
4,64,54400000,54400100,488946,814911,55250000,55250000
4,65,55250000,55250100,488946,814911,56100000,56100000
4,66,56100000,56100100,488946,814911,56950000,56950000
4,67,56950000,56950100,488946,814911,57800000,57800000
4,68,57800000,57800100,488946,814911,58650000,58650000
4,69,58650000,58650100,488946,814911,59500000,59500000
4,70,59500000,59500100,488946,814911,60350000,60350000
4,71,60350000,60350100,488946,814911,61200000,61200000
4,72,61200000,61200100,488946,814911,62050000,62050000
4,73,62050000,62050100,488946,814911,62900000,62900000
4,74,62900000,62900100,488946,814911,63750000,63750000
4,75,63750000,63750100,488946,814911,64600000,64600000
4,76,64600000,64600100,488946,814911,65450000,65450000
4,77,65450000,65450100,488946,814911,66300000,66300000
4,78,66300000,66300100,488946,814911,67150000,67150000
4,79,67150000,67150100,488946,814911,68000000,68000000
4,80,68000000,68000100,488946,814911,68850000,68850000
4,81,68850000,68850100,488946,814911,69700000,69700000
4,82,69700000,69700100,488946,814911,70550000,70550000
4,83,70550000,70550100,488946,814911,71400000,71400000
4,84,71400000,71400100,488946,814911,72250000,72250000
4,85,72250000,72250100,488946,814911,73100000,73100000
4,86,73100000,73100100,488946,814911,73950000,73950000
4,87,73950000,73950100,488946,814911,74800000,74800000
4,88,74800000,74800100,488946,814911,75650000,75650000
4,89,75650000,75650100,488946,814911,76500000,76500000
4,90,76500000,76500100,488946,814911,77350000,77350000
4,91,77350000,77350100,488946,814911,78200000,78200000
4,92,78200000,78200100,488946,814911,79050000,79050000
4,93,79050000,79050100,488946,814911,79900000,79900000
4,94,79900000,79900100,488946,814911,80750000,80750000
4,95,80750000,80750100,488946,814911,81600000,81600000
4,96,81600000,81600100,488946,814911,82450000,82450000
4,97,82450000,82450100,488946,814911,83300000,83300000
4,98,83300000,83300100,488946,814911,84150000,84150000
4,99,84150000,84150100,488946,814911,85000000,85000000
4,100,85000000,85000100,488946,814911,85850000,85850000
4,101,85850000,85850100,488946,814911,86700000,86700000
4,102,86700000,86700100,488946,814911,87550000,87550000
4,103,87550000,87550100,488946,814911,88400000,88400000
4,104,88400000,88400100,488946,814911,89250000,89250000
4,105,89250000,89250100,488946,814911,90100000,90100000
4,106,90100000,90100100,488946,814911,90950000,90950000
4,107,90950000,90950100,488946,814911,91800000,91800000
4,108,91800000,91800100,488946,814911,92650000,92650000
4,109,92650000,92650100,488946,814911,93500000,93500000
4,110,93500000,93500100,488946,814911,94350000,94350000
4,111,94350000,94350100,488946,814911,95200000,95200000
4,112,95200000,95200100,488946,814911,96050000,96050000
4,113,96050000,96050100,488946,814911,96900000,96900000
4,114,96900000,96900100,488946,814911,97750000,97750000
4,115,97750000,97750100,488946,814911,98600000,98600000
4,116,98600000,98600100,488946,814911,99450000,99450000
4,117,99450000,99450100,488946,814911,100300000,100300000
4,118,100300000,100300100,488946,814911,101150000,101150000
4,119,101150000,101150100,488946,814911,102000000,102000000
