Task ID,Job ID,Arrival min,Arrival max,Cost min,Cost max,Deadline,Priority
0,0,0,100,41448,41448,100000,100000
0,1,100000,100100,41448,41448,200000,200000
0,2,200000,200100,41448,41448,300000,300000
0,3,300000,300100,41448,41448,400000,400000
0,4,400000,400100,41448,41448,500000,500000
0,5,500000,500100,41448,41448,600000,600000
0,6,600000,600100,41448,41448,700000,700000
0,7,700000,700100,41448,41448,800000,800000
0,8,800000,800100,41448,41448,900000,900000
0,9,900000,900100,41448,41448,1000000,1000000
0,10,1000000,1000100,41448,41448,1100000,1100000
0,11,1100000,1100100,41448,41448,1200000,1200000
0,12,1200000,1200100,41448,41448,1300000,1300000
0,13,1300000,1300100,41448,41448,1400000,1400000
0,14,1400000,1400100,41448,41448,1500000,1500000
0,15,1500000,1500100,41448,41448,1600000,1600000
0,16,1600000,1600100,41448,41448,1700000,1700000
0,17,1700000,1700100,41448,41448,1800000,1800000
0,18,1800000,1800100,41448,41448,1900000,1900000
0,19,1900000,1900100,41448,41448,2000000,2000000
0,20,2000000,2000100,41448,41448,2100000,2100000
0,21,2100000,2100100,41448,41448,2200000,2200000
0,22,2200000,2200100,41448,41448,2300000,2300000
0,23,2300000,2300100,41448,41448,2400000,2400000
0,24,2400000,2400100,41448,41448,2500000,2500000
0,25,2500000,2500100,41448,41448,2600000,2600000
0,26,2600000,2600100,41448,41448,2700000,2700000
0,27,2700000,2700100,41448,41448,2800000,2800000
0,28,2800000,2800100,41448,41448,2900000,2900000
0,29,2900000,2900100,41448,41448,3000000,3000000
0,30,3000000,3000100,41448,41448,3100000,3100000
0,31,3100000,3100100,41448,41448,3200000,3200000
0,32,3200000,3200100,41448,41448,3300000,3300000
0,33,3300000,3300100,41448,41448,3400000,3400000
0,34,3400000,3400100,41448,41448,3500000,3500000
0,35,3500000,3500100,41448,41448,3600000,3600000
0,36,3600000,3600100,41448,41448,3700000,3700000
0,37,3700000,3700100,41448,41448,3800000,3800000
0,38,3800000,3800100,41448,41448,3900000,3900000
0,39,3900000,3900100,41448,41448,4000000,4000000
0,40,4000000,4000100,41448,41448,4100000,4100000
0,41,4100000,4100100,41448,41448,4200000,4200000
0,42,4200000,4200100,41448,41448,4300000,4300000
0,43,4300000,4300100,41448,41448,4400000,4400000
0,44,4400000,4400100,41448,41448,4500000,4500000
0,45,4500000,4500100,41448,41448,4600000,4600000
0,46,4600000,4600100,41448,41448,4700000,4700000
0,47,4700000,4700100,41448,41448,4800000,4800000
0,48,4800000,4800100,41448,41448,4900000,4900000
0,49,4900000,4900100,41448,41448,5000000,5000000
0,50,5000000,5000100,41448,41448,5100000,5100000
0,51,5100000,5100100,41448,41448,5200000,5200000
0,52,5200000,5200100,41448,41448,5300000,5300000
0,53,5300000,5300100,41448,41448,5400000,5400000
0,54,5400000,5400100,41448,41448,5500000,5500000
0,55,5500000,5500100,41448,41448,5600000,5600000
0,56,5600000,5600100,41448,41448,5700000,5700000
0,57,5700000,5700100,41448,41448,5800000,5800000
0,58,5800000,5800100,41448,41448,5900000,5900000
0,59,5900000,5900100,41448,41448,6000000,6000000
0,60,6000000,6000100,41448,41448,6100000,6100000
0,61,6100000,6100100,41448,41448,6200000,6200000
0,62,6200000,6200100,41448,41448,6300000,6300000
0,63,6300000,6300100,41448,41448,6400000,6400000
0,64,6400000,6400100,41448,41448,6500000,6500000
0,65,6500000,6500100,41448,41448,6600000,6600000
0,66,6600000,6600100,41448,41448,6700000,6700000
0,67,6700000,6700100,41448,41448,6800000,6800000
0,68,6800000,6800100,41448,41448,6900000,6900000
0,69,6900000,6900100,41448,41448,7000000,7000000
0,70,7000000,7000100,41448,41448,7100000,7100000
0,71,7100000,7100100,41448,41448,7200000,7200000
0,72,7200000,7200100,41448,41448,7300000,7300000
0,73,7300000,7300100,41448,41448,7400000,7400000
0,74,7400000,7400100,41448,41448,7500000,7500000
0,75,7500000,7500100,41448,41448,7600000,7600000
0,76,7600000,7600100,41448,41448,7700000,7700000
0,77,7700000,7700100,41448,41448,7800000,7800000
0,78,7800000,7800100,41448,41448,7900000,7900000
0,79,7900000,7900100,41448,41448,8000000,8000000
0,80,8000000,8000100,41448,41448,8100000,8100000
0,81,8100000,8100100,41448,41448,8200000,8200000
0,82,8200000,8200100,41448,41448,8300000,8300000
0,83,8300000,8300100,41448,41448,8400000,8400000
0,84,8400000,8400100,41448,41448,8500000,8500000
0,85,8500000,8500100,41448,41448,8600000,8600000
0,86,8600000,8600100,41448,41448,8700000,8700000
0,87,8700000,8700100,41448,41448,8800000,8800000
0,88,8800000,8800100,41448,41448,8900000,8900000
0,89,8900000,8900100,41448,41448,9000000,9000000
0,90,9000000,9000100,41448,41448,9100000,9100000
0,91,9100000,9100100,41448,41448,9200000,9200000
0,92,9200000,9200100,41448,41448,9300000,9300000
0,93,9300000,9300100,41448,41448,9400000,9400000
0,94,9400000,9400100,41448,41448,9500000,9500000
0,95,9500000,9500100,41448,41448,9600000,9600000
0,96,9600000,9600100,41448,41448,9700000,9700000
0,97,9700000,9700100,41448,41448,9800000,9800000
0,98,9800000,9800100,41448,41448,9900000,9900000
0,99,9900000,9900100,41448,41448,10000000,10000000
0,100,10000000,10000100,41448,41448,10100000,10100000
0,101,10100000,10100100,41448,41448,10200000,10200000
0,102,10200000,10200100,41448,41448,10300000,10300000
0,103,10300000,10300100,41448,41448,10400000,10400000
0,104,10400000,10400100,41448,41448,10500000,10500000
0,105,10500000,10500100,41448,41448,10600000,10600000
0,106,10600000,10600100,41448,41448,10700000,10700000
0,107,10700000,10700100,41448,41448,10800000,10800000
0,108,10800000,10800100,41448,41448,10900000,10900000
0,109,10900000,10900100,41448,41448,11000000,11000000
0,110,11000000,11000100,41448,41448,11100000,11100000
0,111,11100000,11100100,41448,41448,11200000,11200000
0,112,11200000,11200100,41448,41448,11300000,11300000
0,113,11300000,11300100,41448,41448,11400000,11400000
0,114,11400000,11400100,41448,41448,11500000,11500000
0,115,11500000,11500100,41448,41448,11600000,11600000
0,116,11600000,11600100,41448,41448,11700000,11700000
0,117,11700000,11700100,41448,41448,11800000,11800000
0,118,11800000,11800100,41448,41448,11900000,11900000
0,119,11900000,11900100,41448,41448,12000000,12000000
0,120,12000000,12000100,41448,41448,12100000,12100000
0,121,12100000,12100100,41448,41448,12200000,12200000
0,122,12200000,12200100,41448,41448,12300000,12300000
0,123,12300000,12300100,41448,41448,12400000,12400000
0,124,12400000,12400100,41448,41448,12500000,12500000
0,125,12500000,12500100,41448,41448,12600000,12600000
0,126,12600000,12600100,41448,41448,12700000,12700000
0,127,12700000,12700100,41448,41448,12800000,12800000
0,128,12800000,12800100,41448,41448,12900000,12900000
0,129,12900000,12900100,41448,41448,13000000,13000000
0,130,13000000,13000100,41448,41448,13100000,13100000
0,131,13100000,13100100,41448,41448,13200000,13200000
0,132,13200000,13200100,41448,41448,13300000,13300000
0,133,13300000,13300100,41448,41448,13400000,13400000
0,134,13400000,13400100,41448,41448,13500000,13500000
0,135,13500000,13500100,41448,41448,13600000,13600000
0,136,13600000,13600100,41448,41448,13700000,13700000
0,137,13700000,13700100,41448,41448,13800000,13800000
0,138,13800000,13800100,41448,41448,13900000,13900000
0,139,13900000,13900100,41448,41448,14000000,14000000
0,140,14000000,14000100,41448,41448,14100000,14100000
0,141,14100000,14100100,41448,41448,14200000,14200000
0,142,14200000,14200100,41448,41448,14300000,14300000
0,143,14300000,14300100,41448,41448,14400000,14400000
0,144,14400000,14400100,41448,41448,14500000,14500000
0,145,14500000,14500100,41448,41448,14600000,14600000
0,146,14600000,14600100,41448,41448,14700000,14700000
0,147,14700000,14700100,41448,41448,14800000,14800000
0,148,14800000,14800100,41448,41448,14900000,14900000
0,149,14900000,14900100,41448,41448,15000000,15000000
0,150,15000000,15000100,41448,41448,15100000,15100000
0,151,15100000,15100100,41448,41448,15200000,15200000
0,152,15200000,15200100,41448,41448,15300000,15300000
0,153,15300000,15300100,41448,41448,15400000,15400000
0,154,15400000,15400100,41448,41448,15500000,15500000
0,155,15500000,15500100,41448,41448,15600000,15600000
0,156,15600000,15600100,41448,41448,15700000,15700000
0,157,15700000,15700100,41448,41448,15800000,15800000
0,158,15800000,15800100,41448,41448,15900000,15900000
0,159,15900000,15900100,41448,41448,16000000,16000000
0,160,16000000,16000100,41448,41448,16100000,16100000
0,161,16100000,16100100,41448,41448,16200000,16200000
0,162,16200000,16200100,41448,41448,16300000,16300000
0,163,16300000,16300100,41448,41448,16400000,16400000
0,164,16400000,16400100,41448,41448,16500000,16500000
0,165,16500000,16500100,41448,41448,16600000,16600000
0,166,16600000,16600100,41448,41448,16700000,16700000
0,167,16700000,16700100,41448,41448,16800000,16800000
0,168,16800000,16800100,41448,41448,16900000,16900000
0,169,16900000,16900100,41448,41448,17000000,17000000
0,170,17000000,17000100,41448,41448,17100000,17100000
0,171,17100000,17100100,41448,41448,17200000,17200000
0,172,17200000,17200100,41448,41448,17300000,17300000
0,173,17300000,17300100,41448,41448,17400000,17400000
0,174,17400000,17400100,41448,41448,17500000,17500000
0,175,17500000,17500100,41448,41448,17600000,17600000
0,176,17600000,17600100,41448,41448,17700000,17700000
0,177,17700000,17700100,41448,41448,17800000,17800000
0,178,17800000,17800100,41448,41448,17900000,17900000
0,179,17900000,17900100,41448,41448,18000000,18000000
0,180,18000000,18000100,41448,41448,18100000,18100000
0,181,18100000,18100100,41448,41448,18200000,18200000
0,182,18200000,18200100,41448,41448,18300000,18300000
0,183,18300000,18300100,41448,41448,18400000,18400000
0,184,18400000,18400100,41448,41448,18500000,18500000
0,185,18500000,18500100,41448,41448,18600000,18600000
0,186,18600000,18600100,41448,41448,18700000,18700000
0,187,18700000,18700100,41448,41448,18800000,18800000
0,188,18800000,18800100,41448,41448,18900000,18900000
0,189,18900000,18900100,41448,41448,19000000,19000000
0,190,19000000,19000100,41448,41448,19100000,19100000
0,191,19100000,19100100,41448,41448,19200000,19200000
0,192,19200000,19200100,41448,41448,19300000,19300000
0,193,19300000,19300100,41448,41448,19400000,19400000
0,194,19400000,19400100,41448,41448,19500000,19500000
0,195,19500000,19500100,41448,41448,19600000,19600000
0,196,19600000,19600100,41448,41448,19700000,19700000
0,197,19700000,19700100,41448,41448,19800000,19800000
0,198,19800000,19800100,41448,41448,19900000,19900000
0,199,19900000,19900100,41448,41448,20000000,20000000
0,200,20000000,20000100,41448,41448,20100000,20100000
0,201,20100000,20100100,41448,41448,20200000,20200000
0,202,20200000,20200100,41448,41448,20300000,20300000
0,203,20300000,20300100,41448,41448,20400000,20400000
0,204,20400000,20400100,41448,41448,20500000,20500000
0,205,20500000,20500100,41448,41448,20600000,20600000
0,206,20600000,20600100,41448,41448,20700000,20700000
0,207,20700000,20700100,41448,41448,20800000,20800000
0,208,20800000,20800100,41448,41448,20900000,20900000
0,209,20900000,20900100,41448,41448,21000000,21000000
0,210,21000000,21000100,41448,41448,21100000,21100000
0,211,21100000,21100100,41448,41448,21200000,21200000
0,212,21200000,21200100,41448,41448,21300000,21300000
0,213,21300000,21300100,41448,41448,21400000,21400000
0,214,21400000,21400100,41448,41448,21500000,21500000
0,215,21500000,21500100,41448,41448,21600000,21600000
0,216,21600000,21600100,41448,41448,21700000,21700000
0,217,21700000,21700100,41448,41448,21800000,21800000
0,218,21800000,21800100,41448,41448,21900000,21900000
0,219,21900000,21900100,41448,41448,22000000,22000000
0,220,22000000,22000100,41448,41448,22100000,22100000
0,221,22100000,22100100,41448,41448,22200000,22200000
0,222,22200000,22200100,41448,41448,22300000,22300000
0,223,22300000,22300100,41448,41448,22400000,22400000
0,224,22400000,22400100,41448,41448,22500000,22500000
0,225,22500000,22500100,41448,41448,22600000,22600000
0,226,22600000,22600100,41448,41448,22700000,22700000
0,227,22700000,22700100,41448,41448,22800000,22800000
0,228,22800000,22800100,41448,41448,22900000,22900000
0,229,22900000,22900100,41448,41448,23000000,23000000
0,230,23000000,23000100,41448,41448,23100000,23100000
0,231,23100000,23100100,41448,41448,23200000,23200000
0,232,23200000,23200100,41448,41448,23300000,23300000
0,233,23300000,23300100,41448,41448,23400000,23400000
0,234,23400000,23400100,41448,41448,23500000,23500000
0,235,23500000,23500100,41448,41448,23600000,23600000
0,236,23600000,23600100,41448,41448,23700000,23700000
0,237,23700000,23700100,41448,41448,23800000,23800000
0,238,23800000,23800100,41448,41448,23900000,23900000
0,239,23900000,23900100,41448,41448,24000000,24000000
0,240,24000000,24000100,41448,41448,24100000,24100000
0,241,24100000,24100100,41448,41448,24200000,24200000
0,242,24200000,24200100,41448,41448,24300000,24300000
0,243,24300000,24300100,41448,41448,24400000,24400000
0,244,24400000,24400100,41448,41448,24500000,24500000
0,245,24500000,24500100,41448,41448,24600000,24600000
0,246,24600000,24600100,41448,41448,24700000,24700000
0,247,24700000,24700100,41448,41448,24800000,24800000
0,248,24800000,24800100,41448,41448,24900000,24900000
0,249,24900000,24900100,41448,41448,25000000,25000000
0,250,25000000,25000100,41448,41448,25100000,25100000
0,251,25100000,25100100,41448,41448,25200000,25200000
0,252,25200000,25200100,41448,41448,25300000,25300000
0,253,25300000,25300100,41448,41448,25400000,25400000
0,254,25400000,25400100,41448,41448,25500000,25500000
0,255,25500000,25500100,41448,41448,25600000,25600000
0,256,25600000,25600100,41448,41448,25700000,25700000
0,257,25700000,25700100,41448,41448,25800000,25800000
0,258,25800000,25800100,41448,41448,25900000,25900000
0,259,25900000,25900100,41448,41448,26000000,26000000
0,260,26000000,26000100,41448,41448,26100000,26100000
0,261,26100000,26100100,41448,41448,26200000,26200000
0,262,26200000,26200100,41448,41448,26300000,26300000
0,263,26300000,26300100,41448,41448,26400000,26400000
0,264,26400000,26400100,41448,41448,26500000,26500000
0,265,26500000,26500100,41448,41448,26600000,26600000
0,266,26600000,26600100,41448,41448,26700000,26700000
0,267,26700000,26700100,41448,41448,26800000,26800000
0,268,26800000,26800100,41448,41448,26900000,26900000
0,269,26900000,26900100,41448,41448,27000000,27000000
0,270,27000000,27000100,41448,41448,27100000,27100000
0,271,27100000,27100100,41448,41448,27200000,27200000
0,272,27200000,27200100,41448,41448,27300000,27300000
0,273,27300000,27300100,41448,41448,27400000,27400000
0,274,27400000,27400100,41448,41448,27500000,27500000
0,275,27500000,27500100,41448,41448,27600000,27600000
0,276,27600000,27600100,41448,41448,27700000,27700000
0,277,27700000,27700100,41448,41448,27800000,27800000
0,278,27800000,27800100,41448,41448,27900000,27900000
0,279,27900000,27900100,41448,41448,28000000,28000000
0,280,28000000,28000100,41448,41448,28100000,28100000
0,281,28100000,28100100,41448,41448,28200000,28200000
0,282,28200000,28200100,41448,41448,28300000,28300000
0,283,28300000,28300100,41448,41448,28400000,28400000
0,284,28400000,28400100,41448,41448,28500000,28500000
0,285,28500000,28500100,41448,41448,28600000,28600000
0,286,28600000,28600100,41448,41448,28700000,28700000
0,287,28700000,28700100,41448,41448,28800000,28800000
0,288,28800000,28800100,41448,41448,28900000,28900000
0,289,28900000,28900100,41448,41448,29000000,29000000
0,290,29000000,29000100,41448,41448,29100000,29100000
0,291,29100000,29100100,41448,41448,29200000,29200000
0,292,29200000,29200100,41448,41448,29300000,29300000
0,293,29300000,29300100,41448,41448,29400000,29400000
0,294,29400000,29400100,41448,41448,29500000,29500000
0,295,29500000,29500100,41448,41448,29600000,29600000
0,296,29600000,29600100,41448,41448,29700000,29700000
0,297,29700000,29700100,41448,41448,29800000,29800000
0,298,29800000,29800100,41448,41448,29900000,29900000
0,299,29900000,29900100,41448,41448,30000000,30000000
0,300,30000000,30000100,41448,41448,30100000,30100000
0,301,30100000,30100100,41448,41448,30200000,30200000
0,302,30200000,30200100,41448,41448,30300000,30300000
0,303,30300000,30300100,41448,41448,30400000,30400000
0,304,30400000,30400100,41448,41448,30500000,30500000
0,305,30500000,30500100,41448,41448,30600000,30600000
0,306,30600000,30600100,41448,41448,30700000,30700000
0,307,30700000,30700100,41448,41448,30800000,30800000
0,308,30800000,30800100,41448,41448,30900000,30900000
0,309,30900000,30900100,41448,41448,31000000,31000000
0,310,31000000,31000100,41448,41448,31100000,31100000
0,311,31100000,31100100,41448,41448,31200000,31200000
0,312,31200000,31200100,41448,41448,31300000,31300000
0,313,31300000,31300100,41448,41448,31400000,31400000
0,314,31400000,31400100,41448,41448,31500000,31500000
0,315,31500000,31500100,41448,41448,31600000,31600000
0,316,31600000,31600100,41448,41448,31700000,31700000
0,317,31700000,31700100,41448,41448,31800000,31800000
0,318,31800000,31800100,41448,41448,31900000,31900000
0,319,31900000,31900100,41448,41448,32000000,32000000
0,320,32000000,32000100,41448,41448,32100000,32100000
0,321,32100000,32100100,41448,41448,32200000,32200000
0,322,32200000,32200100,41448,41448,32300000,32300000
0,323,32300000,32300100,41448,41448,32400000,32400000
0,324,32400000,32400100,41448,41448,32500000,32500000
0,325,32500000,32500100,41448,41448,32600000,32600000
0,326,32600000,32600100,41448,41448,32700000,32700000
0,327,32700000,32700100,41448,41448,32800000,32800000
0,328,32800000,32800100,41448,41448,32900000,32900000
0,329,32900000,32900100,41448,41448,33000000,33000000
0,330,33000000,33000100,41448,41448,33100000,33100000
0,331,33100000,33100100,41448,41448,33200000,33200000
0,332,33200000,33200100,41448,41448,33300000,33300000
0,333,33300000,33300100,41448,41448,33400000,33400000
0,334,33400000,33400100,41448,41448,33500000,33500000
0,335,33500000,33500100,41448,41448,33600000,33600000
0,336,33600000,33600100,41448,41448,33700000,33700000
0,337,33700000,33700100,41448,41448,33800000,33800000
0,338,33800000,33800100,41448,41448,33900000,33900000
0,339,33900000,33900100,41448,41448,34000000,34000000
0,340,34000000,34000100,41448,41448,34100000,34100000
0,341,34100000,34100100,41448,41448,34200000,34200000
0,342,34200000,34200100,41448,41448,34300000,34300000
0,343,34300000,34300100,41448,41448,34400000,34400000
0,344,34400000,34400100,41448,41448,34500000,34500000
0,345,34500000,34500100,41448,41448,34600000,34600000
0,346,34600000,34600100,41448,41448,34700000,34700000
0,347,34700000,34700100,41448,41448,34800000,34800000
0,348,34800000,34800100,41448,41448,34900000,34900000
0,349,34900000,34900100,41448,41448,35000000,35000000
0,350,35000000,35000100,41448,41448,35100000,35100000
0,351,35100000,35100100,41448,41448,35200000,35200000
0,352,35200000,35200100,41448,41448,35300000,35300000
0,353,35300000,35300100,41448,41448,35400000,35400000
0,354,35400000,35400100,41448,41448,35500000,35500000
0,355,35500000,35500100,41448,41448,35600000,35600000
0,356,35600000,35600100,41448,41448,35700000,35700000
0,357,35700000,35700100,41448,41448,35800000,35800000
0,358,35800000,35800100,41448,41448,35900000,35900000
0,359,35900000,35900100,41448,41448,36000000,36000000
0,360,36000000,36000100,41448,41448,36100000,36100000
0,361,36100000,36100100,41448,41448,36200000,36200000
0,362,36200000,36200100,41448,41448,36300000,36300000
0,363,36300000,36300100,41448,41448,36400000,36400000
0,364,36400000,36400100,41448,41448,36500000,36500000
0,365,36500000,36500100,41448,41448,36600000,36600000
0,366,36600000,36600100,41448,41448,36700000,36700000
0,367,36700000,36700100,41448,41448,36800000,36800000
0,368,36800000,36800100,41448,41448,36900000,36900000
0,369,36900000,36900100,41448,41448,37000000,37000000
0,370,37000000,37000100,41448,41448,37100000,37100000
0,371,37100000,37100100,41448,41448,37200000,37200000
0,372,37200000,37200100,41448,41448,37300000,37300000
0,373,37300000,37300100,41448,41448,37400000,37400000
0,374,37400000,37400100,41448,41448,37500000,37500000
0,375,37500000,37500100,41448,41448,37600000,37600000
0,376,37600000,37600100,41448,41448,37700000,37700000
0,377,37700000,37700100,41448,41448,37800000,37800000
0,378,37800000,37800100,41448,41448,37900000,37900000
0,379,37900000,37900100,41448,41448,38000000,38000000
0,380,38000000,38000100,41448,41448,38100000,38100000
0,381,38100000,38100100,41448,41448,38200000,38200000
0,382,38200000,38200100,41448,41448,38300000,38300000
0,383,38300000,38300100,41448,41448,38400000,38400000
0,384,38400000,38400100,41448,41448,38500000,38500000
0,385,38500000,38500100,41448,41448,38600000,38600000
0,386,38600000,38600100,41448,41448,38700000,38700000
0,387,38700000,38700100,41448,41448,38800000,38800000
0,388,38800000,38800100,41448,41448,38900000,38900000
0,389,38900000,38900100,41448,41448,39000000,39000000
0,390,39000000,39000100,41448,41448,39100000,39100000
0,391,39100000,39100100,41448,41448,39200000,39200000
0,392,39200000,39200100,41448,41448,39300000,39300000
0,393,39300000,39300100,41448,41448,39400000,39400000
0,394,39400000,39400100,41448,41448,39500000,39500000
0,395,39500000,39500100,41448,41448,39600000,39600000
0,396,39600000,39600100,41448,41448,39700000,39700000
0,397,39700000,39700100,41448,41448,39800000,39800000
0,398,39800000,39800100,41448,41448,39900000,39900000
0,399,39900000,39900100,41448,41448,40000000,40000000
0,400,40000000,40000100,41448,41448,40100000,40100000
0,401,40100000,40100100,41448,41448,40200000,40200000
0,402,40200000,40200100,41448,41448,40300000,40300000
0,403,40300000,40300100,41448,41448,40400000,40400000
0,404,40400000,40400100,41448,41448,40500000,40500000
0,405,40500000,40500100,41448,41448,40600000,40600000
0,406,40600000,40600100,41448,41448,40700000,40700000
0,407,40700000,40700100,41448,41448,40800000,40800000
0,408,40800000,40800100,41448,41448,40900000,40900000
0,409,40900000,40900100,41448,41448,41000000,41000000
0,410,41000000,41000100,41448,41448,41100000,41100000
0,411,41100000,41100100,41448,41448,41200000,41200000
0,412,41200000,41200100,41448,41448,41300000,41300000
0,413,41300000,41300100,41448,41448,41400000,41400000
0,414,41400000,41400100,41448,41448,41500000,41500000
0,415,41500000,41500100,41448,41448,41600000,41600000
0,416,41600000,41600100,41448,41448,41700000,41700000
0,417,41700000,41700100,41448,41448,41800000,41800000
0,418,41800000,41800100,41448,41448,41900000,41900000
0,419,41900000,41900100,41448,41448,42000000,42000000
0,420,42000000,42000100,41448,41448,42100000,42100000
0,421,42100000,42100100,41448,41448,42200000,42200000
0,422,42200000,42200100,41448,41448,42300000,42300000
0,423,42300000,42300100,41448,41448,42400000,42400000
0,424,42400000,42400100,41448,41448,42500000,42500000
0,425,42500000,42500100,41448,41448,42600000,42600000
0,426,42600000,42600100,41448,41448,42700000,42700000
0,427,42700000,42700100,41448,41448,42800000,42800000
0,428,42800000,42800100,41448,41448,42900000,42900000
0,429,42900000,42900100,41448,41448,43000000,43000000
0,430,43000000,43000100,41448,41448,43100000,43100000
0,431,43100000,43100100,41448,41448,43200000,43200000
0,432,43200000,43200100,41448,41448,43300000,43300000
0,433,43300000,43300100,41448,41448,43400000,43400000
0,434,43400000,43400100,41448,41448,43500000,43500000
0,435,43500000,43500100,41448,41448,43600000,43600000
0,436,43600000,43600100,41448,41448,43700000,43700000
0,437,43700000,43700100,41448,41448,43800000,43800000
0,438,43800000,43800100,41448,41448,43900000,43900000
0,439,43900000,43900100,41448,41448,44000000,44000000
0,440,44000000,44000100,41448,41448,44100000,44100000
0,441,44100000,44100100,41448,41448,44200000,44200000
0,442,44200000,44200100,41448,41448,44300000,44300000
0,443,44300000,44300100,41448,41448,44400000,44400000
0,444,44400000,44400100,41448,41448,44500000,44500000
0,445,44500000,44500100,41448,41448,44600000,44600000
0,446,44600000,44600100,41448,41448,44700000,44700000
0,447,44700000,44700100,41448,41448,44800000,44800000
0,448,44800000,44800100,41448,41448,44900000,44900000
0,449,44900000,44900100,41448,41448,45000000,45000000
0,450,45000000,45000100,41448,41448,45100000,45100000
0,451,45100000,45100100,41448,41448,45200000,45200000
0,452,45200000,45200100,41448,41448,45300000,45300000
0,453,45300000,45300100,41448,41448,45400000,45400000
0,454,45400000,45400100,41448,41448,45500000,45500000
0,455,45500000,45500100,41448,41448,45600000,45600000
0,456,45600000,45600100,41448,41448,45700000,45700000
0,457,45700000,45700100,41448,41448,45800000,45800000
0,458,45800000,45800100,41448,41448,45900000,45900000
0,459,45900000,45900100,41448,41448,46000000,46000000
0,460,46000000,46000100,41448,41448,46100000,46100000
0,461,46100000,46100100,41448,41448,46200000,46200000
0,462,46200000,46200100,41448,41448,46300000,46300000
0,463,46300000,46300100,41448,41448,46400000,46400000
0,464,46400000,46400100,41448,41448,46500000,46500000
0,465,46500000,46500100,41448,41448,46600000,46600000
0,466,46600000,46600100,41448,41448,46700000,46700000
0,467,46700000,46700100,41448,41448,46800000,46800000
0,468,46800000,46800100,41448,41448,46900000,46900000
0,469,46900000,46900100,41448,41448,47000000,47000000
0,470,47000000,47000100,41448,41448,47100000,47100000
0,471,47100000,47100100,41448,41448,47200000,47200000
0,472,47200000,47200100,41448,41448,47300000,47300000
0,473,47300000,47300100,41448,41448,47400000,47400000
0,474,47400000,47400100,41448,41448,47500000,47500000
0,475,47500000,47500100,41448,41448,47600000,47600000
0,476,47600000,47600100,41448,41448,47700000,47700000
0,477,47700000,47700100,41448,41448,47800000,47800000
0,478,47800000,47800100,41448,41448,47900000,47900000
0,479,47900000,47900100,41448,41448,48000000,48000000
0,480,48000000,48000100,41448,41448,48100000,48100000
0,481,48100000,48100100,41448,41448,48200000,48200000
0,482,48200000,48200100,41448,41448,48300000,48300000
0,483,48300000,48300100,41448,41448,48400000,48400000
0,484,48400000,48400100,41448,41448,48500000,48500000
0,485,48500000,48500100,41448,41448,48600000,48600000
0,486,48600000,48600100,41448,41448,48700000,48700000
0,487,48700000,48700100,41448,41448,48800000,48800000
0,488,48800000,48800100,41448,41448,48900000,48900000
0,489,48900000,48900100,41448,41448,49000000,49000000
0,490,49000000,49000100,41448,41448,49100000,49100000
0,491,49100000,49100100,41448,41448,49200000,49200000
0,492,49200000,49200100,41448,41448,49300000,49300000
0,493,49300000,49300100,41448,41448,49400000,49400000
0,494,49400000,49400100,41448,41448,49500000,49500000
0,495,49500000,49500100,41448,41448,49600000,49600000
0,496,49600000,49600100,41448,41448,49700000,49700000
0,497,49700000,49700100,41448,41448,49800000,49800000
0,498,49800000,49800100,41448,41448,49900000,49900000
0,499,49900000,49900100,41448,41448,50000000,50000000
0,500,50000000,50000100,41448,41448,50100000,50100000
0,501,50100000,50100100,41448,41448,50200000,50200000
0,502,50200000,50200100,41448,41448,50300000,50300000
0,503,50300000,50300100,41448,41448,50400000,50400000
0,504,50400000,50400100,41448,41448,50500000,50500000
0,505,50500000,50500100,41448,41448,50600000,50600000
0,506,50600000,50600100,41448,41448,50700000,50700000
0,507,50700000,50700100,41448,41448,50800000,50800000
0,508,50800000,50800100,41448,41448,50900000,50900000
0,509,50900000,50900100,41448,41448,51000000,51000000
0,510,51000000,51000100,41448,41448,51100000,51100000
0,511,51100000,51100100,41448,41448,51200000,51200000
0,512,51200000,51200100,41448,41448,51300000,51300000
0,513,51300000,51300100,41448,41448,51400000,51400000
0,514,51400000,51400100,41448,41448,51500000,51500000
0,515,51500000,51500100,41448,41448,51600000,51600000
0,516,51600000,51600100,41448,41448,51700000,51700000
0,517,51700000,51700100,41448,41448,51800000,51800000
0,518,51800000,51800100,41448,41448,51900000,51900000
0,519,51900000,51900100,41448,41448,52000000,52000000
0,520,52000000,52000100,41448,41448,52100000,52100000
0,521,52100000,52100100,41448,41448,52200000,52200000
0,522,52200000,52200100,41448,41448,52300000,52300000
0,523,52300000,52300100,41448,41448,52400000,52400000
0,524,52400000,52400100,41448,41448,52500000,52500000
0,525,52500000,52500100,41448,41448,52600000,52600000
0,526,52600000,52600100,41448,41448,52700000,52700000
0,527,52700000,52700100,41448,41448,52800000,52800000
0,528,52800000,52800100,41448,41448,52900000,52900000
0,529,52900000,52900100,41448,41448,53000000,53000000
0,530,53000000,53000100,41448,41448,53100000,53100000
0,531,53100000,53100100,41448,41448,53200000,53200000
0,532,53200000,53200100,41448,41448,53300000,53300000
0,533,53300000,53300100,41448,41448,53400000,53400000
0,534,53400000,53400100,41448,41448,53500000,53500000
0,535,53500000,53500100,41448,41448,53600000,53600000
0,536,53600000,53600100,41448,41448,53700000,53700000
0,537,53700000,53700100,41448,41448,53800000,53800000
0,538,53800000,53800100,41448,41448,53900000,53900000
0,539,53900000,53900100,41448,41448,54000000,54000000
0,540,54000000,54000100,41448,41448,54100000,54100000
0,541,54100000,54100100,41448,41448,54200000,54200000
0,542,54200000,54200100,41448,41448,54300000,54300000
0,543,54300000,54300100,41448,41448,54400000,54400000
0,544,54400000,54400100,41448,41448,54500000,54500000
0,545,54500000,54500100,41448,41448,54600000,54600000
0,546,54600000,54600100,41448,41448,54700000,54700000
0,547,54700000,54700100,41448,41448,54800000,54800000
0,548,54800000,54800100,41448,41448,54900000,54900000
0,549,54900000,54900100,41448,41448,55000000,55000000
0,550,55000000,55000100,41448,41448,55100000,55100000
0,551,55100000,55100100,41448,41448,55200000,55200000
0,552,55200000,55200100,41448,41448,55300000,55300000
0,553,55300000,55300100,41448,41448,55400000,55400000
0,554,55400000,55400100,41448,41448,55500000,55500000
0,555,55500000,55500100,41448,41448,55600000,55600000
0,556,55600000,55600100,41448,41448,55700000,55700000
0,557,55700000,55700100,41448,41448,55800000,55800000
0,558,55800000,55800100,41448,41448,55900000,55900000
0,559,55900000,55900100,41448,41448,56000000,56000000
0,560,56000000,56000100,41448,41448,56100000,56100000
0,561,56100000,56100100,41448,41448,56200000,56200000
0,562,56200000,56200100,41448,41448,56300000,56300000
0,563,56300000,56300100,41448,41448,56400000,56400000
0,564,56400000,56400100,41448,41448,56500000,56500000
0,565,56500000,56500100,41448,41448,56600000,56600000
0,566,56600000,56600100,41448,41448,56700000,56700000
0,567,56700000,56700100,41448,41448,56800000,56800000
0,568,56800000,56800100,41448,41448,56900000,56900000
0,569,56900000,56900100,41448,41448,57000000,57000000
0,570,57000000,57000100,41448,41448,57100000,57100000
0,571,57100000,57100100,41448,41448,57200000,57200000
0,572,57200000,57200100,41448,41448,57300000,57300000
0,573,57300000,57300100,41448,41448,57400000,57400000
0,574,57400000,57400100,41448,41448,57500000,57500000
0,575,57500000,57500100,41448,41448,57600000,57600000
0,576,57600000,57600100,41448,41448,57700000,57700000
0,577,57700000,57700100,41448,41448,57800000,57800000
0,578,57800000,57800100,41448,41448,57900000,57900000
0,579,57900000,57900100,41448,41448,58000000,58000000
0,580,58000000,58000100,41448,41448,58100000,58100000
0,581,58100000,58100100,41448,41448,58200000,58200000
0,582,58200000,58200100,41448,41448,58300000,58300000
0,583,58300000,58300100,41448,41448,58400000,58400000
0,584,58400000,58400100,41448,41448,58500000,58500000
0,585,58500000,58500100,41448,41448,58600000,58600000
0,586,58600000,58600100,41448,41448,58700000,58700000
0,587,58700000,58700100,41448,41448,58800000,58800000
0,588,58800000,58800100,41448,41448,58900000,58900000
0,589,58900000,58900100,41448,41448,59000000,59000000
0,590,59000000,59000100,41448,41448,59100000,59100000
0,591,59100000,59100100,41448,41448,59200000,59200000
0,592,59200000,59200100,41448,41448,59300000,59300000
0,593,59300000,59300100,41448,41448,59400000,59400000
0,594,59400000,59400100,41448,41448,59500000,59500000
0,595,59500000,59500100,41448,41448,59600000,59600000
0,596,59600000,59600100,41448,41448,59700000,59700000
0,597,59700000,59700100,41448,41448,59800000,59800000
0,598,59800000,59800100,41448,41448,59900000,59900000
0,599,59900000,59900100,41448,41448,60000000,60000000
0,600,60000000,60000100,41448,41448,60100000,60100000
0,601,60100000,60100100,41448,41448,60200000,60200000
0,602,60200000,60200100,41448,41448,60300000,60300000
0,603,60300000,60300100,41448,41448,60400000,60400000
0,604,60400000,60400100,41448,41448,60500000,60500000
0,605,60500000,60500100,41448,41448,60600000,60600000
0,606,60600000,60600100,41448,41448,60700000,60700000
0,607,60700000,60700100,41448,41448,60800000,60800000
0,608,60800000,60800100,41448,41448,60900000,60900000
0,609,60900000,60900100,41448,41448,61000000,61000000
0,610,61000000,61000100,41448,41448,61100000,61100000
0,611,61100000,61100100,41448,41448,61200000,61200000
0,612,61200000,61200100,41448,41448,61300000,61300000
0,613,61300000,61300100,41448,41448,61400000,61400000
0,614,61400000,61400100,41448,41448,61500000,61500000
0,615,61500000,61500100,41448,41448,61600000,61600000
0,616,61600000,61600100,41448,41448,61700000,61700000
0,617,61700000,61700100,41448,41448,61800000,61800000
0,618,61800000,61800100,41448,41448,61900000,61900000
0,619,61900000,61900100,41448,41448,62000000,62000000
0,620,62000000,62000100,41448,41448,62100000,62100000
0,621,62100000,62100100,41448,41448,62200000,62200000
0,622,62200000,62200100,41448,41448,62300000,62300000
0,623,62300000,62300100,41448,41448,62400000,62400000
0,624,62400000,62400100,41448,41448,62500000,62500000
0,625,62500000,62500100,41448,41448,62600000,62600000
0,626,62600000,62600100,41448,41448,62700000,62700000
0,627,62700000,62700100,41448,41448,62800000,62800000
0,628,62800000,62800100,41448,41448,62900000,62900000
0,629,62900000,62900100,41448,41448,63000000,63000000
0,630,63000000,63000100,41448,41448,63100000,63100000
0,631,63100000,63100100,41448,41448,63200000,63200000
0,632,63200000,63200100,41448,41448,63300000,63300000
0,633,63300000,63300100,41448,41448,63400000,63400000
0,634,63400000,63400100,41448,41448,63500000,63500000
0,635,63500000,63500100,41448,41448,63600000,63600000
0,636,63600000,63600100,41448,41448,63700000,63700000
0,637,63700000,63700100,41448,41448,63800000,63800000
0,638,63800000,63800100,41448,41448,63900000,63900000
0,639,63900000,63900100,41448,41448,64000000,64000000
0,640,64000000,64000100,41448,41448,64100000,64100000
0,641,64100000,64100100,41448,41448,64200000,64200000
0,642,64200000,64200100,41448,41448,64300000,64300000
0,643,64300000,64300100,41448,41448,64400000,64400000
0,644,64400000,64400100,41448,41448,64500000,64500000
0,645,64500000,64500100,41448,41448,64600000,64600000
0,646,64600000,64600100,41448,41448,64700000,64700000
0,647,64700000,64700100,41448,41448,64800000,64800000
0,648,64800000,64800100,41448,41448,64900000,64900000
0,649,64900000,64900100,41448,41448,65000000,65000000
0,650,65000000,65000100,41448,41448,65100000,65100000
0,651,65100000,65100100,41448,41448,65200000,65200000
0,652,65200000,65200100,41448,41448,65300000,65300000
0,653,65300000,65300100,41448,41448,65400000,65400000
0,654,65400000,65400100,41448,41448,65500000,65500000
0,655,65500000,65500100,41448,41448,65600000,65600000
0,656,65600000,65600100,41448,41448,65700000,65700000
0,657,65700000,65700100,41448,41448,65800000,65800000
0,658,65800000,65800100,41448,41448,65900000,65900000
0,659,65900000,65900100,41448,41448,66000000,66000000
0,660,66000000,66000100,41448,41448,66100000,66100000
0,661,66100000,66100100,41448,41448,66200000,66200000
0,662,66200000,66200100,41448,41448,66300000,66300000
0,663,66300000,66300100,41448,41448,66400000,66400000
0,664,66400000,66400100,41448,41448,66500000,66500000
0,665,66500000,66500100,41448,41448,66600000,66600000
0,666,66600000,66600100,41448,41448,66700000,66700000
0,667,66700000,66700100,41448,41448,66800000,66800000
0,668,66800000,66800100,41448,41448,66900000,66900000
0,669,66900000,66900100,41448,41448,67000000,67000000
0,670,67000000,67000100,41448,41448,67100000,67100000
0,671,67100000,67100100,41448,41448,67200000,67200000
0,672,67200000,67200100,41448,41448,67300000,67300000
0,673,67300000,67300100,41448,41448,67400000,67400000
0,674,67400000,67400100,41448,41448,67500000,67500000
0,675,67500000,67500100,41448,41448,67600000,67600000
0,676,67600000,67600100,41448,41448,67700000,67700000
0,677,67700000,67700100,41448,41448,67800000,67800000
0,678,67800000,67800100,41448,41448,67900000,67900000
0,679,67900000,67900100,41448,41448,68000000,68000000
0,680,68000000,68000100,41448,41448,68100000,68100000
0,681,68100000,68100100,41448,41448,68200000,68200000
0,682,68200000,68200100,41448,41448,68300000,68300000
0,683,68300000,68300100,41448,41448,68400000,68400000
0,684,68400000,68400100,41448,41448,68500000,68500000
0,685,68500000,68500100,41448,41448,68600000,68600000
0,686,68600000,68600100,41448,41448,68700000,68700000
0,687,68700000,68700100,41448,41448,68800000,68800000
0,688,68800000,68800100,41448,41448,68900000,68900000
0,689,68900000,68900100,41448,41448,69000000,69000000
0,690,69000000,69000100,41448,41448,69100000,69100000
0,691,69100000,69100100,41448,41448,69200000,69200000
0,692,69200000,69200100,41448,41448,69300000,69300000
0,693,69300000,69300100,41448,41448,69400000,69400000
0,694,69400000,69400100,41448,41448,69500000,69500000
0,695,69500000,69500100,41448,41448,69600000,69600000
0,696,69600000,69600100,41448,41448,69700000,69700000
0,697,69700000,69700100,41448,41448,69800000,69800000
0,698,69800000,69800100,41448,41448,69900000,69900000
0,699,69900000,69900100,41448,41448,70000000,70000000
0,700,70000000,70000100,41448,41448,70100000,70100000
0,701,70100000,70100100,41448,41448,70200000,70200000
0,702,70200000,70200100,41448,41448,70300000,70300000
0,703,70300000,70300100,41448,41448,70400000,70400000
0,704,70400000,70400100,41448,41448,70500000,70500000
0,705,70500000,70500100,41448,41448,70600000,70600000
0,706,70600000,70600100,41448,41448,70700000,70700000
0,707,70700000,70700100,41448,41448,70800000,70800000
0,708,70800000,70800100,41448,41448,70900000,70900000
0,709,70900000,70900100,41448,41448,71000000,71000000
0,710,71000000,71000100,41448,41448,71100000,71100000
0,711,71100000,71100100,41448,41448,71200000,71200000
0,712,71200000,71200100,41448,41448,71300000,71300000
0,713,71300000,71300100,41448,41448,71400000,71400000
0,714,71400000,71400100,41448,41448,71500000,71500000
0,715,71500000,71500100,41448,41448,71600000,71600000
0,716,71600000,71600100,41448,41448,71700000,71700000
0,717,71700000,71700100,41448,41448,71800000,71800000
0,718,71800000,71800100,41448,41448,71900000,71900000
0,719,71900000,71900100,41448,41448,72000000,72000000
0,720,72000000,72000100,41448,41448,72100000,72100000
0,721,72100000,72100100,41448,41448,72200000,72200000
0,722,72200000,72200100,41448,41448,72300000,72300000
0,723,72300000,72300100,41448,41448,72400000,72400000
0,724,72400000,72400100,41448,41448,72500000,72500000
0,725,72500000,72500100,41448,41448,72600000,72600000
0,726,72600000,72600100,41448,41448,72700000,72700000
0,727,72700000,72700100,41448,41448,72800000,72800000
0,728,72800000,72800100,41448,41448,72900000,72900000
0,729,72900000,72900100,41448,41448,73000000,73000000
0,730,73000000,73000100,41448,41448,73100000,73100000
0,731,73100000,73100100,41448,41448,73200000,73200000
0,732,73200000,73200100,41448,41448,73300000,73300000
0,733,73300000,73300100,41448,41448,73400000,73400000
0,734,73400000,73400100,41448,41448,73500000,73500000
0,735,73500000,73500100,41448,41448,73600000,73600000
0,736,73600000,73600100,41448,41448,73700000,73700000
0,737,73700000,73700100,41448,41448,73800000,73800000
0,738,73800000,73800100,41448,41448,73900000,73900000
0,739,73900000,73900100,41448,41448,74000000,74000000
0,740,74000000,74000100,41448,41448,74100000,74100000
0,741,74100000,74100100,41448,41448,74200000,74200000
0,742,74200000,74200100,41448,41448,74300000,74300000
0,743,74300000,74300100,41448,41448,74400000,74400000
0,744,74400000,74400100,41448,41448,74500000,74500000
0,745,74500000,74500100,41448,41448,74600000,74600000
0,746,74600000,74600100,41448,41448,74700000,74700000
0,747,74700000,74700100,41448,41448,74800000,74800000
0,748,74800000,74800100,41448,41448,74900000,74900000
0,749,74900000,74900100,41448,41448,75000000,75000000
0,750,75000000,75000100,41448,41448,75100000,75100000
0,751,75100000,75100100,41448,41448,75200000,75200000
0,752,75200000,75200100,41448,41448,75300000,75300000
0,753,75300000,75300100,41448,41448,75400000,75400000
0,754,75400000,75400100,41448,41448,75500000,75500000
0,755,75500000,75500100,41448,41448,75600000,75600000
0,756,75600000,75600100,41448,41448,75700000,75700000
0,757,75700000,75700100,41448,41448,75800000,75800000
0,758,75800000,75800100,41448,41448,75900000,75900000
0,759,75900000,75900100,41448,41448,76000000,76000000
0,760,76000000,76000100,41448,41448,76100000,76100000
0,761,76100000,76100100,41448,41448,76200000,76200000
0,762,76200000,76200100,41448,41448,76300000,76300000
0,763,76300000,76300100,41448,41448,76400000,76400000
0,764,76400000,76400100,41448,41448,76500000,76500000
0,765,76500000,76500100,41448,41448,76600000,76600000
0,766,76600000,76600100,41448,41448,76700000,76700000
0,767,76700000,76700100,41448,41448,76800000,76800000
0,768,76800000,76800100,41448,41448,76900000,76900000
0,769,76900000,76900100,41448,41448,77000000,77000000
0,770,77000000,77000100,41448,41448,77100000,77100000
0,771,77100000,77100100,41448,41448,77200000,77200000
0,772,77200000,77200100,41448,41448,77300000,77300000
0,773,77300000,77300100,41448,41448,77400000,77400000
0,774,77400000,77400100,41448,41448,77500000,77500000
0,775,77500000,77500100,41448,41448,77600000,77600000
0,776,77600000,77600100,41448,41448,77700000,77700000
0,777,77700000,77700100,41448,41448,77800000,77800000
0,778,77800000,77800100,41448,41448,77900000,77900000
0,779,77900000,77900100,41448,41448,78000000,78000000
0,780,78000000,78000100,41448,41448,78100000,78100000
0,781,78100000,78100100,41448,41448,78200000,78200000
0,782,78200000,78200100,41448,41448,78300000,78300000
0,783,78300000,78300100,41448,41448,78400000,78400000
0,784,78400000,78400100,41448,41448,78500000,78500000
0,785,78500000,78500100,41448,41448,78600000,78600000
0,786,78600000,78600100,41448,41448,78700000,78700000
0,787,78700000,78700100,41448,41448,78800000,78800000
0,788,78800000,78800100,41448,41448,78900000,78900000
0,789,78900000,78900100,41448,41448,79000000,79000000
0,790,79000000,79000100,41448,41448,79100000,79100000
0,791,79100000,79100100,41448,41448,79200000,79200000
0,792,79200000,79200100,41448,41448,79300000,79300000
0,793,79300000,79300100,41448,41448,79400000,79400000
0,794,79400000,79400100,41448,41448,79500000,79500000
0,795,79500000,79500100,41448,41448,79600000,79600000
0,796,79600000,79600100,41448,41448,79700000,79700000
0,797,79700000,79700100,41448,41448,79800000,79800000
0,798,79800000,79800100,41448,41448,79900000,79900000
0,799,79900000,79900100,41448,41448,80000000,80000000
0,800,80000000,80000100,41448,41448,80100000,80100000
0,801,80100000,80100100,41448,41448,80200000,80200000
0,802,80200000,80200100,41448,41448,80300000,80300000
0,803,80300000,80300100,41448,41448,80400000,80400000
0,804,80400000,80400100,41448,41448,80500000,80500000
0,805,80500000,80500100,41448,41448,80600000,80600000
0,806,80600000,80600100,41448,41448,80700000,80700000
0,807,80700000,80700100,41448,41448,80800000,80800000
0,808,80800000,80800100,41448,41448,80900000,80900000
0,809,80900000,80900100,41448,41448,81000000,81000000
0,810,81000000,81000100,41448,41448,81100000,81100000
0,811,81100000,81100100,41448,41448,81200000,81200000
0,812,81200000,81200100,41448,41448,81300000,81300000
0,813,81300000,81300100,41448,41448,81400000,81400000
0,814,81400000,81400100,41448,41448,81500000,81500000
0,815,81500000,81500100,41448,41448,81600000,81600000
0,816,81600000,81600100,41448,41448,81700000,81700000
0,817,81700000,81700100,41448,41448,81800000,81800000
0,818,81800000,81800100,41448,41448,81900000,81900000
0,819,81900000,81900100,41448,41448,82000000,82000000
0,820,82000000,82000100,41448,41448,82100000,82100000
0,821,82100000,82100100,41448,41448,82200000,82200000
0,822,82200000,82200100,41448,41448,82300000,82300000
0,823,82300000,82300100,41448,41448,82400000,82400000
0,824,82400000,82400100,41448,41448,82500000,82500000
0,825,82500000,82500100,41448,41448,82600000,82600000
0,826,82600000,82600100,41448,41448,82700000,82700000
0,827,82700000,82700100,41448,41448,82800000,82800000
0,828,82800000,82800100,41448,41448,82900000,82900000
0,829,82900000,82900100,41448,41448,83000000,83000000
0,830,83000000,83000100,41448,41448,83100000,83100000
0,831,83100000,83100100,41448,41448,83200000,83200000
0,832,83200000,83200100,41448,41448,83300000,83300000
0,833,83300000,83300100,41448,41448,83400000,83400000
0,834,83400000,83400100,41448,41448,83500000,83500000
0,835,83500000,83500100,41448,41448,83600000,83600000
0,836,83600000,83600100,41448,41448,83700000,83700000
0,837,83700000,83700100,41448,41448,83800000,83800000
0,838,83800000,83800100,41448,41448,83900000,83900000
0,839,83900000,83900100,41448,41448,84000000,84000000
1,0,0,100,15835,15835,150000,150000
1,1,150000,150100,15835,15835,300000,300000
1,2,300000,300100,15835,15835,450000,450000
1,3,450000,450100,15835,15835,600000,600000
1,4,600000,600100,15835,15835,750000,750000
1,5,750000,750100,15835,15835,900000,900000
1,6,900000,900100,15835,15835,1050000,1050000
1,7,1050000,1050100,15835,15835,1200000,1200000
1,8,1200000,1200100,15835,15835,1350000,1350000
1,9,1350000,1350100,15835,15835,1500000,1500000
1,10,1500000,1500100,15835,15835,1650000,1650000
1,11,1650000,1650100,15835,15835,1800000,1800000
1,12,1800000,1800100,15835,15835,1950000,1950000
1,13,1950000,1950100,15835,15835,2100000,2100000
1,14,2100000,2100100,15835,15835,2250000,2250000
1,15,2250000,2250100,15835,15835,2400000,2400000
1,16,2400000,2400100,15835,15835,2550000,2550000
1,17,2550000,2550100,15835,15835,2700000,2700000
1,18,2700000,2700100,15835,15835,2850000,2850000
1,19,2850000,2850100,15835,15835,3000000,3000000
1,20,3000000,3000100,15835,15835,3150000,3150000
1,21,3150000,3150100,15835,15835,3300000,3300000
1,22,3300000,3300100,15835,15835,3450000,3450000
1,23,3450000,3450100,15835,15835,3600000,3600000
1,24,3600000,3600100,15835,15835,3750000,3750000
1,25,3750000,3750100,15835,15835,3900000,3900000
1,26,3900000,3900100,15835,15835,4050000,4050000
1,27,4050000,4050100,15835,15835,4200000,4200000
1,28,4200000,4200100,15835,15835,4350000,4350000
1,29,4350000,4350100,15835,15835,4500000,4500000
1,30,4500000,4500100,15835,15835,4650000,4650000
1,31,4650000,4650100,15835,15835,4800000,4800000
1,32,4800000,4800100,15835,15835,4950000,4950000
1,33,4950000,4950100,15835,15835,5100000,5100000
1,34,5100000,5100100,15835,15835,5250000,5250000
1,35,5250000,5250100,15835,15835,5400000,5400000
1,36,5400000,5400100,15835,15835,5550000,5550000
1,37,5550000,5550100,15835,15835,5700000,5700000
1,38,5700000,5700100,15835,15835,5850000,5850000
1,39,5850000,5850100,15835,15835,6000000,6000000
1,40,6000000,6000100,15835,15835,6150000,6150000
1,41,6150000,6150100,15835,15835,6300000,6300000
1,42,6300000,6300100,15835,15835,6450000,6450000
1,43,6450000,6450100,15835,15835,6600000,6600000
1,44,6600000,6600100,15835,15835,6750000,6750000
1,45,6750000,6750100,15835,15835,6900000,6900000
1,46,6900000,6900100,15835,15835,7050000,7050000
1,47,7050000,7050100,15835,15835,7200000,7200000
1,48,7200000,7200100,15835,15835,7350000,7350000
1,49,7350000,7350100,15835,15835,7500000,7500000
1,50,7500000,7500100,15835,15835,7650000,7650000
1,51,7650000,7650100,15835,15835,7800000,7800000
1,52,7800000,7800100,15835,15835,7950000,7950000
1,53,7950000,7950100,15835,15835,8100000,8100000
1,54,8100000,8100100,15835,15835,8250000,8250000
1,55,8250000,8250100,15835,15835,8400000,8400000
1,56,8400000,8400100,15835,15835,8550000,8550000
1,57,8550000,8550100,15835,15835,8700000,8700000
1,58,8700000,8700100,15835,15835,8850000,8850000
1,59,8850000,8850100,15835,15835,9000000,9000000
1,60,9000000,9000100,15835,15835,9150000,9150000
1,61,9150000,9150100,15835,15835,9300000,9300000
1,62,9300000,9300100,15835,15835,9450000,9450000
1,63,9450000,9450100,15835,15835,9600000,9600000
1,64,9600000,9600100,15835,15835,9750000,9750000
1,65,9750000,9750100,15835,15835,9900000,9900000
1,66,9900000,9900100,15835,15835,10050000,10050000
1,67,10050000,10050100,15835,15835,10200000,10200000
1,68,10200000,10200100,15835,15835,10350000,10350000
1,69,10350000,10350100,15835,15835,10500000,10500000
1,70,10500000,10500100,15835,15835,10650000,10650000
1,71,10650000,10650100,15835,15835,10800000,10800000
1,72,10800000,10800100,15835,15835,10950000,10950000
1,73,10950000,10950100,15835,15835,11100000,11100000
1,74,11100000,11100100,15835,15835,11250000,11250000
1,75,11250000,11250100,15835,15835,11400000,11400000
1,76,11400000,11400100,15835,15835,11550000,11550000
1,77,11550000,11550100,15835,15835,11700000,11700000
1,78,11700000,11700100,15835,15835,11850000,11850000
1,79,11850000,11850100,15835,15835,12000000,12000000
1,80,12000000,12000100,15835,15835,12150000,12150000
1,81,12150000,12150100,15835,15835,12300000,12300000
1,82,12300000,12300100,15835,15835,12450000,12450000
1,83,12450000,12450100,15835,15835,12600000,12600000
1,84,12600000,12600100,15835,15835,12750000,12750000
1,85,12750000,12750100,15835,15835,12900000,12900000
1,86,12900000,12900100,15835,15835,13050000,13050000
1,87,13050000,13050100,15835,15835,13200000,13200000
1,88,13200000,13200100,15835,15835,13350000,13350000
1,89,13350000,13350100,15835,15835,13500000,13500000
1,90,13500000,13500100,15835,15835,13650000,13650000
1,91,13650000,13650100,15835,15835,13800000,13800000
1,92,13800000,13800100,15835,15835,13950000,13950000
1,93,13950000,13950100,15835,15835,14100000,14100000
1,94,14100000,14100100,15835,15835,14250000,14250000
1,95,14250000,14250100,15835,15835,14400000,14400000
1,96,14400000,14400100,15835,15835,14550000,14550000
1,97,14550000,14550100,15835,15835,14700000,14700000
1,98,14700000,14700100,15835,15835,14850000,14850000
1,99,14850000,14850100,15835,15835,15000000,15000000
1,100,15000000,15000100,15835,15835,15150000,15150000
1,101,15150000,15150100,15835,15835,15300000,15300000
1,102,15300000,15300100,15835,15835,15450000,15450000
1,103,15450000,15450100,15835,15835,15600000,15600000
1,104,15600000,15600100,15835,15835,15750000,15750000
1,105,15750000,15750100,15835,15835,15900000,15900000
1,106,15900000,15900100,15835,15835,16050000,16050000
1,107,16050000,16050100,15835,15835,16200000,16200000
1,108,16200000,16200100,15835,15835,16350000,16350000
1,109,16350000,16350100,15835,15835,16500000,16500000
1,110,16500000,16500100,15835,15835,16650000,16650000
1,111,16650000,16650100,15835,15835,16800000,16800000
1,112,16800000,16800100,15835,15835,16950000,16950000
1,113,16950000,16950100,15835,15835,17100000,17100000
1,114,17100000,17100100,15835,15835,17250000,17250000
1,115,17250000,17250100,15835,15835,17400000,17400000
1,116,17400000,17400100,15835,15835,17550000,17550000
1,117,17550000,17550100,15835,15835,17700000,17700000
1,118,17700000,17700100,15835,15835,17850000,17850000
1,119,17850000,17850100,15835,15835,18000000,18000000
1,120,18000000,18000100,15835,15835,18150000,18150000
1,121,18150000,18150100,15835,15835,18300000,18300000
1,122,18300000,18300100,15835,15835,18450000,18450000
1,123,18450000,18450100,15835,15835,18600000,18600000
1,124,18600000,18600100,15835,15835,18750000,18750000
1,125,18750000,18750100,15835,15835,18900000,18900000
1,126,18900000,18900100,15835,15835,19050000,19050000
1,127,19050000,19050100,15835,15835,19200000,19200000
1,128,19200000,19200100,15835,15835,19350000,19350000
1,129,19350000,19350100,15835,15835,19500000,19500000
1,130,19500000,19500100,15835,15835,19650000,19650000
1,131,19650000,19650100,15835,15835,19800000,19800000
1,132,19800000,19800100,15835,15835,19950000,19950000
1,133,19950000,19950100,15835,15835,20100000,20100000
1,134,20100000,20100100,15835,15835,20250000,20250000
1,135,20250000,20250100,15835,15835,20400000,20400000
1,136,20400000,20400100,15835,15835,20550000,20550000
1,137,20550000,20550100,15835,15835,20700000,20700000
1,138,20700000,20700100,15835,15835,20850000,20850000
1,139,20850000,20850100,15835,15835,21000000,21000000
1,140,21000000,21000100,15835,15835,21150000,21150000
1,141,21150000,21150100,15835,15835,21300000,21300000
1,142,21300000,21300100,15835,15835,21450000,21450000
1,143,21450000,21450100,15835,15835,21600000,21600000
1,144,21600000,21600100,15835,15835,21750000,21750000
1,145,21750000,21750100,15835,15835,21900000,21900000
1,146,21900000,21900100,15835,15835,22050000,22050000
1,147,22050000,22050100,15835,15835,22200000,22200000
1,148,22200000,22200100,15835,15835,22350000,22350000
1,149,22350000,22350100,15835,15835,22500000,22500000
1,150,22500000,22500100,15835,15835,22650000,22650000
1,151,22650000,22650100,15835,15835,22800000,22800000
1,152,22800000,22800100,15835,15835,22950000,22950000
1,153,22950000,22950100,15835,15835,23100000,23100000
1,154,23100000,23100100,15835,15835,23250000,23250000
1,155,23250000,23250100,15835,15835,23400000,23400000
1,156,23400000,23400100,15835,15835,23550000,23550000
1,157,23550000,23550100,15835,15835,23700000,23700000
1,158,23700000,23700100,15835,15835,23850000,23850000
1,159,23850000,23850100,15835,15835,24000000,24000000
1,160,24000000,24000100,15835,15835,24150000,24150000
1,161,24150000,24150100,15835,15835,24300000,24300000
1,162,24300000,24300100,15835,15835,24450000,24450000
1,163,24450000,24450100,15835,15835,24600000,24600000
1,164,24600000,24600100,15835,15835,24750000,24750000
1,165,24750000,24750100,15835,15835,24900000,24900000
1,166,24900000,24900100,15835,15835,25050000,25050000
1,167,25050000,25050100,15835,15835,25200000,25200000
1,168,25200000,25200100,15835,15835,25350000,25350000
1,169,25350000,25350100,15835,15835,25500000,25500000
1,170,25500000,25500100,15835,15835,25650000,25650000
1,171,25650000,25650100,15835,15835,25800000,25800000
1,172,25800000,25800100,15835,15835,25950000,25950000
1,173,25950000,25950100,15835,15835,26100000,26100000
1,174,26100000,26100100,15835,15835,26250000,26250000
1,175,26250000,26250100,15835,15835,26400000,26400000
1,176,26400000,26400100,15835,15835,26550000,26550000
1,177,26550000,26550100,15835,15835,26700000,26700000
1,178,26700000,26700100,15835,15835,26850000,26850000
1,179,26850000,26850100,15835,15835,27000000,27000000
1,180,27000000,27000100,15835,15835,27150000,27150000
1,181,27150000,27150100,15835,15835,27300000,27300000
1,182,27300000,27300100,15835,15835,27450000,27450000
1,183,27450000,27450100,15835,15835,27600000,27600000
1,184,27600000,27600100,15835,15835,27750000,27750000
1,185,27750000,27750100,15835,15835,27900000,27900000
1,186,27900000,27900100,15835,15835,28050000,28050000
1,187,28050000,28050100,15835,15835,28200000,28200000
1,188,28200000,28200100,15835,15835,28350000,28350000
1,189,28350000,28350100,15835,15835,28500000,28500000
1,190,28500000,28500100,15835,15835,28650000,28650000
1,191,28650000,28650100,15835,15835,28800000,28800000
1,192,28800000,28800100,15835,15835,28950000,28950000
1,193,28950000,28950100,15835,15835,29100000,29100000
1,194,29100000,29100100,15835,15835,29250000,29250000
1,195,29250000,29250100,15835,15835,29400000,29400000
1,196,29400000,29400100,15835,15835,29550000,29550000
1,197,29550000,29550100,15835,15835,29700000,29700000
1,198,29700000,29700100,15835,15835,29850000,29850000
1,199,29850000,29850100,15835,15835,30000000,30000000
1,200,30000000,30000100,15835,15835,30150000,30150000
1,201,30150000,30150100,15835,15835,30300000,30300000
1,202,30300000,30300100,15835,15835,30450000,30450000
1,203,30450000,30450100,15835,15835,30600000,30600000
1,204,30600000,30600100,15835,15835,30750000,30750000
1,205,30750000,30750100,15835,15835,30900000,30900000
1,206,30900000,30900100,15835,15835,31050000,31050000
1,207,31050000,31050100,15835,15835,31200000,31200000
1,208,31200000,31200100,15835,15835,31350000,31350000
1,209,31350000,31350100,15835,15835,31500000,31500000
1,210,31500000,31500100,15835,15835,31650000,31650000
1,211,31650000,31650100,15835,15835,31800000,31800000
1,212,31800000,31800100,15835,15835,31950000,31950000
1,213,31950000,31950100,15835,15835,32100000,32100000
1,214,32100000,32100100,15835,15835,32250000,32250000
1,215,32250000,32250100,15835,15835,32400000,32400000
1,216,32400000,32400100,15835,15835,32550000,32550000
1,217,32550000,32550100,15835,15835,32700000,32700000
1,218,32700000,32700100,15835,15835,32850000,32850000
1,219,32850000,32850100,15835,15835,33000000,33000000
1,220,33000000,33000100,15835,15835,33150000,33150000
1,221,33150000,33150100,15835,15835,33300000,33300000
1,222,33300000,33300100,15835,15835,33450000,33450000
1,223,33450000,33450100,15835,15835,33600000,33600000
1,224,33600000,33600100,15835,15835,33750000,33750000
1,225,33750000,33750100,15835,15835,33900000,33900000
1,226,33900000,33900100,15835,15835,34050000,34050000
1,227,34050000,34050100,15835,15835,34200000,34200000
1,228,34200000,34200100,15835,15835,34350000,34350000
1,229,34350000,34350100,15835,15835,34500000,34500000
1,230,34500000,34500100,15835,15835,34650000,34650000
1,231,34650000,34650100,15835,15835,34800000,34800000
1,232,34800000,34800100,15835,15835,34950000,34950000
1,233,34950000,34950100,15835,15835,35100000,35100000
1,234,35100000,35100100,15835,15835,35250000,35250000
1,235,35250000,35250100,15835,15835,35400000,35400000
1,236,35400000,35400100,15835,15835,35550000,35550000
1,237,35550000,35550100,15835,15835,35700000,35700000
1,238,35700000,35700100,15835,15835,35850000,35850000
1,239,35850000,35850100,15835,15835,36000000,36000000
1,240,36000000,36000100,15835,15835,36150000,36150000
1,241,36150000,36150100,15835,15835,36300000,36300000
1,242,36300000,36300100,15835,15835,36450000,36450000
1,243,36450000,36450100,15835,15835,36600000,36600000
1,244,36600000,36600100,15835,15835,36750000,36750000
1,245,36750000,36750100,15835,15835,36900000,36900000
1,246,36900000,36900100,15835,15835,37050000,37050000
1,247,37050000,37050100,15835,15835,37200000,37200000
1,248,37200000,37200100,15835,15835,37350000,37350000
1,249,37350000,37350100,15835,15835,37500000,37500000
1,250,37500000,37500100,15835,15835,37650000,37650000
1,251,37650000,37650100,15835,15835,37800000,37800000
1,252,37800000,37800100,15835,15835,37950000,37950000
1,253,37950000,37950100,15835,15835,38100000,38100000
1,254,38100000,38100100,15835,15835,38250000,38250000
1,255,38250000,38250100,15835,15835,38400000,38400000
1,256,38400000,38400100,15835,15835,38550000,38550000
1,257,38550000,38550100,15835,15835,38700000,38700000
1,258,38700000,38700100,15835,15835,38850000,38850000
1,259,38850000,38850100,15835,15835,39000000,39000000
1,260,39000000,39000100,15835,15835,39150000,39150000
1,261,39150000,39150100,15835,15835,39300000,39300000
1,262,39300000,39300100,15835,15835,39450000,39450000
1,263,39450000,39450100,15835,15835,39600000,39600000
1,264,39600000,39600100,15835,15835,39750000,39750000
1,265,39750000,39750100,15835,15835,39900000,39900000
1,266,39900000,39900100,15835,15835,40050000,40050000
1,267,40050000,40050100,15835,15835,40200000,40200000
1,268,40200000,40200100,15835,15835,40350000,40350000
1,269,40350000,40350100,15835,15835,40500000,40500000
1,270,40500000,40500100,15835,15835,40650000,40650000
1,271,40650000,40650100,15835,15835,40800000,40800000
1,272,40800000,40800100,15835,15835,40950000,40950000
1,273,40950000,40950100,15835,15835,41100000,41100000
1,274,41100000,41100100,15835,15835,41250000,41250000
1,275,41250000,41250100,15835,15835,41400000,41400000
1,276,41400000,41400100,15835,15835,41550000,41550000
1,277,41550000,41550100,15835,15835,41700000,41700000
1,278,41700000,41700100,15835,15835,41850000,41850000
1,279,41850000,41850100,15835,15835,42000000,42000000
1,280,42000000,42000100,15835,15835,42150000,42150000
1,281,42150000,42150100,15835,15835,42300000,42300000
1,282,42300000,42300100,15835,15835,42450000,42450000
1,283,42450000,42450100,15835,15835,42600000,42600000
1,284,42600000,42600100,15835,15835,42750000,42750000
1,285,42750000,42750100,15835,15835,42900000,42900000
1,286,42900000,42900100,15835,15835,43050000,43050000
1,287,43050000,43050100,15835,15835,43200000,43200000
1,288,43200000,43200100,15835,15835,43350000,43350000
1,289,43350000,43350100,15835,15835,43500000,43500000
1,290,43500000,43500100,15835,15835,43650000,43650000
1,291,43650000,43650100,15835,15835,43800000,43800000
1,292,43800000,43800100,15835,15835,43950000,43950000
1,293,43950000,43950100,15835,15835,44100000,44100000
1,294,44100000,44100100,15835,15835,44250000,44250000
1,295,44250000,44250100,15835,15835,44400000,44400000
1,296,44400000,44400100,15835,15835,44550000,44550000
1,297,44550000,44550100,15835,15835,44700000,44700000
1,298,44700000,44700100,15835,15835,44850000,44850000
1,299,44850000,44850100,15835,15835,45000000,45000000
1,300,45000000,45000100,15835,15835,45150000,45150000
1,301,45150000,45150100,15835,15835,45300000,45300000
1,302,45300000,45300100,15835,15835,45450000,45450000
1,303,45450000,45450100,15835,15835,45600000,45600000
1,304,45600000,45600100,15835,15835,45750000,45750000
1,305,45750000,45750100,15835,15835,45900000,45900000
1,306,45900000,45900100,15835,15835,46050000,46050000
1,307,46050000,46050100,15835,15835,46200000,46200000
1,308,46200000,46200100,15835,15835,46350000,46350000
1,309,46350000,46350100,15835,15835,46500000,46500000
1,310,46500000,46500100,15835,15835,46650000,46650000
1,311,46650000,46650100,15835,15835,46800000,46800000
1,312,46800000,46800100,15835,15835,46950000,46950000
1,313,46950000,46950100,15835,15835,47100000,47100000
1,314,47100000,47100100,15835,15835,47250000,47250000
1,315,47250000,47250100,15835,15835,47400000,47400000
1,316,47400000,47400100,15835,15835,47550000,47550000
1,317,47550000,47550100,15835,15835,47700000,47700000
1,318,47700000,47700100,15835,15835,47850000,47850000
1,319,47850000,47850100,15835,15835,48000000,48000000
1,320,48000000,48000100,15835,15835,48150000,48150000
1,321,48150000,48150100,15835,15835,48300000,48300000
1,322,48300000,48300100,15835,15835,48450000,48450000
1,323,48450000,48450100,15835,15835,48600000,48600000
1,324,48600000,48600100,15835,15835,48750000,48750000
1,325,48750000,48750100,15835,15835,48900000,48900000
1,326,48900000,48900100,15835,15835,49050000,49050000
1,327,49050000,49050100,15835,15835,49200000,49200000
1,328,49200000,49200100,15835,15835,49350000,49350000
1,329,49350000,49350100,15835,15835,49500000,49500000
1,330,49500000,49500100,15835,15835,49650000,49650000
1,331,49650000,49650100,15835,15835,49800000,49800000
1,332,49800000,49800100,15835,15835,49950000,49950000
1,333,49950000,49950100,15835,15835,50100000,50100000
1,334,50100000,50100100,15835,15835,50250000,50250000
1,335,50250000,50250100,15835,15835,50400000,50400000
1,336,50400000,50400100,15835,15835,50550000,50550000
1,337,50550000,50550100,15835,15835,50700000,50700000
1,338,50700000,50700100,15835,15835,50850000,50850000
1,339,50850000,50850100,15835,15835,51000000,51000000
1,340,51000000,51000100,15835,15835,51150000,51150000
1,341,51150000,51150100,15835,15835,51300000,51300000
1,342,51300000,51300100,15835,15835,51450000,51450000
1,343,51450000,51450100,15835,15835,51600000,51600000
1,344,51600000,51600100,15835,15835,51750000,51750000
1,345,51750000,51750100,15835,15835,51900000,51900000
1,346,51900000,51900100,15835,15835,52050000,52050000
1,347,52050000,52050100,15835,15835,52200000,52200000
1,348,52200000,52200100,15835,15835,52350000,52350000
1,349,52350000,52350100,15835,15835,52500000,52500000
1,350,52500000,52500100,15835,15835,52650000,52650000
1,351,52650000,52650100,15835,15835,52800000,52800000
1,352,52800000,52800100,15835,15835,52950000,52950000
1,353,52950000,52950100,15835,15835,53100000,53100000
1,354,53100000,53100100,15835,15835,53250000,53250000
1,355,53250000,53250100,15835,15835,53400000,53400000
1,356,53400000,53400100,15835,15835,53550000,53550000
1,357,53550000,53550100,15835,15835,53700000,53700000
1,358,53700000,53700100,15835,15835,53850000,53850000
1,359,53850000,53850100,15835,15835,54000000,54000000
1,360,54000000,54000100,15835,15835,54150000,54150000
1,361,54150000,54150100,15835,15835,54300000,54300000
1,362,54300000,54300100,15835,15835,54450000,54450000
1,363,54450000,54450100,15835,15835,54600000,54600000
1,364,54600000,54600100,15835,15835,54750000,54750000
1,365,54750000,54750100,15835,15835,54900000,54900000
1,366,54900000,54900100,15835,15835,55050000,55050000
1,367,55050000,55050100,15835,15835,55200000,55200000
1,368,55200000,55200100,15835,15835,55350000,55350000
1,369,55350000,55350100,15835,15835,55500000,55500000
1,370,55500000,55500100,15835,15835,55650000,55650000
1,371,55650000,55650100,15835,15835,55800000,55800000
1,372,55800000,55800100,15835,15835,55950000,55950000
1,373,55950000,55950100,15835,15835,56100000,56100000
1,374,56100000,56100100,15835,15835,56250000,56250000
1,375,56250000,56250100,15835,15835,56400000,56400000
1,376,56400000,56400100,15835,15835,56550000,56550000
1,377,56550000,56550100,15835,15835,56700000,56700000
1,378,56700000,56700100,15835,15835,56850000,56850000
1,379,56850000,56850100,15835,15835,57000000,57000000
1,380,57000000,57000100,15835,15835,57150000,57150000
1,381,57150000,57150100,15835,15835,57300000,57300000
1,382,57300000,57300100,15835,15835,57450000,57450000
1,383,57450000,57450100,15835,15835,57600000,57600000
1,384,57600000,57600100,15835,15835,57750000,57750000
1,385,57750000,57750100,15835,15835,57900000,57900000
1,386,57900000,57900100,15835,15835,58050000,58050000
1,387,58050000,58050100,15835,15835,58200000,58200000
1,388,58200000,58200100,15835,15835,58350000,58350000
1,389,58350000,58350100,15835,15835,58500000,58500000
1,390,58500000,58500100,15835,15835,58650000,58650000
1,391,58650000,58650100,15835,15835,58800000,58800000
1,392,58800000,58800100,15835,15835,58950000,58950000
1,393,58950000,58950100,15835,15835,59100000,59100000
1,394,59100000,59100100,15835,15835,59250000,59250000
1,395,59250000,59250100,15835,15835,59400000,59400000
1,396,59400000,59400100,15835,15835,59550000,59550000
1,397,59550000,59550100,15835,15835,59700000,59700000
1,398,59700000,59700100,15835,15835,59850000,59850000
1,399,59850000,59850100,15835,15835,60000000,60000000
1,400,60000000,60000100,15835,15835,60150000,60150000
1,401,60150000,60150100,15835,15835,60300000,60300000
1,402,60300000,60300100,15835,15835,60450000,60450000
1,403,60450000,60450100,15835,15835,60600000,60600000
1,404,60600000,60600100,15835,15835,60750000,60750000
1,405,60750000,60750100,15835,15835,60900000,60900000
1,406,60900000,60900100,15835,15835,61050000,61050000
1,407,61050000,61050100,15835,15835,61200000,61200000
1,408,61200000,61200100,15835,15835,61350000,61350000
1,409,61350000,61350100,15835,15835,61500000,61500000
1,410,61500000,61500100,15835,15835,61650000,61650000
1,411,61650000,61650100,15835,15835,61800000,61800000
1,412,61800000,61800100,15835,15835,61950000,61950000
1,413,61950000,61950100,15835,15835,62100000,62100000
1,414,62100000,62100100,15835,15835,62250000,62250000
1,415,62250000,62250100,15835,15835,62400000,62400000
1,416,62400000,62400100,15835,15835,62550000,62550000
1,417,62550000,62550100,15835,15835,62700000,62700000
1,418,62700000,62700100,15835,15835,62850000,62850000
1,419,62850000,62850100,15835,15835,63000000,63000000
1,420,63000000,63000100,15835,15835,63150000,63150000
1,421,63150000,63150100,15835,15835,63300000,63300000
1,422,63300000,63300100,15835,15835,63450000,63450000
1,423,63450000,63450100,15835,15835,63600000,63600000
1,424,63600000,63600100,15835,15835,63750000,63750000
1,425,63750000,63750100,15835,15835,63900000,63900000
1,426,63900000,63900100,15835,15835,64050000,64050000
1,427,64050000,64050100,15835,15835,64200000,64200000
1,428,64200000,64200100,15835,15835,64350000,64350000
1,429,64350000,64350100,15835,15835,64500000,64500000
1,430,64500000,64500100,15835,15835,64650000,64650000
1,431,64650000,64650100,15835,15835,64800000,64800000
1,432,64800000,64800100,15835,15835,64950000,64950000
1,433,64950000,64950100,15835,15835,65100000,65100000
1,434,65100000,65100100,15835,15835,65250000,65250000
1,435,65250000,65250100,15835,15835,65400000,65400000
1,436,65400000,65400100,15835,15835,65550000,65550000
1,437,65550000,65550100,15835,15835,65700000,65700000
1,438,65700000,65700100,15835,15835,65850000,65850000
1,439,65850000,65850100,15835,15835,66000000,66000000
1,440,66000000,66000100,15835,15835,66150000,66150000
1,441,66150000,66150100,15835,15835,66300000,66300000
1,442,66300000,66300100,15835,15835,66450000,66450000
1,443,66450000,66450100,15835,15835,66600000,66600000
1,444,66600000,66600100,15835,15835,66750000,66750000
1,445,66750000,66750100,15835,15835,66900000,66900000
1,446,66900000,66900100,15835,15835,67050000,67050000
1,447,67050000,67050100,15835,15835,67200000,67200000
1,448,67200000,67200100,15835,15835,67350000,67350000
1,449,67350000,67350100,15835,15835,67500000,67500000
1,450,67500000,67500100,15835,15835,67650000,67650000
1,451,67650000,67650100,15835,15835,67800000,67800000
1,452,67800000,67800100,15835,15835,67950000,67950000
1,453,67950000,67950100,15835,15835,68100000,68100000
1,454,68100000,68100100,15835,15835,68250000,68250000
1,455,68250000,68250100,15835,15835,68400000,68400000
1,456,68400000,68400100,15835,15835,68550000,68550000
1,457,68550000,68550100,15835,15835,68700000,68700000
1,458,68700000,68700100,15835,15835,68850000,68850000
1,459,68850000,68850100,15835,15835,69000000,69000000
1,460,69000000,69000100,15835,15835,69150000,69150000
1,461,69150000,69150100,15835,15835,69300000,69300000
1,462,69300000,69300100,15835,15835,69450000,69450000
1,463,69450000,69450100,15835,15835,69600000,69600000
1,464,69600000,69600100,15835,15835,69750000,69750000
1,465,69750000,69750100,15835,15835,69900000,69900000
1,466,69900000,69900100,15835,15835,70050000,70050000
1,467,70050000,70050100,15835,15835,70200000,70200000
1,468,70200000,70200100,15835,15835,70350000,70350000
1,469,70350000,70350100,15835,15835,70500000,70500000
1,470,70500000,70500100,15835,15835,70650000,70650000
1,471,70650000,70650100,15835,15835,70800000,70800000
1,472,70800000,70800100,15835,15835,70950000,70950000
1,473,70950000,70950100,15835,15835,71100000,71100000
1,474,71100000,71100100,15835,15835,71250000,71250000
1,475,71250000,71250100,15835,15835,71400000,71400000
1,476,71400000,71400100,15835,15835,71550000,71550000
1,477,71550000,71550100,15835,15835,71700000,71700000
1,478,71700000,71700100,15835,15835,71850000,71850000
1,479,71850000,71850100,15835,15835,72000000,72000000
1,480,72000000,72000100,15835,15835,72150000,72150000
1,481,72150000,72150100,15835,15835,72300000,72300000
1,482,72300000,72300100,15835,15835,72450000,72450000
1,483,72450000,72450100,15835,15835,72600000,72600000
1,484,72600000,72600100,15835,15835,72750000,72750000
1,485,72750000,72750100,15835,15835,72900000,72900000
1,486,72900000,72900100,15835,15835,73050000,73050000
1,487,73050000,73050100,15835,15835,73200000,73200000
1,488,73200000,73200100,15835,15835,73350000,73350000
1,489,73350000,73350100,15835,15835,73500000,73500000
1,490,73500000,73500100,15835,15835,73650000,73650000
1,491,73650000,73650100,15835,15835,73800000,73800000
1,492,73800000,73800100,15835,15835,73950000,73950000
1,493,73950000,73950100,15835,15835,74100000,74100000
1,494,74100000,74100100,15835,15835,74250000,74250000
1,495,74250000,74250100,15835,15835,74400000,74400000
1,496,74400000,74400100,15835,15835,74550000,74550000
1,497,74550000,74550100,15835,15835,74700000,74700000
1,498,74700000,74700100,15835,15835,74850000,74850000
1,499,74850000,74850100,15835,15835,75000000,75000000
1,500,75000000,75000100,15835,15835,75150000,75150000
1,501,75150000,75150100,15835,15835,75300000,75300000
1,502,75300000,75300100,15835,15835,75450000,75450000
1,503,75450000,75450100,15835,15835,75600000,75600000
1,504,75600000,75600100,15835,15835,75750000,75750000
1,505,75750000,75750100,15835,15835,75900000,75900000
1,506,75900000,75900100,15835,15835,76050000,76050000
1,507,76050000,76050100,15835,15835,76200000,76200000
1,508,76200000,76200100,15835,15835,76350000,76350000
1,509,76350000,76350100,15835,15835,76500000,76500000
1,510,76500000,76500100,15835,15835,76650000,76650000
1,511,76650000,76650100,15835,15835,76800000,76800000
1,512,76800000,76800100,15835,15835,76950000,76950000
1,513,76950000,76950100,15835,15835,77100000,77100000
1,514,77100000,77100100,15835,15835,77250000,77250000
1,515,77250000,77250100,15835,15835,77400000,77400000
1,516,77400000,77400100,15835,15835,77550000,77550000
1,517,77550000,77550100,15835,15835,77700000,77700000
1,518,77700000,77700100,15835,15835,77850000,77850000
1,519,77850000,77850100,15835,15835,78000000,78000000
1,520,78000000,78000100,15835,15835,78150000,78150000
1,521,78150000,78150100,15835,15835,78300000,78300000
1,522,78300000,78300100,15835,15835,78450000,78450000
1,523,78450000,78450100,15835,15835,78600000,78600000
1,524,78600000,78600100,15835,15835,78750000,78750000
1,525,78750000,78750100,15835,15835,78900000,78900000
1,526,78900000,78900100,15835,15835,79050000,79050000
1,527,79050000,79050100,15835,15835,79200000,79200000
1,528,79200000,79200100,15835,15835,79350000,79350000
1,529,79350000,79350100,15835,15835,79500000,79500000
1,530,79500000,79500100,15835,15835,79650000,79650000
1,531,79650000,79650100,15835,15835,79800000,79800000
1,532,79800000,79800100,15835,15835,79950000,79950000
1,533,79950000,79950100,15835,15835,80100000,80100000
1,534,80100000,80100100,15835,15835,80250000,80250000
1,535,80250000,80250100,15835,15835,80400000,80400000
1,536,80400000,80400100,15835,15835,80550000,80550000
1,537,80550000,80550100,15835,15835,80700000,80700000
1,538,80700000,80700100,15835,15835,80850000,80850000
1,539,80850000,80850100,15835,15835,81000000,81000000
1,540,81000000,81000100,15835,15835,81150000,81150000
1,541,81150000,81150100,15835,15835,81300000,81300000
1,542,81300000,81300100,15835,15835,81450000,81450000
1,543,81450000,81450100,15835,15835,81600000,81600000
1,544,81600000,81600100,15835,15835,81750000,81750000
1,545,81750000,81750100,15835,15835,81900000,81900000
1,546,81900000,81900100,15835,15835,82050000,82050000
1,547,82050000,82050100,15835,15835,82200000,82200000
1,548,82200000,82200100,15835,15835,82350000,82350000
1,549,82350000,82350100,15835,15835,82500000,82500000
1,550,82500000,82500100,15835,15835,82650000,82650000
1,551,82650000,82650100,15835,15835,82800000,82800000
1,552,82800000,82800100,15835,15835,82950000,82950000
1,553,82950000,82950100,15835,15835,83100000,83100000
1,554,83100000,83100100,15835,15835,83250000,83250000
1,555,83250000,83250100,15835,15835,83400000,83400000
1,556,83400000,83400100,15835,15835,83550000,83550000
1,557,83550000,83550100,15835,15835,83700000,83700000
1,558,83700000,83700100,15835,15835,83850000,83850000
1,559,83850000,83850100,15835,15835,84000000,84000000
2,0,0,100,26642,26642,150000,150000
2,1,150000,150100,26642,26642,300000,300000
2,2,300000,300100,26642,26642,450000,450000
2,3,450000,450100,26642,26642,600000,600000
2,4,600000,600100,26642,26642,750000,750000
2,5,750000,750100,26642,26642,900000,900000
2,6,900000,900100,26642,26642,1050000,1050000
2,7,1050000,1050100,26642,26642,1200000,1200000
2,8,1200000,1200100,26642,26642,1350000,1350000
2,9,1350000,1350100,26642,26642,1500000,1500000
2,10,1500000,1500100,26642,26642,1650000,1650000
2,11,1650000,1650100,26642,26642,1800000,1800000
2,12,1800000,1800100,26642,26642,1950000,1950000
2,13,1950000,1950100,26642,26642,2100000,2100000
2,14,2100000,2100100,26642,26642,2250000,2250000
2,15,2250000,2250100,26642,26642,2400000,2400000
2,16,2400000,2400100,26642,26642,2550000,2550000
2,17,2550000,2550100,26642,26642,2700000,2700000
2,18,2700000,2700100,26642,26642,2850000,2850000
2,19,2850000,2850100,26642,26642,3000000,3000000
2,20,3000000,3000100,26642,26642,3150000,3150000
2,21,3150000,3150100,26642,26642,3300000,3300000
2,22,3300000,3300100,26642,26642,3450000,3450000
2,23,3450000,3450100,26642,26642,3600000,3600000
2,24,3600000,3600100,26642,26642,3750000,3750000
2,25,3750000,3750100,26642,26642,3900000,3900000
2,26,3900000,3900100,26642,26642,4050000,4050000
2,27,4050000,4050100,26642,26642,4200000,4200000
2,28,4200000,4200100,26642,26642,4350000,4350000
2,29,4350000,4350100,26642,26642,4500000,4500000
2,30,4500000,4500100,26642,26642,4650000,4650000
2,31,4650000,4650100,26642,26642,4800000,4800000
2,32,4800000,4800100,26642,26642,4950000,4950000
2,33,4950000,4950100,26642,26642,5100000,5100000
2,34,5100000,5100100,26642,26642,5250000,5250000
2,35,5250000,5250100,26642,26642,5400000,5400000
2,36,5400000,5400100,26642,26642,5550000,5550000
2,37,5550000,5550100,26642,26642,5700000,5700000
2,38,5700000,5700100,26642,26642,5850000,5850000
2,39,5850000,5850100,26642,26642,6000000,6000000
2,40,6000000,6000100,26642,26642,6150000,6150000
2,41,6150000,6150100,26642,26642,6300000,6300000
2,42,6300000,6300100,26642,26642,6450000,6450000
2,43,6450000,6450100,26642,26642,6600000,6600000
2,44,6600000,6600100,26642,26642,6750000,6750000
2,45,6750000,6750100,26642,26642,6900000,6900000
2,46,6900000,6900100,26642,26642,7050000,7050000
2,47,7050000,7050100,26642,26642,7200000,7200000
2,48,7200000,7200100,26642,26642,7350000,7350000
2,49,7350000,7350100,26642,26642,7500000,7500000
2,50,7500000,7500100,26642,26642,7650000,7650000
2,51,7650000,7650100,26642,26642,7800000,7800000
2,52,7800000,7800100,26642,26642,7950000,7950000
2,53,7950000,7950100,26642,26642,8100000,8100000
2,54,8100000,8100100,26642,26642,8250000,8250000
2,55,8250000,8250100,26642,26642,8400000,8400000
2,56,8400000,8400100,26642,26642,8550000,8550000
2,57,8550000,8550100,26642,26642,8700000,8700000
2,58,8700000,8700100,26642,26642,8850000,8850000
2,59,8850000,8850100,26642,26642,9000000,9000000
2,60,9000000,9000100,26642,26642,9150000,9150000
2,61,9150000,9150100,26642,26642,9300000,9300000
2,62,9300000,9300100,26642,26642,9450000,9450000
2,63,9450000,9450100,26642,26642,9600000,9600000
2,64,9600000,9600100,26642,26642,9750000,9750000
2,65,9750000,9750100,26642,26642,9900000,9900000
2,66,9900000,9900100,26642,26642,10050000,10050000
2,67,10050000,10050100,26642,26642,10200000,10200000
2,68,10200000,10200100,26642,26642,10350000,10350000
2,69,10350000,10350100,26642,26642,10500000,10500000
2,70,10500000,10500100,26642,26642,10650000,10650000
2,71,10650000,10650100,26642,26642,10800000,10800000
2,72,10800000,10800100,26642,26642,10950000,10950000
2,73,10950000,10950100,26642,26642,11100000,11100000
2,74,11100000,11100100,26642,26642,11250000,11250000
2,75,11250000,11250100,26642,26642,11400000,11400000
2,76,11400000,11400100,26642,26642,11550000,11550000
2,77,11550000,11550100,26642,26642,11700000,11700000
2,78,11700000,11700100,26642,26642,11850000,11850000
2,79,11850000,11850100,26642,26642,12000000,12000000
2,80,12000000,12000100,26642,26642,12150000,12150000
2,81,12150000,12150100,26642,26642,12300000,12300000
2,82,12300000,12300100,26642,26642,12450000,12450000
2,83,12450000,12450100,26642,26642,12600000,12600000
2,84,12600000,12600100,26642,26642,12750000,12750000
2,85,12750000,12750100,26642,26642,12900000,12900000
2,86,12900000,12900100,26642,26642,13050000,13050000
2,87,13050000,13050100,26642,26642,13200000,13200000
2,88,13200000,13200100,26642,26642,13350000,13350000
2,89,13350000,13350100,26642,26642,13500000,13500000
2,90,13500000,13500100,26642,26642,13650000,13650000
2,91,13650000,13650100,26642,26642,13800000,13800000
2,92,13800000,13800100,26642,26642,13950000,13950000
2,93,13950000,13950100,26642,26642,14100000,14100000
2,94,14100000,14100100,26642,26642,14250000,14250000
2,95,14250000,14250100,26642,26642,14400000,14400000
2,96,14400000,14400100,26642,26642,14550000,14550000
2,97,14550000,14550100,26642,26642,14700000,14700000
2,98,14700000,14700100,26642,26642,14850000,14850000
2,99,14850000,14850100,26642,26642,15000000,15000000
2,100,15000000,15000100,26642,26642,15150000,15150000
2,101,15150000,15150100,26642,26642,15300000,15300000
2,102,15300000,15300100,26642,26642,15450000,15450000
2,103,15450000,15450100,26642,26642,15600000,15600000
2,104,15600000,15600100,26642,26642,15750000,15750000
2,105,15750000,15750100,26642,26642,15900000,15900000
2,106,15900000,15900100,26642,26642,16050000,16050000
2,107,16050000,16050100,26642,26642,16200000,16200000
2,108,16200000,16200100,26642,26642,16350000,16350000
2,109,16350000,16350100,26642,26642,16500000,16500000
2,110,16500000,16500100,26642,26642,16650000,16650000
2,111,16650000,16650100,26642,26642,16800000,16800000
2,112,16800000,16800100,26642,26642,16950000,16950000
2,113,16950000,16950100,26642,26642,17100000,17100000
2,114,17100000,17100100,26642,26642,17250000,17250000
2,115,17250000,17250100,26642,26642,17400000,17400000
2,116,17400000,17400100,26642,26642,17550000,17550000
2,117,17550000,17550100,26642,26642,17700000,17700000
2,118,17700000,17700100,26642,26642,17850000,17850000
2,119,17850000,17850100,26642,26642,18000000,18000000
2,120,18000000,18000100,26642,26642,18150000,18150000
2,121,18150000,18150100,26642,26642,18300000,18300000
2,122,18300000,18300100,26642,26642,18450000,18450000
2,123,18450000,18450100,26642,26642,18600000,18600000
2,124,18600000,18600100,26642,26642,18750000,18750000
2,125,18750000,18750100,26642,26642,18900000,18900000
2,126,18900000,18900100,26642,26642,19050000,19050000
2,127,19050000,19050100,26642,26642,19200000,19200000
2,128,19200000,19200100,26642,26642,19350000,19350000
2,129,19350000,19350100,26642,26642,19500000,19500000
2,130,19500000,19500100,26642,26642,19650000,19650000
2,131,19650000,19650100,26642,26642,19800000,19800000
2,132,19800000,19800100,26642,26642,19950000,19950000
2,133,19950000,19950100,26642,26642,20100000,20100000
2,134,20100000,20100100,26642,26642,20250000,20250000
2,135,20250000,20250100,26642,26642,20400000,20400000
2,136,20400000,20400100,26642,26642,20550000,20550000
2,137,20550000,20550100,26642,26642,20700000,20700000
2,138,20700000,20700100,26642,26642,20850000,20850000
2,139,20850000,20850100,26642,26642,21000000,21000000
2,140,21000000,21000100,26642,26642,21150000,21150000
2,141,21150000,21150100,26642,26642,21300000,21300000
2,142,21300000,21300100,26642,26642,21450000,21450000
2,143,21450000,21450100,26642,26642,21600000,21600000
2,144,21600000,21600100,26642,26642,21750000,21750000
2,145,21750000,21750100,26642,26642,21900000,21900000
2,146,21900000,21900100,26642,26642,22050000,22050000
2,147,22050000,22050100,26642,26642,22200000,22200000
2,148,22200000,22200100,26642,26642,22350000,22350000
2,149,22350000,22350100,26642,26642,22500000,22500000
2,150,22500000,22500100,26642,26642,22650000,22650000
2,151,22650000,22650100,26642,26642,22800000,22800000
2,152,22800000,22800100,26642,26642,22950000,22950000
2,153,22950000,22950100,26642,26642,23100000,23100000
2,154,23100000,23100100,26642,26642,23250000,23250000
2,155,23250000,23250100,26642,26642,23400000,23400000
2,156,23400000,23400100,26642,26642,23550000,23550000
2,157,23550000,23550100,26642,26642,23700000,23700000
2,158,23700000,23700100,26642,26642,23850000,23850000
2,159,23850000,23850100,26642,26642,24000000,24000000
2,160,24000000,24000100,26642,26642,24150000,24150000
2,161,24150000,24150100,26642,26642,24300000,24300000
2,162,24300000,24300100,26642,26642,24450000,24450000
2,163,24450000,24450100,26642,26642,24600000,24600000
2,164,24600000,24600100,26642,26642,24750000,24750000
2,165,24750000,24750100,26642,26642,24900000,24900000
2,166,24900000,24900100,26642,26642,25050000,25050000
2,167,25050000,25050100,26642,26642,25200000,25200000
2,168,25200000,25200100,26642,26642,25350000,25350000
2,169,25350000,25350100,26642,26642,25500000,25500000
2,170,25500000,25500100,26642,26642,25650000,25650000
2,171,25650000,25650100,26642,26642,25800000,25800000
2,172,25800000,25800100,26642,26642,25950000,25950000
2,173,25950000,25950100,26642,26642,26100000,26100000
2,174,26100000,26100100,26642,26642,26250000,26250000
2,175,26250000,26250100,26642,26642,26400000,26400000
2,176,26400000,26400100,26642,26642,26550000,26550000
2,177,26550000,26550100,26642,26642,26700000,26700000
2,178,26700000,26700100,26642,26642,26850000,26850000
2,179,26850000,26850100,26642,26642,27000000,27000000
2,180,27000000,27000100,26642,26642,27150000,27150000
2,181,27150000,27150100,26642,26642,27300000,27300000
2,182,27300000,27300100,26642,26642,27450000,27450000
2,183,27450000,27450100,26642,26642,27600000,27600000
2,184,27600000,27600100,26642,26642,27750000,27750000
2,185,27750000,27750100,26642,26642,27900000,27900000
2,186,27900000,27900100,26642,26642,28050000,28050000
2,187,28050000,28050100,26642,26642,28200000,28200000
2,188,28200000,28200100,26642,26642,28350000,28350000
2,189,28350000,28350100,26642,26642,28500000,28500000
2,190,28500000,28500100,26642,26642,28650000,28650000
2,191,28650000,28650100,26642,26642,28800000,28800000
2,192,28800000,28800100,26642,26642,28950000,28950000
2,193,28950000,28950100,26642,26642,29100000,29100000
2,194,29100000,29100100,26642,26642,29250000,29250000
2,195,29250000,29250100,26642,26642,29400000,29400000
2,196,29400000,29400100,26642,26642,29550000,29550000
2,197,29550000,29550100,26642,26642,29700000,29700000
2,198,29700000,29700100,26642,26642,29850000,29850000
2,199,29850000,29850100,26642,26642,30000000,30000000
2,200,30000000,30000100,26642,26642,30150000,30150000
2,201,30150000,30150100,26642,26642,30300000,30300000
2,202,30300000,30300100,26642,26642,30450000,30450000
2,203,30450000,30450100,26642,26642,30600000,30600000
2,204,30600000,30600100,26642,26642,30750000,30750000
2,205,30750000,30750100,26642,26642,30900000,30900000
2,206,30900000,30900100,26642,26642,31050000,31050000
2,207,31050000,31050100,26642,26642,31200000,31200000
2,208,31200000,31200100,26642,26642,31350000,31350000
2,209,31350000,31350100,26642,26642,31500000,31500000
2,210,31500000,31500100,26642,26642,31650000,31650000
2,211,31650000,31650100,26642,26642,31800000,31800000
2,212,31800000,31800100,26642,26642,31950000,31950000
2,213,31950000,31950100,26642,26642,32100000,32100000
2,214,32100000,32100100,26642,26642,32250000,32250000
2,215,32250000,32250100,26642,26642,32400000,32400000
2,216,32400000,32400100,26642,26642,32550000,32550000
2,217,32550000,32550100,26642,26642,32700000,32700000
2,218,32700000,32700100,26642,26642,32850000,32850000
2,219,32850000,32850100,26642,26642,33000000,33000000
2,220,33000000,33000100,26642,26642,33150000,33150000
2,221,33150000,33150100,26642,26642,33300000,33300000
2,222,33300000,33300100,26642,26642,33450000,33450000
2,223,33450000,33450100,26642,26642,33600000,33600000
2,224,33600000,33600100,26642,26642,33750000,33750000
2,225,33750000,33750100,26642,26642,33900000,33900000
2,226,33900000,33900100,26642,26642,34050000,34050000
2,227,34050000,34050100,26642,26642,34200000,34200000
2,228,34200000,34200100,26642,26642,34350000,34350000
2,229,34350000,34350100,26642,26642,34500000,34500000
2,230,34500000,34500100,26642,26642,34650000,34650000
2,231,34650000,34650100,26642,26642,34800000,34800000
2,232,34800000,34800100,26642,26642,34950000,34950000
2,233,34950000,34950100,26642,26642,35100000,35100000
2,234,35100000,35100100,26642,26642,35250000,35250000
2,235,35250000,35250100,26642,26642,35400000,35400000
2,236,35400000,35400100,26642,26642,35550000,35550000
2,237,35550000,35550100,26642,26642,35700000,35700000
2,238,35700000,35700100,26642,26642,35850000,35850000
2,239,35850000,35850100,26642,26642,36000000,36000000
2,240,36000000,36000100,26642,26642,36150000,36150000
2,241,36150000,36150100,26642,26642,36300000,36300000
2,242,36300000,36300100,26642,26642,36450000,36450000
2,243,36450000,36450100,26642,26642,36600000,36600000
2,244,36600000,36600100,26642,26642,36750000,36750000
2,245,36750000,36750100,26642,26642,36900000,36900000
2,246,36900000,36900100,26642,26642,37050000,37050000
2,247,37050000,37050100,26642,26642,37200000,37200000
2,248,37200000,37200100,26642,26642,37350000,37350000
2,249,37350000,37350100,26642,26642,37500000,37500000
2,250,37500000,37500100,26642,26642,37650000,37650000
2,251,37650000,37650100,26642,26642,37800000,37800000
2,252,37800000,37800100,26642,26642,37950000,37950000
2,253,37950000,37950100,26642,26642,38100000,38100000
2,254,38100000,38100100,26642,26642,38250000,38250000
2,255,38250000,38250100,26642,26642,38400000,38400000
2,256,38400000,38400100,26642,26642,38550000,38550000
2,257,38550000,38550100,26642,26642,38700000,38700000
2,258,38700000,38700100,26642,26642,38850000,38850000
2,259,38850000,38850100,26642,26642,39000000,39000000
2,260,39000000,39000100,26642,26642,39150000,39150000
2,261,39150000,39150100,26642,26642,39300000,39300000
2,262,39300000,39300100,26642,26642,39450000,39450000
2,263,39450000,39450100,26642,26642,39600000,39600000
2,264,39600000,39600100,26642,26642,39750000,39750000
2,265,39750000,39750100,26642,26642,39900000,39900000
2,266,39900000,39900100,26642,26642,40050000,40050000
2,267,40050000,40050100,26642,26642,40200000,40200000
2,268,40200000,40200100,26642,26642,40350000,40350000
2,269,40350000,40350100,26642,26642,40500000,40500000
2,270,40500000,40500100,26642,26642,40650000,40650000
2,271,40650000,40650100,26642,26642,40800000,40800000
2,272,40800000,40800100,26642,26642,40950000,40950000
2,273,40950000,40950100,26642,26642,41100000,41100000
2,274,41100000,41100100,26642,26642,41250000,41250000
2,275,41250000,41250100,26642,26642,41400000,41400000
2,276,41400000,41400100,26642,26642,41550000,41550000
2,277,41550000,41550100,26642,26642,41700000,41700000
2,278,41700000,41700100,26642,26642,41850000,41850000
2,279,41850000,41850100,26642,26642,42000000,42000000
2,280,42000000,42000100,26642,26642,42150000,42150000
2,281,42150000,42150100,26642,26642,42300000,42300000
2,282,42300000,42300100,26642,26642,42450000,42450000
2,283,42450000,42450100,26642,26642,42600000,42600000
2,284,42600000,42600100,26642,26642,42750000,42750000
2,285,42750000,42750100,26642,26642,42900000,42900000
2,286,42900000,42900100,26642,26642,43050000,43050000
2,287,43050000,43050100,26642,26642,43200000,43200000
2,288,43200000,43200100,26642,26642,43350000,43350000
2,289,43350000,43350100,26642,26642,43500000,43500000
2,290,43500000,43500100,26642,26642,43650000,43650000
2,291,43650000,43650100,26642,26642,43800000,43800000
2,292,43800000,43800100,26642,26642,43950000,43950000
2,293,43950000,43950100,26642,26642,44100000,44100000
2,294,44100000,44100100,26642,26642,44250000,44250000
2,295,44250000,44250100,26642,26642,44400000,44400000
2,296,44400000,44400100,26642,26642,44550000,44550000
2,297,44550000,44550100,26642,26642,44700000,44700000
2,298,44700000,44700100,26642,26642,44850000,44850000
2,299,44850000,44850100,26642,26642,45000000,45000000
2,300,45000000,45000100,26642,26642,45150000,45150000
2,301,45150000,45150100,26642,26642,45300000,45300000
2,302,45300000,45300100,26642,26642,45450000,45450000
2,303,45450000,45450100,26642,26642,45600000,45600000
2,304,45600000,45600100,26642,26642,45750000,45750000
2,305,45750000,45750100,26642,26642,45900000,45900000
2,306,45900000,45900100,26642,26642,46050000,46050000
2,307,46050000,46050100,26642,26642,46200000,46200000
2,308,46200000,46200100,26642,26642,46350000,46350000
2,309,46350000,46350100,26642,26642,46500000,46500000
2,310,46500000,46500100,26642,26642,46650000,46650000
2,311,46650000,46650100,26642,26642,46800000,46800000
2,312,46800000,46800100,26642,26642,46950000,46950000
2,313,46950000,46950100,26642,26642,47100000,47100000
2,314,47100000,47100100,26642,26642,47250000,47250000
2,315,47250000,47250100,26642,26642,47400000,47400000
2,316,47400000,47400100,26642,26642,47550000,47550000
2,317,47550000,47550100,26642,26642,47700000,47700000
2,318,47700000,47700100,26642,26642,47850000,47850000
2,319,47850000,47850100,26642,26642,48000000,48000000
2,320,48000000,48000100,26642,26642,48150000,48150000
2,321,48150000,48150100,26642,26642,48300000,48300000
2,322,48300000,48300100,26642,26642,48450000,48450000
2,323,48450000,48450100,26642,26642,48600000,48600000
2,324,48600000,48600100,26642,26642,48750000,48750000
2,325,48750000,48750100,26642,26642,48900000,48900000
2,326,48900000,48900100,26642,26642,49050000,49050000
2,327,49050000,49050100,26642,26642,49200000,49200000
2,328,49200000,49200100,26642,26642,49350000,49350000
2,329,49350000,49350100,26642,26642,49500000,49500000
2,330,49500000,49500100,26642,26642,49650000,49650000
2,331,49650000,49650100,26642,26642,49800000,49800000
2,332,49800000,49800100,26642,26642,49950000,49950000
2,333,49950000,49950100,26642,26642,50100000,50100000
2,334,50100000,50100100,26642,26642,50250000,50250000
2,335,50250000,50250100,26642,26642,50400000,50400000
2,336,50400000,50400100,26642,26642,50550000,50550000
2,337,50550000,50550100,26642,26642,50700000,50700000
2,338,50700000,50700100,26642,26642,50850000,50850000
2,339,50850000,50850100,26642,26642,51000000,51000000
2,340,51000000,51000100,26642,26642,51150000,51150000
2,341,51150000,51150100,26642,26642,51300000,51300000
2,342,51300000,51300100,26642,26642,51450000,51450000
2,343,51450000,51450100,26642,26642,51600000,51600000
2,344,51600000,51600100,26642,26642,51750000,51750000
2,345,51750000,51750100,26642,26642,51900000,51900000
2,346,51900000,51900100,26642,26642,52050000,52050000
2,347,52050000,52050100,26642,26642,52200000,52200000
2,348,52200000,52200100,26642,26642,52350000,52350000
2,349,52350000,52350100,26642,26642,52500000,52500000
2,350,52500000,52500100,26642,26642,52650000,52650000
2,351,52650000,52650100,26642,26642,52800000,52800000
2,352,52800000,52800100,26642,26642,52950000,52950000
2,353,52950000,52950100,26642,26642,53100000,53100000
2,354,53100000,53100100,26642,26642,53250000,53250000
2,355,53250000,53250100,26642,26642,53400000,53400000
2,356,53400000,53400100,26642,26642,53550000,53550000
2,357,53550000,53550100,26642,26642,53700000,53700000
2,358,53700000,53700100,26642,26642,53850000,53850000
2,359,53850000,53850100,26642,26642,54000000,54000000
2,360,54000000,54000100,26642,26642,54150000,54150000
2,361,54150000,54150100,26642,26642,54300000,54300000
2,362,54300000,54300100,26642,26642,54450000,54450000
2,363,54450000,54450100,26642,26642,54600000,54600000
2,364,54600000,54600100,26642,26642,54750000,54750000
2,365,54750000,54750100,26642,26642,54900000,54900000
2,366,54900000,54900100,26642,26642,55050000,55050000
2,367,55050000,55050100,26642,26642,55200000,55200000
2,368,55200000,55200100,26642,26642,55350000,55350000
2,369,55350000,55350100,26642,26642,55500000,55500000
2,370,55500000,55500100,26642,26642,55650000,55650000
2,371,55650000,55650100,26642,26642,55800000,55800000
2,372,55800000,55800100,26642,26642,55950000,55950000
2,373,55950000,55950100,26642,26642,56100000,56100000
2,374,56100000,56100100,26642,26642,56250000,56250000
2,375,56250000,56250100,26642,26642,56400000,56400000
2,376,56400000,56400100,26642,26642,56550000,56550000
2,377,56550000,56550100,26642,26642,56700000,56700000
2,378,56700000,56700100,26642,26642,56850000,56850000
2,379,56850000,56850100,26642,26642,57000000,57000000
2,380,57000000,57000100,26642,26642,57150000,57150000
2,381,57150000,57150100,26642,26642,57300000,57300000
2,382,57300000,57300100,26642,26642,57450000,57450000
2,383,57450000,57450100,26642,26642,57600000,57600000
2,384,57600000,57600100,26642,26642,57750000,57750000
2,385,57750000,57750100,26642,26642,57900000,57900000
2,386,57900000,57900100,26642,26642,58050000,58050000
2,387,58050000,58050100,26642,26642,58200000,58200000
2,388,58200000,58200100,26642,26642,58350000,58350000
2,389,58350000,58350100,26642,26642,58500000,58500000
2,390,58500000,58500100,26642,26642,58650000,58650000
2,391,58650000,58650100,26642,26642,58800000,58800000
2,392,58800000,58800100,26642,26642,58950000,58950000
2,393,58950000,58950100,26642,26642,59100000,59100000
2,394,59100000,59100100,26642,26642,59250000,59250000
2,395,59250000,59250100,26642,26642,59400000,59400000
2,396,59400000,59400100,26642,26642,59550000,59550000
2,397,59550000,59550100,26642,26642,59700000,59700000
2,398,59700000,59700100,26642,26642,59850000,59850000
2,399,59850000,59850100,26642,26642,60000000,60000000
2,400,60000000,60000100,26642,26642,60150000,60150000
2,401,60150000,60150100,26642,26642,60300000,60300000
2,402,60300000,60300100,26642,26642,60450000,60450000
2,403,60450000,60450100,26642,26642,60600000,60600000
2,404,60600000,60600100,26642,26642,60750000,60750000
2,405,60750000,60750100,26642,26642,60900000,60900000
2,406,60900000,60900100,26642,26642,61050000,61050000
2,407,61050000,61050100,26642,26642,61200000,61200000
2,408,61200000,61200100,26642,26642,61350000,61350000
2,409,61350000,61350100,26642,26642,61500000,61500000
2,410,61500000,61500100,26642,26642,61650000,61650000
2,411,61650000,61650100,26642,26642,61800000,61800000
2,412,61800000,61800100,26642,26642,61950000,61950000
2,413,61950000,61950100,26642,26642,62100000,62100000
2,414,62100000,62100100,26642,26642,62250000,62250000
2,415,62250000,62250100,26642,26642,62400000,62400000
2,416,62400000,62400100,26642,26642,62550000,62550000
2,417,62550000,62550100,26642,26642,62700000,62700000
2,418,62700000,62700100,26642,26642,62850000,62850000
2,419,62850000,62850100,26642,26642,63000000,63000000
2,420,63000000,63000100,26642,26642,63150000,63150000
2,421,63150000,63150100,26642,26642,63300000,63300000
2,422,63300000,63300100,26642,26642,63450000,63450000
2,423,63450000,63450100,26642,26642,63600000,63600000
2,424,63600000,63600100,26642,26642,63750000,63750000
2,425,63750000,63750100,26642,26642,63900000,63900000
2,426,63900000,63900100,26642,26642,64050000,64050000
2,427,64050000,64050100,26642,26642,64200000,64200000
2,428,64200000,64200100,26642,26642,64350000,64350000
2,429,64350000,64350100,26642,26642,64500000,64500000
2,430,64500000,64500100,26642,26642,64650000,64650000
2,431,64650000,64650100,26642,26642,64800000,64800000
2,432,64800000,64800100,26642,26642,64950000,64950000
2,433,64950000,64950100,26642,26642,65100000,65100000
2,434,65100000,65100100,26642,26642,65250000,65250000
2,435,65250000,65250100,26642,26642,65400000,65400000
2,436,65400000,65400100,26642,26642,65550000,65550000
2,437,65550000,65550100,26642,26642,65700000,65700000
2,438,65700000,65700100,26642,26642,65850000,65850000
2,439,65850000,65850100,26642,26642,66000000,66000000
2,440,66000000,66000100,26642,26642,66150000,66150000
2,441,66150000,66150100,26642,26642,66300000,66300000
2,442,66300000,66300100,26642,26642,66450000,66450000
2,443,66450000,66450100,26642,26642,66600000,66600000
2,444,66600000,66600100,26642,26642,66750000,66750000
2,445,66750000,66750100,26642,26642,66900000,66900000
2,446,66900000,66900100,26642,26642,67050000,67050000
2,447,67050000,67050100,26642,26642,67200000,67200000
2,448,67200000,67200100,26642,26642,67350000,67350000
2,449,67350000,67350100,26642,26642,67500000,67500000
2,450,67500000,67500100,26642,26642,67650000,67650000
2,451,67650000,67650100,26642,26642,67800000,67800000
2,452,67800000,67800100,26642,26642,67950000,67950000
2,453,67950000,67950100,26642,26642,68100000,68100000
2,454,68100000,68100100,26642,26642,68250000,68250000
2,455,68250000,68250100,26642,26642,68400000,68400000
2,456,68400000,68400100,26642,26642,68550000,68550000
2,457,68550000,68550100,26642,26642,68700000,68700000
2,458,68700000,68700100,26642,26642,68850000,68850000
2,459,68850000,68850100,26642,26642,69000000,69000000
2,460,69000000,69000100,26642,26642,69150000,69150000
2,461,69150000,69150100,26642,26642,69300000,69300000
2,462,69300000,69300100,26642,26642,69450000,69450000
2,463,69450000,69450100,26642,26642,69600000,69600000
2,464,69600000,69600100,26642,26642,69750000,69750000
2,465,69750000,69750100,26642,26642,69900000,69900000
2,466,69900000,69900100,26642,26642,70050000,70050000
2,467,70050000,70050100,26642,26642,70200000,70200000
2,468,70200000,70200100,26642,26642,70350000,70350000
2,469,70350000,70350100,26642,26642,70500000,70500000
2,470,70500000,70500100,26642,26642,70650000,70650000
2,471,70650000,70650100,26642,26642,70800000,70800000
2,472,70800000,70800100,26642,26642,70950000,70950000
2,473,70950000,70950100,26642,26642,71100000,71100000
2,474,71100000,71100100,26642,26642,71250000,71250000
2,475,71250000,71250100,26642,26642,71400000,71400000
2,476,71400000,71400100,26642,26642,71550000,71550000
2,477,71550000,71550100,26642,26642,71700000,71700000
2,478,71700000,71700100,26642,26642,71850000,71850000
2,479,71850000,71850100,26642,26642,72000000,72000000
2,480,72000000,72000100,26642,26642,72150000,72150000
2,481,72150000,72150100,26642,26642,72300000,72300000
2,482,72300000,72300100,26642,26642,72450000,72450000
2,483,72450000,72450100,26642,26642,72600000,72600000
2,484,72600000,72600100,26642,26642,72750000,72750000
2,485,72750000,72750100,26642,26642,72900000,72900000
2,486,72900000,72900100,26642,26642,73050000,73050000
2,487,73050000,73050100,26642,26642,73200000,73200000
2,488,73200000,73200100,26642,26642,73350000,73350000
2,489,73350000,73350100,26642,26642,73500000,73500000
2,490,73500000,73500100,26642,26642,73650000,73650000
2,491,73650000,73650100,26642,26642,73800000,73800000
2,492,73800000,73800100,26642,26642,73950000,73950000
2,493,73950000,73950100,26642,26642,74100000,74100000
2,494,74100000,74100100,26642,26642,74250000,74250000
2,495,74250000,74250100,26642,26642,74400000,74400000
2,496,74400000,74400100,26642,26642,74550000,74550000
2,497,74550000,74550100,26642,26642,74700000,74700000
2,498,74700000,74700100,26642,26642,74850000,74850000
2,499,74850000,74850100,26642,26642,75000000,75000000
2,500,75000000,75000100,26642,26642,75150000,75150000
2,501,75150000,75150100,26642,26642,75300000,75300000
2,502,75300000,75300100,26642,26642,75450000,75450000
2,503,75450000,75450100,26642,26642,75600000,75600000
2,504,75600000,75600100,26642,26642,75750000,75750000
2,505,75750000,75750100,26642,26642,75900000,75900000
2,506,75900000,75900100,26642,26642,76050000,76050000
2,507,76050000,76050100,26642,26642,76200000,76200000
2,508,76200000,76200100,26642,26642,76350000,76350000
2,509,76350000,76350100,26642,26642,76500000,76500000
2,510,76500000,76500100,26642,26642,76650000,76650000
2,511,76650000,76650100,26642,26642,76800000,76800000
2,512,76800000,76800100,26642,26642,76950000,76950000
2,513,76950000,76950100,26642,26642,77100000,77100000
2,514,77100000,77100100,26642,26642,77250000,77250000
2,515,77250000,77250100,26642,26642,77400000,77400000
2,516,77400000,77400100,26642,26642,77550000,77550000
2,517,77550000,77550100,26642,26642,77700000,77700000
2,518,77700000,77700100,26642,26642,77850000,77850000
2,519,77850000,77850100,26642,26642,78000000,78000000
2,520,78000000,78000100,26642,26642,78150000,78150000
2,521,78150000,78150100,26642,26642,78300000,78300000
2,522,78300000,78300100,26642,26642,78450000,78450000
2,523,78450000,78450100,26642,26642,78600000,78600000
2,524,78600000,78600100,26642,26642,78750000,78750000
2,525,78750000,78750100,26642,26642,78900000,78900000
2,526,78900000,78900100,26642,26642,79050000,79050000
2,527,79050000,79050100,26642,26642,79200000,79200000
2,528,79200000,79200100,26642,26642,79350000,79350000
2,529,79350000,79350100,26642,26642,79500000,79500000
2,530,79500000,79500100,26642,26642,79650000,79650000
2,531,79650000,79650100,26642,26642,79800000,79800000
2,532,79800000,79800100,26642,26642,79950000,79950000
2,533,79950000,79950100,26642,26642,80100000,80100000
2,534,80100000,80100100,26642,26642,80250000,80250000
2,535,80250000,80250100,26642,26642,80400000,80400000
2,536,80400000,80400100,26642,26642,80550000,80550000
2,537,80550000,80550100,26642,26642,80700000,80700000
2,538,80700000,80700100,26642,26642,80850000,80850000
2,539,80850000,80850100,26642,26642,81000000,81000000
2,540,81000000,81000100,26642,26642,81150000,81150000
2,541,81150000,81150100,26642,26642,81300000,81300000
2,542,81300000,81300100,26642,26642,81450000,81450000
2,543,81450000,81450100,26642,26642,81600000,81600000
2,544,81600000,81600100,26642,26642,81750000,81750000
2,545,81750000,81750100,26642,26642,81900000,81900000
2,546,81900000,81900100,26642,26642,82050000,82050000
2,547,82050000,82050100,26642,26642,82200000,82200000
2,548,82200000,82200100,26642,26642,82350000,82350000
2,549,82350000,82350100,26642,26642,82500000,82500000
2,550,82500000,82500100,26642,26642,82650000,82650000
2,551,82650000,82650100,26642,26642,82800000,82800000
2,552,82800000,82800100,26642,26642,82950000,82950000
2,553,82950000,82950100,26642,26642,83100000,83100000
2,554,83100000,83100100,26642,26642,83250000,83250000
2,555,83250000,83250100,26642,26642,83400000,83400000
2,556,83400000,83400100,26642,26642,83550000,83550000
2,557,83550000,83550100,26642,26642,83700000,83700000
2,558,83700000,83700100,26642,26642,83850000,83850000
2,559,83850000,83850100,26642,26642,84000000,84000000
3,0,0,100,68375,68375,250000,250000
3,1,250000,250100,68375,68375,500000,500000
3,2,500000,500100,68375,68375,750000,750000
3,3,750000,750100,68375,68375,1000000,1000000
3,4,1000000,1000100,68375,68375,1250000,1250000
3,5,1250000,1250100,68375,68375,1500000,1500000
3,6,1500000,1500100,68375,68375,1750000,1750000
3,7,1750000,1750100,68375,68375,2000000,2000000
3,8,2000000,2000100,68375,68375,2250000,2250000
3,9,2250000,2250100,68375,68375,2500000,2500000
3,10,2500000,2500100,68375,68375,2750000,2750000
3,11,2750000,2750100,68375,68375,3000000,3000000
3,12,3000000,3000100,68375,68375,3250000,3250000
3,13,3250000,3250100,68375,68375,3500000,3500000
3,14,3500000,3500100,68375,68375,3750000,3750000
3,15,3750000,3750100,68375,68375,4000000,4000000
3,16,4000000,4000100,68375,68375,4250000,4250000
3,17,4250000,4250100,68375,68375,4500000,4500000
3,18,4500000,4500100,68375,68375,4750000,4750000
3,19,4750000,4750100,68375,68375,5000000,5000000
3,20,5000000,5000100,68375,68375,5250000,5250000
3,21,5250000,5250100,68375,68375,5500000,5500000
3,22,5500000,5500100,68375,68375,5750000,5750000
3,23,5750000,5750100,68375,68375,6000000,6000000
3,24,6000000,6000100,68375,68375,6250000,6250000
3,25,6250000,6250100,68375,68375,6500000,6500000
3,26,6500000,6500100,68375,68375,6750000,6750000
3,27,6750000,6750100,68375,68375,7000000,7000000
3,28,7000000,7000100,68375,68375,7250000,7250000
3,29,7250000,7250100,68375,68375,7500000,7500000
3,30,7500000,7500100,68375,68375,7750000,7750000
3,31,7750000,7750100,68375,68375,8000000,8000000
3,32,8000000,8000100,68375,68375,8250000,8250000
3,33,8250000,8250100,68375,68375,8500000,8500000
3,34,8500000,8500100,68375,68375,8750000,8750000
3,35,8750000,8750100,68375,68375,9000000,9000000
3,36,9000000,9000100,68375,68375,9250000,9250000
3,37,9250000,9250100,68375,68375,9500000,9500000
3,38,9500000,9500100,68375,68375,9750000,9750000
3,39,9750000,9750100,68375,68375,10000000,10000000
3,40,10000000,10000100,68375,68375,10250000,10250000
3,41,10250000,10250100,68375,68375,10500000,10500000
3,42,10500000,10500100,68375,68375,10750000,10750000
3,43,10750000,10750100,68375,68375,11000000,11000000
3,44,11000000,11000100,68375,68375,11250000,11250000
3,45,11250000,11250100,68375,68375,11500000,11500000
3,46,11500000,11500100,68375,68375,11750000,11750000
3,47,11750000,11750100,68375,68375,12000000,12000000
3,48,12000000,12000100,68375,68375,12250000,12250000
3,49,12250000,12250100,68375,68375,12500000,12500000
3,50,12500000,12500100,68375,68375,12750000,12750000
3,51,12750000,12750100,68375,68375,13000000,13000000
3,52,13000000,13000100,68375,68375,13250000,13250000
3,53,13250000,13250100,68375,68375,13500000,13500000
3,54,13500000,13500100,68375,68375,13750000,13750000
3,55,13750000,13750100,68375,68375,14000000,14000000
3,56,14000000,14000100,68375,68375,14250000,14250000
3,57,14250000,14250100,68375,68375,14500000,14500000
3,58,14500000,14500100,68375,68375,14750000,14750000
3,59,14750000,14750100,68375,68375,15000000,15000000
3,60,15000000,15000100,68375,68375,15250000,15250000
3,61,15250000,15250100,68375,68375,15500000,15500000
3,62,15500000,15500100,68375,68375,15750000,15750000
3,63,15750000,15750100,68375,68375,16000000,16000000
3,64,16000000,16000100,68375,68375,16250000,16250000
3,65,16250000,16250100,68375,68375,16500000,16500000
3,66,16500000,16500100,68375,68375,16750000,16750000
3,67,16750000,16750100,68375,68375,17000000,17000000
3,68,17000000,17000100,68375,68375,17250000,17250000
3,69,17250000,17250100,68375,68375,17500000,17500000
3,70,17500000,17500100,68375,68375,17750000,17750000
3,71,17750000,17750100,68375,68375,18000000,18000000
3,72,18000000,18000100,68375,68375,18250000,18250000
3,73,18250000,18250100,68375,68375,18500000,18500000
3,74,18500000,18500100,68375,68375,18750000,18750000
3,75,18750000,18750100,68375,68375,19000000,19000000
3,76,19000000,19000100,68375,68375,19250000,19250000
3,77,19250000,19250100,68375,68375,19500000,19500000
3,78,19500000,19500100,68375,68375,19750000,19750000
3,79,19750000,19750100,68375,68375,20000000,20000000
3,80,20000000,20000100,68375,68375,20250000,20250000
3,81,20250000,20250100,68375,68375,20500000,20500000
3,82,20500000,20500100,68375,68375,20750000,20750000
3,83,20750000,20750100,68375,68375,21000000,21000000
3,84,21000000,21000100,68375,68375,21250000,21250000
3,85,21250000,21250100,68375,68375,21500000,21500000
3,86,21500000,21500100,68375,68375,21750000,21750000
3,87,21750000,21750100,68375,68375,22000000,22000000
3,88,22000000,22000100,68375,68375,22250000,22250000
3,89,22250000,22250100,68375,68375,22500000,22500000
3,90,22500000,22500100,68375,68375,22750000,22750000
3,91,22750000,22750100,68375,68375,23000000,23000000
3,92,23000000,23000100,68375,68375,23250000,23250000
3,93,23250000,23250100,68375,68375,23500000,23500000
3,94,23500000,23500100,68375,68375,23750000,23750000
3,95,23750000,23750100,68375,68375,24000000,24000000
3,96,24000000,24000100,68375,68375,24250000,24250000
3,97,24250000,24250100,68375,68375,24500000,24500000
3,98,24500000,24500100,68375,68375,24750000,24750000
3,99,24750000,24750100,68375,68375,25000000,25000000
3,100,25000000,25000100,68375,68375,25250000,25250000
3,101,25250000,25250100,68375,68375,25500000,25500000
3,102,25500000,25500100,68375,68375,25750000,25750000
3,103,25750000,25750100,68375,68375,26000000,26000000
3,104,26000000,26000100,68375,68375,26250000,26250000
3,105,26250000,26250100,68375,68375,26500000,26500000
3,106,26500000,26500100,68375,68375,26750000,26750000
3,107,26750000,26750100,68375,68375,27000000,27000000
3,108,27000000,27000100,68375,68375,27250000,27250000
3,109,27250000,27250100,68375,68375,27500000,27500000
3,110,27500000,27500100,68375,68375,27750000,27750000
3,111,27750000,27750100,68375,68375,28000000,28000000
3,112,28000000,28000100,68375,68375,28250000,28250000
3,113,28250000,28250100,68375,68375,28500000,28500000
3,114,28500000,28500100,68375,68375,28750000,28750000
3,115,28750000,28750100,68375,68375,29000000,29000000
3,116,29000000,29000100,68375,68375,29250000,29250000
3,117,29250000,29250100,68375,68375,29500000,29500000
3,118,29500000,29500100,68375,68375,29750000,29750000
3,119,29750000,29750100,68375,68375,30000000,30000000
3,120,30000000,30000100,68375,68375,30250000,30250000
3,121,30250000,30250100,68375,68375,30500000,30500000
3,122,30500000,30500100,68375,68375,30750000,30750000
3,123,30750000,30750100,68375,68375,31000000,31000000
3,124,31000000,31000100,68375,68375,31250000,31250000
3,125,31250000,31250100,68375,68375,31500000,31500000
3,126,31500000,31500100,68375,68375,31750000,31750000
3,127,31750000,31750100,68375,68375,32000000,32000000
3,128,32000000,32000100,68375,68375,32250000,32250000
3,129,32250000,32250100,68375,68375,32500000,32500000
3,130,32500000,32500100,68375,68375,32750000,32750000
3,131,32750000,32750100,68375,68375,33000000,33000000
3,132,33000000,33000100,68375,68375,33250000,33250000
3,133,33250000,33250100,68375,68375,33500000,33500000
3,134,33500000,33500100,68375,68375,33750000,33750000
3,135,33750000,33750100,68375,68375,34000000,34000000
3,136,34000000,34000100,68375,68375,34250000,34250000
3,137,34250000,34250100,68375,68375,34500000,34500000
3,138,34500000,34500100,68375,68375,34750000,34750000
3,139,34750000,34750100,68375,68375,35000000,35000000
3,140,35000000,35000100,68375,68375,35250000,35250000
3,141,35250000,35250100,68375,68375,35500000,35500000
3,142,35500000,35500100,68375,68375,35750000,35750000
3,143,35750000,35750100,68375,68375,36000000,36000000
3,144,36000000,36000100,68375,68375,36250000,36250000
3,145,36250000,36250100,68375,68375,36500000,36500000
3,146,36500000,36500100,68375,68375,36750000,36750000
3,147,36750000,36750100,68375,68375,37000000,37000000
3,148,37000000,37000100,68375,68375,37250000,37250000
3,149,37250000,37250100,68375,68375,37500000,37500000
3,150,37500000,37500100,68375,68375,37750000,37750000
3,151,37750000,37750100,68375,68375,38000000,38000000
3,152,38000000,38000100,68375,68375,38250000,38250000
3,153,38250000,38250100,68375,68375,38500000,38500000
3,154,38500000,38500100,68375,68375,38750000,38750000
3,155,38750000,38750100,68375,68375,39000000,39000000
3,156,39000000,39000100,68375,68375,39250000,39250000
3,157,39250000,39250100,68375,68375,39500000,39500000
3,158,39500000,39500100,68375,68375,39750000,39750000
3,159,39750000,39750100,68375,68375,40000000,40000000
3,160,40000000,40000100,68375,68375,40250000,40250000
3,161,40250000,40250100,68375,68375,40500000,40500000
3,162,40500000,40500100,68375,68375,40750000,40750000
3,163,40750000,40750100,68375,68375,41000000,41000000
3,164,41000000,41000100,68375,68375,41250000,41250000
3,165,41250000,41250100,68375,68375,41500000,41500000
3,166,41500000,41500100,68375,68375,41750000,41750000
3,167,41750000,41750100,68375,68375,42000000,42000000
3,168,42000000,42000100,68375,68375,42250000,42250000
3,169,42250000,42250100,68375,68375,42500000,42500000
3,170,42500000,42500100,68375,68375,42750000,42750000
3,171,42750000,42750100,68375,68375,43000000,43000000
3,172,43000000,43000100,68375,68375,43250000,43250000
3,173,43250000,43250100,68375,68375,43500000,43500000
3,174,43500000,43500100,68375,68375,43750000,43750000
3,175,43750000,43750100,68375,68375,44000000,44000000
3,176,44000000,44000100,68375,68375,44250000,44250000
3,177,44250000,44250100,68375,68375,44500000,44500000
3,178,44500000,44500100,68375,68375,44750000,44750000
3,179,44750000,44750100,68375,68375,45000000,45000000
3,180,45000000,45000100,68375,68375,45250000,45250000
3,181,45250000,45250100,68375,68375,45500000,45500000
3,182,45500000,45500100,68375,68375,45750000,45750000
3,183,45750000,45750100,68375,68375,46000000,46000000
3,184,46000000,46000100,68375,68375,46250000,46250000
3,185,46250000,46250100,68375,68375,46500000,46500000
3,186,46500000,46500100,68375,68375,46750000,46750000
3,187,46750000,46750100,68375,68375,47000000,47000000
3,188,47000000,47000100,68375,68375,47250000,47250000
3,189,47250000,47250100,68375,68375,47500000,47500000
3,190,47500000,47500100,68375,68375,47750000,47750000
3,191,47750000,47750100,68375,68375,48000000,48000000
3,192,48000000,48000100,68375,68375,48250000,48250000
3,193,48250000,48250100,68375,68375,48500000,48500000
3,194,48500000,48500100,68375,68375,48750000,48750000
3,195,48750000,48750100,68375,68375,49000000,49000000
3,196,49000000,49000100,68375,68375,49250000,49250000
3,197,49250000,49250100,68375,68375,49500000,49500000
3,198,49500000,49500100,68375,68375,49750000,49750000
3,199,49750000,49750100,68375,68375,50000000,50000000
3,200,50000000,50000100,68375,68375,50250000,50250000
3,201,50250000,50250100,68375,68375,50500000,50500000
3,202,50500000,50500100,68375,68375,50750000,50750000
3,203,50750000,50750100,68375,68375,51000000,51000000
3,204,51000000,51000100,68375,68375,51250000,51250000
3,205,51250000,51250100,68375,68375,51500000,51500000
3,206,51500000,51500100,68375,68375,51750000,51750000
3,207,51750000,51750100,68375,68375,52000000,52000000
3,208,52000000,52000100,68375,68375,52250000,52250000
3,209,52250000,52250100,68375,68375,52500000,52500000
3,210,52500000,52500100,68375,68375,52750000,52750000
3,211,52750000,52750100,68375,68375,53000000,53000000
3,212,53000000,53000100,68375,68375,53250000,53250000
3,213,53250000,53250100,68375,68375,53500000,53500000
3,214,53500000,53500100,68375,68375,53750000,53750000
3,215,53750000,53750100,68375,68375,54000000,54000000
3,216,54000000,54000100,68375,68375,54250000,54250000
3,217,54250000,54250100,68375,68375,54500000,54500000
3,218,54500000,54500100,68375,68375,54750000,54750000
3,219,54750000,54750100,68375,68375,55000000,55000000
3,220,55000000,55000100,68375,68375,55250000,55250000
3,221,55250000,55250100,68375,68375,55500000,55500000
3,222,55500000,55500100,68375,68375,55750000,55750000
3,223,55750000,55750100,68375,68375,56000000,56000000
3,224,56000000,56000100,68375,68375,56250000,56250000
3,225,56250000,56250100,68375,68375,56500000,56500000
3,226,56500000,56500100,68375,68375,56750000,56750000
3,227,56750000,56750100,68375,68375,57000000,57000000
3,228,57000000,57000100,68375,68375,57250000,57250000
3,229,57250000,57250100,68375,68375,57500000,57500000
3,230,57500000,57500100,68375,68375,57750000,57750000
3,231,57750000,57750100,68375,68375,58000000,58000000
3,232,58000000,58000100,68375,68375,58250000,58250000
3,233,58250000,58250100,68375,68375,58500000,58500000
3,234,58500000,58500100,68375,68375,58750000,58750000
3,235,58750000,58750100,68375,68375,59000000,59000000
3,236,59000000,59000100,68375,68375,59250000,59250000
3,237,59250000,59250100,68375,68375,59500000,59500000
3,238,59500000,59500100,68375,68375,59750000,59750000
3,239,59750000,59750100,68375,68375,60000000,60000000
3,240,60000000,60000100,68375,68375,60250000,60250000
3,241,60250000,60250100,68375,68375,60500000,60500000
3,242,60500000,60500100,68375,68375,60750000,60750000
3,243,60750000,60750100,68375,68375,61000000,61000000
3,244,61000000,61000100,68375,68375,61250000,61250000
3,245,61250000,61250100,68375,68375,61500000,61500000
3,246,61500000,61500100,68375,68375,61750000,61750000
3,247,61750000,61750100,68375,68375,62000000,62000000
3,248,62000000,62000100,68375,68375,62250000,62250000
3,249,62250000,62250100,68375,68375,62500000,62500000
3,250,62500000,62500100,68375,68375,62750000,62750000
3,251,62750000,62750100,68375,68375,63000000,63000000
3,252,63000000,63000100,68375,68375,63250000,63250000
3,253,63250000,63250100,68375,68375,63500000,63500000
3,254,63500000,63500100,68375,68375,63750000,63750000
3,255,63750000,63750100,68375,68375,64000000,64000000
3,256,64000000,64000100,68375,68375,64250000,64250000
3,257,64250000,64250100,68375,68375,64500000,64500000
3,258,64500000,64500100,68375,68375,64750000,64750000
3,259,64750000,64750100,68375,68375,65000000,65000000
3,260,65000000,65000100,68375,68375,65250000,65250000
3,261,65250000,65250100,68375,68375,65500000,65500000
3,262,65500000,65500100,68375,68375,65750000,65750000
3,263,65750000,65750100,68375,68375,66000000,66000000
3,264,66000000,66000100,68375,68375,66250000,66250000
3,265,66250000,66250100,68375,68375,66500000,66500000
3,266,66500000,66500100,68375,68375,66750000,66750000
3,267,66750000,66750100,68375,68375,67000000,67000000
3,268,67000000,67000100,68375,68375,67250000,67250000
3,269,67250000,67250100,68375,68375,67500000,67500000
3,270,67500000,67500100,68375,68375,67750000,67750000
3,271,67750000,67750100,68375,68375,68000000,68000000
3,272,68000000,68000100,68375,68375,68250000,68250000
3,273,68250000,68250100,68375,68375,68500000,68500000
3,274,68500000,68500100,68375,68375,68750000,68750000
3,275,68750000,68750100,68375,68375,69000000,69000000
3,276,69000000,69000100,68375,68375,69250000,69250000
3,277,69250000,69250100,68375,68375,69500000,69500000
3,278,69500000,69500100,68375,68375,69750000,69750000
3,279,69750000,69750100,68375,68375,70000000,70000000
3,280,70000000,70000100,68375,68375,70250000,70250000
3,281,70250000,70250100,68375,68375,70500000,70500000
3,282,70500000,70500100,68375,68375,70750000,70750000
3,283,70750000,70750100,68375,68375,71000000,71000000
3,284,71000000,71000100,68375,68375,71250000,71250000
3,285,71250000,71250100,68375,68375,71500000,71500000
3,286,71500000,71500100,68375,68375,71750000,71750000
3,287,71750000,71750100,68375,68375,72000000,72000000
3,288,72000000,72000100,68375,68375,72250000,72250000
3,289,72250000,72250100,68375,68375,72500000,72500000
3,290,72500000,72500100,68375,68375,72750000,72750000
3,291,72750000,72750100,68375,68375,73000000,73000000
3,292,73000000,73000100,68375,68375,73250000,73250000
3,293,73250000,73250100,68375,68375,73500000,73500000
3,294,73500000,73500100,68375,68375,73750000,73750000
3,295,73750000,73750100,68375,68375,74000000,74000000
3,296,74000000,74000100,68375,68375,74250000,74250000
3,297,74250000,74250100,68375,68375,74500000,74500000
3,298,74500000,74500100,68375,68375,74750000,74750000
3,299,74750000,74750100,68375,68375,75000000,75000000
3,300,75000000,75000100,68375,68375,75250000,75250000
3,301,75250000,75250100,68375,68375,75500000,75500000
3,302,75500000,75500100,68375,68375,75750000,75750000
3,303,75750000,75750100,68375,68375,76000000,76000000
3,304,76000000,76000100,68375,68375,76250000,76250000
3,305,76250000,76250100,68375,68375,76500000,76500000
3,306,76500000,76500100,68375,68375,76750000,76750000
3,307,76750000,76750100,68375,68375,77000000,77000000
3,308,77000000,77000100,68375,68375,77250000,77250000
3,309,77250000,77250100,68375,68375,77500000,77500000
3,310,77500000,77500100,68375,68375,77750000,77750000
3,311,77750000,77750100,68375,68375,78000000,78000000
3,312,78000000,78000100,68375,68375,78250000,78250000
3,313,78250000,78250100,68375,68375,78500000,78500000
3,314,78500000,78500100,68375,68375,78750000,78750000
3,315,78750000,78750100,68375,68375,79000000,79000000
3,316,79000000,79000100,68375,68375,79250000,79250000
3,317,79250000,79250100,68375,68375,79500000,79500000
3,318,79500000,79500100,68375,68375,79750000,79750000
3,319,79750000,79750100,68375,68375,80000000,80000000
3,320,80000000,80000100,68375,68375,80250000,80250000
3,321,80250000,80250100,68375,68375,80500000,80500000
3,322,80500000,80500100,68375,68375,80750000,80750000
3,323,80750000,80750100,68375,68375,81000000,81000000
3,324,81000000,81000100,68375,68375,81250000,81250000
3,325,81250000,81250100,68375,68375,81500000,81500000
3,326,81500000,81500100,68375,68375,81750000,81750000
3,327,81750000,81750100,68375,68375,82000000,82000000
3,328,82000000,82000100,68375,68375,82250000,82250000
3,329,82250000,82250100,68375,68375,82500000,82500000
3,330,82500000,82500100,68375,68375,82750000,82750000
3,331,82750000,82750100,68375,68375,83000000,83000000
3,332,83000000,83000100,68375,68375,83250000,83250000
3,333,83250000,83250100,68375,68375,83500000,83500000
3,334,83500000,83500100,68375,68375,83750000,83750000
3,335,83750000,83750100,68375,68375,84000000,84000000
4,0,0,100,16785,16785,350000,350000
4,1,350000,350100,16785,16785,700000,700000
4,2,700000,700100,16785,16785,1050000,1050000
4,3,1050000,1050100,16785,16785,1400000,1400000
4,4,1400000,1400100,16785,16785,1750000,1750000
4,5,1750000,1750100,16785,16785,2100000,2100000
4,6,2100000,2100100,16785,16785,2450000,2450000
4,7,2450000,2450100,16785,16785,2800000,2800000
4,8,2800000,2800100,16785,16785,3150000,3150000
4,9,3150000,3150100,16785,16785,3500000,3500000
4,10,3500000,3500100,16785,16785,3850000,3850000
4,11,3850000,3850100,16785,16785,4200000,4200000
4,12,4200000,4200100,16785,16785,4550000,4550000
4,13,4550000,4550100,16785,16785,4900000,4900000
4,14,4900000,4900100,16785,16785,5250000,5250000
4,15,5250000,5250100,16785,16785,5600000,5600000
4,16,5600000,5600100,16785,16785,5950000,5950000
4,17,5950000,5950100,16785,16785,6300000,6300000
4,18,6300000,6300100,16785,16785,6650000,6650000
4,19,6650000,6650100,16785,16785,7000000,7000000
4,20,7000000,7000100,16785,16785,7350000,7350000
4,21,7350000,7350100,16785,16785,7700000,7700000
4,22,7700000,7700100,16785,16785,8050000,8050000
4,23,8050000,8050100,16785,16785,8400000,8400000
4,24,8400000,8400100,16785,16785,8750000,8750000
4,25,8750000,8750100,16785,16785,9100000,9100000
4,26,9100000,9100100,16785,16785,9450000,9450000
4,27,9450000,9450100,16785,16785,9800000,9800000
4,28,9800000,9800100,16785,16785,10150000,10150000
4,29,10150000,10150100,16785,16785,10500000,10500000
4,30,10500000,10500100,16785,16785,10850000,10850000
4,31,10850000,10850100,16785,16785,11200000,11200000
4,32,11200000,11200100,16785,16785,11550000,11550000
4,33,11550000,11550100,16785,16785,11900000,11900000
4,34,11900000,11900100,16785,16785,12250000,12250000
4,35,12250000,12250100,16785,16785,12600000,12600000
4,36,12600000,12600100,16785,16785,12950000,12950000
4,37,12950000,12950100,16785,16785,13300000,13300000
4,38,13300000,13300100,16785,16785,13650000,13650000
4,39,13650000,13650100,16785,16785,14000000,14000000
4,40,14000000,14000100,16785,16785,14350000,14350000
4,41,14350000,14350100,16785,16785,14700000,14700000
4,42,14700000,14700100,16785,16785,15050000,15050000
4,43,15050000,15050100,16785,16785,15400000,15400000
4,44,15400000,15400100,16785,16785,15750000,15750000
4,45,15750000,15750100,16785,16785,16100000,16100000
4,46,16100000,16100100,16785,16785,16450000,16450000
4,47,16450000,16450100,16785,16785,16800000,16800000
4,48,16800000,16800100,16785,16785,17150000,17150000
4,49,17150000,17150100,16785,16785,17500000,17500000
4,50,17500000,17500100,16785,16785,17850000,17850000
4,51,17850000,17850100,16785,16785,18200000,18200000
4,52,18200000,18200100,16785,16785,18550000,18550000
4,53,18550000,18550100,16785,16785,18900000,18900000
4,54,18900000,18900100,16785,16785,19250000,19250000
4,55,19250000,19250100,16785,16785,19600000,19600000
4,56,19600000,19600100,16785,16785,19950000,19950000
4,57,19950000,19950100,16785,16785,20300000,20300000
4,58,20300000,20300100,16785,16785,20650000,20650000
4,59,20650000,20650100,16785,16785,21000000,21000000
4,60,21000000,21000100,16785,16785,21350000,21350000
4,61,21350000,21350100,16785,16785,21700000,21700000
4,62,21700000,21700100,16785,16785,22050000,22050000
4,63,22050000,22050100,16785,16785,22400000,22400000
4,64,22400000,22400100,16785,16785,22750000,22750000
4,65,22750000,22750100,16785,16785,23100000,23100000
4,66,23100000,23100100,16785,16785,23450000,23450000
4,67,23450000,23450100,16785,16785,23800000,23800000
4,68,23800000,23800100,16785,16785,24150000,24150000
4,69,24150000,24150100,16785,16785,24500000,24500000
4,70,24500000,24500100,16785,16785,24850000,24850000
4,71,24850000,24850100,16785,16785,25200000,25200000
4,72,25200000,25200100,16785,16785,25550000,25550000
4,73,25550000,25550100,16785,16785,25900000,25900000
4,74,25900000,25900100,16785,16785,26250000,26250000
4,75,26250000,26250100,16785,16785,26600000,26600000
4,76,26600000,26600100,16785,16785,26950000,26950000
4,77,26950000,26950100,16785,16785,27300000,27300000
4,78,27300000,27300100,16785,16785,27650000,27650000
4,79,27650000,27650100,16785,16785,28000000,28000000
4,80,28000000,28000100,16785,16785,28350000,28350000
4,81,28350000,28350100,16785,16785,28700000,28700000
4,82,28700000,28700100,16785,16785,29050000,29050000
4,83,29050000,29050100,16785,16785,29400000,29400000
4,84,29400000,29400100,16785,16785,29750000,29750000
4,85,29750000,29750100,16785,16785,30100000,30100000
4,86,30100000,30100100,16785,16785,30450000,30450000
4,87,30450000,30450100,16785,16785,30800000,30800000
4,88,30800000,30800100,16785,16785,31150000,31150000
4,89,31150000,31150100,16785,16785,31500000,31500000
4,90,31500000,31500100,16785,16785,31850000,31850000
4,91,31850000,31850100,16785,16785,32200000,32200000
4,92,32200000,32200100,16785,16785,32550000,32550000
4,93,32550000,32550100,16785,16785,32900000,32900000
4,94,32900000,32900100,16785,16785,33250000,33250000
4,95,33250000,33250100,16785,16785,33600000,33600000
4,96,33600000,33600100,16785,16785,33950000,33950000
4,97,33950000,33950100,16785,16785,34300000,34300000
4,98,34300000,34300100,16785,16785,34650000,34650000
4,99,34650000,34650100,16785,16785,35000000,35000000
4,100,35000000,35000100,16785,16785,35350000,35350000
4,101,35350000,35350100,16785,16785,35700000,35700000
4,102,35700000,35700100,16785,16785,36050000,36050000
4,103,36050000,36050100,16785,16785,36400000,36400000
4,104,36400000,36400100,16785,16785,36750000,36750000
4,105,36750000,36750100,16785,16785,37100000,37100000
4,106,37100000,37100100,16785,16785,37450000,37450000
4,107,37450000,37450100,16785,16785,37800000,37800000
4,108,37800000,37800100,16785,16785,38150000,38150000
4,109,38150000,38150100,16785,16785,38500000,38500000
4,110,38500000,38500100,16785,16785,38850000,38850000
4,111,38850000,38850100,16785,16785,39200000,39200000
4,112,39200000,39200100,16785,16785,39550000,39550000
4,113,39550000,39550100,16785,16785,39900000,39900000
4,114,39900000,39900100,16785,16785,40250000,40250000
4,115,40250000,40250100,16785,16785,40600000,40600000
4,116,40600000,40600100,16785,16785,40950000,40950000
4,117,40950000,40950100,16785,16785,41300000,41300000
4,118,41300000,41300100,16785,16785,41650000,41650000
4,119,41650000,41650100,16785,16785,42000000,42000000
4,120,42000000,42000100,16785,16785,42350000,42350000
4,121,42350000,42350100,16785,16785,42700000,42700000
4,122,42700000,42700100,16785,16785,43050000,43050000
4,123,43050000,43050100,16785,16785,43400000,43400000
4,124,43400000,43400100,16785,16785,43750000,43750000
4,125,43750000,43750100,16785,16785,44100000,44100000
4,126,44100000,44100100,16785,16785,44450000,44450000
4,127,44450000,44450100,16785,16785,44800000,44800000
4,128,44800000,44800100,16785,16785,45150000,45150000
4,129,45150000,45150100,16785,16785,45500000,45500000
4,130,45500000,45500100,16785,16785,45850000,45850000
4,131,45850000,45850100,16785,16785,46200000,46200000
4,132,46200000,46200100,16785,16785,46550000,46550000
4,133,46550000,46550100,16785,16785,46900000,46900000
4,134,46900000,46900100,16785,16785,47250000,47250000
4,135,47250000,47250100,16785,16785,47600000,47600000
4,136,47600000,47600100,16785,16785,47950000,47950000
4,137,47950000,47950100,16785,16785,48300000,48300000
4,138,48300000,48300100,16785,16785,48650000,48650000
4,139,48650000,48650100,16785,16785,49000000,49000000
4,140,49000000,49000100,16785,16785,49350000,49350000
4,141,49350000,49350100,16785,16785,49700000,49700000
4,142,49700000,49700100,16785,16785,50050000,50050000
4,143,50050000,50050100,16785,16785,50400000,50400000
4,144,50400000,50400100,16785,16785,50750000,50750000
4,145,50750000,50750100,16785,16785,51100000,51100000
4,146,51100000,51100100,16785,16785,51450000,51450000
4,147,51450000,51450100,16785,16785,51800000,51800000
4,148,51800000,51800100,16785,16785,52150000,52150000
4,149,52150000,52150100,16785,16785,52500000,52500000
4,150,52500000,52500100,16785,16785,52850000,52850000
4,151,52850000,52850100,16785,16785,53200000,53200000
4,152,53200000,53200100,16785,16785,53550000,53550000
4,153,53550000,53550100,16785,16785,53900000,53900000
4,154,53900000,53900100,16785,16785,54250000,54250000
4,155,54250000,54250100,16785,16785,54600000,54600000
4,156,54600000,54600100,16785,16785,54950000,54950000
4,157,54950000,54950100,16785,16785,55300000,55300000
4,158,55300000,55300100,16785,16785,55650000,55650000
4,159,55650000,55650100,16785,16785,56000000,56000000
4,160,56000000,56000100,16785,16785,56350000,56350000
4,161,56350000,56350100,16785,16785,56700000,56700000
4,162,56700000,56700100,16785,16785,57050000,57050000
4,163,57050000,57050100,16785,16785,57400000,57400000
4,164,57400000,57400100,16785,16785,57750000,57750000
4,165,57750000,57750100,16785,16785,58100000,58100000
4,166,58100000,58100100,16785,16785,58450000,58450000
4,167,58450000,58450100,16785,16785,58800000,58800000
4,168,58800000,58800100,16785,16785,59150000,59150000
4,169,59150000,59150100,16785,16785,59500000,59500000
4,170,59500000,59500100,16785,16785,59850000,59850000
4,171,59850000,59850100,16785,16785,60200000,60200000
4,172,60200000,60200100,16785,16785,60550000,60550000
4,173,60550000,60550100,16785,16785,60900000,60900000
4,174,60900000,60900100,16785,16785,61250000,61250000
4,175,61250000,61250100,16785,16785,61600000,61600000
4,176,61600000,61600100,16785,16785,61950000,61950000
4,177,61950000,61950100,16785,16785,62300000,62300000
4,178,62300000,62300100,16785,16785,62650000,62650000
4,179,62650000,62650100,16785,16785,63000000,63000000
4,180,63000000,63000100,16785,16785,63350000,63350000
4,181,63350000,63350100,16785,16785,63700000,63700000
4,182,63700000,63700100,16785,16785,64050000,64050000
4,183,64050000,64050100,16785,16785,64400000,64400000
4,184,64400000,64400100,16785,16785,64750000,64750000
4,185,64750000,64750100,16785,16785,65100000,65100000
4,186,65100000,65100100,16785,16785,65450000,65450000
4,187,65450000,65450100,16785,16785,65800000,65800000
4,188,65800000,65800100,16785,16785,66150000,66150000
4,189,66150000,66150100,16785,16785,66500000,66500000
4,190,66500000,66500100,16785,16785,66850000,66850000
4,191,66850000,66850100,16785,16785,67200000,67200000
4,192,67200000,67200100,16785,16785,67550000,67550000
4,193,67550000,67550100,16785,16785,67900000,67900000
4,194,67900000,67900100,16785,16785,68250000,68250000
4,195,68250000,68250100,16785,16785,68600000,68600000
4,196,68600000,68600100,16785,16785,68950000,68950000
4,197,68950000,68950100,16785,16785,69300000,69300000
4,198,69300000,69300100,16785,16785,69650000,69650000
4,199,69650000,69650100,16785,16785,70000000,70000000
4,200,70000000,70000100,16785,16785,70350000,70350000
4,201,70350000,70350100,16785,16785,70700000,70700000
4,202,70700000,70700100,16785,16785,71050000,71050000
4,203,71050000,71050100,16785,16785,71400000,71400000
4,204,71400000,71400100,16785,16785,71750000,71750000
4,205,71750000,71750100,16785,16785,72100000,72100000
4,206,72100000,72100100,16785,16785,72450000,72450000
4,207,72450000,72450100,16785,16785,72800000,72800000
4,208,72800000,72800100,16785,16785,73150000,73150000
4,209,73150000,73150100,16785,16785,73500000,73500000
4,210,73500000,73500100,16785,16785,73850000,73850000
4,211,73850000,73850100,16785,16785,74200000,74200000
4,212,74200000,74200100,16785,16785,74550000,74550000
4,213,74550000,74550100,16785,16785,74900000,74900000
4,214,74900000,74900100,16785,16785,75250000,75250000
4,215,75250000,75250100,16785,16785,75600000,75600000
4,216,75600000,75600100,16785,16785,75950000,75950000
4,217,75950000,75950100,16785,16785,76300000,76300000
4,218,76300000,76300100,16785,16785,76650000,76650000
4,219,76650000,76650100,16785,16785,77000000,77000000
4,220,77000000,77000100,16785,16785,77350000,77350000
4,221,77350000,77350100,16785,16785,77700000,77700000
4,222,77700000,77700100,16785,16785,78050000,78050000
4,223,78050000,78050100,16785,16785,78400000,78400000
4,224,78400000,78400100,16785,16785,78750000,78750000
4,225,78750000,78750100,16785,16785,79100000,79100000
4,226,79100000,79100100,16785,16785,79450000,79450000
4,227,79450000,79450100,16785,16785,79800000,79800000
4,228,79800000,79800100,16785,16785,80150000,80150000
4,229,80150000,80150100,16785,16785,80500000,80500000
4,230,80500000,80500100,16785,16785,80850000,80850000
4,231,80850000,80850100,16785,16785,81200000,81200000
4,232,81200000,81200100,16785,16785,81550000,81550000
4,233,81550000,81550100,16785,16785,81900000,81900000
4,234,81900000,81900100,16785,16785,82250000,82250000
4,235,82250000,82250100,16785,16785,82600000,82600000
4,236,82600000,82600100,16785,16785,82950000,82950000
4,237,82950000,82950100,16785,16785,83300000,83300000
4,238,83300000,83300100,16785,16785,83650000,83650000
4,239,83650000,83650100,16785,16785,84000000,84000000
5,0,0,100,464692,464692,800000,800000
5,1,800000,800100,464692,464692,1600000,1600000
5,2,1600000,1600100,464692,464692,2400000,2400000
5,3,2400000,2400100,464692,464692,3200000,3200000
5,4,3200000,3200100,464692,464692,4000000,4000000
5,5,4000000,4000100,464692,464692,4800000,4800000
5,6,4800000,4800100,464692,464692,5600000,5600000
5,7,5600000,5600100,464692,464692,6400000,6400000
5,8,6400000,6400100,464692,464692,7200000,7200000
5,9,7200000,7200100,464692,464692,8000000,8000000
5,10,8000000,8000100,464692,464692,8800000,8800000
5,11,8800000,8800100,464692,464692,9600000,9600000
5,12,9600000,9600100,464692,464692,10400000,10400000
5,13,10400000,10400100,464692,464692,11200000,11200000
5,14,11200000,11200100,464692,464692,12000000,12000000
5,15,12000000,12000100,464692,464692,12800000,12800000
5,16,12800000,12800100,464692,464692,13600000,13600000
5,17,13600000,13600100,464692,464692,14400000,14400000
5,18,14400000,14400100,464692,464692,15200000,15200000
5,19,15200000,15200100,464692,464692,16000000,16000000
5,20,16000000,16000100,464692,464692,16800000,16800000
5,21,16800000,16800100,464692,464692,17600000,17600000
5,22,17600000,17600100,464692,464692,18400000,18400000
5,23,18400000,18400100,464692,464692,19200000,19200000
5,24,19200000,19200100,464692,464692,20000000,20000000
5,25,20000000,20000100,464692,464692,20800000,20800000
5,26,20800000,20800100,464692,464692,21600000,21600000
5,27,21600000,21600100,464692,464692,22400000,22400000
5,28,22400000,22400100,464692,464692,23200000,23200000
5,29,23200000,23200100,464692,464692,24000000,24000000
5,30,24000000,24000100,464692,464692,24800000,24800000
5,31,24800000,24800100,464692,464692,25600000,25600000
5,32,25600000,25600100,464692,464692,26400000,26400000
5,33,26400000,26400100,464692,464692,27200000,27200000
5,34,27200000,27200100,464692,464692,28000000,28000000
5,35,28000000,28000100,464692,464692,28800000,28800000
5,36,28800000,28800100,464692,464692,29600000,29600000
5,37,29600000,29600100,464692,464692,30400000,30400000
5,38,30400000,30400100,464692,464692,31200000,31200000
5,39,31200000,31200100,464692,464692,32000000,32000000
5,40,32000000,32000100,464692,464692,32800000,32800000
5,41,32800000,32800100,464692,464692,33600000,33600000
5,42,33600000,33600100,464692,464692,34400000,34400000
5,43,34400000,34400100,464692,464692,35200000,35200000
5,44,35200000,35200100,464692,464692,36000000,36000000
5,45,36000000,36000100,464692,464692,36800000,36800000
5,46,36800000,36800100,464692,464692,37600000,37600000
5,47,37600000,37600100,464692,464692,38400000,38400000
5,48,38400000,38400100,464692,464692,39200000,39200000
5,49,39200000,39200100,464692,464692,40000000,40000000
5,50,40000000,40000100,464692,464692,40800000,40800000
5,51,40800000,40800100,464692,464692,41600000,41600000
5,52,41600000,41600100,464692,464692,42400000,42400000
5,53,42400000,42400100,464692,464692,43200000,43200000
5,54,43200000,43200100,464692,464692,44000000,44000000
5,55,44000000,44000100,464692,464692,44800000,44800000
5,56,44800000,44800100,464692,464692,45600000,45600000
5,57,45600000,45600100,464692,464692,46400000,46400000
5,58,46400000,46400100,464692,464692,47200000,47200000
5,59,47200000,47200100,464692,464692,48000000,48000000
5,60,48000000,48000100,464692,464692,48800000,48800000
5,61,48800000,48800100,464692,464692,49600000,49600000
5,62,49600000,49600100,464692,464692,50400000,50400000
5,63,50400000,50400100,464692,464692,51200000,51200000
5,64,51200000,51200100,464692,464692,52000000,52000000
5,65,52000000,52000100,464692,464692,52800000,52800000
5,66,52800000,52800100,464692,464692,53600000,53600000
5,67,53600000,53600100,464692,464692,54400000,54400000
5,68,54400000,54400100,464692,464692,55200000,55200000
5,69,55200000,55200100,464692,464692,56000000,56000000
5,70,56000000,56000100,464692,464692,56800000,56800000
5,71,56800000,56800100,464692,464692,57600000,57600000
5,72,57600000,57600100,464692,464692,58400000,58400000
5,73,58400000,58400100,464692,464692,59200000,59200000
5,74,59200000,59200100,464692,464692,60000000,60000000
5,75,60000000,60000100,464692,464692,60800000,60800000
5,76,60800000,60800100,464692,464692,61600000,61600000
5,77,61600000,61600100,464692,464692,62400000,62400000
5,78,62400000,62400100,464692,464692,63200000,63200000
5,79,63200000,63200100,464692,464692,64000000,64000000
5,80,64000000,64000100,464692,464692,64800000,64800000
5,81,64800000,64800100,464692,464692,65600000,65600000
5,82,65600000,65600100,464692,464692,66400000,66400000
5,83,66400000,66400100,464692,464692,67200000,67200000
5,84,67200000,67200100,464692,464692,68000000,68000000
5,85,68000000,68000100,464692,464692,68800000,68800000
5,86,68800000,68800100,464692,464692,69600000,69600000
5,87,69600000,69600100,464692,464692,70400000,70400000
5,88,70400000,70400100,464692,464692,71200000,71200000
5,89,71200000,71200100,464692,464692,72000000,72000000
5,90,72000000,72000100,464692,464692,72800000,72800000
5,91,72800000,72800100,464692,464692,73600000,73600000
5,92,73600000,73600100,464692,464692,74400000,74400000
5,93,74400000,74400100,464692,464692,75200000,75200000
5,94,75200000,75200100,464692,464692,76000000,76000000
5,95,76000000,76000100,464692,464692,76800000,76800000
5,96,76800000,76800100,464692,464692,77600000,77600000
5,97,77600000,77600100,464692,464692,78400000,78400000
5,98,78400000,78400100,464692,464692,79200000,79200000
5,99,79200000,79200100,464692,464692,80000000,80000000
5,100,80000000,80000100,464692,464692,80800000,80800000
5,101,80800000,80800100,464692,464692,81600000,81600000
5,102,81600000,81600100,464692,464692,82400000,82400000
5,103,82400000,82400100,464692,464692,83200000,83200000
5,104,83200000,83200100,464692,464692,84000000,84000000
