Task ID,Job ID,Arrival min,Arrival max,Cost min,Cost max,Deadline,Priority
0,0,0,100,18865,18865,100000,100000
0,1,100000,100100,18865,18865,200000,200000
0,2,200000,200100,18865,18865,300000,300000
0,3,300000,300100,18865,18865,400000,400000
0,4,400000,400100,18865,18865,500000,500000
0,5,500000,500100,18865,18865,600000,600000
0,6,600000,600100,18865,18865,700000,700000
0,7,700000,700100,18865,18865,800000,800000
0,8,800000,800100,18865,18865,900000,900000
0,9,900000,900100,18865,18865,1000000,1000000
0,10,1000000,1000100,18865,18865,1100000,1100000
0,11,1100000,1100100,18865,18865,1200000,1200000
0,12,1200000,1200100,18865,18865,1300000,1300000
0,13,1300000,1300100,18865,18865,1400000,1400000
0,14,1400000,1400100,18865,18865,1500000,1500000
0,15,1500000,1500100,18865,18865,1600000,1600000
0,16,1600000,1600100,18865,18865,1700000,1700000
0,17,1700000,1700100,18865,18865,1800000,1800000
0,18,1800000,1800100,18865,18865,1900000,1900000
0,19,1900000,1900100,18865,18865,2000000,2000000
0,20,2000000,2000100,18865,18865,2100000,2100000
0,21,2100000,2100100,18865,18865,2200000,2200000
0,22,2200000,2200100,18865,18865,2300000,2300000
0,23,2300000,2300100,18865,18865,2400000,2400000
0,24,2400000,2400100,18865,18865,2500000,2500000
0,25,2500000,2500100,18865,18865,2600000,2600000
0,26,2600000,2600100,18865,18865,2700000,2700000
0,27,2700000,2700100,18865,18865,2800000,2800000
0,28,2800000,2800100,18865,18865,2900000,2900000
0,29,2900000,2900100,18865,18865,3000000,3000000
0,30,3000000,3000100,18865,18865,3100000,3100000
0,31,3100000,3100100,18865,18865,3200000,3200000
0,32,3200000,3200100,18865,18865,3300000,3300000
0,33,3300000,3300100,18865,18865,3400000,3400000
0,34,3400000,3400100,18865,18865,3500000,3500000
0,35,3500000,3500100,18865,18865,3600000,3600000
0,36,3600000,3600100,18865,18865,3700000,3700000
0,37,3700000,3700100,18865,18865,3800000,3800000
0,38,3800000,3800100,18865,18865,3900000,3900000
0,39,3900000,3900100,18865,18865,4000000,4000000
0,40,4000000,4000100,18865,18865,4100000,4100000
0,41,4100000,4100100,18865,18865,4200000,4200000
0,42,4200000,4200100,18865,18865,4300000,4300000
0,43,4300000,4300100,18865,18865,4400000,4400000
0,44,4400000,4400100,18865,18865,4500000,4500000
0,45,4500000,4500100,18865,18865,4600000,4600000
0,46,4600000,4600100,18865,18865,4700000,4700000
0,47,4700000,4700100,18865,18865,4800000,4800000
0,48,4800000,4800100,18865,18865,4900000,4900000
0,49,4900000,4900100,18865,18865,5000000,5000000
0,50,5000000,5000100,18865,18865,5100000,5100000
0,51,5100000,5100100,18865,18865,5200000,5200000
0,52,5200000,5200100,18865,18865,5300000,5300000
0,53,5300000,5300100,18865,18865,5400000,5400000
0,54,5400000,5400100,18865,18865,5500000,5500000
0,55,5500000,5500100,18865,18865,5600000,5600000
0,56,5600000,5600100,18865,18865,5700000,5700000
0,57,5700000,5700100,18865,18865,5800000,5800000
0,58,5800000,5800100,18865,18865,5900000,5900000
0,59,5900000,5900100,18865,18865,6000000,6000000
0,60,6000000,6000100,18865,18865,6100000,6100000
0,61,6100000,6100100,18865,18865,6200000,6200000
0,62,6200000,6200100,18865,18865,6300000,6300000
0,63,6300000,6300100,18865,18865,6400000,6400000
0,64,6400000,6400100,18865,18865,6500000,6500000
0,65,6500000,6500100,18865,18865,6600000,6600000
0,66,6600000,6600100,18865,18865,6700000,6700000
0,67,6700000,6700100,18865,18865,6800000,6800000
0,68,6800000,6800100,18865,18865,6900000,6900000
0,69,6900000,6900100,18865,18865,7000000,7000000
0,70,7000000,7000100,18865,18865,7100000,7100000
0,71,7100000,7100100,18865,18865,7200000,7200000
0,72,7200000,7200100,18865,18865,7300000,7300000
0,73,7300000,7300100,18865,18865,7400000,7400000
0,74,7400000,7400100,18865,18865,7500000,7500000
0,75,7500000,7500100,18865,18865,7600000,7600000
0,76,7600000,7600100,18865,18865,7700000,7700000
0,77,7700000,7700100,18865,18865,7800000,7800000
0,78,7800000,7800100,18865,18865,7900000,7900000
0,79,7900000,7900100,18865,18865,8000000,8000000
0,80,8000000,8000100,18865,18865,8100000,8100000
0,81,8100000,8100100,18865,18865,8200000,8200000
0,82,8200000,8200100,18865,18865,8300000,8300000
0,83,8300000,8300100,18865,18865,8400000,8400000
0,84,8400000,8400100,18865,18865,8500000,8500000
0,85,8500000,8500100,18865,18865,8600000,8600000
0,86,8600000,8600100,18865,18865,8700000,8700000
0,87,8700000,8700100,18865,18865,8800000,8800000
0,88,8800000,8800100,18865,18865,8900000,8900000
0,89,8900000,8900100,18865,18865,9000000,9000000
0,90,9000000,9000100,18865,18865,9100000,9100000
0,91,9100000,9100100,18865,18865,9200000,9200000
0,92,9200000,9200100,18865,18865,9300000,9300000
0,93,9300000,9300100,18865,18865,9400000,9400000
0,94,9400000,9400100,18865,18865,9500000,9500000
0,95,9500000,9500100,18865,18865,9600000,9600000
0,96,9600000,9600100,18865,18865,9700000,9700000
0,97,9700000,9700100,18865,18865,9800000,9800000
0,98,9800000,9800100,18865,18865,9900000,9900000
0,99,9900000,9900100,18865,18865,10000000,10000000
0,100,10000000,10000100,18865,18865,10100000,10100000
0,101,10100000,10100100,18865,18865,10200000,10200000
0,102,10200000,10200100,18865,18865,10300000,10300000
0,103,10300000,10300100,18865,18865,10400000,10400000
0,104,10400000,10400100,18865,18865,10500000,10500000
0,105,10500000,10500100,18865,18865,10600000,10600000
0,106,10600000,10600100,18865,18865,10700000,10700000
0,107,10700000,10700100,18865,18865,10800000,10800000
0,108,10800000,10800100,18865,18865,10900000,10900000
0,109,10900000,10900100,18865,18865,11000000,11000000
0,110,11000000,11000100,18865,18865,11100000,11100000
0,111,11100000,11100100,18865,18865,11200000,11200000
0,112,11200000,11200100,18865,18865,11300000,11300000
0,113,11300000,11300100,18865,18865,11400000,11400000
0,114,11400000,11400100,18865,18865,11500000,11500000
0,115,11500000,11500100,18865,18865,11600000,11600000
0,116,11600000,11600100,18865,18865,11700000,11700000
0,117,11700000,11700100,18865,18865,11800000,11800000
0,118,11800000,11800100,18865,18865,11900000,11900000
0,119,11900000,11900100,18865,18865,12000000,12000000
0,120,12000000,12000100,18865,18865,12100000,12100000
0,121,12100000,12100100,18865,18865,12200000,12200000
0,122,12200000,12200100,18865,18865,12300000,12300000
0,123,12300000,12300100,18865,18865,12400000,12400000
0,124,12400000,12400100,18865,18865,12500000,12500000
0,125,12500000,12500100,18865,18865,12600000,12600000
0,126,12600000,12600100,18865,18865,12700000,12700000
0,127,12700000,12700100,18865,18865,12800000,12800000
0,128,12800000,12800100,18865,18865,12900000,12900000
0,129,12900000,12900100,18865,18865,13000000,13000000
0,130,13000000,13000100,18865,18865,13100000,13100000
0,131,13100000,13100100,18865,18865,13200000,13200000
0,132,13200000,13200100,18865,18865,13300000,13300000
0,133,13300000,13300100,18865,18865,13400000,13400000
0,134,13400000,13400100,18865,18865,13500000,13500000
0,135,13500000,13500100,18865,18865,13600000,13600000
0,136,13600000,13600100,18865,18865,13700000,13700000
0,137,13700000,13700100,18865,18865,13800000,13800000
0,138,13800000,13800100,18865,18865,13900000,13900000
0,139,13900000,13900100,18865,18865,14000000,14000000
0,140,14000000,14000100,18865,18865,14100000,14100000
0,141,14100000,14100100,18865,18865,14200000,14200000
0,142,14200000,14200100,18865,18865,14300000,14300000
0,143,14300000,14300100,18865,18865,14400000,14400000
0,144,14400000,14400100,18865,18865,14500000,14500000
0,145,14500000,14500100,18865,18865,14600000,14600000
0,146,14600000,14600100,18865,18865,14700000,14700000
0,147,14700000,14700100,18865,18865,14800000,14800000
0,148,14800000,14800100,18865,18865,14900000,14900000
0,149,14900000,14900100,18865,18865,15000000,15000000
0,150,15000000,15000100,18865,18865,15100000,15100000
0,151,15100000,15100100,18865,18865,15200000,15200000
0,152,15200000,15200100,18865,18865,15300000,15300000
0,153,15300000,15300100,18865,18865,15400000,15400000
0,154,15400000,15400100,18865,18865,15500000,15500000
0,155,15500000,15500100,18865,18865,15600000,15600000
0,156,15600000,15600100,18865,18865,15700000,15700000
0,157,15700000,15700100,18865,18865,15800000,15800000
0,158,15800000,15800100,18865,18865,15900000,15900000
0,159,15900000,15900100,18865,18865,16000000,16000000
0,160,16000000,16000100,18865,18865,16100000,16100000
0,161,16100000,16100100,18865,18865,16200000,16200000
0,162,16200000,16200100,18865,18865,16300000,16300000
0,163,16300000,16300100,18865,18865,16400000,16400000
0,164,16400000,16400100,18865,18865,16500000,16500000
0,165,16500000,16500100,18865,18865,16600000,16600000
0,166,16600000,16600100,18865,18865,16700000,16700000
0,167,16700000,16700100,18865,18865,16800000,16800000
0,168,16800000,16800100,18865,18865,16900000,16900000
0,169,16900000,16900100,18865,18865,17000000,17000000
0,170,17000000,17000100,18865,18865,17100000,17100000
0,171,17100000,17100100,18865,18865,17200000,17200000
0,172,17200000,17200100,18865,18865,17300000,17300000
0,173,17300000,17300100,18865,18865,17400000,17400000
0,174,17400000,17400100,18865,18865,17500000,17500000
0,175,17500000,17500100,18865,18865,17600000,17600000
0,176,17600000,17600100,18865,18865,17700000,17700000
0,177,17700000,17700100,18865,18865,17800000,17800000
0,178,17800000,17800100,18865,18865,17900000,17900000
0,179,17900000,17900100,18865,18865,18000000,18000000
0,180,18000000,18000100,18865,18865,18100000,18100000
0,181,18100000,18100100,18865,18865,18200000,18200000
0,182,18200000,18200100,18865,18865,18300000,18300000
0,183,18300000,18300100,18865,18865,18400000,18400000
0,184,18400000,18400100,18865,18865,18500000,18500000
0,185,18500000,18500100,18865,18865,18600000,18600000
0,186,18600000,18600100,18865,18865,18700000,18700000
0,187,18700000,18700100,18865,18865,18800000,18800000
0,188,18800000,18800100,18865,18865,18900000,18900000
0,189,18900000,18900100,18865,18865,19000000,19000000
0,190,19000000,19000100,18865,18865,19100000,19100000
0,191,19100000,19100100,18865,18865,19200000,19200000
0,192,19200000,19200100,18865,18865,19300000,19300000
0,193,19300000,19300100,18865,18865,19400000,19400000
0,194,19400000,19400100,18865,18865,19500000,19500000
0,195,19500000,19500100,18865,18865,19600000,19600000
0,196,19600000,19600100,18865,18865,19700000,19700000
0,197,19700000,19700100,18865,18865,19800000,19800000
0,198,19800000,19800100,18865,18865,19900000,19900000
0,199,19900000,19900100,18865,18865,20000000,20000000
0,200,20000000,20000100,18865,18865,20100000,20100000
0,201,20100000,20100100,18865,18865,20200000,20200000
0,202,20200000,20200100,18865,18865,20300000,20300000
0,203,20300000,20300100,18865,18865,20400000,20400000
0,204,20400000,20400100,18865,18865,20500000,20500000
0,205,20500000,20500100,18865,18865,20600000,20600000
0,206,20600000,20600100,18865,18865,20700000,20700000
0,207,20700000,20700100,18865,18865,20800000,20800000
0,208,20800000,20800100,18865,18865,20900000,20900000
0,209,20900000,20900100,18865,18865,21000000,21000000
0,210,21000000,21000100,18865,18865,21100000,21100000
0,211,21100000,21100100,18865,18865,21200000,21200000
0,212,21200000,21200100,18865,18865,21300000,21300000
0,213,21300000,21300100,18865,18865,21400000,21400000
0,214,21400000,21400100,18865,18865,21500000,21500000
0,215,21500000,21500100,18865,18865,21600000,21600000
0,216,21600000,21600100,18865,18865,21700000,21700000
0,217,21700000,21700100,18865,18865,21800000,21800000
0,218,21800000,21800100,18865,18865,21900000,21900000
0,219,21900000,21900100,18865,18865,22000000,22000000
0,220,22000000,22000100,18865,18865,22100000,22100000
0,221,22100000,22100100,18865,18865,22200000,22200000
0,222,22200000,22200100,18865,18865,22300000,22300000
0,223,22300000,22300100,18865,18865,22400000,22400000
0,224,22400000,22400100,18865,18865,22500000,22500000
0,225,22500000,22500100,18865,18865,22600000,22600000
0,226,22600000,22600100,18865,18865,22700000,22700000
0,227,22700000,22700100,18865,18865,22800000,22800000
0,228,22800000,22800100,18865,18865,22900000,22900000
0,229,22900000,22900100,18865,18865,23000000,23000000
0,230,23000000,23000100,18865,18865,23100000,23100000
0,231,23100000,23100100,18865,18865,23200000,23200000
0,232,23200000,23200100,18865,18865,23300000,23300000
0,233,23300000,23300100,18865,18865,23400000,23400000
0,234,23400000,23400100,18865,18865,23500000,23500000
0,235,23500000,23500100,18865,18865,23600000,23600000
0,236,23600000,23600100,18865,18865,23700000,23700000
0,237,23700000,23700100,18865,18865,23800000,23800000
0,238,23800000,23800100,18865,18865,23900000,23900000
0,239,23900000,23900100,18865,18865,24000000,24000000
0,240,24000000,24000100,18865,18865,24100000,24100000
0,241,24100000,24100100,18865,18865,24200000,24200000
0,242,24200000,24200100,18865,18865,24300000,24300000
0,243,24300000,24300100,18865,18865,24400000,24400000
0,244,24400000,24400100,18865,18865,24500000,24500000
0,245,24500000,24500100,18865,18865,24600000,24600000
0,246,24600000,24600100,18865,18865,24700000,24700000
0,247,24700000,24700100,18865,18865,24800000,24800000
0,248,24800000,24800100,18865,18865,24900000,24900000
0,249,24900000,24900100,18865,18865,25000000,25000000
0,250,25000000,25000100,18865,18865,25100000,25100000
0,251,25100000,25100100,18865,18865,25200000,25200000
0,252,25200000,25200100,18865,18865,25300000,25300000
0,253,25300000,25300100,18865,18865,25400000,25400000
0,254,25400000,25400100,18865,18865,25500000,25500000
0,255,25500000,25500100,18865,18865,25600000,25600000
0,256,25600000,25600100,18865,18865,25700000,25700000
0,257,25700000,25700100,18865,18865,25800000,25800000
0,258,25800000,25800100,18865,18865,25900000,25900000
0,259,25900000,25900100,18865,18865,26000000,26000000
0,260,26000000,26000100,18865,18865,26100000,26100000
0,261,26100000,26100100,18865,18865,26200000,26200000
0,262,26200000,26200100,18865,18865,26300000,26300000
0,263,26300000,26300100,18865,18865,26400000,26400000
0,264,26400000,26400100,18865,18865,26500000,26500000
0,265,26500000,26500100,18865,18865,26600000,26600000
0,266,26600000,26600100,18865,18865,26700000,26700000
0,267,26700000,26700100,18865,18865,26800000,26800000
0,268,26800000,26800100,18865,18865,26900000,26900000
0,269,26900000,26900100,18865,18865,27000000,27000000
0,270,27000000,27000100,18865,18865,27100000,27100000
0,271,27100000,27100100,18865,18865,27200000,27200000
0,272,27200000,27200100,18865,18865,27300000,27300000
0,273,27300000,27300100,18865,18865,27400000,27400000
0,274,27400000,27400100,18865,18865,27500000,27500000
0,275,27500000,27500100,18865,18865,27600000,27600000
0,276,27600000,27600100,18865,18865,27700000,27700000
0,277,27700000,27700100,18865,18865,27800000,27800000
0,278,27800000,27800100,18865,18865,27900000,27900000
0,279,27900000,27900100,18865,18865,28000000,28000000
0,280,28000000,28000100,18865,18865,28100000,28100000
0,281,28100000,28100100,18865,18865,28200000,28200000
0,282,28200000,28200100,18865,18865,28300000,28300000
0,283,28300000,28300100,18865,18865,28400000,28400000
0,284,28400000,28400100,18865,18865,28500000,28500000
0,285,28500000,28500100,18865,18865,28600000,28600000
0,286,28600000,28600100,18865,18865,28700000,28700000
0,287,28700000,28700100,18865,18865,28800000,28800000
0,288,28800000,28800100,18865,18865,28900000,28900000
0,289,28900000,28900100,18865,18865,29000000,29000000
0,290,29000000,29000100,18865,18865,29100000,29100000
0,291,29100000,29100100,18865,18865,29200000,29200000
0,292,29200000,29200100,18865,18865,29300000,29300000
0,293,29300000,29300100,18865,18865,29400000,29400000
0,294,29400000,29400100,18865,18865,29500000,29500000
0,295,29500000,29500100,18865,18865,29600000,29600000
0,296,29600000,29600100,18865,18865,29700000,29700000
0,297,29700000,29700100,18865,18865,29800000,29800000
0,298,29800000,29800100,18865,18865,29900000,29900000
0,299,29900000,29900100,18865,18865,30000000,30000000
0,300,30000000,30000100,18865,18865,30100000,30100000
0,301,30100000,30100100,18865,18865,30200000,30200000
0,302,30200000,30200100,18865,18865,30300000,30300000
0,303,30300000,30300100,18865,18865,30400000,30400000
0,304,30400000,30400100,18865,18865,30500000,30500000
0,305,30500000,30500100,18865,18865,30600000,30600000
0,306,30600000,30600100,18865,18865,30700000,30700000
0,307,30700000,30700100,18865,18865,30800000,30800000
0,308,30800000,30800100,18865,18865,30900000,30900000
0,309,30900000,30900100,18865,18865,31000000,31000000
0,310,31000000,31000100,18865,18865,31100000,31100000
0,311,31100000,31100100,18865,18865,31200000,31200000
0,312,31200000,31200100,18865,18865,31300000,31300000
0,313,31300000,31300100,18865,18865,31400000,31400000
0,314,31400000,31400100,18865,18865,31500000,31500000
0,315,31500000,31500100,18865,18865,31600000,31600000
0,316,31600000,31600100,18865,18865,31700000,31700000
0,317,31700000,31700100,18865,18865,31800000,31800000
0,318,31800000,31800100,18865,18865,31900000,31900000
0,319,31900000,31900100,18865,18865,32000000,32000000
0,320,32000000,32000100,18865,18865,32100000,32100000
0,321,32100000,32100100,18865,18865,32200000,32200000
0,322,32200000,32200100,18865,18865,32300000,32300000
0,323,32300000,32300100,18865,18865,32400000,32400000
0,324,32400000,32400100,18865,18865,32500000,32500000
0,325,32500000,32500100,18865,18865,32600000,32600000
0,326,32600000,32600100,18865,18865,32700000,32700000
0,327,32700000,32700100,18865,18865,32800000,32800000
0,328,32800000,32800100,18865,18865,32900000,32900000
0,329,32900000,32900100,18865,18865,33000000,33000000
0,330,33000000,33000100,18865,18865,33100000,33100000
0,331,33100000,33100100,18865,18865,33200000,33200000
0,332,33200000,33200100,18865,18865,33300000,33300000
0,333,33300000,33300100,18865,18865,33400000,33400000
0,334,33400000,33400100,18865,18865,33500000,33500000
0,335,33500000,33500100,18865,18865,33600000,33600000
0,336,33600000,33600100,18865,18865,33700000,33700000
0,337,33700000,33700100,18865,18865,33800000,33800000
0,338,33800000,33800100,18865,18865,33900000,33900000
0,339,33900000,33900100,18865,18865,34000000,34000000
0,340,34000000,34000100,18865,18865,34100000,34100000
0,341,34100000,34100100,18865,18865,34200000,34200000
0,342,34200000,34200100,18865,18865,34300000,34300000
0,343,34300000,34300100,18865,18865,34400000,34400000
0,344,34400000,34400100,18865,18865,34500000,34500000
0,345,34500000,34500100,18865,18865,34600000,34600000
0,346,34600000,34600100,18865,18865,34700000,34700000
0,347,34700000,34700100,18865,18865,34800000,34800000
0,348,34800000,34800100,18865,18865,34900000,34900000
0,349,34900000,34900100,18865,18865,35000000,35000000
0,350,35000000,35000100,18865,18865,35100000,35100000
0,351,35100000,35100100,18865,18865,35200000,35200000
0,352,35200000,35200100,18865,18865,35300000,35300000
0,353,35300000,35300100,18865,18865,35400000,35400000
0,354,35400000,35400100,18865,18865,35500000,35500000
0,355,35500000,35500100,18865,18865,35600000,35600000
0,356,35600000,35600100,18865,18865,35700000,35700000
0,357,35700000,35700100,18865,18865,35800000,35800000
0,358,35800000,35800100,18865,18865,35900000,35900000
0,359,35900000,35900100,18865,18865,36000000,36000000
0,360,36000000,36000100,18865,18865,36100000,36100000
0,361,36100000,36100100,18865,18865,36200000,36200000
0,362,36200000,36200100,18865,18865,36300000,36300000
0,363,36300000,36300100,18865,18865,36400000,36400000
0,364,36400000,36400100,18865,18865,36500000,36500000
0,365,36500000,36500100,18865,18865,36600000,36600000
0,366,36600000,36600100,18865,18865,36700000,36700000
0,367,36700000,36700100,18865,18865,36800000,36800000
0,368,36800000,36800100,18865,18865,36900000,36900000
0,369,36900000,36900100,18865,18865,37000000,37000000
0,370,37000000,37000100,18865,18865,37100000,37100000
0,371,37100000,37100100,18865,18865,37200000,37200000
0,372,37200000,37200100,18865,18865,37300000,37300000
0,373,37300000,37300100,18865,18865,37400000,37400000
0,374,37400000,37400100,18865,18865,37500000,37500000
0,375,37500000,37500100,18865,18865,37600000,37600000
0,376,37600000,37600100,18865,18865,37700000,37700000
0,377,37700000,37700100,18865,18865,37800000,37800000
0,378,37800000,37800100,18865,18865,37900000,37900000
0,379,37900000,37900100,18865,18865,38000000,38000000
0,380,38000000,38000100,18865,18865,38100000,38100000
0,381,38100000,38100100,18865,18865,38200000,38200000
0,382,38200000,38200100,18865,18865,38300000,38300000
0,383,38300000,38300100,18865,18865,38400000,38400000
0,384,38400000,38400100,18865,18865,38500000,38500000
0,385,38500000,38500100,18865,18865,38600000,38600000
0,386,38600000,38600100,18865,18865,38700000,38700000
0,387,38700000,38700100,18865,18865,38800000,38800000
0,388,38800000,38800100,18865,18865,38900000,38900000
0,389,38900000,38900100,18865,18865,39000000,39000000
0,390,39000000,39000100,18865,18865,39100000,39100000
0,391,39100000,39100100,18865,18865,39200000,39200000
0,392,39200000,39200100,18865,18865,39300000,39300000
0,393,39300000,39300100,18865,18865,39400000,39400000
0,394,39400000,39400100,18865,18865,39500000,39500000
0,395,39500000,39500100,18865,18865,39600000,39600000
0,396,39600000,39600100,18865,18865,39700000,39700000
0,397,39700000,39700100,18865,18865,39800000,39800000
0,398,39800000,39800100,18865,18865,39900000,39900000
0,399,39900000,39900100,18865,18865,40000000,40000000
0,400,40000000,40000100,18865,18865,40100000,40100000
0,401,40100000,40100100,18865,18865,40200000,40200000
0,402,40200000,40200100,18865,18865,40300000,40300000
0,403,40300000,40300100,18865,18865,40400000,40400000
0,404,40400000,40400100,18865,18865,40500000,40500000
0,405,40500000,40500100,18865,18865,40600000,40600000
0,406,40600000,40600100,18865,18865,40700000,40700000
0,407,40700000,40700100,18865,18865,40800000,40800000
0,408,40800000,40800100,18865,18865,40900000,40900000
0,409,40900000,40900100,18865,18865,41000000,41000000
0,410,41000000,41000100,18865,18865,41100000,41100000
0,411,41100000,41100100,18865,18865,41200000,41200000
0,412,41200000,41200100,18865,18865,41300000,41300000
0,413,41300000,41300100,18865,18865,41400000,41400000
0,414,41400000,41400100,18865,18865,41500000,41500000
0,415,41500000,41500100,18865,18865,41600000,41600000
0,416,41600000,41600100,18865,18865,41700000,41700000
0,417,41700000,41700100,18865,18865,41800000,41800000
0,418,41800000,41800100,18865,18865,41900000,41900000
0,419,41900000,41900100,18865,18865,42000000,42000000
0,420,42000000,42000100,18865,18865,42100000,42100000
0,421,42100000,42100100,18865,18865,42200000,42200000
0,422,42200000,42200100,18865,18865,42300000,42300000
0,423,42300000,42300100,18865,18865,42400000,42400000
0,424,42400000,42400100,18865,18865,42500000,42500000
0,425,42500000,42500100,18865,18865,42600000,42600000
0,426,42600000,42600100,18865,18865,42700000,42700000
0,427,42700000,42700100,18865,18865,42800000,42800000
0,428,42800000,42800100,18865,18865,42900000,42900000
0,429,42900000,42900100,18865,18865,43000000,43000000
0,430,43000000,43000100,18865,18865,43100000,43100000
0,431,43100000,43100100,18865,18865,43200000,43200000
0,432,43200000,43200100,18865,18865,43300000,43300000
0,433,43300000,43300100,18865,18865,43400000,43400000
0,434,43400000,43400100,18865,18865,43500000,43500000
0,435,43500000,43500100,18865,18865,43600000,43600000
0,436,43600000,43600100,18865,18865,43700000,43700000
0,437,43700000,43700100,18865,18865,43800000,43800000
0,438,43800000,43800100,18865,18865,43900000,43900000
0,439,43900000,43900100,18865,18865,44000000,44000000
0,440,44000000,44000100,18865,18865,44100000,44100000
0,441,44100000,44100100,18865,18865,44200000,44200000
0,442,44200000,44200100,18865,18865,44300000,44300000
0,443,44300000,44300100,18865,18865,44400000,44400000
0,444,44400000,44400100,18865,18865,44500000,44500000
0,445,44500000,44500100,18865,18865,44600000,44600000
0,446,44600000,44600100,18865,18865,44700000,44700000
0,447,44700000,44700100,18865,18865,44800000,44800000
0,448,44800000,44800100,18865,18865,44900000,44900000
0,449,44900000,44900100,18865,18865,45000000,45000000
0,450,45000000,45000100,18865,18865,45100000,45100000
0,451,45100000,45100100,18865,18865,45200000,45200000
0,452,45200000,45200100,18865,18865,45300000,45300000
0,453,45300000,45300100,18865,18865,45400000,45400000
0,454,45400000,45400100,18865,18865,45500000,45500000
0,455,45500000,45500100,18865,18865,45600000,45600000
0,456,45600000,45600100,18865,18865,45700000,45700000
0,457,45700000,45700100,18865,18865,45800000,45800000
0,458,45800000,45800100,18865,18865,45900000,45900000
0,459,45900000,45900100,18865,18865,46000000,46000000
0,460,46000000,46000100,18865,18865,46100000,46100000
0,461,46100000,46100100,18865,18865,46200000,46200000
0,462,46200000,46200100,18865,18865,46300000,46300000
0,463,46300000,46300100,18865,18865,46400000,46400000
0,464,46400000,46400100,18865,18865,46500000,46500000
0,465,46500000,46500100,18865,18865,46600000,46600000
0,466,46600000,46600100,18865,18865,46700000,46700000
0,467,46700000,46700100,18865,18865,46800000,46800000
0,468,46800000,46800100,18865,18865,46900000,46900000
0,469,46900000,46900100,18865,18865,47000000,47000000
0,470,47000000,47000100,18865,18865,47100000,47100000
0,471,47100000,47100100,18865,18865,47200000,47200000
0,472,47200000,47200100,18865,18865,47300000,47300000
0,473,47300000,47300100,18865,18865,47400000,47400000
0,474,47400000,47400100,18865,18865,47500000,47500000
0,475,47500000,47500100,18865,18865,47600000,47600000
0,476,47600000,47600100,18865,18865,47700000,47700000
0,477,47700000,47700100,18865,18865,47800000,47800000
0,478,47800000,47800100,18865,18865,47900000,47900000
0,479,47900000,47900100,18865,18865,48000000,48000000
0,480,48000000,48000100,18865,18865,48100000,48100000
0,481,48100000,48100100,18865,18865,48200000,48200000
0,482,48200000,48200100,18865,18865,48300000,48300000
0,483,48300000,48300100,18865,18865,48400000,48400000
0,484,48400000,48400100,18865,18865,48500000,48500000
0,485,48500000,48500100,18865,18865,48600000,48600000
0,486,48600000,48600100,18865,18865,48700000,48700000
0,487,48700000,48700100,18865,18865,48800000,48800000
0,488,48800000,48800100,18865,18865,48900000,48900000
0,489,48900000,48900100,18865,18865,49000000,49000000
0,490,49000000,49000100,18865,18865,49100000,49100000
0,491,49100000,49100100,18865,18865,49200000,49200000
0,492,49200000,49200100,18865,18865,49300000,49300000
0,493,49300000,49300100,18865,18865,49400000,49400000
0,494,49400000,49400100,18865,18865,49500000,49500000
0,495,49500000,49500100,18865,18865,49600000,49600000
0,496,49600000,49600100,18865,18865,49700000,49700000
0,497,49700000,49700100,18865,18865,49800000,49800000
0,498,49800000,49800100,18865,18865,49900000,49900000
0,499,49900000,49900100,18865,18865,50000000,50000000
0,500,50000000,50000100,18865,18865,50100000,50100000
0,501,50100000,50100100,18865,18865,50200000,50200000
0,502,50200000,50200100,18865,18865,50300000,50300000
0,503,50300000,50300100,18865,18865,50400000,50400000
0,504,50400000,50400100,18865,18865,50500000,50500000
0,505,50500000,50500100,18865,18865,50600000,50600000
0,506,50600000,50600100,18865,18865,50700000,50700000
0,507,50700000,50700100,18865,18865,50800000,50800000
0,508,50800000,50800100,18865,18865,50900000,50900000
0,509,50900000,50900100,18865,18865,51000000,51000000
0,510,51000000,51000100,18865,18865,51100000,51100000
0,511,51100000,51100100,18865,18865,51200000,51200000
0,512,51200000,51200100,18865,18865,51300000,51300000
0,513,51300000,51300100,18865,18865,51400000,51400000
0,514,51400000,51400100,18865,18865,51500000,51500000
0,515,51500000,51500100,18865,18865,51600000,51600000
0,516,51600000,51600100,18865,18865,51700000,51700000
0,517,51700000,51700100,18865,18865,51800000,51800000
0,518,51800000,51800100,18865,18865,51900000,51900000
0,519,51900000,51900100,18865,18865,52000000,52000000
0,520,52000000,52000100,18865,18865,52100000,52100000
0,521,52100000,52100100,18865,18865,52200000,52200000
0,522,52200000,52200100,18865,18865,52300000,52300000
0,523,52300000,52300100,18865,18865,52400000,52400000
0,524,52400000,52400100,18865,18865,52500000,52500000
0,525,52500000,52500100,18865,18865,52600000,52600000
0,526,52600000,52600100,18865,18865,52700000,52700000
0,527,52700000,52700100,18865,18865,52800000,52800000
0,528,52800000,52800100,18865,18865,52900000,52900000
0,529,52900000,52900100,18865,18865,53000000,53000000
0,530,53000000,53000100,18865,18865,53100000,53100000
0,531,53100000,53100100,18865,18865,53200000,53200000
0,532,53200000,53200100,18865,18865,53300000,53300000
0,533,53300000,53300100,18865,18865,53400000,53400000
0,534,53400000,53400100,18865,18865,53500000,53500000
0,535,53500000,53500100,18865,18865,53600000,53600000
0,536,53600000,53600100,18865,18865,53700000,53700000
0,537,53700000,53700100,18865,18865,53800000,53800000
0,538,53800000,53800100,18865,18865,53900000,53900000
0,539,53900000,53900100,18865,18865,54000000,54000000
0,540,54000000,54000100,18865,18865,54100000,54100000
0,541,54100000,54100100,18865,18865,54200000,54200000
0,542,54200000,54200100,18865,18865,54300000,54300000
0,543,54300000,54300100,18865,18865,54400000,54400000
0,544,54400000,54400100,18865,18865,54500000,54500000
0,545,54500000,54500100,18865,18865,54600000,54600000
0,546,54600000,54600100,18865,18865,54700000,54700000
0,547,54700000,54700100,18865,18865,54800000,54800000
0,548,54800000,54800100,18865,18865,54900000,54900000
0,549,54900000,54900100,18865,18865,55000000,55000000
0,550,55000000,55000100,18865,18865,55100000,55100000
0,551,55100000,55100100,18865,18865,55200000,55200000
0,552,55200000,55200100,18865,18865,55300000,55300000
0,553,55300000,55300100,18865,18865,55400000,55400000
0,554,55400000,55400100,18865,18865,55500000,55500000
0,555,55500000,55500100,18865,18865,55600000,55600000
0,556,55600000,55600100,18865,18865,55700000,55700000
0,557,55700000,55700100,18865,18865,55800000,55800000
0,558,55800000,55800100,18865,18865,55900000,55900000
0,559,55900000,55900100,18865,18865,56000000,56000000
0,560,56000000,56000100,18865,18865,56100000,56100000
0,561,56100000,56100100,18865,18865,56200000,56200000
0,562,56200000,56200100,18865,18865,56300000,56300000
0,563,56300000,56300100,18865,18865,56400000,56400000
0,564,56400000,56400100,18865,18865,56500000,56500000
0,565,56500000,56500100,18865,18865,56600000,56600000
0,566,56600000,56600100,18865,18865,56700000,56700000
0,567,56700000,56700100,18865,18865,56800000,56800000
0,568,56800000,56800100,18865,18865,56900000,56900000
0,569,56900000,56900100,18865,18865,57000000,57000000
0,570,57000000,57000100,18865,18865,57100000,57100000
0,571,57100000,57100100,18865,18865,57200000,57200000
0,572,57200000,57200100,18865,18865,57300000,57300000
0,573,57300000,57300100,18865,18865,57400000,57400000
0,574,57400000,57400100,18865,18865,57500000,57500000
0,575,57500000,57500100,18865,18865,57600000,57600000
0,576,57600000,57600100,18865,18865,57700000,57700000
0,577,57700000,57700100,18865,18865,57800000,57800000
0,578,57800000,57800100,18865,18865,57900000,57900000
0,579,57900000,57900100,18865,18865,58000000,58000000
0,580,58000000,58000100,18865,18865,58100000,58100000
0,581,58100000,58100100,18865,18865,58200000,58200000
0,582,58200000,58200100,18865,18865,58300000,58300000
0,583,58300000,58300100,18865,18865,58400000,58400000
0,584,58400000,58400100,18865,18865,58500000,58500000
0,585,58500000,58500100,18865,18865,58600000,58600000
0,586,58600000,58600100,18865,18865,58700000,58700000
0,587,58700000,58700100,18865,18865,58800000,58800000
0,588,58800000,58800100,18865,18865,58900000,58900000
0,589,58900000,58900100,18865,18865,59000000,59000000
0,590,59000000,59000100,18865,18865,59100000,59100000
0,591,59100000,59100100,18865,18865,59200000,59200000
0,592,59200000,59200100,18865,18865,59300000,59300000
0,593,59300000,59300100,18865,18865,59400000,59400000
0,594,59400000,59400100,18865,18865,59500000,59500000
0,595,59500000,59500100,18865,18865,59600000,59600000
0,596,59600000,59600100,18865,18865,59700000,59700000
0,597,59700000,59700100,18865,18865,59800000,59800000
0,598,59800000,59800100,18865,18865,59900000,59900000
0,599,59900000,59900100,18865,18865,60000000,60000000
0,600,60000000,60000100,18865,18865,60100000,60100000
0,601,60100000,60100100,18865,18865,60200000,60200000
0,602,60200000,60200100,18865,18865,60300000,60300000
0,603,60300000,60300100,18865,18865,60400000,60400000
0,604,60400000,60400100,18865,18865,60500000,60500000
0,605,60500000,60500100,18865,18865,60600000,60600000
0,606,60600000,60600100,18865,18865,60700000,60700000
0,607,60700000,60700100,18865,18865,60800000,60800000
0,608,60800000,60800100,18865,18865,60900000,60900000
0,609,60900000,60900100,18865,18865,61000000,61000000
0,610,61000000,61000100,18865,18865,61100000,61100000
0,611,61100000,61100100,18865,18865,61200000,61200000
0,612,61200000,61200100,18865,18865,61300000,61300000
0,613,61300000,61300100,18865,18865,61400000,61400000
0,614,61400000,61400100,18865,18865,61500000,61500000
0,615,61500000,61500100,18865,18865,61600000,61600000
0,616,61600000,61600100,18865,18865,61700000,61700000
0,617,61700000,61700100,18865,18865,61800000,61800000
0,618,61800000,61800100,18865,18865,61900000,61900000
0,619,61900000,61900100,18865,18865,62000000,62000000
0,620,62000000,62000100,18865,18865,62100000,62100000
0,621,62100000,62100100,18865,18865,62200000,62200000
0,622,62200000,62200100,18865,18865,62300000,62300000
0,623,62300000,62300100,18865,18865,62400000,62400000
0,624,62400000,62400100,18865,18865,62500000,62500000
0,625,62500000,62500100,18865,18865,62600000,62600000
0,626,62600000,62600100,18865,18865,62700000,62700000
0,627,62700000,62700100,18865,18865,62800000,62800000
0,628,62800000,62800100,18865,18865,62900000,62900000
0,629,62900000,62900100,18865,18865,63000000,63000000
0,630,63000000,63000100,18865,18865,63100000,63100000
0,631,63100000,63100100,18865,18865,63200000,63200000
0,632,63200000,63200100,18865,18865,63300000,63300000
0,633,63300000,63300100,18865,18865,63400000,63400000
0,634,63400000,63400100,18865,18865,63500000,63500000
0,635,63500000,63500100,18865,18865,63600000,63600000
0,636,63600000,63600100,18865,18865,63700000,63700000
0,637,63700000,63700100,18865,18865,63800000,63800000
0,638,63800000,63800100,18865,18865,63900000,63900000
0,639,63900000,63900100,18865,18865,64000000,64000000
0,640,64000000,64000100,18865,18865,64100000,64100000
0,641,64100000,64100100,18865,18865,64200000,64200000
0,642,64200000,64200100,18865,18865,64300000,64300000
0,643,64300000,64300100,18865,18865,64400000,64400000
0,644,64400000,64400100,18865,18865,64500000,64500000
0,645,64500000,64500100,18865,18865,64600000,64600000
0,646,64600000,64600100,18865,18865,64700000,64700000
0,647,64700000,64700100,18865,18865,64800000,64800000
0,648,64800000,64800100,18865,18865,64900000,64900000
0,649,64900000,64900100,18865,18865,65000000,65000000
0,650,65000000,65000100,18865,18865,65100000,65100000
0,651,65100000,65100100,18865,18865,65200000,65200000
0,652,65200000,65200100,18865,18865,65300000,65300000
0,653,65300000,65300100,18865,18865,65400000,65400000
0,654,65400000,65400100,18865,18865,65500000,65500000
0,655,65500000,65500100,18865,18865,65600000,65600000
0,656,65600000,65600100,18865,18865,65700000,65700000
0,657,65700000,65700100,18865,18865,65800000,65800000
0,658,65800000,65800100,18865,18865,65900000,65900000
0,659,65900000,65900100,18865,18865,66000000,66000000
0,660,66000000,66000100,18865,18865,66100000,66100000
0,661,66100000,66100100,18865,18865,66200000,66200000
0,662,66200000,66200100,18865,18865,66300000,66300000
0,663,66300000,66300100,18865,18865,66400000,66400000
0,664,66400000,66400100,18865,18865,66500000,66500000
0,665,66500000,66500100,18865,18865,66600000,66600000
0,666,66600000,66600100,18865,18865,66700000,66700000
0,667,66700000,66700100,18865,18865,66800000,66800000
0,668,66800000,66800100,18865,18865,66900000,66900000
0,669,66900000,66900100,18865,18865,67000000,67000000
0,670,67000000,67000100,18865,18865,67100000,67100000
0,671,67100000,67100100,18865,18865,67200000,67200000
0,672,67200000,67200100,18865,18865,67300000,67300000
0,673,67300000,67300100,18865,18865,67400000,67400000
0,674,67400000,67400100,18865,18865,67500000,67500000
0,675,67500000,67500100,18865,18865,67600000,67600000
0,676,67600000,67600100,18865,18865,67700000,67700000
0,677,67700000,67700100,18865,18865,67800000,67800000
0,678,67800000,67800100,18865,18865,67900000,67900000
0,679,67900000,67900100,18865,18865,68000000,68000000
0,680,68000000,68000100,18865,18865,68100000,68100000
0,681,68100000,68100100,18865,18865,68200000,68200000
0,682,68200000,68200100,18865,18865,68300000,68300000
0,683,68300000,68300100,18865,18865,68400000,68400000
0,684,68400000,68400100,18865,18865,68500000,68500000
0,685,68500000,68500100,18865,18865,68600000,68600000
0,686,68600000,68600100,18865,18865,68700000,68700000
0,687,68700000,68700100,18865,18865,68800000,68800000
0,688,68800000,68800100,18865,18865,68900000,68900000
0,689,68900000,68900100,18865,18865,69000000,69000000
0,690,69000000,69000100,18865,18865,69100000,69100000
0,691,69100000,69100100,18865,18865,69200000,69200000
0,692,69200000,69200100,18865,18865,69300000,69300000
0,693,69300000,69300100,18865,18865,69400000,69400000
0,694,69400000,69400100,18865,18865,69500000,69500000
0,695,69500000,69500100,18865,18865,69600000,69600000
0,696,69600000,69600100,18865,18865,69700000,69700000
0,697,69700000,69700100,18865,18865,69800000,69800000
0,698,69800000,69800100,18865,18865,69900000,69900000
0,699,69900000,69900100,18865,18865,70000000,70000000
0,700,70000000,70000100,18865,18865,70100000,70100000
0,701,70100000,70100100,18865,18865,70200000,70200000
0,702,70200000,70200100,18865,18865,70300000,70300000
0,703,70300000,70300100,18865,18865,70400000,70400000
0,704,70400000,70400100,18865,18865,70500000,70500000
0,705,70500000,70500100,18865,18865,70600000,70600000
0,706,70600000,70600100,18865,18865,70700000,70700000
0,707,70700000,70700100,18865,18865,70800000,70800000
0,708,70800000,70800100,18865,18865,70900000,70900000
0,709,70900000,70900100,18865,18865,71000000,71000000
0,710,71000000,71000100,18865,18865,71100000,71100000
0,711,71100000,71100100,18865,18865,71200000,71200000
0,712,71200000,71200100,18865,18865,71300000,71300000
0,713,71300000,71300100,18865,18865,71400000,71400000
0,714,71400000,71400100,18865,18865,71500000,71500000
0,715,71500000,71500100,18865,18865,71600000,71600000
0,716,71600000,71600100,18865,18865,71700000,71700000
0,717,71700000,71700100,18865,18865,71800000,71800000
0,718,71800000,71800100,18865,18865,71900000,71900000
0,719,71900000,71900100,18865,18865,72000000,72000000
0,720,72000000,72000100,18865,18865,72100000,72100000
0,721,72100000,72100100,18865,18865,72200000,72200000
0,722,72200000,72200100,18865,18865,72300000,72300000
0,723,72300000,72300100,18865,18865,72400000,72400000
0,724,72400000,72400100,18865,18865,72500000,72500000
0,725,72500000,72500100,18865,18865,72600000,72600000
0,726,72600000,72600100,18865,18865,72700000,72700000
0,727,72700000,72700100,18865,18865,72800000,72800000
0,728,72800000,72800100,18865,18865,72900000,72900000
0,729,72900000,72900100,18865,18865,73000000,73000000
0,730,73000000,73000100,18865,18865,73100000,73100000
0,731,73100000,73100100,18865,18865,73200000,73200000
0,732,73200000,73200100,18865,18865,73300000,73300000
0,733,73300000,73300100,18865,18865,73400000,73400000
0,734,73400000,73400100,18865,18865,73500000,73500000
0,735,73500000,73500100,18865,18865,73600000,73600000
0,736,73600000,73600100,18865,18865,73700000,73700000
0,737,73700000,73700100,18865,18865,73800000,73800000
0,738,73800000,73800100,18865,18865,73900000,73900000
0,739,73900000,73900100,18865,18865,74000000,74000000
0,740,74000000,74000100,18865,18865,74100000,74100000
0,741,74100000,74100100,18865,18865,74200000,74200000
0,742,74200000,74200100,18865,18865,74300000,74300000
0,743,74300000,74300100,18865,18865,74400000,74400000
0,744,74400000,74400100,18865,18865,74500000,74500000
0,745,74500000,74500100,18865,18865,74600000,74600000
0,746,74600000,74600100,18865,18865,74700000,74700000
0,747,74700000,74700100,18865,18865,74800000,74800000
0,748,74800000,74800100,18865,18865,74900000,74900000
0,749,74900000,74900100,18865,18865,75000000,75000000
0,750,75000000,75000100,18865,18865,75100000,75100000
0,751,75100000,75100100,18865,18865,75200000,75200000
0,752,75200000,75200100,18865,18865,75300000,75300000
0,753,75300000,75300100,18865,18865,75400000,75400000
0,754,75400000,75400100,18865,18865,75500000,75500000
0,755,75500000,75500100,18865,18865,75600000,75600000
0,756,75600000,75600100,18865,18865,75700000,75700000
0,757,75700000,75700100,18865,18865,75800000,75800000
0,758,75800000,75800100,18865,18865,75900000,75900000
0,759,75900000,75900100,18865,18865,76000000,76000000
0,760,76000000,76000100,18865,18865,76100000,76100000
0,761,76100000,76100100,18865,18865,76200000,76200000
0,762,76200000,76200100,18865,18865,76300000,76300000
0,763,76300000,76300100,18865,18865,76400000,76400000
0,764,76400000,76400100,18865,18865,76500000,76500000
0,765,76500000,76500100,18865,18865,76600000,76600000
0,766,76600000,76600100,18865,18865,76700000,76700000
0,767,76700000,76700100,18865,18865,76800000,76800000
0,768,76800000,76800100,18865,18865,76900000,76900000
0,769,76900000,76900100,18865,18865,77000000,77000000
0,770,77000000,77000100,18865,18865,77100000,77100000
0,771,77100000,77100100,18865,18865,77200000,77200000
0,772,77200000,77200100,18865,18865,77300000,77300000
0,773,77300000,77300100,18865,18865,77400000,77400000
0,774,77400000,77400100,18865,18865,77500000,77500000
0,775,77500000,77500100,18865,18865,77600000,77600000
0,776,77600000,77600100,18865,18865,77700000,77700000
0,777,77700000,77700100,18865,18865,77800000,77800000
0,778,77800000,77800100,18865,18865,77900000,77900000
0,779,77900000,77900100,18865,18865,78000000,78000000
0,780,78000000,78000100,18865,18865,78100000,78100000
0,781,78100000,78100100,18865,18865,78200000,78200000
0,782,78200000,78200100,18865,18865,78300000,78300000
0,783,78300000,78300100,18865,18865,78400000,78400000
0,784,78400000,78400100,18865,18865,78500000,78500000
0,785,78500000,78500100,18865,18865,78600000,78600000
0,786,78600000,78600100,18865,18865,78700000,78700000
0,787,78700000,78700100,18865,18865,78800000,78800000
0,788,78800000,78800100,18865,18865,78900000,78900000
0,789,78900000,78900100,18865,18865,79000000,79000000
0,790,79000000,79000100,18865,18865,79100000,79100000
0,791,79100000,79100100,18865,18865,79200000,79200000
0,792,79200000,79200100,18865,18865,79300000,79300000
0,793,79300000,79300100,18865,18865,79400000,79400000
0,794,79400000,79400100,18865,18865,79500000,79500000
0,795,79500000,79500100,18865,18865,79600000,79600000
0,796,79600000,79600100,18865,18865,79700000,79700000
0,797,79700000,79700100,18865,18865,79800000,79800000
0,798,79800000,79800100,18865,18865,79900000,79900000
0,799,79900000,79900100,18865,18865,80000000,80000000
0,800,80000000,80000100,18865,18865,80100000,80100000
0,801,80100000,80100100,18865,18865,80200000,80200000
0,802,80200000,80200100,18865,18865,80300000,80300000
0,803,80300000,80300100,18865,18865,80400000,80400000
0,804,80400000,80400100,18865,18865,80500000,80500000
0,805,80500000,80500100,18865,18865,80600000,80600000
0,806,80600000,80600100,18865,18865,80700000,80700000
0,807,80700000,80700100,18865,18865,80800000,80800000
0,808,80800000,80800100,18865,18865,80900000,80900000
0,809,80900000,80900100,18865,18865,81000000,81000000
0,810,81000000,81000100,18865,18865,81100000,81100000
0,811,81100000,81100100,18865,18865,81200000,81200000
0,812,81200000,81200100,18865,18865,81300000,81300000
0,813,81300000,81300100,18865,18865,81400000,81400000
0,814,81400000,81400100,18865,18865,81500000,81500000
0,815,81500000,81500100,18865,18865,81600000,81600000
0,816,81600000,81600100,18865,18865,81700000,81700000
0,817,81700000,81700100,18865,18865,81800000,81800000
0,818,81800000,81800100,18865,18865,81900000,81900000
0,819,81900000,81900100,18865,18865,82000000,82000000
0,820,82000000,82000100,18865,18865,82100000,82100000
0,821,82100000,82100100,18865,18865,82200000,82200000
0,822,82200000,82200100,18865,18865,82300000,82300000
0,823,82300000,82300100,18865,18865,82400000,82400000
0,824,82400000,82400100,18865,18865,82500000,82500000
0,825,82500000,82500100,18865,18865,82600000,82600000
0,826,82600000,82600100,18865,18865,82700000,82700000
0,827,82700000,82700100,18865,18865,82800000,82800000
0,828,82800000,82800100,18865,18865,82900000,82900000
0,829,82900000,82900100,18865,18865,83000000,83000000
0,830,83000000,83000100,18865,18865,83100000,83100000
0,831,83100000,83100100,18865,18865,83200000,83200000
0,832,83200000,83200100,18865,18865,83300000,83300000
0,833,83300000,83300100,18865,18865,83400000,83400000
0,834,83400000,83400100,18865,18865,83500000,83500000
0,835,83500000,83500100,18865,18865,83600000,83600000
0,836,83600000,83600100,18865,18865,83700000,83700000
0,837,83700000,83700100,18865,18865,83800000,83800000
0,838,83800000,83800100,18865,18865,83900000,83900000
0,839,83900000,83900100,18865,18865,84000000,84000000
0,840,84000000,84000100,18865,18865,84100000,84100000
0,841,84100000,84100100,18865,18865,84200000,84200000
0,842,84200000,84200100,18865,18865,84300000,84300000
0,843,84300000,84300100,18865,18865,84400000,84400000
0,844,84400000,84400100,18865,18865,84500000,84500000
0,845,84500000,84500100,18865,18865,84600000,84600000
0,846,84600000,84600100,18865,18865,84700000,84700000
0,847,84700000,84700100,18865,18865,84800000,84800000
0,848,84800000,84800100,18865,18865,84900000,84900000
0,849,84900000,84900100,18865,18865,85000000,85000000
0,850,85000000,85000100,18865,18865,85100000,85100000
0,851,85100000,85100100,18865,18865,85200000,85200000
0,852,85200000,85200100,18865,18865,85300000,85300000
0,853,85300000,85300100,18865,18865,85400000,85400000
0,854,85400000,85400100,18865,18865,85500000,85500000
0,855,85500000,85500100,18865,18865,85600000,85600000
0,856,85600000,85600100,18865,18865,85700000,85700000
0,857,85700000,85700100,18865,18865,85800000,85800000
0,858,85800000,85800100,18865,18865,85900000,85900000
0,859,85900000,85900100,18865,18865,86000000,86000000
0,860,86000000,86000100,18865,18865,86100000,86100000
0,861,86100000,86100100,18865,18865,86200000,86200000
0,862,86200000,86200100,18865,18865,86300000,86300000
0,863,86300000,86300100,18865,18865,86400000,86400000
0,864,86400000,86400100,18865,18865,86500000,86500000
0,865,86500000,86500100,18865,18865,86600000,86600000
0,866,86600000,86600100,18865,18865,86700000,86700000
0,867,86700000,86700100,18865,18865,86800000,86800000
0,868,86800000,86800100,18865,18865,86900000,86900000
0,869,86900000,86900100,18865,18865,87000000,87000000
0,870,87000000,87000100,18865,18865,87100000,87100000
0,871,87100000,87100100,18865,18865,87200000,87200000
0,872,87200000,87200100,18865,18865,87300000,87300000
0,873,87300000,87300100,18865,18865,87400000,87400000
0,874,87400000,87400100,18865,18865,87500000,87500000
0,875,87500000,87500100,18865,18865,87600000,87600000
0,876,87600000,87600100,18865,18865,87700000,87700000
0,877,87700000,87700100,18865,18865,87800000,87800000
0,878,87800000,87800100,18865,18865,87900000,87900000
0,879,87900000,87900100,18865,18865,88000000,88000000
0,880,88000000,88000100,18865,18865,88100000,88100000
0,881,88100000,88100100,18865,18865,88200000,88200000
0,882,88200000,88200100,18865,18865,88300000,88300000
0,883,88300000,88300100,18865,18865,88400000,88400000
0,884,88400000,88400100,18865,18865,88500000,88500000
0,885,88500000,88500100,18865,18865,88600000,88600000
0,886,88600000,88600100,18865,18865,88700000,88700000
0,887,88700000,88700100,18865,18865,88800000,88800000
0,888,88800000,88800100,18865,18865,88900000,88900000
0,889,88900000,88900100,18865,18865,89000000,89000000
0,890,89000000,89000100,18865,18865,89100000,89100000
0,891,89100000,89100100,18865,18865,89200000,89200000
0,892,89200000,89200100,18865,18865,89300000,89300000
0,893,89300000,89300100,18865,18865,89400000,89400000
0,894,89400000,89400100,18865,18865,89500000,89500000
0,895,89500000,89500100,18865,18865,89600000,89600000
0,896,89600000,89600100,18865,18865,89700000,89700000
0,897,89700000,89700100,18865,18865,89800000,89800000
0,898,89800000,89800100,18865,18865,89900000,89900000
0,899,89900000,89900100,18865,18865,90000000,90000000
0,900,90000000,90000100,18865,18865,90100000,90100000
0,901,90100000,90100100,18865,18865,90200000,90200000
0,902,90200000,90200100,18865,18865,90300000,90300000
0,903,90300000,90300100,18865,18865,90400000,90400000
0,904,90400000,90400100,18865,18865,90500000,90500000
0,905,90500000,90500100,18865,18865,90600000,90600000
0,906,90600000,90600100,18865,18865,90700000,90700000
0,907,90700000,90700100,18865,18865,90800000,90800000
0,908,90800000,90800100,18865,18865,90900000,90900000
0,909,90900000,90900100,18865,18865,91000000,91000000
0,910,91000000,91000100,18865,18865,91100000,91100000
0,911,91100000,91100100,18865,18865,91200000,91200000
0,912,91200000,91200100,18865,18865,91300000,91300000
0,913,91300000,91300100,18865,18865,91400000,91400000
0,914,91400000,91400100,18865,18865,91500000,91500000
0,915,91500000,91500100,18865,18865,91600000,91600000
0,916,91600000,91600100,18865,18865,91700000,91700000
0,917,91700000,91700100,18865,18865,91800000,91800000
0,918,91800000,91800100,18865,18865,91900000,91900000
0,919,91900000,91900100,18865,18865,92000000,92000000
0,920,92000000,92000100,18865,18865,92100000,92100000
0,921,92100000,92100100,18865,18865,92200000,92200000
0,922,92200000,92200100,18865,18865,92300000,92300000
0,923,92300000,92300100,18865,18865,92400000,92400000
0,924,92400000,92400100,18865,18865,92500000,92500000
0,925,92500000,92500100,18865,18865,92600000,92600000
0,926,92600000,92600100,18865,18865,92700000,92700000
0,927,92700000,92700100,18865,18865,92800000,92800000
0,928,92800000,92800100,18865,18865,92900000,92900000
0,929,92900000,92900100,18865,18865,93000000,93000000
0,930,93000000,93000100,18865,18865,93100000,93100000
0,931,93100000,93100100,18865,18865,93200000,93200000
0,932,93200000,93200100,18865,18865,93300000,93300000
0,933,93300000,93300100,18865,18865,93400000,93400000
0,934,93400000,93400100,18865,18865,93500000,93500000
0,935,93500000,93500100,18865,18865,93600000,93600000
0,936,93600000,93600100,18865,18865,93700000,93700000
0,937,93700000,93700100,18865,18865,93800000,93800000
0,938,93800000,93800100,18865,18865,93900000,93900000
0,939,93900000,93900100,18865,18865,94000000,94000000
0,940,94000000,94000100,18865,18865,94100000,94100000
0,941,94100000,94100100,18865,18865,94200000,94200000
0,942,94200000,94200100,18865,18865,94300000,94300000
0,943,94300000,94300100,18865,18865,94400000,94400000
0,944,94400000,94400100,18865,18865,94500000,94500000
0,945,94500000,94500100,18865,18865,94600000,94600000
0,946,94600000,94600100,18865,18865,94700000,94700000
0,947,94700000,94700100,18865,18865,94800000,94800000
0,948,94800000,94800100,18865,18865,94900000,94900000
0,949,94900000,94900100,18865,18865,95000000,95000000
0,950,95000000,95000100,18865,18865,95100000,95100000
0,951,95100000,95100100,18865,18865,95200000,95200000
0,952,95200000,95200100,18865,18865,95300000,95300000
0,953,95300000,95300100,18865,18865,95400000,95400000
0,954,95400000,95400100,18865,18865,95500000,95500000
0,955,95500000,95500100,18865,18865,95600000,95600000
0,956,95600000,95600100,18865,18865,95700000,95700000
0,957,95700000,95700100,18865,18865,95800000,95800000
0,958,95800000,95800100,18865,18865,95900000,95900000
0,959,95900000,95900100,18865,18865,96000000,96000000
0,960,96000000,96000100,18865,18865,96100000,96100000
0,961,96100000,96100100,18865,18865,96200000,96200000
0,962,96200000,96200100,18865,18865,96300000,96300000
0,963,96300000,96300100,18865,18865,96400000,96400000
0,964,96400000,96400100,18865,18865,96500000,96500000
0,965,96500000,96500100,18865,18865,96600000,96600000
0,966,96600000,96600100,18865,18865,96700000,96700000
0,967,96700000,96700100,18865,18865,96800000,96800000
0,968,96800000,96800100,18865,18865,96900000,96900000
0,969,96900000,96900100,18865,18865,97000000,97000000
0,970,97000000,97000100,18865,18865,97100000,97100000
0,971,97100000,97100100,18865,18865,97200000,97200000
0,972,97200000,97200100,18865,18865,97300000,97300000
0,973,97300000,97300100,18865,18865,97400000,97400000
0,974,97400000,97400100,18865,18865,97500000,97500000
0,975,97500000,97500100,18865,18865,97600000,97600000
0,976,97600000,97600100,18865,18865,97700000,97700000
0,977,97700000,97700100,18865,18865,97800000,97800000
0,978,97800000,97800100,18865,18865,97900000,97900000
0,979,97900000,97900100,18865,18865,98000000,98000000
0,980,98000000,98000100,18865,18865,98100000,98100000
0,981,98100000,98100100,18865,18865,98200000,98200000
0,982,98200000,98200100,18865,18865,98300000,98300000
0,983,98300000,98300100,18865,18865,98400000,98400000
0,984,98400000,98400100,18865,18865,98500000,98500000
0,985,98500000,98500100,18865,18865,98600000,98600000
0,986,98600000,98600100,18865,18865,98700000,98700000
0,987,98700000,98700100,18865,18865,98800000,98800000
0,988,98800000,98800100,18865,18865,98900000,98900000
0,989,98900000,98900100,18865,18865,99000000,99000000
0,990,99000000,99000100,18865,18865,99100000,99100000
0,991,99100000,99100100,18865,18865,99200000,99200000
0,992,99200000,99200100,18865,18865,99300000,99300000
0,993,99300000,99300100,18865,18865,99400000,99400000
0,994,99400000,99400100,18865,18865,99500000,99500000
0,995,99500000,99500100,18865,18865,99600000,99600000
0,996,99600000,99600100,18865,18865,99700000,99700000
0,997,99700000,99700100,18865,18865,99800000,99800000
0,998,99800000,99800100,18865,18865,99900000,99900000
0,999,99900000,99900100,18865,18865,100000000,100000000
0,1000,100000000,100000100,18865,18865,100100000,100100000
0,1001,100100000,100100100,18865,18865,100200000,100200000
0,1002,100200000,100200100,18865,18865,100300000,100300000
0,1003,100300000,100300100,18865,18865,100400000,100400000
0,1004,100400000,100400100,18865,18865,100500000,100500000
0,1005,100500000,100500100,18865,18865,100600000,100600000
0,1006,100600000,100600100,18865,18865,100700000,100700000
0,1007,100700000,100700100,18865,18865,100800000,100800000
0,1008,100800000,100800100,18865,18865,100900000,100900000
0,1009,100900000,100900100,18865,18865,101000000,101000000
0,1010,101000000,101000100,18865,18865,101100000,101100000
0,1011,101100000,101100100,18865,18865,101200000,101200000
0,1012,101200000,101200100,18865,18865,101300000,101300000
0,1013,101300000,101300100,18865,18865,101400000,101400000
0,1014,101400000,101400100,18865,18865,101500000,101500000
0,1015,101500000,101500100,18865,18865,101600000,101600000
0,1016,101600000,101600100,18865,18865,101700000,101700000
0,1017,101700000,101700100,18865,18865,101800000,101800000
0,1018,101800000,101800100,18865,18865,101900000,101900000
0,1019,101900000,101900100,18865,18865,102000000,102000000
0,1020,102000000,102000100,18865,18865,102100000,102100000
0,1021,102100000,102100100,18865,18865,102200000,102200000
0,1022,102200000,102200100,18865,18865,102300000,102300000
0,1023,102300000,102300100,18865,18865,102400000,102400000
0,1024,102400000,102400100,18865,18865,102500000,102500000
0,1025,102500000,102500100,18865,18865,102600000,102600000
0,1026,102600000,102600100,18865,18865,102700000,102700000
0,1027,102700000,102700100,18865,18865,102800000,102800000
0,1028,102800000,102800100,18865,18865,102900000,102900000
0,1029,102900000,102900100,18865,18865,103000000,103000000
0,1030,103000000,103000100,18865,18865,103100000,103100000
0,1031,103100000,103100100,18865,18865,103200000,103200000
0,1032,103200000,103200100,18865,18865,103300000,103300000
0,1033,103300000,103300100,18865,18865,103400000,103400000
0,1034,103400000,103400100,18865,18865,103500000,103500000
0,1035,103500000,103500100,18865,18865,103600000,103600000
0,1036,103600000,103600100,18865,18865,103700000,103700000
0,1037,103700000,103700100,18865,18865,103800000,103800000
0,1038,103800000,103800100,18865,18865,103900000,103900000
0,1039,103900000,103900100,18865,18865,104000000,104000000
0,1040,104000000,104000100,18865,18865,104100000,104100000
0,1041,104100000,104100100,18865,18865,104200000,104200000
0,1042,104200000,104200100,18865,18865,104300000,104300000
0,1043,104300000,104300100,18865,18865,104400000,104400000
0,1044,104400000,104400100,18865,18865,104500000,104500000
0,1045,104500000,104500100,18865,18865,104600000,104600000
0,1046,104600000,104600100,18865,18865,104700000,104700000
0,1047,104700000,104700100,18865,18865,104800000,104800000
0,1048,104800000,104800100,18865,18865,104900000,104900000
0,1049,104900000,104900100,18865,18865,105000000,105000000
0,1050,105000000,105000100,18865,18865,105100000,105100000
0,1051,105100000,105100100,18865,18865,105200000,105200000
0,1052,105200000,105200100,18865,18865,105300000,105300000
0,1053,105300000,105300100,18865,18865,105400000,105400000
0,1054,105400000,105400100,18865,18865,105500000,105500000
0,1055,105500000,105500100,18865,18865,105600000,105600000
0,1056,105600000,105600100,18865,18865,105700000,105700000
0,1057,105700000,105700100,18865,18865,105800000,105800000
0,1058,105800000,105800100,18865,18865,105900000,105900000
0,1059,105900000,105900100,18865,18865,106000000,106000000
0,1060,106000000,106000100,18865,18865,106100000,106100000
0,1061,106100000,106100100,18865,18865,106200000,106200000
0,1062,106200000,106200100,18865,18865,106300000,106300000
0,1063,106300000,106300100,18865,18865,106400000,106400000
0,1064,106400000,106400100,18865,18865,106500000,106500000
0,1065,106500000,106500100,18865,18865,106600000,106600000
0,1066,106600000,106600100,18865,18865,106700000,106700000
0,1067,106700000,106700100,18865,18865,106800000,106800000
0,1068,106800000,106800100,18865,18865,106900000,106900000
0,1069,106900000,106900100,18865,18865,107000000,107000000
0,1070,107000000,107000100,18865,18865,107100000,107100000
0,1071,107100000,107100100,18865,18865,107200000,107200000
0,1072,107200000,107200100,18865,18865,107300000,107300000
0,1073,107300000,107300100,18865,18865,107400000,107400000
0,1074,107400000,107400100,18865,18865,107500000,107500000
0,1075,107500000,107500100,18865,18865,107600000,107600000
0,1076,107600000,107600100,18865,18865,107700000,107700000
0,1077,107700000,107700100,18865,18865,107800000,107800000
0,1078,107800000,107800100,18865,18865,107900000,107900000
0,1079,107900000,107900100,18865,18865,108000000,108000000
0,1080,108000000,108000100,18865,18865,108100000,108100000
0,1081,108100000,108100100,18865,18865,108200000,108200000
0,1082,108200000,108200100,18865,18865,108300000,108300000
0,1083,108300000,108300100,18865,18865,108400000,108400000
0,1084,108400000,108400100,18865,18865,108500000,108500000
0,1085,108500000,108500100,18865,18865,108600000,108600000
0,1086,108600000,108600100,18865,18865,108700000,108700000
0,1087,108700000,108700100,18865,18865,108800000,108800000
0,1088,108800000,108800100,18865,18865,108900000,108900000
0,1089,108900000,108900100,18865,18865,109000000,109000000
0,1090,109000000,109000100,18865,18865,109100000,109100000
0,1091,109100000,109100100,18865,18865,109200000,109200000
0,1092,109200000,109200100,18865,18865,109300000,109300000
0,1093,109300000,109300100,18865,18865,109400000,109400000
0,1094,109400000,109400100,18865,18865,109500000,109500000
0,1095,109500000,109500100,18865,18865,109600000,109600000
0,1096,109600000,109600100,18865,18865,109700000,109700000
0,1097,109700000,109700100,18865,18865,109800000,109800000
0,1098,109800000,109800100,18865,18865,109900000,109900000
0,1099,109900000,109900100,18865,18865,110000000,110000000
0,1100,110000000,110000100,18865,18865,110100000,110100000
0,1101,110100000,110100100,18865,18865,110200000,110200000
0,1102,110200000,110200100,18865,18865,110300000,110300000
0,1103,110300000,110300100,18865,18865,110400000,110400000
0,1104,110400000,110400100,18865,18865,110500000,110500000
0,1105,110500000,110500100,18865,18865,110600000,110600000
0,1106,110600000,110600100,18865,18865,110700000,110700000
0,1107,110700000,110700100,18865,18865,110800000,110800000
0,1108,110800000,110800100,18865,18865,110900000,110900000
0,1109,110900000,110900100,18865,18865,111000000,111000000
0,1110,111000000,111000100,18865,18865,111100000,111100000
0,1111,111100000,111100100,18865,18865,111200000,111200000
0,1112,111200000,111200100,18865,18865,111300000,111300000
0,1113,111300000,111300100,18865,18865,111400000,111400000
0,1114,111400000,111400100,18865,18865,111500000,111500000
0,1115,111500000,111500100,18865,18865,111600000,111600000
0,1116,111600000,111600100,18865,18865,111700000,111700000
0,1117,111700000,111700100,18865,18865,111800000,111800000
0,1118,111800000,111800100,18865,18865,111900000,111900000
0,1119,111900000,111900100,18865,18865,112000000,112000000
0,1120,112000000,112000100,18865,18865,112100000,112100000
0,1121,112100000,112100100,18865,18865,112200000,112200000
0,1122,112200000,112200100,18865,18865,112300000,112300000
0,1123,112300000,112300100,18865,18865,112400000,112400000
0,1124,112400000,112400100,18865,18865,112500000,112500000
0,1125,112500000,112500100,18865,18865,112600000,112600000
0,1126,112600000,112600100,18865,18865,112700000,112700000
0,1127,112700000,112700100,18865,18865,112800000,112800000
0,1128,112800000,112800100,18865,18865,112900000,112900000
0,1129,112900000,112900100,18865,18865,113000000,113000000
0,1130,113000000,113000100,18865,18865,113100000,113100000
0,1131,113100000,113100100,18865,18865,113200000,113200000
0,1132,113200000,113200100,18865,18865,113300000,113300000
0,1133,113300000,113300100,18865,18865,113400000,113400000
0,1134,113400000,113400100,18865,18865,113500000,113500000
0,1135,113500000,113500100,18865,18865,113600000,113600000
0,1136,113600000,113600100,18865,18865,113700000,113700000
0,1137,113700000,113700100,18865,18865,113800000,113800000
0,1138,113800000,113800100,18865,18865,113900000,113900000
0,1139,113900000,113900100,18865,18865,114000000,114000000
0,1140,114000000,114000100,18865,18865,114100000,114100000
0,1141,114100000,114100100,18865,18865,114200000,114200000
0,1142,114200000,114200100,18865,18865,114300000,114300000
0,1143,114300000,114300100,18865,18865,114400000,114400000
0,1144,114400000,114400100,18865,18865,114500000,114500000
0,1145,114500000,114500100,18865,18865,114600000,114600000
0,1146,114600000,114600100,18865,18865,114700000,114700000
0,1147,114700000,114700100,18865,18865,114800000,114800000
0,1148,114800000,114800100,18865,18865,114900000,114900000
0,1149,114900000,114900100,18865,18865,115000000,115000000
0,1150,115000000,115000100,18865,18865,115100000,115100000
0,1151,115100000,115100100,18865,18865,115200000,115200000
0,1152,115200000,115200100,18865,18865,115300000,115300000
0,1153,115300000,115300100,18865,18865,115400000,115400000
0,1154,115400000,115400100,18865,18865,115500000,115500000
0,1155,115500000,115500100,18865,18865,115600000,115600000
0,1156,115600000,115600100,18865,18865,115700000,115700000
0,1157,115700000,115700100,18865,18865,115800000,115800000
0,1158,115800000,115800100,18865,18865,115900000,115900000
0,1159,115900000,115900100,18865,18865,116000000,116000000
0,1160,116000000,116000100,18865,18865,116100000,116100000
0,1161,116100000,116100100,18865,18865,116200000,116200000
0,1162,116200000,116200100,18865,18865,116300000,116300000
0,1163,116300000,116300100,18865,18865,116400000,116400000
0,1164,116400000,116400100,18865,18865,116500000,116500000
0,1165,116500000,116500100,18865,18865,116600000,116600000
0,1166,116600000,116600100,18865,18865,116700000,116700000
0,1167,116700000,116700100,18865,18865,116800000,116800000
0,1168,116800000,116800100,18865,18865,116900000,116900000
0,1169,116900000,116900100,18865,18865,117000000,117000000
0,1170,117000000,117000100,18865,18865,117100000,117100000
0,1171,117100000,117100100,18865,18865,117200000,117200000
0,1172,117200000,117200100,18865,18865,117300000,117300000
0,1173,117300000,117300100,18865,18865,117400000,117400000
0,1174,117400000,117400100,18865,18865,117500000,117500000
0,1175,117500000,117500100,18865,18865,117600000,117600000
0,1176,117600000,117600100,18865,18865,117700000,117700000
0,1177,117700000,117700100,18865,18865,117800000,117800000
0,1178,117800000,117800100,18865,18865,117900000,117900000
0,1179,117900000,117900100,18865,18865,118000000,118000000
0,1180,118000000,118000100,18865,18865,118100000,118100000
0,1181,118100000,118100100,18865,18865,118200000,118200000
0,1182,118200000,118200100,18865,18865,118300000,118300000
0,1183,118300000,118300100,18865,18865,118400000,118400000
0,1184,118400000,118400100,18865,18865,118500000,118500000
0,1185,118500000,118500100,18865,18865,118600000,118600000
0,1186,118600000,118600100,18865,18865,118700000,118700000
0,1187,118700000,118700100,18865,18865,118800000,118800000
0,1188,118800000,118800100,18865,18865,118900000,118900000
0,1189,118900000,118900100,18865,18865,119000000,119000000
0,1190,119000000,119000100,18865,18865,119100000,119100000
0,1191,119100000,119100100,18865,18865,119200000,119200000
0,1192,119200000,119200100,18865,18865,119300000,119300000
0,1193,119300000,119300100,18865,18865,119400000,119400000
0,1194,119400000,119400100,18865,18865,119500000,119500000
0,1195,119500000,119500100,18865,18865,119600000,119600000
0,1196,119600000,119600100,18865,18865,119700000,119700000
0,1197,119700000,119700100,18865,18865,119800000,119800000
0,1198,119800000,119800100,18865,18865,119900000,119900000
0,1199,119900000,119900100,18865,18865,120000000,120000000
0,1200,120000000,120000100,18865,18865,120100000,120100000
0,1201,120100000,120100100,18865,18865,120200000,120200000
0,1202,120200000,120200100,18865,18865,120300000,120300000
0,1203,120300000,120300100,18865,18865,120400000,120400000
0,1204,120400000,120400100,18865,18865,120500000,120500000
0,1205,120500000,120500100,18865,18865,120600000,120600000
0,1206,120600000,120600100,18865,18865,120700000,120700000
0,1207,120700000,120700100,18865,18865,120800000,120800000
0,1208,120800000,120800100,18865,18865,120900000,120900000
0,1209,120900000,120900100,18865,18865,121000000,121000000
0,1210,121000000,121000100,18865,18865,121100000,121100000
0,1211,121100000,121100100,18865,18865,121200000,121200000
0,1212,121200000,121200100,18865,18865,121300000,121300000
0,1213,121300000,121300100,18865,18865,121400000,121400000
0,1214,121400000,121400100,18865,18865,121500000,121500000
0,1215,121500000,121500100,18865,18865,121600000,121600000
0,1216,121600000,121600100,18865,18865,121700000,121700000
0,1217,121700000,121700100,18865,18865,121800000,121800000
0,1218,121800000,121800100,18865,18865,121900000,121900000
0,1219,121900000,121900100,18865,18865,122000000,122000000
0,1220,122000000,122000100,18865,18865,122100000,122100000
0,1221,122100000,122100100,18865,18865,122200000,122200000
0,1222,122200000,122200100,18865,18865,122300000,122300000
0,1223,122300000,122300100,18865,18865,122400000,122400000
0,1224,122400000,122400100,18865,18865,122500000,122500000
0,1225,122500000,122500100,18865,18865,122600000,122600000
0,1226,122600000,122600100,18865,18865,122700000,122700000
0,1227,122700000,122700100,18865,18865,122800000,122800000
0,1228,122800000,122800100,18865,18865,122900000,122900000
0,1229,122900000,122900100,18865,18865,123000000,123000000
0,1230,123000000,123000100,18865,18865,123100000,123100000
0,1231,123100000,123100100,18865,18865,123200000,123200000
0,1232,123200000,123200100,18865,18865,123300000,123300000
0,1233,123300000,123300100,18865,18865,123400000,123400000
0,1234,123400000,123400100,18865,18865,123500000,123500000
0,1235,123500000,123500100,18865,18865,123600000,123600000
0,1236,123600000,123600100,18865,18865,123700000,123700000
0,1237,123700000,123700100,18865,18865,123800000,123800000
0,1238,123800000,123800100,18865,18865,123900000,123900000
0,1239,123900000,123900100,18865,18865,124000000,124000000
0,1240,124000000,124000100,18865,18865,124100000,124100000
0,1241,124100000,124100100,18865,18865,124200000,124200000
0,1242,124200000,124200100,18865,18865,124300000,124300000
0,1243,124300000,124300100,18865,18865,124400000,124400000
0,1244,124400000,124400100,18865,18865,124500000,124500000
0,1245,124500000,124500100,18865,18865,124600000,124600000
0,1246,124600000,124600100,18865,18865,124700000,124700000
0,1247,124700000,124700100,18865,18865,124800000,124800000
0,1248,124800000,124800100,18865,18865,124900000,124900000
0,1249,124900000,124900100,18865,18865,125000000,125000000
0,1250,125000000,125000100,18865,18865,125100000,125100000
0,1251,125100000,125100100,18865,18865,125200000,125200000
0,1252,125200000,125200100,18865,18865,125300000,125300000
0,1253,125300000,125300100,18865,18865,125400000,125400000
0,1254,125400000,125400100,18865,18865,125500000,125500000
0,1255,125500000,125500100,18865,18865,125600000,125600000
0,1256,125600000,125600100,18865,18865,125700000,125700000
0,1257,125700000,125700100,18865,18865,125800000,125800000
0,1258,125800000,125800100,18865,18865,125900000,125900000
0,1259,125900000,125900100,18865,18865,126000000,126000000
0,1260,126000000,126000100,18865,18865,126100000,126100000
0,1261,126100000,126100100,18865,18865,126200000,126200000
0,1262,126200000,126200100,18865,18865,126300000,126300000
0,1263,126300000,126300100,18865,18865,126400000,126400000
0,1264,126400000,126400100,18865,18865,126500000,126500000
0,1265,126500000,126500100,18865,18865,126600000,126600000
0,1266,126600000,126600100,18865,18865,126700000,126700000
0,1267,126700000,126700100,18865,18865,126800000,126800000
0,1268,126800000,126800100,18865,18865,126900000,126900000
0,1269,126900000,126900100,18865,18865,127000000,127000000
0,1270,127000000,127000100,18865,18865,127100000,127100000
0,1271,127100000,127100100,18865,18865,127200000,127200000
0,1272,127200000,127200100,18865,18865,127300000,127300000
0,1273,127300000,127300100,18865,18865,127400000,127400000
0,1274,127400000,127400100,18865,18865,127500000,127500000
0,1275,127500000,127500100,18865,18865,127600000,127600000
0,1276,127600000,127600100,18865,18865,127700000,127700000
0,1277,127700000,127700100,18865,18865,127800000,127800000
0,1278,127800000,127800100,18865,18865,127900000,127900000
0,1279,127900000,127900100,18865,18865,128000000,128000000
0,1280,128000000,128000100,18865,18865,128100000,128100000
0,1281,128100000,128100100,18865,18865,128200000,128200000
0,1282,128200000,128200100,18865,18865,128300000,128300000
0,1283,128300000,128300100,18865,18865,128400000,128400000
0,1284,128400000,128400100,18865,18865,128500000,128500000
0,1285,128500000,128500100,18865,18865,128600000,128600000
0,1286,128600000,128600100,18865,18865,128700000,128700000
0,1287,128700000,128700100,18865,18865,128800000,128800000
0,1288,128800000,128800100,18865,18865,128900000,128900000
0,1289,128900000,128900100,18865,18865,129000000,129000000
0,1290,129000000,129000100,18865,18865,129100000,129100000
0,1291,129100000,129100100,18865,18865,129200000,129200000
0,1292,129200000,129200100,18865,18865,129300000,129300000
0,1293,129300000,129300100,18865,18865,129400000,129400000
0,1294,129400000,129400100,18865,18865,129500000,129500000
0,1295,129500000,129500100,18865,18865,129600000,129600000
0,1296,129600000,129600100,18865,18865,129700000,129700000
0,1297,129700000,129700100,18865,18865,129800000,129800000
0,1298,129800000,129800100,18865,18865,129900000,129900000
0,1299,129900000,129900100,18865,18865,130000000,130000000
0,1300,130000000,130000100,18865,18865,130100000,130100000
0,1301,130100000,130100100,18865,18865,130200000,130200000
0,1302,130200000,130200100,18865,18865,130300000,130300000
0,1303,130300000,130300100,18865,18865,130400000,130400000
0,1304,130400000,130400100,18865,18865,130500000,130500000
0,1305,130500000,130500100,18865,18865,130600000,130600000
0,1306,130600000,130600100,18865,18865,130700000,130700000
0,1307,130700000,130700100,18865,18865,130800000,130800000
0,1308,130800000,130800100,18865,18865,130900000,130900000
0,1309,130900000,130900100,18865,18865,131000000,131000000
0,1310,131000000,131000100,18865,18865,131100000,131100000
0,1311,131100000,131100100,18865,18865,131200000,131200000
0,1312,131200000,131200100,18865,18865,131300000,131300000
0,1313,131300000,131300100,18865,18865,131400000,131400000
0,1314,131400000,131400100,18865,18865,131500000,131500000
0,1315,131500000,131500100,18865,18865,131600000,131600000
0,1316,131600000,131600100,18865,18865,131700000,131700000
0,1317,131700000,131700100,18865,18865,131800000,131800000
0,1318,131800000,131800100,18865,18865,131900000,131900000
0,1319,131900000,131900100,18865,18865,132000000,132000000
0,1320,132000000,132000100,18865,18865,132100000,132100000
0,1321,132100000,132100100,18865,18865,132200000,132200000
0,1322,132200000,132200100,18865,18865,132300000,132300000
0,1323,132300000,132300100,18865,18865,132400000,132400000
0,1324,132400000,132400100,18865,18865,132500000,132500000
0,1325,132500000,132500100,18865,18865,132600000,132600000
0,1326,132600000,132600100,18865,18865,132700000,132700000
0,1327,132700000,132700100,18865,18865,132800000,132800000
0,1328,132800000,132800100,18865,18865,132900000,132900000
0,1329,132900000,132900100,18865,18865,133000000,133000000
0,1330,133000000,133000100,18865,18865,133100000,133100000
0,1331,133100000,133100100,18865,18865,133200000,133200000
0,1332,133200000,133200100,18865,18865,133300000,133300000
0,1333,133300000,133300100,18865,18865,133400000,133400000
0,1334,133400000,133400100,18865,18865,133500000,133500000
0,1335,133500000,133500100,18865,18865,133600000,133600000
0,1336,133600000,133600100,18865,18865,133700000,133700000
0,1337,133700000,133700100,18865,18865,133800000,133800000
0,1338,133800000,133800100,18865,18865,133900000,133900000
0,1339,133900000,133900100,18865,18865,134000000,134000000
0,1340,134000000,134000100,18865,18865,134100000,134100000
0,1341,134100000,134100100,18865,18865,134200000,134200000
0,1342,134200000,134200100,18865,18865,134300000,134300000
0,1343,134300000,134300100,18865,18865,134400000,134400000
0,1344,134400000,134400100,18865,18865,134500000,134500000
0,1345,134500000,134500100,18865,18865,134600000,134600000
0,1346,134600000,134600100,18865,18865,134700000,134700000
0,1347,134700000,134700100,18865,18865,134800000,134800000
0,1348,134800000,134800100,18865,18865,134900000,134900000
0,1349,134900000,134900100,18865,18865,135000000,135000000
0,1350,135000000,135000100,18865,18865,135100000,135100000
0,1351,135100000,135100100,18865,18865,135200000,135200000
0,1352,135200000,135200100,18865,18865,135300000,135300000
0,1353,135300000,135300100,18865,18865,135400000,135400000
0,1354,135400000,135400100,18865,18865,135500000,135500000
0,1355,135500000,135500100,18865,18865,135600000,135600000
0,1356,135600000,135600100,18865,18865,135700000,135700000
0,1357,135700000,135700100,18865,18865,135800000,135800000
0,1358,135800000,135800100,18865,18865,135900000,135900000
0,1359,135900000,135900100,18865,18865,136000000,136000000
0,1360,136000000,136000100,18865,18865,136100000,136100000
0,1361,136100000,136100100,18865,18865,136200000,136200000
0,1362,136200000,136200100,18865,18865,136300000,136300000
0,1363,136300000,136300100,18865,18865,136400000,136400000
0,1364,136400000,136400100,18865,18865,136500000,136500000
0,1365,136500000,136500100,18865,18865,136600000,136600000
0,1366,136600000,136600100,18865,18865,136700000,136700000
0,1367,136700000,136700100,18865,18865,136800000,136800000
0,1368,136800000,136800100,18865,18865,136900000,136900000
0,1369,136900000,136900100,18865,18865,137000000,137000000
0,1370,137000000,137000100,18865,18865,137100000,137100000
0,1371,137100000,137100100,18865,18865,137200000,137200000
0,1372,137200000,137200100,18865,18865,137300000,137300000
0,1373,137300000,137300100,18865,18865,137400000,137400000
0,1374,137400000,137400100,18865,18865,137500000,137500000
0,1375,137500000,137500100,18865,18865,137600000,137600000
0,1376,137600000,137600100,18865,18865,137700000,137700000
0,1377,137700000,137700100,18865,18865,137800000,137800000
0,1378,137800000,137800100,18865,18865,137900000,137900000
0,1379,137900000,137900100,18865,18865,138000000,138000000
0,1380,138000000,138000100,18865,18865,138100000,138100000
0,1381,138100000,138100100,18865,18865,138200000,138200000
0,1382,138200000,138200100,18865,18865,138300000,138300000
0,1383,138300000,138300100,18865,18865,138400000,138400000
0,1384,138400000,138400100,18865,18865,138500000,138500000
0,1385,138500000,138500100,18865,18865,138600000,138600000
0,1386,138600000,138600100,18865,18865,138700000,138700000
0,1387,138700000,138700100,18865,18865,138800000,138800000
0,1388,138800000,138800100,18865,18865,138900000,138900000
0,1389,138900000,138900100,18865,18865,139000000,139000000
0,1390,139000000,139000100,18865,18865,139100000,139100000
0,1391,139100000,139100100,18865,18865,139200000,139200000
0,1392,139200000,139200100,18865,18865,139300000,139300000
0,1393,139300000,139300100,18865,18865,139400000,139400000
0,1394,139400000,139400100,18865,18865,139500000,139500000
0,1395,139500000,139500100,18865,18865,139600000,139600000
0,1396,139600000,139600100,18865,18865,139700000,139700000
0,1397,139700000,139700100,18865,18865,139800000,139800000
0,1398,139800000,139800100,18865,18865,139900000,139900000
0,1399,139900000,139900100,18865,18865,140000000,140000000
0,1400,140000000,140000100,18865,18865,140100000,140100000
0,1401,140100000,140100100,18865,18865,140200000,140200000
0,1402,140200000,140200100,18865,18865,140300000,140300000
0,1403,140300000,140300100,18865,18865,140400000,140400000
0,1404,140400000,140400100,18865,18865,140500000,140500000
0,1405,140500000,140500100,18865,18865,140600000,140600000
0,1406,140600000,140600100,18865,18865,140700000,140700000
0,1407,140700000,140700100,18865,18865,140800000,140800000
0,1408,140800000,140800100,18865,18865,140900000,140900000
0,1409,140900000,140900100,18865,18865,141000000,141000000
0,1410,141000000,141000100,18865,18865,141100000,141100000
0,1411,141100000,141100100,18865,18865,141200000,141200000
0,1412,141200000,141200100,18865,18865,141300000,141300000
0,1413,141300000,141300100,18865,18865,141400000,141400000
0,1414,141400000,141400100,18865,18865,141500000,141500000
0,1415,141500000,141500100,18865,18865,141600000,141600000
0,1416,141600000,141600100,18865,18865,141700000,141700000
0,1417,141700000,141700100,18865,18865,141800000,141800000
0,1418,141800000,141800100,18865,18865,141900000,141900000
0,1419,141900000,141900100,18865,18865,142000000,142000000
0,1420,142000000,142000100,18865,18865,142100000,142100000
0,1421,142100000,142100100,18865,18865,142200000,142200000
0,1422,142200000,142200100,18865,18865,142300000,142300000
0,1423,142300000,142300100,18865,18865,142400000,142400000
0,1424,142400000,142400100,18865,18865,142500000,142500000
0,1425,142500000,142500100,18865,18865,142600000,142600000
0,1426,142600000,142600100,18865,18865,142700000,142700000
0,1427,142700000,142700100,18865,18865,142800000,142800000
0,1428,142800000,142800100,18865,18865,142900000,142900000
0,1429,142900000,142900100,18865,18865,143000000,143000000
0,1430,143000000,143000100,18865,18865,143100000,143100000
0,1431,143100000,143100100,18865,18865,143200000,143200000
0,1432,143200000,143200100,18865,18865,143300000,143300000
0,1433,143300000,143300100,18865,18865,143400000,143400000
0,1434,143400000,143400100,18865,18865,143500000,143500000
0,1435,143500000,143500100,18865,18865,143600000,143600000
0,1436,143600000,143600100,18865,18865,143700000,143700000
0,1437,143700000,143700100,18865,18865,143800000,143800000
0,1438,143800000,143800100,18865,18865,143900000,143900000
0,1439,143900000,143900100,18865,18865,144000000,144000000
0,1440,144000000,144000100,18865,18865,144100000,144100000
0,1441,144100000,144100100,18865,18865,144200000,144200000
0,1442,144200000,144200100,18865,18865,144300000,144300000
0,1443,144300000,144300100,18865,18865,144400000,144400000
0,1444,144400000,144400100,18865,18865,144500000,144500000
0,1445,144500000,144500100,18865,18865,144600000,144600000
0,1446,144600000,144600100,18865,18865,144700000,144700000
0,1447,144700000,144700100,18865,18865,144800000,144800000
0,1448,144800000,144800100,18865,18865,144900000,144900000
0,1449,144900000,144900100,18865,18865,145000000,145000000
0,1450,145000000,145000100,18865,18865,145100000,145100000
0,1451,145100000,145100100,18865,18865,145200000,145200000
0,1452,145200000,145200100,18865,18865,145300000,145300000
0,1453,145300000,145300100,18865,18865,145400000,145400000
0,1454,145400000,145400100,18865,18865,145500000,145500000
0,1455,145500000,145500100,18865,18865,145600000,145600000
0,1456,145600000,145600100,18865,18865,145700000,145700000
0,1457,145700000,145700100,18865,18865,145800000,145800000
0,1458,145800000,145800100,18865,18865,145900000,145900000
0,1459,145900000,145900100,18865,18865,146000000,146000000
0,1460,146000000,146000100,18865,18865,146100000,146100000
0,1461,146100000,146100100,18865,18865,146200000,146200000
0,1462,146200000,146200100,18865,18865,146300000,146300000
0,1463,146300000,146300100,18865,18865,146400000,146400000
0,1464,146400000,146400100,18865,18865,146500000,146500000
0,1465,146500000,146500100,18865,18865,146600000,146600000
0,1466,146600000,146600100,18865,18865,146700000,146700000
0,1467,146700000,146700100,18865,18865,146800000,146800000
0,1468,146800000,146800100,18865,18865,146900000,146900000
0,1469,146900000,146900100,18865,18865,147000000,147000000
0,1470,147000000,147000100,18865,18865,147100000,147100000
0,1471,147100000,147100100,18865,18865,147200000,147200000
0,1472,147200000,147200100,18865,18865,147300000,147300000
0,1473,147300000,147300100,18865,18865,147400000,147400000
0,1474,147400000,147400100,18865,18865,147500000,147500000
0,1475,147500000,147500100,18865,18865,147600000,147600000
0,1476,147600000,147600100,18865,18865,147700000,147700000
0,1477,147700000,147700100,18865,18865,147800000,147800000
0,1478,147800000,147800100,18865,18865,147900000,147900000
0,1479,147900000,147900100,18865,18865,148000000,148000000
0,1480,148000000,148000100,18865,18865,148100000,148100000
0,1481,148100000,148100100,18865,18865,148200000,148200000
0,1482,148200000,148200100,18865,18865,148300000,148300000
0,1483,148300000,148300100,18865,18865,148400000,148400000
0,1484,148400000,148400100,18865,18865,148500000,148500000
0,1485,148500000,148500100,18865,18865,148600000,148600000
0,1486,148600000,148600100,18865,18865,148700000,148700000
0,1487,148700000,148700100,18865,18865,148800000,148800000
0,1488,148800000,148800100,18865,18865,148900000,148900000
0,1489,148900000,148900100,18865,18865,149000000,149000000
0,1490,149000000,149000100,18865,18865,149100000,149100000
0,1491,149100000,149100100,18865,18865,149200000,149200000
0,1492,149200000,149200100,18865,18865,149300000,149300000
0,1493,149300000,149300100,18865,18865,149400000,149400000
0,1494,149400000,149400100,18865,18865,149500000,149500000
0,1495,149500000,149500100,18865,18865,149600000,149600000
0,1496,149600000,149600100,18865,18865,149700000,149700000
0,1497,149700000,149700100,18865,18865,149800000,149800000
0,1498,149800000,149800100,18865,18865,149900000,149900000
0,1499,149900000,149900100,18865,18865,150000000,150000000
0,1500,150000000,150000100,18865,18865,150100000,150100000
0,1501,150100000,150100100,18865,18865,150200000,150200000
0,1502,150200000,150200100,18865,18865,150300000,150300000
0,1503,150300000,150300100,18865,18865,150400000,150400000
0,1504,150400000,150400100,18865,18865,150500000,150500000
0,1505,150500000,150500100,18865,18865,150600000,150600000
0,1506,150600000,150600100,18865,18865,150700000,150700000
0,1507,150700000,150700100,18865,18865,150800000,150800000
0,1508,150800000,150800100,18865,18865,150900000,150900000
0,1509,150900000,150900100,18865,18865,151000000,151000000
0,1510,151000000,151000100,18865,18865,151100000,151100000
0,1511,151100000,151100100,18865,18865,151200000,151200000
0,1512,151200000,151200100,18865,18865,151300000,151300000
0,1513,151300000,151300100,18865,18865,151400000,151400000
0,1514,151400000,151400100,18865,18865,151500000,151500000
0,1515,151500000,151500100,18865,18865,151600000,151600000
0,1516,151600000,151600100,18865,18865,151700000,151700000
0,1517,151700000,151700100,18865,18865,151800000,151800000
0,1518,151800000,151800100,18865,18865,151900000,151900000
0,1519,151900000,151900100,18865,18865,152000000,152000000
0,1520,152000000,152000100,18865,18865,152100000,152100000
0,1521,152100000,152100100,18865,18865,152200000,152200000
0,1522,152200000,152200100,18865,18865,152300000,152300000
0,1523,152300000,152300100,18865,18865,152400000,152400000
0,1524,152400000,152400100,18865,18865,152500000,152500000
0,1525,152500000,152500100,18865,18865,152600000,152600000
0,1526,152600000,152600100,18865,18865,152700000,152700000
0,1527,152700000,152700100,18865,18865,152800000,152800000
0,1528,152800000,152800100,18865,18865,152900000,152900000
0,1529,152900000,152900100,18865,18865,153000000,153000000
0,1530,153000000,153000100,18865,18865,153100000,153100000
0,1531,153100000,153100100,18865,18865,153200000,153200000
0,1532,153200000,153200100,18865,18865,153300000,153300000
0,1533,153300000,153300100,18865,18865,153400000,153400000
0,1534,153400000,153400100,18865,18865,153500000,153500000
0,1535,153500000,153500100,18865,18865,153600000,153600000
0,1536,153600000,153600100,18865,18865,153700000,153700000
0,1537,153700000,153700100,18865,18865,153800000,153800000
0,1538,153800000,153800100,18865,18865,153900000,153900000
0,1539,153900000,153900100,18865,18865,154000000,154000000
0,1540,154000000,154000100,18865,18865,154100000,154100000
0,1541,154100000,154100100,18865,18865,154200000,154200000
0,1542,154200000,154200100,18865,18865,154300000,154300000
0,1543,154300000,154300100,18865,18865,154400000,154400000
0,1544,154400000,154400100,18865,18865,154500000,154500000
0,1545,154500000,154500100,18865,18865,154600000,154600000
0,1546,154600000,154600100,18865,18865,154700000,154700000
0,1547,154700000,154700100,18865,18865,154800000,154800000
0,1548,154800000,154800100,18865,18865,154900000,154900000
0,1549,154900000,154900100,18865,18865,155000000,155000000
0,1550,155000000,155000100,18865,18865,155100000,155100000
0,1551,155100000,155100100,18865,18865,155200000,155200000
0,1552,155200000,155200100,18865,18865,155300000,155300000
0,1553,155300000,155300100,18865,18865,155400000,155400000
0,1554,155400000,155400100,18865,18865,155500000,155500000
0,1555,155500000,155500100,18865,18865,155600000,155600000
0,1556,155600000,155600100,18865,18865,155700000,155700000
0,1557,155700000,155700100,18865,18865,155800000,155800000
0,1558,155800000,155800100,18865,18865,155900000,155900000
0,1559,155900000,155900100,18865,18865,156000000,156000000
0,1560,156000000,156000100,18865,18865,156100000,156100000
0,1561,156100000,156100100,18865,18865,156200000,156200000
0,1562,156200000,156200100,18865,18865,156300000,156300000
0,1563,156300000,156300100,18865,18865,156400000,156400000
0,1564,156400000,156400100,18865,18865,156500000,156500000
0,1565,156500000,156500100,18865,18865,156600000,156600000
0,1566,156600000,156600100,18865,18865,156700000,156700000
0,1567,156700000,156700100,18865,18865,156800000,156800000
0,1568,156800000,156800100,18865,18865,156900000,156900000
0,1569,156900000,156900100,18865,18865,157000000,157000000
0,1570,157000000,157000100,18865,18865,157100000,157100000
0,1571,157100000,157100100,18865,18865,157200000,157200000
0,1572,157200000,157200100,18865,18865,157300000,157300000
0,1573,157300000,157300100,18865,18865,157400000,157400000
0,1574,157400000,157400100,18865,18865,157500000,157500000
0,1575,157500000,157500100,18865,18865,157600000,157600000
0,1576,157600000,157600100,18865,18865,157700000,157700000
0,1577,157700000,157700100,18865,18865,157800000,157800000
0,1578,157800000,157800100,18865,18865,157900000,157900000
0,1579,157900000,157900100,18865,18865,158000000,158000000
0,1580,158000000,158000100,18865,18865,158100000,158100000
0,1581,158100000,158100100,18865,18865,158200000,158200000
0,1582,158200000,158200100,18865,18865,158300000,158300000
0,1583,158300000,158300100,18865,18865,158400000,158400000
0,1584,158400000,158400100,18865,18865,158500000,158500000
0,1585,158500000,158500100,18865,18865,158600000,158600000
0,1586,158600000,158600100,18865,18865,158700000,158700000
0,1587,158700000,158700100,18865,18865,158800000,158800000
0,1588,158800000,158800100,18865,18865,158900000,158900000
0,1589,158900000,158900100,18865,18865,159000000,159000000
0,1590,159000000,159000100,18865,18865,159100000,159100000
0,1591,159100000,159100100,18865,18865,159200000,159200000
0,1592,159200000,159200100,18865,18865,159300000,159300000
0,1593,159300000,159300100,18865,18865,159400000,159400000
0,1594,159400000,159400100,18865,18865,159500000,159500000
0,1595,159500000,159500100,18865,18865,159600000,159600000
0,1596,159600000,159600100,18865,18865,159700000,159700000
0,1597,159700000,159700100,18865,18865,159800000,159800000
0,1598,159800000,159800100,18865,18865,159900000,159900000
0,1599,159900000,159900100,18865,18865,160000000,160000000
0,1600,160000000,160000100,18865,18865,160100000,160100000
0,1601,160100000,160100100,18865,18865,160200000,160200000
0,1602,160200000,160200100,18865,18865,160300000,160300000
0,1603,160300000,160300100,18865,18865,160400000,160400000
0,1604,160400000,160400100,18865,18865,160500000,160500000
0,1605,160500000,160500100,18865,18865,160600000,160600000
0,1606,160600000,160600100,18865,18865,160700000,160700000
0,1607,160700000,160700100,18865,18865,160800000,160800000
0,1608,160800000,160800100,18865,18865,160900000,160900000
0,1609,160900000,160900100,18865,18865,161000000,161000000
0,1610,161000000,161000100,18865,18865,161100000,161100000
0,1611,161100000,161100100,18865,18865,161200000,161200000
0,1612,161200000,161200100,18865,18865,161300000,161300000
0,1613,161300000,161300100,18865,18865,161400000,161400000
0,1614,161400000,161400100,18865,18865,161500000,161500000
0,1615,161500000,161500100,18865,18865,161600000,161600000
0,1616,161600000,161600100,18865,18865,161700000,161700000
0,1617,161700000,161700100,18865,18865,161800000,161800000
0,1618,161800000,161800100,18865,18865,161900000,161900000
0,1619,161900000,161900100,18865,18865,162000000,162000000
0,1620,162000000,162000100,18865,18865,162100000,162100000
0,1621,162100000,162100100,18865,18865,162200000,162200000
0,1622,162200000,162200100,18865,18865,162300000,162300000
0,1623,162300000,162300100,18865,18865,162400000,162400000
0,1624,162400000,162400100,18865,18865,162500000,162500000
0,1625,162500000,162500100,18865,18865,162600000,162600000
0,1626,162600000,162600100,18865,18865,162700000,162700000
0,1627,162700000,162700100,18865,18865,162800000,162800000
0,1628,162800000,162800100,18865,18865,162900000,162900000
0,1629,162900000,162900100,18865,18865,163000000,163000000
0,1630,163000000,163000100,18865,18865,163100000,163100000
0,1631,163100000,163100100,18865,18865,163200000,163200000
0,1632,163200000,163200100,18865,18865,163300000,163300000
0,1633,163300000,163300100,18865,18865,163400000,163400000
0,1634,163400000,163400100,18865,18865,163500000,163500000
0,1635,163500000,163500100,18865,18865,163600000,163600000
0,1636,163600000,163600100,18865,18865,163700000,163700000
0,1637,163700000,163700100,18865,18865,163800000,163800000
0,1638,163800000,163800100,18865,18865,163900000,163900000
0,1639,163900000,163900100,18865,18865,164000000,164000000
0,1640,164000000,164000100,18865,18865,164100000,164100000
0,1641,164100000,164100100,18865,18865,164200000,164200000
0,1642,164200000,164200100,18865,18865,164300000,164300000
0,1643,164300000,164300100,18865,18865,164400000,164400000
0,1644,164400000,164400100,18865,18865,164500000,164500000
0,1645,164500000,164500100,18865,18865,164600000,164600000
0,1646,164600000,164600100,18865,18865,164700000,164700000
0,1647,164700000,164700100,18865,18865,164800000,164800000
0,1648,164800000,164800100,18865,18865,164900000,164900000
0,1649,164900000,164900100,18865,18865,165000000,165000000
0,1650,165000000,165000100,18865,18865,165100000,165100000
0,1651,165100000,165100100,18865,18865,165200000,165200000
0,1652,165200000,165200100,18865,18865,165300000,165300000
0,1653,165300000,165300100,18865,18865,165400000,165400000
0,1654,165400000,165400100,18865,18865,165500000,165500000
0,1655,165500000,165500100,18865,18865,165600000,165600000
0,1656,165600000,165600100,18865,18865,165700000,165700000
0,1657,165700000,165700100,18865,18865,165800000,165800000
0,1658,165800000,165800100,18865,18865,165900000,165900000
0,1659,165900000,165900100,18865,18865,166000000,166000000
0,1660,166000000,166000100,18865,18865,166100000,166100000
0,1661,166100000,166100100,18865,18865,166200000,166200000
0,1662,166200000,166200100,18865,18865,166300000,166300000
0,1663,166300000,166300100,18865,18865,166400000,166400000
0,1664,166400000,166400100,18865,18865,166500000,166500000
0,1665,166500000,166500100,18865,18865,166600000,166600000
0,1666,166600000,166600100,18865,18865,166700000,166700000
0,1667,166700000,166700100,18865,18865,166800000,166800000
0,1668,166800000,166800100,18865,18865,166900000,166900000
0,1669,166900000,166900100,18865,18865,167000000,167000000
0,1670,167000000,167000100,18865,18865,167100000,167100000
0,1671,167100000,167100100,18865,18865,167200000,167200000
0,1672,167200000,167200100,18865,18865,167300000,167300000
0,1673,167300000,167300100,18865,18865,167400000,167400000
0,1674,167400000,167400100,18865,18865,167500000,167500000
0,1675,167500000,167500100,18865,18865,167600000,167600000
0,1676,167600000,167600100,18865,18865,167700000,167700000
0,1677,167700000,167700100,18865,18865,167800000,167800000
0,1678,167800000,167800100,18865,18865,167900000,167900000
0,1679,167900000,167900100,18865,18865,168000000,168000000
0,1680,168000000,168000100,18865,18865,168100000,168100000
0,1681,168100000,168100100,18865,18865,168200000,168200000
0,1682,168200000,168200100,18865,18865,168300000,168300000
0,1683,168300000,168300100,18865,18865,168400000,168400000
0,1684,168400000,168400100,18865,18865,168500000,168500000
0,1685,168500000,168500100,18865,18865,168600000,168600000
0,1686,168600000,168600100,18865,18865,168700000,168700000
0,1687,168700000,168700100,18865,18865,168800000,168800000
0,1688,168800000,168800100,18865,18865,168900000,168900000
0,1689,168900000,168900100,18865,18865,169000000,169000000
0,1690,169000000,169000100,18865,18865,169100000,169100000
0,1691,169100000,169100100,18865,18865,169200000,169200000
0,1692,169200000,169200100,18865,18865,169300000,169300000
0,1693,169300000,169300100,18865,18865,169400000,169400000
0,1694,169400000,169400100,18865,18865,169500000,169500000
0,1695,169500000,169500100,18865,18865,169600000,169600000
0,1696,169600000,169600100,18865,18865,169700000,169700000
0,1697,169700000,169700100,18865,18865,169800000,169800000
0,1698,169800000,169800100,18865,18865,169900000,169900000
0,1699,169900000,169900100,18865,18865,170000000,170000000
0,1700,170000000,170000100,18865,18865,170100000,170100000
0,1701,170100000,170100100,18865,18865,170200000,170200000
0,1702,170200000,170200100,18865,18865,170300000,170300000
0,1703,170300000,170300100,18865,18865,170400000,170400000
0,1704,170400000,170400100,18865,18865,170500000,170500000
0,1705,170500000,170500100,18865,18865,170600000,170600000
0,1706,170600000,170600100,18865,18865,170700000,170700000
0,1707,170700000,170700100,18865,18865,170800000,170800000
0,1708,170800000,170800100,18865,18865,170900000,170900000
0,1709,170900000,170900100,18865,18865,171000000,171000000
0,1710,171000000,171000100,18865,18865,171100000,171100000
0,1711,171100000,171100100,18865,18865,171200000,171200000
0,1712,171200000,171200100,18865,18865,171300000,171300000
0,1713,171300000,171300100,18865,18865,171400000,171400000
0,1714,171400000,171400100,18865,18865,171500000,171500000
0,1715,171500000,171500100,18865,18865,171600000,171600000
0,1716,171600000,171600100,18865,18865,171700000,171700000
0,1717,171700000,171700100,18865,18865,171800000,171800000
0,1718,171800000,171800100,18865,18865,171900000,171900000
0,1719,171900000,171900100,18865,18865,172000000,172000000
0,1720,172000000,172000100,18865,18865,172100000,172100000
0,1721,172100000,172100100,18865,18865,172200000,172200000
0,1722,172200000,172200100,18865,18865,172300000,172300000
0,1723,172300000,172300100,18865,18865,172400000,172400000
0,1724,172400000,172400100,18865,18865,172500000,172500000
0,1725,172500000,172500100,18865,18865,172600000,172600000
0,1726,172600000,172600100,18865,18865,172700000,172700000
0,1727,172700000,172700100,18865,18865,172800000,172800000
0,1728,172800000,172800100,18865,18865,172900000,172900000
0,1729,172900000,172900100,18865,18865,173000000,173000000
0,1730,173000000,173000100,18865,18865,173100000,173100000
0,1731,173100000,173100100,18865,18865,173200000,173200000
0,1732,173200000,173200100,18865,18865,173300000,173300000
0,1733,173300000,173300100,18865,18865,173400000,173400000
0,1734,173400000,173400100,18865,18865,173500000,173500000
0,1735,173500000,173500100,18865,18865,173600000,173600000
0,1736,173600000,173600100,18865,18865,173700000,173700000
0,1737,173700000,173700100,18865,18865,173800000,173800000
0,1738,173800000,173800100,18865,18865,173900000,173900000
0,1739,173900000,173900100,18865,18865,174000000,174000000
0,1740,174000000,174000100,18865,18865,174100000,174100000
0,1741,174100000,174100100,18865,18865,174200000,174200000
0,1742,174200000,174200100,18865,18865,174300000,174300000
0,1743,174300000,174300100,18865,18865,174400000,174400000
0,1744,174400000,174400100,18865,18865,174500000,174500000
0,1745,174500000,174500100,18865,18865,174600000,174600000
0,1746,174600000,174600100,18865,18865,174700000,174700000
0,1747,174700000,174700100,18865,18865,174800000,174800000
0,1748,174800000,174800100,18865,18865,174900000,174900000
0,1749,174900000,174900100,18865,18865,175000000,175000000
0,1750,175000000,175000100,18865,18865,175100000,175100000
0,1751,175100000,175100100,18865,18865,175200000,175200000
0,1752,175200000,175200100,18865,18865,175300000,175300000
0,1753,175300000,175300100,18865,18865,175400000,175400000
0,1754,175400000,175400100,18865,18865,175500000,175500000
0,1755,175500000,175500100,18865,18865,175600000,175600000
0,1756,175600000,175600100,18865,18865,175700000,175700000
0,1757,175700000,175700100,18865,18865,175800000,175800000
0,1758,175800000,175800100,18865,18865,175900000,175900000
0,1759,175900000,175900100,18865,18865,176000000,176000000
0,1760,176000000,176000100,18865,18865,176100000,176100000
0,1761,176100000,176100100,18865,18865,176200000,176200000
0,1762,176200000,176200100,18865,18865,176300000,176300000
0,1763,176300000,176300100,18865,18865,176400000,176400000
0,1764,176400000,176400100,18865,18865,176500000,176500000
0,1765,176500000,176500100,18865,18865,176600000,176600000
0,1766,176600000,176600100,18865,18865,176700000,176700000
0,1767,176700000,176700100,18865,18865,176800000,176800000
0,1768,176800000,176800100,18865,18865,176900000,176900000
0,1769,176900000,176900100,18865,18865,177000000,177000000
0,1770,177000000,177000100,18865,18865,177100000,177100000
0,1771,177100000,177100100,18865,18865,177200000,177200000
0,1772,177200000,177200100,18865,18865,177300000,177300000
0,1773,177300000,177300100,18865,18865,177400000,177400000
0,1774,177400000,177400100,18865,18865,177500000,177500000
0,1775,177500000,177500100,18865,18865,177600000,177600000
0,1776,177600000,177600100,18865,18865,177700000,177700000
0,1777,177700000,177700100,18865,18865,177800000,177800000
0,1778,177800000,177800100,18865,18865,177900000,177900000
0,1779,177900000,177900100,18865,18865,178000000,178000000
0,1780,178000000,178000100,18865,18865,178100000,178100000
0,1781,178100000,178100100,18865,18865,178200000,178200000
0,1782,178200000,178200100,18865,18865,178300000,178300000
0,1783,178300000,178300100,18865,18865,178400000,178400000
0,1784,178400000,178400100,18865,18865,178500000,178500000
0,1785,178500000,178500100,18865,18865,178600000,178600000
0,1786,178600000,178600100,18865,18865,178700000,178700000
0,1787,178700000,178700100,18865,18865,178800000,178800000
0,1788,178800000,178800100,18865,18865,178900000,178900000
0,1789,178900000,178900100,18865,18865,179000000,179000000
0,1790,179000000,179000100,18865,18865,179100000,179100000
0,1791,179100000,179100100,18865,18865,179200000,179200000
0,1792,179200000,179200100,18865,18865,179300000,179300000
0,1793,179300000,179300100,18865,18865,179400000,179400000
0,1794,179400000,179400100,18865,18865,179500000,179500000
0,1795,179500000,179500100,18865,18865,179600000,179600000
0,1796,179600000,179600100,18865,18865,179700000,179700000
0,1797,179700000,179700100,18865,18865,179800000,179800000
0,1798,179800000,179800100,18865,18865,179900000,179900000
0,1799,179900000,179900100,18865,18865,180000000,180000000
0,1800,180000000,180000100,18865,18865,180100000,180100000
0,1801,180100000,180100100,18865,18865,180200000,180200000
0,1802,180200000,180200100,18865,18865,180300000,180300000
0,1803,180300000,180300100,18865,18865,180400000,180400000
0,1804,180400000,180400100,18865,18865,180500000,180500000
0,1805,180500000,180500100,18865,18865,180600000,180600000
0,1806,180600000,180600100,18865,18865,180700000,180700000
0,1807,180700000,180700100,18865,18865,180800000,180800000
0,1808,180800000,180800100,18865,18865,180900000,180900000
0,1809,180900000,180900100,18865,18865,181000000,181000000
0,1810,181000000,181000100,18865,18865,181100000,181100000
0,1811,181100000,181100100,18865,18865,181200000,181200000
0,1812,181200000,181200100,18865,18865,181300000,181300000
0,1813,181300000,181300100,18865,18865,181400000,181400000
0,1814,181400000,181400100,18865,18865,181500000,181500000
0,1815,181500000,181500100,18865,18865,181600000,181600000
0,1816,181600000,181600100,18865,18865,181700000,181700000
0,1817,181700000,181700100,18865,18865,181800000,181800000
0,1818,181800000,181800100,18865,18865,181900000,181900000
0,1819,181900000,181900100,18865,18865,182000000,182000000
0,1820,182000000,182000100,18865,18865,182100000,182100000
0,1821,182100000,182100100,18865,18865,182200000,182200000
0,1822,182200000,182200100,18865,18865,182300000,182300000
0,1823,182300000,182300100,18865,18865,182400000,182400000
0,1824,182400000,182400100,18865,18865,182500000,182500000
0,1825,182500000,182500100,18865,18865,182600000,182600000
0,1826,182600000,182600100,18865,18865,182700000,182700000
0,1827,182700000,182700100,18865,18865,182800000,182800000
0,1828,182800000,182800100,18865,18865,182900000,182900000
0,1829,182900000,182900100,18865,18865,183000000,183000000
0,1830,183000000,183000100,18865,18865,183100000,183100000
0,1831,183100000,183100100,18865,18865,183200000,183200000
0,1832,183200000,183200100,18865,18865,183300000,183300000
0,1833,183300000,183300100,18865,18865,183400000,183400000
0,1834,183400000,183400100,18865,18865,183500000,183500000
0,1835,183500000,183500100,18865,18865,183600000,183600000
0,1836,183600000,183600100,18865,18865,183700000,183700000
0,1837,183700000,183700100,18865,18865,183800000,183800000
0,1838,183800000,183800100,18865,18865,183900000,183900000
0,1839,183900000,183900100,18865,18865,184000000,184000000
0,1840,184000000,184000100,18865,18865,184100000,184100000
0,1841,184100000,184100100,18865,18865,184200000,184200000
0,1842,184200000,184200100,18865,18865,184300000,184300000
0,1843,184300000,184300100,18865,18865,184400000,184400000
0,1844,184400000,184400100,18865,18865,184500000,184500000
0,1845,184500000,184500100,18865,18865,184600000,184600000
0,1846,184600000,184600100,18865,18865,184700000,184700000
0,1847,184700000,184700100,18865,18865,184800000,184800000
0,1848,184800000,184800100,18865,18865,184900000,184900000
0,1849,184900000,184900100,18865,18865,185000000,185000000
0,1850,185000000,185000100,18865,18865,185100000,185100000
0,1851,185100000,185100100,18865,18865,185200000,185200000
0,1852,185200000,185200100,18865,18865,185300000,185300000
0,1853,185300000,185300100,18865,18865,185400000,185400000
0,1854,185400000,185400100,18865,18865,185500000,185500000
0,1855,185500000,185500100,18865,18865,185600000,185600000
0,1856,185600000,185600100,18865,18865,185700000,185700000
0,1857,185700000,185700100,18865,18865,185800000,185800000
0,1858,185800000,185800100,18865,18865,185900000,185900000
0,1859,185900000,185900100,18865,18865,186000000,186000000
0,1860,186000000,186000100,18865,18865,186100000,186100000
0,1861,186100000,186100100,18865,18865,186200000,186200000
0,1862,186200000,186200100,18865,18865,186300000,186300000
0,1863,186300000,186300100,18865,18865,186400000,186400000
0,1864,186400000,186400100,18865,18865,186500000,186500000
0,1865,186500000,186500100,18865,18865,186600000,186600000
0,1866,186600000,186600100,18865,18865,186700000,186700000
0,1867,186700000,186700100,18865,18865,186800000,186800000
0,1868,186800000,186800100,18865,18865,186900000,186900000
0,1869,186900000,186900100,18865,18865,187000000,187000000
0,1870,187000000,187000100,18865,18865,187100000,187100000
0,1871,187100000,187100100,18865,18865,187200000,187200000
0,1872,187200000,187200100,18865,18865,187300000,187300000
0,1873,187300000,187300100,18865,18865,187400000,187400000
0,1874,187400000,187400100,18865,18865,187500000,187500000
0,1875,187500000,187500100,18865,18865,187600000,187600000
0,1876,187600000,187600100,18865,18865,187700000,187700000
0,1877,187700000,187700100,18865,18865,187800000,187800000
0,1878,187800000,187800100,18865,18865,187900000,187900000
0,1879,187900000,187900100,18865,18865,188000000,188000000
0,1880,188000000,188000100,18865,18865,188100000,188100000
0,1881,188100000,188100100,18865,18865,188200000,188200000
0,1882,188200000,188200100,18865,18865,188300000,188300000
0,1883,188300000,188300100,18865,18865,188400000,188400000
0,1884,188400000,188400100,18865,18865,188500000,188500000
0,1885,188500000,188500100,18865,18865,188600000,188600000
0,1886,188600000,188600100,18865,18865,188700000,188700000
0,1887,188700000,188700100,18865,18865,188800000,188800000
0,1888,188800000,188800100,18865,18865,188900000,188900000
0,1889,188900000,188900100,18865,18865,189000000,189000000
0,1890,189000000,189000100,18865,18865,189100000,189100000
0,1891,189100000,189100100,18865,18865,189200000,189200000
0,1892,189200000,189200100,18865,18865,189300000,189300000
0,1893,189300000,189300100,18865,18865,189400000,189400000
0,1894,189400000,189400100,18865,18865,189500000,189500000
0,1895,189500000,189500100,18865,18865,189600000,189600000
0,1896,189600000,189600100,18865,18865,189700000,189700000
0,1897,189700000,189700100,18865,18865,189800000,189800000
0,1898,189800000,189800100,18865,18865,189900000,189900000
0,1899,189900000,189900100,18865,18865,190000000,190000000
0,1900,190000000,190000100,18865,18865,190100000,190100000
0,1901,190100000,190100100,18865,18865,190200000,190200000
0,1902,190200000,190200100,18865,18865,190300000,190300000
0,1903,190300000,190300100,18865,18865,190400000,190400000
0,1904,190400000,190400100,18865,18865,190500000,190500000
0,1905,190500000,190500100,18865,18865,190600000,190600000
0,1906,190600000,190600100,18865,18865,190700000,190700000
0,1907,190700000,190700100,18865,18865,190800000,190800000
0,1908,190800000,190800100,18865,18865,190900000,190900000
0,1909,190900000,190900100,18865,18865,191000000,191000000
0,1910,191000000,191000100,18865,18865,191100000,191100000
0,1911,191100000,191100100,18865,18865,191200000,191200000
0,1912,191200000,191200100,18865,18865,191300000,191300000
0,1913,191300000,191300100,18865,18865,191400000,191400000
0,1914,191400000,191400100,18865,18865,191500000,191500000
0,1915,191500000,191500100,18865,18865,191600000,191600000
0,1916,191600000,191600100,18865,18865,191700000,191700000
0,1917,191700000,191700100,18865,18865,191800000,191800000
0,1918,191800000,191800100,18865,18865,191900000,191900000
0,1919,191900000,191900100,18865,18865,192000000,192000000
0,1920,192000000,192000100,18865,18865,192100000,192100000
0,1921,192100000,192100100,18865,18865,192200000,192200000
0,1922,192200000,192200100,18865,18865,192300000,192300000
0,1923,192300000,192300100,18865,18865,192400000,192400000
0,1924,192400000,192400100,18865,18865,192500000,192500000
0,1925,192500000,192500100,18865,18865,192600000,192600000
0,1926,192600000,192600100,18865,18865,192700000,192700000
0,1927,192700000,192700100,18865,18865,192800000,192800000
0,1928,192800000,192800100,18865,18865,192900000,192900000
0,1929,192900000,192900100,18865,18865,193000000,193000000
0,1930,193000000,193000100,18865,18865,193100000,193100000
0,1931,193100000,193100100,18865,18865,193200000,193200000
0,1932,193200000,193200100,18865,18865,193300000,193300000
0,1933,193300000,193300100,18865,18865,193400000,193400000
0,1934,193400000,193400100,18865,18865,193500000,193500000
0,1935,193500000,193500100,18865,18865,193600000,193600000
0,1936,193600000,193600100,18865,18865,193700000,193700000
0,1937,193700000,193700100,18865,18865,193800000,193800000
0,1938,193800000,193800100,18865,18865,193900000,193900000
0,1939,193900000,193900100,18865,18865,194000000,194000000
0,1940,194000000,194000100,18865,18865,194100000,194100000
0,1941,194100000,194100100,18865,18865,194200000,194200000
0,1942,194200000,194200100,18865,18865,194300000,194300000
0,1943,194300000,194300100,18865,18865,194400000,194400000
0,1944,194400000,194400100,18865,18865,194500000,194500000
0,1945,194500000,194500100,18865,18865,194600000,194600000
0,1946,194600000,194600100,18865,18865,194700000,194700000
0,1947,194700000,194700100,18865,18865,194800000,194800000
0,1948,194800000,194800100,18865,18865,194900000,194900000
0,1949,194900000,194900100,18865,18865,195000000,195000000
0,1950,195000000,195000100,18865,18865,195100000,195100000
0,1951,195100000,195100100,18865,18865,195200000,195200000
0,1952,195200000,195200100,18865,18865,195300000,195300000
0,1953,195300000,195300100,18865,18865,195400000,195400000
0,1954,195400000,195400100,18865,18865,195500000,195500000
0,1955,195500000,195500100,18865,18865,195600000,195600000
0,1956,195600000,195600100,18865,18865,195700000,195700000
0,1957,195700000,195700100,18865,18865,195800000,195800000
0,1958,195800000,195800100,18865,18865,195900000,195900000
0,1959,195900000,195900100,18865,18865,196000000,196000000
0,1960,196000000,196000100,18865,18865,196100000,196100000
0,1961,196100000,196100100,18865,18865,196200000,196200000
0,1962,196200000,196200100,18865,18865,196300000,196300000
0,1963,196300000,196300100,18865,18865,196400000,196400000
0,1964,196400000,196400100,18865,18865,196500000,196500000
0,1965,196500000,196500100,18865,18865,196600000,196600000
0,1966,196600000,196600100,18865,18865,196700000,196700000
0,1967,196700000,196700100,18865,18865,196800000,196800000
0,1968,196800000,196800100,18865,18865,196900000,196900000
0,1969,196900000,196900100,18865,18865,197000000,197000000
0,1970,197000000,197000100,18865,18865,197100000,197100000
0,1971,197100000,197100100,18865,18865,197200000,197200000
0,1972,197200000,197200100,18865,18865,197300000,197300000
0,1973,197300000,197300100,18865,18865,197400000,197400000
0,1974,197400000,197400100,18865,18865,197500000,197500000
0,1975,197500000,197500100,18865,18865,197600000,197600000
0,1976,197600000,197600100,18865,18865,197700000,197700000
0,1977,197700000,197700100,18865,18865,197800000,197800000
0,1978,197800000,197800100,18865,18865,197900000,197900000
0,1979,197900000,197900100,18865,18865,198000000,198000000
0,1980,198000000,198000100,18865,18865,198100000,198100000
0,1981,198100000,198100100,18865,18865,198200000,198200000
0,1982,198200000,198200100,18865,18865,198300000,198300000
0,1983,198300000,198300100,18865,18865,198400000,198400000
0,1984,198400000,198400100,18865,18865,198500000,198500000
0,1985,198500000,198500100,18865,18865,198600000,198600000
0,1986,198600000,198600100,18865,18865,198700000,198700000
0,1987,198700000,198700100,18865,18865,198800000,198800000
0,1988,198800000,198800100,18865,18865,198900000,198900000
0,1989,198900000,198900100,18865,18865,199000000,199000000
0,1990,199000000,199000100,18865,18865,199100000,199100000
0,1991,199100000,199100100,18865,18865,199200000,199200000
0,1992,199200000,199200100,18865,18865,199300000,199300000
0,1993,199300000,199300100,18865,18865,199400000,199400000
0,1994,199400000,199400100,18865,18865,199500000,199500000
0,1995,199500000,199500100,18865,18865,199600000,199600000
0,1996,199600000,199600100,18865,18865,199700000,199700000
0,1997,199700000,199700100,18865,18865,199800000,199800000
0,1998,199800000,199800100,18865,18865,199900000,199900000
0,1999,199900000,199900100,18865,18865,200000000,200000000
0,2000,200000000,200000100,18865,18865,200100000,200100000
0,2001,200100000,200100100,18865,18865,200200000,200200000
0,2002,200200000,200200100,18865,18865,200300000,200300000
0,2003,200300000,200300100,18865,18865,200400000,200400000
0,2004,200400000,200400100,18865,18865,200500000,200500000
0,2005,200500000,200500100,18865,18865,200600000,200600000
0,2006,200600000,200600100,18865,18865,200700000,200700000
0,2007,200700000,200700100,18865,18865,200800000,200800000
0,2008,200800000,200800100,18865,18865,200900000,200900000
0,2009,200900000,200900100,18865,18865,201000000,201000000
0,2010,201000000,201000100,18865,18865,201100000,201100000
0,2011,201100000,201100100,18865,18865,201200000,201200000
0,2012,201200000,201200100,18865,18865,201300000,201300000
0,2013,201300000,201300100,18865,18865,201400000,201400000
0,2014,201400000,201400100,18865,18865,201500000,201500000
0,2015,201500000,201500100,18865,18865,201600000,201600000
0,2016,201600000,201600100,18865,18865,201700000,201700000
0,2017,201700000,201700100,18865,18865,201800000,201800000
0,2018,201800000,201800100,18865,18865,201900000,201900000
0,2019,201900000,201900100,18865,18865,202000000,202000000
0,2020,202000000,202000100,18865,18865,202100000,202100000
0,2021,202100000,202100100,18865,18865,202200000,202200000
0,2022,202200000,202200100,18865,18865,202300000,202300000
0,2023,202300000,202300100,18865,18865,202400000,202400000
0,2024,202400000,202400100,18865,18865,202500000,202500000
0,2025,202500000,202500100,18865,18865,202600000,202600000
0,2026,202600000,202600100,18865,18865,202700000,202700000
0,2027,202700000,202700100,18865,18865,202800000,202800000
0,2028,202800000,202800100,18865,18865,202900000,202900000
0,2029,202900000,202900100,18865,18865,203000000,203000000
0,2030,203000000,203000100,18865,18865,203100000,203100000
0,2031,203100000,203100100,18865,18865,203200000,203200000
0,2032,203200000,203200100,18865,18865,203300000,203300000
0,2033,203300000,203300100,18865,18865,203400000,203400000
0,2034,203400000,203400100,18865,18865,203500000,203500000
0,2035,203500000,203500100,18865,18865,203600000,203600000
0,2036,203600000,203600100,18865,18865,203700000,203700000
0,2037,203700000,203700100,18865,18865,203800000,203800000
0,2038,203800000,203800100,18865,18865,203900000,203900000
0,2039,203900000,203900100,18865,18865,204000000,204000000
0,2040,204000000,204000100,18865,18865,204100000,204100000
0,2041,204100000,204100100,18865,18865,204200000,204200000
0,2042,204200000,204200100,18865,18865,204300000,204300000
0,2043,204300000,204300100,18865,18865,204400000,204400000
0,2044,204400000,204400100,18865,18865,204500000,204500000
0,2045,204500000,204500100,18865,18865,204600000,204600000
0,2046,204600000,204600100,18865,18865,204700000,204700000
0,2047,204700000,204700100,18865,18865,204800000,204800000
0,2048,204800000,204800100,18865,18865,204900000,204900000
0,2049,204900000,204900100,18865,18865,205000000,205000000
0,2050,205000000,205000100,18865,18865,205100000,205100000
0,2051,205100000,205100100,18865,18865,205200000,205200000
0,2052,205200000,205200100,18865,18865,205300000,205300000
0,2053,205300000,205300100,18865,18865,205400000,205400000
0,2054,205400000,205400100,18865,18865,205500000,205500000
0,2055,205500000,205500100,18865,18865,205600000,205600000
0,2056,205600000,205600100,18865,18865,205700000,205700000
0,2057,205700000,205700100,18865,18865,205800000,205800000
0,2058,205800000,205800100,18865,18865,205900000,205900000
0,2059,205900000,205900100,18865,18865,206000000,206000000
0,2060,206000000,206000100,18865,18865,206100000,206100000
0,2061,206100000,206100100,18865,18865,206200000,206200000
0,2062,206200000,206200100,18865,18865,206300000,206300000
0,2063,206300000,206300100,18865,18865,206400000,206400000
0,2064,206400000,206400100,18865,18865,206500000,206500000
0,2065,206500000,206500100,18865,18865,206600000,206600000
0,2066,206600000,206600100,18865,18865,206700000,206700000
0,2067,206700000,206700100,18865,18865,206800000,206800000
0,2068,206800000,206800100,18865,18865,206900000,206900000
0,2069,206900000,206900100,18865,18865,207000000,207000000
0,2070,207000000,207000100,18865,18865,207100000,207100000
0,2071,207100000,207100100,18865,18865,207200000,207200000
0,2072,207200000,207200100,18865,18865,207300000,207300000
0,2073,207300000,207300100,18865,18865,207400000,207400000
0,2074,207400000,207400100,18865,18865,207500000,207500000
0,2075,207500000,207500100,18865,18865,207600000,207600000
0,2076,207600000,207600100,18865,18865,207700000,207700000
0,2077,207700000,207700100,18865,18865,207800000,207800000
0,2078,207800000,207800100,18865,18865,207900000,207900000
0,2079,207900000,207900100,18865,18865,208000000,208000000
0,2080,208000000,208000100,18865,18865,208100000,208100000
0,2081,208100000,208100100,18865,18865,208200000,208200000
0,2082,208200000,208200100,18865,18865,208300000,208300000
0,2083,208300000,208300100,18865,18865,208400000,208400000
0,2084,208400000,208400100,18865,18865,208500000,208500000
0,2085,208500000,208500100,18865,18865,208600000,208600000
0,2086,208600000,208600100,18865,18865,208700000,208700000
0,2087,208700000,208700100,18865,18865,208800000,208800000
0,2088,208800000,208800100,18865,18865,208900000,208900000
0,2089,208900000,208900100,18865,18865,209000000,209000000
0,2090,209000000,209000100,18865,18865,209100000,209100000
0,2091,209100000,209100100,18865,18865,209200000,209200000
0,2092,209200000,209200100,18865,18865,209300000,209300000
0,2093,209300000,209300100,18865,18865,209400000,209400000
0,2094,209400000,209400100,18865,18865,209500000,209500000
0,2095,209500000,209500100,18865,18865,209600000,209600000
0,2096,209600000,209600100,18865,18865,209700000,209700000
0,2097,209700000,209700100,18865,18865,209800000,209800000
0,2098,209800000,209800100,18865,18865,209900000,209900000
0,2099,209900000,209900100,18865,18865,210000000,210000000
0,2100,210000000,210000100,18865,18865,210100000,210100000
0,2101,210100000,210100100,18865,18865,210200000,210200000
0,2102,210200000,210200100,18865,18865,210300000,210300000
0,2103,210300000,210300100,18865,18865,210400000,210400000
0,2104,210400000,210400100,18865,18865,210500000,210500000
0,2105,210500000,210500100,18865,18865,210600000,210600000
0,2106,210600000,210600100,18865,18865,210700000,210700000
0,2107,210700000,210700100,18865,18865,210800000,210800000
0,2108,210800000,210800100,18865,18865,210900000,210900000
0,2109,210900000,210900100,18865,18865,211000000,211000000
0,2110,211000000,211000100,18865,18865,211100000,211100000
0,2111,211100000,211100100,18865,18865,211200000,211200000
0,2112,211200000,211200100,18865,18865,211300000,211300000
0,2113,211300000,211300100,18865,18865,211400000,211400000
0,2114,211400000,211400100,18865,18865,211500000,211500000
0,2115,211500000,211500100,18865,18865,211600000,211600000
0,2116,211600000,211600100,18865,18865,211700000,211700000
0,2117,211700000,211700100,18865,18865,211800000,211800000
0,2118,211800000,211800100,18865,18865,211900000,211900000
0,2119,211900000,211900100,18865,18865,212000000,212000000
0,2120,212000000,212000100,18865,18865,212100000,212100000
0,2121,212100000,212100100,18865,18865,212200000,212200000
0,2122,212200000,212200100,18865,18865,212300000,212300000
0,2123,212300000,212300100,18865,18865,212400000,212400000
0,2124,212400000,212400100,18865,18865,212500000,212500000
0,2125,212500000,212500100,18865,18865,212600000,212600000
0,2126,212600000,212600100,18865,18865,212700000,212700000
0,2127,212700000,212700100,18865,18865,212800000,212800000
0,2128,212800000,212800100,18865,18865,212900000,212900000
0,2129,212900000,212900100,18865,18865,213000000,213000000
0,2130,213000000,213000100,18865,18865,213100000,213100000
0,2131,213100000,213100100,18865,18865,213200000,213200000
0,2132,213200000,213200100,18865,18865,213300000,213300000
0,2133,213300000,213300100,18865,18865,213400000,213400000
0,2134,213400000,213400100,18865,18865,213500000,213500000
0,2135,213500000,213500100,18865,18865,213600000,213600000
0,2136,213600000,213600100,18865,18865,213700000,213700000
0,2137,213700000,213700100,18865,18865,213800000,213800000
0,2138,213800000,213800100,18865,18865,213900000,213900000
0,2139,213900000,213900100,18865,18865,214000000,214000000
0,2140,214000000,214000100,18865,18865,214100000,214100000
0,2141,214100000,214100100,18865,18865,214200000,214200000
0,2142,214200000,214200100,18865,18865,214300000,214300000
0,2143,214300000,214300100,18865,18865,214400000,214400000
0,2144,214400000,214400100,18865,18865,214500000,214500000
0,2145,214500000,214500100,18865,18865,214600000,214600000
0,2146,214600000,214600100,18865,18865,214700000,214700000
0,2147,214700000,214700100,18865,18865,214800000,214800000
0,2148,214800000,214800100,18865,18865,214900000,214900000
0,2149,214900000,214900100,18865,18865,215000000,215000000
0,2150,215000000,215000100,18865,18865,215100000,215100000
0,2151,215100000,215100100,18865,18865,215200000,215200000
0,2152,215200000,215200100,18865,18865,215300000,215300000
0,2153,215300000,215300100,18865,18865,215400000,215400000
0,2154,215400000,215400100,18865,18865,215500000,215500000
0,2155,215500000,215500100,18865,18865,215600000,215600000
0,2156,215600000,215600100,18865,18865,215700000,215700000
0,2157,215700000,215700100,18865,18865,215800000,215800000
0,2158,215800000,215800100,18865,18865,215900000,215900000
0,2159,215900000,215900100,18865,18865,216000000,216000000
0,2160,216000000,216000100,18865,18865,216100000,216100000
0,2161,216100000,216100100,18865,18865,216200000,216200000
0,2162,216200000,216200100,18865,18865,216300000,216300000
0,2163,216300000,216300100,18865,18865,216400000,216400000
0,2164,216400000,216400100,18865,18865,216500000,216500000
0,2165,216500000,216500100,18865,18865,216600000,216600000
0,2166,216600000,216600100,18865,18865,216700000,216700000
0,2167,216700000,216700100,18865,18865,216800000,216800000
0,2168,216800000,216800100,18865,18865,216900000,216900000
0,2169,216900000,216900100,18865,18865,217000000,217000000
0,2170,217000000,217000100,18865,18865,217100000,217100000
0,2171,217100000,217100100,18865,18865,217200000,217200000
0,2172,217200000,217200100,18865,18865,217300000,217300000
0,2173,217300000,217300100,18865,18865,217400000,217400000
0,2174,217400000,217400100,18865,18865,217500000,217500000
0,2175,217500000,217500100,18865,18865,217600000,217600000
0,2176,217600000,217600100,18865,18865,217700000,217700000
0,2177,217700000,217700100,18865,18865,217800000,217800000
0,2178,217800000,217800100,18865,18865,217900000,217900000
0,2179,217900000,217900100,18865,18865,218000000,218000000
0,2180,218000000,218000100,18865,18865,218100000,218100000
0,2181,218100000,218100100,18865,18865,218200000,218200000
0,2182,218200000,218200100,18865,18865,218300000,218300000
0,2183,218300000,218300100,18865,18865,218400000,218400000
0,2184,218400000,218400100,18865,18865,218500000,218500000
0,2185,218500000,218500100,18865,18865,218600000,218600000
0,2186,218600000,218600100,18865,18865,218700000,218700000
0,2187,218700000,218700100,18865,18865,218800000,218800000
0,2188,218800000,218800100,18865,18865,218900000,218900000
0,2189,218900000,218900100,18865,18865,219000000,219000000
0,2190,219000000,219000100,18865,18865,219100000,219100000
0,2191,219100000,219100100,18865,18865,219200000,219200000
0,2192,219200000,219200100,18865,18865,219300000,219300000
0,2193,219300000,219300100,18865,18865,219400000,219400000
0,2194,219400000,219400100,18865,18865,219500000,219500000
0,2195,219500000,219500100,18865,18865,219600000,219600000
0,2196,219600000,219600100,18865,18865,219700000,219700000
0,2197,219700000,219700100,18865,18865,219800000,219800000
0,2198,219800000,219800100,18865,18865,219900000,219900000
0,2199,219900000,219900100,18865,18865,220000000,220000000
0,2200,220000000,220000100,18865,18865,220100000,220100000
0,2201,220100000,220100100,18865,18865,220200000,220200000
0,2202,220200000,220200100,18865,18865,220300000,220300000
0,2203,220300000,220300100,18865,18865,220400000,220400000
0,2204,220400000,220400100,18865,18865,220500000,220500000
0,2205,220500000,220500100,18865,18865,220600000,220600000
0,2206,220600000,220600100,18865,18865,220700000,220700000
0,2207,220700000,220700100,18865,18865,220800000,220800000
0,2208,220800000,220800100,18865,18865,220900000,220900000
0,2209,220900000,220900100,18865,18865,221000000,221000000
0,2210,221000000,221000100,18865,18865,221100000,221100000
0,2211,221100000,221100100,18865,18865,221200000,221200000
0,2212,221200000,221200100,18865,18865,221300000,221300000
0,2213,221300000,221300100,18865,18865,221400000,221400000
0,2214,221400000,221400100,18865,18865,221500000,221500000
0,2215,221500000,221500100,18865,18865,221600000,221600000
0,2216,221600000,221600100,18865,18865,221700000,221700000
0,2217,221700000,221700100,18865,18865,221800000,221800000
0,2218,221800000,221800100,18865,18865,221900000,221900000
0,2219,221900000,221900100,18865,18865,222000000,222000000
0,2220,222000000,222000100,18865,18865,222100000,222100000
0,2221,222100000,222100100,18865,18865,222200000,222200000
0,2222,222200000,222200100,18865,18865,222300000,222300000
0,2223,222300000,222300100,18865,18865,222400000,222400000
0,2224,222400000,222400100,18865,18865,222500000,222500000
0,2225,222500000,222500100,18865,18865,222600000,222600000
0,2226,222600000,222600100,18865,18865,222700000,222700000
0,2227,222700000,222700100,18865,18865,222800000,222800000
0,2228,222800000,222800100,18865,18865,222900000,222900000
0,2229,222900000,222900100,18865,18865,223000000,223000000
0,2230,223000000,223000100,18865,18865,223100000,223100000
0,2231,223100000,223100100,18865,18865,223200000,223200000
0,2232,223200000,223200100,18865,18865,223300000,223300000
0,2233,223300000,223300100,18865,18865,223400000,223400000
0,2234,223400000,223400100,18865,18865,223500000,223500000
0,2235,223500000,223500100,18865,18865,223600000,223600000
0,2236,223600000,223600100,18865,18865,223700000,223700000
0,2237,223700000,223700100,18865,18865,223800000,223800000
0,2238,223800000,223800100,18865,18865,223900000,223900000
0,2239,223900000,223900100,18865,18865,224000000,224000000
0,2240,224000000,224000100,18865,18865,224100000,224100000
0,2241,224100000,224100100,18865,18865,224200000,224200000
0,2242,224200000,224200100,18865,18865,224300000,224300000
0,2243,224300000,224300100,18865,18865,224400000,224400000
0,2244,224400000,224400100,18865,18865,224500000,224500000
0,2245,224500000,224500100,18865,18865,224600000,224600000
0,2246,224600000,224600100,18865,18865,224700000,224700000
0,2247,224700000,224700100,18865,18865,224800000,224800000
0,2248,224800000,224800100,18865,18865,224900000,224900000
0,2249,224900000,224900100,18865,18865,225000000,225000000
0,2250,225000000,225000100,18865,18865,225100000,225100000
0,2251,225100000,225100100,18865,18865,225200000,225200000
0,2252,225200000,225200100,18865,18865,225300000,225300000
0,2253,225300000,225300100,18865,18865,225400000,225400000
0,2254,225400000,225400100,18865,18865,225500000,225500000
0,2255,225500000,225500100,18865,18865,225600000,225600000
0,2256,225600000,225600100,18865,18865,225700000,225700000
0,2257,225700000,225700100,18865,18865,225800000,225800000
0,2258,225800000,225800100,18865,18865,225900000,225900000
0,2259,225900000,225900100,18865,18865,226000000,226000000
0,2260,226000000,226000100,18865,18865,226100000,226100000
0,2261,226100000,226100100,18865,18865,226200000,226200000
0,2262,226200000,226200100,18865,18865,226300000,226300000
0,2263,226300000,226300100,18865,18865,226400000,226400000
0,2264,226400000,226400100,18865,18865,226500000,226500000
0,2265,226500000,226500100,18865,18865,226600000,226600000
0,2266,226600000,226600100,18865,18865,226700000,226700000
0,2267,226700000,226700100,18865,18865,226800000,226800000
0,2268,226800000,226800100,18865,18865,226900000,226900000
0,2269,226900000,226900100,18865,18865,227000000,227000000
0,2270,227000000,227000100,18865,18865,227100000,227100000
0,2271,227100000,227100100,18865,18865,227200000,227200000
0,2272,227200000,227200100,18865,18865,227300000,227300000
0,2273,227300000,227300100,18865,18865,227400000,227400000
0,2274,227400000,227400100,18865,18865,227500000,227500000
0,2275,227500000,227500100,18865,18865,227600000,227600000
0,2276,227600000,227600100,18865,18865,227700000,227700000
0,2277,227700000,227700100,18865,18865,227800000,227800000
0,2278,227800000,227800100,18865,18865,227900000,227900000
0,2279,227900000,227900100,18865,18865,228000000,228000000
0,2280,228000000,228000100,18865,18865,228100000,228100000
0,2281,228100000,228100100,18865,18865,228200000,228200000
0,2282,228200000,228200100,18865,18865,228300000,228300000
0,2283,228300000,228300100,18865,18865,228400000,228400000
0,2284,228400000,228400100,18865,18865,228500000,228500000
0,2285,228500000,228500100,18865,18865,228600000,228600000
0,2286,228600000,228600100,18865,18865,228700000,228700000
0,2287,228700000,228700100,18865,18865,228800000,228800000
0,2288,228800000,228800100,18865,18865,228900000,228900000
0,2289,228900000,228900100,18865,18865,229000000,229000000
0,2290,229000000,229000100,18865,18865,229100000,229100000
0,2291,229100000,229100100,18865,18865,229200000,229200000
0,2292,229200000,229200100,18865,18865,229300000,229300000
0,2293,229300000,229300100,18865,18865,229400000,229400000
0,2294,229400000,229400100,18865,18865,229500000,229500000
0,2295,229500000,229500100,18865,18865,229600000,229600000
0,2296,229600000,229600100,18865,18865,229700000,229700000
0,2297,229700000,229700100,18865,18865,229800000,229800000
0,2298,229800000,229800100,18865,18865,229900000,229900000
0,2299,229900000,229900100,18865,18865,230000000,230000000
0,2300,230000000,230000100,18865,18865,230100000,230100000
0,2301,230100000,230100100,18865,18865,230200000,230200000
0,2302,230200000,230200100,18865,18865,230300000,230300000
0,2303,230300000,230300100,18865,18865,230400000,230400000
0,2304,230400000,230400100,18865,18865,230500000,230500000
0,2305,230500000,230500100,18865,18865,230600000,230600000
0,2306,230600000,230600100,18865,18865,230700000,230700000
0,2307,230700000,230700100,18865,18865,230800000,230800000
0,2308,230800000,230800100,18865,18865,230900000,230900000
0,2309,230900000,230900100,18865,18865,231000000,231000000
0,2310,231000000,231000100,18865,18865,231100000,231100000
0,2311,231100000,231100100,18865,18865,231200000,231200000
0,2312,231200000,231200100,18865,18865,231300000,231300000
0,2313,231300000,231300100,18865,18865,231400000,231400000
0,2314,231400000,231400100,18865,18865,231500000,231500000
0,2315,231500000,231500100,18865,18865,231600000,231600000
0,2316,231600000,231600100,18865,18865,231700000,231700000
0,2317,231700000,231700100,18865,18865,231800000,231800000
0,2318,231800000,231800100,18865,18865,231900000,231900000
0,2319,231900000,231900100,18865,18865,232000000,232000000
0,2320,232000000,232000100,18865,18865,232100000,232100000
0,2321,232100000,232100100,18865,18865,232200000,232200000
0,2322,232200000,232200100,18865,18865,232300000,232300000
0,2323,232300000,232300100,18865,18865,232400000,232400000
0,2324,232400000,232400100,18865,18865,232500000,232500000
0,2325,232500000,232500100,18865,18865,232600000,232600000
0,2326,232600000,232600100,18865,18865,232700000,232700000
0,2327,232700000,232700100,18865,18865,232800000,232800000
0,2328,232800000,232800100,18865,18865,232900000,232900000
0,2329,232900000,232900100,18865,18865,233000000,233000000
0,2330,233000000,233000100,18865,18865,233100000,233100000
0,2331,233100000,233100100,18865,18865,233200000,233200000
0,2332,233200000,233200100,18865,18865,233300000,233300000
0,2333,233300000,233300100,18865,18865,233400000,233400000
0,2334,233400000,233400100,18865,18865,233500000,233500000
0,2335,233500000,233500100,18865,18865,233600000,233600000
0,2336,233600000,233600100,18865,18865,233700000,233700000
0,2337,233700000,233700100,18865,18865,233800000,233800000
0,2338,233800000,233800100,18865,18865,233900000,233900000
0,2339,233900000,233900100,18865,18865,234000000,234000000
0,2340,234000000,234000100,18865,18865,234100000,234100000
0,2341,234100000,234100100,18865,18865,234200000,234200000
0,2342,234200000,234200100,18865,18865,234300000,234300000
0,2343,234300000,234300100,18865,18865,234400000,234400000
0,2344,234400000,234400100,18865,18865,234500000,234500000
0,2345,234500000,234500100,18865,18865,234600000,234600000
0,2346,234600000,234600100,18865,18865,234700000,234700000
0,2347,234700000,234700100,18865,18865,234800000,234800000
0,2348,234800000,234800100,18865,18865,234900000,234900000
0,2349,234900000,234900100,18865,18865,235000000,235000000
0,2350,235000000,235000100,18865,18865,235100000,235100000
0,2351,235100000,235100100,18865,18865,235200000,235200000
0,2352,235200000,235200100,18865,18865,235300000,235300000
0,2353,235300000,235300100,18865,18865,235400000,235400000
0,2354,235400000,235400100,18865,18865,235500000,235500000
0,2355,235500000,235500100,18865,18865,235600000,235600000
0,2356,235600000,235600100,18865,18865,235700000,235700000
0,2357,235700000,235700100,18865,18865,235800000,235800000
0,2358,235800000,235800100,18865,18865,235900000,235900000
0,2359,235900000,235900100,18865,18865,236000000,236000000
0,2360,236000000,236000100,18865,18865,236100000,236100000
0,2361,236100000,236100100,18865,18865,236200000,236200000
0,2362,236200000,236200100,18865,18865,236300000,236300000
0,2363,236300000,236300100,18865,18865,236400000,236400000
0,2364,236400000,236400100,18865,18865,236500000,236500000
0,2365,236500000,236500100,18865,18865,236600000,236600000
0,2366,236600000,236600100,18865,18865,236700000,236700000
0,2367,236700000,236700100,18865,18865,236800000,236800000
0,2368,236800000,236800100,18865,18865,236900000,236900000
0,2369,236900000,236900100,18865,18865,237000000,237000000
0,2370,237000000,237000100,18865,18865,237100000,237100000
0,2371,237100000,237100100,18865,18865,237200000,237200000
0,2372,237200000,237200100,18865,18865,237300000,237300000
0,2373,237300000,237300100,18865,18865,237400000,237400000
0,2374,237400000,237400100,18865,18865,237500000,237500000
0,2375,237500000,237500100,18865,18865,237600000,237600000
0,2376,237600000,237600100,18865,18865,237700000,237700000
0,2377,237700000,237700100,18865,18865,237800000,237800000
0,2378,237800000,237800100,18865,18865,237900000,237900000
0,2379,237900000,237900100,18865,18865,238000000,238000000
0,2380,238000000,238000100,18865,18865,238100000,238100000
0,2381,238100000,238100100,18865,18865,238200000,238200000
0,2382,238200000,238200100,18865,18865,238300000,238300000
0,2383,238300000,238300100,18865,18865,238400000,238400000
0,2384,238400000,238400100,18865,18865,238500000,238500000
0,2385,238500000,238500100,18865,18865,238600000,238600000
0,2386,238600000,238600100,18865,18865,238700000,238700000
0,2387,238700000,238700100,18865,18865,238800000,238800000
0,2388,238800000,238800100,18865,18865,238900000,238900000
0,2389,238900000,238900100,18865,18865,239000000,239000000
0,2390,239000000,239000100,18865,18865,239100000,239100000
0,2391,239100000,239100100,18865,18865,239200000,239200000
0,2392,239200000,239200100,18865,18865,239300000,239300000
0,2393,239300000,239300100,18865,18865,239400000,239400000
0,2394,239400000,239400100,18865,18865,239500000,239500000
0,2395,239500000,239500100,18865,18865,239600000,239600000
0,2396,239600000,239600100,18865,18865,239700000,239700000
0,2397,239700000,239700100,18865,18865,239800000,239800000
0,2398,239800000,239800100,18865,18865,239900000,239900000
0,2399,239900000,239900100,18865,18865,240000000,240000000
0,2400,240000000,240000100,18865,18865,240100000,240100000
0,2401,240100000,240100100,18865,18865,240200000,240200000
0,2402,240200000,240200100,18865,18865,240300000,240300000
0,2403,240300000,240300100,18865,18865,240400000,240400000
0,2404,240400000,240400100,18865,18865,240500000,240500000
0,2405,240500000,240500100,18865,18865,240600000,240600000
0,2406,240600000,240600100,18865,18865,240700000,240700000
0,2407,240700000,240700100,18865,18865,240800000,240800000
0,2408,240800000,240800100,18865,18865,240900000,240900000
0,2409,240900000,240900100,18865,18865,241000000,241000000
0,2410,241000000,241000100,18865,18865,241100000,241100000
0,2411,241100000,241100100,18865,18865,241200000,241200000
0,2412,241200000,241200100,18865,18865,241300000,241300000
0,2413,241300000,241300100,18865,18865,241400000,241400000
0,2414,241400000,241400100,18865,18865,241500000,241500000
0,2415,241500000,241500100,18865,18865,241600000,241600000
0,2416,241600000,241600100,18865,18865,241700000,241700000
0,2417,241700000,241700100,18865,18865,241800000,241800000
0,2418,241800000,241800100,18865,18865,241900000,241900000
0,2419,241900000,241900100,18865,18865,242000000,242000000
0,2420,242000000,242000100,18865,18865,242100000,242100000
0,2421,242100000,242100100,18865,18865,242200000,242200000
0,2422,242200000,242200100,18865,18865,242300000,242300000
0,2423,242300000,242300100,18865,18865,242400000,242400000
0,2424,242400000,242400100,18865,18865,242500000,242500000
0,2425,242500000,242500100,18865,18865,242600000,242600000
0,2426,242600000,242600100,18865,18865,242700000,242700000
0,2427,242700000,242700100,18865,18865,242800000,242800000
0,2428,242800000,242800100,18865,18865,242900000,242900000
0,2429,242900000,242900100,18865,18865,243000000,243000000
0,2430,243000000,243000100,18865,18865,243100000,243100000
0,2431,243100000,243100100,18865,18865,243200000,243200000
0,2432,243200000,243200100,18865,18865,243300000,243300000
0,2433,243300000,243300100,18865,18865,243400000,243400000
0,2434,243400000,243400100,18865,18865,243500000,243500000
0,2435,243500000,243500100,18865,18865,243600000,243600000
0,2436,243600000,243600100,18865,18865,243700000,243700000
0,2437,243700000,243700100,18865,18865,243800000,243800000
0,2438,243800000,243800100,18865,18865,243900000,243900000
0,2439,243900000,243900100,18865,18865,244000000,244000000
0,2440,244000000,244000100,18865,18865,244100000,244100000
0,2441,244100000,244100100,18865,18865,244200000,244200000
0,2442,244200000,244200100,18865,18865,244300000,244300000
0,2443,244300000,244300100,18865,18865,244400000,244400000
0,2444,244400000,244400100,18865,18865,244500000,244500000
0,2445,244500000,244500100,18865,18865,244600000,244600000
0,2446,244600000,244600100,18865,18865,244700000,244700000
0,2447,244700000,244700100,18865,18865,244800000,244800000
0,2448,244800000,244800100,18865,18865,244900000,244900000
0,2449,244900000,244900100,18865,18865,245000000,245000000
0,2450,245000000,245000100,18865,18865,245100000,245100000
0,2451,245100000,245100100,18865,18865,245200000,245200000
0,2452,245200000,245200100,18865,18865,245300000,245300000
0,2453,245300000,245300100,18865,18865,245400000,245400000
0,2454,245400000,245400100,18865,18865,245500000,245500000
0,2455,245500000,245500100,18865,18865,245600000,245600000
0,2456,245600000,245600100,18865,18865,245700000,245700000
0,2457,245700000,245700100,18865,18865,245800000,245800000
0,2458,245800000,245800100,18865,18865,245900000,245900000
0,2459,245900000,245900100,18865,18865,246000000,246000000
0,2460,246000000,246000100,18865,18865,246100000,246100000
0,2461,246100000,246100100,18865,18865,246200000,246200000
0,2462,246200000,246200100,18865,18865,246300000,246300000
0,2463,246300000,246300100,18865,18865,246400000,246400000
0,2464,246400000,246400100,18865,18865,246500000,246500000
0,2465,246500000,246500100,18865,18865,246600000,246600000
0,2466,246600000,246600100,18865,18865,246700000,246700000
0,2467,246700000,246700100,18865,18865,246800000,246800000
0,2468,246800000,246800100,18865,18865,246900000,246900000
0,2469,246900000,246900100,18865,18865,247000000,247000000
0,2470,247000000,247000100,18865,18865,247100000,247100000
0,2471,247100000,247100100,18865,18865,247200000,247200000
0,2472,247200000,247200100,18865,18865,247300000,247300000
0,2473,247300000,247300100,18865,18865,247400000,247400000
0,2474,247400000,247400100,18865,18865,247500000,247500000
0,2475,247500000,247500100,18865,18865,247600000,247600000
0,2476,247600000,247600100,18865,18865,247700000,247700000
0,2477,247700000,247700100,18865,18865,247800000,247800000
0,2478,247800000,247800100,18865,18865,247900000,247900000
0,2479,247900000,247900100,18865,18865,248000000,248000000
0,2480,248000000,248000100,18865,18865,248100000,248100000
0,2481,248100000,248100100,18865,18865,248200000,248200000
0,2482,248200000,248200100,18865,18865,248300000,248300000
0,2483,248300000,248300100,18865,18865,248400000,248400000
0,2484,248400000,248400100,18865,18865,248500000,248500000
0,2485,248500000,248500100,18865,18865,248600000,248600000
0,2486,248600000,248600100,18865,18865,248700000,248700000
0,2487,248700000,248700100,18865,18865,248800000,248800000
0,2488,248800000,248800100,18865,18865,248900000,248900000
0,2489,248900000,248900100,18865,18865,249000000,249000000
0,2490,249000000,249000100,18865,18865,249100000,249100000
0,2491,249100000,249100100,18865,18865,249200000,249200000
0,2492,249200000,249200100,18865,18865,249300000,249300000
0,2493,249300000,249300100,18865,18865,249400000,249400000
0,2494,249400000,249400100,18865,18865,249500000,249500000
0,2495,249500000,249500100,18865,18865,249600000,249600000
0,2496,249600000,249600100,18865,18865,249700000,249700000
0,2497,249700000,249700100,18865,18865,249800000,249800000
0,2498,249800000,249800100,18865,18865,249900000,249900000
0,2499,249900000,249900100,18865,18865,250000000,250000000
0,2500,250000000,250000100,18865,18865,250100000,250100000
0,2501,250100000,250100100,18865,18865,250200000,250200000
0,2502,250200000,250200100,18865,18865,250300000,250300000
0,2503,250300000,250300100,18865,18865,250400000,250400000
0,2504,250400000,250400100,18865,18865,250500000,250500000
0,2505,250500000,250500100,18865,18865,250600000,250600000
0,2506,250600000,250600100,18865,18865,250700000,250700000
0,2507,250700000,250700100,18865,18865,250800000,250800000
0,2508,250800000,250800100,18865,18865,250900000,250900000
0,2509,250900000,250900100,18865,18865,251000000,251000000
0,2510,251000000,251000100,18865,18865,251100000,251100000
0,2511,251100000,251100100,18865,18865,251200000,251200000
0,2512,251200000,251200100,18865,18865,251300000,251300000
0,2513,251300000,251300100,18865,18865,251400000,251400000
0,2514,251400000,251400100,18865,18865,251500000,251500000
0,2515,251500000,251500100,18865,18865,251600000,251600000
0,2516,251600000,251600100,18865,18865,251700000,251700000
0,2517,251700000,251700100,18865,18865,251800000,251800000
0,2518,251800000,251800100,18865,18865,251900000,251900000
0,2519,251900000,251900100,18865,18865,252000000,252000000
0,2520,252000000,252000100,18865,18865,252100000,252100000
0,2521,252100000,252100100,18865,18865,252200000,252200000
0,2522,252200000,252200100,18865,18865,252300000,252300000
0,2523,252300000,252300100,18865,18865,252400000,252400000
0,2524,252400000,252400100,18865,18865,252500000,252500000
0,2525,252500000,252500100,18865,18865,252600000,252600000
0,2526,252600000,252600100,18865,18865,252700000,252700000
0,2527,252700000,252700100,18865,18865,252800000,252800000
0,2528,252800000,252800100,18865,18865,252900000,252900000
0,2529,252900000,252900100,18865,18865,253000000,253000000
0,2530,253000000,253000100,18865,18865,253100000,253100000
0,2531,253100000,253100100,18865,18865,253200000,253200000
0,2532,253200000,253200100,18865,18865,253300000,253300000
0,2533,253300000,253300100,18865,18865,253400000,253400000
0,2534,253400000,253400100,18865,18865,253500000,253500000
0,2535,253500000,253500100,18865,18865,253600000,253600000
0,2536,253600000,253600100,18865,18865,253700000,253700000
0,2537,253700000,253700100,18865,18865,253800000,253800000
0,2538,253800000,253800100,18865,18865,253900000,253900000
0,2539,253900000,253900100,18865,18865,254000000,254000000
0,2540,254000000,254000100,18865,18865,254100000,254100000
0,2541,254100000,254100100,18865,18865,254200000,254200000
0,2542,254200000,254200100,18865,18865,254300000,254300000
0,2543,254300000,254300100,18865,18865,254400000,254400000
0,2544,254400000,254400100,18865,18865,254500000,254500000
0,2545,254500000,254500100,18865,18865,254600000,254600000
0,2546,254600000,254600100,18865,18865,254700000,254700000
0,2547,254700000,254700100,18865,18865,254800000,254800000
0,2548,254800000,254800100,18865,18865,254900000,254900000
0,2549,254900000,254900100,18865,18865,255000000,255000000
0,2550,255000000,255000100,18865,18865,255100000,255100000
0,2551,255100000,255100100,18865,18865,255200000,255200000
0,2552,255200000,255200100,18865,18865,255300000,255300000
0,2553,255300000,255300100,18865,18865,255400000,255400000
0,2554,255400000,255400100,18865,18865,255500000,255500000
0,2555,255500000,255500100,18865,18865,255600000,255600000
0,2556,255600000,255600100,18865,18865,255700000,255700000
0,2557,255700000,255700100,18865,18865,255800000,255800000
0,2558,255800000,255800100,18865,18865,255900000,255900000
0,2559,255900000,255900100,18865,18865,256000000,256000000
0,2560,256000000,256000100,18865,18865,256100000,256100000
0,2561,256100000,256100100,18865,18865,256200000,256200000
0,2562,256200000,256200100,18865,18865,256300000,256300000
0,2563,256300000,256300100,18865,18865,256400000,256400000
0,2564,256400000,256400100,18865,18865,256500000,256500000
0,2565,256500000,256500100,18865,18865,256600000,256600000
0,2566,256600000,256600100,18865,18865,256700000,256700000
0,2567,256700000,256700100,18865,18865,256800000,256800000
0,2568,256800000,256800100,18865,18865,256900000,256900000
0,2569,256900000,256900100,18865,18865,257000000,257000000
0,2570,257000000,257000100,18865,18865,257100000,257100000
0,2571,257100000,257100100,18865,18865,257200000,257200000
0,2572,257200000,257200100,18865,18865,257300000,257300000
0,2573,257300000,257300100,18865,18865,257400000,257400000
0,2574,257400000,257400100,18865,18865,257500000,257500000
0,2575,257500000,257500100,18865,18865,257600000,257600000
0,2576,257600000,257600100,18865,18865,257700000,257700000
0,2577,257700000,257700100,18865,18865,257800000,257800000
0,2578,257800000,257800100,18865,18865,257900000,257900000
0,2579,257900000,257900100,18865,18865,258000000,258000000
0,2580,258000000,258000100,18865,18865,258100000,258100000
0,2581,258100000,258100100,18865,18865,258200000,258200000
0,2582,258200000,258200100,18865,18865,258300000,258300000
0,2583,258300000,258300100,18865,18865,258400000,258400000
0,2584,258400000,258400100,18865,18865,258500000,258500000
0,2585,258500000,258500100,18865,18865,258600000,258600000
0,2586,258600000,258600100,18865,18865,258700000,258700000
0,2587,258700000,258700100,18865,18865,258800000,258800000
0,2588,258800000,258800100,18865,18865,258900000,258900000
0,2589,258900000,258900100,18865,18865,259000000,259000000
0,2590,259000000,259000100,18865,18865,259100000,259100000
0,2591,259100000,259100100,18865,18865,259200000,259200000
0,2592,259200000,259200100,18865,18865,259300000,259300000
0,2593,259300000,259300100,18865,18865,259400000,259400000
0,2594,259400000,259400100,18865,18865,259500000,259500000
0,2595,259500000,259500100,18865,18865,259600000,259600000
0,2596,259600000,259600100,18865,18865,259700000,259700000
0,2597,259700000,259700100,18865,18865,259800000,259800000
0,2598,259800000,259800100,18865,18865,259900000,259900000
0,2599,259900000,259900100,18865,18865,260000000,260000000
0,2600,260000000,260000100,18865,18865,260100000,260100000
0,2601,260100000,260100100,18865,18865,260200000,260200000
0,2602,260200000,260200100,18865,18865,260300000,260300000
0,2603,260300000,260300100,18865,18865,260400000,260400000
0,2604,260400000,260400100,18865,18865,260500000,260500000
0,2605,260500000,260500100,18865,18865,260600000,260600000
0,2606,260600000,260600100,18865,18865,260700000,260700000
0,2607,260700000,260700100,18865,18865,260800000,260800000
0,2608,260800000,260800100,18865,18865,260900000,260900000
0,2609,260900000,260900100,18865,18865,261000000,261000000
0,2610,261000000,261000100,18865,18865,261100000,261100000
0,2611,261100000,261100100,18865,18865,261200000,261200000
0,2612,261200000,261200100,18865,18865,261300000,261300000
0,2613,261300000,261300100,18865,18865,261400000,261400000
0,2614,261400000,261400100,18865,18865,261500000,261500000
0,2615,261500000,261500100,18865,18865,261600000,261600000
0,2616,261600000,261600100,18865,18865,261700000,261700000
0,2617,261700000,261700100,18865,18865,261800000,261800000
0,2618,261800000,261800100,18865,18865,261900000,261900000
0,2619,261900000,261900100,18865,18865,262000000,262000000
0,2620,262000000,262000100,18865,18865,262100000,262100000
0,2621,262100000,262100100,18865,18865,262200000,262200000
0,2622,262200000,262200100,18865,18865,262300000,262300000
0,2623,262300000,262300100,18865,18865,262400000,262400000
0,2624,262400000,262400100,18865,18865,262500000,262500000
0,2625,262500000,262500100,18865,18865,262600000,262600000
0,2626,262600000,262600100,18865,18865,262700000,262700000
0,2627,262700000,262700100,18865,18865,262800000,262800000
0,2628,262800000,262800100,18865,18865,262900000,262900000
0,2629,262900000,262900100,18865,18865,263000000,263000000
0,2630,263000000,263000100,18865,18865,263100000,263100000
0,2631,263100000,263100100,18865,18865,263200000,263200000
0,2632,263200000,263200100,18865,18865,263300000,263300000
0,2633,263300000,263300100,18865,18865,263400000,263400000
0,2634,263400000,263400100,18865,18865,263500000,263500000
0,2635,263500000,263500100,18865,18865,263600000,263600000
0,2636,263600000,263600100,18865,18865,263700000,263700000
0,2637,263700000,263700100,18865,18865,263800000,263800000
0,2638,263800000,263800100,18865,18865,263900000,263900000
0,2639,263900000,263900100,18865,18865,264000000,264000000
0,2640,264000000,264000100,18865,18865,264100000,264100000
0,2641,264100000,264100100,18865,18865,264200000,264200000
0,2642,264200000,264200100,18865,18865,264300000,264300000
0,2643,264300000,264300100,18865,18865,264400000,264400000
0,2644,264400000,264400100,18865,18865,264500000,264500000
0,2645,264500000,264500100,18865,18865,264600000,264600000
0,2646,264600000,264600100,18865,18865,264700000,264700000
0,2647,264700000,264700100,18865,18865,264800000,264800000
0,2648,264800000,264800100,18865,18865,264900000,264900000
0,2649,264900000,264900100,18865,18865,265000000,265000000
0,2650,265000000,265000100,18865,18865,265100000,265100000
0,2651,265100000,265100100,18865,18865,265200000,265200000
0,2652,265200000,265200100,18865,18865,265300000,265300000
0,2653,265300000,265300100,18865,18865,265400000,265400000
0,2654,265400000,265400100,18865,18865,265500000,265500000
0,2655,265500000,265500100,18865,18865,265600000,265600000
0,2656,265600000,265600100,18865,18865,265700000,265700000
0,2657,265700000,265700100,18865,18865,265800000,265800000
0,2658,265800000,265800100,18865,18865,265900000,265900000
0,2659,265900000,265900100,18865,18865,266000000,266000000
0,2660,266000000,266000100,18865,18865,266100000,266100000
0,2661,266100000,266100100,18865,18865,266200000,266200000
0,2662,266200000,266200100,18865,18865,266300000,266300000
0,2663,266300000,266300100,18865,18865,266400000,266400000
0,2664,266400000,266400100,18865,18865,266500000,266500000
0,2665,266500000,266500100,18865,18865,266600000,266600000
0,2666,266600000,266600100,18865,18865,266700000,266700000
0,2667,266700000,266700100,18865,18865,266800000,266800000
0,2668,266800000,266800100,18865,18865,266900000,266900000
0,2669,266900000,266900100,18865,18865,267000000,267000000
0,2670,267000000,267000100,18865,18865,267100000,267100000
0,2671,267100000,267100100,18865,18865,267200000,267200000
0,2672,267200000,267200100,18865,18865,267300000,267300000
0,2673,267300000,267300100,18865,18865,267400000,267400000
0,2674,267400000,267400100,18865,18865,267500000,267500000
0,2675,267500000,267500100,18865,18865,267600000,267600000
0,2676,267600000,267600100,18865,18865,267700000,267700000
0,2677,267700000,267700100,18865,18865,267800000,267800000
0,2678,267800000,267800100,18865,18865,267900000,267900000
0,2679,267900000,267900100,18865,18865,268000000,268000000
0,2680,268000000,268000100,18865,18865,268100000,268100000
0,2681,268100000,268100100,18865,18865,268200000,268200000
0,2682,268200000,268200100,18865,18865,268300000,268300000
0,2683,268300000,268300100,18865,18865,268400000,268400000
0,2684,268400000,268400100,18865,18865,268500000,268500000
0,2685,268500000,268500100,18865,18865,268600000,268600000
0,2686,268600000,268600100,18865,18865,268700000,268700000
0,2687,268700000,268700100,18865,18865,268800000,268800000
0,2688,268800000,268800100,18865,18865,268900000,268900000
0,2689,268900000,268900100,18865,18865,269000000,269000000
0,2690,269000000,269000100,18865,18865,269100000,269100000
0,2691,269100000,269100100,18865,18865,269200000,269200000
0,2692,269200000,269200100,18865,18865,269300000,269300000
0,2693,269300000,269300100,18865,18865,269400000,269400000
0,2694,269400000,269400100,18865,18865,269500000,269500000
0,2695,269500000,269500100,18865,18865,269600000,269600000
0,2696,269600000,269600100,18865,18865,269700000,269700000
0,2697,269700000,269700100,18865,18865,269800000,269800000
0,2698,269800000,269800100,18865,18865,269900000,269900000
0,2699,269900000,269900100,18865,18865,270000000,270000000
0,2700,270000000,270000100,18865,18865,270100000,270100000
0,2701,270100000,270100100,18865,18865,270200000,270200000
0,2702,270200000,270200100,18865,18865,270300000,270300000
0,2703,270300000,270300100,18865,18865,270400000,270400000
0,2704,270400000,270400100,18865,18865,270500000,270500000
0,2705,270500000,270500100,18865,18865,270600000,270600000
0,2706,270600000,270600100,18865,18865,270700000,270700000
0,2707,270700000,270700100,18865,18865,270800000,270800000
0,2708,270800000,270800100,18865,18865,270900000,270900000
0,2709,270900000,270900100,18865,18865,271000000,271000000
0,2710,271000000,271000100,18865,18865,271100000,271100000
0,2711,271100000,271100100,18865,18865,271200000,271200000
0,2712,271200000,271200100,18865,18865,271300000,271300000
0,2713,271300000,271300100,18865,18865,271400000,271400000
0,2714,271400000,271400100,18865,18865,271500000,271500000
0,2715,271500000,271500100,18865,18865,271600000,271600000
0,2716,271600000,271600100,18865,18865,271700000,271700000
0,2717,271700000,271700100,18865,18865,271800000,271800000
0,2718,271800000,271800100,18865,18865,271900000,271900000
0,2719,271900000,271900100,18865,18865,272000000,272000000
0,2720,272000000,272000100,18865,18865,272100000,272100000
0,2721,272100000,272100100,18865,18865,272200000,272200000
0,2722,272200000,272200100,18865,18865,272300000,272300000
0,2723,272300000,272300100,18865,18865,272400000,272400000
0,2724,272400000,272400100,18865,18865,272500000,272500000
0,2725,272500000,272500100,18865,18865,272600000,272600000
0,2726,272600000,272600100,18865,18865,272700000,272700000
0,2727,272700000,272700100,18865,18865,272800000,272800000
0,2728,272800000,272800100,18865,18865,272900000,272900000
0,2729,272900000,272900100,18865,18865,273000000,273000000
0,2730,273000000,273000100,18865,18865,273100000,273100000
0,2731,273100000,273100100,18865,18865,273200000,273200000
0,2732,273200000,273200100,18865,18865,273300000,273300000
0,2733,273300000,273300100,18865,18865,273400000,273400000
0,2734,273400000,273400100,18865,18865,273500000,273500000
0,2735,273500000,273500100,18865,18865,273600000,273600000
0,2736,273600000,273600100,18865,18865,273700000,273700000
0,2737,273700000,273700100,18865,18865,273800000,273800000
0,2738,273800000,273800100,18865,18865,273900000,273900000
0,2739,273900000,273900100,18865,18865,274000000,274000000
0,2740,274000000,274000100,18865,18865,274100000,274100000
0,2741,274100000,274100100,18865,18865,274200000,274200000
0,2742,274200000,274200100,18865,18865,274300000,274300000
0,2743,274300000,274300100,18865,18865,274400000,274400000
0,2744,274400000,274400100,18865,18865,274500000,274500000
0,2745,274500000,274500100,18865,18865,274600000,274600000
0,2746,274600000,274600100,18865,18865,274700000,274700000
0,2747,274700000,274700100,18865,18865,274800000,274800000
0,2748,274800000,274800100,18865,18865,274900000,274900000
0,2749,274900000,274900100,18865,18865,275000000,275000000
0,2750,275000000,275000100,18865,18865,275100000,275100000
0,2751,275100000,275100100,18865,18865,275200000,275200000
0,2752,275200000,275200100,18865,18865,275300000,275300000
0,2753,275300000,275300100,18865,18865,275400000,275400000
0,2754,275400000,275400100,18865,18865,275500000,275500000
0,2755,275500000,275500100,18865,18865,275600000,275600000
0,2756,275600000,275600100,18865,18865,275700000,275700000
0,2757,275700000,275700100,18865,18865,275800000,275800000
0,2758,275800000,275800100,18865,18865,275900000,275900000
0,2759,275900000,275900100,18865,18865,276000000,276000000
0,2760,276000000,276000100,18865,18865,276100000,276100000
0,2761,276100000,276100100,18865,18865,276200000,276200000
0,2762,276200000,276200100,18865,18865,276300000,276300000
0,2763,276300000,276300100,18865,18865,276400000,276400000
0,2764,276400000,276400100,18865,18865,276500000,276500000
0,2765,276500000,276500100,18865,18865,276600000,276600000
0,2766,276600000,276600100,18865,18865,276700000,276700000
0,2767,276700000,276700100,18865,18865,276800000,276800000
0,2768,276800000,276800100,18865,18865,276900000,276900000
0,2769,276900000,276900100,18865,18865,277000000,277000000
0,2770,277000000,277000100,18865,18865,277100000,277100000
0,2771,277100000,277100100,18865,18865,277200000,277200000
0,2772,277200000,277200100,18865,18865,277300000,277300000
0,2773,277300000,277300100,18865,18865,277400000,277400000
0,2774,277400000,277400100,18865,18865,277500000,277500000
0,2775,277500000,277500100,18865,18865,277600000,277600000
0,2776,277600000,277600100,18865,18865,277700000,277700000
0,2777,277700000,277700100,18865,18865,277800000,277800000
0,2778,277800000,277800100,18865,18865,277900000,277900000
0,2779,277900000,277900100,18865,18865,278000000,278000000
0,2780,278000000,278000100,18865,18865,278100000,278100000
0,2781,278100000,278100100,18865,18865,278200000,278200000
0,2782,278200000,278200100,18865,18865,278300000,278300000
0,2783,278300000,278300100,18865,18865,278400000,278400000
0,2784,278400000,278400100,18865,18865,278500000,278500000
0,2785,278500000,278500100,18865,18865,278600000,278600000
0,2786,278600000,278600100,18865,18865,278700000,278700000
0,2787,278700000,278700100,18865,18865,278800000,278800000
0,2788,278800000,278800100,18865,18865,278900000,278900000
0,2789,278900000,278900100,18865,18865,279000000,279000000
0,2790,279000000,279000100,18865,18865,279100000,279100000
0,2791,279100000,279100100,18865,18865,279200000,279200000
0,2792,279200000,279200100,18865,18865,279300000,279300000
0,2793,279300000,279300100,18865,18865,279400000,279400000
0,2794,279400000,279400100,18865,18865,279500000,279500000
0,2795,279500000,279500100,18865,18865,279600000,279600000
0,2796,279600000,279600100,18865,18865,279700000,279700000
0,2797,279700000,279700100,18865,18865,279800000,279800000
0,2798,279800000,279800100,18865,18865,279900000,279900000
0,2799,279900000,279900100,18865,18865,280000000,280000000
0,2800,280000000,280000100,18865,18865,280100000,280100000
0,2801,280100000,280100100,18865,18865,280200000,280200000
0,2802,280200000,280200100,18865,18865,280300000,280300000
0,2803,280300000,280300100,18865,18865,280400000,280400000
0,2804,280400000,280400100,18865,18865,280500000,280500000
0,2805,280500000,280500100,18865,18865,280600000,280600000
0,2806,280600000,280600100,18865,18865,280700000,280700000
0,2807,280700000,280700100,18865,18865,280800000,280800000
0,2808,280800000,280800100,18865,18865,280900000,280900000
0,2809,280900000,280900100,18865,18865,281000000,281000000
0,2810,281000000,281000100,18865,18865,281100000,281100000
0,2811,281100000,281100100,18865,18865,281200000,281200000
0,2812,281200000,281200100,18865,18865,281300000,281300000
0,2813,281300000,281300100,18865,18865,281400000,281400000
0,2814,281400000,281400100,18865,18865,281500000,281500000
0,2815,281500000,281500100,18865,18865,281600000,281600000
0,2816,281600000,281600100,18865,18865,281700000,281700000
0,2817,281700000,281700100,18865,18865,281800000,281800000
0,2818,281800000,281800100,18865,18865,281900000,281900000
0,2819,281900000,281900100,18865,18865,282000000,282000000
0,2820,282000000,282000100,18865,18865,282100000,282100000
0,2821,282100000,282100100,18865,18865,282200000,282200000
0,2822,282200000,282200100,18865,18865,282300000,282300000
0,2823,282300000,282300100,18865,18865,282400000,282400000
0,2824,282400000,282400100,18865,18865,282500000,282500000
0,2825,282500000,282500100,18865,18865,282600000,282600000
0,2826,282600000,282600100,18865,18865,282700000,282700000
0,2827,282700000,282700100,18865,18865,282800000,282800000
0,2828,282800000,282800100,18865,18865,282900000,282900000
0,2829,282900000,282900100,18865,18865,283000000,283000000
0,2830,283000000,283000100,18865,18865,283100000,283100000
0,2831,283100000,283100100,18865,18865,283200000,283200000
0,2832,283200000,283200100,18865,18865,283300000,283300000
0,2833,283300000,283300100,18865,18865,283400000,283400000
0,2834,283400000,283400100,18865,18865,283500000,283500000
0,2835,283500000,283500100,18865,18865,283600000,283600000
0,2836,283600000,283600100,18865,18865,283700000,283700000
0,2837,283700000,283700100,18865,18865,283800000,283800000
0,2838,283800000,283800100,18865,18865,283900000,283900000
0,2839,283900000,283900100,18865,18865,284000000,284000000
0,2840,284000000,284000100,18865,18865,284100000,284100000
0,2841,284100000,284100100,18865,18865,284200000,284200000
0,2842,284200000,284200100,18865,18865,284300000,284300000
0,2843,284300000,284300100,18865,18865,284400000,284400000
0,2844,284400000,284400100,18865,18865,284500000,284500000
0,2845,284500000,284500100,18865,18865,284600000,284600000
0,2846,284600000,284600100,18865,18865,284700000,284700000
0,2847,284700000,284700100,18865,18865,284800000,284800000
0,2848,284800000,284800100,18865,18865,284900000,284900000
0,2849,284900000,284900100,18865,18865,285000000,285000000
0,2850,285000000,285000100,18865,18865,285100000,285100000
0,2851,285100000,285100100,18865,18865,285200000,285200000
0,2852,285200000,285200100,18865,18865,285300000,285300000
0,2853,285300000,285300100,18865,18865,285400000,285400000
0,2854,285400000,285400100,18865,18865,285500000,285500000
0,2855,285500000,285500100,18865,18865,285600000,285600000
0,2856,285600000,285600100,18865,18865,285700000,285700000
0,2857,285700000,285700100,18865,18865,285800000,285800000
0,2858,285800000,285800100,18865,18865,285900000,285900000
0,2859,285900000,285900100,18865,18865,286000000,286000000
0,2860,286000000,286000100,18865,18865,286100000,286100000
0,2861,286100000,286100100,18865,18865,286200000,286200000
0,2862,286200000,286200100,18865,18865,286300000,286300000
0,2863,286300000,286300100,18865,18865,286400000,286400000
0,2864,286400000,286400100,18865,18865,286500000,286500000
0,2865,286500000,286500100,18865,18865,286600000,286600000
0,2866,286600000,286600100,18865,18865,286700000,286700000
0,2867,286700000,286700100,18865,18865,286800000,286800000
0,2868,286800000,286800100,18865,18865,286900000,286900000
0,2869,286900000,286900100,18865,18865,287000000,287000000
0,2870,287000000,287000100,18865,18865,287100000,287100000
0,2871,287100000,287100100,18865,18865,287200000,287200000
0,2872,287200000,287200100,18865,18865,287300000,287300000
0,2873,287300000,287300100,18865,18865,287400000,287400000
0,2874,287400000,287400100,18865,18865,287500000,287500000
0,2875,287500000,287500100,18865,18865,287600000,287600000
0,2876,287600000,287600100,18865,18865,287700000,287700000
0,2877,287700000,287700100,18865,18865,287800000,287800000
0,2878,287800000,287800100,18865,18865,287900000,287900000
0,2879,287900000,287900100,18865,18865,288000000,288000000
0,2880,288000000,288000100,18865,18865,288100000,288100000
0,2881,288100000,288100100,18865,18865,288200000,288200000
0,2882,288200000,288200100,18865,18865,288300000,288300000
0,2883,288300000,288300100,18865,18865,288400000,288400000
0,2884,288400000,288400100,18865,18865,288500000,288500000
0,2885,288500000,288500100,18865,18865,288600000,288600000
0,2886,288600000,288600100,18865,18865,288700000,288700000
0,2887,288700000,288700100,18865,18865,288800000,288800000
0,2888,288800000,288800100,18865,18865,288900000,288900000
0,2889,288900000,288900100,18865,18865,289000000,289000000
0,2890,289000000,289000100,18865,18865,289100000,289100000
0,2891,289100000,289100100,18865,18865,289200000,289200000
0,2892,289200000,289200100,18865,18865,289300000,289300000
0,2893,289300000,289300100,18865,18865,289400000,289400000
0,2894,289400000,289400100,18865,18865,289500000,289500000
0,2895,289500000,289500100,18865,18865,289600000,289600000
0,2896,289600000,289600100,18865,18865,289700000,289700000
0,2897,289700000,289700100,18865,18865,289800000,289800000
0,2898,289800000,289800100,18865,18865,289900000,289900000
0,2899,289900000,289900100,18865,18865,290000000,290000000
0,2900,290000000,290000100,18865,18865,290100000,290100000
0,2901,290100000,290100100,18865,18865,290200000,290200000
0,2902,290200000,290200100,18865,18865,290300000,290300000
0,2903,290300000,290300100,18865,18865,290400000,290400000
0,2904,290400000,290400100,18865,18865,290500000,290500000
0,2905,290500000,290500100,18865,18865,290600000,290600000
0,2906,290600000,290600100,18865,18865,290700000,290700000
0,2907,290700000,290700100,18865,18865,290800000,290800000
0,2908,290800000,290800100,18865,18865,290900000,290900000
0,2909,290900000,290900100,18865,18865,291000000,291000000
0,2910,291000000,291000100,18865,18865,291100000,291100000
0,2911,291100000,291100100,18865,18865,291200000,291200000
0,2912,291200000,291200100,18865,18865,291300000,291300000
0,2913,291300000,291300100,18865,18865,291400000,291400000
0,2914,291400000,291400100,18865,18865,291500000,291500000
0,2915,291500000,291500100,18865,18865,291600000,291600000
0,2916,291600000,291600100,18865,18865,291700000,291700000
0,2917,291700000,291700100,18865,18865,291800000,291800000
0,2918,291800000,291800100,18865,18865,291900000,291900000
0,2919,291900000,291900100,18865,18865,292000000,292000000
0,2920,292000000,292000100,18865,18865,292100000,292100000
0,2921,292100000,292100100,18865,18865,292200000,292200000
0,2922,292200000,292200100,18865,18865,292300000,292300000
0,2923,292300000,292300100,18865,18865,292400000,292400000
0,2924,292400000,292400100,18865,18865,292500000,292500000
0,2925,292500000,292500100,18865,18865,292600000,292600000
0,2926,292600000,292600100,18865,18865,292700000,292700000
0,2927,292700000,292700100,18865,18865,292800000,292800000
0,2928,292800000,292800100,18865,18865,292900000,292900000
0,2929,292900000,292900100,18865,18865,293000000,293000000
0,2930,293000000,293000100,18865,18865,293100000,293100000
0,2931,293100000,293100100,18865,18865,293200000,293200000
0,2932,293200000,293200100,18865,18865,293300000,293300000
0,2933,293300000,293300100,18865,18865,293400000,293400000
0,2934,293400000,293400100,18865,18865,293500000,293500000
0,2935,293500000,293500100,18865,18865,293600000,293600000
0,2936,293600000,293600100,18865,18865,293700000,293700000
0,2937,293700000,293700100,18865,18865,293800000,293800000
0,2938,293800000,293800100,18865,18865,293900000,293900000
0,2939,293900000,293900100,18865,18865,294000000,294000000
0,2940,294000000,294000100,18865,18865,294100000,294100000
0,2941,294100000,294100100,18865,18865,294200000,294200000
0,2942,294200000,294200100,18865,18865,294300000,294300000
0,2943,294300000,294300100,18865,18865,294400000,294400000
0,2944,294400000,294400100,18865,18865,294500000,294500000
0,2945,294500000,294500100,18865,18865,294600000,294600000
0,2946,294600000,294600100,18865,18865,294700000,294700000
0,2947,294700000,294700100,18865,18865,294800000,294800000
0,2948,294800000,294800100,18865,18865,294900000,294900000
0,2949,294900000,294900100,18865,18865,295000000,295000000
0,2950,295000000,295000100,18865,18865,295100000,295100000
0,2951,295100000,295100100,18865,18865,295200000,295200000
0,2952,295200000,295200100,18865,18865,295300000,295300000
0,2953,295300000,295300100,18865,18865,295400000,295400000
0,2954,295400000,295400100,18865,18865,295500000,295500000
0,2955,295500000,295500100,18865,18865,295600000,295600000
0,2956,295600000,295600100,18865,18865,295700000,295700000
0,2957,295700000,295700100,18865,18865,295800000,295800000
0,2958,295800000,295800100,18865,18865,295900000,295900000
0,2959,295900000,295900100,18865,18865,296000000,296000000
0,2960,296000000,296000100,18865,18865,296100000,296100000
0,2961,296100000,296100100,18865,18865,296200000,296200000
0,2962,296200000,296200100,18865,18865,296300000,296300000
0,2963,296300000,296300100,18865,18865,296400000,296400000
0,2964,296400000,296400100,18865,18865,296500000,296500000
0,2965,296500000,296500100,18865,18865,296600000,296600000
0,2966,296600000,296600100,18865,18865,296700000,296700000
0,2967,296700000,296700100,18865,18865,296800000,296800000
0,2968,296800000,296800100,18865,18865,296900000,296900000
0,2969,296900000,296900100,18865,18865,297000000,297000000
0,2970,297000000,297000100,18865,18865,297100000,297100000
0,2971,297100000,297100100,18865,18865,297200000,297200000
0,2972,297200000,297200100,18865,18865,297300000,297300000
0,2973,297300000,297300100,18865,18865,297400000,297400000
0,2974,297400000,297400100,18865,18865,297500000,297500000
0,2975,297500000,297500100,18865,18865,297600000,297600000
0,2976,297600000,297600100,18865,18865,297700000,297700000
0,2977,297700000,297700100,18865,18865,297800000,297800000
0,2978,297800000,297800100,18865,18865,297900000,297900000
0,2979,297900000,297900100,18865,18865,298000000,298000000
0,2980,298000000,298000100,18865,18865,298100000,298100000
0,2981,298100000,298100100,18865,18865,298200000,298200000
0,2982,298200000,298200100,18865,18865,298300000,298300000
0,2983,298300000,298300100,18865,18865,298400000,298400000
0,2984,298400000,298400100,18865,18865,298500000,298500000
0,2985,298500000,298500100,18865,18865,298600000,298600000
0,2986,298600000,298600100,18865,18865,298700000,298700000
0,2987,298700000,298700100,18865,18865,298800000,298800000
0,2988,298800000,298800100,18865,18865,298900000,298900000
0,2989,298900000,298900100,18865,18865,299000000,299000000
0,2990,299000000,299000100,18865,18865,299100000,299100000
0,2991,299100000,299100100,18865,18865,299200000,299200000
0,2992,299200000,299200100,18865,18865,299300000,299300000
0,2993,299300000,299300100,18865,18865,299400000,299400000
0,2994,299400000,299400100,18865,18865,299500000,299500000
0,2995,299500000,299500100,18865,18865,299600000,299600000
0,2996,299600000,299600100,18865,18865,299700000,299700000
0,2997,299700000,299700100,18865,18865,299800000,299800000
0,2998,299800000,299800100,18865,18865,299900000,299900000
0,2999,299900000,299900100,18865,18865,300000000,300000000
0,3000,300000000,300000100,18865,18865,300100000,300100000
0,3001,300100000,300100100,18865,18865,300200000,300200000
0,3002,300200000,300200100,18865,18865,300300000,300300000
0,3003,300300000,300300100,18865,18865,300400000,300400000
0,3004,300400000,300400100,18865,18865,300500000,300500000
0,3005,300500000,300500100,18865,18865,300600000,300600000
0,3006,300600000,300600100,18865,18865,300700000,300700000
0,3007,300700000,300700100,18865,18865,300800000,300800000
0,3008,300800000,300800100,18865,18865,300900000,300900000
0,3009,300900000,300900100,18865,18865,301000000,301000000
0,3010,301000000,301000100,18865,18865,301100000,301100000
0,3011,301100000,301100100,18865,18865,301200000,301200000
0,3012,301200000,301200100,18865,18865,301300000,301300000
0,3013,301300000,301300100,18865,18865,301400000,301400000
0,3014,301400000,301400100,18865,18865,301500000,301500000
0,3015,301500000,301500100,18865,18865,301600000,301600000
0,3016,301600000,301600100,18865,18865,301700000,301700000
0,3017,301700000,301700100,18865,18865,301800000,301800000
0,3018,301800000,301800100,18865,18865,301900000,301900000
0,3019,301900000,301900100,18865,18865,302000000,302000000
0,3020,302000000,302000100,18865,18865,302100000,302100000
0,3021,302100000,302100100,18865,18865,302200000,302200000
0,3022,302200000,302200100,18865,18865,302300000,302300000
0,3023,302300000,302300100,18865,18865,302400000,302400000
0,3024,302400000,302400100,18865,18865,302500000,302500000
0,3025,302500000,302500100,18865,18865,302600000,302600000
0,3026,302600000,302600100,18865,18865,302700000,302700000
0,3027,302700000,302700100,18865,18865,302800000,302800000
0,3028,302800000,302800100,18865,18865,302900000,302900000
0,3029,302900000,302900100,18865,18865,303000000,303000000
0,3030,303000000,303000100,18865,18865,303100000,303100000
0,3031,303100000,303100100,18865,18865,303200000,303200000
0,3032,303200000,303200100,18865,18865,303300000,303300000
0,3033,303300000,303300100,18865,18865,303400000,303400000
0,3034,303400000,303400100,18865,18865,303500000,303500000
0,3035,303500000,303500100,18865,18865,303600000,303600000
0,3036,303600000,303600100,18865,18865,303700000,303700000
0,3037,303700000,303700100,18865,18865,303800000,303800000
0,3038,303800000,303800100,18865,18865,303900000,303900000
0,3039,303900000,303900100,18865,18865,304000000,304000000
0,3040,304000000,304000100,18865,18865,304100000,304100000
0,3041,304100000,304100100,18865,18865,304200000,304200000
0,3042,304200000,304200100,18865,18865,304300000,304300000
0,3043,304300000,304300100,18865,18865,304400000,304400000
0,3044,304400000,304400100,18865,18865,304500000,304500000
0,3045,304500000,304500100,18865,18865,304600000,304600000
0,3046,304600000,304600100,18865,18865,304700000,304700000
0,3047,304700000,304700100,18865,18865,304800000,304800000
0,3048,304800000,304800100,18865,18865,304900000,304900000
0,3049,304900000,304900100,18865,18865,305000000,305000000
0,3050,305000000,305000100,18865,18865,305100000,305100000
0,3051,305100000,305100100,18865,18865,305200000,305200000
0,3052,305200000,305200100,18865,18865,305300000,305300000
0,3053,305300000,305300100,18865,18865,305400000,305400000
0,3054,305400000,305400100,18865,18865,305500000,305500000
0,3055,305500000,305500100,18865,18865,305600000,305600000
0,3056,305600000,305600100,18865,18865,305700000,305700000
0,3057,305700000,305700100,18865,18865,305800000,305800000
0,3058,305800000,305800100,18865,18865,305900000,305900000
0,3059,305900000,305900100,18865,18865,306000000,306000000
0,3060,306000000,306000100,18865,18865,306100000,306100000
0,3061,306100000,306100100,18865,18865,306200000,306200000
0,3062,306200000,306200100,18865,18865,306300000,306300000
0,3063,306300000,306300100,18865,18865,306400000,306400000
0,3064,306400000,306400100,18865,18865,306500000,306500000
0,3065,306500000,306500100,18865,18865,306600000,306600000
0,3066,306600000,306600100,18865,18865,306700000,306700000
0,3067,306700000,306700100,18865,18865,306800000,306800000
0,3068,306800000,306800100,18865,18865,306900000,306900000
0,3069,306900000,306900100,18865,18865,307000000,307000000
0,3070,307000000,307000100,18865,18865,307100000,307100000
0,3071,307100000,307100100,18865,18865,307200000,307200000
0,3072,307200000,307200100,18865,18865,307300000,307300000
0,3073,307300000,307300100,18865,18865,307400000,307400000
0,3074,307400000,307400100,18865,18865,307500000,307500000
0,3075,307500000,307500100,18865,18865,307600000,307600000
0,3076,307600000,307600100,18865,18865,307700000,307700000
0,3077,307700000,307700100,18865,18865,307800000,307800000
0,3078,307800000,307800100,18865,18865,307900000,307900000
0,3079,307900000,307900100,18865,18865,308000000,308000000
0,3080,308000000,308000100,18865,18865,308100000,308100000
0,3081,308100000,308100100,18865,18865,308200000,308200000
0,3082,308200000,308200100,18865,18865,308300000,308300000
0,3083,308300000,308300100,18865,18865,308400000,308400000
0,3084,308400000,308400100,18865,18865,308500000,308500000
0,3085,308500000,308500100,18865,18865,308600000,308600000
0,3086,308600000,308600100,18865,18865,308700000,308700000
0,3087,308700000,308700100,18865,18865,308800000,308800000
0,3088,308800000,308800100,18865,18865,308900000,308900000
0,3089,308900000,308900100,18865,18865,309000000,309000000
0,3090,309000000,309000100,18865,18865,309100000,309100000
0,3091,309100000,309100100,18865,18865,309200000,309200000
0,3092,309200000,309200100,18865,18865,309300000,309300000
0,3093,309300000,309300100,18865,18865,309400000,309400000
0,3094,309400000,309400100,18865,18865,309500000,309500000
0,3095,309500000,309500100,18865,18865,309600000,309600000
0,3096,309600000,309600100,18865,18865,309700000,309700000
0,3097,309700000,309700100,18865,18865,309800000,309800000
0,3098,309800000,309800100,18865,18865,309900000,309900000
0,3099,309900000,309900100,18865,18865,310000000,310000000
0,3100,310000000,310000100,18865,18865,310100000,310100000
0,3101,310100000,310100100,18865,18865,310200000,310200000
0,3102,310200000,310200100,18865,18865,310300000,310300000
0,3103,310300000,310300100,18865,18865,310400000,310400000
0,3104,310400000,310400100,18865,18865,310500000,310500000
0,3105,310500000,310500100,18865,18865,310600000,310600000
0,3106,310600000,310600100,18865,18865,310700000,310700000
0,3107,310700000,310700100,18865,18865,310800000,310800000
0,3108,310800000,310800100,18865,18865,310900000,310900000
0,3109,310900000,310900100,18865,18865,311000000,311000000
0,3110,311000000,311000100,18865,18865,311100000,311100000
0,3111,311100000,311100100,18865,18865,311200000,311200000
0,3112,311200000,311200100,18865,18865,311300000,311300000
0,3113,311300000,311300100,18865,18865,311400000,311400000
0,3114,311400000,311400100,18865,18865,311500000,311500000
0,3115,311500000,311500100,18865,18865,311600000,311600000
0,3116,311600000,311600100,18865,18865,311700000,311700000
0,3117,311700000,311700100,18865,18865,311800000,311800000
0,3118,311800000,311800100,18865,18865,311900000,311900000
0,3119,311900000,311900100,18865,18865,312000000,312000000
0,3120,312000000,312000100,18865,18865,312100000,312100000
0,3121,312100000,312100100,18865,18865,312200000,312200000
0,3122,312200000,312200100,18865,18865,312300000,312300000
0,3123,312300000,312300100,18865,18865,312400000,312400000
0,3124,312400000,312400100,18865,18865,312500000,312500000
0,3125,312500000,312500100,18865,18865,312600000,312600000
0,3126,312600000,312600100,18865,18865,312700000,312700000
0,3127,312700000,312700100,18865,18865,312800000,312800000
0,3128,312800000,312800100,18865,18865,312900000,312900000
0,3129,312900000,312900100,18865,18865,313000000,313000000
0,3130,313000000,313000100,18865,18865,313100000,313100000
0,3131,313100000,313100100,18865,18865,313200000,313200000
0,3132,313200000,313200100,18865,18865,313300000,313300000
0,3133,313300000,313300100,18865,18865,313400000,313400000
0,3134,313400000,313400100,18865,18865,313500000,313500000
0,3135,313500000,313500100,18865,18865,313600000,313600000
0,3136,313600000,313600100,18865,18865,313700000,313700000
0,3137,313700000,313700100,18865,18865,313800000,313800000
0,3138,313800000,313800100,18865,18865,313900000,313900000
0,3139,313900000,313900100,18865,18865,314000000,314000000
0,3140,314000000,314000100,18865,18865,314100000,314100000
0,3141,314100000,314100100,18865,18865,314200000,314200000
0,3142,314200000,314200100,18865,18865,314300000,314300000
0,3143,314300000,314300100,18865,18865,314400000,314400000
0,3144,314400000,314400100,18865,18865,314500000,314500000
0,3145,314500000,314500100,18865,18865,314600000,314600000
0,3146,314600000,314600100,18865,18865,314700000,314700000
0,3147,314700000,314700100,18865,18865,314800000,314800000
0,3148,314800000,314800100,18865,18865,314900000,314900000
0,3149,314900000,314900100,18865,18865,315000000,315000000
0,3150,315000000,315000100,18865,18865,315100000,315100000
0,3151,315100000,315100100,18865,18865,315200000,315200000
0,3152,315200000,315200100,18865,18865,315300000,315300000
0,3153,315300000,315300100,18865,18865,315400000,315400000
0,3154,315400000,315400100,18865,18865,315500000,315500000
0,3155,315500000,315500100,18865,18865,315600000,315600000
0,3156,315600000,315600100,18865,18865,315700000,315700000
0,3157,315700000,315700100,18865,18865,315800000,315800000
0,3158,315800000,315800100,18865,18865,315900000,315900000
0,3159,315900000,315900100,18865,18865,316000000,316000000
0,3160,316000000,316000100,18865,18865,316100000,316100000
0,3161,316100000,316100100,18865,18865,316200000,316200000
0,3162,316200000,316200100,18865,18865,316300000,316300000
0,3163,316300000,316300100,18865,18865,316400000,316400000
0,3164,316400000,316400100,18865,18865,316500000,316500000
0,3165,316500000,316500100,18865,18865,316600000,316600000
0,3166,316600000,316600100,18865,18865,316700000,316700000
0,3167,316700000,316700100,18865,18865,316800000,316800000
0,3168,316800000,316800100,18865,18865,316900000,316900000
0,3169,316900000,316900100,18865,18865,317000000,317000000
0,3170,317000000,317000100,18865,18865,317100000,317100000
0,3171,317100000,317100100,18865,18865,317200000,317200000
0,3172,317200000,317200100,18865,18865,317300000,317300000
0,3173,317300000,317300100,18865,18865,317400000,317400000
0,3174,317400000,317400100,18865,18865,317500000,317500000
0,3175,317500000,317500100,18865,18865,317600000,317600000
0,3176,317600000,317600100,18865,18865,317700000,317700000
0,3177,317700000,317700100,18865,18865,317800000,317800000
0,3178,317800000,317800100,18865,18865,317900000,317900000
0,3179,317900000,317900100,18865,18865,318000000,318000000
0,3180,318000000,318000100,18865,18865,318100000,318100000
0,3181,318100000,318100100,18865,18865,318200000,318200000
0,3182,318200000,318200100,18865,18865,318300000,318300000
0,3183,318300000,318300100,18865,18865,318400000,318400000
0,3184,318400000,318400100,18865,18865,318500000,318500000
0,3185,318500000,318500100,18865,18865,318600000,318600000
0,3186,318600000,318600100,18865,18865,318700000,318700000
0,3187,318700000,318700100,18865,18865,318800000,318800000
0,3188,318800000,318800100,18865,18865,318900000,318900000
0,3189,318900000,318900100,18865,18865,319000000,319000000
0,3190,319000000,319000100,18865,18865,319100000,319100000
0,3191,319100000,319100100,18865,18865,319200000,319200000
0,3192,319200000,319200100,18865,18865,319300000,319300000
0,3193,319300000,319300100,18865,18865,319400000,319400000
0,3194,319400000,319400100,18865,18865,319500000,319500000
0,3195,319500000,319500100,18865,18865,319600000,319600000
0,3196,319600000,319600100,18865,18865,319700000,319700000
0,3197,319700000,319700100,18865,18865,319800000,319800000
0,3198,319800000,319800100,18865,18865,319900000,319900000
0,3199,319900000,319900100,18865,18865,320000000,320000000
0,3200,320000000,320000100,18865,18865,320100000,320100000
0,3201,320100000,320100100,18865,18865,320200000,320200000
0,3202,320200000,320200100,18865,18865,320300000,320300000
0,3203,320300000,320300100,18865,18865,320400000,320400000
0,3204,320400000,320400100,18865,18865,320500000,320500000
0,3205,320500000,320500100,18865,18865,320600000,320600000
0,3206,320600000,320600100,18865,18865,320700000,320700000
0,3207,320700000,320700100,18865,18865,320800000,320800000
0,3208,320800000,320800100,18865,18865,320900000,320900000
0,3209,320900000,320900100,18865,18865,321000000,321000000
0,3210,321000000,321000100,18865,18865,321100000,321100000
0,3211,321100000,321100100,18865,18865,321200000,321200000
0,3212,321200000,321200100,18865,18865,321300000,321300000
0,3213,321300000,321300100,18865,18865,321400000,321400000
0,3214,321400000,321400100,18865,18865,321500000,321500000
0,3215,321500000,321500100,18865,18865,321600000,321600000
0,3216,321600000,321600100,18865,18865,321700000,321700000
0,3217,321700000,321700100,18865,18865,321800000,321800000
0,3218,321800000,321800100,18865,18865,321900000,321900000
0,3219,321900000,321900100,18865,18865,322000000,322000000
0,3220,322000000,322000100,18865,18865,322100000,322100000
0,3221,322100000,322100100,18865,18865,322200000,322200000
0,3222,322200000,322200100,18865,18865,322300000,322300000
0,3223,322300000,322300100,18865,18865,322400000,322400000
0,3224,322400000,322400100,18865,18865,322500000,322500000
0,3225,322500000,322500100,18865,18865,322600000,322600000
0,3226,322600000,322600100,18865,18865,322700000,322700000
0,3227,322700000,322700100,18865,18865,322800000,322800000
0,3228,322800000,322800100,18865,18865,322900000,322900000
0,3229,322900000,322900100,18865,18865,323000000,323000000
0,3230,323000000,323000100,18865,18865,323100000,323100000
0,3231,323100000,323100100,18865,18865,323200000,323200000
0,3232,323200000,323200100,18865,18865,323300000,323300000
0,3233,323300000,323300100,18865,18865,323400000,323400000
0,3234,323400000,323400100,18865,18865,323500000,323500000
0,3235,323500000,323500100,18865,18865,323600000,323600000
0,3236,323600000,323600100,18865,18865,323700000,323700000
0,3237,323700000,323700100,18865,18865,323800000,323800000
0,3238,323800000,323800100,18865,18865,323900000,323900000
0,3239,323900000,323900100,18865,18865,324000000,324000000
0,3240,324000000,324000100,18865,18865,324100000,324100000
0,3241,324100000,324100100,18865,18865,324200000,324200000
0,3242,324200000,324200100,18865,18865,324300000,324300000
0,3243,324300000,324300100,18865,18865,324400000,324400000
0,3244,324400000,324400100,18865,18865,324500000,324500000
0,3245,324500000,324500100,18865,18865,324600000,324600000
0,3246,324600000,324600100,18865,18865,324700000,324700000
0,3247,324700000,324700100,18865,18865,324800000,324800000
0,3248,324800000,324800100,18865,18865,324900000,324900000
0,3249,324900000,324900100,18865,18865,325000000,325000000
0,3250,325000000,325000100,18865,18865,325100000,325100000
0,3251,325100000,325100100,18865,18865,325200000,325200000
0,3252,325200000,325200100,18865,18865,325300000,325300000
0,3253,325300000,325300100,18865,18865,325400000,325400000
0,3254,325400000,325400100,18865,18865,325500000,325500000
0,3255,325500000,325500100,18865,18865,325600000,325600000
0,3256,325600000,325600100,18865,18865,325700000,325700000
0,3257,325700000,325700100,18865,18865,325800000,325800000
0,3258,325800000,325800100,18865,18865,325900000,325900000
0,3259,325900000,325900100,18865,18865,326000000,326000000
0,3260,326000000,326000100,18865,18865,326100000,326100000
0,3261,326100000,326100100,18865,18865,326200000,326200000
0,3262,326200000,326200100,18865,18865,326300000,326300000
0,3263,326300000,326300100,18865,18865,326400000,326400000
0,3264,326400000,326400100,18865,18865,326500000,326500000
0,3265,326500000,326500100,18865,18865,326600000,326600000
0,3266,326600000,326600100,18865,18865,326700000,326700000
0,3267,326700000,326700100,18865,18865,326800000,326800000
0,3268,326800000,326800100,18865,18865,326900000,326900000
0,3269,326900000,326900100,18865,18865,327000000,327000000
0,3270,327000000,327000100,18865,18865,327100000,327100000
0,3271,327100000,327100100,18865,18865,327200000,327200000
0,3272,327200000,327200100,18865,18865,327300000,327300000
0,3273,327300000,327300100,18865,18865,327400000,327400000
0,3274,327400000,327400100,18865,18865,327500000,327500000
0,3275,327500000,327500100,18865,18865,327600000,327600000
0,3276,327600000,327600100,18865,18865,327700000,327700000
0,3277,327700000,327700100,18865,18865,327800000,327800000
0,3278,327800000,327800100,18865,18865,327900000,327900000
0,3279,327900000,327900100,18865,18865,328000000,328000000
0,3280,328000000,328000100,18865,18865,328100000,328100000
0,3281,328100000,328100100,18865,18865,328200000,328200000
0,3282,328200000,328200100,18865,18865,328300000,328300000
0,3283,328300000,328300100,18865,18865,328400000,328400000
0,3284,328400000,328400100,18865,18865,328500000,328500000
0,3285,328500000,328500100,18865,18865,328600000,328600000
0,3286,328600000,328600100,18865,18865,328700000,328700000
0,3287,328700000,328700100,18865,18865,328800000,328800000
0,3288,328800000,328800100,18865,18865,328900000,328900000
0,3289,328900000,328900100,18865,18865,329000000,329000000
0,3290,329000000,329000100,18865,18865,329100000,329100000
0,3291,329100000,329100100,18865,18865,329200000,329200000
0,3292,329200000,329200100,18865,18865,329300000,329300000
0,3293,329300000,329300100,18865,18865,329400000,329400000
0,3294,329400000,329400100,18865,18865,329500000,329500000
0,3295,329500000,329500100,18865,18865,329600000,329600000
0,3296,329600000,329600100,18865,18865,329700000,329700000
0,3297,329700000,329700100,18865,18865,329800000,329800000
0,3298,329800000,329800100,18865,18865,329900000,329900000
0,3299,329900000,329900100,18865,18865,330000000,330000000
0,3300,330000000,330000100,18865,18865,330100000,330100000
0,3301,330100000,330100100,18865,18865,330200000,330200000
0,3302,330200000,330200100,18865,18865,330300000,330300000
0,3303,330300000,330300100,18865,18865,330400000,330400000
0,3304,330400000,330400100,18865,18865,330500000,330500000
0,3305,330500000,330500100,18865,18865,330600000,330600000
0,3306,330600000,330600100,18865,18865,330700000,330700000
0,3307,330700000,330700100,18865,18865,330800000,330800000
0,3308,330800000,330800100,18865,18865,330900000,330900000
0,3309,330900000,330900100,18865,18865,331000000,331000000
0,3310,331000000,331000100,18865,18865,331100000,331100000
0,3311,331100000,331100100,18865,18865,331200000,331200000
0,3312,331200000,331200100,18865,18865,331300000,331300000
0,3313,331300000,331300100,18865,18865,331400000,331400000
0,3314,331400000,331400100,18865,18865,331500000,331500000
0,3315,331500000,331500100,18865,18865,331600000,331600000
0,3316,331600000,331600100,18865,18865,331700000,331700000
0,3317,331700000,331700100,18865,18865,331800000,331800000
0,3318,331800000,331800100,18865,18865,331900000,331900000
0,3319,331900000,331900100,18865,18865,332000000,332000000
0,3320,332000000,332000100,18865,18865,332100000,332100000
0,3321,332100000,332100100,18865,18865,332200000,332200000
0,3322,332200000,332200100,18865,18865,332300000,332300000
0,3323,332300000,332300100,18865,18865,332400000,332400000
0,3324,332400000,332400100,18865,18865,332500000,332500000
0,3325,332500000,332500100,18865,18865,332600000,332600000
0,3326,332600000,332600100,18865,18865,332700000,332700000
0,3327,332700000,332700100,18865,18865,332800000,332800000
0,3328,332800000,332800100,18865,18865,332900000,332900000
0,3329,332900000,332900100,18865,18865,333000000,333000000
0,3330,333000000,333000100,18865,18865,333100000,333100000
0,3331,333100000,333100100,18865,18865,333200000,333200000
0,3332,333200000,333200100,18865,18865,333300000,333300000
0,3333,333300000,333300100,18865,18865,333400000,333400000
0,3334,333400000,333400100,18865,18865,333500000,333500000
0,3335,333500000,333500100,18865,18865,333600000,333600000
0,3336,333600000,333600100,18865,18865,333700000,333700000
0,3337,333700000,333700100,18865,18865,333800000,333800000
0,3338,333800000,333800100,18865,18865,333900000,333900000
0,3339,333900000,333900100,18865,18865,334000000,334000000
0,3340,334000000,334000100,18865,18865,334100000,334100000
0,3341,334100000,334100100,18865,18865,334200000,334200000
0,3342,334200000,334200100,18865,18865,334300000,334300000
0,3343,334300000,334300100,18865,18865,334400000,334400000
0,3344,334400000,334400100,18865,18865,334500000,334500000
0,3345,334500000,334500100,18865,18865,334600000,334600000
0,3346,334600000,334600100,18865,18865,334700000,334700000
0,3347,334700000,334700100,18865,18865,334800000,334800000
0,3348,334800000,334800100,18865,18865,334900000,334900000
0,3349,334900000,334900100,18865,18865,335000000,335000000
0,3350,335000000,335000100,18865,18865,335100000,335100000
0,3351,335100000,335100100,18865,18865,335200000,335200000
0,3352,335200000,335200100,18865,18865,335300000,335300000
0,3353,335300000,335300100,18865,18865,335400000,335400000
0,3354,335400000,335400100,18865,18865,335500000,335500000
0,3355,335500000,335500100,18865,18865,335600000,335600000
0,3356,335600000,335600100,18865,18865,335700000,335700000
0,3357,335700000,335700100,18865,18865,335800000,335800000
0,3358,335800000,335800100,18865,18865,335900000,335900000
0,3359,335900000,335900100,18865,18865,336000000,336000000
0,3360,336000000,336000100,18865,18865,336100000,336100000
0,3361,336100000,336100100,18865,18865,336200000,336200000
0,3362,336200000,336200100,18865,18865,336300000,336300000
0,3363,336300000,336300100,18865,18865,336400000,336400000
0,3364,336400000,336400100,18865,18865,336500000,336500000
0,3365,336500000,336500100,18865,18865,336600000,336600000
0,3366,336600000,336600100,18865,18865,336700000,336700000
0,3367,336700000,336700100,18865,18865,336800000,336800000
0,3368,336800000,336800100,18865,18865,336900000,336900000
0,3369,336900000,336900100,18865,18865,337000000,337000000
0,3370,337000000,337000100,18865,18865,337100000,337100000
0,3371,337100000,337100100,18865,18865,337200000,337200000
0,3372,337200000,337200100,18865,18865,337300000,337300000
0,3373,337300000,337300100,18865,18865,337400000,337400000
0,3374,337400000,337400100,18865,18865,337500000,337500000
0,3375,337500000,337500100,18865,18865,337600000,337600000
0,3376,337600000,337600100,18865,18865,337700000,337700000
0,3377,337700000,337700100,18865,18865,337800000,337800000
0,3378,337800000,337800100,18865,18865,337900000,337900000
0,3379,337900000,337900100,18865,18865,338000000,338000000
0,3380,338000000,338000100,18865,18865,338100000,338100000
0,3381,338100000,338100100,18865,18865,338200000,338200000
0,3382,338200000,338200100,18865,18865,338300000,338300000
0,3383,338300000,338300100,18865,18865,338400000,338400000
0,3384,338400000,338400100,18865,18865,338500000,338500000
0,3385,338500000,338500100,18865,18865,338600000,338600000
0,3386,338600000,338600100,18865,18865,338700000,338700000
0,3387,338700000,338700100,18865,18865,338800000,338800000
0,3388,338800000,338800100,18865,18865,338900000,338900000
0,3389,338900000,338900100,18865,18865,339000000,339000000
0,3390,339000000,339000100,18865,18865,339100000,339100000
0,3391,339100000,339100100,18865,18865,339200000,339200000
0,3392,339200000,339200100,18865,18865,339300000,339300000
0,3393,339300000,339300100,18865,18865,339400000,339400000
0,3394,339400000,339400100,18865,18865,339500000,339500000
0,3395,339500000,339500100,18865,18865,339600000,339600000
0,3396,339600000,339600100,18865,18865,339700000,339700000
0,3397,339700000,339700100,18865,18865,339800000,339800000
0,3398,339800000,339800100,18865,18865,339900000,339900000
0,3399,339900000,339900100,18865,18865,340000000,340000000
0,3400,340000000,340000100,18865,18865,340100000,340100000
0,3401,340100000,340100100,18865,18865,340200000,340200000
0,3402,340200000,340200100,18865,18865,340300000,340300000
0,3403,340300000,340300100,18865,18865,340400000,340400000
0,3404,340400000,340400100,18865,18865,340500000,340500000
0,3405,340500000,340500100,18865,18865,340600000,340600000
0,3406,340600000,340600100,18865,18865,340700000,340700000
0,3407,340700000,340700100,18865,18865,340800000,340800000
0,3408,340800000,340800100,18865,18865,340900000,340900000
0,3409,340900000,340900100,18865,18865,341000000,341000000
0,3410,341000000,341000100,18865,18865,341100000,341100000
0,3411,341100000,341100100,18865,18865,341200000,341200000
0,3412,341200000,341200100,18865,18865,341300000,341300000
0,3413,341300000,341300100,18865,18865,341400000,341400000
0,3414,341400000,341400100,18865,18865,341500000,341500000
0,3415,341500000,341500100,18865,18865,341600000,341600000
0,3416,341600000,341600100,18865,18865,341700000,341700000
0,3417,341700000,341700100,18865,18865,341800000,341800000
0,3418,341800000,341800100,18865,18865,341900000,341900000
0,3419,341900000,341900100,18865,18865,342000000,342000000
0,3420,342000000,342000100,18865,18865,342100000,342100000
0,3421,342100000,342100100,18865,18865,342200000,342200000
0,3422,342200000,342200100,18865,18865,342300000,342300000
0,3423,342300000,342300100,18865,18865,342400000,342400000
0,3424,342400000,342400100,18865,18865,342500000,342500000
0,3425,342500000,342500100,18865,18865,342600000,342600000
0,3426,342600000,342600100,18865,18865,342700000,342700000
0,3427,342700000,342700100,18865,18865,342800000,342800000
0,3428,342800000,342800100,18865,18865,342900000,342900000
0,3429,342900000,342900100,18865,18865,343000000,343000000
0,3430,343000000,343000100,18865,18865,343100000,343100000
0,3431,343100000,343100100,18865,18865,343200000,343200000
0,3432,343200000,343200100,18865,18865,343300000,343300000
0,3433,343300000,343300100,18865,18865,343400000,343400000
0,3434,343400000,343400100,18865,18865,343500000,343500000
0,3435,343500000,343500100,18865,18865,343600000,343600000
0,3436,343600000,343600100,18865,18865,343700000,343700000
0,3437,343700000,343700100,18865,18865,343800000,343800000
0,3438,343800000,343800100,18865,18865,343900000,343900000
0,3439,343900000,343900100,18865,18865,344000000,344000000
0,3440,344000000,344000100,18865,18865,344100000,344100000
0,3441,344100000,344100100,18865,18865,344200000,344200000
0,3442,344200000,344200100,18865,18865,344300000,344300000
0,3443,344300000,344300100,18865,18865,344400000,344400000
0,3444,344400000,344400100,18865,18865,344500000,344500000
0,3445,344500000,344500100,18865,18865,344600000,344600000
0,3446,344600000,344600100,18865,18865,344700000,344700000
0,3447,344700000,344700100,18865,18865,344800000,344800000
0,3448,344800000,344800100,18865,18865,344900000,344900000
0,3449,344900000,344900100,18865,18865,345000000,345000000
0,3450,345000000,345000100,18865,18865,345100000,345100000
0,3451,345100000,345100100,18865,18865,345200000,345200000
0,3452,345200000,345200100,18865,18865,345300000,345300000
0,3453,345300000,345300100,18865,18865,345400000,345400000
0,3454,345400000,345400100,18865,18865,345500000,345500000
0,3455,345500000,345500100,18865,18865,345600000,345600000
0,3456,345600000,345600100,18865,18865,345700000,345700000
0,3457,345700000,345700100,18865,18865,345800000,345800000
0,3458,345800000,345800100,18865,18865,345900000,345900000
0,3459,345900000,345900100,18865,18865,346000000,346000000
0,3460,346000000,346000100,18865,18865,346100000,346100000
0,3461,346100000,346100100,18865,18865,346200000,346200000
0,3462,346200000,346200100,18865,18865,346300000,346300000
0,3463,346300000,346300100,18865,18865,346400000,346400000
0,3464,346400000,346400100,18865,18865,346500000,346500000
0,3465,346500000,346500100,18865,18865,346600000,346600000
0,3466,346600000,346600100,18865,18865,346700000,346700000
0,3467,346700000,346700100,18865,18865,346800000,346800000
0,3468,346800000,346800100,18865,18865,346900000,346900000
0,3469,346900000,346900100,18865,18865,347000000,347000000
0,3470,347000000,347000100,18865,18865,347100000,347100000
0,3471,347100000,347100100,18865,18865,347200000,347200000
0,3472,347200000,347200100,18865,18865,347300000,347300000
0,3473,347300000,347300100,18865,18865,347400000,347400000
0,3474,347400000,347400100,18865,18865,347500000,347500000
0,3475,347500000,347500100,18865,18865,347600000,347600000
0,3476,347600000,347600100,18865,18865,347700000,347700000
0,3477,347700000,347700100,18865,18865,347800000,347800000
0,3478,347800000,347800100,18865,18865,347900000,347900000
0,3479,347900000,347900100,18865,18865,348000000,348000000
0,3480,348000000,348000100,18865,18865,348100000,348100000
0,3481,348100000,348100100,18865,18865,348200000,348200000
0,3482,348200000,348200100,18865,18865,348300000,348300000
0,3483,348300000,348300100,18865,18865,348400000,348400000
0,3484,348400000,348400100,18865,18865,348500000,348500000
0,3485,348500000,348500100,18865,18865,348600000,348600000
0,3486,348600000,348600100,18865,18865,348700000,348700000
0,3487,348700000,348700100,18865,18865,348800000,348800000
0,3488,348800000,348800100,18865,18865,348900000,348900000
0,3489,348900000,348900100,18865,18865,349000000,349000000
0,3490,349000000,349000100,18865,18865,349100000,349100000
0,3491,349100000,349100100,18865,18865,349200000,349200000
0,3492,349200000,349200100,18865,18865,349300000,349300000
0,3493,349300000,349300100,18865,18865,349400000,349400000
0,3494,349400000,349400100,18865,18865,349500000,349500000
0,3495,349500000,349500100,18865,18865,349600000,349600000
0,3496,349600000,349600100,18865,18865,349700000,349700000
0,3497,349700000,349700100,18865,18865,349800000,349800000
0,3498,349800000,349800100,18865,18865,349900000,349900000
0,3499,349900000,349900100,18865,18865,350000000,350000000
0,3500,350000000,350000100,18865,18865,350100000,350100000
0,3501,350100000,350100100,18865,18865,350200000,350200000
0,3502,350200000,350200100,18865,18865,350300000,350300000
0,3503,350300000,350300100,18865,18865,350400000,350400000
0,3504,350400000,350400100,18865,18865,350500000,350500000
0,3505,350500000,350500100,18865,18865,350600000,350600000
0,3506,350600000,350600100,18865,18865,350700000,350700000
0,3507,350700000,350700100,18865,18865,350800000,350800000
0,3508,350800000,350800100,18865,18865,350900000,350900000
0,3509,350900000,350900100,18865,18865,351000000,351000000
0,3510,351000000,351000100,18865,18865,351100000,351100000
0,3511,351100000,351100100,18865,18865,351200000,351200000
0,3512,351200000,351200100,18865,18865,351300000,351300000
0,3513,351300000,351300100,18865,18865,351400000,351400000
0,3514,351400000,351400100,18865,18865,351500000,351500000
0,3515,351500000,351500100,18865,18865,351600000,351600000
0,3516,351600000,351600100,18865,18865,351700000,351700000
0,3517,351700000,351700100,18865,18865,351800000,351800000
0,3518,351800000,351800100,18865,18865,351900000,351900000
0,3519,351900000,351900100,18865,18865,352000000,352000000
0,3520,352000000,352000100,18865,18865,352100000,352100000
0,3521,352100000,352100100,18865,18865,352200000,352200000
0,3522,352200000,352200100,18865,18865,352300000,352300000
0,3523,352300000,352300100,18865,18865,352400000,352400000
0,3524,352400000,352400100,18865,18865,352500000,352500000
0,3525,352500000,352500100,18865,18865,352600000,352600000
0,3526,352600000,352600100,18865,18865,352700000,352700000
0,3527,352700000,352700100,18865,18865,352800000,352800000
0,3528,352800000,352800100,18865,18865,352900000,352900000
0,3529,352900000,352900100,18865,18865,353000000,353000000
0,3530,353000000,353000100,18865,18865,353100000,353100000
0,3531,353100000,353100100,18865,18865,353200000,353200000
0,3532,353200000,353200100,18865,18865,353300000,353300000
0,3533,353300000,353300100,18865,18865,353400000,353400000
0,3534,353400000,353400100,18865,18865,353500000,353500000
0,3535,353500000,353500100,18865,18865,353600000,353600000
0,3536,353600000,353600100,18865,18865,353700000,353700000
0,3537,353700000,353700100,18865,18865,353800000,353800000
0,3538,353800000,353800100,18865,18865,353900000,353900000
0,3539,353900000,353900100,18865,18865,354000000,354000000
0,3540,354000000,354000100,18865,18865,354100000,354100000
0,3541,354100000,354100100,18865,18865,354200000,354200000
0,3542,354200000,354200100,18865,18865,354300000,354300000
0,3543,354300000,354300100,18865,18865,354400000,354400000
0,3544,354400000,354400100,18865,18865,354500000,354500000
0,3545,354500000,354500100,18865,18865,354600000,354600000
0,3546,354600000,354600100,18865,18865,354700000,354700000
0,3547,354700000,354700100,18865,18865,354800000,354800000
0,3548,354800000,354800100,18865,18865,354900000,354900000
0,3549,354900000,354900100,18865,18865,355000000,355000000
0,3550,355000000,355000100,18865,18865,355100000,355100000
0,3551,355100000,355100100,18865,18865,355200000,355200000
0,3552,355200000,355200100,18865,18865,355300000,355300000
0,3553,355300000,355300100,18865,18865,355400000,355400000
0,3554,355400000,355400100,18865,18865,355500000,355500000
0,3555,355500000,355500100,18865,18865,355600000,355600000
0,3556,355600000,355600100,18865,18865,355700000,355700000
0,3557,355700000,355700100,18865,18865,355800000,355800000
0,3558,355800000,355800100,18865,18865,355900000,355900000
0,3559,355900000,355900100,18865,18865,356000000,356000000
0,3560,356000000,356000100,18865,18865,356100000,356100000
0,3561,356100000,356100100,18865,18865,356200000,356200000
0,3562,356200000,356200100,18865,18865,356300000,356300000
0,3563,356300000,356300100,18865,18865,356400000,356400000
0,3564,356400000,356400100,18865,18865,356500000,356500000
0,3565,356500000,356500100,18865,18865,356600000,356600000
0,3566,356600000,356600100,18865,18865,356700000,356700000
0,3567,356700000,356700100,18865,18865,356800000,356800000
0,3568,356800000,356800100,18865,18865,356900000,356900000
0,3569,356900000,356900100,18865,18865,357000000,357000000
0,3570,357000000,357000100,18865,18865,357100000,357100000
0,3571,357100000,357100100,18865,18865,357200000,357200000
0,3572,357200000,357200100,18865,18865,357300000,357300000
0,3573,357300000,357300100,18865,18865,357400000,357400000
0,3574,357400000,357400100,18865,18865,357500000,357500000
0,3575,357500000,357500100,18865,18865,357600000,357600000
0,3576,357600000,357600100,18865,18865,357700000,357700000
0,3577,357700000,357700100,18865,18865,357800000,357800000
0,3578,357800000,357800100,18865,18865,357900000,357900000
0,3579,357900000,357900100,18865,18865,358000000,358000000
0,3580,358000000,358000100,18865,18865,358100000,358100000
0,3581,358100000,358100100,18865,18865,358200000,358200000
0,3582,358200000,358200100,18865,18865,358300000,358300000
0,3583,358300000,358300100,18865,18865,358400000,358400000
0,3584,358400000,358400100,18865,18865,358500000,358500000
0,3585,358500000,358500100,18865,18865,358600000,358600000
0,3586,358600000,358600100,18865,18865,358700000,358700000
0,3587,358700000,358700100,18865,18865,358800000,358800000
0,3588,358800000,358800100,18865,18865,358900000,358900000
0,3589,358900000,358900100,18865,18865,359000000,359000000
0,3590,359000000,359000100,18865,18865,359100000,359100000
0,3591,359100000,359100100,18865,18865,359200000,359200000
0,3592,359200000,359200100,18865,18865,359300000,359300000
0,3593,359300000,359300100,18865,18865,359400000,359400000
0,3594,359400000,359400100,18865,18865,359500000,359500000
0,3595,359500000,359500100,18865,18865,359600000,359600000
0,3596,359600000,359600100,18865,18865,359700000,359700000
0,3597,359700000,359700100,18865,18865,359800000,359800000
0,3598,359800000,359800100,18865,18865,359900000,359900000
0,3599,359900000,359900100,18865,18865,360000000,360000000
0,3600,360000000,360000100,18865,18865,360100000,360100000
0,3601,360100000,360100100,18865,18865,360200000,360200000
0,3602,360200000,360200100,18865,18865,360300000,360300000
0,3603,360300000,360300100,18865,18865,360400000,360400000
0,3604,360400000,360400100,18865,18865,360500000,360500000
0,3605,360500000,360500100,18865,18865,360600000,360600000
0,3606,360600000,360600100,18865,18865,360700000,360700000
0,3607,360700000,360700100,18865,18865,360800000,360800000
0,3608,360800000,360800100,18865,18865,360900000,360900000
0,3609,360900000,360900100,18865,18865,361000000,361000000
0,3610,361000000,361000100,18865,18865,361100000,361100000
0,3611,361100000,361100100,18865,18865,361200000,361200000
0,3612,361200000,361200100,18865,18865,361300000,361300000
0,3613,361300000,361300100,18865,18865,361400000,361400000
0,3614,361400000,361400100,18865,18865,361500000,361500000
0,3615,361500000,361500100,18865,18865,361600000,361600000
0,3616,361600000,361600100,18865,18865,361700000,361700000
0,3617,361700000,361700100,18865,18865,361800000,361800000
0,3618,361800000,361800100,18865,18865,361900000,361900000
0,3619,361900000,361900100,18865,18865,362000000,362000000
0,3620,362000000,362000100,18865,18865,362100000,362100000
0,3621,362100000,362100100,18865,18865,362200000,362200000
0,3622,362200000,362200100,18865,18865,362300000,362300000
0,3623,362300000,362300100,18865,18865,362400000,362400000
0,3624,362400000,362400100,18865,18865,362500000,362500000
0,3625,362500000,362500100,18865,18865,362600000,362600000
0,3626,362600000,362600100,18865,18865,362700000,362700000
0,3627,362700000,362700100,18865,18865,362800000,362800000
0,3628,362800000,362800100,18865,18865,362900000,362900000
0,3629,362900000,362900100,18865,18865,363000000,363000000
0,3630,363000000,363000100,18865,18865,363100000,363100000
0,3631,363100000,363100100,18865,18865,363200000,363200000
0,3632,363200000,363200100,18865,18865,363300000,363300000
0,3633,363300000,363300100,18865,18865,363400000,363400000
0,3634,363400000,363400100,18865,18865,363500000,363500000
0,3635,363500000,363500100,18865,18865,363600000,363600000
0,3636,363600000,363600100,18865,18865,363700000,363700000
0,3637,363700000,363700100,18865,18865,363800000,363800000
0,3638,363800000,363800100,18865,18865,363900000,363900000
0,3639,363900000,363900100,18865,18865,364000000,364000000
0,3640,364000000,364000100,18865,18865,364100000,364100000
0,3641,364100000,364100100,18865,18865,364200000,364200000
0,3642,364200000,364200100,18865,18865,364300000,364300000
0,3643,364300000,364300100,18865,18865,364400000,364400000
0,3644,364400000,364400100,18865,18865,364500000,364500000
0,3645,364500000,364500100,18865,18865,364600000,364600000
0,3646,364600000,364600100,18865,18865,364700000,364700000
0,3647,364700000,364700100,18865,18865,364800000,364800000
0,3648,364800000,364800100,18865,18865,364900000,364900000
0,3649,364900000,364900100,18865,18865,365000000,365000000
0,3650,365000000,365000100,18865,18865,365100000,365100000
0,3651,365100000,365100100,18865,18865,365200000,365200000
0,3652,365200000,365200100,18865,18865,365300000,365300000
0,3653,365300000,365300100,18865,18865,365400000,365400000
0,3654,365400000,365400100,18865,18865,365500000,365500000
0,3655,365500000,365500100,18865,18865,365600000,365600000
0,3656,365600000,365600100,18865,18865,365700000,365700000
0,3657,365700000,365700100,18865,18865,365800000,365800000
0,3658,365800000,365800100,18865,18865,365900000,365900000
0,3659,365900000,365900100,18865,18865,366000000,366000000
0,3660,366000000,366000100,18865,18865,366100000,366100000
0,3661,366100000,366100100,18865,18865,366200000,366200000
0,3662,366200000,366200100,18865,18865,366300000,366300000
0,3663,366300000,366300100,18865,18865,366400000,366400000
0,3664,366400000,366400100,18865,18865,366500000,366500000
0,3665,366500000,366500100,18865,18865,366600000,366600000
0,3666,366600000,366600100,18865,18865,366700000,366700000
0,3667,366700000,366700100,18865,18865,366800000,366800000
0,3668,366800000,366800100,18865,18865,366900000,366900000
0,3669,366900000,366900100,18865,18865,367000000,367000000
0,3670,367000000,367000100,18865,18865,367100000,367100000
0,3671,367100000,367100100,18865,18865,367200000,367200000
0,3672,367200000,367200100,18865,18865,367300000,367300000
0,3673,367300000,367300100,18865,18865,367400000,367400000
0,3674,367400000,367400100,18865,18865,367500000,367500000
0,3675,367500000,367500100,18865,18865,367600000,367600000
0,3676,367600000,367600100,18865,18865,367700000,367700000
0,3677,367700000,367700100,18865,18865,367800000,367800000
0,3678,367800000,367800100,18865,18865,367900000,367900000
0,3679,367900000,367900100,18865,18865,368000000,368000000
0,3680,368000000,368000100,18865,18865,368100000,368100000
0,3681,368100000,368100100,18865,18865,368200000,368200000
0,3682,368200000,368200100,18865,18865,368300000,368300000
0,3683,368300000,368300100,18865,18865,368400000,368400000
0,3684,368400000,368400100,18865,18865,368500000,368500000
0,3685,368500000,368500100,18865,18865,368600000,368600000
0,3686,368600000,368600100,18865,18865,368700000,368700000
0,3687,368700000,368700100,18865,18865,368800000,368800000
0,3688,368800000,368800100,18865,18865,368900000,368900000
0,3689,368900000,368900100,18865,18865,369000000,369000000
0,3690,369000000,369000100,18865,18865,369100000,369100000
0,3691,369100000,369100100,18865,18865,369200000,369200000
0,3692,369200000,369200100,18865,18865,369300000,369300000
0,3693,369300000,369300100,18865,18865,369400000,369400000
0,3694,369400000,369400100,18865,18865,369500000,369500000
0,3695,369500000,369500100,18865,18865,369600000,369600000
0,3696,369600000,369600100,18865,18865,369700000,369700000
0,3697,369700000,369700100,18865,18865,369800000,369800000
0,3698,369800000,369800100,18865,18865,369900000,369900000
0,3699,369900000,369900100,18865,18865,370000000,370000000
0,3700,370000000,370000100,18865,18865,370100000,370100000
0,3701,370100000,370100100,18865,18865,370200000,370200000
0,3702,370200000,370200100,18865,18865,370300000,370300000
0,3703,370300000,370300100,18865,18865,370400000,370400000
0,3704,370400000,370400100,18865,18865,370500000,370500000
0,3705,370500000,370500100,18865,18865,370600000,370600000
0,3706,370600000,370600100,18865,18865,370700000,370700000
0,3707,370700000,370700100,18865,18865,370800000,370800000
0,3708,370800000,370800100,18865,18865,370900000,370900000
0,3709,370900000,370900100,18865,18865,371000000,371000000
0,3710,371000000,371000100,18865,18865,371100000,371100000
0,3711,371100000,371100100,18865,18865,371200000,371200000
0,3712,371200000,371200100,18865,18865,371300000,371300000
0,3713,371300000,371300100,18865,18865,371400000,371400000
0,3714,371400000,371400100,18865,18865,371500000,371500000
0,3715,371500000,371500100,18865,18865,371600000,371600000
0,3716,371600000,371600100,18865,18865,371700000,371700000
0,3717,371700000,371700100,18865,18865,371800000,371800000
0,3718,371800000,371800100,18865,18865,371900000,371900000
0,3719,371900000,371900100,18865,18865,372000000,372000000
0,3720,372000000,372000100,18865,18865,372100000,372100000
0,3721,372100000,372100100,18865,18865,372200000,372200000
0,3722,372200000,372200100,18865,18865,372300000,372300000
0,3723,372300000,372300100,18865,18865,372400000,372400000
0,3724,372400000,372400100,18865,18865,372500000,372500000
0,3725,372500000,372500100,18865,18865,372600000,372600000
0,3726,372600000,372600100,18865,18865,372700000,372700000
0,3727,372700000,372700100,18865,18865,372800000,372800000
0,3728,372800000,372800100,18865,18865,372900000,372900000
0,3729,372900000,372900100,18865,18865,373000000,373000000
0,3730,373000000,373000100,18865,18865,373100000,373100000
0,3731,373100000,373100100,18865,18865,373200000,373200000
0,3732,373200000,373200100,18865,18865,373300000,373300000
0,3733,373300000,373300100,18865,18865,373400000,373400000
0,3734,373400000,373400100,18865,18865,373500000,373500000
0,3735,373500000,373500100,18865,18865,373600000,373600000
0,3736,373600000,373600100,18865,18865,373700000,373700000
0,3737,373700000,373700100,18865,18865,373800000,373800000
0,3738,373800000,373800100,18865,18865,373900000,373900000
0,3739,373900000,373900100,18865,18865,374000000,374000000
0,3740,374000000,374000100,18865,18865,374100000,374100000
0,3741,374100000,374100100,18865,18865,374200000,374200000
0,3742,374200000,374200100,18865,18865,374300000,374300000
0,3743,374300000,374300100,18865,18865,374400000,374400000
0,3744,374400000,374400100,18865,18865,374500000,374500000
0,3745,374500000,374500100,18865,18865,374600000,374600000
0,3746,374600000,374600100,18865,18865,374700000,374700000
0,3747,374700000,374700100,18865,18865,374800000,374800000
0,3748,374800000,374800100,18865,18865,374900000,374900000
0,3749,374900000,374900100,18865,18865,375000000,375000000
0,3750,375000000,375000100,18865,18865,375100000,375100000
0,3751,375100000,375100100,18865,18865,375200000,375200000
0,3752,375200000,375200100,18865,18865,375300000,375300000
0,3753,375300000,375300100,18865,18865,375400000,375400000
0,3754,375400000,375400100,18865,18865,375500000,375500000
0,3755,375500000,375500100,18865,18865,375600000,375600000
0,3756,375600000,375600100,18865,18865,375700000,375700000
0,3757,375700000,375700100,18865,18865,375800000,375800000
0,3758,375800000,375800100,18865,18865,375900000,375900000
0,3759,375900000,375900100,18865,18865,376000000,376000000
0,3760,376000000,376000100,18865,18865,376100000,376100000
0,3761,376100000,376100100,18865,18865,376200000,376200000
0,3762,376200000,376200100,18865,18865,376300000,376300000
0,3763,376300000,376300100,18865,18865,376400000,376400000
0,3764,376400000,376400100,18865,18865,376500000,376500000
0,3765,376500000,376500100,18865,18865,376600000,376600000
0,3766,376600000,376600100,18865,18865,376700000,376700000
0,3767,376700000,376700100,18865,18865,376800000,376800000
0,3768,376800000,376800100,18865,18865,376900000,376900000
0,3769,376900000,376900100,18865,18865,377000000,377000000
0,3770,377000000,377000100,18865,18865,377100000,377100000
0,3771,377100000,377100100,18865,18865,377200000,377200000
0,3772,377200000,377200100,18865,18865,377300000,377300000
0,3773,377300000,377300100,18865,18865,377400000,377400000
0,3774,377400000,377400100,18865,18865,377500000,377500000
0,3775,377500000,377500100,18865,18865,377600000,377600000
0,3776,377600000,377600100,18865,18865,377700000,377700000
0,3777,377700000,377700100,18865,18865,377800000,377800000
0,3778,377800000,377800100,18865,18865,377900000,377900000
0,3779,377900000,377900100,18865,18865,378000000,378000000
0,3780,378000000,378000100,18865,18865,378100000,378100000
0,3781,378100000,378100100,18865,18865,378200000,378200000
0,3782,378200000,378200100,18865,18865,378300000,378300000
0,3783,378300000,378300100,18865,18865,378400000,378400000
0,3784,378400000,378400100,18865,18865,378500000,378500000
0,3785,378500000,378500100,18865,18865,378600000,378600000
0,3786,378600000,378600100,18865,18865,378700000,378700000
0,3787,378700000,378700100,18865,18865,378800000,378800000
0,3788,378800000,378800100,18865,18865,378900000,378900000
0,3789,378900000,378900100,18865,18865,379000000,379000000
0,3790,379000000,379000100,18865,18865,379100000,379100000
0,3791,379100000,379100100,18865,18865,379200000,379200000
0,3792,379200000,379200100,18865,18865,379300000,379300000
0,3793,379300000,379300100,18865,18865,379400000,379400000
0,3794,379400000,379400100,18865,18865,379500000,379500000
0,3795,379500000,379500100,18865,18865,379600000,379600000
0,3796,379600000,379600100,18865,18865,379700000,379700000
0,3797,379700000,379700100,18865,18865,379800000,379800000
0,3798,379800000,379800100,18865,18865,379900000,379900000
0,3799,379900000,379900100,18865,18865,380000000,380000000
0,3800,380000000,380000100,18865,18865,380100000,380100000
0,3801,380100000,380100100,18865,18865,380200000,380200000
0,3802,380200000,380200100,18865,18865,380300000,380300000
0,3803,380300000,380300100,18865,18865,380400000,380400000
0,3804,380400000,380400100,18865,18865,380500000,380500000
0,3805,380500000,380500100,18865,18865,380600000,380600000
0,3806,380600000,380600100,18865,18865,380700000,380700000
0,3807,380700000,380700100,18865,18865,380800000,380800000
0,3808,380800000,380800100,18865,18865,380900000,380900000
0,3809,380900000,380900100,18865,18865,381000000,381000000
0,3810,381000000,381000100,18865,18865,381100000,381100000
0,3811,381100000,381100100,18865,18865,381200000,381200000
0,3812,381200000,381200100,18865,18865,381300000,381300000
0,3813,381300000,381300100,18865,18865,381400000,381400000
0,3814,381400000,381400100,18865,18865,381500000,381500000
0,3815,381500000,381500100,18865,18865,381600000,381600000
0,3816,381600000,381600100,18865,18865,381700000,381700000
0,3817,381700000,381700100,18865,18865,381800000,381800000
0,3818,381800000,381800100,18865,18865,381900000,381900000
0,3819,381900000,381900100,18865,18865,382000000,382000000
0,3820,382000000,382000100,18865,18865,382100000,382100000
0,3821,382100000,382100100,18865,18865,382200000,382200000
0,3822,382200000,382200100,18865,18865,382300000,382300000
0,3823,382300000,382300100,18865,18865,382400000,382400000
0,3824,382400000,382400100,18865,18865,382500000,382500000
0,3825,382500000,382500100,18865,18865,382600000,382600000
0,3826,382600000,382600100,18865,18865,382700000,382700000
0,3827,382700000,382700100,18865,18865,382800000,382800000
0,3828,382800000,382800100,18865,18865,382900000,382900000
0,3829,382900000,382900100,18865,18865,383000000,383000000
0,3830,383000000,383000100,18865,18865,383100000,383100000
0,3831,383100000,383100100,18865,18865,383200000,383200000
0,3832,383200000,383200100,18865,18865,383300000,383300000
0,3833,383300000,383300100,18865,18865,383400000,383400000
0,3834,383400000,383400100,18865,18865,383500000,383500000
0,3835,383500000,383500100,18865,18865,383600000,383600000
0,3836,383600000,383600100,18865,18865,383700000,383700000
0,3837,383700000,383700100,18865,18865,383800000,383800000
0,3838,383800000,383800100,18865,18865,383900000,383900000
0,3839,383900000,383900100,18865,18865,384000000,384000000
0,3840,384000000,384000100,18865,18865,384100000,384100000
0,3841,384100000,384100100,18865,18865,384200000,384200000
0,3842,384200000,384200100,18865,18865,384300000,384300000
0,3843,384300000,384300100,18865,18865,384400000,384400000
0,3844,384400000,384400100,18865,18865,384500000,384500000
0,3845,384500000,384500100,18865,18865,384600000,384600000
0,3846,384600000,384600100,18865,18865,384700000,384700000
0,3847,384700000,384700100,18865,18865,384800000,384800000
0,3848,384800000,384800100,18865,18865,384900000,384900000
0,3849,384900000,384900100,18865,18865,385000000,385000000
0,3850,385000000,385000100,18865,18865,385100000,385100000
0,3851,385100000,385100100,18865,18865,385200000,385200000
0,3852,385200000,385200100,18865,18865,385300000,385300000
0,3853,385300000,385300100,18865,18865,385400000,385400000
0,3854,385400000,385400100,18865,18865,385500000,385500000
0,3855,385500000,385500100,18865,18865,385600000,385600000
0,3856,385600000,385600100,18865,18865,385700000,385700000
0,3857,385700000,385700100,18865,18865,385800000,385800000
0,3858,385800000,385800100,18865,18865,385900000,385900000
0,3859,385900000,385900100,18865,18865,386000000,386000000
0,3860,386000000,386000100,18865,18865,386100000,386100000
0,3861,386100000,386100100,18865,18865,386200000,386200000
0,3862,386200000,386200100,18865,18865,386300000,386300000
0,3863,386300000,386300100,18865,18865,386400000,386400000
0,3864,386400000,386400100,18865,18865,386500000,386500000
0,3865,386500000,386500100,18865,18865,386600000,386600000
0,3866,386600000,386600100,18865,18865,386700000,386700000
0,3867,386700000,386700100,18865,18865,386800000,386800000
0,3868,386800000,386800100,18865,18865,386900000,386900000
0,3869,386900000,386900100,18865,18865,387000000,387000000
0,3870,387000000,387000100,18865,18865,387100000,387100000
0,3871,387100000,387100100,18865,18865,387200000,387200000
0,3872,387200000,387200100,18865,18865,387300000,387300000
0,3873,387300000,387300100,18865,18865,387400000,387400000
0,3874,387400000,387400100,18865,18865,387500000,387500000
0,3875,387500000,387500100,18865,18865,387600000,387600000
0,3876,387600000,387600100,18865,18865,387700000,387700000
0,3877,387700000,387700100,18865,18865,387800000,387800000
0,3878,387800000,387800100,18865,18865,387900000,387900000
0,3879,387900000,387900100,18865,18865,388000000,388000000
0,3880,388000000,388000100,18865,18865,388100000,388100000
0,3881,388100000,388100100,18865,18865,388200000,388200000
0,3882,388200000,388200100,18865,18865,388300000,388300000
0,3883,388300000,388300100,18865,18865,388400000,388400000
0,3884,388400000,388400100,18865,18865,388500000,388500000
0,3885,388500000,388500100,18865,18865,388600000,388600000
0,3886,388600000,388600100,18865,18865,388700000,388700000
0,3887,388700000,388700100,18865,18865,388800000,388800000
0,3888,388800000,388800100,18865,18865,388900000,388900000
0,3889,388900000,388900100,18865,18865,389000000,389000000
0,3890,389000000,389000100,18865,18865,389100000,389100000
0,3891,389100000,389100100,18865,18865,389200000,389200000
0,3892,389200000,389200100,18865,18865,389300000,389300000
0,3893,389300000,389300100,18865,18865,389400000,389400000
0,3894,389400000,389400100,18865,18865,389500000,389500000
0,3895,389500000,389500100,18865,18865,389600000,389600000
0,3896,389600000,389600100,18865,18865,389700000,389700000
0,3897,389700000,389700100,18865,18865,389800000,389800000
0,3898,389800000,389800100,18865,18865,389900000,389900000
0,3899,389900000,389900100,18865,18865,390000000,390000000
0,3900,390000000,390000100,18865,18865,390100000,390100000
0,3901,390100000,390100100,18865,18865,390200000,390200000
0,3902,390200000,390200100,18865,18865,390300000,390300000
0,3903,390300000,390300100,18865,18865,390400000,390400000
0,3904,390400000,390400100,18865,18865,390500000,390500000
0,3905,390500000,390500100,18865,18865,390600000,390600000
0,3906,390600000,390600100,18865,18865,390700000,390700000
0,3907,390700000,390700100,18865,18865,390800000,390800000
0,3908,390800000,390800100,18865,18865,390900000,390900000
0,3909,390900000,390900100,18865,18865,391000000,391000000
0,3910,391000000,391000100,18865,18865,391100000,391100000
0,3911,391100000,391100100,18865,18865,391200000,391200000
0,3912,391200000,391200100,18865,18865,391300000,391300000
0,3913,391300000,391300100,18865,18865,391400000,391400000
0,3914,391400000,391400100,18865,18865,391500000,391500000
0,3915,391500000,391500100,18865,18865,391600000,391600000
0,3916,391600000,391600100,18865,18865,391700000,391700000
0,3917,391700000,391700100,18865,18865,391800000,391800000
0,3918,391800000,391800100,18865,18865,391900000,391900000
0,3919,391900000,391900100,18865,18865,392000000,392000000
0,3920,392000000,392000100,18865,18865,392100000,392100000
0,3921,392100000,392100100,18865,18865,392200000,392200000
0,3922,392200000,392200100,18865,18865,392300000,392300000
0,3923,392300000,392300100,18865,18865,392400000,392400000
0,3924,392400000,392400100,18865,18865,392500000,392500000
0,3925,392500000,392500100,18865,18865,392600000,392600000
0,3926,392600000,392600100,18865,18865,392700000,392700000
0,3927,392700000,392700100,18865,18865,392800000,392800000
0,3928,392800000,392800100,18865,18865,392900000,392900000
0,3929,392900000,392900100,18865,18865,393000000,393000000
0,3930,393000000,393000100,18865,18865,393100000,393100000
0,3931,393100000,393100100,18865,18865,393200000,393200000
0,3932,393200000,393200100,18865,18865,393300000,393300000
0,3933,393300000,393300100,18865,18865,393400000,393400000
0,3934,393400000,393400100,18865,18865,393500000,393500000
0,3935,393500000,393500100,18865,18865,393600000,393600000
0,3936,393600000,393600100,18865,18865,393700000,393700000
0,3937,393700000,393700100,18865,18865,393800000,393800000
0,3938,393800000,393800100,18865,18865,393900000,393900000
0,3939,393900000,393900100,18865,18865,394000000,394000000
0,3940,394000000,394000100,18865,18865,394100000,394100000
0,3941,394100000,394100100,18865,18865,394200000,394200000
0,3942,394200000,394200100,18865,18865,394300000,394300000
0,3943,394300000,394300100,18865,18865,394400000,394400000
0,3944,394400000,394400100,18865,18865,394500000,394500000
0,3945,394500000,394500100,18865,18865,394600000,394600000
0,3946,394600000,394600100,18865,18865,394700000,394700000
0,3947,394700000,394700100,18865,18865,394800000,394800000
0,3948,394800000,394800100,18865,18865,394900000,394900000
0,3949,394900000,394900100,18865,18865,395000000,395000000
0,3950,395000000,395000100,18865,18865,395100000,395100000
0,3951,395100000,395100100,18865,18865,395200000,395200000
0,3952,395200000,395200100,18865,18865,395300000,395300000
0,3953,395300000,395300100,18865,18865,395400000,395400000
0,3954,395400000,395400100,18865,18865,395500000,395500000
0,3955,395500000,395500100,18865,18865,395600000,395600000
0,3956,395600000,395600100,18865,18865,395700000,395700000
0,3957,395700000,395700100,18865,18865,395800000,395800000
0,3958,395800000,395800100,18865,18865,395900000,395900000
0,3959,395900000,395900100,18865,18865,396000000,396000000
0,3960,396000000,396000100,18865,18865,396100000,396100000
0,3961,396100000,396100100,18865,18865,396200000,396200000
0,3962,396200000,396200100,18865,18865,396300000,396300000
0,3963,396300000,396300100,18865,18865,396400000,396400000
0,3964,396400000,396400100,18865,18865,396500000,396500000
0,3965,396500000,396500100,18865,18865,396600000,396600000
0,3966,396600000,396600100,18865,18865,396700000,396700000
0,3967,396700000,396700100,18865,18865,396800000,396800000
0,3968,396800000,396800100,18865,18865,396900000,396900000
0,3969,396900000,396900100,18865,18865,397000000,397000000
0,3970,397000000,397000100,18865,18865,397100000,397100000
0,3971,397100000,397100100,18865,18865,397200000,397200000
0,3972,397200000,397200100,18865,18865,397300000,397300000
0,3973,397300000,397300100,18865,18865,397400000,397400000
0,3974,397400000,397400100,18865,18865,397500000,397500000
0,3975,397500000,397500100,18865,18865,397600000,397600000
0,3976,397600000,397600100,18865,18865,397700000,397700000
0,3977,397700000,397700100,18865,18865,397800000,397800000
0,3978,397800000,397800100,18865,18865,397900000,397900000
0,3979,397900000,397900100,18865,18865,398000000,398000000
0,3980,398000000,398000100,18865,18865,398100000,398100000
0,3981,398100000,398100100,18865,18865,398200000,398200000
0,3982,398200000,398200100,18865,18865,398300000,398300000
0,3983,398300000,398300100,18865,18865,398400000,398400000
0,3984,398400000,398400100,18865,18865,398500000,398500000
0,3985,398500000,398500100,18865,18865,398600000,398600000
0,3986,398600000,398600100,18865,18865,398700000,398700000
0,3987,398700000,398700100,18865,18865,398800000,398800000
0,3988,398800000,398800100,18865,18865,398900000,398900000
0,3989,398900000,398900100,18865,18865,399000000,399000000
0,3990,399000000,399000100,18865,18865,399100000,399100000
0,3991,399100000,399100100,18865,18865,399200000,399200000
0,3992,399200000,399200100,18865,18865,399300000,399300000
0,3993,399300000,399300100,18865,18865,399400000,399400000
0,3994,399400000,399400100,18865,18865,399500000,399500000
0,3995,399500000,399500100,18865,18865,399600000,399600000
0,3996,399600000,399600100,18865,18865,399700000,399700000
0,3997,399700000,399700100,18865,18865,399800000,399800000
0,3998,399800000,399800100,18865,18865,399900000,399900000
0,3999,399900000,399900100,18865,18865,400000000,400000000
0,4000,400000000,400000100,18865,18865,400100000,400100000
0,4001,400100000,400100100,18865,18865,400200000,400200000
0,4002,400200000,400200100,18865,18865,400300000,400300000
0,4003,400300000,400300100,18865,18865,400400000,400400000
0,4004,400400000,400400100,18865,18865,400500000,400500000
0,4005,400500000,400500100,18865,18865,400600000,400600000
0,4006,400600000,400600100,18865,18865,400700000,400700000
0,4007,400700000,400700100,18865,18865,400800000,400800000
0,4008,400800000,400800100,18865,18865,400900000,400900000
0,4009,400900000,400900100,18865,18865,401000000,401000000
0,4010,401000000,401000100,18865,18865,401100000,401100000
0,4011,401100000,401100100,18865,18865,401200000,401200000
0,4012,401200000,401200100,18865,18865,401300000,401300000
0,4013,401300000,401300100,18865,18865,401400000,401400000
0,4014,401400000,401400100,18865,18865,401500000,401500000
0,4015,401500000,401500100,18865,18865,401600000,401600000
0,4016,401600000,401600100,18865,18865,401700000,401700000
0,4017,401700000,401700100,18865,18865,401800000,401800000
0,4018,401800000,401800100,18865,18865,401900000,401900000
0,4019,401900000,401900100,18865,18865,402000000,402000000
0,4020,402000000,402000100,18865,18865,402100000,402100000
0,4021,402100000,402100100,18865,18865,402200000,402200000
0,4022,402200000,402200100,18865,18865,402300000,402300000
0,4023,402300000,402300100,18865,18865,402400000,402400000
0,4024,402400000,402400100,18865,18865,402500000,402500000
0,4025,402500000,402500100,18865,18865,402600000,402600000
0,4026,402600000,402600100,18865,18865,402700000,402700000
0,4027,402700000,402700100,18865,18865,402800000,402800000
0,4028,402800000,402800100,18865,18865,402900000,402900000
0,4029,402900000,402900100,18865,18865,403000000,403000000
0,4030,403000000,403000100,18865,18865,403100000,403100000
0,4031,403100000,403100100,18865,18865,403200000,403200000
0,4032,403200000,403200100,18865,18865,403300000,403300000
0,4033,403300000,403300100,18865,18865,403400000,403400000
0,4034,403400000,403400100,18865,18865,403500000,403500000
0,4035,403500000,403500100,18865,18865,403600000,403600000
0,4036,403600000,403600100,18865,18865,403700000,403700000
0,4037,403700000,403700100,18865,18865,403800000,403800000
0,4038,403800000,403800100,18865,18865,403900000,403900000
0,4039,403900000,403900100,18865,18865,404000000,404000000
0,4040,404000000,404000100,18865,18865,404100000,404100000
0,4041,404100000,404100100,18865,18865,404200000,404200000
0,4042,404200000,404200100,18865,18865,404300000,404300000
0,4043,404300000,404300100,18865,18865,404400000,404400000
0,4044,404400000,404400100,18865,18865,404500000,404500000
0,4045,404500000,404500100,18865,18865,404600000,404600000
0,4046,404600000,404600100,18865,18865,404700000,404700000
0,4047,404700000,404700100,18865,18865,404800000,404800000
0,4048,404800000,404800100,18865,18865,404900000,404900000
0,4049,404900000,404900100,18865,18865,405000000,405000000
0,4050,405000000,405000100,18865,18865,405100000,405100000
0,4051,405100000,405100100,18865,18865,405200000,405200000
0,4052,405200000,405200100,18865,18865,405300000,405300000
0,4053,405300000,405300100,18865,18865,405400000,405400000
0,4054,405400000,405400100,18865,18865,405500000,405500000
0,4055,405500000,405500100,18865,18865,405600000,405600000
0,4056,405600000,405600100,18865,18865,405700000,405700000
0,4057,405700000,405700100,18865,18865,405800000,405800000
0,4058,405800000,405800100,18865,18865,405900000,405900000
0,4059,405900000,405900100,18865,18865,406000000,406000000
0,4060,406000000,406000100,18865,18865,406100000,406100000
0,4061,406100000,406100100,18865,18865,406200000,406200000
0,4062,406200000,406200100,18865,18865,406300000,406300000
0,4063,406300000,406300100,18865,18865,406400000,406400000
0,4064,406400000,406400100,18865,18865,406500000,406500000
0,4065,406500000,406500100,18865,18865,406600000,406600000
0,4066,406600000,406600100,18865,18865,406700000,406700000
0,4067,406700000,406700100,18865,18865,406800000,406800000
0,4068,406800000,406800100,18865,18865,406900000,406900000
0,4069,406900000,406900100,18865,18865,407000000,407000000
0,4070,407000000,407000100,18865,18865,407100000,407100000
0,4071,407100000,407100100,18865,18865,407200000,407200000
0,4072,407200000,407200100,18865,18865,407300000,407300000
0,4073,407300000,407300100,18865,18865,407400000,407400000
0,4074,407400000,407400100,18865,18865,407500000,407500000
0,4075,407500000,407500100,18865,18865,407600000,407600000
0,4076,407600000,407600100,18865,18865,407700000,407700000
0,4077,407700000,407700100,18865,18865,407800000,407800000
0,4078,407800000,407800100,18865,18865,407900000,407900000
0,4079,407900000,407900100,18865,18865,408000000,408000000
0,4080,408000000,408000100,18865,18865,408100000,408100000
0,4081,408100000,408100100,18865,18865,408200000,408200000
0,4082,408200000,408200100,18865,18865,408300000,408300000
0,4083,408300000,408300100,18865,18865,408400000,408400000
0,4084,408400000,408400100,18865,18865,408500000,408500000
0,4085,408500000,408500100,18865,18865,408600000,408600000
0,4086,408600000,408600100,18865,18865,408700000,408700000
0,4087,408700000,408700100,18865,18865,408800000,408800000
0,4088,408800000,408800100,18865,18865,408900000,408900000
0,4089,408900000,408900100,18865,18865,409000000,409000000
0,4090,409000000,409000100,18865,18865,409100000,409100000
0,4091,409100000,409100100,18865,18865,409200000,409200000
0,4092,409200000,409200100,18865,18865,409300000,409300000
0,4093,409300000,409300100,18865,18865,409400000,409400000
0,4094,409400000,409400100,18865,18865,409500000,409500000
0,4095,409500000,409500100,18865,18865,409600000,409600000
0,4096,409600000,409600100,18865,18865,409700000,409700000
0,4097,409700000,409700100,18865,18865,409800000,409800000
0,4098,409800000,409800100,18865,18865,409900000,409900000
0,4099,409900000,409900100,18865,18865,410000000,410000000
0,4100,410000000,410000100,18865,18865,410100000,410100000
0,4101,410100000,410100100,18865,18865,410200000,410200000
0,4102,410200000,410200100,18865,18865,410300000,410300000
0,4103,410300000,410300100,18865,18865,410400000,410400000
0,4104,410400000,410400100,18865,18865,410500000,410500000
0,4105,410500000,410500100,18865,18865,410600000,410600000
0,4106,410600000,410600100,18865,18865,410700000,410700000
0,4107,410700000,410700100,18865,18865,410800000,410800000
0,4108,410800000,410800100,18865,18865,410900000,410900000
0,4109,410900000,410900100,18865,18865,411000000,411000000
0,4110,411000000,411000100,18865,18865,411100000,411100000
0,4111,411100000,411100100,18865,18865,411200000,411200000
0,4112,411200000,411200100,18865,18865,411300000,411300000
0,4113,411300000,411300100,18865,18865,411400000,411400000
0,4114,411400000,411400100,18865,18865,411500000,411500000
0,4115,411500000,411500100,18865,18865,411600000,411600000
0,4116,411600000,411600100,18865,18865,411700000,411700000
0,4117,411700000,411700100,18865,18865,411800000,411800000
0,4118,411800000,411800100,18865,18865,411900000,411900000
0,4119,411900000,411900100,18865,18865,412000000,412000000
0,4120,412000000,412000100,18865,18865,412100000,412100000
0,4121,412100000,412100100,18865,18865,412200000,412200000
0,4122,412200000,412200100,18865,18865,412300000,412300000
0,4123,412300000,412300100,18865,18865,412400000,412400000
0,4124,412400000,412400100,18865,18865,412500000,412500000
0,4125,412500000,412500100,18865,18865,412600000,412600000
0,4126,412600000,412600100,18865,18865,412700000,412700000
0,4127,412700000,412700100,18865,18865,412800000,412800000
0,4128,412800000,412800100,18865,18865,412900000,412900000
0,4129,412900000,412900100,18865,18865,413000000,413000000
0,4130,413000000,413000100,18865,18865,413100000,413100000
0,4131,413100000,413100100,18865,18865,413200000,413200000
0,4132,413200000,413200100,18865,18865,413300000,413300000
0,4133,413300000,413300100,18865,18865,413400000,413400000
0,4134,413400000,413400100,18865,18865,413500000,413500000
0,4135,413500000,413500100,18865,18865,413600000,413600000
0,4136,413600000,413600100,18865,18865,413700000,413700000
0,4137,413700000,413700100,18865,18865,413800000,413800000
0,4138,413800000,413800100,18865,18865,413900000,413900000
0,4139,413900000,413900100,18865,18865,414000000,414000000
0,4140,414000000,414000100,18865,18865,414100000,414100000
0,4141,414100000,414100100,18865,18865,414200000,414200000
0,4142,414200000,414200100,18865,18865,414300000,414300000
0,4143,414300000,414300100,18865,18865,414400000,414400000
0,4144,414400000,414400100,18865,18865,414500000,414500000
0,4145,414500000,414500100,18865,18865,414600000,414600000
0,4146,414600000,414600100,18865,18865,414700000,414700000
0,4147,414700000,414700100,18865,18865,414800000,414800000
0,4148,414800000,414800100,18865,18865,414900000,414900000
0,4149,414900000,414900100,18865,18865,415000000,415000000
0,4150,415000000,415000100,18865,18865,415100000,415100000
0,4151,415100000,415100100,18865,18865,415200000,415200000
0,4152,415200000,415200100,18865,18865,415300000,415300000
0,4153,415300000,415300100,18865,18865,415400000,415400000
0,4154,415400000,415400100,18865,18865,415500000,415500000
0,4155,415500000,415500100,18865,18865,415600000,415600000
0,4156,415600000,415600100,18865,18865,415700000,415700000
0,4157,415700000,415700100,18865,18865,415800000,415800000
0,4158,415800000,415800100,18865,18865,415900000,415900000
0,4159,415900000,415900100,18865,18865,416000000,416000000
0,4160,416000000,416000100,18865,18865,416100000,416100000
0,4161,416100000,416100100,18865,18865,416200000,416200000
0,4162,416200000,416200100,18865,18865,416300000,416300000
0,4163,416300000,416300100,18865,18865,416400000,416400000
0,4164,416400000,416400100,18865,18865,416500000,416500000
0,4165,416500000,416500100,18865,18865,416600000,416600000
0,4166,416600000,416600100,18865,18865,416700000,416700000
0,4167,416700000,416700100,18865,18865,416800000,416800000
0,4168,416800000,416800100,18865,18865,416900000,416900000
0,4169,416900000,416900100,18865,18865,417000000,417000000
0,4170,417000000,417000100,18865,18865,417100000,417100000
0,4171,417100000,417100100,18865,18865,417200000,417200000
0,4172,417200000,417200100,18865,18865,417300000,417300000
0,4173,417300000,417300100,18865,18865,417400000,417400000
0,4174,417400000,417400100,18865,18865,417500000,417500000
0,4175,417500000,417500100,18865,18865,417600000,417600000
0,4176,417600000,417600100,18865,18865,417700000,417700000
0,4177,417700000,417700100,18865,18865,417800000,417800000
0,4178,417800000,417800100,18865,18865,417900000,417900000
0,4179,417900000,417900100,18865,18865,418000000,418000000
0,4180,418000000,418000100,18865,18865,418100000,418100000
0,4181,418100000,418100100,18865,18865,418200000,418200000
0,4182,418200000,418200100,18865,18865,418300000,418300000
0,4183,418300000,418300100,18865,18865,418400000,418400000
0,4184,418400000,418400100,18865,18865,418500000,418500000
0,4185,418500000,418500100,18865,18865,418600000,418600000
0,4186,418600000,418600100,18865,18865,418700000,418700000
0,4187,418700000,418700100,18865,18865,418800000,418800000
0,4188,418800000,418800100,18865,18865,418900000,418900000
0,4189,418900000,418900100,18865,18865,419000000,419000000
0,4190,419000000,419000100,18865,18865,419100000,419100000
0,4191,419100000,419100100,18865,18865,419200000,419200000
0,4192,419200000,419200100,18865,18865,419300000,419300000
0,4193,419300000,419300100,18865,18865,419400000,419400000
0,4194,419400000,419400100,18865,18865,419500000,419500000
0,4195,419500000,419500100,18865,18865,419600000,419600000
0,4196,419600000,419600100,18865,18865,419700000,419700000
0,4197,419700000,419700100,18865,18865,419800000,419800000
0,4198,419800000,419800100,18865,18865,419900000,419900000
0,4199,419900000,419900100,18865,18865,420000000,420000000
0,4200,420000000,420000100,18865,18865,420100000,420100000
0,4201,420100000,420100100,18865,18865,420200000,420200000
0,4202,420200000,420200100,18865,18865,420300000,420300000
0,4203,420300000,420300100,18865,18865,420400000,420400000
0,4204,420400000,420400100,18865,18865,420500000,420500000
0,4205,420500000,420500100,18865,18865,420600000,420600000
0,4206,420600000,420600100,18865,18865,420700000,420700000
0,4207,420700000,420700100,18865,18865,420800000,420800000
0,4208,420800000,420800100,18865,18865,420900000,420900000
0,4209,420900000,420900100,18865,18865,421000000,421000000
0,4210,421000000,421000100,18865,18865,421100000,421100000
0,4211,421100000,421100100,18865,18865,421200000,421200000
0,4212,421200000,421200100,18865,18865,421300000,421300000
0,4213,421300000,421300100,18865,18865,421400000,421400000
0,4214,421400000,421400100,18865,18865,421500000,421500000
0,4215,421500000,421500100,18865,18865,421600000,421600000
0,4216,421600000,421600100,18865,18865,421700000,421700000
0,4217,421700000,421700100,18865,18865,421800000,421800000
0,4218,421800000,421800100,18865,18865,421900000,421900000
0,4219,421900000,421900100,18865,18865,422000000,422000000
0,4220,422000000,422000100,18865,18865,422100000,422100000
0,4221,422100000,422100100,18865,18865,422200000,422200000
0,4222,422200000,422200100,18865,18865,422300000,422300000
0,4223,422300000,422300100,18865,18865,422400000,422400000
0,4224,422400000,422400100,18865,18865,422500000,422500000
0,4225,422500000,422500100,18865,18865,422600000,422600000
0,4226,422600000,422600100,18865,18865,422700000,422700000
0,4227,422700000,422700100,18865,18865,422800000,422800000
0,4228,422800000,422800100,18865,18865,422900000,422900000
0,4229,422900000,422900100,18865,18865,423000000,423000000
0,4230,423000000,423000100,18865,18865,423100000,423100000
0,4231,423100000,423100100,18865,18865,423200000,423200000
0,4232,423200000,423200100,18865,18865,423300000,423300000
0,4233,423300000,423300100,18865,18865,423400000,423400000
0,4234,423400000,423400100,18865,18865,423500000,423500000
0,4235,423500000,423500100,18865,18865,423600000,423600000
0,4236,423600000,423600100,18865,18865,423700000,423700000
0,4237,423700000,423700100,18865,18865,423800000,423800000
0,4238,423800000,423800100,18865,18865,423900000,423900000
0,4239,423900000,423900100,18865,18865,424000000,424000000
0,4240,424000000,424000100,18865,18865,424100000,424100000
0,4241,424100000,424100100,18865,18865,424200000,424200000
0,4242,424200000,424200100,18865,18865,424300000,424300000
0,4243,424300000,424300100,18865,18865,424400000,424400000
0,4244,424400000,424400100,18865,18865,424500000,424500000
0,4245,424500000,424500100,18865,18865,424600000,424600000
0,4246,424600000,424600100,18865,18865,424700000,424700000
0,4247,424700000,424700100,18865,18865,424800000,424800000
0,4248,424800000,424800100,18865,18865,424900000,424900000
0,4249,424900000,424900100,18865,18865,425000000,425000000
0,4250,425000000,425000100,18865,18865,425100000,425100000
0,4251,425100000,425100100,18865,18865,425200000,425200000
0,4252,425200000,425200100,18865,18865,425300000,425300000
0,4253,425300000,425300100,18865,18865,425400000,425400000
0,4254,425400000,425400100,18865,18865,425500000,425500000
0,4255,425500000,425500100,18865,18865,425600000,425600000
0,4256,425600000,425600100,18865,18865,425700000,425700000
0,4257,425700000,425700100,18865,18865,425800000,425800000
0,4258,425800000,425800100,18865,18865,425900000,425900000
0,4259,425900000,425900100,18865,18865,426000000,426000000
0,4260,426000000,426000100,18865,18865,426100000,426100000
0,4261,426100000,426100100,18865,18865,426200000,426200000
0,4262,426200000,426200100,18865,18865,426300000,426300000
0,4263,426300000,426300100,18865,18865,426400000,426400000
0,4264,426400000,426400100,18865,18865,426500000,426500000
0,4265,426500000,426500100,18865,18865,426600000,426600000
0,4266,426600000,426600100,18865,18865,426700000,426700000
0,4267,426700000,426700100,18865,18865,426800000,426800000
0,4268,426800000,426800100,18865,18865,426900000,426900000
0,4269,426900000,426900100,18865,18865,427000000,427000000
0,4270,427000000,427000100,18865,18865,427100000,427100000
0,4271,427100000,427100100,18865,18865,427200000,427200000
0,4272,427200000,427200100,18865,18865,427300000,427300000
0,4273,427300000,427300100,18865,18865,427400000,427400000
0,4274,427400000,427400100,18865,18865,427500000,427500000
0,4275,427500000,427500100,18865,18865,427600000,427600000
0,4276,427600000,427600100,18865,18865,427700000,427700000
0,4277,427700000,427700100,18865,18865,427800000,427800000
0,4278,427800000,427800100,18865,18865,427900000,427900000
0,4279,427900000,427900100,18865,18865,428000000,428000000
0,4280,428000000,428000100,18865,18865,428100000,428100000
0,4281,428100000,428100100,18865,18865,428200000,428200000
0,4282,428200000,428200100,18865,18865,428300000,428300000
0,4283,428300000,428300100,18865,18865,428400000,428400000
0,4284,428400000,428400100,18865,18865,428500000,428500000
0,4285,428500000,428500100,18865,18865,428600000,428600000
0,4286,428600000,428600100,18865,18865,428700000,428700000
0,4287,428700000,428700100,18865,18865,428800000,428800000
0,4288,428800000,428800100,18865,18865,428900000,428900000
0,4289,428900000,428900100,18865,18865,429000000,429000000
0,4290,429000000,429000100,18865,18865,429100000,429100000
0,4291,429100000,429100100,18865,18865,429200000,429200000
0,4292,429200000,429200100,18865,18865,429300000,429300000
0,4293,429300000,429300100,18865,18865,429400000,429400000
0,4294,429400000,429400100,18865,18865,429500000,429500000
0,4295,429500000,429500100,18865,18865,429600000,429600000
0,4296,429600000,429600100,18865,18865,429700000,429700000
0,4297,429700000,429700100,18865,18865,429800000,429800000
0,4298,429800000,429800100,18865,18865,429900000,429900000
0,4299,429900000,429900100,18865,18865,430000000,430000000
0,4300,430000000,430000100,18865,18865,430100000,430100000
0,4301,430100000,430100100,18865,18865,430200000,430200000
0,4302,430200000,430200100,18865,18865,430300000,430300000
0,4303,430300000,430300100,18865,18865,430400000,430400000
0,4304,430400000,430400100,18865,18865,430500000,430500000
0,4305,430500000,430500100,18865,18865,430600000,430600000
0,4306,430600000,430600100,18865,18865,430700000,430700000
0,4307,430700000,430700100,18865,18865,430800000,430800000
0,4308,430800000,430800100,18865,18865,430900000,430900000
0,4309,430900000,430900100,18865,18865,431000000,431000000
0,4310,431000000,431000100,18865,18865,431100000,431100000
0,4311,431100000,431100100,18865,18865,431200000,431200000
0,4312,431200000,431200100,18865,18865,431300000,431300000
0,4313,431300000,431300100,18865,18865,431400000,431400000
0,4314,431400000,431400100,18865,18865,431500000,431500000
0,4315,431500000,431500100,18865,18865,431600000,431600000
0,4316,431600000,431600100,18865,18865,431700000,431700000
0,4317,431700000,431700100,18865,18865,431800000,431800000
0,4318,431800000,431800100,18865,18865,431900000,431900000
0,4319,431900000,431900100,18865,18865,432000000,432000000
0,4320,432000000,432000100,18865,18865,432100000,432100000
0,4321,432100000,432100100,18865,18865,432200000,432200000
0,4322,432200000,432200100,18865,18865,432300000,432300000
0,4323,432300000,432300100,18865,18865,432400000,432400000
0,4324,432400000,432400100,18865,18865,432500000,432500000
0,4325,432500000,432500100,18865,18865,432600000,432600000
0,4326,432600000,432600100,18865,18865,432700000,432700000
0,4327,432700000,432700100,18865,18865,432800000,432800000
0,4328,432800000,432800100,18865,18865,432900000,432900000
0,4329,432900000,432900100,18865,18865,433000000,433000000
0,4330,433000000,433000100,18865,18865,433100000,433100000
0,4331,433100000,433100100,18865,18865,433200000,433200000
0,4332,433200000,433200100,18865,18865,433300000,433300000
0,4333,433300000,433300100,18865,18865,433400000,433400000
0,4334,433400000,433400100,18865,18865,433500000,433500000
0,4335,433500000,433500100,18865,18865,433600000,433600000
0,4336,433600000,433600100,18865,18865,433700000,433700000
0,4337,433700000,433700100,18865,18865,433800000,433800000
0,4338,433800000,433800100,18865,18865,433900000,433900000
0,4339,433900000,433900100,18865,18865,434000000,434000000
0,4340,434000000,434000100,18865,18865,434100000,434100000
0,4341,434100000,434100100,18865,18865,434200000,434200000
0,4342,434200000,434200100,18865,18865,434300000,434300000
0,4343,434300000,434300100,18865,18865,434400000,434400000
0,4344,434400000,434400100,18865,18865,434500000,434500000
0,4345,434500000,434500100,18865,18865,434600000,434600000
0,4346,434600000,434600100,18865,18865,434700000,434700000
0,4347,434700000,434700100,18865,18865,434800000,434800000
0,4348,434800000,434800100,18865,18865,434900000,434900000
0,4349,434900000,434900100,18865,18865,435000000,435000000
0,4350,435000000,435000100,18865,18865,435100000,435100000
0,4351,435100000,435100100,18865,18865,435200000,435200000
0,4352,435200000,435200100,18865,18865,435300000,435300000
0,4353,435300000,435300100,18865,18865,435400000,435400000
0,4354,435400000,435400100,18865,18865,435500000,435500000
0,4355,435500000,435500100,18865,18865,435600000,435600000
0,4356,435600000,435600100,18865,18865,435700000,435700000
0,4357,435700000,435700100,18865,18865,435800000,435800000
0,4358,435800000,435800100,18865,18865,435900000,435900000
0,4359,435900000,435900100,18865,18865,436000000,436000000
0,4360,436000000,436000100,18865,18865,436100000,436100000
0,4361,436100000,436100100,18865,18865,436200000,436200000
0,4362,436200000,436200100,18865,18865,436300000,436300000
0,4363,436300000,436300100,18865,18865,436400000,436400000
0,4364,436400000,436400100,18865,18865,436500000,436500000
0,4365,436500000,436500100,18865,18865,436600000,436600000
0,4366,436600000,436600100,18865,18865,436700000,436700000
0,4367,436700000,436700100,18865,18865,436800000,436800000
0,4368,436800000,436800100,18865,18865,436900000,436900000
0,4369,436900000,436900100,18865,18865,437000000,437000000
0,4370,437000000,437000100,18865,18865,437100000,437100000
0,4371,437100000,437100100,18865,18865,437200000,437200000
0,4372,437200000,437200100,18865,18865,437300000,437300000
0,4373,437300000,437300100,18865,18865,437400000,437400000
0,4374,437400000,437400100,18865,18865,437500000,437500000
0,4375,437500000,437500100,18865,18865,437600000,437600000
0,4376,437600000,437600100,18865,18865,437700000,437700000
0,4377,437700000,437700100,18865,18865,437800000,437800000
0,4378,437800000,437800100,18865,18865,437900000,437900000
0,4379,437900000,437900100,18865,18865,438000000,438000000
0,4380,438000000,438000100,18865,18865,438100000,438100000
0,4381,438100000,438100100,18865,18865,438200000,438200000
0,4382,438200000,438200100,18865,18865,438300000,438300000
0,4383,438300000,438300100,18865,18865,438400000,438400000
0,4384,438400000,438400100,18865,18865,438500000,438500000
0,4385,438500000,438500100,18865,18865,438600000,438600000
0,4386,438600000,438600100,18865,18865,438700000,438700000
0,4387,438700000,438700100,18865,18865,438800000,438800000
0,4388,438800000,438800100,18865,18865,438900000,438900000
0,4389,438900000,438900100,18865,18865,439000000,439000000
0,4390,439000000,439000100,18865,18865,439100000,439100000
0,4391,439100000,439100100,18865,18865,439200000,439200000
0,4392,439200000,439200100,18865,18865,439300000,439300000
0,4393,439300000,439300100,18865,18865,439400000,439400000
0,4394,439400000,439400100,18865,18865,439500000,439500000
0,4395,439500000,439500100,18865,18865,439600000,439600000
0,4396,439600000,439600100,18865,18865,439700000,439700000
0,4397,439700000,439700100,18865,18865,439800000,439800000
0,4398,439800000,439800100,18865,18865,439900000,439900000
0,4399,439900000,439900100,18865,18865,440000000,440000000
0,4400,440000000,440000100,18865,18865,440100000,440100000
0,4401,440100000,440100100,18865,18865,440200000,440200000
0,4402,440200000,440200100,18865,18865,440300000,440300000
0,4403,440300000,440300100,18865,18865,440400000,440400000
0,4404,440400000,440400100,18865,18865,440500000,440500000
0,4405,440500000,440500100,18865,18865,440600000,440600000
0,4406,440600000,440600100,18865,18865,440700000,440700000
0,4407,440700000,440700100,18865,18865,440800000,440800000
0,4408,440800000,440800100,18865,18865,440900000,440900000
0,4409,440900000,440900100,18865,18865,441000000,441000000
0,4410,441000000,441000100,18865,18865,441100000,441100000
0,4411,441100000,441100100,18865,18865,441200000,441200000
0,4412,441200000,441200100,18865,18865,441300000,441300000
0,4413,441300000,441300100,18865,18865,441400000,441400000
0,4414,441400000,441400100,18865,18865,441500000,441500000
0,4415,441500000,441500100,18865,18865,441600000,441600000
0,4416,441600000,441600100,18865,18865,441700000,441700000
0,4417,441700000,441700100,18865,18865,441800000,441800000
0,4418,441800000,441800100,18865,18865,441900000,441900000
0,4419,441900000,441900100,18865,18865,442000000,442000000
0,4420,442000000,442000100,18865,18865,442100000,442100000
0,4421,442100000,442100100,18865,18865,442200000,442200000
0,4422,442200000,442200100,18865,18865,442300000,442300000
0,4423,442300000,442300100,18865,18865,442400000,442400000
0,4424,442400000,442400100,18865,18865,442500000,442500000
0,4425,442500000,442500100,18865,18865,442600000,442600000
0,4426,442600000,442600100,18865,18865,442700000,442700000
0,4427,442700000,442700100,18865,18865,442800000,442800000
0,4428,442800000,442800100,18865,18865,442900000,442900000
0,4429,442900000,442900100,18865,18865,443000000,443000000
0,4430,443000000,443000100,18865,18865,443100000,443100000
0,4431,443100000,443100100,18865,18865,443200000,443200000
0,4432,443200000,443200100,18865,18865,443300000,443300000
0,4433,443300000,443300100,18865,18865,443400000,443400000
0,4434,443400000,443400100,18865,18865,443500000,443500000
0,4435,443500000,443500100,18865,18865,443600000,443600000
0,4436,443600000,443600100,18865,18865,443700000,443700000
0,4437,443700000,443700100,18865,18865,443800000,443800000
0,4438,443800000,443800100,18865,18865,443900000,443900000
0,4439,443900000,443900100,18865,18865,444000000,444000000
0,4440,444000000,444000100,18865,18865,444100000,444100000
0,4441,444100000,444100100,18865,18865,444200000,444200000
0,4442,444200000,444200100,18865,18865,444300000,444300000
0,4443,444300000,444300100,18865,18865,444400000,444400000
0,4444,444400000,444400100,18865,18865,444500000,444500000
0,4445,444500000,444500100,18865,18865,444600000,444600000
0,4446,444600000,444600100,18865,18865,444700000,444700000
0,4447,444700000,444700100,18865,18865,444800000,444800000
0,4448,444800000,444800100,18865,18865,444900000,444900000
0,4449,444900000,444900100,18865,18865,445000000,445000000
0,4450,445000000,445000100,18865,18865,445100000,445100000
0,4451,445100000,445100100,18865,18865,445200000,445200000
0,4452,445200000,445200100,18865,18865,445300000,445300000
0,4453,445300000,445300100,18865,18865,445400000,445400000
0,4454,445400000,445400100,18865,18865,445500000,445500000
0,4455,445500000,445500100,18865,18865,445600000,445600000
0,4456,445600000,445600100,18865,18865,445700000,445700000
0,4457,445700000,445700100,18865,18865,445800000,445800000
0,4458,445800000,445800100,18865,18865,445900000,445900000
0,4459,445900000,445900100,18865,18865,446000000,446000000
0,4460,446000000,446000100,18865,18865,446100000,446100000
0,4461,446100000,446100100,18865,18865,446200000,446200000
0,4462,446200000,446200100,18865,18865,446300000,446300000
0,4463,446300000,446300100,18865,18865,446400000,446400000
0,4464,446400000,446400100,18865,18865,446500000,446500000
0,4465,446500000,446500100,18865,18865,446600000,446600000
0,4466,446600000,446600100,18865,18865,446700000,446700000
0,4467,446700000,446700100,18865,18865,446800000,446800000
0,4468,446800000,446800100,18865,18865,446900000,446900000
0,4469,446900000,446900100,18865,18865,447000000,447000000
0,4470,447000000,447000100,18865,18865,447100000,447100000
0,4471,447100000,447100100,18865,18865,447200000,447200000
0,4472,447200000,447200100,18865,18865,447300000,447300000
0,4473,447300000,447300100,18865,18865,447400000,447400000
0,4474,447400000,447400100,18865,18865,447500000,447500000
0,4475,447500000,447500100,18865,18865,447600000,447600000
0,4476,447600000,447600100,18865,18865,447700000,447700000
0,4477,447700000,447700100,18865,18865,447800000,447800000
0,4478,447800000,447800100,18865,18865,447900000,447900000
0,4479,447900000,447900100,18865,18865,448000000,448000000
0,4480,448000000,448000100,18865,18865,448100000,448100000
0,4481,448100000,448100100,18865,18865,448200000,448200000
0,4482,448200000,448200100,18865,18865,448300000,448300000
0,4483,448300000,448300100,18865,18865,448400000,448400000
0,4484,448400000,448400100,18865,18865,448500000,448500000
0,4485,448500000,448500100,18865,18865,448600000,448600000
0,4486,448600000,448600100,18865,18865,448700000,448700000
0,4487,448700000,448700100,18865,18865,448800000,448800000
0,4488,448800000,448800100,18865,18865,448900000,448900000
0,4489,448900000,448900100,18865,18865,449000000,449000000
0,4490,449000000,449000100,18865,18865,449100000,449100000
0,4491,449100000,449100100,18865,18865,449200000,449200000
0,4492,449200000,449200100,18865,18865,449300000,449300000
0,4493,449300000,449300100,18865,18865,449400000,449400000
0,4494,449400000,449400100,18865,18865,449500000,449500000
0,4495,449500000,449500100,18865,18865,449600000,449600000
0,4496,449600000,449600100,18865,18865,449700000,449700000
0,4497,449700000,449700100,18865,18865,449800000,449800000
0,4498,449800000,449800100,18865,18865,449900000,449900000
0,4499,449900000,449900100,18865,18865,450000000,450000000
0,4500,450000000,450000100,18865,18865,450100000,450100000
0,4501,450100000,450100100,18865,18865,450200000,450200000
0,4502,450200000,450200100,18865,18865,450300000,450300000
0,4503,450300000,450300100,18865,18865,450400000,450400000
0,4504,450400000,450400100,18865,18865,450500000,450500000
0,4505,450500000,450500100,18865,18865,450600000,450600000
0,4506,450600000,450600100,18865,18865,450700000,450700000
0,4507,450700000,450700100,18865,18865,450800000,450800000
0,4508,450800000,450800100,18865,18865,450900000,450900000
0,4509,450900000,450900100,18865,18865,451000000,451000000
0,4510,451000000,451000100,18865,18865,451100000,451100000
0,4511,451100000,451100100,18865,18865,451200000,451200000
0,4512,451200000,451200100,18865,18865,451300000,451300000
0,4513,451300000,451300100,18865,18865,451400000,451400000
0,4514,451400000,451400100,18865,18865,451500000,451500000
0,4515,451500000,451500100,18865,18865,451600000,451600000
0,4516,451600000,451600100,18865,18865,451700000,451700000
0,4517,451700000,451700100,18865,18865,451800000,451800000
0,4518,451800000,451800100,18865,18865,451900000,451900000
0,4519,451900000,451900100,18865,18865,452000000,452000000
0,4520,452000000,452000100,18865,18865,452100000,452100000
0,4521,452100000,452100100,18865,18865,452200000,452200000
0,4522,452200000,452200100,18865,18865,452300000,452300000
0,4523,452300000,452300100,18865,18865,452400000,452400000
0,4524,452400000,452400100,18865,18865,452500000,452500000
0,4525,452500000,452500100,18865,18865,452600000,452600000
0,4526,452600000,452600100,18865,18865,452700000,452700000
0,4527,452700000,452700100,18865,18865,452800000,452800000
0,4528,452800000,452800100,18865,18865,452900000,452900000
0,4529,452900000,452900100,18865,18865,453000000,453000000
0,4530,453000000,453000100,18865,18865,453100000,453100000
0,4531,453100000,453100100,18865,18865,453200000,453200000
0,4532,453200000,453200100,18865,18865,453300000,453300000
0,4533,453300000,453300100,18865,18865,453400000,453400000
0,4534,453400000,453400100,18865,18865,453500000,453500000
0,4535,453500000,453500100,18865,18865,453600000,453600000
0,4536,453600000,453600100,18865,18865,453700000,453700000
0,4537,453700000,453700100,18865,18865,453800000,453800000
0,4538,453800000,453800100,18865,18865,453900000,453900000
0,4539,453900000,453900100,18865,18865,454000000,454000000
0,4540,454000000,454000100,18865,18865,454100000,454100000
0,4541,454100000,454100100,18865,18865,454200000,454200000
0,4542,454200000,454200100,18865,18865,454300000,454300000
0,4543,454300000,454300100,18865,18865,454400000,454400000
0,4544,454400000,454400100,18865,18865,454500000,454500000
0,4545,454500000,454500100,18865,18865,454600000,454600000
0,4546,454600000,454600100,18865,18865,454700000,454700000
0,4547,454700000,454700100,18865,18865,454800000,454800000
0,4548,454800000,454800100,18865,18865,454900000,454900000
0,4549,454900000,454900100,18865,18865,455000000,455000000
0,4550,455000000,455000100,18865,18865,455100000,455100000
0,4551,455100000,455100100,18865,18865,455200000,455200000
0,4552,455200000,455200100,18865,18865,455300000,455300000
0,4553,455300000,455300100,18865,18865,455400000,455400000
0,4554,455400000,455400100,18865,18865,455500000,455500000
0,4555,455500000,455500100,18865,18865,455600000,455600000
0,4556,455600000,455600100,18865,18865,455700000,455700000
0,4557,455700000,455700100,18865,18865,455800000,455800000
0,4558,455800000,455800100,18865,18865,455900000,455900000
0,4559,455900000,455900100,18865,18865,456000000,456000000
0,4560,456000000,456000100,18865,18865,456100000,456100000
0,4561,456100000,456100100,18865,18865,456200000,456200000
0,4562,456200000,456200100,18865,18865,456300000,456300000
0,4563,456300000,456300100,18865,18865,456400000,456400000
0,4564,456400000,456400100,18865,18865,456500000,456500000
0,4565,456500000,456500100,18865,18865,456600000,456600000
0,4566,456600000,456600100,18865,18865,456700000,456700000
0,4567,456700000,456700100,18865,18865,456800000,456800000
0,4568,456800000,456800100,18865,18865,456900000,456900000
0,4569,456900000,456900100,18865,18865,457000000,457000000
0,4570,457000000,457000100,18865,18865,457100000,457100000
0,4571,457100000,457100100,18865,18865,457200000,457200000
0,4572,457200000,457200100,18865,18865,457300000,457300000
0,4573,457300000,457300100,18865,18865,457400000,457400000
0,4574,457400000,457400100,18865,18865,457500000,457500000
0,4575,457500000,457500100,18865,18865,457600000,457600000
0,4576,457600000,457600100,18865,18865,457700000,457700000
0,4577,457700000,457700100,18865,18865,457800000,457800000
0,4578,457800000,457800100,18865,18865,457900000,457900000
0,4579,457900000,457900100,18865,18865,458000000,458000000
0,4580,458000000,458000100,18865,18865,458100000,458100000
0,4581,458100000,458100100,18865,18865,458200000,458200000
0,4582,458200000,458200100,18865,18865,458300000,458300000
0,4583,458300000,458300100,18865,18865,458400000,458400000
0,4584,458400000,458400100,18865,18865,458500000,458500000
0,4585,458500000,458500100,18865,18865,458600000,458600000
0,4586,458600000,458600100,18865,18865,458700000,458700000
0,4587,458700000,458700100,18865,18865,458800000,458800000
0,4588,458800000,458800100,18865,18865,458900000,458900000
0,4589,458900000,458900100,18865,18865,459000000,459000000
0,4590,459000000,459000100,18865,18865,459100000,459100000
0,4591,459100000,459100100,18865,18865,459200000,459200000
0,4592,459200000,459200100,18865,18865,459300000,459300000
0,4593,459300000,459300100,18865,18865,459400000,459400000
0,4594,459400000,459400100,18865,18865,459500000,459500000
0,4595,459500000,459500100,18865,18865,459600000,459600000
0,4596,459600000,459600100,18865,18865,459700000,459700000
0,4597,459700000,459700100,18865,18865,459800000,459800000
0,4598,459800000,459800100,18865,18865,459900000,459900000
0,4599,459900000,459900100,18865,18865,460000000,460000000
0,4600,460000000,460000100,18865,18865,460100000,460100000
0,4601,460100000,460100100,18865,18865,460200000,460200000
0,4602,460200000,460200100,18865,18865,460300000,460300000
0,4603,460300000,460300100,18865,18865,460400000,460400000
0,4604,460400000,460400100,18865,18865,460500000,460500000
0,4605,460500000,460500100,18865,18865,460600000,460600000
0,4606,460600000,460600100,18865,18865,460700000,460700000
0,4607,460700000,460700100,18865,18865,460800000,460800000
0,4608,460800000,460800100,18865,18865,460900000,460900000
0,4609,460900000,460900100,18865,18865,461000000,461000000
0,4610,461000000,461000100,18865,18865,461100000,461100000
0,4611,461100000,461100100,18865,18865,461200000,461200000
0,4612,461200000,461200100,18865,18865,461300000,461300000
0,4613,461300000,461300100,18865,18865,461400000,461400000
0,4614,461400000,461400100,18865,18865,461500000,461500000
0,4615,461500000,461500100,18865,18865,461600000,461600000
0,4616,461600000,461600100,18865,18865,461700000,461700000
0,4617,461700000,461700100,18865,18865,461800000,461800000
0,4618,461800000,461800100,18865,18865,461900000,461900000
0,4619,461900000,461900100,18865,18865,462000000,462000000
0,4620,462000000,462000100,18865,18865,462100000,462100000
0,4621,462100000,462100100,18865,18865,462200000,462200000
0,4622,462200000,462200100,18865,18865,462300000,462300000
0,4623,462300000,462300100,18865,18865,462400000,462400000
0,4624,462400000,462400100,18865,18865,462500000,462500000
0,4625,462500000,462500100,18865,18865,462600000,462600000
0,4626,462600000,462600100,18865,18865,462700000,462700000
0,4627,462700000,462700100,18865,18865,462800000,462800000
0,4628,462800000,462800100,18865,18865,462900000,462900000
0,4629,462900000,462900100,18865,18865,463000000,463000000
0,4630,463000000,463000100,18865,18865,463100000,463100000
0,4631,463100000,463100100,18865,18865,463200000,463200000
0,4632,463200000,463200100,18865,18865,463300000,463300000
0,4633,463300000,463300100,18865,18865,463400000,463400000
0,4634,463400000,463400100,18865,18865,463500000,463500000
0,4635,463500000,463500100,18865,18865,463600000,463600000
0,4636,463600000,463600100,18865,18865,463700000,463700000
0,4637,463700000,463700100,18865,18865,463800000,463800000
0,4638,463800000,463800100,18865,18865,463900000,463900000
0,4639,463900000,463900100,18865,18865,464000000,464000000
0,4640,464000000,464000100,18865,18865,464100000,464100000
0,4641,464100000,464100100,18865,18865,464200000,464200000
0,4642,464200000,464200100,18865,18865,464300000,464300000
0,4643,464300000,464300100,18865,18865,464400000,464400000
0,4644,464400000,464400100,18865,18865,464500000,464500000
0,4645,464500000,464500100,18865,18865,464600000,464600000
0,4646,464600000,464600100,18865,18865,464700000,464700000
0,4647,464700000,464700100,18865,18865,464800000,464800000
0,4648,464800000,464800100,18865,18865,464900000,464900000
0,4649,464900000,464900100,18865,18865,465000000,465000000
0,4650,465000000,465000100,18865,18865,465100000,465100000
0,4651,465100000,465100100,18865,18865,465200000,465200000
0,4652,465200000,465200100,18865,18865,465300000,465300000
0,4653,465300000,465300100,18865,18865,465400000,465400000
0,4654,465400000,465400100,18865,18865,465500000,465500000
0,4655,465500000,465500100,18865,18865,465600000,465600000
0,4656,465600000,465600100,18865,18865,465700000,465700000
0,4657,465700000,465700100,18865,18865,465800000,465800000
0,4658,465800000,465800100,18865,18865,465900000,465900000
0,4659,465900000,465900100,18865,18865,466000000,466000000
0,4660,466000000,466000100,18865,18865,466100000,466100000
0,4661,466100000,466100100,18865,18865,466200000,466200000
0,4662,466200000,466200100,18865,18865,466300000,466300000
0,4663,466300000,466300100,18865,18865,466400000,466400000
0,4664,466400000,466400100,18865,18865,466500000,466500000
0,4665,466500000,466500100,18865,18865,466600000,466600000
0,4666,466600000,466600100,18865,18865,466700000,466700000
0,4667,466700000,466700100,18865,18865,466800000,466800000
0,4668,466800000,466800100,18865,18865,466900000,466900000
0,4669,466900000,466900100,18865,18865,467000000,467000000
0,4670,467000000,467000100,18865,18865,467100000,467100000
0,4671,467100000,467100100,18865,18865,467200000,467200000
0,4672,467200000,467200100,18865,18865,467300000,467300000
0,4673,467300000,467300100,18865,18865,467400000,467400000
0,4674,467400000,467400100,18865,18865,467500000,467500000
0,4675,467500000,467500100,18865,18865,467600000,467600000
0,4676,467600000,467600100,18865,18865,467700000,467700000
0,4677,467700000,467700100,18865,18865,467800000,467800000
0,4678,467800000,467800100,18865,18865,467900000,467900000
0,4679,467900000,467900100,18865,18865,468000000,468000000
0,4680,468000000,468000100,18865,18865,468100000,468100000
0,4681,468100000,468100100,18865,18865,468200000,468200000
0,4682,468200000,468200100,18865,18865,468300000,468300000
0,4683,468300000,468300100,18865,18865,468400000,468400000
0,4684,468400000,468400100,18865,18865,468500000,468500000
0,4685,468500000,468500100,18865,18865,468600000,468600000
0,4686,468600000,468600100,18865,18865,468700000,468700000
0,4687,468700000,468700100,18865,18865,468800000,468800000
0,4688,468800000,468800100,18865,18865,468900000,468900000
0,4689,468900000,468900100,18865,18865,469000000,469000000
0,4690,469000000,469000100,18865,18865,469100000,469100000
0,4691,469100000,469100100,18865,18865,469200000,469200000
0,4692,469200000,469200100,18865,18865,469300000,469300000
0,4693,469300000,469300100,18865,18865,469400000,469400000
0,4694,469400000,469400100,18865,18865,469500000,469500000
0,4695,469500000,469500100,18865,18865,469600000,469600000
0,4696,469600000,469600100,18865,18865,469700000,469700000
0,4697,469700000,469700100,18865,18865,469800000,469800000
0,4698,469800000,469800100,18865,18865,469900000,469900000
0,4699,469900000,469900100,18865,18865,470000000,470000000
0,4700,470000000,470000100,18865,18865,470100000,470100000
0,4701,470100000,470100100,18865,18865,470200000,470200000
0,4702,470200000,470200100,18865,18865,470300000,470300000
0,4703,470300000,470300100,18865,18865,470400000,470400000
0,4704,470400000,470400100,18865,18865,470500000,470500000
0,4705,470500000,470500100,18865,18865,470600000,470600000
0,4706,470600000,470600100,18865,18865,470700000,470700000
0,4707,470700000,470700100,18865,18865,470800000,470800000
0,4708,470800000,470800100,18865,18865,470900000,470900000
0,4709,470900000,470900100,18865,18865,471000000,471000000
0,4710,471000000,471000100,18865,18865,471100000,471100000
0,4711,471100000,471100100,18865,18865,471200000,471200000
0,4712,471200000,471200100,18865,18865,471300000,471300000
0,4713,471300000,471300100,18865,18865,471400000,471400000
0,4714,471400000,471400100,18865,18865,471500000,471500000
0,4715,471500000,471500100,18865,18865,471600000,471600000
0,4716,471600000,471600100,18865,18865,471700000,471700000
0,4717,471700000,471700100,18865,18865,471800000,471800000
0,4718,471800000,471800100,18865,18865,471900000,471900000
0,4719,471900000,471900100,18865,18865,472000000,472000000
0,4720,472000000,472000100,18865,18865,472100000,472100000
0,4721,472100000,472100100,18865,18865,472200000,472200000
0,4722,472200000,472200100,18865,18865,472300000,472300000
0,4723,472300000,472300100,18865,18865,472400000,472400000
0,4724,472400000,472400100,18865,18865,472500000,472500000
0,4725,472500000,472500100,18865,18865,472600000,472600000
0,4726,472600000,472600100,18865,18865,472700000,472700000
0,4727,472700000,472700100,18865,18865,472800000,472800000
0,4728,472800000,472800100,18865,18865,472900000,472900000
0,4729,472900000,472900100,18865,18865,473000000,473000000
0,4730,473000000,473000100,18865,18865,473100000,473100000
0,4731,473100000,473100100,18865,18865,473200000,473200000
0,4732,473200000,473200100,18865,18865,473300000,473300000
0,4733,473300000,473300100,18865,18865,473400000,473400000
0,4734,473400000,473400100,18865,18865,473500000,473500000
0,4735,473500000,473500100,18865,18865,473600000,473600000
0,4736,473600000,473600100,18865,18865,473700000,473700000
0,4737,473700000,473700100,18865,18865,473800000,473800000
0,4738,473800000,473800100,18865,18865,473900000,473900000
0,4739,473900000,473900100,18865,18865,474000000,474000000
0,4740,474000000,474000100,18865,18865,474100000,474100000
0,4741,474100000,474100100,18865,18865,474200000,474200000
0,4742,474200000,474200100,18865,18865,474300000,474300000
0,4743,474300000,474300100,18865,18865,474400000,474400000
0,4744,474400000,474400100,18865,18865,474500000,474500000
0,4745,474500000,474500100,18865,18865,474600000,474600000
0,4746,474600000,474600100,18865,18865,474700000,474700000
0,4747,474700000,474700100,18865,18865,474800000,474800000
0,4748,474800000,474800100,18865,18865,474900000,474900000
0,4749,474900000,474900100,18865,18865,475000000,475000000
0,4750,475000000,475000100,18865,18865,475100000,475100000
0,4751,475100000,475100100,18865,18865,475200000,475200000
0,4752,475200000,475200100,18865,18865,475300000,475300000
0,4753,475300000,475300100,18865,18865,475400000,475400000
0,4754,475400000,475400100,18865,18865,475500000,475500000
0,4755,475500000,475500100,18865,18865,475600000,475600000
0,4756,475600000,475600100,18865,18865,475700000,475700000
0,4757,475700000,475700100,18865,18865,475800000,475800000
0,4758,475800000,475800100,18865,18865,475900000,475900000
0,4759,475900000,475900100,18865,18865,476000000,476000000
0,4760,476000000,476000100,18865,18865,476100000,476100000
0,4761,476100000,476100100,18865,18865,476200000,476200000
0,4762,476200000,476200100,18865,18865,476300000,476300000
0,4763,476300000,476300100,18865,18865,476400000,476400000
0,4764,476400000,476400100,18865,18865,476500000,476500000
0,4765,476500000,476500100,18865,18865,476600000,476600000
0,4766,476600000,476600100,18865,18865,476700000,476700000
0,4767,476700000,476700100,18865,18865,476800000,476800000
0,4768,476800000,476800100,18865,18865,476900000,476900000
0,4769,476900000,476900100,18865,18865,477000000,477000000
0,4770,477000000,477000100,18865,18865,477100000,477100000
0,4771,477100000,477100100,18865,18865,477200000,477200000
0,4772,477200000,477200100,18865,18865,477300000,477300000
0,4773,477300000,477300100,18865,18865,477400000,477400000
0,4774,477400000,477400100,18865,18865,477500000,477500000
0,4775,477500000,477500100,18865,18865,477600000,477600000
0,4776,477600000,477600100,18865,18865,477700000,477700000
0,4777,477700000,477700100,18865,18865,477800000,477800000
0,4778,477800000,477800100,18865,18865,477900000,477900000
0,4779,477900000,477900100,18865,18865,478000000,478000000
0,4780,478000000,478000100,18865,18865,478100000,478100000
0,4781,478100000,478100100,18865,18865,478200000,478200000
0,4782,478200000,478200100,18865,18865,478300000,478300000
0,4783,478300000,478300100,18865,18865,478400000,478400000
0,4784,478400000,478400100,18865,18865,478500000,478500000
0,4785,478500000,478500100,18865,18865,478600000,478600000
0,4786,478600000,478600100,18865,18865,478700000,478700000
0,4787,478700000,478700100,18865,18865,478800000,478800000
0,4788,478800000,478800100,18865,18865,478900000,478900000
0,4789,478900000,478900100,18865,18865,479000000,479000000
0,4790,479000000,479000100,18865,18865,479100000,479100000
0,4791,479100000,479100100,18865,18865,479200000,479200000
0,4792,479200000,479200100,18865,18865,479300000,479300000
0,4793,479300000,479300100,18865,18865,479400000,479400000
0,4794,479400000,479400100,18865,18865,479500000,479500000
0,4795,479500000,479500100,18865,18865,479600000,479600000
0,4796,479600000,479600100,18865,18865,479700000,479700000
0,4797,479700000,479700100,18865,18865,479800000,479800000
0,4798,479800000,479800100,18865,18865,479900000,479900000
0,4799,479900000,479900100,18865,18865,480000000,480000000
0,4800,480000000,480000100,18865,18865,480100000,480100000
0,4801,480100000,480100100,18865,18865,480200000,480200000
0,4802,480200000,480200100,18865,18865,480300000,480300000
0,4803,480300000,480300100,18865,18865,480400000,480400000
0,4804,480400000,480400100,18865,18865,480500000,480500000
0,4805,480500000,480500100,18865,18865,480600000,480600000
0,4806,480600000,480600100,18865,18865,480700000,480700000
0,4807,480700000,480700100,18865,18865,480800000,480800000
0,4808,480800000,480800100,18865,18865,480900000,480900000
0,4809,480900000,480900100,18865,18865,481000000,481000000
0,4810,481000000,481000100,18865,18865,481100000,481100000
0,4811,481100000,481100100,18865,18865,481200000,481200000
0,4812,481200000,481200100,18865,18865,481300000,481300000
0,4813,481300000,481300100,18865,18865,481400000,481400000
0,4814,481400000,481400100,18865,18865,481500000,481500000
0,4815,481500000,481500100,18865,18865,481600000,481600000
0,4816,481600000,481600100,18865,18865,481700000,481700000
0,4817,481700000,481700100,18865,18865,481800000,481800000
0,4818,481800000,481800100,18865,18865,481900000,481900000
0,4819,481900000,481900100,18865,18865,482000000,482000000
0,4820,482000000,482000100,18865,18865,482100000,482100000
0,4821,482100000,482100100,18865,18865,482200000,482200000
0,4822,482200000,482200100,18865,18865,482300000,482300000
0,4823,482300000,482300100,18865,18865,482400000,482400000
0,4824,482400000,482400100,18865,18865,482500000,482500000
0,4825,482500000,482500100,18865,18865,482600000,482600000
0,4826,482600000,482600100,18865,18865,482700000,482700000
0,4827,482700000,482700100,18865,18865,482800000,482800000
0,4828,482800000,482800100,18865,18865,482900000,482900000
0,4829,482900000,482900100,18865,18865,483000000,483000000
0,4830,483000000,483000100,18865,18865,483100000,483100000
0,4831,483100000,483100100,18865,18865,483200000,483200000
0,4832,483200000,483200100,18865,18865,483300000,483300000
0,4833,483300000,483300100,18865,18865,483400000,483400000
0,4834,483400000,483400100,18865,18865,483500000,483500000
0,4835,483500000,483500100,18865,18865,483600000,483600000
0,4836,483600000,483600100,18865,18865,483700000,483700000
0,4837,483700000,483700100,18865,18865,483800000,483800000
0,4838,483800000,483800100,18865,18865,483900000,483900000
0,4839,483900000,483900100,18865,18865,484000000,484000000
0,4840,484000000,484000100,18865,18865,484100000,484100000
0,4841,484100000,484100100,18865,18865,484200000,484200000
0,4842,484200000,484200100,18865,18865,484300000,484300000
0,4843,484300000,484300100,18865,18865,484400000,484400000
0,4844,484400000,484400100,18865,18865,484500000,484500000
0,4845,484500000,484500100,18865,18865,484600000,484600000
0,4846,484600000,484600100,18865,18865,484700000,484700000
0,4847,484700000,484700100,18865,18865,484800000,484800000
0,4848,484800000,484800100,18865,18865,484900000,484900000
0,4849,484900000,484900100,18865,18865,485000000,485000000
0,4850,485000000,485000100,18865,18865,485100000,485100000
0,4851,485100000,485100100,18865,18865,485200000,485200000
0,4852,485200000,485200100,18865,18865,485300000,485300000
0,4853,485300000,485300100,18865,18865,485400000,485400000
0,4854,485400000,485400100,18865,18865,485500000,485500000
0,4855,485500000,485500100,18865,18865,485600000,485600000
0,4856,485600000,485600100,18865,18865,485700000,485700000
0,4857,485700000,485700100,18865,18865,485800000,485800000
0,4858,485800000,485800100,18865,18865,485900000,485900000
0,4859,485900000,485900100,18865,18865,486000000,486000000
0,4860,486000000,486000100,18865,18865,486100000,486100000
0,4861,486100000,486100100,18865,18865,486200000,486200000
0,4862,486200000,486200100,18865,18865,486300000,486300000
0,4863,486300000,486300100,18865,18865,486400000,486400000
0,4864,486400000,486400100,18865,18865,486500000,486500000
0,4865,486500000,486500100,18865,18865,486600000,486600000
0,4866,486600000,486600100,18865,18865,486700000,486700000
0,4867,486700000,486700100,18865,18865,486800000,486800000
0,4868,486800000,486800100,18865,18865,486900000,486900000
0,4869,486900000,486900100,18865,18865,487000000,487000000
0,4870,487000000,487000100,18865,18865,487100000,487100000
0,4871,487100000,487100100,18865,18865,487200000,487200000
0,4872,487200000,487200100,18865,18865,487300000,487300000
0,4873,487300000,487300100,18865,18865,487400000,487400000
0,4874,487400000,487400100,18865,18865,487500000,487500000
0,4875,487500000,487500100,18865,18865,487600000,487600000
0,4876,487600000,487600100,18865,18865,487700000,487700000
0,4877,487700000,487700100,18865,18865,487800000,487800000
0,4878,487800000,487800100,18865,18865,487900000,487900000
0,4879,487900000,487900100,18865,18865,488000000,488000000
0,4880,488000000,488000100,18865,18865,488100000,488100000
0,4881,488100000,488100100,18865,18865,488200000,488200000
0,4882,488200000,488200100,18865,18865,488300000,488300000
0,4883,488300000,488300100,18865,18865,488400000,488400000
0,4884,488400000,488400100,18865,18865,488500000,488500000
0,4885,488500000,488500100,18865,18865,488600000,488600000
0,4886,488600000,488600100,18865,18865,488700000,488700000
0,4887,488700000,488700100,18865,18865,488800000,488800000
0,4888,488800000,488800100,18865,18865,488900000,488900000
0,4889,488900000,488900100,18865,18865,489000000,489000000
0,4890,489000000,489000100,18865,18865,489100000,489100000
0,4891,489100000,489100100,18865,18865,489200000,489200000
0,4892,489200000,489200100,18865,18865,489300000,489300000
0,4893,489300000,489300100,18865,18865,489400000,489400000
0,4894,489400000,489400100,18865,18865,489500000,489500000
0,4895,489500000,489500100,18865,18865,489600000,489600000
0,4896,489600000,489600100,18865,18865,489700000,489700000
0,4897,489700000,489700100,18865,18865,489800000,489800000
0,4898,489800000,489800100,18865,18865,489900000,489900000
0,4899,489900000,489900100,18865,18865,490000000,490000000
0,4900,490000000,490000100,18865,18865,490100000,490100000
0,4901,490100000,490100100,18865,18865,490200000,490200000
0,4902,490200000,490200100,18865,18865,490300000,490300000
0,4903,490300000,490300100,18865,18865,490400000,490400000
0,4904,490400000,490400100,18865,18865,490500000,490500000
0,4905,490500000,490500100,18865,18865,490600000,490600000
0,4906,490600000,490600100,18865,18865,490700000,490700000
0,4907,490700000,490700100,18865,18865,490800000,490800000
0,4908,490800000,490800100,18865,18865,490900000,490900000
0,4909,490900000,490900100,18865,18865,491000000,491000000
0,4910,491000000,491000100,18865,18865,491100000,491100000
0,4911,491100000,491100100,18865,18865,491200000,491200000
0,4912,491200000,491200100,18865,18865,491300000,491300000
0,4913,491300000,491300100,18865,18865,491400000,491400000
0,4914,491400000,491400100,18865,18865,491500000,491500000
0,4915,491500000,491500100,18865,18865,491600000,491600000
0,4916,491600000,491600100,18865,18865,491700000,491700000
0,4917,491700000,491700100,18865,18865,491800000,491800000
0,4918,491800000,491800100,18865,18865,491900000,491900000
0,4919,491900000,491900100,18865,18865,492000000,492000000
0,4920,492000000,492000100,18865,18865,492100000,492100000
0,4921,492100000,492100100,18865,18865,492200000,492200000
0,4922,492200000,492200100,18865,18865,492300000,492300000
0,4923,492300000,492300100,18865,18865,492400000,492400000
0,4924,492400000,492400100,18865,18865,492500000,492500000
0,4925,492500000,492500100,18865,18865,492600000,492600000
0,4926,492600000,492600100,18865,18865,492700000,492700000
0,4927,492700000,492700100,18865,18865,492800000,492800000
0,4928,492800000,492800100,18865,18865,492900000,492900000
0,4929,492900000,492900100,18865,18865,493000000,493000000
0,4930,493000000,493000100,18865,18865,493100000,493100000
0,4931,493100000,493100100,18865,18865,493200000,493200000
0,4932,493200000,493200100,18865,18865,493300000,493300000
0,4933,493300000,493300100,18865,18865,493400000,493400000
0,4934,493400000,493400100,18865,18865,493500000,493500000
0,4935,493500000,493500100,18865,18865,493600000,493600000
0,4936,493600000,493600100,18865,18865,493700000,493700000
0,4937,493700000,493700100,18865,18865,493800000,493800000
0,4938,493800000,493800100,18865,18865,493900000,493900000
0,4939,493900000,493900100,18865,18865,494000000,494000000
1,0,0,100,10482,10482,200000,200000
1,1,200000,200100,10482,10482,400000,400000
1,2,400000,400100,10482,10482,600000,600000
1,3,600000,600100,10482,10482,800000,800000
1,4,800000,800100,10482,10482,1000000,1000000
1,5,1000000,1000100,10482,10482,1200000,1200000
1,6,1200000,1200100,10482,10482,1400000,1400000
1,7,1400000,1400100,10482,10482,1600000,1600000
1,8,1600000,1600100,10482,10482,1800000,1800000
1,9,1800000,1800100,10482,10482,2000000,2000000
1,10,2000000,2000100,10482,10482,2200000,2200000
1,11,2200000,2200100,10482,10482,2400000,2400000
1,12,2400000,2400100,10482,10482,2600000,2600000
1,13,2600000,2600100,10482,10482,2800000,2800000
1,14,2800000,2800100,10482,10482,3000000,3000000
1,15,3000000,3000100,10482,10482,3200000,3200000
1,16,3200000,3200100,10482,10482,3400000,3400000
1,17,3400000,3400100,10482,10482,3600000,3600000
1,18,3600000,3600100,10482,10482,3800000,3800000
1,19,3800000,3800100,10482,10482,4000000,4000000
1,20,4000000,4000100,10482,10482,4200000,4200000
1,21,4200000,4200100,10482,10482,4400000,4400000
1,22,4400000,4400100,10482,10482,4600000,4600000
1,23,4600000,4600100,10482,10482,4800000,4800000
1,24,4800000,4800100,10482,10482,5000000,5000000
1,25,5000000,5000100,10482,10482,5200000,5200000
1,26,5200000,5200100,10482,10482,5400000,5400000
1,27,5400000,5400100,10482,10482,5600000,5600000
1,28,5600000,5600100,10482,10482,5800000,5800000
1,29,5800000,5800100,10482,10482,6000000,6000000
1,30,6000000,6000100,10482,10482,6200000,6200000
1,31,6200000,6200100,10482,10482,6400000,6400000
1,32,6400000,6400100,10482,10482,6600000,6600000
1,33,6600000,6600100,10482,10482,6800000,6800000
1,34,6800000,6800100,10482,10482,7000000,7000000
1,35,7000000,7000100,10482,10482,7200000,7200000
1,36,7200000,7200100,10482,10482,7400000,7400000
1,37,7400000,7400100,10482,10482,7600000,7600000
1,38,7600000,7600100,10482,10482,7800000,7800000
1,39,7800000,7800100,10482,10482,8000000,8000000
1,40,8000000,8000100,10482,10482,8200000,8200000
1,41,8200000,8200100,10482,10482,8400000,8400000
1,42,8400000,8400100,10482,10482,8600000,8600000
1,43,8600000,8600100,10482,10482,8800000,8800000
1,44,8800000,8800100,10482,10482,9000000,9000000
1,45,9000000,9000100,10482,10482,9200000,9200000
1,46,9200000,9200100,10482,10482,9400000,9400000
1,47,9400000,9400100,10482,10482,9600000,9600000
1,48,9600000,9600100,10482,10482,9800000,9800000
1,49,9800000,9800100,10482,10482,10000000,10000000
1,50,10000000,10000100,10482,10482,10200000,10200000
1,51,10200000,10200100,10482,10482,10400000,10400000
1,52,10400000,10400100,10482,10482,10600000,10600000
1,53,10600000,10600100,10482,10482,10800000,10800000
1,54,10800000,10800100,10482,10482,11000000,11000000
1,55,11000000,11000100,10482,10482,11200000,11200000
1,56,11200000,11200100,10482,10482,11400000,11400000
1,57,11400000,11400100,10482,10482,11600000,11600000
1,58,11600000,11600100,10482,10482,11800000,11800000
1,59,11800000,11800100,10482,10482,12000000,12000000
1,60,12000000,12000100,10482,10482,12200000,12200000
1,61,12200000,12200100,10482,10482,12400000,12400000
1,62,12400000,12400100,10482,10482,12600000,12600000
1,63,12600000,12600100,10482,10482,12800000,12800000
1,64,12800000,12800100,10482,10482,13000000,13000000
1,65,13000000,13000100,10482,10482,13200000,13200000
1,66,13200000,13200100,10482,10482,13400000,13400000
1,67,13400000,13400100,10482,10482,13600000,13600000
1,68,13600000,13600100,10482,10482,13800000,13800000
1,69,13800000,13800100,10482,10482,14000000,14000000
1,70,14000000,14000100,10482,10482,14200000,14200000
1,71,14200000,14200100,10482,10482,14400000,14400000
1,72,14400000,14400100,10482,10482,14600000,14600000
1,73,14600000,14600100,10482,10482,14800000,14800000
1,74,14800000,14800100,10482,10482,15000000,15000000
1,75,15000000,15000100,10482,10482,15200000,15200000
1,76,15200000,15200100,10482,10482,15400000,15400000
1,77,15400000,15400100,10482,10482,15600000,15600000
1,78,15600000,15600100,10482,10482,15800000,15800000
1,79,15800000,15800100,10482,10482,16000000,16000000
1,80,16000000,16000100,10482,10482,16200000,16200000
1,81,16200000,16200100,10482,10482,16400000,16400000
1,82,16400000,16400100,10482,10482,16600000,16600000
1,83,16600000,16600100,10482,10482,16800000,16800000
1,84,16800000,16800100,10482,10482,17000000,17000000
1,85,17000000,17000100,10482,10482,17200000,17200000
1,86,17200000,17200100,10482,10482,17400000,17400000
1,87,17400000,17400100,10482,10482,17600000,17600000
1,88,17600000,17600100,10482,10482,17800000,17800000
1,89,17800000,17800100,10482,10482,18000000,18000000
1,90,18000000,18000100,10482,10482,18200000,18200000
1,91,18200000,18200100,10482,10482,18400000,18400000
1,92,18400000,18400100,10482,10482,18600000,18600000
1,93,18600000,18600100,10482,10482,18800000,18800000
1,94,18800000,18800100,10482,10482,19000000,19000000
1,95,19000000,19000100,10482,10482,19200000,19200000
1,96,19200000,19200100,10482,10482,19400000,19400000
1,97,19400000,19400100,10482,10482,19600000,19600000
1,98,19600000,19600100,10482,10482,19800000,19800000
1,99,19800000,19800100,10482,10482,20000000,20000000
1,100,20000000,20000100,10482,10482,20200000,20200000
1,101,20200000,20200100,10482,10482,20400000,20400000
1,102,20400000,20400100,10482,10482,20600000,20600000
1,103,20600000,20600100,10482,10482,20800000,20800000
1,104,20800000,20800100,10482,10482,21000000,21000000
1,105,21000000,21000100,10482,10482,21200000,21200000
1,106,21200000,21200100,10482,10482,21400000,21400000
1,107,21400000,21400100,10482,10482,21600000,21600000
1,108,21600000,21600100,10482,10482,21800000,21800000
1,109,21800000,21800100,10482,10482,22000000,22000000
1,110,22000000,22000100,10482,10482,22200000,22200000
1,111,22200000,22200100,10482,10482,22400000,22400000
1,112,22400000,22400100,10482,10482,22600000,22600000
1,113,22600000,22600100,10482,10482,22800000,22800000
1,114,22800000,22800100,10482,10482,23000000,23000000
1,115,23000000,23000100,10482,10482,23200000,23200000
1,116,23200000,23200100,10482,10482,23400000,23400000
1,117,23400000,23400100,10482,10482,23600000,23600000
1,118,23600000,23600100,10482,10482,23800000,23800000
1,119,23800000,23800100,10482,10482,24000000,24000000
1,120,24000000,24000100,10482,10482,24200000,24200000
1,121,24200000,24200100,10482,10482,24400000,24400000
1,122,24400000,24400100,10482,10482,24600000,24600000
1,123,24600000,24600100,10482,10482,24800000,24800000
1,124,24800000,24800100,10482,10482,25000000,25000000
1,125,25000000,25000100,10482,10482,25200000,25200000
1,126,25200000,25200100,10482,10482,25400000,25400000
1,127,25400000,25400100,10482,10482,25600000,25600000
1,128,25600000,25600100,10482,10482,25800000,25800000
1,129,25800000,25800100,10482,10482,26000000,26000000
1,130,26000000,26000100,10482,10482,26200000,26200000
1,131,26200000,26200100,10482,10482,26400000,26400000
1,132,26400000,26400100,10482,10482,26600000,26600000
1,133,26600000,26600100,10482,10482,26800000,26800000
1,134,26800000,26800100,10482,10482,27000000,27000000
1,135,27000000,27000100,10482,10482,27200000,27200000
1,136,27200000,27200100,10482,10482,27400000,27400000
1,137,27400000,27400100,10482,10482,27600000,27600000
1,138,27600000,27600100,10482,10482,27800000,27800000
1,139,27800000,27800100,10482,10482,28000000,28000000
1,140,28000000,28000100,10482,10482,28200000,28200000
1,141,28200000,28200100,10482,10482,28400000,28400000
1,142,28400000,28400100,10482,10482,28600000,28600000
1,143,28600000,28600100,10482,10482,28800000,28800000
1,144,28800000,28800100,10482,10482,29000000,29000000
1,145,29000000,29000100,10482,10482,29200000,29200000
1,146,29200000,29200100,10482,10482,29400000,29400000
1,147,29400000,29400100,10482,10482,29600000,29600000
1,148,29600000,29600100,10482,10482,29800000,29800000
1,149,29800000,29800100,10482,10482,30000000,30000000
1,150,30000000,30000100,10482,10482,30200000,30200000
1,151,30200000,30200100,10482,10482,30400000,30400000
1,152,30400000,30400100,10482,10482,30600000,30600000
1,153,30600000,30600100,10482,10482,30800000,30800000
1,154,30800000,30800100,10482,10482,31000000,31000000
1,155,31000000,31000100,10482,10482,31200000,31200000
1,156,31200000,31200100,10482,10482,31400000,31400000
1,157,31400000,31400100,10482,10482,31600000,31600000
1,158,31600000,31600100,10482,10482,31800000,31800000
1,159,31800000,31800100,10482,10482,32000000,32000000
1,160,32000000,32000100,10482,10482,32200000,32200000
1,161,32200000,32200100,10482,10482,32400000,32400000
1,162,32400000,32400100,10482,10482,32600000,32600000
1,163,32600000,32600100,10482,10482,32800000,32800000
1,164,32800000,32800100,10482,10482,33000000,33000000
1,165,33000000,33000100,10482,10482,33200000,33200000
1,166,33200000,33200100,10482,10482,33400000,33400000
1,167,33400000,33400100,10482,10482,33600000,33600000
1,168,33600000,33600100,10482,10482,33800000,33800000
1,169,33800000,33800100,10482,10482,34000000,34000000
1,170,34000000,34000100,10482,10482,34200000,34200000
1,171,34200000,34200100,10482,10482,34400000,34400000
1,172,34400000,34400100,10482,10482,34600000,34600000
1,173,34600000,34600100,10482,10482,34800000,34800000
1,174,34800000,34800100,10482,10482,35000000,35000000
1,175,35000000,35000100,10482,10482,35200000,35200000
1,176,35200000,35200100,10482,10482,35400000,35400000
1,177,35400000,35400100,10482,10482,35600000,35600000
1,178,35600000,35600100,10482,10482,35800000,35800000
1,179,35800000,35800100,10482,10482,36000000,36000000
1,180,36000000,36000100,10482,10482,36200000,36200000
1,181,36200000,36200100,10482,10482,36400000,36400000
1,182,36400000,36400100,10482,10482,36600000,36600000
1,183,36600000,36600100,10482,10482,36800000,36800000
1,184,36800000,36800100,10482,10482,37000000,37000000
1,185,37000000,37000100,10482,10482,37200000,37200000
1,186,37200000,37200100,10482,10482,37400000,37400000
1,187,37400000,37400100,10482,10482,37600000,37600000
1,188,37600000,37600100,10482,10482,37800000,37800000
1,189,37800000,37800100,10482,10482,38000000,38000000
1,190,38000000,38000100,10482,10482,38200000,38200000
1,191,38200000,38200100,10482,10482,38400000,38400000
1,192,38400000,38400100,10482,10482,38600000,38600000
1,193,38600000,38600100,10482,10482,38800000,38800000
1,194,38800000,38800100,10482,10482,39000000,39000000
1,195,39000000,39000100,10482,10482,39200000,39200000
1,196,39200000,39200100,10482,10482,39400000,39400000
1,197,39400000,39400100,10482,10482,39600000,39600000
1,198,39600000,39600100,10482,10482,39800000,39800000
1,199,39800000,39800100,10482,10482,40000000,40000000
1,200,40000000,40000100,10482,10482,40200000,40200000
1,201,40200000,40200100,10482,10482,40400000,40400000
1,202,40400000,40400100,10482,10482,40600000,40600000
1,203,40600000,40600100,10482,10482,40800000,40800000
1,204,40800000,40800100,10482,10482,41000000,41000000
1,205,41000000,41000100,10482,10482,41200000,41200000
1,206,41200000,41200100,10482,10482,41400000,41400000
1,207,41400000,41400100,10482,10482,41600000,41600000
1,208,41600000,41600100,10482,10482,41800000,41800000
1,209,41800000,41800100,10482,10482,42000000,42000000
1,210,42000000,42000100,10482,10482,42200000,42200000
1,211,42200000,42200100,10482,10482,42400000,42400000
1,212,42400000,42400100,10482,10482,42600000,42600000
1,213,42600000,42600100,10482,10482,42800000,42800000
1,214,42800000,42800100,10482,10482,43000000,43000000
1,215,43000000,43000100,10482,10482,43200000,43200000
1,216,43200000,43200100,10482,10482,43400000,43400000
1,217,43400000,43400100,10482,10482,43600000,43600000
1,218,43600000,43600100,10482,10482,43800000,43800000
1,219,43800000,43800100,10482,10482,44000000,44000000
1,220,44000000,44000100,10482,10482,44200000,44200000
1,221,44200000,44200100,10482,10482,44400000,44400000
1,222,44400000,44400100,10482,10482,44600000,44600000
1,223,44600000,44600100,10482,10482,44800000,44800000
1,224,44800000,44800100,10482,10482,45000000,45000000
1,225,45000000,45000100,10482,10482,45200000,45200000
1,226,45200000,45200100,10482,10482,45400000,45400000
1,227,45400000,45400100,10482,10482,45600000,45600000
1,228,45600000,45600100,10482,10482,45800000,45800000
1,229,45800000,45800100,10482,10482,46000000,46000000
1,230,46000000,46000100,10482,10482,46200000,46200000
1,231,46200000,46200100,10482,10482,46400000,46400000
1,232,46400000,46400100,10482,10482,46600000,46600000
1,233,46600000,46600100,10482,10482,46800000,46800000
1,234,46800000,46800100,10482,10482,47000000,47000000
1,235,47000000,47000100,10482,10482,47200000,47200000
1,236,47200000,47200100,10482,10482,47400000,47400000
1,237,47400000,47400100,10482,10482,47600000,47600000
1,238,47600000,47600100,10482,10482,47800000,47800000
1,239,47800000,47800100,10482,10482,48000000,48000000
1,240,48000000,48000100,10482,10482,48200000,48200000
1,241,48200000,48200100,10482,10482,48400000,48400000
1,242,48400000,48400100,10482,10482,48600000,48600000
1,243,48600000,48600100,10482,10482,48800000,48800000
1,244,48800000,48800100,10482,10482,49000000,49000000
1,245,49000000,49000100,10482,10482,49200000,49200000
1,246,49200000,49200100,10482,10482,49400000,49400000
1,247,49400000,49400100,10482,10482,49600000,49600000
1,248,49600000,49600100,10482,10482,49800000,49800000
1,249,49800000,49800100,10482,10482,50000000,50000000
1,250,50000000,50000100,10482,10482,50200000,50200000
1,251,50200000,50200100,10482,10482,50400000,50400000
1,252,50400000,50400100,10482,10482,50600000,50600000
1,253,50600000,50600100,10482,10482,50800000,50800000
1,254,50800000,50800100,10482,10482,51000000,51000000
1,255,51000000,51000100,10482,10482,51200000,51200000
1,256,51200000,51200100,10482,10482,51400000,51400000
1,257,51400000,51400100,10482,10482,51600000,51600000
1,258,51600000,51600100,10482,10482,51800000,51800000
1,259,51800000,51800100,10482,10482,52000000,52000000
1,260,52000000,52000100,10482,10482,52200000,52200000
1,261,52200000,52200100,10482,10482,52400000,52400000
1,262,52400000,52400100,10482,10482,52600000,52600000
1,263,52600000,52600100,10482,10482,52800000,52800000
1,264,52800000,52800100,10482,10482,53000000,53000000
1,265,53000000,53000100,10482,10482,53200000,53200000
1,266,53200000,53200100,10482,10482,53400000,53400000
1,267,53400000,53400100,10482,10482,53600000,53600000
1,268,53600000,53600100,10482,10482,53800000,53800000
1,269,53800000,53800100,10482,10482,54000000,54000000
1,270,54000000,54000100,10482,10482,54200000,54200000
1,271,54200000,54200100,10482,10482,54400000,54400000
1,272,54400000,54400100,10482,10482,54600000,54600000
1,273,54600000,54600100,10482,10482,54800000,54800000
1,274,54800000,54800100,10482,10482,55000000,55000000
1,275,55000000,55000100,10482,10482,55200000,55200000
1,276,55200000,55200100,10482,10482,55400000,55400000
1,277,55400000,55400100,10482,10482,55600000,55600000
1,278,55600000,55600100,10482,10482,55800000,55800000
1,279,55800000,55800100,10482,10482,56000000,56000000
1,280,56000000,56000100,10482,10482,56200000,56200000
1,281,56200000,56200100,10482,10482,56400000,56400000
1,282,56400000,56400100,10482,10482,56600000,56600000
1,283,56600000,56600100,10482,10482,56800000,56800000
1,284,56800000,56800100,10482,10482,57000000,57000000
1,285,57000000,57000100,10482,10482,57200000,57200000
1,286,57200000,57200100,10482,10482,57400000,57400000
1,287,57400000,57400100,10482,10482,57600000,57600000
1,288,57600000,57600100,10482,10482,57800000,57800000
1,289,57800000,57800100,10482,10482,58000000,58000000
1,290,58000000,58000100,10482,10482,58200000,58200000
1,291,58200000,58200100,10482,10482,58400000,58400000
1,292,58400000,58400100,10482,10482,58600000,58600000
1,293,58600000,58600100,10482,10482,58800000,58800000
1,294,58800000,58800100,10482,10482,59000000,59000000
1,295,59000000,59000100,10482,10482,59200000,59200000
1,296,59200000,59200100,10482,10482,59400000,59400000
1,297,59400000,59400100,10482,10482,59600000,59600000
1,298,59600000,59600100,10482,10482,59800000,59800000
1,299,59800000,59800100,10482,10482,60000000,60000000
1,300,60000000,60000100,10482,10482,60200000,60200000
1,301,60200000,60200100,10482,10482,60400000,60400000
1,302,60400000,60400100,10482,10482,60600000,60600000
1,303,60600000,60600100,10482,10482,60800000,60800000
1,304,60800000,60800100,10482,10482,61000000,61000000
1,305,61000000,61000100,10482,10482,61200000,61200000
1,306,61200000,61200100,10482,10482,61400000,61400000
1,307,61400000,61400100,10482,10482,61600000,61600000
1,308,61600000,61600100,10482,10482,61800000,61800000
1,309,61800000,61800100,10482,10482,62000000,62000000
1,310,62000000,62000100,10482,10482,62200000,62200000
1,311,62200000,62200100,10482,10482,62400000,62400000
1,312,62400000,62400100,10482,10482,62600000,62600000
1,313,62600000,62600100,10482,10482,62800000,62800000
1,314,62800000,62800100,10482,10482,63000000,63000000
1,315,63000000,63000100,10482,10482,63200000,63200000
1,316,63200000,63200100,10482,10482,63400000,63400000
1,317,63400000,63400100,10482,10482,63600000,63600000
1,318,63600000,63600100,10482,10482,63800000,63800000
1,319,63800000,63800100,10482,10482,64000000,64000000
1,320,64000000,64000100,10482,10482,64200000,64200000
1,321,64200000,64200100,10482,10482,64400000,64400000
1,322,64400000,64400100,10482,10482,64600000,64600000
1,323,64600000,64600100,10482,10482,64800000,64800000
1,324,64800000,64800100,10482,10482,65000000,65000000
1,325,65000000,65000100,10482,10482,65200000,65200000
1,326,65200000,65200100,10482,10482,65400000,65400000
1,327,65400000,65400100,10482,10482,65600000,65600000
1,328,65600000,65600100,10482,10482,65800000,65800000
1,329,65800000,65800100,10482,10482,66000000,66000000
1,330,66000000,66000100,10482,10482,66200000,66200000
1,331,66200000,66200100,10482,10482,66400000,66400000
1,332,66400000,66400100,10482,10482,66600000,66600000
1,333,66600000,66600100,10482,10482,66800000,66800000
1,334,66800000,66800100,10482,10482,67000000,67000000
1,335,67000000,67000100,10482,10482,67200000,67200000
1,336,67200000,67200100,10482,10482,67400000,67400000
1,337,67400000,67400100,10482,10482,67600000,67600000
1,338,67600000,67600100,10482,10482,67800000,67800000
1,339,67800000,67800100,10482,10482,68000000,68000000
1,340,68000000,68000100,10482,10482,68200000,68200000
1,341,68200000,68200100,10482,10482,68400000,68400000
1,342,68400000,68400100,10482,10482,68600000,68600000
1,343,68600000,68600100,10482,10482,68800000,68800000
1,344,68800000,68800100,10482,10482,69000000,69000000
1,345,69000000,69000100,10482,10482,69200000,69200000
1,346,69200000,69200100,10482,10482,69400000,69400000
1,347,69400000,69400100,10482,10482,69600000,69600000
1,348,69600000,69600100,10482,10482,69800000,69800000
1,349,69800000,69800100,10482,10482,70000000,70000000
1,350,70000000,70000100,10482,10482,70200000,70200000
1,351,70200000,70200100,10482,10482,70400000,70400000
1,352,70400000,70400100,10482,10482,70600000,70600000
1,353,70600000,70600100,10482,10482,70800000,70800000
1,354,70800000,70800100,10482,10482,71000000,71000000
1,355,71000000,71000100,10482,10482,71200000,71200000
1,356,71200000,71200100,10482,10482,71400000,71400000
1,357,71400000,71400100,10482,10482,71600000,71600000
1,358,71600000,71600100,10482,10482,71800000,71800000
1,359,71800000,71800100,10482,10482,72000000,72000000
1,360,72000000,72000100,10482,10482,72200000,72200000
1,361,72200000,72200100,10482,10482,72400000,72400000
1,362,72400000,72400100,10482,10482,72600000,72600000
1,363,72600000,72600100,10482,10482,72800000,72800000
1,364,72800000,72800100,10482,10482,73000000,73000000
1,365,73000000,73000100,10482,10482,73200000,73200000
1,366,73200000,73200100,10482,10482,73400000,73400000
1,367,73400000,73400100,10482,10482,73600000,73600000
1,368,73600000,73600100,10482,10482,73800000,73800000
1,369,73800000,73800100,10482,10482,74000000,74000000
1,370,74000000,74000100,10482,10482,74200000,74200000
1,371,74200000,74200100,10482,10482,74400000,74400000
1,372,74400000,74400100,10482,10482,74600000,74600000
1,373,74600000,74600100,10482,10482,74800000,74800000
1,374,74800000,74800100,10482,10482,75000000,75000000
1,375,75000000,75000100,10482,10482,75200000,75200000
1,376,75200000,75200100,10482,10482,75400000,75400000
1,377,75400000,75400100,10482,10482,75600000,75600000
1,378,75600000,75600100,10482,10482,75800000,75800000
1,379,75800000,75800100,10482,10482,76000000,76000000
1,380,76000000,76000100,10482,10482,76200000,76200000
1,381,76200000,76200100,10482,10482,76400000,76400000
1,382,76400000,76400100,10482,10482,76600000,76600000
1,383,76600000,76600100,10482,10482,76800000,76800000
1,384,76800000,76800100,10482,10482,77000000,77000000
1,385,77000000,77000100,10482,10482,77200000,77200000
1,386,77200000,77200100,10482,10482,77400000,77400000
1,387,77400000,77400100,10482,10482,77600000,77600000
1,388,77600000,77600100,10482,10482,77800000,77800000
1,389,77800000,77800100,10482,10482,78000000,78000000
1,390,78000000,78000100,10482,10482,78200000,78200000
1,391,78200000,78200100,10482,10482,78400000,78400000
1,392,78400000,78400100,10482,10482,78600000,78600000
1,393,78600000,78600100,10482,10482,78800000,78800000
1,394,78800000,78800100,10482,10482,79000000,79000000
1,395,79000000,79000100,10482,10482,79200000,79200000
1,396,79200000,79200100,10482,10482,79400000,79400000
1,397,79400000,79400100,10482,10482,79600000,79600000
1,398,79600000,79600100,10482,10482,79800000,79800000
1,399,79800000,79800100,10482,10482,80000000,80000000
1,400,80000000,80000100,10482,10482,80200000,80200000
1,401,80200000,80200100,10482,10482,80400000,80400000
1,402,80400000,80400100,10482,10482,80600000,80600000
1,403,80600000,80600100,10482,10482,80800000,80800000
1,404,80800000,80800100,10482,10482,81000000,81000000
1,405,81000000,81000100,10482,10482,81200000,81200000
1,406,81200000,81200100,10482,10482,81400000,81400000
1,407,81400000,81400100,10482,10482,81600000,81600000
1,408,81600000,81600100,10482,10482,81800000,81800000
1,409,81800000,81800100,10482,10482,82000000,82000000
1,410,82000000,82000100,10482,10482,82200000,82200000
1,411,82200000,82200100,10482,10482,82400000,82400000
1,412,82400000,82400100,10482,10482,82600000,82600000
1,413,82600000,82600100,10482,10482,82800000,82800000
1,414,82800000,82800100,10482,10482,83000000,83000000
1,415,83000000,83000100,10482,10482,83200000,83200000
1,416,83200000,83200100,10482,10482,83400000,83400000
1,417,83400000,83400100,10482,10482,83600000,83600000
1,418,83600000,83600100,10482,10482,83800000,83800000
1,419,83800000,83800100,10482,10482,84000000,84000000
1,420,84000000,84000100,10482,10482,84200000,84200000
1,421,84200000,84200100,10482,10482,84400000,84400000
1,422,84400000,84400100,10482,10482,84600000,84600000
1,423,84600000,84600100,10482,10482,84800000,84800000
1,424,84800000,84800100,10482,10482,85000000,85000000
1,425,85000000,85000100,10482,10482,85200000,85200000
1,426,85200000,85200100,10482,10482,85400000,85400000
1,427,85400000,85400100,10482,10482,85600000,85600000
1,428,85600000,85600100,10482,10482,85800000,85800000
1,429,85800000,85800100,10482,10482,86000000,86000000
1,430,86000000,86000100,10482,10482,86200000,86200000
1,431,86200000,86200100,10482,10482,86400000,86400000
1,432,86400000,86400100,10482,10482,86600000,86600000
1,433,86600000,86600100,10482,10482,86800000,86800000
1,434,86800000,86800100,10482,10482,87000000,87000000
1,435,87000000,87000100,10482,10482,87200000,87200000
1,436,87200000,87200100,10482,10482,87400000,87400000
1,437,87400000,87400100,10482,10482,87600000,87600000
1,438,87600000,87600100,10482,10482,87800000,87800000
1,439,87800000,87800100,10482,10482,88000000,88000000
1,440,88000000,88000100,10482,10482,88200000,88200000
1,441,88200000,88200100,10482,10482,88400000,88400000
1,442,88400000,88400100,10482,10482,88600000,88600000
1,443,88600000,88600100,10482,10482,88800000,88800000
1,444,88800000,88800100,10482,10482,89000000,89000000
1,445,89000000,89000100,10482,10482,89200000,89200000
1,446,89200000,89200100,10482,10482,89400000,89400000
1,447,89400000,89400100,10482,10482,89600000,89600000
1,448,89600000,89600100,10482,10482,89800000,89800000
1,449,89800000,89800100,10482,10482,90000000,90000000
1,450,90000000,90000100,10482,10482,90200000,90200000
1,451,90200000,90200100,10482,10482,90400000,90400000
1,452,90400000,90400100,10482,10482,90600000,90600000
1,453,90600000,90600100,10482,10482,90800000,90800000
1,454,90800000,90800100,10482,10482,91000000,91000000
1,455,91000000,91000100,10482,10482,91200000,91200000
1,456,91200000,91200100,10482,10482,91400000,91400000
1,457,91400000,91400100,10482,10482,91600000,91600000
1,458,91600000,91600100,10482,10482,91800000,91800000
1,459,91800000,91800100,10482,10482,92000000,92000000
1,460,92000000,92000100,10482,10482,92200000,92200000
1,461,92200000,92200100,10482,10482,92400000,92400000
1,462,92400000,92400100,10482,10482,92600000,92600000
1,463,92600000,92600100,10482,10482,92800000,92800000
1,464,92800000,92800100,10482,10482,93000000,93000000
1,465,93000000,93000100,10482,10482,93200000,93200000
1,466,93200000,93200100,10482,10482,93400000,93400000
1,467,93400000,93400100,10482,10482,93600000,93600000
1,468,93600000,93600100,10482,10482,93800000,93800000
1,469,93800000,93800100,10482,10482,94000000,94000000
1,470,94000000,94000100,10482,10482,94200000,94200000
1,471,94200000,94200100,10482,10482,94400000,94400000
1,472,94400000,94400100,10482,10482,94600000,94600000
1,473,94600000,94600100,10482,10482,94800000,94800000
1,474,94800000,94800100,10482,10482,95000000,95000000
1,475,95000000,95000100,10482,10482,95200000,95200000
1,476,95200000,95200100,10482,10482,95400000,95400000
1,477,95400000,95400100,10482,10482,95600000,95600000
1,478,95600000,95600100,10482,10482,95800000,95800000
1,479,95800000,95800100,10482,10482,96000000,96000000
1,480,96000000,96000100,10482,10482,96200000,96200000
1,481,96200000,96200100,10482,10482,96400000,96400000
1,482,96400000,96400100,10482,10482,96600000,96600000
1,483,96600000,96600100,10482,10482,96800000,96800000
1,484,96800000,96800100,10482,10482,97000000,97000000
1,485,97000000,97000100,10482,10482,97200000,97200000
1,486,97200000,97200100,10482,10482,97400000,97400000
1,487,97400000,97400100,10482,10482,97600000,97600000
1,488,97600000,97600100,10482,10482,97800000,97800000
1,489,97800000,97800100,10482,10482,98000000,98000000
1,490,98000000,98000100,10482,10482,98200000,98200000
1,491,98200000,98200100,10482,10482,98400000,98400000
1,492,98400000,98400100,10482,10482,98600000,98600000
1,493,98600000,98600100,10482,10482,98800000,98800000
1,494,98800000,98800100,10482,10482,99000000,99000000
1,495,99000000,99000100,10482,10482,99200000,99200000
1,496,99200000,99200100,10482,10482,99400000,99400000
1,497,99400000,99400100,10482,10482,99600000,99600000
1,498,99600000,99600100,10482,10482,99800000,99800000
1,499,99800000,99800100,10482,10482,100000000,100000000
1,500,100000000,100000100,10482,10482,100200000,100200000
1,501,100200000,100200100,10482,10482,100400000,100400000
1,502,100400000,100400100,10482,10482,100600000,100600000
1,503,100600000,100600100,10482,10482,100800000,100800000
1,504,100800000,100800100,10482,10482,101000000,101000000
1,505,101000000,101000100,10482,10482,101200000,101200000
1,506,101200000,101200100,10482,10482,101400000,101400000
1,507,101400000,101400100,10482,10482,101600000,101600000
1,508,101600000,101600100,10482,10482,101800000,101800000
1,509,101800000,101800100,10482,10482,102000000,102000000
1,510,102000000,102000100,10482,10482,102200000,102200000
1,511,102200000,102200100,10482,10482,102400000,102400000
1,512,102400000,102400100,10482,10482,102600000,102600000
1,513,102600000,102600100,10482,10482,102800000,102800000
1,514,102800000,102800100,10482,10482,103000000,103000000
1,515,103000000,103000100,10482,10482,103200000,103200000
1,516,103200000,103200100,10482,10482,103400000,103400000
1,517,103400000,103400100,10482,10482,103600000,103600000
1,518,103600000,103600100,10482,10482,103800000,103800000
1,519,103800000,103800100,10482,10482,104000000,104000000
1,520,104000000,104000100,10482,10482,104200000,104200000
1,521,104200000,104200100,10482,10482,104400000,104400000
1,522,104400000,104400100,10482,10482,104600000,104600000
1,523,104600000,104600100,10482,10482,104800000,104800000
1,524,104800000,104800100,10482,10482,105000000,105000000
1,525,105000000,105000100,10482,10482,105200000,105200000
1,526,105200000,105200100,10482,10482,105400000,105400000
1,527,105400000,105400100,10482,10482,105600000,105600000
1,528,105600000,105600100,10482,10482,105800000,105800000
1,529,105800000,105800100,10482,10482,106000000,106000000
1,530,106000000,106000100,10482,10482,106200000,106200000
1,531,106200000,106200100,10482,10482,106400000,106400000
1,532,106400000,106400100,10482,10482,106600000,106600000
1,533,106600000,106600100,10482,10482,106800000,106800000
1,534,106800000,106800100,10482,10482,107000000,107000000
1,535,107000000,107000100,10482,10482,107200000,107200000
1,536,107200000,107200100,10482,10482,107400000,107400000
1,537,107400000,107400100,10482,10482,107600000,107600000
1,538,107600000,107600100,10482,10482,107800000,107800000
1,539,107800000,107800100,10482,10482,108000000,108000000
1,540,108000000,108000100,10482,10482,108200000,108200000
1,541,108200000,108200100,10482,10482,108400000,108400000
1,542,108400000,108400100,10482,10482,108600000,108600000
1,543,108600000,108600100,10482,10482,108800000,108800000
1,544,108800000,108800100,10482,10482,109000000,109000000
1,545,109000000,109000100,10482,10482,109200000,109200000
1,546,109200000,109200100,10482,10482,109400000,109400000
1,547,109400000,109400100,10482,10482,109600000,109600000
1,548,109600000,109600100,10482,10482,109800000,109800000
1,549,109800000,109800100,10482,10482,110000000,110000000
1,550,110000000,110000100,10482,10482,110200000,110200000
1,551,110200000,110200100,10482,10482,110400000,110400000
1,552,110400000,110400100,10482,10482,110600000,110600000
1,553,110600000,110600100,10482,10482,110800000,110800000
1,554,110800000,110800100,10482,10482,111000000,111000000
1,555,111000000,111000100,10482,10482,111200000,111200000
1,556,111200000,111200100,10482,10482,111400000,111400000
1,557,111400000,111400100,10482,10482,111600000,111600000
1,558,111600000,111600100,10482,10482,111800000,111800000
1,559,111800000,111800100,10482,10482,112000000,112000000
1,560,112000000,112000100,10482,10482,112200000,112200000
1,561,112200000,112200100,10482,10482,112400000,112400000
1,562,112400000,112400100,10482,10482,112600000,112600000
1,563,112600000,112600100,10482,10482,112800000,112800000
1,564,112800000,112800100,10482,10482,113000000,113000000
1,565,113000000,113000100,10482,10482,113200000,113200000
1,566,113200000,113200100,10482,10482,113400000,113400000
1,567,113400000,113400100,10482,10482,113600000,113600000
1,568,113600000,113600100,10482,10482,113800000,113800000
1,569,113800000,113800100,10482,10482,114000000,114000000
1,570,114000000,114000100,10482,10482,114200000,114200000
1,571,114200000,114200100,10482,10482,114400000,114400000
1,572,114400000,114400100,10482,10482,114600000,114600000
1,573,114600000,114600100,10482,10482,114800000,114800000
1,574,114800000,114800100,10482,10482,115000000,115000000
1,575,115000000,115000100,10482,10482,115200000,115200000
1,576,115200000,115200100,10482,10482,115400000,115400000
1,577,115400000,115400100,10482,10482,115600000,115600000
1,578,115600000,115600100,10482,10482,115800000,115800000
1,579,115800000,115800100,10482,10482,116000000,116000000
1,580,116000000,116000100,10482,10482,116200000,116200000
1,581,116200000,116200100,10482,10482,116400000,116400000
1,582,116400000,116400100,10482,10482,116600000,116600000
1,583,116600000,116600100,10482,10482,116800000,116800000
1,584,116800000,116800100,10482,10482,117000000,117000000
1,585,117000000,117000100,10482,10482,117200000,117200000
1,586,117200000,117200100,10482,10482,117400000,117400000
1,587,117400000,117400100,10482,10482,117600000,117600000
1,588,117600000,117600100,10482,10482,117800000,117800000
1,589,117800000,117800100,10482,10482,118000000,118000000
1,590,118000000,118000100,10482,10482,118200000,118200000
1,591,118200000,118200100,10482,10482,118400000,118400000
1,592,118400000,118400100,10482,10482,118600000,118600000
1,593,118600000,118600100,10482,10482,118800000,118800000
1,594,118800000,118800100,10482,10482,119000000,119000000
1,595,119000000,119000100,10482,10482,119200000,119200000
1,596,119200000,119200100,10482,10482,119400000,119400000
1,597,119400000,119400100,10482,10482,119600000,119600000
1,598,119600000,119600100,10482,10482,119800000,119800000
1,599,119800000,119800100,10482,10482,120000000,120000000
1,600,120000000,120000100,10482,10482,120200000,120200000
1,601,120200000,120200100,10482,10482,120400000,120400000
1,602,120400000,120400100,10482,10482,120600000,120600000
1,603,120600000,120600100,10482,10482,120800000,120800000
1,604,120800000,120800100,10482,10482,121000000,121000000
1,605,121000000,121000100,10482,10482,121200000,121200000
1,606,121200000,121200100,10482,10482,121400000,121400000
1,607,121400000,121400100,10482,10482,121600000,121600000
1,608,121600000,121600100,10482,10482,121800000,121800000
1,609,121800000,121800100,10482,10482,122000000,122000000
1,610,122000000,122000100,10482,10482,122200000,122200000
1,611,122200000,122200100,10482,10482,122400000,122400000
1,612,122400000,122400100,10482,10482,122600000,122600000
1,613,122600000,122600100,10482,10482,122800000,122800000
1,614,122800000,122800100,10482,10482,123000000,123000000
1,615,123000000,123000100,10482,10482,123200000,123200000
1,616,123200000,123200100,10482,10482,123400000,123400000
1,617,123400000,123400100,10482,10482,123600000,123600000
1,618,123600000,123600100,10482,10482,123800000,123800000
1,619,123800000,123800100,10482,10482,124000000,124000000
1,620,124000000,124000100,10482,10482,124200000,124200000
1,621,124200000,124200100,10482,10482,124400000,124400000
1,622,124400000,124400100,10482,10482,124600000,124600000
1,623,124600000,124600100,10482,10482,124800000,124800000
1,624,124800000,124800100,10482,10482,125000000,125000000
1,625,125000000,125000100,10482,10482,125200000,125200000
1,626,125200000,125200100,10482,10482,125400000,125400000
1,627,125400000,125400100,10482,10482,125600000,125600000
1,628,125600000,125600100,10482,10482,125800000,125800000
1,629,125800000,125800100,10482,10482,126000000,126000000
1,630,126000000,126000100,10482,10482,126200000,126200000
1,631,126200000,126200100,10482,10482,126400000,126400000
1,632,126400000,126400100,10482,10482,126600000,126600000
1,633,126600000,126600100,10482,10482,126800000,126800000
1,634,126800000,126800100,10482,10482,127000000,127000000
1,635,127000000,127000100,10482,10482,127200000,127200000
1,636,127200000,127200100,10482,10482,127400000,127400000
1,637,127400000,127400100,10482,10482,127600000,127600000
1,638,127600000,127600100,10482,10482,127800000,127800000
1,639,127800000,127800100,10482,10482,128000000,128000000
1,640,128000000,128000100,10482,10482,128200000,128200000
1,641,128200000,128200100,10482,10482,128400000,128400000
1,642,128400000,128400100,10482,10482,128600000,128600000
1,643,128600000,128600100,10482,10482,128800000,128800000
1,644,128800000,128800100,10482,10482,129000000,129000000
1,645,129000000,129000100,10482,10482,129200000,129200000
1,646,129200000,129200100,10482,10482,129400000,129400000
1,647,129400000,129400100,10482,10482,129600000,129600000
1,648,129600000,129600100,10482,10482,129800000,129800000
1,649,129800000,129800100,10482,10482,130000000,130000000
1,650,130000000,130000100,10482,10482,130200000,130200000
1,651,130200000,130200100,10482,10482,130400000,130400000
1,652,130400000,130400100,10482,10482,130600000,130600000
1,653,130600000,130600100,10482,10482,130800000,130800000
1,654,130800000,130800100,10482,10482,131000000,131000000
1,655,131000000,131000100,10482,10482,131200000,131200000
1,656,131200000,131200100,10482,10482,131400000,131400000
1,657,131400000,131400100,10482,10482,131600000,131600000
1,658,131600000,131600100,10482,10482,131800000,131800000
1,659,131800000,131800100,10482,10482,132000000,132000000
1,660,132000000,132000100,10482,10482,132200000,132200000
1,661,132200000,132200100,10482,10482,132400000,132400000
1,662,132400000,132400100,10482,10482,132600000,132600000
1,663,132600000,132600100,10482,10482,132800000,132800000
1,664,132800000,132800100,10482,10482,133000000,133000000
1,665,133000000,133000100,10482,10482,133200000,133200000
1,666,133200000,133200100,10482,10482,133400000,133400000
1,667,133400000,133400100,10482,10482,133600000,133600000
1,668,133600000,133600100,10482,10482,133800000,133800000
1,669,133800000,133800100,10482,10482,134000000,134000000
1,670,134000000,134000100,10482,10482,134200000,134200000
1,671,134200000,134200100,10482,10482,134400000,134400000
1,672,134400000,134400100,10482,10482,134600000,134600000
1,673,134600000,134600100,10482,10482,134800000,134800000
1,674,134800000,134800100,10482,10482,135000000,135000000
1,675,135000000,135000100,10482,10482,135200000,135200000
1,676,135200000,135200100,10482,10482,135400000,135400000
1,677,135400000,135400100,10482,10482,135600000,135600000
1,678,135600000,135600100,10482,10482,135800000,135800000
1,679,135800000,135800100,10482,10482,136000000,136000000
1,680,136000000,136000100,10482,10482,136200000,136200000
1,681,136200000,136200100,10482,10482,136400000,136400000
1,682,136400000,136400100,10482,10482,136600000,136600000
1,683,136600000,136600100,10482,10482,136800000,136800000
1,684,136800000,136800100,10482,10482,137000000,137000000
1,685,137000000,137000100,10482,10482,137200000,137200000
1,686,137200000,137200100,10482,10482,137400000,137400000
1,687,137400000,137400100,10482,10482,137600000,137600000
1,688,137600000,137600100,10482,10482,137800000,137800000
1,689,137800000,137800100,10482,10482,138000000,138000000
1,690,138000000,138000100,10482,10482,138200000,138200000
1,691,138200000,138200100,10482,10482,138400000,138400000
1,692,138400000,138400100,10482,10482,138600000,138600000
1,693,138600000,138600100,10482,10482,138800000,138800000
1,694,138800000,138800100,10482,10482,139000000,139000000
1,695,139000000,139000100,10482,10482,139200000,139200000
1,696,139200000,139200100,10482,10482,139400000,139400000
1,697,139400000,139400100,10482,10482,139600000,139600000
1,698,139600000,139600100,10482,10482,139800000,139800000
1,699,139800000,139800100,10482,10482,140000000,140000000
1,700,140000000,140000100,10482,10482,140200000,140200000
1,701,140200000,140200100,10482,10482,140400000,140400000
1,702,140400000,140400100,10482,10482,140600000,140600000
1,703,140600000,140600100,10482,10482,140800000,140800000
1,704,140800000,140800100,10482,10482,141000000,141000000
1,705,141000000,141000100,10482,10482,141200000,141200000
1,706,141200000,141200100,10482,10482,141400000,141400000
1,707,141400000,141400100,10482,10482,141600000,141600000
1,708,141600000,141600100,10482,10482,141800000,141800000
1,709,141800000,141800100,10482,10482,142000000,142000000
1,710,142000000,142000100,10482,10482,142200000,142200000
1,711,142200000,142200100,10482,10482,142400000,142400000
1,712,142400000,142400100,10482,10482,142600000,142600000
1,713,142600000,142600100,10482,10482,142800000,142800000
1,714,142800000,142800100,10482,10482,143000000,143000000
1,715,143000000,143000100,10482,10482,143200000,143200000
1,716,143200000,143200100,10482,10482,143400000,143400000
1,717,143400000,143400100,10482,10482,143600000,143600000
1,718,143600000,143600100,10482,10482,143800000,143800000
1,719,143800000,143800100,10482,10482,144000000,144000000
1,720,144000000,144000100,10482,10482,144200000,144200000
1,721,144200000,144200100,10482,10482,144400000,144400000
1,722,144400000,144400100,10482,10482,144600000,144600000
1,723,144600000,144600100,10482,10482,144800000,144800000
1,724,144800000,144800100,10482,10482,145000000,145000000
1,725,145000000,145000100,10482,10482,145200000,145200000
1,726,145200000,145200100,10482,10482,145400000,145400000
1,727,145400000,145400100,10482,10482,145600000,145600000
1,728,145600000,145600100,10482,10482,145800000,145800000
1,729,145800000,145800100,10482,10482,146000000,146000000
1,730,146000000,146000100,10482,10482,146200000,146200000
1,731,146200000,146200100,10482,10482,146400000,146400000
1,732,146400000,146400100,10482,10482,146600000,146600000
1,733,146600000,146600100,10482,10482,146800000,146800000
1,734,146800000,146800100,10482,10482,147000000,147000000
1,735,147000000,147000100,10482,10482,147200000,147200000
1,736,147200000,147200100,10482,10482,147400000,147400000
1,737,147400000,147400100,10482,10482,147600000,147600000
1,738,147600000,147600100,10482,10482,147800000,147800000
1,739,147800000,147800100,10482,10482,148000000,148000000
1,740,148000000,148000100,10482,10482,148200000,148200000
1,741,148200000,148200100,10482,10482,148400000,148400000
1,742,148400000,148400100,10482,10482,148600000,148600000
1,743,148600000,148600100,10482,10482,148800000,148800000
1,744,148800000,148800100,10482,10482,149000000,149000000
1,745,149000000,149000100,10482,10482,149200000,149200000
1,746,149200000,149200100,10482,10482,149400000,149400000
1,747,149400000,149400100,10482,10482,149600000,149600000
1,748,149600000,149600100,10482,10482,149800000,149800000
1,749,149800000,149800100,10482,10482,150000000,150000000
1,750,150000000,150000100,10482,10482,150200000,150200000
1,751,150200000,150200100,10482,10482,150400000,150400000
1,752,150400000,150400100,10482,10482,150600000,150600000
1,753,150600000,150600100,10482,10482,150800000,150800000
1,754,150800000,150800100,10482,10482,151000000,151000000
1,755,151000000,151000100,10482,10482,151200000,151200000
1,756,151200000,151200100,10482,10482,151400000,151400000
1,757,151400000,151400100,10482,10482,151600000,151600000
1,758,151600000,151600100,10482,10482,151800000,151800000
1,759,151800000,151800100,10482,10482,152000000,152000000
1,760,152000000,152000100,10482,10482,152200000,152200000
1,761,152200000,152200100,10482,10482,152400000,152400000
1,762,152400000,152400100,10482,10482,152600000,152600000
1,763,152600000,152600100,10482,10482,152800000,152800000
1,764,152800000,152800100,10482,10482,153000000,153000000
1,765,153000000,153000100,10482,10482,153200000,153200000
1,766,153200000,153200100,10482,10482,153400000,153400000
1,767,153400000,153400100,10482,10482,153600000,153600000
1,768,153600000,153600100,10482,10482,153800000,153800000
1,769,153800000,153800100,10482,10482,154000000,154000000
1,770,154000000,154000100,10482,10482,154200000,154200000
1,771,154200000,154200100,10482,10482,154400000,154400000
1,772,154400000,154400100,10482,10482,154600000,154600000
1,773,154600000,154600100,10482,10482,154800000,154800000
1,774,154800000,154800100,10482,10482,155000000,155000000
1,775,155000000,155000100,10482,10482,155200000,155200000
1,776,155200000,155200100,10482,10482,155400000,155400000
1,777,155400000,155400100,10482,10482,155600000,155600000
1,778,155600000,155600100,10482,10482,155800000,155800000
1,779,155800000,155800100,10482,10482,156000000,156000000
1,780,156000000,156000100,10482,10482,156200000,156200000
1,781,156200000,156200100,10482,10482,156400000,156400000
1,782,156400000,156400100,10482,10482,156600000,156600000
1,783,156600000,156600100,10482,10482,156800000,156800000
1,784,156800000,156800100,10482,10482,157000000,157000000
1,785,157000000,157000100,10482,10482,157200000,157200000
1,786,157200000,157200100,10482,10482,157400000,157400000
1,787,157400000,157400100,10482,10482,157600000,157600000
1,788,157600000,157600100,10482,10482,157800000,157800000
1,789,157800000,157800100,10482,10482,158000000,158000000
1,790,158000000,158000100,10482,10482,158200000,158200000
1,791,158200000,158200100,10482,10482,158400000,158400000
1,792,158400000,158400100,10482,10482,158600000,158600000
1,793,158600000,158600100,10482,10482,158800000,158800000
1,794,158800000,158800100,10482,10482,159000000,159000000
1,795,159000000,159000100,10482,10482,159200000,159200000
1,796,159200000,159200100,10482,10482,159400000,159400000
1,797,159400000,159400100,10482,10482,159600000,159600000
1,798,159600000,159600100,10482,10482,159800000,159800000
1,799,159800000,159800100,10482,10482,160000000,160000000
1,800,160000000,160000100,10482,10482,160200000,160200000
1,801,160200000,160200100,10482,10482,160400000,160400000
1,802,160400000,160400100,10482,10482,160600000,160600000
1,803,160600000,160600100,10482,10482,160800000,160800000
1,804,160800000,160800100,10482,10482,161000000,161000000
1,805,161000000,161000100,10482,10482,161200000,161200000
1,806,161200000,161200100,10482,10482,161400000,161400000
1,807,161400000,161400100,10482,10482,161600000,161600000
1,808,161600000,161600100,10482,10482,161800000,161800000
1,809,161800000,161800100,10482,10482,162000000,162000000
1,810,162000000,162000100,10482,10482,162200000,162200000
1,811,162200000,162200100,10482,10482,162400000,162400000
1,812,162400000,162400100,10482,10482,162600000,162600000
1,813,162600000,162600100,10482,10482,162800000,162800000
1,814,162800000,162800100,10482,10482,163000000,163000000
1,815,163000000,163000100,10482,10482,163200000,163200000
1,816,163200000,163200100,10482,10482,163400000,163400000
1,817,163400000,163400100,10482,10482,163600000,163600000
1,818,163600000,163600100,10482,10482,163800000,163800000
1,819,163800000,163800100,10482,10482,164000000,164000000
1,820,164000000,164000100,10482,10482,164200000,164200000
1,821,164200000,164200100,10482,10482,164400000,164400000
1,822,164400000,164400100,10482,10482,164600000,164600000
1,823,164600000,164600100,10482,10482,164800000,164800000
1,824,164800000,164800100,10482,10482,165000000,165000000
1,825,165000000,165000100,10482,10482,165200000,165200000
1,826,165200000,165200100,10482,10482,165400000,165400000
1,827,165400000,165400100,10482,10482,165600000,165600000
1,828,165600000,165600100,10482,10482,165800000,165800000
1,829,165800000,165800100,10482,10482,166000000,166000000
1,830,166000000,166000100,10482,10482,166200000,166200000
1,831,166200000,166200100,10482,10482,166400000,166400000
1,832,166400000,166400100,10482,10482,166600000,166600000
1,833,166600000,166600100,10482,10482,166800000,166800000
1,834,166800000,166800100,10482,10482,167000000,167000000
1,835,167000000,167000100,10482,10482,167200000,167200000
1,836,167200000,167200100,10482,10482,167400000,167400000
1,837,167400000,167400100,10482,10482,167600000,167600000
1,838,167600000,167600100,10482,10482,167800000,167800000
1,839,167800000,167800100,10482,10482,168000000,168000000
1,840,168000000,168000100,10482,10482,168200000,168200000
1,841,168200000,168200100,10482,10482,168400000,168400000
1,842,168400000,168400100,10482,10482,168600000,168600000
1,843,168600000,168600100,10482,10482,168800000,168800000
1,844,168800000,168800100,10482,10482,169000000,169000000
1,845,169000000,169000100,10482,10482,169200000,169200000
1,846,169200000,169200100,10482,10482,169400000,169400000
1,847,169400000,169400100,10482,10482,169600000,169600000
1,848,169600000,169600100,10482,10482,169800000,169800000
1,849,169800000,169800100,10482,10482,170000000,170000000
1,850,170000000,170000100,10482,10482,170200000,170200000
1,851,170200000,170200100,10482,10482,170400000,170400000
1,852,170400000,170400100,10482,10482,170600000,170600000
1,853,170600000,170600100,10482,10482,170800000,170800000
1,854,170800000,170800100,10482,10482,171000000,171000000
1,855,171000000,171000100,10482,10482,171200000,171200000
1,856,171200000,171200100,10482,10482,171400000,171400000
1,857,171400000,171400100,10482,10482,171600000,171600000
1,858,171600000,171600100,10482,10482,171800000,171800000
1,859,171800000,171800100,10482,10482,172000000,172000000
1,860,172000000,172000100,10482,10482,172200000,172200000
1,861,172200000,172200100,10482,10482,172400000,172400000
1,862,172400000,172400100,10482,10482,172600000,172600000
1,863,172600000,172600100,10482,10482,172800000,172800000
1,864,172800000,172800100,10482,10482,173000000,173000000
1,865,173000000,173000100,10482,10482,173200000,173200000
1,866,173200000,173200100,10482,10482,173400000,173400000
1,867,173400000,173400100,10482,10482,173600000,173600000
1,868,173600000,173600100,10482,10482,173800000,173800000
1,869,173800000,173800100,10482,10482,174000000,174000000
1,870,174000000,174000100,10482,10482,174200000,174200000
1,871,174200000,174200100,10482,10482,174400000,174400000
1,872,174400000,174400100,10482,10482,174600000,174600000
1,873,174600000,174600100,10482,10482,174800000,174800000
1,874,174800000,174800100,10482,10482,175000000,175000000
1,875,175000000,175000100,10482,10482,175200000,175200000
1,876,175200000,175200100,10482,10482,175400000,175400000
1,877,175400000,175400100,10482,10482,175600000,175600000
1,878,175600000,175600100,10482,10482,175800000,175800000
1,879,175800000,175800100,10482,10482,176000000,176000000
1,880,176000000,176000100,10482,10482,176200000,176200000
1,881,176200000,176200100,10482,10482,176400000,176400000
1,882,176400000,176400100,10482,10482,176600000,176600000
1,883,176600000,176600100,10482,10482,176800000,176800000
1,884,176800000,176800100,10482,10482,177000000,177000000
1,885,177000000,177000100,10482,10482,177200000,177200000
1,886,177200000,177200100,10482,10482,177400000,177400000
1,887,177400000,177400100,10482,10482,177600000,177600000
1,888,177600000,177600100,10482,10482,177800000,177800000
1,889,177800000,177800100,10482,10482,178000000,178000000
1,890,178000000,178000100,10482,10482,178200000,178200000
1,891,178200000,178200100,10482,10482,178400000,178400000
1,892,178400000,178400100,10482,10482,178600000,178600000
1,893,178600000,178600100,10482,10482,178800000,178800000
1,894,178800000,178800100,10482,10482,179000000,179000000
1,895,179000000,179000100,10482,10482,179200000,179200000
1,896,179200000,179200100,10482,10482,179400000,179400000
1,897,179400000,179400100,10482,10482,179600000,179600000
1,898,179600000,179600100,10482,10482,179800000,179800000
1,899,179800000,179800100,10482,10482,180000000,180000000
1,900,180000000,180000100,10482,10482,180200000,180200000
1,901,180200000,180200100,10482,10482,180400000,180400000
1,902,180400000,180400100,10482,10482,180600000,180600000
1,903,180600000,180600100,10482,10482,180800000,180800000
1,904,180800000,180800100,10482,10482,181000000,181000000
1,905,181000000,181000100,10482,10482,181200000,181200000
1,906,181200000,181200100,10482,10482,181400000,181400000
1,907,181400000,181400100,10482,10482,181600000,181600000
1,908,181600000,181600100,10482,10482,181800000,181800000
1,909,181800000,181800100,10482,10482,182000000,182000000
1,910,182000000,182000100,10482,10482,182200000,182200000
1,911,182200000,182200100,10482,10482,182400000,182400000
1,912,182400000,182400100,10482,10482,182600000,182600000
1,913,182600000,182600100,10482,10482,182800000,182800000
1,914,182800000,182800100,10482,10482,183000000,183000000
1,915,183000000,183000100,10482,10482,183200000,183200000
1,916,183200000,183200100,10482,10482,183400000,183400000
1,917,183400000,183400100,10482,10482,183600000,183600000
1,918,183600000,183600100,10482,10482,183800000,183800000
1,919,183800000,183800100,10482,10482,184000000,184000000
1,920,184000000,184000100,10482,10482,184200000,184200000
1,921,184200000,184200100,10482,10482,184400000,184400000
1,922,184400000,184400100,10482,10482,184600000,184600000
1,923,184600000,184600100,10482,10482,184800000,184800000
1,924,184800000,184800100,10482,10482,185000000,185000000
1,925,185000000,185000100,10482,10482,185200000,185200000
1,926,185200000,185200100,10482,10482,185400000,185400000
1,927,185400000,185400100,10482,10482,185600000,185600000
1,928,185600000,185600100,10482,10482,185800000,185800000
1,929,185800000,185800100,10482,10482,186000000,186000000
1,930,186000000,186000100,10482,10482,186200000,186200000
1,931,186200000,186200100,10482,10482,186400000,186400000
1,932,186400000,186400100,10482,10482,186600000,186600000
1,933,186600000,186600100,10482,10482,186800000,186800000
1,934,186800000,186800100,10482,10482,187000000,187000000
1,935,187000000,187000100,10482,10482,187200000,187200000
1,936,187200000,187200100,10482,10482,187400000,187400000
1,937,187400000,187400100,10482,10482,187600000,187600000
1,938,187600000,187600100,10482,10482,187800000,187800000
1,939,187800000,187800100,10482,10482,188000000,188000000
1,940,188000000,188000100,10482,10482,188200000,188200000
1,941,188200000,188200100,10482,10482,188400000,188400000
1,942,188400000,188400100,10482,10482,188600000,188600000
1,943,188600000,188600100,10482,10482,188800000,188800000
1,944,188800000,188800100,10482,10482,189000000,189000000
1,945,189000000,189000100,10482,10482,189200000,189200000
1,946,189200000,189200100,10482,10482,189400000,189400000
1,947,189400000,189400100,10482,10482,189600000,189600000
1,948,189600000,189600100,10482,10482,189800000,189800000
1,949,189800000,189800100,10482,10482,190000000,190000000
1,950,190000000,190000100,10482,10482,190200000,190200000
1,951,190200000,190200100,10482,10482,190400000,190400000
1,952,190400000,190400100,10482,10482,190600000,190600000
1,953,190600000,190600100,10482,10482,190800000,190800000
1,954,190800000,190800100,10482,10482,191000000,191000000
1,955,191000000,191000100,10482,10482,191200000,191200000
1,956,191200000,191200100,10482,10482,191400000,191400000
1,957,191400000,191400100,10482,10482,191600000,191600000
1,958,191600000,191600100,10482,10482,191800000,191800000
1,959,191800000,191800100,10482,10482,192000000,192000000
1,960,192000000,192000100,10482,10482,192200000,192200000
1,961,192200000,192200100,10482,10482,192400000,192400000
1,962,192400000,192400100,10482,10482,192600000,192600000
1,963,192600000,192600100,10482,10482,192800000,192800000
1,964,192800000,192800100,10482,10482,193000000,193000000
1,965,193000000,193000100,10482,10482,193200000,193200000
1,966,193200000,193200100,10482,10482,193400000,193400000
1,967,193400000,193400100,10482,10482,193600000,193600000
1,968,193600000,193600100,10482,10482,193800000,193800000
1,969,193800000,193800100,10482,10482,194000000,194000000
1,970,194000000,194000100,10482,10482,194200000,194200000
1,971,194200000,194200100,10482,10482,194400000,194400000
1,972,194400000,194400100,10482,10482,194600000,194600000
1,973,194600000,194600100,10482,10482,194800000,194800000
1,974,194800000,194800100,10482,10482,195000000,195000000
1,975,195000000,195000100,10482,10482,195200000,195200000
1,976,195200000,195200100,10482,10482,195400000,195400000
1,977,195400000,195400100,10482,10482,195600000,195600000
1,978,195600000,195600100,10482,10482,195800000,195800000
1,979,195800000,195800100,10482,10482,196000000,196000000
1,980,196000000,196000100,10482,10482,196200000,196200000
1,981,196200000,196200100,10482,10482,196400000,196400000
1,982,196400000,196400100,10482,10482,196600000,196600000
1,983,196600000,196600100,10482,10482,196800000,196800000
1,984,196800000,196800100,10482,10482,197000000,197000000
1,985,197000000,197000100,10482,10482,197200000,197200000
1,986,197200000,197200100,10482,10482,197400000,197400000
1,987,197400000,197400100,10482,10482,197600000,197600000
1,988,197600000,197600100,10482,10482,197800000,197800000
1,989,197800000,197800100,10482,10482,198000000,198000000
1,990,198000000,198000100,10482,10482,198200000,198200000
1,991,198200000,198200100,10482,10482,198400000,198400000
1,992,198400000,198400100,10482,10482,198600000,198600000
1,993,198600000,198600100,10482,10482,198800000,198800000
1,994,198800000,198800100,10482,10482,199000000,199000000
1,995,199000000,199000100,10482,10482,199200000,199200000
1,996,199200000,199200100,10482,10482,199400000,199400000
1,997,199400000,199400100,10482,10482,199600000,199600000
1,998,199600000,199600100,10482,10482,199800000,199800000
1,999,199800000,199800100,10482,10482,200000000,200000000
1,1000,200000000,200000100,10482,10482,200200000,200200000
1,1001,200200000,200200100,10482,10482,200400000,200400000
1,1002,200400000,200400100,10482,10482,200600000,200600000
1,1003,200600000,200600100,10482,10482,200800000,200800000
1,1004,200800000,200800100,10482,10482,201000000,201000000
1,1005,201000000,201000100,10482,10482,201200000,201200000
1,1006,201200000,201200100,10482,10482,201400000,201400000
1,1007,201400000,201400100,10482,10482,201600000,201600000
1,1008,201600000,201600100,10482,10482,201800000,201800000
1,1009,201800000,201800100,10482,10482,202000000,202000000
1,1010,202000000,202000100,10482,10482,202200000,202200000
1,1011,202200000,202200100,10482,10482,202400000,202400000
1,1012,202400000,202400100,10482,10482,202600000,202600000
1,1013,202600000,202600100,10482,10482,202800000,202800000
1,1014,202800000,202800100,10482,10482,203000000,203000000
1,1015,203000000,203000100,10482,10482,203200000,203200000
1,1016,203200000,203200100,10482,10482,203400000,203400000
1,1017,203400000,203400100,10482,10482,203600000,203600000
1,1018,203600000,203600100,10482,10482,203800000,203800000
1,1019,203800000,203800100,10482,10482,204000000,204000000
1,1020,204000000,204000100,10482,10482,204200000,204200000
1,1021,204200000,204200100,10482,10482,204400000,204400000
1,1022,204400000,204400100,10482,10482,204600000,204600000
1,1023,204600000,204600100,10482,10482,204800000,204800000
1,1024,204800000,204800100,10482,10482,205000000,205000000
1,1025,205000000,205000100,10482,10482,205200000,205200000
1,1026,205200000,205200100,10482,10482,205400000,205400000
1,1027,205400000,205400100,10482,10482,205600000,205600000
1,1028,205600000,205600100,10482,10482,205800000,205800000
1,1029,205800000,205800100,10482,10482,206000000,206000000
1,1030,206000000,206000100,10482,10482,206200000,206200000
1,1031,206200000,206200100,10482,10482,206400000,206400000
1,1032,206400000,206400100,10482,10482,206600000,206600000
1,1033,206600000,206600100,10482,10482,206800000,206800000
1,1034,206800000,206800100,10482,10482,207000000,207000000
1,1035,207000000,207000100,10482,10482,207200000,207200000
1,1036,207200000,207200100,10482,10482,207400000,207400000
1,1037,207400000,207400100,10482,10482,207600000,207600000
1,1038,207600000,207600100,10482,10482,207800000,207800000
1,1039,207800000,207800100,10482,10482,208000000,208000000
1,1040,208000000,208000100,10482,10482,208200000,208200000
1,1041,208200000,208200100,10482,10482,208400000,208400000
1,1042,208400000,208400100,10482,10482,208600000,208600000
1,1043,208600000,208600100,10482,10482,208800000,208800000
1,1044,208800000,208800100,10482,10482,209000000,209000000
1,1045,209000000,209000100,10482,10482,209200000,209200000
1,1046,209200000,209200100,10482,10482,209400000,209400000
1,1047,209400000,209400100,10482,10482,209600000,209600000
1,1048,209600000,209600100,10482,10482,209800000,209800000
1,1049,209800000,209800100,10482,10482,210000000,210000000
1,1050,210000000,210000100,10482,10482,210200000,210200000
1,1051,210200000,210200100,10482,10482,210400000,210400000
1,1052,210400000,210400100,10482,10482,210600000,210600000
1,1053,210600000,210600100,10482,10482,210800000,210800000
1,1054,210800000,210800100,10482,10482,211000000,211000000
1,1055,211000000,211000100,10482,10482,211200000,211200000
1,1056,211200000,211200100,10482,10482,211400000,211400000
1,1057,211400000,211400100,10482,10482,211600000,211600000
1,1058,211600000,211600100,10482,10482,211800000,211800000
1,1059,211800000,211800100,10482,10482,212000000,212000000
1,1060,212000000,212000100,10482,10482,212200000,212200000
1,1061,212200000,212200100,10482,10482,212400000,212400000
1,1062,212400000,212400100,10482,10482,212600000,212600000
1,1063,212600000,212600100,10482,10482,212800000,212800000
1,1064,212800000,212800100,10482,10482,213000000,213000000
1,1065,213000000,213000100,10482,10482,213200000,213200000
1,1066,213200000,213200100,10482,10482,213400000,213400000
1,1067,213400000,213400100,10482,10482,213600000,213600000
1,1068,213600000,213600100,10482,10482,213800000,213800000
1,1069,213800000,213800100,10482,10482,214000000,214000000
1,1070,214000000,214000100,10482,10482,214200000,214200000
1,1071,214200000,214200100,10482,10482,214400000,214400000
1,1072,214400000,214400100,10482,10482,214600000,214600000
1,1073,214600000,214600100,10482,10482,214800000,214800000
1,1074,214800000,214800100,10482,10482,215000000,215000000
1,1075,215000000,215000100,10482,10482,215200000,215200000
1,1076,215200000,215200100,10482,10482,215400000,215400000
1,1077,215400000,215400100,10482,10482,215600000,215600000
1,1078,215600000,215600100,10482,10482,215800000,215800000
1,1079,215800000,215800100,10482,10482,216000000,216000000
1,1080,216000000,216000100,10482,10482,216200000,216200000
1,1081,216200000,216200100,10482,10482,216400000,216400000
1,1082,216400000,216400100,10482,10482,216600000,216600000
1,1083,216600000,216600100,10482,10482,216800000,216800000
1,1084,216800000,216800100,10482,10482,217000000,217000000
1,1085,217000000,217000100,10482,10482,217200000,217200000
1,1086,217200000,217200100,10482,10482,217400000,217400000
1,1087,217400000,217400100,10482,10482,217600000,217600000
1,1088,217600000,217600100,10482,10482,217800000,217800000
1,1089,217800000,217800100,10482,10482,218000000,218000000
1,1090,218000000,218000100,10482,10482,218200000,218200000
1,1091,218200000,218200100,10482,10482,218400000,218400000
1,1092,218400000,218400100,10482,10482,218600000,218600000
1,1093,218600000,218600100,10482,10482,218800000,218800000
1,1094,218800000,218800100,10482,10482,219000000,219000000
1,1095,219000000,219000100,10482,10482,219200000,219200000
1,1096,219200000,219200100,10482,10482,219400000,219400000
1,1097,219400000,219400100,10482,10482,219600000,219600000
1,1098,219600000,219600100,10482,10482,219800000,219800000
1,1099,219800000,219800100,10482,10482,220000000,220000000
1,1100,220000000,220000100,10482,10482,220200000,220200000
1,1101,220200000,220200100,10482,10482,220400000,220400000
1,1102,220400000,220400100,10482,10482,220600000,220600000
1,1103,220600000,220600100,10482,10482,220800000,220800000
1,1104,220800000,220800100,10482,10482,221000000,221000000
1,1105,221000000,221000100,10482,10482,221200000,221200000
1,1106,221200000,221200100,10482,10482,221400000,221400000
1,1107,221400000,221400100,10482,10482,221600000,221600000
1,1108,221600000,221600100,10482,10482,221800000,221800000
1,1109,221800000,221800100,10482,10482,222000000,222000000
1,1110,222000000,222000100,10482,10482,222200000,222200000
1,1111,222200000,222200100,10482,10482,222400000,222400000
1,1112,222400000,222400100,10482,10482,222600000,222600000
1,1113,222600000,222600100,10482,10482,222800000,222800000
1,1114,222800000,222800100,10482,10482,223000000,223000000
1,1115,223000000,223000100,10482,10482,223200000,223200000
1,1116,223200000,223200100,10482,10482,223400000,223400000
1,1117,223400000,223400100,10482,10482,223600000,223600000
1,1118,223600000,223600100,10482,10482,223800000,223800000
1,1119,223800000,223800100,10482,10482,224000000,224000000
1,1120,224000000,224000100,10482,10482,224200000,224200000
1,1121,224200000,224200100,10482,10482,224400000,224400000
1,1122,224400000,224400100,10482,10482,224600000,224600000
1,1123,224600000,224600100,10482,10482,224800000,224800000
1,1124,224800000,224800100,10482,10482,225000000,225000000
1,1125,225000000,225000100,10482,10482,225200000,225200000
1,1126,225200000,225200100,10482,10482,225400000,225400000
1,1127,225400000,225400100,10482,10482,225600000,225600000
1,1128,225600000,225600100,10482,10482,225800000,225800000
1,1129,225800000,225800100,10482,10482,226000000,226000000
1,1130,226000000,226000100,10482,10482,226200000,226200000
1,1131,226200000,226200100,10482,10482,226400000,226400000
1,1132,226400000,226400100,10482,10482,226600000,226600000
1,1133,226600000,226600100,10482,10482,226800000,226800000
1,1134,226800000,226800100,10482,10482,227000000,227000000
1,1135,227000000,227000100,10482,10482,227200000,227200000
1,1136,227200000,227200100,10482,10482,227400000,227400000
1,1137,227400000,227400100,10482,10482,227600000,227600000
1,1138,227600000,227600100,10482,10482,227800000,227800000
1,1139,227800000,227800100,10482,10482,228000000,228000000
1,1140,228000000,228000100,10482,10482,228200000,228200000
1,1141,228200000,228200100,10482,10482,228400000,228400000
1,1142,228400000,228400100,10482,10482,228600000,228600000
1,1143,228600000,228600100,10482,10482,228800000,228800000
1,1144,228800000,228800100,10482,10482,229000000,229000000
1,1145,229000000,229000100,10482,10482,229200000,229200000
1,1146,229200000,229200100,10482,10482,229400000,229400000
1,1147,229400000,229400100,10482,10482,229600000,229600000
1,1148,229600000,229600100,10482,10482,229800000,229800000
1,1149,229800000,229800100,10482,10482,230000000,230000000
1,1150,230000000,230000100,10482,10482,230200000,230200000
1,1151,230200000,230200100,10482,10482,230400000,230400000
1,1152,230400000,230400100,10482,10482,230600000,230600000
1,1153,230600000,230600100,10482,10482,230800000,230800000
1,1154,230800000,230800100,10482,10482,231000000,231000000
1,1155,231000000,231000100,10482,10482,231200000,231200000
1,1156,231200000,231200100,10482,10482,231400000,231400000
1,1157,231400000,231400100,10482,10482,231600000,231600000
1,1158,231600000,231600100,10482,10482,231800000,231800000
1,1159,231800000,231800100,10482,10482,232000000,232000000
1,1160,232000000,232000100,10482,10482,232200000,232200000
1,1161,232200000,232200100,10482,10482,232400000,232400000
1,1162,232400000,232400100,10482,10482,232600000,232600000
1,1163,232600000,232600100,10482,10482,232800000,232800000
1,1164,232800000,232800100,10482,10482,233000000,233000000
1,1165,233000000,233000100,10482,10482,233200000,233200000
1,1166,233200000,233200100,10482,10482,233400000,233400000
1,1167,233400000,233400100,10482,10482,233600000,233600000
1,1168,233600000,233600100,10482,10482,233800000,233800000
1,1169,233800000,233800100,10482,10482,234000000,234000000
1,1170,234000000,234000100,10482,10482,234200000,234200000
1,1171,234200000,234200100,10482,10482,234400000,234400000
1,1172,234400000,234400100,10482,10482,234600000,234600000
1,1173,234600000,234600100,10482,10482,234800000,234800000
1,1174,234800000,234800100,10482,10482,235000000,235000000
1,1175,235000000,235000100,10482,10482,235200000,235200000
1,1176,235200000,235200100,10482,10482,235400000,235400000
1,1177,235400000,235400100,10482,10482,235600000,235600000
1,1178,235600000,235600100,10482,10482,235800000,235800000
1,1179,235800000,235800100,10482,10482,236000000,236000000
1,1180,236000000,236000100,10482,10482,236200000,236200000
1,1181,236200000,236200100,10482,10482,236400000,236400000
1,1182,236400000,236400100,10482,10482,236600000,236600000
1,1183,236600000,236600100,10482,10482,236800000,236800000
1,1184,236800000,236800100,10482,10482,237000000,237000000
1,1185,237000000,237000100,10482,10482,237200000,237200000
1,1186,237200000,237200100,10482,10482,237400000,237400000
1,1187,237400000,237400100,10482,10482,237600000,237600000
1,1188,237600000,237600100,10482,10482,237800000,237800000
1,1189,237800000,237800100,10482,10482,238000000,238000000
1,1190,238000000,238000100,10482,10482,238200000,238200000
1,1191,238200000,238200100,10482,10482,238400000,238400000
1,1192,238400000,238400100,10482,10482,238600000,238600000
1,1193,238600000,238600100,10482,10482,238800000,238800000
1,1194,238800000,238800100,10482,10482,239000000,239000000
1,1195,239000000,239000100,10482,10482,239200000,239200000
1,1196,239200000,239200100,10482,10482,239400000,239400000
1,1197,239400000,239400100,10482,10482,239600000,239600000
1,1198,239600000,239600100,10482,10482,239800000,239800000
1,1199,239800000,239800100,10482,10482,240000000,240000000
1,1200,240000000,240000100,10482,10482,240200000,240200000
1,1201,240200000,240200100,10482,10482,240400000,240400000
1,1202,240400000,240400100,10482,10482,240600000,240600000
1,1203,240600000,240600100,10482,10482,240800000,240800000
1,1204,240800000,240800100,10482,10482,241000000,241000000
1,1205,241000000,241000100,10482,10482,241200000,241200000
1,1206,241200000,241200100,10482,10482,241400000,241400000
1,1207,241400000,241400100,10482,10482,241600000,241600000
1,1208,241600000,241600100,10482,10482,241800000,241800000
1,1209,241800000,241800100,10482,10482,242000000,242000000
1,1210,242000000,242000100,10482,10482,242200000,242200000
1,1211,242200000,242200100,10482,10482,242400000,242400000
1,1212,242400000,242400100,10482,10482,242600000,242600000
1,1213,242600000,242600100,10482,10482,242800000,242800000
1,1214,242800000,242800100,10482,10482,243000000,243000000
1,1215,243000000,243000100,10482,10482,243200000,243200000
1,1216,243200000,243200100,10482,10482,243400000,243400000
1,1217,243400000,243400100,10482,10482,243600000,243600000
1,1218,243600000,243600100,10482,10482,243800000,243800000
1,1219,243800000,243800100,10482,10482,244000000,244000000
1,1220,244000000,244000100,10482,10482,244200000,244200000
1,1221,244200000,244200100,10482,10482,244400000,244400000
1,1222,244400000,244400100,10482,10482,244600000,244600000
1,1223,244600000,244600100,10482,10482,244800000,244800000
1,1224,244800000,244800100,10482,10482,245000000,245000000
1,1225,245000000,245000100,10482,10482,245200000,245200000
1,1226,245200000,245200100,10482,10482,245400000,245400000
1,1227,245400000,245400100,10482,10482,245600000,245600000
1,1228,245600000,245600100,10482,10482,245800000,245800000
1,1229,245800000,245800100,10482,10482,246000000,246000000
1,1230,246000000,246000100,10482,10482,246200000,246200000
1,1231,246200000,246200100,10482,10482,246400000,246400000
1,1232,246400000,246400100,10482,10482,246600000,246600000
1,1233,246600000,246600100,10482,10482,246800000,246800000
1,1234,246800000,246800100,10482,10482,247000000,247000000
1,1235,247000000,247000100,10482,10482,247200000,247200000
1,1236,247200000,247200100,10482,10482,247400000,247400000
1,1237,247400000,247400100,10482,10482,247600000,247600000
1,1238,247600000,247600100,10482,10482,247800000,247800000
1,1239,247800000,247800100,10482,10482,248000000,248000000
1,1240,248000000,248000100,10482,10482,248200000,248200000
1,1241,248200000,248200100,10482,10482,248400000,248400000
1,1242,248400000,248400100,10482,10482,248600000,248600000
1,1243,248600000,248600100,10482,10482,248800000,248800000
1,1244,248800000,248800100,10482,10482,249000000,249000000
1,1245,249000000,249000100,10482,10482,249200000,249200000
1,1246,249200000,249200100,10482,10482,249400000,249400000
1,1247,249400000,249400100,10482,10482,249600000,249600000
1,1248,249600000,249600100,10482,10482,249800000,249800000
1,1249,249800000,249800100,10482,10482,250000000,250000000
1,1250,250000000,250000100,10482,10482,250200000,250200000
1,1251,250200000,250200100,10482,10482,250400000,250400000
1,1252,250400000,250400100,10482,10482,250600000,250600000
1,1253,250600000,250600100,10482,10482,250800000,250800000
1,1254,250800000,250800100,10482,10482,251000000,251000000
1,1255,251000000,251000100,10482,10482,251200000,251200000
1,1256,251200000,251200100,10482,10482,251400000,251400000
1,1257,251400000,251400100,10482,10482,251600000,251600000
1,1258,251600000,251600100,10482,10482,251800000,251800000
1,1259,251800000,251800100,10482,10482,252000000,252000000
1,1260,252000000,252000100,10482,10482,252200000,252200000
1,1261,252200000,252200100,10482,10482,252400000,252400000
1,1262,252400000,252400100,10482,10482,252600000,252600000
1,1263,252600000,252600100,10482,10482,252800000,252800000
1,1264,252800000,252800100,10482,10482,253000000,253000000
1,1265,253000000,253000100,10482,10482,253200000,253200000
1,1266,253200000,253200100,10482,10482,253400000,253400000
1,1267,253400000,253400100,10482,10482,253600000,253600000
1,1268,253600000,253600100,10482,10482,253800000,253800000
1,1269,253800000,253800100,10482,10482,254000000,254000000
1,1270,254000000,254000100,10482,10482,254200000,254200000
1,1271,254200000,254200100,10482,10482,254400000,254400000
1,1272,254400000,254400100,10482,10482,254600000,254600000
1,1273,254600000,254600100,10482,10482,254800000,254800000
1,1274,254800000,254800100,10482,10482,255000000,255000000
1,1275,255000000,255000100,10482,10482,255200000,255200000
1,1276,255200000,255200100,10482,10482,255400000,255400000
1,1277,255400000,255400100,10482,10482,255600000,255600000
1,1278,255600000,255600100,10482,10482,255800000,255800000
1,1279,255800000,255800100,10482,10482,256000000,256000000
1,1280,256000000,256000100,10482,10482,256200000,256200000
1,1281,256200000,256200100,10482,10482,256400000,256400000
1,1282,256400000,256400100,10482,10482,256600000,256600000
1,1283,256600000,256600100,10482,10482,256800000,256800000
1,1284,256800000,256800100,10482,10482,257000000,257000000
1,1285,257000000,257000100,10482,10482,257200000,257200000
1,1286,257200000,257200100,10482,10482,257400000,257400000
1,1287,257400000,257400100,10482,10482,257600000,257600000
1,1288,257600000,257600100,10482,10482,257800000,257800000
1,1289,257800000,257800100,10482,10482,258000000,258000000
1,1290,258000000,258000100,10482,10482,258200000,258200000
1,1291,258200000,258200100,10482,10482,258400000,258400000
1,1292,258400000,258400100,10482,10482,258600000,258600000
1,1293,258600000,258600100,10482,10482,258800000,258800000
1,1294,258800000,258800100,10482,10482,259000000,259000000
1,1295,259000000,259000100,10482,10482,259200000,259200000
1,1296,259200000,259200100,10482,10482,259400000,259400000
1,1297,259400000,259400100,10482,10482,259600000,259600000
1,1298,259600000,259600100,10482,10482,259800000,259800000
1,1299,259800000,259800100,10482,10482,260000000,260000000
1,1300,260000000,260000100,10482,10482,260200000,260200000
1,1301,260200000,260200100,10482,10482,260400000,260400000
1,1302,260400000,260400100,10482,10482,260600000,260600000
1,1303,260600000,260600100,10482,10482,260800000,260800000
1,1304,260800000,260800100,10482,10482,261000000,261000000
1,1305,261000000,261000100,10482,10482,261200000,261200000
1,1306,261200000,261200100,10482,10482,261400000,261400000
1,1307,261400000,261400100,10482,10482,261600000,261600000
1,1308,261600000,261600100,10482,10482,261800000,261800000
1,1309,261800000,261800100,10482,10482,262000000,262000000
1,1310,262000000,262000100,10482,10482,262200000,262200000
1,1311,262200000,262200100,10482,10482,262400000,262400000
1,1312,262400000,262400100,10482,10482,262600000,262600000
1,1313,262600000,262600100,10482,10482,262800000,262800000
1,1314,262800000,262800100,10482,10482,263000000,263000000
1,1315,263000000,263000100,10482,10482,263200000,263200000
1,1316,263200000,263200100,10482,10482,263400000,263400000
1,1317,263400000,263400100,10482,10482,263600000,263600000
1,1318,263600000,263600100,10482,10482,263800000,263800000
1,1319,263800000,263800100,10482,10482,264000000,264000000
1,1320,264000000,264000100,10482,10482,264200000,264200000
1,1321,264200000,264200100,10482,10482,264400000,264400000
1,1322,264400000,264400100,10482,10482,264600000,264600000
1,1323,264600000,264600100,10482,10482,264800000,264800000
1,1324,264800000,264800100,10482,10482,265000000,265000000
1,1325,265000000,265000100,10482,10482,265200000,265200000
1,1326,265200000,265200100,10482,10482,265400000,265400000
1,1327,265400000,265400100,10482,10482,265600000,265600000
1,1328,265600000,265600100,10482,10482,265800000,265800000
1,1329,265800000,265800100,10482,10482,266000000,266000000
1,1330,266000000,266000100,10482,10482,266200000,266200000
1,1331,266200000,266200100,10482,10482,266400000,266400000
1,1332,266400000,266400100,10482,10482,266600000,266600000
1,1333,266600000,266600100,10482,10482,266800000,266800000
1,1334,266800000,266800100,10482,10482,267000000,267000000
1,1335,267000000,267000100,10482,10482,267200000,267200000
1,1336,267200000,267200100,10482,10482,267400000,267400000
1,1337,267400000,267400100,10482,10482,267600000,267600000
1,1338,267600000,267600100,10482,10482,267800000,267800000
1,1339,267800000,267800100,10482,10482,268000000,268000000
1,1340,268000000,268000100,10482,10482,268200000,268200000
1,1341,268200000,268200100,10482,10482,268400000,268400000
1,1342,268400000,268400100,10482,10482,268600000,268600000
1,1343,268600000,268600100,10482,10482,268800000,268800000
1,1344,268800000,268800100,10482,10482,269000000,269000000
1,1345,269000000,269000100,10482,10482,269200000,269200000
1,1346,269200000,269200100,10482,10482,269400000,269400000
1,1347,269400000,269400100,10482,10482,269600000,269600000
1,1348,269600000,269600100,10482,10482,269800000,269800000
1,1349,269800000,269800100,10482,10482,270000000,270000000
1,1350,270000000,270000100,10482,10482,270200000,270200000
1,1351,270200000,270200100,10482,10482,270400000,270400000
1,1352,270400000,270400100,10482,10482,270600000,270600000
1,1353,270600000,270600100,10482,10482,270800000,270800000
1,1354,270800000,270800100,10482,10482,271000000,271000000
1,1355,271000000,271000100,10482,10482,271200000,271200000
1,1356,271200000,271200100,10482,10482,271400000,271400000
1,1357,271400000,271400100,10482,10482,271600000,271600000
1,1358,271600000,271600100,10482,10482,271800000,271800000
1,1359,271800000,271800100,10482,10482,272000000,272000000
1,1360,272000000,272000100,10482,10482,272200000,272200000
1,1361,272200000,272200100,10482,10482,272400000,272400000
1,1362,272400000,272400100,10482,10482,272600000,272600000
1,1363,272600000,272600100,10482,10482,272800000,272800000
1,1364,272800000,272800100,10482,10482,273000000,273000000
1,1365,273000000,273000100,10482,10482,273200000,273200000
1,1366,273200000,273200100,10482,10482,273400000,273400000
1,1367,273400000,273400100,10482,10482,273600000,273600000
1,1368,273600000,273600100,10482,10482,273800000,273800000
1,1369,273800000,273800100,10482,10482,274000000,274000000
1,1370,274000000,274000100,10482,10482,274200000,274200000
1,1371,274200000,274200100,10482,10482,274400000,274400000
1,1372,274400000,274400100,10482,10482,274600000,274600000
1,1373,274600000,274600100,10482,10482,274800000,274800000
1,1374,274800000,274800100,10482,10482,275000000,275000000
1,1375,275000000,275000100,10482,10482,275200000,275200000
1,1376,275200000,275200100,10482,10482,275400000,275400000
1,1377,275400000,275400100,10482,10482,275600000,275600000
1,1378,275600000,275600100,10482,10482,275800000,275800000
1,1379,275800000,275800100,10482,10482,276000000,276000000
1,1380,276000000,276000100,10482,10482,276200000,276200000
1,1381,276200000,276200100,10482,10482,276400000,276400000
1,1382,276400000,276400100,10482,10482,276600000,276600000
1,1383,276600000,276600100,10482,10482,276800000,276800000
1,1384,276800000,276800100,10482,10482,277000000,277000000
1,1385,277000000,277000100,10482,10482,277200000,277200000
1,1386,277200000,277200100,10482,10482,277400000,277400000
1,1387,277400000,277400100,10482,10482,277600000,277600000
1,1388,277600000,277600100,10482,10482,277800000,277800000
1,1389,277800000,277800100,10482,10482,278000000,278000000
1,1390,278000000,278000100,10482,10482,278200000,278200000
1,1391,278200000,278200100,10482,10482,278400000,278400000
1,1392,278400000,278400100,10482,10482,278600000,278600000
1,1393,278600000,278600100,10482,10482,278800000,278800000
1,1394,278800000,278800100,10482,10482,279000000,279000000
1,1395,279000000,279000100,10482,10482,279200000,279200000
1,1396,279200000,279200100,10482,10482,279400000,279400000
1,1397,279400000,279400100,10482,10482,279600000,279600000
1,1398,279600000,279600100,10482,10482,279800000,279800000
1,1399,279800000,279800100,10482,10482,280000000,280000000
1,1400,280000000,280000100,10482,10482,280200000,280200000
1,1401,280200000,280200100,10482,10482,280400000,280400000
1,1402,280400000,280400100,10482,10482,280600000,280600000
1,1403,280600000,280600100,10482,10482,280800000,280800000
1,1404,280800000,280800100,10482,10482,281000000,281000000
1,1405,281000000,281000100,10482,10482,281200000,281200000
1,1406,281200000,281200100,10482,10482,281400000,281400000
1,1407,281400000,281400100,10482,10482,281600000,281600000
1,1408,281600000,281600100,10482,10482,281800000,281800000
1,1409,281800000,281800100,10482,10482,282000000,282000000
1,1410,282000000,282000100,10482,10482,282200000,282200000
1,1411,282200000,282200100,10482,10482,282400000,282400000
1,1412,282400000,282400100,10482,10482,282600000,282600000
1,1413,282600000,282600100,10482,10482,282800000,282800000
1,1414,282800000,282800100,10482,10482,283000000,283000000
1,1415,283000000,283000100,10482,10482,283200000,283200000
1,1416,283200000,283200100,10482,10482,283400000,283400000
1,1417,283400000,283400100,10482,10482,283600000,283600000
1,1418,283600000,283600100,10482,10482,283800000,283800000
1,1419,283800000,283800100,10482,10482,284000000,284000000
1,1420,284000000,284000100,10482,10482,284200000,284200000
1,1421,284200000,284200100,10482,10482,284400000,284400000
1,1422,284400000,284400100,10482,10482,284600000,284600000
1,1423,284600000,284600100,10482,10482,284800000,284800000
1,1424,284800000,284800100,10482,10482,285000000,285000000
1,1425,285000000,285000100,10482,10482,285200000,285200000
1,1426,285200000,285200100,10482,10482,285400000,285400000
1,1427,285400000,285400100,10482,10482,285600000,285600000
1,1428,285600000,285600100,10482,10482,285800000,285800000
1,1429,285800000,285800100,10482,10482,286000000,286000000
1,1430,286000000,286000100,10482,10482,286200000,286200000
1,1431,286200000,286200100,10482,10482,286400000,286400000
1,1432,286400000,286400100,10482,10482,286600000,286600000
1,1433,286600000,286600100,10482,10482,286800000,286800000
1,1434,286800000,286800100,10482,10482,287000000,287000000
1,1435,287000000,287000100,10482,10482,287200000,287200000
1,1436,287200000,287200100,10482,10482,287400000,287400000
1,1437,287400000,287400100,10482,10482,287600000,287600000
1,1438,287600000,287600100,10482,10482,287800000,287800000
1,1439,287800000,287800100,10482,10482,288000000,288000000
1,1440,288000000,288000100,10482,10482,288200000,288200000
1,1441,288200000,288200100,10482,10482,288400000,288400000
1,1442,288400000,288400100,10482,10482,288600000,288600000
1,1443,288600000,288600100,10482,10482,288800000,288800000
1,1444,288800000,288800100,10482,10482,289000000,289000000
1,1445,289000000,289000100,10482,10482,289200000,289200000
1,1446,289200000,289200100,10482,10482,289400000,289400000
1,1447,289400000,289400100,10482,10482,289600000,289600000
1,1448,289600000,289600100,10482,10482,289800000,289800000
1,1449,289800000,289800100,10482,10482,290000000,290000000
1,1450,290000000,290000100,10482,10482,290200000,290200000
1,1451,290200000,290200100,10482,10482,290400000,290400000
1,1452,290400000,290400100,10482,10482,290600000,290600000
1,1453,290600000,290600100,10482,10482,290800000,290800000
1,1454,290800000,290800100,10482,10482,291000000,291000000
1,1455,291000000,291000100,10482,10482,291200000,291200000
1,1456,291200000,291200100,10482,10482,291400000,291400000
1,1457,291400000,291400100,10482,10482,291600000,291600000
1,1458,291600000,291600100,10482,10482,291800000,291800000
1,1459,291800000,291800100,10482,10482,292000000,292000000
1,1460,292000000,292000100,10482,10482,292200000,292200000
1,1461,292200000,292200100,10482,10482,292400000,292400000
1,1462,292400000,292400100,10482,10482,292600000,292600000
1,1463,292600000,292600100,10482,10482,292800000,292800000
1,1464,292800000,292800100,10482,10482,293000000,293000000
1,1465,293000000,293000100,10482,10482,293200000,293200000
1,1466,293200000,293200100,10482,10482,293400000,293400000
1,1467,293400000,293400100,10482,10482,293600000,293600000
1,1468,293600000,293600100,10482,10482,293800000,293800000
1,1469,293800000,293800100,10482,10482,294000000,294000000
1,1470,294000000,294000100,10482,10482,294200000,294200000
1,1471,294200000,294200100,10482,10482,294400000,294400000
1,1472,294400000,294400100,10482,10482,294600000,294600000
1,1473,294600000,294600100,10482,10482,294800000,294800000
1,1474,294800000,294800100,10482,10482,295000000,295000000
1,1475,295000000,295000100,10482,10482,295200000,295200000
1,1476,295200000,295200100,10482,10482,295400000,295400000
1,1477,295400000,295400100,10482,10482,295600000,295600000
1,1478,295600000,295600100,10482,10482,295800000,295800000
1,1479,295800000,295800100,10482,10482,296000000,296000000
1,1480,296000000,296000100,10482,10482,296200000,296200000
1,1481,296200000,296200100,10482,10482,296400000,296400000
1,1482,296400000,296400100,10482,10482,296600000,296600000
1,1483,296600000,296600100,10482,10482,296800000,296800000
1,1484,296800000,296800100,10482,10482,297000000,297000000
1,1485,297000000,297000100,10482,10482,297200000,297200000
1,1486,297200000,297200100,10482,10482,297400000,297400000
1,1487,297400000,297400100,10482,10482,297600000,297600000
1,1488,297600000,297600100,10482,10482,297800000,297800000
1,1489,297800000,297800100,10482,10482,298000000,298000000
1,1490,298000000,298000100,10482,10482,298200000,298200000
1,1491,298200000,298200100,10482,10482,298400000,298400000
1,1492,298400000,298400100,10482,10482,298600000,298600000
1,1493,298600000,298600100,10482,10482,298800000,298800000
1,1494,298800000,298800100,10482,10482,299000000,299000000
1,1495,299000000,299000100,10482,10482,299200000,299200000
1,1496,299200000,299200100,10482,10482,299400000,299400000
1,1497,299400000,299400100,10482,10482,299600000,299600000
1,1498,299600000,299600100,10482,10482,299800000,299800000
1,1499,299800000,299800100,10482,10482,300000000,300000000
1,1500,300000000,300000100,10482,10482,300200000,300200000
1,1501,300200000,300200100,10482,10482,300400000,300400000
1,1502,300400000,300400100,10482,10482,300600000,300600000
1,1503,300600000,300600100,10482,10482,300800000,300800000
1,1504,300800000,300800100,10482,10482,301000000,301000000
1,1505,301000000,301000100,10482,10482,301200000,301200000
1,1506,301200000,301200100,10482,10482,301400000,301400000
1,1507,301400000,301400100,10482,10482,301600000,301600000
1,1508,301600000,301600100,10482,10482,301800000,301800000
1,1509,301800000,301800100,10482,10482,302000000,302000000
1,1510,302000000,302000100,10482,10482,302200000,302200000
1,1511,302200000,302200100,10482,10482,302400000,302400000
1,1512,302400000,302400100,10482,10482,302600000,302600000
1,1513,302600000,302600100,10482,10482,302800000,302800000
1,1514,302800000,302800100,10482,10482,303000000,303000000
1,1515,303000000,303000100,10482,10482,303200000,303200000
1,1516,303200000,303200100,10482,10482,303400000,303400000
1,1517,303400000,303400100,10482,10482,303600000,303600000
1,1518,303600000,303600100,10482,10482,303800000,303800000
1,1519,303800000,303800100,10482,10482,304000000,304000000
1,1520,304000000,304000100,10482,10482,304200000,304200000
1,1521,304200000,304200100,10482,10482,304400000,304400000
1,1522,304400000,304400100,10482,10482,304600000,304600000
1,1523,304600000,304600100,10482,10482,304800000,304800000
1,1524,304800000,304800100,10482,10482,305000000,305000000
1,1525,305000000,305000100,10482,10482,305200000,305200000
1,1526,305200000,305200100,10482,10482,305400000,305400000
1,1527,305400000,305400100,10482,10482,305600000,305600000
1,1528,305600000,305600100,10482,10482,305800000,305800000
1,1529,305800000,305800100,10482,10482,306000000,306000000
1,1530,306000000,306000100,10482,10482,306200000,306200000
1,1531,306200000,306200100,10482,10482,306400000,306400000
1,1532,306400000,306400100,10482,10482,306600000,306600000
1,1533,306600000,306600100,10482,10482,306800000,306800000
1,1534,306800000,306800100,10482,10482,307000000,307000000
1,1535,307000000,307000100,10482,10482,307200000,307200000
1,1536,307200000,307200100,10482,10482,307400000,307400000
1,1537,307400000,307400100,10482,10482,307600000,307600000
1,1538,307600000,307600100,10482,10482,307800000,307800000
1,1539,307800000,307800100,10482,10482,308000000,308000000
1,1540,308000000,308000100,10482,10482,308200000,308200000
1,1541,308200000,308200100,10482,10482,308400000,308400000
1,1542,308400000,308400100,10482,10482,308600000,308600000
1,1543,308600000,308600100,10482,10482,308800000,308800000
1,1544,308800000,308800100,10482,10482,309000000,309000000
1,1545,309000000,309000100,10482,10482,309200000,309200000
1,1546,309200000,309200100,10482,10482,309400000,309400000
1,1547,309400000,309400100,10482,10482,309600000,309600000
1,1548,309600000,309600100,10482,10482,309800000,309800000
1,1549,309800000,309800100,10482,10482,310000000,310000000
1,1550,310000000,310000100,10482,10482,310200000,310200000
1,1551,310200000,310200100,10482,10482,310400000,310400000
1,1552,310400000,310400100,10482,10482,310600000,310600000
1,1553,310600000,310600100,10482,10482,310800000,310800000
1,1554,310800000,310800100,10482,10482,311000000,311000000
1,1555,311000000,311000100,10482,10482,311200000,311200000
1,1556,311200000,311200100,10482,10482,311400000,311400000
1,1557,311400000,311400100,10482,10482,311600000,311600000
1,1558,311600000,311600100,10482,10482,311800000,311800000
1,1559,311800000,311800100,10482,10482,312000000,312000000
1,1560,312000000,312000100,10482,10482,312200000,312200000
1,1561,312200000,312200100,10482,10482,312400000,312400000
1,1562,312400000,312400100,10482,10482,312600000,312600000
1,1563,312600000,312600100,10482,10482,312800000,312800000
1,1564,312800000,312800100,10482,10482,313000000,313000000
1,1565,313000000,313000100,10482,10482,313200000,313200000
1,1566,313200000,313200100,10482,10482,313400000,313400000
1,1567,313400000,313400100,10482,10482,313600000,313600000
1,1568,313600000,313600100,10482,10482,313800000,313800000
1,1569,313800000,313800100,10482,10482,314000000,314000000
1,1570,314000000,314000100,10482,10482,314200000,314200000
1,1571,314200000,314200100,10482,10482,314400000,314400000
1,1572,314400000,314400100,10482,10482,314600000,314600000
1,1573,314600000,314600100,10482,10482,314800000,314800000
1,1574,314800000,314800100,10482,10482,315000000,315000000
1,1575,315000000,315000100,10482,10482,315200000,315200000
1,1576,315200000,315200100,10482,10482,315400000,315400000
1,1577,315400000,315400100,10482,10482,315600000,315600000
1,1578,315600000,315600100,10482,10482,315800000,315800000
1,1579,315800000,315800100,10482,10482,316000000,316000000
1,1580,316000000,316000100,10482,10482,316200000,316200000
1,1581,316200000,316200100,10482,10482,316400000,316400000
1,1582,316400000,316400100,10482,10482,316600000,316600000
1,1583,316600000,316600100,10482,10482,316800000,316800000
1,1584,316800000,316800100,10482,10482,317000000,317000000
1,1585,317000000,317000100,10482,10482,317200000,317200000
1,1586,317200000,317200100,10482,10482,317400000,317400000
1,1587,317400000,317400100,10482,10482,317600000,317600000
1,1588,317600000,317600100,10482,10482,317800000,317800000
1,1589,317800000,317800100,10482,10482,318000000,318000000
1,1590,318000000,318000100,10482,10482,318200000,318200000
1,1591,318200000,318200100,10482,10482,318400000,318400000
1,1592,318400000,318400100,10482,10482,318600000,318600000
1,1593,318600000,318600100,10482,10482,318800000,318800000
1,1594,318800000,318800100,10482,10482,319000000,319000000
1,1595,319000000,319000100,10482,10482,319200000,319200000
1,1596,319200000,319200100,10482,10482,319400000,319400000
1,1597,319400000,319400100,10482,10482,319600000,319600000
1,1598,319600000,319600100,10482,10482,319800000,319800000
1,1599,319800000,319800100,10482,10482,320000000,320000000
1,1600,320000000,320000100,10482,10482,320200000,320200000
1,1601,320200000,320200100,10482,10482,320400000,320400000
1,1602,320400000,320400100,10482,10482,320600000,320600000
1,1603,320600000,320600100,10482,10482,320800000,320800000
1,1604,320800000,320800100,10482,10482,321000000,321000000
1,1605,321000000,321000100,10482,10482,321200000,321200000
1,1606,321200000,321200100,10482,10482,321400000,321400000
1,1607,321400000,321400100,10482,10482,321600000,321600000
1,1608,321600000,321600100,10482,10482,321800000,321800000
1,1609,321800000,321800100,10482,10482,322000000,322000000
1,1610,322000000,322000100,10482,10482,322200000,322200000
1,1611,322200000,322200100,10482,10482,322400000,322400000
1,1612,322400000,322400100,10482,10482,322600000,322600000
1,1613,322600000,322600100,10482,10482,322800000,322800000
1,1614,322800000,322800100,10482,10482,323000000,323000000
1,1615,323000000,323000100,10482,10482,323200000,323200000
1,1616,323200000,323200100,10482,10482,323400000,323400000
1,1617,323400000,323400100,10482,10482,323600000,323600000
1,1618,323600000,323600100,10482,10482,323800000,323800000
1,1619,323800000,323800100,10482,10482,324000000,324000000
1,1620,324000000,324000100,10482,10482,324200000,324200000
1,1621,324200000,324200100,10482,10482,324400000,324400000
1,1622,324400000,324400100,10482,10482,324600000,324600000
1,1623,324600000,324600100,10482,10482,324800000,324800000
1,1624,324800000,324800100,10482,10482,325000000,325000000
1,1625,325000000,325000100,10482,10482,325200000,325200000
1,1626,325200000,325200100,10482,10482,325400000,325400000
1,1627,325400000,325400100,10482,10482,325600000,325600000
1,1628,325600000,325600100,10482,10482,325800000,325800000
1,1629,325800000,325800100,10482,10482,326000000,326000000
1,1630,326000000,326000100,10482,10482,326200000,326200000
1,1631,326200000,326200100,10482,10482,326400000,326400000
1,1632,326400000,326400100,10482,10482,326600000,326600000
1,1633,326600000,326600100,10482,10482,326800000,326800000
1,1634,326800000,326800100,10482,10482,327000000,327000000
1,1635,327000000,327000100,10482,10482,327200000,327200000
1,1636,327200000,327200100,10482,10482,327400000,327400000
1,1637,327400000,327400100,10482,10482,327600000,327600000
1,1638,327600000,327600100,10482,10482,327800000,327800000
1,1639,327800000,327800100,10482,10482,328000000,328000000
1,1640,328000000,328000100,10482,10482,328200000,328200000
1,1641,328200000,328200100,10482,10482,328400000,328400000
1,1642,328400000,328400100,10482,10482,328600000,328600000
1,1643,328600000,328600100,10482,10482,328800000,328800000
1,1644,328800000,328800100,10482,10482,329000000,329000000
1,1645,329000000,329000100,10482,10482,329200000,329200000
1,1646,329200000,329200100,10482,10482,329400000,329400000
1,1647,329400000,329400100,10482,10482,329600000,329600000
1,1648,329600000,329600100,10482,10482,329800000,329800000
1,1649,329800000,329800100,10482,10482,330000000,330000000
1,1650,330000000,330000100,10482,10482,330200000,330200000
1,1651,330200000,330200100,10482,10482,330400000,330400000
1,1652,330400000,330400100,10482,10482,330600000,330600000
1,1653,330600000,330600100,10482,10482,330800000,330800000
1,1654,330800000,330800100,10482,10482,331000000,331000000
1,1655,331000000,331000100,10482,10482,331200000,331200000
1,1656,331200000,331200100,10482,10482,331400000,331400000
1,1657,331400000,331400100,10482,10482,331600000,331600000
1,1658,331600000,331600100,10482,10482,331800000,331800000
1,1659,331800000,331800100,10482,10482,332000000,332000000
1,1660,332000000,332000100,10482,10482,332200000,332200000
1,1661,332200000,332200100,10482,10482,332400000,332400000
1,1662,332400000,332400100,10482,10482,332600000,332600000
1,1663,332600000,332600100,10482,10482,332800000,332800000
1,1664,332800000,332800100,10482,10482,333000000,333000000
1,1665,333000000,333000100,10482,10482,333200000,333200000
1,1666,333200000,333200100,10482,10482,333400000,333400000
1,1667,333400000,333400100,10482,10482,333600000,333600000
1,1668,333600000,333600100,10482,10482,333800000,333800000
1,1669,333800000,333800100,10482,10482,334000000,334000000
1,1670,334000000,334000100,10482,10482,334200000,334200000
1,1671,334200000,334200100,10482,10482,334400000,334400000
1,1672,334400000,334400100,10482,10482,334600000,334600000
1,1673,334600000,334600100,10482,10482,334800000,334800000
1,1674,334800000,334800100,10482,10482,335000000,335000000
1,1675,335000000,335000100,10482,10482,335200000,335200000
1,1676,335200000,335200100,10482,10482,335400000,335400000
1,1677,335400000,335400100,10482,10482,335600000,335600000
1,1678,335600000,335600100,10482,10482,335800000,335800000
1,1679,335800000,335800100,10482,10482,336000000,336000000
1,1680,336000000,336000100,10482,10482,336200000,336200000
1,1681,336200000,336200100,10482,10482,336400000,336400000
1,1682,336400000,336400100,10482,10482,336600000,336600000
1,1683,336600000,336600100,10482,10482,336800000,336800000
1,1684,336800000,336800100,10482,10482,337000000,337000000
1,1685,337000000,337000100,10482,10482,337200000,337200000
1,1686,337200000,337200100,10482,10482,337400000,337400000
1,1687,337400000,337400100,10482,10482,337600000,337600000
1,1688,337600000,337600100,10482,10482,337800000,337800000
1,1689,337800000,337800100,10482,10482,338000000,338000000
1,1690,338000000,338000100,10482,10482,338200000,338200000
1,1691,338200000,338200100,10482,10482,338400000,338400000
1,1692,338400000,338400100,10482,10482,338600000,338600000
1,1693,338600000,338600100,10482,10482,338800000,338800000
1,1694,338800000,338800100,10482,10482,339000000,339000000
1,1695,339000000,339000100,10482,10482,339200000,339200000
1,1696,339200000,339200100,10482,10482,339400000,339400000
1,1697,339400000,339400100,10482,10482,339600000,339600000
1,1698,339600000,339600100,10482,10482,339800000,339800000
1,1699,339800000,339800100,10482,10482,340000000,340000000
1,1700,340000000,340000100,10482,10482,340200000,340200000
1,1701,340200000,340200100,10482,10482,340400000,340400000
1,1702,340400000,340400100,10482,10482,340600000,340600000
1,1703,340600000,340600100,10482,10482,340800000,340800000
1,1704,340800000,340800100,10482,10482,341000000,341000000
1,1705,341000000,341000100,10482,10482,341200000,341200000
1,1706,341200000,341200100,10482,10482,341400000,341400000
1,1707,341400000,341400100,10482,10482,341600000,341600000
1,1708,341600000,341600100,10482,10482,341800000,341800000
1,1709,341800000,341800100,10482,10482,342000000,342000000
1,1710,342000000,342000100,10482,10482,342200000,342200000
1,1711,342200000,342200100,10482,10482,342400000,342400000
1,1712,342400000,342400100,10482,10482,342600000,342600000
1,1713,342600000,342600100,10482,10482,342800000,342800000
1,1714,342800000,342800100,10482,10482,343000000,343000000
1,1715,343000000,343000100,10482,10482,343200000,343200000
1,1716,343200000,343200100,10482,10482,343400000,343400000
1,1717,343400000,343400100,10482,10482,343600000,343600000
1,1718,343600000,343600100,10482,10482,343800000,343800000
1,1719,343800000,343800100,10482,10482,344000000,344000000
1,1720,344000000,344000100,10482,10482,344200000,344200000
1,1721,344200000,344200100,10482,10482,344400000,344400000
1,1722,344400000,344400100,10482,10482,344600000,344600000
1,1723,344600000,344600100,10482,10482,344800000,344800000
1,1724,344800000,344800100,10482,10482,345000000,345000000
1,1725,345000000,345000100,10482,10482,345200000,345200000
1,1726,345200000,345200100,10482,10482,345400000,345400000
1,1727,345400000,345400100,10482,10482,345600000,345600000
1,1728,345600000,345600100,10482,10482,345800000,345800000
1,1729,345800000,345800100,10482,10482,346000000,346000000
1,1730,346000000,346000100,10482,10482,346200000,346200000
1,1731,346200000,346200100,10482,10482,346400000,346400000
1,1732,346400000,346400100,10482,10482,346600000,346600000
1,1733,346600000,346600100,10482,10482,346800000,346800000
1,1734,346800000,346800100,10482,10482,347000000,347000000
1,1735,347000000,347000100,10482,10482,347200000,347200000
1,1736,347200000,347200100,10482,10482,347400000,347400000
1,1737,347400000,347400100,10482,10482,347600000,347600000
1,1738,347600000,347600100,10482,10482,347800000,347800000
1,1739,347800000,347800100,10482,10482,348000000,348000000
1,1740,348000000,348000100,10482,10482,348200000,348200000
1,1741,348200000,348200100,10482,10482,348400000,348400000
1,1742,348400000,348400100,10482,10482,348600000,348600000
1,1743,348600000,348600100,10482,10482,348800000,348800000
1,1744,348800000,348800100,10482,10482,349000000,349000000
1,1745,349000000,349000100,10482,10482,349200000,349200000
1,1746,349200000,349200100,10482,10482,349400000,349400000
1,1747,349400000,349400100,10482,10482,349600000,349600000
1,1748,349600000,349600100,10482,10482,349800000,349800000
1,1749,349800000,349800100,10482,10482,350000000,350000000
1,1750,350000000,350000100,10482,10482,350200000,350200000
1,1751,350200000,350200100,10482,10482,350400000,350400000
1,1752,350400000,350400100,10482,10482,350600000,350600000
1,1753,350600000,350600100,10482,10482,350800000,350800000
1,1754,350800000,350800100,10482,10482,351000000,351000000
1,1755,351000000,351000100,10482,10482,351200000,351200000
1,1756,351200000,351200100,10482,10482,351400000,351400000
1,1757,351400000,351400100,10482,10482,351600000,351600000
1,1758,351600000,351600100,10482,10482,351800000,351800000
1,1759,351800000,351800100,10482,10482,352000000,352000000
1,1760,352000000,352000100,10482,10482,352200000,352200000
1,1761,352200000,352200100,10482,10482,352400000,352400000
1,1762,352400000,352400100,10482,10482,352600000,352600000
1,1763,352600000,352600100,10482,10482,352800000,352800000
1,1764,352800000,352800100,10482,10482,353000000,353000000
1,1765,353000000,353000100,10482,10482,353200000,353200000
1,1766,353200000,353200100,10482,10482,353400000,353400000
1,1767,353400000,353400100,10482,10482,353600000,353600000
1,1768,353600000,353600100,10482,10482,353800000,353800000
1,1769,353800000,353800100,10482,10482,354000000,354000000
1,1770,354000000,354000100,10482,10482,354200000,354200000
1,1771,354200000,354200100,10482,10482,354400000,354400000
1,1772,354400000,354400100,10482,10482,354600000,354600000
1,1773,354600000,354600100,10482,10482,354800000,354800000
1,1774,354800000,354800100,10482,10482,355000000,355000000
1,1775,355000000,355000100,10482,10482,355200000,355200000
1,1776,355200000,355200100,10482,10482,355400000,355400000
1,1777,355400000,355400100,10482,10482,355600000,355600000
1,1778,355600000,355600100,10482,10482,355800000,355800000
1,1779,355800000,355800100,10482,10482,356000000,356000000
1,1780,356000000,356000100,10482,10482,356200000,356200000
1,1781,356200000,356200100,10482,10482,356400000,356400000
1,1782,356400000,356400100,10482,10482,356600000,356600000
1,1783,356600000,356600100,10482,10482,356800000,356800000
1,1784,356800000,356800100,10482,10482,357000000,357000000
1,1785,357000000,357000100,10482,10482,357200000,357200000
1,1786,357200000,357200100,10482,10482,357400000,357400000
1,1787,357400000,357400100,10482,10482,357600000,357600000
1,1788,357600000,357600100,10482,10482,357800000,357800000
1,1789,357800000,357800100,10482,10482,358000000,358000000
1,1790,358000000,358000100,10482,10482,358200000,358200000
1,1791,358200000,358200100,10482,10482,358400000,358400000
1,1792,358400000,358400100,10482,10482,358600000,358600000
1,1793,358600000,358600100,10482,10482,358800000,358800000
1,1794,358800000,358800100,10482,10482,359000000,359000000
1,1795,359000000,359000100,10482,10482,359200000,359200000
1,1796,359200000,359200100,10482,10482,359400000,359400000
1,1797,359400000,359400100,10482,10482,359600000,359600000
1,1798,359600000,359600100,10482,10482,359800000,359800000
1,1799,359800000,359800100,10482,10482,360000000,360000000
1,1800,360000000,360000100,10482,10482,360200000,360200000
1,1801,360200000,360200100,10482,10482,360400000,360400000
1,1802,360400000,360400100,10482,10482,360600000,360600000
1,1803,360600000,360600100,10482,10482,360800000,360800000
1,1804,360800000,360800100,10482,10482,361000000,361000000
1,1805,361000000,361000100,10482,10482,361200000,361200000
1,1806,361200000,361200100,10482,10482,361400000,361400000
1,1807,361400000,361400100,10482,10482,361600000,361600000
1,1808,361600000,361600100,10482,10482,361800000,361800000
1,1809,361800000,361800100,10482,10482,362000000,362000000
1,1810,362000000,362000100,10482,10482,362200000,362200000
1,1811,362200000,362200100,10482,10482,362400000,362400000
1,1812,362400000,362400100,10482,10482,362600000,362600000
1,1813,362600000,362600100,10482,10482,362800000,362800000
1,1814,362800000,362800100,10482,10482,363000000,363000000
1,1815,363000000,363000100,10482,10482,363200000,363200000
1,1816,363200000,363200100,10482,10482,363400000,363400000
1,1817,363400000,363400100,10482,10482,363600000,363600000
1,1818,363600000,363600100,10482,10482,363800000,363800000
1,1819,363800000,363800100,10482,10482,364000000,364000000
1,1820,364000000,364000100,10482,10482,364200000,364200000
1,1821,364200000,364200100,10482,10482,364400000,364400000
1,1822,364400000,364400100,10482,10482,364600000,364600000
1,1823,364600000,364600100,10482,10482,364800000,364800000
1,1824,364800000,364800100,10482,10482,365000000,365000000
1,1825,365000000,365000100,10482,10482,365200000,365200000
1,1826,365200000,365200100,10482,10482,365400000,365400000
1,1827,365400000,365400100,10482,10482,365600000,365600000
1,1828,365600000,365600100,10482,10482,365800000,365800000
1,1829,365800000,365800100,10482,10482,366000000,366000000
1,1830,366000000,366000100,10482,10482,366200000,366200000
1,1831,366200000,366200100,10482,10482,366400000,366400000
1,1832,366400000,366400100,10482,10482,366600000,366600000
1,1833,366600000,366600100,10482,10482,366800000,366800000
1,1834,366800000,366800100,10482,10482,367000000,367000000
1,1835,367000000,367000100,10482,10482,367200000,367200000
1,1836,367200000,367200100,10482,10482,367400000,367400000
1,1837,367400000,367400100,10482,10482,367600000,367600000
1,1838,367600000,367600100,10482,10482,367800000,367800000
1,1839,367800000,367800100,10482,10482,368000000,368000000
1,1840,368000000,368000100,10482,10482,368200000,368200000
1,1841,368200000,368200100,10482,10482,368400000,368400000
1,1842,368400000,368400100,10482,10482,368600000,368600000
1,1843,368600000,368600100,10482,10482,368800000,368800000
1,1844,368800000,368800100,10482,10482,369000000,369000000
1,1845,369000000,369000100,10482,10482,369200000,369200000
1,1846,369200000,369200100,10482,10482,369400000,369400000
1,1847,369400000,369400100,10482,10482,369600000,369600000
1,1848,369600000,369600100,10482,10482,369800000,369800000
1,1849,369800000,369800100,10482,10482,370000000,370000000
1,1850,370000000,370000100,10482,10482,370200000,370200000
1,1851,370200000,370200100,10482,10482,370400000,370400000
1,1852,370400000,370400100,10482,10482,370600000,370600000
1,1853,370600000,370600100,10482,10482,370800000,370800000
1,1854,370800000,370800100,10482,10482,371000000,371000000
1,1855,371000000,371000100,10482,10482,371200000,371200000
1,1856,371200000,371200100,10482,10482,371400000,371400000
1,1857,371400000,371400100,10482,10482,371600000,371600000
1,1858,371600000,371600100,10482,10482,371800000,371800000
1,1859,371800000,371800100,10482,10482,372000000,372000000
1,1860,372000000,372000100,10482,10482,372200000,372200000
1,1861,372200000,372200100,10482,10482,372400000,372400000
1,1862,372400000,372400100,10482,10482,372600000,372600000
1,1863,372600000,372600100,10482,10482,372800000,372800000
1,1864,372800000,372800100,10482,10482,373000000,373000000
1,1865,373000000,373000100,10482,10482,373200000,373200000
1,1866,373200000,373200100,10482,10482,373400000,373400000
1,1867,373400000,373400100,10482,10482,373600000,373600000
1,1868,373600000,373600100,10482,10482,373800000,373800000
1,1869,373800000,373800100,10482,10482,374000000,374000000
1,1870,374000000,374000100,10482,10482,374200000,374200000
1,1871,374200000,374200100,10482,10482,374400000,374400000
1,1872,374400000,374400100,10482,10482,374600000,374600000
1,1873,374600000,374600100,10482,10482,374800000,374800000
1,1874,374800000,374800100,10482,10482,375000000,375000000
1,1875,375000000,375000100,10482,10482,375200000,375200000
1,1876,375200000,375200100,10482,10482,375400000,375400000
1,1877,375400000,375400100,10482,10482,375600000,375600000
1,1878,375600000,375600100,10482,10482,375800000,375800000
1,1879,375800000,375800100,10482,10482,376000000,376000000
1,1880,376000000,376000100,10482,10482,376200000,376200000
1,1881,376200000,376200100,10482,10482,376400000,376400000
1,1882,376400000,376400100,10482,10482,376600000,376600000
1,1883,376600000,376600100,10482,10482,376800000,376800000
1,1884,376800000,376800100,10482,10482,377000000,377000000
1,1885,377000000,377000100,10482,10482,377200000,377200000
1,1886,377200000,377200100,10482,10482,377400000,377400000
1,1887,377400000,377400100,10482,10482,377600000,377600000
1,1888,377600000,377600100,10482,10482,377800000,377800000
1,1889,377800000,377800100,10482,10482,378000000,378000000
1,1890,378000000,378000100,10482,10482,378200000,378200000
1,1891,378200000,378200100,10482,10482,378400000,378400000
1,1892,378400000,378400100,10482,10482,378600000,378600000
1,1893,378600000,378600100,10482,10482,378800000,378800000
1,1894,378800000,378800100,10482,10482,379000000,379000000
1,1895,379000000,379000100,10482,10482,379200000,379200000
1,1896,379200000,379200100,10482,10482,379400000,379400000
1,1897,379400000,379400100,10482,10482,379600000,379600000
1,1898,379600000,379600100,10482,10482,379800000,379800000
1,1899,379800000,379800100,10482,10482,380000000,380000000
1,1900,380000000,380000100,10482,10482,380200000,380200000
1,1901,380200000,380200100,10482,10482,380400000,380400000
1,1902,380400000,380400100,10482,10482,380600000,380600000
1,1903,380600000,380600100,10482,10482,380800000,380800000
1,1904,380800000,380800100,10482,10482,381000000,381000000
1,1905,381000000,381000100,10482,10482,381200000,381200000
1,1906,381200000,381200100,10482,10482,381400000,381400000
1,1907,381400000,381400100,10482,10482,381600000,381600000
1,1908,381600000,381600100,10482,10482,381800000,381800000
1,1909,381800000,381800100,10482,10482,382000000,382000000
1,1910,382000000,382000100,10482,10482,382200000,382200000
1,1911,382200000,382200100,10482,10482,382400000,382400000
1,1912,382400000,382400100,10482,10482,382600000,382600000
1,1913,382600000,382600100,10482,10482,382800000,382800000
1,1914,382800000,382800100,10482,10482,383000000,383000000
1,1915,383000000,383000100,10482,10482,383200000,383200000
1,1916,383200000,383200100,10482,10482,383400000,383400000
1,1917,383400000,383400100,10482,10482,383600000,383600000
1,1918,383600000,383600100,10482,10482,383800000,383800000
1,1919,383800000,383800100,10482,10482,384000000,384000000
1,1920,384000000,384000100,10482,10482,384200000,384200000
1,1921,384200000,384200100,10482,10482,384400000,384400000
1,1922,384400000,384400100,10482,10482,384600000,384600000
1,1923,384600000,384600100,10482,10482,384800000,384800000
1,1924,384800000,384800100,10482,10482,385000000,385000000
1,1925,385000000,385000100,10482,10482,385200000,385200000
1,1926,385200000,385200100,10482,10482,385400000,385400000
1,1927,385400000,385400100,10482,10482,385600000,385600000
1,1928,385600000,385600100,10482,10482,385800000,385800000
1,1929,385800000,385800100,10482,10482,386000000,386000000
1,1930,386000000,386000100,10482,10482,386200000,386200000
1,1931,386200000,386200100,10482,10482,386400000,386400000
1,1932,386400000,386400100,10482,10482,386600000,386600000
1,1933,386600000,386600100,10482,10482,386800000,386800000
1,1934,386800000,386800100,10482,10482,387000000,387000000
1,1935,387000000,387000100,10482,10482,387200000,387200000
1,1936,387200000,387200100,10482,10482,387400000,387400000
1,1937,387400000,387400100,10482,10482,387600000,387600000
1,1938,387600000,387600100,10482,10482,387800000,387800000
1,1939,387800000,387800100,10482,10482,388000000,388000000
1,1940,388000000,388000100,10482,10482,388200000,388200000
1,1941,388200000,388200100,10482,10482,388400000,388400000
1,1942,388400000,388400100,10482,10482,388600000,388600000
1,1943,388600000,388600100,10482,10482,388800000,388800000
1,1944,388800000,388800100,10482,10482,389000000,389000000
1,1945,389000000,389000100,10482,10482,389200000,389200000
1,1946,389200000,389200100,10482,10482,389400000,389400000
1,1947,389400000,389400100,10482,10482,389600000,389600000
1,1948,389600000,389600100,10482,10482,389800000,389800000
1,1949,389800000,389800100,10482,10482,390000000,390000000
1,1950,390000000,390000100,10482,10482,390200000,390200000
1,1951,390200000,390200100,10482,10482,390400000,390400000
1,1952,390400000,390400100,10482,10482,390600000,390600000
1,1953,390600000,390600100,10482,10482,390800000,390800000
1,1954,390800000,390800100,10482,10482,391000000,391000000
1,1955,391000000,391000100,10482,10482,391200000,391200000
1,1956,391200000,391200100,10482,10482,391400000,391400000
1,1957,391400000,391400100,10482,10482,391600000,391600000
1,1958,391600000,391600100,10482,10482,391800000,391800000
1,1959,391800000,391800100,10482,10482,392000000,392000000
1,1960,392000000,392000100,10482,10482,392200000,392200000
1,1961,392200000,392200100,10482,10482,392400000,392400000
1,1962,392400000,392400100,10482,10482,392600000,392600000
1,1963,392600000,392600100,10482,10482,392800000,392800000
1,1964,392800000,392800100,10482,10482,393000000,393000000
1,1965,393000000,393000100,10482,10482,393200000,393200000
1,1966,393200000,393200100,10482,10482,393400000,393400000
1,1967,393400000,393400100,10482,10482,393600000,393600000
1,1968,393600000,393600100,10482,10482,393800000,393800000
1,1969,393800000,393800100,10482,10482,394000000,394000000
1,1970,394000000,394000100,10482,10482,394200000,394200000
1,1971,394200000,394200100,10482,10482,394400000,394400000
1,1972,394400000,394400100,10482,10482,394600000,394600000
1,1973,394600000,394600100,10482,10482,394800000,394800000
1,1974,394800000,394800100,10482,10482,395000000,395000000
1,1975,395000000,395000100,10482,10482,395200000,395200000
1,1976,395200000,395200100,10482,10482,395400000,395400000
1,1977,395400000,395400100,10482,10482,395600000,395600000
1,1978,395600000,395600100,10482,10482,395800000,395800000
1,1979,395800000,395800100,10482,10482,396000000,396000000
1,1980,396000000,396000100,10482,10482,396200000,396200000
1,1981,396200000,396200100,10482,10482,396400000,396400000
1,1982,396400000,396400100,10482,10482,396600000,396600000
1,1983,396600000,396600100,10482,10482,396800000,396800000
1,1984,396800000,396800100,10482,10482,397000000,397000000
1,1985,397000000,397000100,10482,10482,397200000,397200000
1,1986,397200000,397200100,10482,10482,397400000,397400000
1,1987,397400000,397400100,10482,10482,397600000,397600000
1,1988,397600000,397600100,10482,10482,397800000,397800000
1,1989,397800000,397800100,10482,10482,398000000,398000000
1,1990,398000000,398000100,10482,10482,398200000,398200000
1,1991,398200000,398200100,10482,10482,398400000,398400000
1,1992,398400000,398400100,10482,10482,398600000,398600000
1,1993,398600000,398600100,10482,10482,398800000,398800000
1,1994,398800000,398800100,10482,10482,399000000,399000000
1,1995,399000000,399000100,10482,10482,399200000,399200000
1,1996,399200000,399200100,10482,10482,399400000,399400000
1,1997,399400000,399400100,10482,10482,399600000,399600000
1,1998,399600000,399600100,10482,10482,399800000,399800000
1,1999,399800000,399800100,10482,10482,400000000,400000000
1,2000,400000000,400000100,10482,10482,400200000,400200000
1,2001,400200000,400200100,10482,10482,400400000,400400000
1,2002,400400000,400400100,10482,10482,400600000,400600000
1,2003,400600000,400600100,10482,10482,400800000,400800000
1,2004,400800000,400800100,10482,10482,401000000,401000000
1,2005,401000000,401000100,10482,10482,401200000,401200000
1,2006,401200000,401200100,10482,10482,401400000,401400000
1,2007,401400000,401400100,10482,10482,401600000,401600000
1,2008,401600000,401600100,10482,10482,401800000,401800000
1,2009,401800000,401800100,10482,10482,402000000,402000000
1,2010,402000000,402000100,10482,10482,402200000,402200000
1,2011,402200000,402200100,10482,10482,402400000,402400000
1,2012,402400000,402400100,10482,10482,402600000,402600000
1,2013,402600000,402600100,10482,10482,402800000,402800000
1,2014,402800000,402800100,10482,10482,403000000,403000000
1,2015,403000000,403000100,10482,10482,403200000,403200000
1,2016,403200000,403200100,10482,10482,403400000,403400000
1,2017,403400000,403400100,10482,10482,403600000,403600000
1,2018,403600000,403600100,10482,10482,403800000,403800000
1,2019,403800000,403800100,10482,10482,404000000,404000000
1,2020,404000000,404000100,10482,10482,404200000,404200000
1,2021,404200000,404200100,10482,10482,404400000,404400000
1,2022,404400000,404400100,10482,10482,404600000,404600000
1,2023,404600000,404600100,10482,10482,404800000,404800000
1,2024,404800000,404800100,10482,10482,405000000,405000000
1,2025,405000000,405000100,10482,10482,405200000,405200000
1,2026,405200000,405200100,10482,10482,405400000,405400000
1,2027,405400000,405400100,10482,10482,405600000,405600000
1,2028,405600000,405600100,10482,10482,405800000,405800000
1,2029,405800000,405800100,10482,10482,406000000,406000000
1,2030,406000000,406000100,10482,10482,406200000,406200000
1,2031,406200000,406200100,10482,10482,406400000,406400000
1,2032,406400000,406400100,10482,10482,406600000,406600000
1,2033,406600000,406600100,10482,10482,406800000,406800000
1,2034,406800000,406800100,10482,10482,407000000,407000000
1,2035,407000000,407000100,10482,10482,407200000,407200000
1,2036,407200000,407200100,10482,10482,407400000,407400000
1,2037,407400000,407400100,10482,10482,407600000,407600000
1,2038,407600000,407600100,10482,10482,407800000,407800000
1,2039,407800000,407800100,10482,10482,408000000,408000000
1,2040,408000000,408000100,10482,10482,408200000,408200000
1,2041,408200000,408200100,10482,10482,408400000,408400000
1,2042,408400000,408400100,10482,10482,408600000,408600000
1,2043,408600000,408600100,10482,10482,408800000,408800000
1,2044,408800000,408800100,10482,10482,409000000,409000000
1,2045,409000000,409000100,10482,10482,409200000,409200000
1,2046,409200000,409200100,10482,10482,409400000,409400000
1,2047,409400000,409400100,10482,10482,409600000,409600000
1,2048,409600000,409600100,10482,10482,409800000,409800000
1,2049,409800000,409800100,10482,10482,410000000,410000000
1,2050,410000000,410000100,10482,10482,410200000,410200000
1,2051,410200000,410200100,10482,10482,410400000,410400000
1,2052,410400000,410400100,10482,10482,410600000,410600000
1,2053,410600000,410600100,10482,10482,410800000,410800000
1,2054,410800000,410800100,10482,10482,411000000,411000000
1,2055,411000000,411000100,10482,10482,411200000,411200000
1,2056,411200000,411200100,10482,10482,411400000,411400000
1,2057,411400000,411400100,10482,10482,411600000,411600000
1,2058,411600000,411600100,10482,10482,411800000,411800000
1,2059,411800000,411800100,10482,10482,412000000,412000000
1,2060,412000000,412000100,10482,10482,412200000,412200000
1,2061,412200000,412200100,10482,10482,412400000,412400000
1,2062,412400000,412400100,10482,10482,412600000,412600000
1,2063,412600000,412600100,10482,10482,412800000,412800000
1,2064,412800000,412800100,10482,10482,413000000,413000000
1,2065,413000000,413000100,10482,10482,413200000,413200000
1,2066,413200000,413200100,10482,10482,413400000,413400000
1,2067,413400000,413400100,10482,10482,413600000,413600000
1,2068,413600000,413600100,10482,10482,413800000,413800000
1,2069,413800000,413800100,10482,10482,414000000,414000000
1,2070,414000000,414000100,10482,10482,414200000,414200000
1,2071,414200000,414200100,10482,10482,414400000,414400000
1,2072,414400000,414400100,10482,10482,414600000,414600000
1,2073,414600000,414600100,10482,10482,414800000,414800000
1,2074,414800000,414800100,10482,10482,415000000,415000000
1,2075,415000000,415000100,10482,10482,415200000,415200000
1,2076,415200000,415200100,10482,10482,415400000,415400000
1,2077,415400000,415400100,10482,10482,415600000,415600000
1,2078,415600000,415600100,10482,10482,415800000,415800000
1,2079,415800000,415800100,10482,10482,416000000,416000000
1,2080,416000000,416000100,10482,10482,416200000,416200000
1,2081,416200000,416200100,10482,10482,416400000,416400000
1,2082,416400000,416400100,10482,10482,416600000,416600000
1,2083,416600000,416600100,10482,10482,416800000,416800000
1,2084,416800000,416800100,10482,10482,417000000,417000000
1,2085,417000000,417000100,10482,10482,417200000,417200000
1,2086,417200000,417200100,10482,10482,417400000,417400000
1,2087,417400000,417400100,10482,10482,417600000,417600000
1,2088,417600000,417600100,10482,10482,417800000,417800000
1,2089,417800000,417800100,10482,10482,418000000,418000000
1,2090,418000000,418000100,10482,10482,418200000,418200000
1,2091,418200000,418200100,10482,10482,418400000,418400000
1,2092,418400000,418400100,10482,10482,418600000,418600000
1,2093,418600000,418600100,10482,10482,418800000,418800000
1,2094,418800000,418800100,10482,10482,419000000,419000000
1,2095,419000000,419000100,10482,10482,419200000,419200000
1,2096,419200000,419200100,10482,10482,419400000,419400000
1,2097,419400000,419400100,10482,10482,419600000,419600000
1,2098,419600000,419600100,10482,10482,419800000,419800000
1,2099,419800000,419800100,10482,10482,420000000,420000000
1,2100,420000000,420000100,10482,10482,420200000,420200000
1,2101,420200000,420200100,10482,10482,420400000,420400000
1,2102,420400000,420400100,10482,10482,420600000,420600000
1,2103,420600000,420600100,10482,10482,420800000,420800000
1,2104,420800000,420800100,10482,10482,421000000,421000000
1,2105,421000000,421000100,10482,10482,421200000,421200000
1,2106,421200000,421200100,10482,10482,421400000,421400000
1,2107,421400000,421400100,10482,10482,421600000,421600000
1,2108,421600000,421600100,10482,10482,421800000,421800000
1,2109,421800000,421800100,10482,10482,422000000,422000000
1,2110,422000000,422000100,10482,10482,422200000,422200000
1,2111,422200000,422200100,10482,10482,422400000,422400000
1,2112,422400000,422400100,10482,10482,422600000,422600000
1,2113,422600000,422600100,10482,10482,422800000,422800000
1,2114,422800000,422800100,10482,10482,423000000,423000000
1,2115,423000000,423000100,10482,10482,423200000,423200000
1,2116,423200000,423200100,10482,10482,423400000,423400000
1,2117,423400000,423400100,10482,10482,423600000,423600000
1,2118,423600000,423600100,10482,10482,423800000,423800000
1,2119,423800000,423800100,10482,10482,424000000,424000000
1,2120,424000000,424000100,10482,10482,424200000,424200000
1,2121,424200000,424200100,10482,10482,424400000,424400000
1,2122,424400000,424400100,10482,10482,424600000,424600000
1,2123,424600000,424600100,10482,10482,424800000,424800000
1,2124,424800000,424800100,10482,10482,425000000,425000000
1,2125,425000000,425000100,10482,10482,425200000,425200000
1,2126,425200000,425200100,10482,10482,425400000,425400000
1,2127,425400000,425400100,10482,10482,425600000,425600000
1,2128,425600000,425600100,10482,10482,425800000,425800000
1,2129,425800000,425800100,10482,10482,426000000,426000000
1,2130,426000000,426000100,10482,10482,426200000,426200000
1,2131,426200000,426200100,10482,10482,426400000,426400000
1,2132,426400000,426400100,10482,10482,426600000,426600000
1,2133,426600000,426600100,10482,10482,426800000,426800000
1,2134,426800000,426800100,10482,10482,427000000,427000000
1,2135,427000000,427000100,10482,10482,427200000,427200000
1,2136,427200000,427200100,10482,10482,427400000,427400000
1,2137,427400000,427400100,10482,10482,427600000,427600000
1,2138,427600000,427600100,10482,10482,427800000,427800000
1,2139,427800000,427800100,10482,10482,428000000,428000000
1,2140,428000000,428000100,10482,10482,428200000,428200000
1,2141,428200000,428200100,10482,10482,428400000,428400000
1,2142,428400000,428400100,10482,10482,428600000,428600000
1,2143,428600000,428600100,10482,10482,428800000,428800000
1,2144,428800000,428800100,10482,10482,429000000,429000000
1,2145,429000000,429000100,10482,10482,429200000,429200000
1,2146,429200000,429200100,10482,10482,429400000,429400000
1,2147,429400000,429400100,10482,10482,429600000,429600000
1,2148,429600000,429600100,10482,10482,429800000,429800000
1,2149,429800000,429800100,10482,10482,430000000,430000000
1,2150,430000000,430000100,10482,10482,430200000,430200000
1,2151,430200000,430200100,10482,10482,430400000,430400000
1,2152,430400000,430400100,10482,10482,430600000,430600000
1,2153,430600000,430600100,10482,10482,430800000,430800000
1,2154,430800000,430800100,10482,10482,431000000,431000000
1,2155,431000000,431000100,10482,10482,431200000,431200000
1,2156,431200000,431200100,10482,10482,431400000,431400000
1,2157,431400000,431400100,10482,10482,431600000,431600000
1,2158,431600000,431600100,10482,10482,431800000,431800000
1,2159,431800000,431800100,10482,10482,432000000,432000000
1,2160,432000000,432000100,10482,10482,432200000,432200000
1,2161,432200000,432200100,10482,10482,432400000,432400000
1,2162,432400000,432400100,10482,10482,432600000,432600000
1,2163,432600000,432600100,10482,10482,432800000,432800000
1,2164,432800000,432800100,10482,10482,433000000,433000000
1,2165,433000000,433000100,10482,10482,433200000,433200000
1,2166,433200000,433200100,10482,10482,433400000,433400000
1,2167,433400000,433400100,10482,10482,433600000,433600000
1,2168,433600000,433600100,10482,10482,433800000,433800000
1,2169,433800000,433800100,10482,10482,434000000,434000000
1,2170,434000000,434000100,10482,10482,434200000,434200000
1,2171,434200000,434200100,10482,10482,434400000,434400000
1,2172,434400000,434400100,10482,10482,434600000,434600000
1,2173,434600000,434600100,10482,10482,434800000,434800000
1,2174,434800000,434800100,10482,10482,435000000,435000000
1,2175,435000000,435000100,10482,10482,435200000,435200000
1,2176,435200000,435200100,10482,10482,435400000,435400000
1,2177,435400000,435400100,10482,10482,435600000,435600000
1,2178,435600000,435600100,10482,10482,435800000,435800000
1,2179,435800000,435800100,10482,10482,436000000,436000000
1,2180,436000000,436000100,10482,10482,436200000,436200000
1,2181,436200000,436200100,10482,10482,436400000,436400000
1,2182,436400000,436400100,10482,10482,436600000,436600000
1,2183,436600000,436600100,10482,10482,436800000,436800000
1,2184,436800000,436800100,10482,10482,437000000,437000000
1,2185,437000000,437000100,10482,10482,437200000,437200000
1,2186,437200000,437200100,10482,10482,437400000,437400000
1,2187,437400000,437400100,10482,10482,437600000,437600000
1,2188,437600000,437600100,10482,10482,437800000,437800000
1,2189,437800000,437800100,10482,10482,438000000,438000000
1,2190,438000000,438000100,10482,10482,438200000,438200000
1,2191,438200000,438200100,10482,10482,438400000,438400000
1,2192,438400000,438400100,10482,10482,438600000,438600000
1,2193,438600000,438600100,10482,10482,438800000,438800000
1,2194,438800000,438800100,10482,10482,439000000,439000000
1,2195,439000000,439000100,10482,10482,439200000,439200000
1,2196,439200000,439200100,10482,10482,439400000,439400000
1,2197,439400000,439400100,10482,10482,439600000,439600000
1,2198,439600000,439600100,10482,10482,439800000,439800000
1,2199,439800000,439800100,10482,10482,440000000,440000000
1,2200,440000000,440000100,10482,10482,440200000,440200000
1,2201,440200000,440200100,10482,10482,440400000,440400000
1,2202,440400000,440400100,10482,10482,440600000,440600000
1,2203,440600000,440600100,10482,10482,440800000,440800000
1,2204,440800000,440800100,10482,10482,441000000,441000000
1,2205,441000000,441000100,10482,10482,441200000,441200000
1,2206,441200000,441200100,10482,10482,441400000,441400000
1,2207,441400000,441400100,10482,10482,441600000,441600000
1,2208,441600000,441600100,10482,10482,441800000,441800000
1,2209,441800000,441800100,10482,10482,442000000,442000000
1,2210,442000000,442000100,10482,10482,442200000,442200000
1,2211,442200000,442200100,10482,10482,442400000,442400000
1,2212,442400000,442400100,10482,10482,442600000,442600000
1,2213,442600000,442600100,10482,10482,442800000,442800000
1,2214,442800000,442800100,10482,10482,443000000,443000000
1,2215,443000000,443000100,10482,10482,443200000,443200000
1,2216,443200000,443200100,10482,10482,443400000,443400000
1,2217,443400000,443400100,10482,10482,443600000,443600000
1,2218,443600000,443600100,10482,10482,443800000,443800000
1,2219,443800000,443800100,10482,10482,444000000,444000000
1,2220,444000000,444000100,10482,10482,444200000,444200000
1,2221,444200000,444200100,10482,10482,444400000,444400000
1,2222,444400000,444400100,10482,10482,444600000,444600000
1,2223,444600000,444600100,10482,10482,444800000,444800000
1,2224,444800000,444800100,10482,10482,445000000,445000000
1,2225,445000000,445000100,10482,10482,445200000,445200000
1,2226,445200000,445200100,10482,10482,445400000,445400000
1,2227,445400000,445400100,10482,10482,445600000,445600000
1,2228,445600000,445600100,10482,10482,445800000,445800000
1,2229,445800000,445800100,10482,10482,446000000,446000000
1,2230,446000000,446000100,10482,10482,446200000,446200000
1,2231,446200000,446200100,10482,10482,446400000,446400000
1,2232,446400000,446400100,10482,10482,446600000,446600000
1,2233,446600000,446600100,10482,10482,446800000,446800000
1,2234,446800000,446800100,10482,10482,447000000,447000000
1,2235,447000000,447000100,10482,10482,447200000,447200000
1,2236,447200000,447200100,10482,10482,447400000,447400000
1,2237,447400000,447400100,10482,10482,447600000,447600000
1,2238,447600000,447600100,10482,10482,447800000,447800000
1,2239,447800000,447800100,10482,10482,448000000,448000000
1,2240,448000000,448000100,10482,10482,448200000,448200000
1,2241,448200000,448200100,10482,10482,448400000,448400000
1,2242,448400000,448400100,10482,10482,448600000,448600000
1,2243,448600000,448600100,10482,10482,448800000,448800000
1,2244,448800000,448800100,10482,10482,449000000,449000000
1,2245,449000000,449000100,10482,10482,449200000,449200000
1,2246,449200000,449200100,10482,10482,449400000,449400000
1,2247,449400000,449400100,10482,10482,449600000,449600000
1,2248,449600000,449600100,10482,10482,449800000,449800000
1,2249,449800000,449800100,10482,10482,450000000,450000000
1,2250,450000000,450000100,10482,10482,450200000,450200000
1,2251,450200000,450200100,10482,10482,450400000,450400000
1,2252,450400000,450400100,10482,10482,450600000,450600000
1,2253,450600000,450600100,10482,10482,450800000,450800000
1,2254,450800000,450800100,10482,10482,451000000,451000000
1,2255,451000000,451000100,10482,10482,451200000,451200000
1,2256,451200000,451200100,10482,10482,451400000,451400000
1,2257,451400000,451400100,10482,10482,451600000,451600000
1,2258,451600000,451600100,10482,10482,451800000,451800000
1,2259,451800000,451800100,10482,10482,452000000,452000000
1,2260,452000000,452000100,10482,10482,452200000,452200000
1,2261,452200000,452200100,10482,10482,452400000,452400000
1,2262,452400000,452400100,10482,10482,452600000,452600000
1,2263,452600000,452600100,10482,10482,452800000,452800000
1,2264,452800000,452800100,10482,10482,453000000,453000000
1,2265,453000000,453000100,10482,10482,453200000,453200000
1,2266,453200000,453200100,10482,10482,453400000,453400000
1,2267,453400000,453400100,10482,10482,453600000,453600000
1,2268,453600000,453600100,10482,10482,453800000,453800000
1,2269,453800000,453800100,10482,10482,454000000,454000000
1,2270,454000000,454000100,10482,10482,454200000,454200000
1,2271,454200000,454200100,10482,10482,454400000,454400000
1,2272,454400000,454400100,10482,10482,454600000,454600000
1,2273,454600000,454600100,10482,10482,454800000,454800000
1,2274,454800000,454800100,10482,10482,455000000,455000000
1,2275,455000000,455000100,10482,10482,455200000,455200000
1,2276,455200000,455200100,10482,10482,455400000,455400000
1,2277,455400000,455400100,10482,10482,455600000,455600000
1,2278,455600000,455600100,10482,10482,455800000,455800000
1,2279,455800000,455800100,10482,10482,456000000,456000000
1,2280,456000000,456000100,10482,10482,456200000,456200000
1,2281,456200000,456200100,10482,10482,456400000,456400000
1,2282,456400000,456400100,10482,10482,456600000,456600000
1,2283,456600000,456600100,10482,10482,456800000,456800000
1,2284,456800000,456800100,10482,10482,457000000,457000000
1,2285,457000000,457000100,10482,10482,457200000,457200000
1,2286,457200000,457200100,10482,10482,457400000,457400000
1,2287,457400000,457400100,10482,10482,457600000,457600000
1,2288,457600000,457600100,10482,10482,457800000,457800000
1,2289,457800000,457800100,10482,10482,458000000,458000000
1,2290,458000000,458000100,10482,10482,458200000,458200000
1,2291,458200000,458200100,10482,10482,458400000,458400000
1,2292,458400000,458400100,10482,10482,458600000,458600000
1,2293,458600000,458600100,10482,10482,458800000,458800000
1,2294,458800000,458800100,10482,10482,459000000,459000000
1,2295,459000000,459000100,10482,10482,459200000,459200000
1,2296,459200000,459200100,10482,10482,459400000,459400000
1,2297,459400000,459400100,10482,10482,459600000,459600000
1,2298,459600000,459600100,10482,10482,459800000,459800000
1,2299,459800000,459800100,10482,10482,460000000,460000000
1,2300,460000000,460000100,10482,10482,460200000,460200000
1,2301,460200000,460200100,10482,10482,460400000,460400000
1,2302,460400000,460400100,10482,10482,460600000,460600000
1,2303,460600000,460600100,10482,10482,460800000,460800000
1,2304,460800000,460800100,10482,10482,461000000,461000000
1,2305,461000000,461000100,10482,10482,461200000,461200000
1,2306,461200000,461200100,10482,10482,461400000,461400000
1,2307,461400000,461400100,10482,10482,461600000,461600000
1,2308,461600000,461600100,10482,10482,461800000,461800000
1,2309,461800000,461800100,10482,10482,462000000,462000000
1,2310,462000000,462000100,10482,10482,462200000,462200000
1,2311,462200000,462200100,10482,10482,462400000,462400000
1,2312,462400000,462400100,10482,10482,462600000,462600000
1,2313,462600000,462600100,10482,10482,462800000,462800000
1,2314,462800000,462800100,10482,10482,463000000,463000000
1,2315,463000000,463000100,10482,10482,463200000,463200000
1,2316,463200000,463200100,10482,10482,463400000,463400000
1,2317,463400000,463400100,10482,10482,463600000,463600000
1,2318,463600000,463600100,10482,10482,463800000,463800000
1,2319,463800000,463800100,10482,10482,464000000,464000000
1,2320,464000000,464000100,10482,10482,464200000,464200000
1,2321,464200000,464200100,10482,10482,464400000,464400000
1,2322,464400000,464400100,10482,10482,464600000,464600000
1,2323,464600000,464600100,10482,10482,464800000,464800000
1,2324,464800000,464800100,10482,10482,465000000,465000000
1,2325,465000000,465000100,10482,10482,465200000,465200000
1,2326,465200000,465200100,10482,10482,465400000,465400000
1,2327,465400000,465400100,10482,10482,465600000,465600000
1,2328,465600000,465600100,10482,10482,465800000,465800000
1,2329,465800000,465800100,10482,10482,466000000,466000000
1,2330,466000000,466000100,10482,10482,466200000,466200000
1,2331,466200000,466200100,10482,10482,466400000,466400000
1,2332,466400000,466400100,10482,10482,466600000,466600000
1,2333,466600000,466600100,10482,10482,466800000,466800000
1,2334,466800000,466800100,10482,10482,467000000,467000000
1,2335,467000000,467000100,10482,10482,467200000,467200000
1,2336,467200000,467200100,10482,10482,467400000,467400000
1,2337,467400000,467400100,10482,10482,467600000,467600000
1,2338,467600000,467600100,10482,10482,467800000,467800000
1,2339,467800000,467800100,10482,10482,468000000,468000000
1,2340,468000000,468000100,10482,10482,468200000,468200000
1,2341,468200000,468200100,10482,10482,468400000,468400000
1,2342,468400000,468400100,10482,10482,468600000,468600000
1,2343,468600000,468600100,10482,10482,468800000,468800000
1,2344,468800000,468800100,10482,10482,469000000,469000000
1,2345,469000000,469000100,10482,10482,469200000,469200000
1,2346,469200000,469200100,10482,10482,469400000,469400000
1,2347,469400000,469400100,10482,10482,469600000,469600000
1,2348,469600000,469600100,10482,10482,469800000,469800000
1,2349,469800000,469800100,10482,10482,470000000,470000000
1,2350,470000000,470000100,10482,10482,470200000,470200000
1,2351,470200000,470200100,10482,10482,470400000,470400000
1,2352,470400000,470400100,10482,10482,470600000,470600000
1,2353,470600000,470600100,10482,10482,470800000,470800000
1,2354,470800000,470800100,10482,10482,471000000,471000000
1,2355,471000000,471000100,10482,10482,471200000,471200000
1,2356,471200000,471200100,10482,10482,471400000,471400000
1,2357,471400000,471400100,10482,10482,471600000,471600000
1,2358,471600000,471600100,10482,10482,471800000,471800000
1,2359,471800000,471800100,10482,10482,472000000,472000000
1,2360,472000000,472000100,10482,10482,472200000,472200000
1,2361,472200000,472200100,10482,10482,472400000,472400000
1,2362,472400000,472400100,10482,10482,472600000,472600000
1,2363,472600000,472600100,10482,10482,472800000,472800000
1,2364,472800000,472800100,10482,10482,473000000,473000000
1,2365,473000000,473000100,10482,10482,473200000,473200000
1,2366,473200000,473200100,10482,10482,473400000,473400000
1,2367,473400000,473400100,10482,10482,473600000,473600000
1,2368,473600000,473600100,10482,10482,473800000,473800000
1,2369,473800000,473800100,10482,10482,474000000,474000000
1,2370,474000000,474000100,10482,10482,474200000,474200000
1,2371,474200000,474200100,10482,10482,474400000,474400000
1,2372,474400000,474400100,10482,10482,474600000,474600000
1,2373,474600000,474600100,10482,10482,474800000,474800000
1,2374,474800000,474800100,10482,10482,475000000,475000000
1,2375,475000000,475000100,10482,10482,475200000,475200000
1,2376,475200000,475200100,10482,10482,475400000,475400000
1,2377,475400000,475400100,10482,10482,475600000,475600000
1,2378,475600000,475600100,10482,10482,475800000,475800000
1,2379,475800000,475800100,10482,10482,476000000,476000000
1,2380,476000000,476000100,10482,10482,476200000,476200000
1,2381,476200000,476200100,10482,10482,476400000,476400000
1,2382,476400000,476400100,10482,10482,476600000,476600000
1,2383,476600000,476600100,10482,10482,476800000,476800000
1,2384,476800000,476800100,10482,10482,477000000,477000000
1,2385,477000000,477000100,10482,10482,477200000,477200000
1,2386,477200000,477200100,10482,10482,477400000,477400000
1,2387,477400000,477400100,10482,10482,477600000,477600000
1,2388,477600000,477600100,10482,10482,477800000,477800000
1,2389,477800000,477800100,10482,10482,478000000,478000000
1,2390,478000000,478000100,10482,10482,478200000,478200000
1,2391,478200000,478200100,10482,10482,478400000,478400000
1,2392,478400000,478400100,10482,10482,478600000,478600000
1,2393,478600000,478600100,10482,10482,478800000,478800000
1,2394,478800000,478800100,10482,10482,479000000,479000000
1,2395,479000000,479000100,10482,10482,479200000,479200000
1,2396,479200000,479200100,10482,10482,479400000,479400000
1,2397,479400000,479400100,10482,10482,479600000,479600000
1,2398,479600000,479600100,10482,10482,479800000,479800000
1,2399,479800000,479800100,10482,10482,480000000,480000000
1,2400,480000000,480000100,10482,10482,480200000,480200000
1,2401,480200000,480200100,10482,10482,480400000,480400000
1,2402,480400000,480400100,10482,10482,480600000,480600000
1,2403,480600000,480600100,10482,10482,480800000,480800000
1,2404,480800000,480800100,10482,10482,481000000,481000000
1,2405,481000000,481000100,10482,10482,481200000,481200000
1,2406,481200000,481200100,10482,10482,481400000,481400000
1,2407,481400000,481400100,10482,10482,481600000,481600000
1,2408,481600000,481600100,10482,10482,481800000,481800000
1,2409,481800000,481800100,10482,10482,482000000,482000000
1,2410,482000000,482000100,10482,10482,482200000,482200000
1,2411,482200000,482200100,10482,10482,482400000,482400000
1,2412,482400000,482400100,10482,10482,482600000,482600000
1,2413,482600000,482600100,10482,10482,482800000,482800000
1,2414,482800000,482800100,10482,10482,483000000,483000000
1,2415,483000000,483000100,10482,10482,483200000,483200000
1,2416,483200000,483200100,10482,10482,483400000,483400000
1,2417,483400000,483400100,10482,10482,483600000,483600000
1,2418,483600000,483600100,10482,10482,483800000,483800000
1,2419,483800000,483800100,10482,10482,484000000,484000000
1,2420,484000000,484000100,10482,10482,484200000,484200000
1,2421,484200000,484200100,10482,10482,484400000,484400000
1,2422,484400000,484400100,10482,10482,484600000,484600000
1,2423,484600000,484600100,10482,10482,484800000,484800000
1,2424,484800000,484800100,10482,10482,485000000,485000000
1,2425,485000000,485000100,10482,10482,485200000,485200000
1,2426,485200000,485200100,10482,10482,485400000,485400000
1,2427,485400000,485400100,10482,10482,485600000,485600000
1,2428,485600000,485600100,10482,10482,485800000,485800000
1,2429,485800000,485800100,10482,10482,486000000,486000000
1,2430,486000000,486000100,10482,10482,486200000,486200000
1,2431,486200000,486200100,10482,10482,486400000,486400000
1,2432,486400000,486400100,10482,10482,486600000,486600000
1,2433,486600000,486600100,10482,10482,486800000,486800000
1,2434,486800000,486800100,10482,10482,487000000,487000000
1,2435,487000000,487000100,10482,10482,487200000,487200000
1,2436,487200000,487200100,10482,10482,487400000,487400000
1,2437,487400000,487400100,10482,10482,487600000,487600000
1,2438,487600000,487600100,10482,10482,487800000,487800000
1,2439,487800000,487800100,10482,10482,488000000,488000000
1,2440,488000000,488000100,10482,10482,488200000,488200000
1,2441,488200000,488200100,10482,10482,488400000,488400000
1,2442,488400000,488400100,10482,10482,488600000,488600000
1,2443,488600000,488600100,10482,10482,488800000,488800000
1,2444,488800000,488800100,10482,10482,489000000,489000000
1,2445,489000000,489000100,10482,10482,489200000,489200000
1,2446,489200000,489200100,10482,10482,489400000,489400000
1,2447,489400000,489400100,10482,10482,489600000,489600000
1,2448,489600000,489600100,10482,10482,489800000,489800000
1,2449,489800000,489800100,10482,10482,490000000,490000000
1,2450,490000000,490000100,10482,10482,490200000,490200000
1,2451,490200000,490200100,10482,10482,490400000,490400000
1,2452,490400000,490400100,10482,10482,490600000,490600000
1,2453,490600000,490600100,10482,10482,490800000,490800000
1,2454,490800000,490800100,10482,10482,491000000,491000000
1,2455,491000000,491000100,10482,10482,491200000,491200000
1,2456,491200000,491200100,10482,10482,491400000,491400000
1,2457,491400000,491400100,10482,10482,491600000,491600000
1,2458,491600000,491600100,10482,10482,491800000,491800000
1,2459,491800000,491800100,10482,10482,492000000,492000000
1,2460,492000000,492000100,10482,10482,492200000,492200000
1,2461,492200000,492200100,10482,10482,492400000,492400000
1,2462,492400000,492400100,10482,10482,492600000,492600000
1,2463,492600000,492600100,10482,10482,492800000,492800000
1,2464,492800000,492800100,10482,10482,493000000,493000000
1,2465,493000000,493000100,10482,10482,493200000,493200000
1,2466,493200000,493200100,10482,10482,493400000,493400000
1,2467,493400000,493400100,10482,10482,493600000,493600000
1,2468,493600000,493600100,10482,10482,493800000,493800000
1,2469,493800000,493800100,10482,10482,494000000,494000000
2,0,0,100,136561,136561,250000,250000
2,1,250000,250100,136561,136561,500000,500000
2,2,500000,500100,136561,136561,750000,750000
2,3,750000,750100,136561,136561,1000000,1000000
2,4,1000000,1000100,136561,136561,1250000,1250000
2,5,1250000,1250100,136561,136561,1500000,1500000
2,6,1500000,1500100,136561,136561,1750000,1750000
2,7,1750000,1750100,136561,136561,2000000,2000000
2,8,2000000,2000100,136561,136561,2250000,2250000
2,9,2250000,2250100,136561,136561,2500000,2500000
2,10,2500000,2500100,136561,136561,2750000,2750000
2,11,2750000,2750100,136561,136561,3000000,3000000
2,12,3000000,3000100,136561,136561,3250000,3250000
2,13,3250000,3250100,136561,136561,3500000,3500000
2,14,3500000,3500100,136561,136561,3750000,3750000
2,15,3750000,3750100,136561,136561,4000000,4000000
2,16,4000000,4000100,136561,136561,4250000,4250000
2,17,4250000,4250100,136561,136561,4500000,4500000
2,18,4500000,4500100,136561,136561,4750000,4750000
2,19,4750000,4750100,136561,136561,5000000,5000000
2,20,5000000,5000100,136561,136561,5250000,5250000
2,21,5250000,5250100,136561,136561,5500000,5500000
2,22,5500000,5500100,136561,136561,5750000,5750000
2,23,5750000,5750100,136561,136561,6000000,6000000
2,24,6000000,6000100,136561,136561,6250000,6250000
2,25,6250000,6250100,136561,136561,6500000,6500000
2,26,6500000,6500100,136561,136561,6750000,6750000
2,27,6750000,6750100,136561,136561,7000000,7000000
2,28,7000000,7000100,136561,136561,7250000,7250000
2,29,7250000,7250100,136561,136561,7500000,7500000
2,30,7500000,7500100,136561,136561,7750000,7750000
2,31,7750000,7750100,136561,136561,8000000,8000000
2,32,8000000,8000100,136561,136561,8250000,8250000
2,33,8250000,8250100,136561,136561,8500000,8500000
2,34,8500000,8500100,136561,136561,8750000,8750000
2,35,8750000,8750100,136561,136561,9000000,9000000
2,36,9000000,9000100,136561,136561,9250000,9250000
2,37,9250000,9250100,136561,136561,9500000,9500000
2,38,9500000,9500100,136561,136561,9750000,9750000
2,39,9750000,9750100,136561,136561,10000000,10000000
2,40,10000000,10000100,136561,136561,10250000,10250000
2,41,10250000,10250100,136561,136561,10500000,10500000
2,42,10500000,10500100,136561,136561,10750000,10750000
2,43,10750000,10750100,136561,136561,11000000,11000000
2,44,11000000,11000100,136561,136561,11250000,11250000
2,45,11250000,11250100,136561,136561,11500000,11500000
2,46,11500000,11500100,136561,136561,11750000,11750000
2,47,11750000,11750100,136561,136561,12000000,12000000
2,48,12000000,12000100,136561,136561,12250000,12250000
2,49,12250000,12250100,136561,136561,12500000,12500000
2,50,12500000,12500100,136561,136561,12750000,12750000
2,51,12750000,12750100,136561,136561,13000000,13000000
2,52,13000000,13000100,136561,136561,13250000,13250000
2,53,13250000,13250100,136561,136561,13500000,13500000
2,54,13500000,13500100,136561,136561,13750000,13750000
2,55,13750000,13750100,136561,136561,14000000,14000000
2,56,14000000,14000100,136561,136561,14250000,14250000
2,57,14250000,14250100,136561,136561,14500000,14500000
2,58,14500000,14500100,136561,136561,14750000,14750000
2,59,14750000,14750100,136561,136561,15000000,15000000
2,60,15000000,15000100,136561,136561,15250000,15250000
2,61,15250000,15250100,136561,136561,15500000,15500000
2,62,15500000,15500100,136561,136561,15750000,15750000
2,63,15750000,15750100,136561,136561,16000000,16000000
2,64,16000000,16000100,136561,136561,16250000,16250000
2,65,16250000,16250100,136561,136561,16500000,16500000
2,66,16500000,16500100,136561,136561,16750000,16750000
2,67,16750000,16750100,136561,136561,17000000,17000000
2,68,17000000,17000100,136561,136561,17250000,17250000
2,69,17250000,17250100,136561,136561,17500000,17500000
2,70,17500000,17500100,136561,136561,17750000,17750000
2,71,17750000,17750100,136561,136561,18000000,18000000
2,72,18000000,18000100,136561,136561,18250000,18250000
2,73,18250000,18250100,136561,136561,18500000,18500000
2,74,18500000,18500100,136561,136561,18750000,18750000
2,75,18750000,18750100,136561,136561,19000000,19000000
2,76,19000000,19000100,136561,136561,19250000,19250000
2,77,19250000,19250100,136561,136561,19500000,19500000
2,78,19500000,19500100,136561,136561,19750000,19750000
2,79,19750000,19750100,136561,136561,20000000,20000000
2,80,20000000,20000100,136561,136561,20250000,20250000
2,81,20250000,20250100,136561,136561,20500000,20500000
2,82,20500000,20500100,136561,136561,20750000,20750000
2,83,20750000,20750100,136561,136561,21000000,21000000
2,84,21000000,21000100,136561,136561,21250000,21250000
2,85,21250000,21250100,136561,136561,21500000,21500000
2,86,21500000,21500100,136561,136561,21750000,21750000
2,87,21750000,21750100,136561,136561,22000000,22000000
2,88,22000000,22000100,136561,136561,22250000,22250000
2,89,22250000,22250100,136561,136561,22500000,22500000
2,90,22500000,22500100,136561,136561,22750000,22750000
2,91,22750000,22750100,136561,136561,23000000,23000000
2,92,23000000,23000100,136561,136561,23250000,23250000
2,93,23250000,23250100,136561,136561,23500000,23500000
2,94,23500000,23500100,136561,136561,23750000,23750000
2,95,23750000,23750100,136561,136561,24000000,24000000
2,96,24000000,24000100,136561,136561,24250000,24250000
2,97,24250000,24250100,136561,136561,24500000,24500000
2,98,24500000,24500100,136561,136561,24750000,24750000
2,99,24750000,24750100,136561,136561,25000000,25000000
2,100,25000000,25000100,136561,136561,25250000,25250000
2,101,25250000,25250100,136561,136561,25500000,25500000
2,102,25500000,25500100,136561,136561,25750000,25750000
2,103,25750000,25750100,136561,136561,26000000,26000000
2,104,26000000,26000100,136561,136561,26250000,26250000
2,105,26250000,26250100,136561,136561,26500000,26500000
2,106,26500000,26500100,136561,136561,26750000,26750000
2,107,26750000,26750100,136561,136561,27000000,27000000
2,108,27000000,27000100,136561,136561,27250000,27250000
2,109,27250000,27250100,136561,136561,27500000,27500000
2,110,27500000,27500100,136561,136561,27750000,27750000
2,111,27750000,27750100,136561,136561,28000000,28000000
2,112,28000000,28000100,136561,136561,28250000,28250000
2,113,28250000,28250100,136561,136561,28500000,28500000
2,114,28500000,28500100,136561,136561,28750000,28750000
2,115,28750000,28750100,136561,136561,29000000,29000000
2,116,29000000,29000100,136561,136561,29250000,29250000
2,117,29250000,29250100,136561,136561,29500000,29500000
2,118,29500000,29500100,136561,136561,29750000,29750000
2,119,29750000,29750100,136561,136561,30000000,30000000
2,120,30000000,30000100,136561,136561,30250000,30250000
2,121,30250000,30250100,136561,136561,30500000,30500000
2,122,30500000,30500100,136561,136561,30750000,30750000
2,123,30750000,30750100,136561,136561,31000000,31000000
2,124,31000000,31000100,136561,136561,31250000,31250000
2,125,31250000,31250100,136561,136561,31500000,31500000
2,126,31500000,31500100,136561,136561,31750000,31750000
2,127,31750000,31750100,136561,136561,32000000,32000000
2,128,32000000,32000100,136561,136561,32250000,32250000
2,129,32250000,32250100,136561,136561,32500000,32500000
2,130,32500000,32500100,136561,136561,32750000,32750000
2,131,32750000,32750100,136561,136561,33000000,33000000
2,132,33000000,33000100,136561,136561,33250000,33250000
2,133,33250000,33250100,136561,136561,33500000,33500000
2,134,33500000,33500100,136561,136561,33750000,33750000
2,135,33750000,33750100,136561,136561,34000000,34000000
2,136,34000000,34000100,136561,136561,34250000,34250000
2,137,34250000,34250100,136561,136561,34500000,34500000
2,138,34500000,34500100,136561,136561,34750000,34750000
2,139,34750000,34750100,136561,136561,35000000,35000000
2,140,35000000,35000100,136561,136561,35250000,35250000
2,141,35250000,35250100,136561,136561,35500000,35500000
2,142,35500000,35500100,136561,136561,35750000,35750000
2,143,35750000,35750100,136561,136561,36000000,36000000
2,144,36000000,36000100,136561,136561,36250000,36250000
2,145,36250000,36250100,136561,136561,36500000,36500000
2,146,36500000,36500100,136561,136561,36750000,36750000
2,147,36750000,36750100,136561,136561,37000000,37000000
2,148,37000000,37000100,136561,136561,37250000,37250000
2,149,37250000,37250100,136561,136561,37500000,37500000
2,150,37500000,37500100,136561,136561,37750000,37750000
2,151,37750000,37750100,136561,136561,38000000,38000000
2,152,38000000,38000100,136561,136561,38250000,38250000
2,153,38250000,38250100,136561,136561,38500000,38500000
2,154,38500000,38500100,136561,136561,38750000,38750000
2,155,38750000,38750100,136561,136561,39000000,39000000
2,156,39000000,39000100,136561,136561,39250000,39250000
2,157,39250000,39250100,136561,136561,39500000,39500000
2,158,39500000,39500100,136561,136561,39750000,39750000
2,159,39750000,39750100,136561,136561,40000000,40000000
2,160,40000000,40000100,136561,136561,40250000,40250000
2,161,40250000,40250100,136561,136561,40500000,40500000
2,162,40500000,40500100,136561,136561,40750000,40750000
2,163,40750000,40750100,136561,136561,41000000,41000000
2,164,41000000,41000100,136561,136561,41250000,41250000
2,165,41250000,41250100,136561,136561,41500000,41500000
2,166,41500000,41500100,136561,136561,41750000,41750000
2,167,41750000,41750100,136561,136561,42000000,42000000
2,168,42000000,42000100,136561,136561,42250000,42250000
2,169,42250000,42250100,136561,136561,42500000,42500000
2,170,42500000,42500100,136561,136561,42750000,42750000
2,171,42750000,42750100,136561,136561,43000000,43000000
2,172,43000000,43000100,136561,136561,43250000,43250000
2,173,43250000,43250100,136561,136561,43500000,43500000
2,174,43500000,43500100,136561,136561,43750000,43750000
2,175,43750000,43750100,136561,136561,44000000,44000000
2,176,44000000,44000100,136561,136561,44250000,44250000
2,177,44250000,44250100,136561,136561,44500000,44500000
2,178,44500000,44500100,136561,136561,44750000,44750000
2,179,44750000,44750100,136561,136561,45000000,45000000
2,180,45000000,45000100,136561,136561,45250000,45250000
2,181,45250000,45250100,136561,136561,45500000,45500000
2,182,45500000,45500100,136561,136561,45750000,45750000
2,183,45750000,45750100,136561,136561,46000000,46000000
2,184,46000000,46000100,136561,136561,46250000,46250000
2,185,46250000,46250100,136561,136561,46500000,46500000
2,186,46500000,46500100,136561,136561,46750000,46750000
2,187,46750000,46750100,136561,136561,47000000,47000000
2,188,47000000,47000100,136561,136561,47250000,47250000
2,189,47250000,47250100,136561,136561,47500000,47500000
2,190,47500000,47500100,136561,136561,47750000,47750000
2,191,47750000,47750100,136561,136561,48000000,48000000
2,192,48000000,48000100,136561,136561,48250000,48250000
2,193,48250000,48250100,136561,136561,48500000,48500000
2,194,48500000,48500100,136561,136561,48750000,48750000
2,195,48750000,48750100,136561,136561,49000000,49000000
2,196,49000000,49000100,136561,136561,49250000,49250000
2,197,49250000,49250100,136561,136561,49500000,49500000
2,198,49500000,49500100,136561,136561,49750000,49750000
2,199,49750000,49750100,136561,136561,50000000,50000000
2,200,50000000,50000100,136561,136561,50250000,50250000
2,201,50250000,50250100,136561,136561,50500000,50500000
2,202,50500000,50500100,136561,136561,50750000,50750000
2,203,50750000,50750100,136561,136561,51000000,51000000
2,204,51000000,51000100,136561,136561,51250000,51250000
2,205,51250000,51250100,136561,136561,51500000,51500000
2,206,51500000,51500100,136561,136561,51750000,51750000
2,207,51750000,51750100,136561,136561,52000000,52000000
2,208,52000000,52000100,136561,136561,52250000,52250000
2,209,52250000,52250100,136561,136561,52500000,52500000
2,210,52500000,52500100,136561,136561,52750000,52750000
2,211,52750000,52750100,136561,136561,53000000,53000000
2,212,53000000,53000100,136561,136561,53250000,53250000
2,213,53250000,53250100,136561,136561,53500000,53500000
2,214,53500000,53500100,136561,136561,53750000,53750000
2,215,53750000,53750100,136561,136561,54000000,54000000
2,216,54000000,54000100,136561,136561,54250000,54250000
2,217,54250000,54250100,136561,136561,54500000,54500000
2,218,54500000,54500100,136561,136561,54750000,54750000
2,219,54750000,54750100,136561,136561,55000000,55000000
2,220,55000000,55000100,136561,136561,55250000,55250000
2,221,55250000,55250100,136561,136561,55500000,55500000
2,222,55500000,55500100,136561,136561,55750000,55750000
2,223,55750000,55750100,136561,136561,56000000,56000000
2,224,56000000,56000100,136561,136561,56250000,56250000
2,225,56250000,56250100,136561,136561,56500000,56500000
2,226,56500000,56500100,136561,136561,56750000,56750000
2,227,56750000,56750100,136561,136561,57000000,57000000
2,228,57000000,57000100,136561,136561,57250000,57250000
2,229,57250000,57250100,136561,136561,57500000,57500000
2,230,57500000,57500100,136561,136561,57750000,57750000
2,231,57750000,57750100,136561,136561,58000000,58000000
2,232,58000000,58000100,136561,136561,58250000,58250000
2,233,58250000,58250100,136561,136561,58500000,58500000
2,234,58500000,58500100,136561,136561,58750000,58750000
2,235,58750000,58750100,136561,136561,59000000,59000000
2,236,59000000,59000100,136561,136561,59250000,59250000
2,237,59250000,59250100,136561,136561,59500000,59500000
2,238,59500000,59500100,136561,136561,59750000,59750000
2,239,59750000,59750100,136561,136561,60000000,60000000
2,240,60000000,60000100,136561,136561,60250000,60250000
2,241,60250000,60250100,136561,136561,60500000,60500000
2,242,60500000,60500100,136561,136561,60750000,60750000
2,243,60750000,60750100,136561,136561,61000000,61000000
2,244,61000000,61000100,136561,136561,61250000,61250000
2,245,61250000,61250100,136561,136561,61500000,61500000
2,246,61500000,61500100,136561,136561,61750000,61750000
2,247,61750000,61750100,136561,136561,62000000,62000000
2,248,62000000,62000100,136561,136561,62250000,62250000
2,249,62250000,62250100,136561,136561,62500000,62500000
2,250,62500000,62500100,136561,136561,62750000,62750000
2,251,62750000,62750100,136561,136561,63000000,63000000
2,252,63000000,63000100,136561,136561,63250000,63250000
2,253,63250000,63250100,136561,136561,63500000,63500000
2,254,63500000,63500100,136561,136561,63750000,63750000
2,255,63750000,63750100,136561,136561,64000000,64000000
2,256,64000000,64000100,136561,136561,64250000,64250000
2,257,64250000,64250100,136561,136561,64500000,64500000
2,258,64500000,64500100,136561,136561,64750000,64750000
2,259,64750000,64750100,136561,136561,65000000,65000000
2,260,65000000,65000100,136561,136561,65250000,65250000
2,261,65250000,65250100,136561,136561,65500000,65500000
2,262,65500000,65500100,136561,136561,65750000,65750000
2,263,65750000,65750100,136561,136561,66000000,66000000
2,264,66000000,66000100,136561,136561,66250000,66250000
2,265,66250000,66250100,136561,136561,66500000,66500000
2,266,66500000,66500100,136561,136561,66750000,66750000
2,267,66750000,66750100,136561,136561,67000000,67000000
2,268,67000000,67000100,136561,136561,67250000,67250000
2,269,67250000,67250100,136561,136561,67500000,67500000
2,270,67500000,67500100,136561,136561,67750000,67750000
2,271,67750000,67750100,136561,136561,68000000,68000000
2,272,68000000,68000100,136561,136561,68250000,68250000
2,273,68250000,68250100,136561,136561,68500000,68500000
2,274,68500000,68500100,136561,136561,68750000,68750000
2,275,68750000,68750100,136561,136561,69000000,69000000
2,276,69000000,69000100,136561,136561,69250000,69250000
2,277,69250000,69250100,136561,136561,69500000,69500000
2,278,69500000,69500100,136561,136561,69750000,69750000
2,279,69750000,69750100,136561,136561,70000000,70000000
2,280,70000000,70000100,136561,136561,70250000,70250000
2,281,70250000,70250100,136561,136561,70500000,70500000
2,282,70500000,70500100,136561,136561,70750000,70750000
2,283,70750000,70750100,136561,136561,71000000,71000000
2,284,71000000,71000100,136561,136561,71250000,71250000
2,285,71250000,71250100,136561,136561,71500000,71500000
2,286,71500000,71500100,136561,136561,71750000,71750000
2,287,71750000,71750100,136561,136561,72000000,72000000
2,288,72000000,72000100,136561,136561,72250000,72250000
2,289,72250000,72250100,136561,136561,72500000,72500000
2,290,72500000,72500100,136561,136561,72750000,72750000
2,291,72750000,72750100,136561,136561,73000000,73000000
2,292,73000000,73000100,136561,136561,73250000,73250000
2,293,73250000,73250100,136561,136561,73500000,73500000
2,294,73500000,73500100,136561,136561,73750000,73750000
2,295,73750000,73750100,136561,136561,74000000,74000000
2,296,74000000,74000100,136561,136561,74250000,74250000
2,297,74250000,74250100,136561,136561,74500000,74500000
2,298,74500000,74500100,136561,136561,74750000,74750000
2,299,74750000,74750100,136561,136561,75000000,75000000
2,300,75000000,75000100,136561,136561,75250000,75250000
2,301,75250000,75250100,136561,136561,75500000,75500000
2,302,75500000,75500100,136561,136561,75750000,75750000
2,303,75750000,75750100,136561,136561,76000000,76000000
2,304,76000000,76000100,136561,136561,76250000,76250000
2,305,76250000,76250100,136561,136561,76500000,76500000
2,306,76500000,76500100,136561,136561,76750000,76750000
2,307,76750000,76750100,136561,136561,77000000,77000000
2,308,77000000,77000100,136561,136561,77250000,77250000
2,309,77250000,77250100,136561,136561,77500000,77500000
2,310,77500000,77500100,136561,136561,77750000,77750000
2,311,77750000,77750100,136561,136561,78000000,78000000
2,312,78000000,78000100,136561,136561,78250000,78250000
2,313,78250000,78250100,136561,136561,78500000,78500000
2,314,78500000,78500100,136561,136561,78750000,78750000
2,315,78750000,78750100,136561,136561,79000000,79000000
2,316,79000000,79000100,136561,136561,79250000,79250000
2,317,79250000,79250100,136561,136561,79500000,79500000
2,318,79500000,79500100,136561,136561,79750000,79750000
2,319,79750000,79750100,136561,136561,80000000,80000000
2,320,80000000,80000100,136561,136561,80250000,80250000
2,321,80250000,80250100,136561,136561,80500000,80500000
2,322,80500000,80500100,136561,136561,80750000,80750000
2,323,80750000,80750100,136561,136561,81000000,81000000
2,324,81000000,81000100,136561,136561,81250000,81250000
2,325,81250000,81250100,136561,136561,81500000,81500000
2,326,81500000,81500100,136561,136561,81750000,81750000
2,327,81750000,81750100,136561,136561,82000000,82000000
2,328,82000000,82000100,136561,136561,82250000,82250000
2,329,82250000,82250100,136561,136561,82500000,82500000
2,330,82500000,82500100,136561,136561,82750000,82750000
2,331,82750000,82750100,136561,136561,83000000,83000000
2,332,83000000,83000100,136561,136561,83250000,83250000
2,333,83250000,83250100,136561,136561,83500000,83500000
2,334,83500000,83500100,136561,136561,83750000,83750000
2,335,83750000,83750100,136561,136561,84000000,84000000
2,336,84000000,84000100,136561,136561,84250000,84250000
2,337,84250000,84250100,136561,136561,84500000,84500000
2,338,84500000,84500100,136561,136561,84750000,84750000
2,339,84750000,84750100,136561,136561,85000000,85000000
2,340,85000000,85000100,136561,136561,85250000,85250000
2,341,85250000,85250100,136561,136561,85500000,85500000
2,342,85500000,85500100,136561,136561,85750000,85750000
2,343,85750000,85750100,136561,136561,86000000,86000000
2,344,86000000,86000100,136561,136561,86250000,86250000
2,345,86250000,86250100,136561,136561,86500000,86500000
2,346,86500000,86500100,136561,136561,86750000,86750000
2,347,86750000,86750100,136561,136561,87000000,87000000
2,348,87000000,87000100,136561,136561,87250000,87250000
2,349,87250000,87250100,136561,136561,87500000,87500000
2,350,87500000,87500100,136561,136561,87750000,87750000
2,351,87750000,87750100,136561,136561,88000000,88000000
2,352,88000000,88000100,136561,136561,88250000,88250000
2,353,88250000,88250100,136561,136561,88500000,88500000
2,354,88500000,88500100,136561,136561,88750000,88750000
2,355,88750000,88750100,136561,136561,89000000,89000000
2,356,89000000,89000100,136561,136561,89250000,89250000
2,357,89250000,89250100,136561,136561,89500000,89500000
2,358,89500000,89500100,136561,136561,89750000,89750000
2,359,89750000,89750100,136561,136561,90000000,90000000
2,360,90000000,90000100,136561,136561,90250000,90250000
2,361,90250000,90250100,136561,136561,90500000,90500000
2,362,90500000,90500100,136561,136561,90750000,90750000
2,363,90750000,90750100,136561,136561,91000000,91000000
2,364,91000000,91000100,136561,136561,91250000,91250000
2,365,91250000,91250100,136561,136561,91500000,91500000
2,366,91500000,91500100,136561,136561,91750000,91750000
2,367,91750000,91750100,136561,136561,92000000,92000000
2,368,92000000,92000100,136561,136561,92250000,92250000
2,369,92250000,92250100,136561,136561,92500000,92500000
2,370,92500000,92500100,136561,136561,92750000,92750000
2,371,92750000,92750100,136561,136561,93000000,93000000
2,372,93000000,93000100,136561,136561,93250000,93250000
2,373,93250000,93250100,136561,136561,93500000,93500000
2,374,93500000,93500100,136561,136561,93750000,93750000
2,375,93750000,93750100,136561,136561,94000000,94000000
2,376,94000000,94000100,136561,136561,94250000,94250000
2,377,94250000,94250100,136561,136561,94500000,94500000
2,378,94500000,94500100,136561,136561,94750000,94750000
2,379,94750000,94750100,136561,136561,95000000,95000000
2,380,95000000,95000100,136561,136561,95250000,95250000
2,381,95250000,95250100,136561,136561,95500000,95500000
2,382,95500000,95500100,136561,136561,95750000,95750000
2,383,95750000,95750100,136561,136561,96000000,96000000
2,384,96000000,96000100,136561,136561,96250000,96250000
2,385,96250000,96250100,136561,136561,96500000,96500000
2,386,96500000,96500100,136561,136561,96750000,96750000
2,387,96750000,96750100,136561,136561,97000000,97000000
2,388,97000000,97000100,136561,136561,97250000,97250000
2,389,97250000,97250100,136561,136561,97500000,97500000
2,390,97500000,97500100,136561,136561,97750000,97750000
2,391,97750000,97750100,136561,136561,98000000,98000000
2,392,98000000,98000100,136561,136561,98250000,98250000
2,393,98250000,98250100,136561,136561,98500000,98500000
2,394,98500000,98500100,136561,136561,98750000,98750000
2,395,98750000,98750100,136561,136561,99000000,99000000
2,396,99000000,99000100,136561,136561,99250000,99250000
2,397,99250000,99250100,136561,136561,99500000,99500000
2,398,99500000,99500100,136561,136561,99750000,99750000
2,399,99750000,99750100,136561,136561,100000000,100000000
2,400,100000000,100000100,136561,136561,100250000,100250000
2,401,100250000,100250100,136561,136561,100500000,100500000
2,402,100500000,100500100,136561,136561,100750000,100750000
2,403,100750000,100750100,136561,136561,101000000,101000000
2,404,101000000,101000100,136561,136561,101250000,101250000
2,405,101250000,101250100,136561,136561,101500000,101500000
2,406,101500000,101500100,136561,136561,101750000,101750000
2,407,101750000,101750100,136561,136561,102000000,102000000
2,408,102000000,102000100,136561,136561,102250000,102250000
2,409,102250000,102250100,136561,136561,102500000,102500000
2,410,102500000,102500100,136561,136561,102750000,102750000
2,411,102750000,102750100,136561,136561,103000000,103000000
2,412,103000000,103000100,136561,136561,103250000,103250000
2,413,103250000,103250100,136561,136561,103500000,103500000
2,414,103500000,103500100,136561,136561,103750000,103750000
2,415,103750000,103750100,136561,136561,104000000,104000000
2,416,104000000,104000100,136561,136561,104250000,104250000
2,417,104250000,104250100,136561,136561,104500000,104500000
2,418,104500000,104500100,136561,136561,104750000,104750000
2,419,104750000,104750100,136561,136561,105000000,105000000
2,420,105000000,105000100,136561,136561,105250000,105250000
2,421,105250000,105250100,136561,136561,105500000,105500000
2,422,105500000,105500100,136561,136561,105750000,105750000
2,423,105750000,105750100,136561,136561,106000000,106000000
2,424,106000000,106000100,136561,136561,106250000,106250000
2,425,106250000,106250100,136561,136561,106500000,106500000
2,426,106500000,106500100,136561,136561,106750000,106750000
2,427,106750000,106750100,136561,136561,107000000,107000000
2,428,107000000,107000100,136561,136561,107250000,107250000
2,429,107250000,107250100,136561,136561,107500000,107500000
2,430,107500000,107500100,136561,136561,107750000,107750000
2,431,107750000,107750100,136561,136561,108000000,108000000
2,432,108000000,108000100,136561,136561,108250000,108250000
2,433,108250000,108250100,136561,136561,108500000,108500000
2,434,108500000,108500100,136561,136561,108750000,108750000
2,435,108750000,108750100,136561,136561,109000000,109000000
2,436,109000000,109000100,136561,136561,109250000,109250000
2,437,109250000,109250100,136561,136561,109500000,109500000
2,438,109500000,109500100,136561,136561,109750000,109750000
2,439,109750000,109750100,136561,136561,110000000,110000000
2,440,110000000,110000100,136561,136561,110250000,110250000
2,441,110250000,110250100,136561,136561,110500000,110500000
2,442,110500000,110500100,136561,136561,110750000,110750000
2,443,110750000,110750100,136561,136561,111000000,111000000
2,444,111000000,111000100,136561,136561,111250000,111250000
2,445,111250000,111250100,136561,136561,111500000,111500000
2,446,111500000,111500100,136561,136561,111750000,111750000
2,447,111750000,111750100,136561,136561,112000000,112000000
2,448,112000000,112000100,136561,136561,112250000,112250000
2,449,112250000,112250100,136561,136561,112500000,112500000
2,450,112500000,112500100,136561,136561,112750000,112750000
2,451,112750000,112750100,136561,136561,113000000,113000000
2,452,113000000,113000100,136561,136561,113250000,113250000
2,453,113250000,113250100,136561,136561,113500000,113500000
2,454,113500000,113500100,136561,136561,113750000,113750000
2,455,113750000,113750100,136561,136561,114000000,114000000
2,456,114000000,114000100,136561,136561,114250000,114250000
2,457,114250000,114250100,136561,136561,114500000,114500000
2,458,114500000,114500100,136561,136561,114750000,114750000
2,459,114750000,114750100,136561,136561,115000000,115000000
2,460,115000000,115000100,136561,136561,115250000,115250000
2,461,115250000,115250100,136561,136561,115500000,115500000
2,462,115500000,115500100,136561,136561,115750000,115750000
2,463,115750000,115750100,136561,136561,116000000,116000000
2,464,116000000,116000100,136561,136561,116250000,116250000
2,465,116250000,116250100,136561,136561,116500000,116500000
2,466,116500000,116500100,136561,136561,116750000,116750000
2,467,116750000,116750100,136561,136561,117000000,117000000
2,468,117000000,117000100,136561,136561,117250000,117250000
2,469,117250000,117250100,136561,136561,117500000,117500000
2,470,117500000,117500100,136561,136561,117750000,117750000
2,471,117750000,117750100,136561,136561,118000000,118000000
2,472,118000000,118000100,136561,136561,118250000,118250000
2,473,118250000,118250100,136561,136561,118500000,118500000
2,474,118500000,118500100,136561,136561,118750000,118750000
2,475,118750000,118750100,136561,136561,119000000,119000000
2,476,119000000,119000100,136561,136561,119250000,119250000
2,477,119250000,119250100,136561,136561,119500000,119500000
2,478,119500000,119500100,136561,136561,119750000,119750000
2,479,119750000,119750100,136561,136561,120000000,120000000
2,480,120000000,120000100,136561,136561,120250000,120250000
2,481,120250000,120250100,136561,136561,120500000,120500000
2,482,120500000,120500100,136561,136561,120750000,120750000
2,483,120750000,120750100,136561,136561,121000000,121000000
2,484,121000000,121000100,136561,136561,121250000,121250000
2,485,121250000,121250100,136561,136561,121500000,121500000
2,486,121500000,121500100,136561,136561,121750000,121750000
2,487,121750000,121750100,136561,136561,122000000,122000000
2,488,122000000,122000100,136561,136561,122250000,122250000
2,489,122250000,122250100,136561,136561,122500000,122500000
2,490,122500000,122500100,136561,136561,122750000,122750000
2,491,122750000,122750100,136561,136561,123000000,123000000
2,492,123000000,123000100,136561,136561,123250000,123250000
2,493,123250000,123250100,136561,136561,123500000,123500000
2,494,123500000,123500100,136561,136561,123750000,123750000
2,495,123750000,123750100,136561,136561,124000000,124000000
2,496,124000000,124000100,136561,136561,124250000,124250000
2,497,124250000,124250100,136561,136561,124500000,124500000
2,498,124500000,124500100,136561,136561,124750000,124750000
2,499,124750000,124750100,136561,136561,125000000,125000000
2,500,125000000,125000100,136561,136561,125250000,125250000
2,501,125250000,125250100,136561,136561,125500000,125500000
2,502,125500000,125500100,136561,136561,125750000,125750000
2,503,125750000,125750100,136561,136561,126000000,126000000
2,504,126000000,126000100,136561,136561,126250000,126250000
2,505,126250000,126250100,136561,136561,126500000,126500000
2,506,126500000,126500100,136561,136561,126750000,126750000
2,507,126750000,126750100,136561,136561,127000000,127000000
2,508,127000000,127000100,136561,136561,127250000,127250000
2,509,127250000,127250100,136561,136561,127500000,127500000
2,510,127500000,127500100,136561,136561,127750000,127750000
2,511,127750000,127750100,136561,136561,128000000,128000000
2,512,128000000,128000100,136561,136561,128250000,128250000
2,513,128250000,128250100,136561,136561,128500000,128500000
2,514,128500000,128500100,136561,136561,128750000,128750000
2,515,128750000,128750100,136561,136561,129000000,129000000
2,516,129000000,129000100,136561,136561,129250000,129250000
2,517,129250000,129250100,136561,136561,129500000,129500000
2,518,129500000,129500100,136561,136561,129750000,129750000
2,519,129750000,129750100,136561,136561,130000000,130000000
2,520,130000000,130000100,136561,136561,130250000,130250000
2,521,130250000,130250100,136561,136561,130500000,130500000
2,522,130500000,130500100,136561,136561,130750000,130750000
2,523,130750000,130750100,136561,136561,131000000,131000000
2,524,131000000,131000100,136561,136561,131250000,131250000
2,525,131250000,131250100,136561,136561,131500000,131500000
2,526,131500000,131500100,136561,136561,131750000,131750000
2,527,131750000,131750100,136561,136561,132000000,132000000
2,528,132000000,132000100,136561,136561,132250000,132250000
2,529,132250000,132250100,136561,136561,132500000,132500000
2,530,132500000,132500100,136561,136561,132750000,132750000
2,531,132750000,132750100,136561,136561,133000000,133000000
2,532,133000000,133000100,136561,136561,133250000,133250000
2,533,133250000,133250100,136561,136561,133500000,133500000
2,534,133500000,133500100,136561,136561,133750000,133750000
2,535,133750000,133750100,136561,136561,134000000,134000000
2,536,134000000,134000100,136561,136561,134250000,134250000
2,537,134250000,134250100,136561,136561,134500000,134500000
2,538,134500000,134500100,136561,136561,134750000,134750000
2,539,134750000,134750100,136561,136561,135000000,135000000
2,540,135000000,135000100,136561,136561,135250000,135250000
2,541,135250000,135250100,136561,136561,135500000,135500000
2,542,135500000,135500100,136561,136561,135750000,135750000
2,543,135750000,135750100,136561,136561,136000000,136000000
2,544,136000000,136000100,136561,136561,136250000,136250000
2,545,136250000,136250100,136561,136561,136500000,136500000
2,546,136500000,136500100,136561,136561,136750000,136750000
2,547,136750000,136750100,136561,136561,137000000,137000000
2,548,137000000,137000100,136561,136561,137250000,137250000
2,549,137250000,137250100,136561,136561,137500000,137500000
2,550,137500000,137500100,136561,136561,137750000,137750000
2,551,137750000,137750100,136561,136561,138000000,138000000
2,552,138000000,138000100,136561,136561,138250000,138250000
2,553,138250000,138250100,136561,136561,138500000,138500000
2,554,138500000,138500100,136561,136561,138750000,138750000
2,555,138750000,138750100,136561,136561,139000000,139000000
2,556,139000000,139000100,136561,136561,139250000,139250000
2,557,139250000,139250100,136561,136561,139500000,139500000
2,558,139500000,139500100,136561,136561,139750000,139750000
2,559,139750000,139750100,136561,136561,140000000,140000000
2,560,140000000,140000100,136561,136561,140250000,140250000
2,561,140250000,140250100,136561,136561,140500000,140500000
2,562,140500000,140500100,136561,136561,140750000,140750000
2,563,140750000,140750100,136561,136561,141000000,141000000
2,564,141000000,141000100,136561,136561,141250000,141250000
2,565,141250000,141250100,136561,136561,141500000,141500000
2,566,141500000,141500100,136561,136561,141750000,141750000
2,567,141750000,141750100,136561,136561,142000000,142000000
2,568,142000000,142000100,136561,136561,142250000,142250000
2,569,142250000,142250100,136561,136561,142500000,142500000
2,570,142500000,142500100,136561,136561,142750000,142750000
2,571,142750000,142750100,136561,136561,143000000,143000000
2,572,143000000,143000100,136561,136561,143250000,143250000
2,573,143250000,143250100,136561,136561,143500000,143500000
2,574,143500000,143500100,136561,136561,143750000,143750000
2,575,143750000,143750100,136561,136561,144000000,144000000
2,576,144000000,144000100,136561,136561,144250000,144250000
2,577,144250000,144250100,136561,136561,144500000,144500000
2,578,144500000,144500100,136561,136561,144750000,144750000
2,579,144750000,144750100,136561,136561,145000000,145000000
2,580,145000000,145000100,136561,136561,145250000,145250000
2,581,145250000,145250100,136561,136561,145500000,145500000
2,582,145500000,145500100,136561,136561,145750000,145750000
2,583,145750000,145750100,136561,136561,146000000,146000000
2,584,146000000,146000100,136561,136561,146250000,146250000
2,585,146250000,146250100,136561,136561,146500000,146500000
2,586,146500000,146500100,136561,136561,146750000,146750000
2,587,146750000,146750100,136561,136561,147000000,147000000
2,588,147000000,147000100,136561,136561,147250000,147250000
2,589,147250000,147250100,136561,136561,147500000,147500000
2,590,147500000,147500100,136561,136561,147750000,147750000
2,591,147750000,147750100,136561,136561,148000000,148000000
2,592,148000000,148000100,136561,136561,148250000,148250000
2,593,148250000,148250100,136561,136561,148500000,148500000
2,594,148500000,148500100,136561,136561,148750000,148750000
2,595,148750000,148750100,136561,136561,149000000,149000000
2,596,149000000,149000100,136561,136561,149250000,149250000
2,597,149250000,149250100,136561,136561,149500000,149500000
2,598,149500000,149500100,136561,136561,149750000,149750000
2,599,149750000,149750100,136561,136561,150000000,150000000
2,600,150000000,150000100,136561,136561,150250000,150250000
2,601,150250000,150250100,136561,136561,150500000,150500000
2,602,150500000,150500100,136561,136561,150750000,150750000
2,603,150750000,150750100,136561,136561,151000000,151000000
2,604,151000000,151000100,136561,136561,151250000,151250000
2,605,151250000,151250100,136561,136561,151500000,151500000
2,606,151500000,151500100,136561,136561,151750000,151750000
2,607,151750000,151750100,136561,136561,152000000,152000000
2,608,152000000,152000100,136561,136561,152250000,152250000
2,609,152250000,152250100,136561,136561,152500000,152500000
2,610,152500000,152500100,136561,136561,152750000,152750000
2,611,152750000,152750100,136561,136561,153000000,153000000
2,612,153000000,153000100,136561,136561,153250000,153250000
2,613,153250000,153250100,136561,136561,153500000,153500000
2,614,153500000,153500100,136561,136561,153750000,153750000
2,615,153750000,153750100,136561,136561,154000000,154000000
2,616,154000000,154000100,136561,136561,154250000,154250000
2,617,154250000,154250100,136561,136561,154500000,154500000
2,618,154500000,154500100,136561,136561,154750000,154750000
2,619,154750000,154750100,136561,136561,155000000,155000000
2,620,155000000,155000100,136561,136561,155250000,155250000
2,621,155250000,155250100,136561,136561,155500000,155500000
2,622,155500000,155500100,136561,136561,155750000,155750000
2,623,155750000,155750100,136561,136561,156000000,156000000
2,624,156000000,156000100,136561,136561,156250000,156250000
2,625,156250000,156250100,136561,136561,156500000,156500000
2,626,156500000,156500100,136561,136561,156750000,156750000
2,627,156750000,156750100,136561,136561,157000000,157000000
2,628,157000000,157000100,136561,136561,157250000,157250000
2,629,157250000,157250100,136561,136561,157500000,157500000
2,630,157500000,157500100,136561,136561,157750000,157750000
2,631,157750000,157750100,136561,136561,158000000,158000000
2,632,158000000,158000100,136561,136561,158250000,158250000
2,633,158250000,158250100,136561,136561,158500000,158500000
2,634,158500000,158500100,136561,136561,158750000,158750000
2,635,158750000,158750100,136561,136561,159000000,159000000
2,636,159000000,159000100,136561,136561,159250000,159250000
2,637,159250000,159250100,136561,136561,159500000,159500000
2,638,159500000,159500100,136561,136561,159750000,159750000
2,639,159750000,159750100,136561,136561,160000000,160000000
2,640,160000000,160000100,136561,136561,160250000,160250000
2,641,160250000,160250100,136561,136561,160500000,160500000
2,642,160500000,160500100,136561,136561,160750000,160750000
2,643,160750000,160750100,136561,136561,161000000,161000000
2,644,161000000,161000100,136561,136561,161250000,161250000
2,645,161250000,161250100,136561,136561,161500000,161500000
2,646,161500000,161500100,136561,136561,161750000,161750000
2,647,161750000,161750100,136561,136561,162000000,162000000
2,648,162000000,162000100,136561,136561,162250000,162250000
2,649,162250000,162250100,136561,136561,162500000,162500000
2,650,162500000,162500100,136561,136561,162750000,162750000
2,651,162750000,162750100,136561,136561,163000000,163000000
2,652,163000000,163000100,136561,136561,163250000,163250000
2,653,163250000,163250100,136561,136561,163500000,163500000
2,654,163500000,163500100,136561,136561,163750000,163750000
2,655,163750000,163750100,136561,136561,164000000,164000000
2,656,164000000,164000100,136561,136561,164250000,164250000
2,657,164250000,164250100,136561,136561,164500000,164500000
2,658,164500000,164500100,136561,136561,164750000,164750000
2,659,164750000,164750100,136561,136561,165000000,165000000
2,660,165000000,165000100,136561,136561,165250000,165250000
2,661,165250000,165250100,136561,136561,165500000,165500000
2,662,165500000,165500100,136561,136561,165750000,165750000
2,663,165750000,165750100,136561,136561,166000000,166000000
2,664,166000000,166000100,136561,136561,166250000,166250000
2,665,166250000,166250100,136561,136561,166500000,166500000
2,666,166500000,166500100,136561,136561,166750000,166750000
2,667,166750000,166750100,136561,136561,167000000,167000000
2,668,167000000,167000100,136561,136561,167250000,167250000
2,669,167250000,167250100,136561,136561,167500000,167500000
2,670,167500000,167500100,136561,136561,167750000,167750000
2,671,167750000,167750100,136561,136561,168000000,168000000
2,672,168000000,168000100,136561,136561,168250000,168250000
2,673,168250000,168250100,136561,136561,168500000,168500000
2,674,168500000,168500100,136561,136561,168750000,168750000
2,675,168750000,168750100,136561,136561,169000000,169000000
2,676,169000000,169000100,136561,136561,169250000,169250000
2,677,169250000,169250100,136561,136561,169500000,169500000
2,678,169500000,169500100,136561,136561,169750000,169750000
2,679,169750000,169750100,136561,136561,170000000,170000000
2,680,170000000,170000100,136561,136561,170250000,170250000
2,681,170250000,170250100,136561,136561,170500000,170500000
2,682,170500000,170500100,136561,136561,170750000,170750000
2,683,170750000,170750100,136561,136561,171000000,171000000
2,684,171000000,171000100,136561,136561,171250000,171250000
2,685,171250000,171250100,136561,136561,171500000,171500000
2,686,171500000,171500100,136561,136561,171750000,171750000
2,687,171750000,171750100,136561,136561,172000000,172000000
2,688,172000000,172000100,136561,136561,172250000,172250000
2,689,172250000,172250100,136561,136561,172500000,172500000
2,690,172500000,172500100,136561,136561,172750000,172750000
2,691,172750000,172750100,136561,136561,173000000,173000000
2,692,173000000,173000100,136561,136561,173250000,173250000
2,693,173250000,173250100,136561,136561,173500000,173500000
2,694,173500000,173500100,136561,136561,173750000,173750000
2,695,173750000,173750100,136561,136561,174000000,174000000
2,696,174000000,174000100,136561,136561,174250000,174250000
2,697,174250000,174250100,136561,136561,174500000,174500000
2,698,174500000,174500100,136561,136561,174750000,174750000
2,699,174750000,174750100,136561,136561,175000000,175000000
2,700,175000000,175000100,136561,136561,175250000,175250000
2,701,175250000,175250100,136561,136561,175500000,175500000
2,702,175500000,175500100,136561,136561,175750000,175750000
2,703,175750000,175750100,136561,136561,176000000,176000000
2,704,176000000,176000100,136561,136561,176250000,176250000
2,705,176250000,176250100,136561,136561,176500000,176500000
2,706,176500000,176500100,136561,136561,176750000,176750000
2,707,176750000,176750100,136561,136561,177000000,177000000
2,708,177000000,177000100,136561,136561,177250000,177250000
2,709,177250000,177250100,136561,136561,177500000,177500000
2,710,177500000,177500100,136561,136561,177750000,177750000
2,711,177750000,177750100,136561,136561,178000000,178000000
2,712,178000000,178000100,136561,136561,178250000,178250000
2,713,178250000,178250100,136561,136561,178500000,178500000
2,714,178500000,178500100,136561,136561,178750000,178750000
2,715,178750000,178750100,136561,136561,179000000,179000000
2,716,179000000,179000100,136561,136561,179250000,179250000
2,717,179250000,179250100,136561,136561,179500000,179500000
2,718,179500000,179500100,136561,136561,179750000,179750000
2,719,179750000,179750100,136561,136561,180000000,180000000
2,720,180000000,180000100,136561,136561,180250000,180250000
2,721,180250000,180250100,136561,136561,180500000,180500000
2,722,180500000,180500100,136561,136561,180750000,180750000
2,723,180750000,180750100,136561,136561,181000000,181000000
2,724,181000000,181000100,136561,136561,181250000,181250000
2,725,181250000,181250100,136561,136561,181500000,181500000
2,726,181500000,181500100,136561,136561,181750000,181750000
2,727,181750000,181750100,136561,136561,182000000,182000000
2,728,182000000,182000100,136561,136561,182250000,182250000
2,729,182250000,182250100,136561,136561,182500000,182500000
2,730,182500000,182500100,136561,136561,182750000,182750000
2,731,182750000,182750100,136561,136561,183000000,183000000
2,732,183000000,183000100,136561,136561,183250000,183250000
2,733,183250000,183250100,136561,136561,183500000,183500000
2,734,183500000,183500100,136561,136561,183750000,183750000
2,735,183750000,183750100,136561,136561,184000000,184000000
2,736,184000000,184000100,136561,136561,184250000,184250000
2,737,184250000,184250100,136561,136561,184500000,184500000
2,738,184500000,184500100,136561,136561,184750000,184750000
2,739,184750000,184750100,136561,136561,185000000,185000000
2,740,185000000,185000100,136561,136561,185250000,185250000
2,741,185250000,185250100,136561,136561,185500000,185500000
2,742,185500000,185500100,136561,136561,185750000,185750000
2,743,185750000,185750100,136561,136561,186000000,186000000
2,744,186000000,186000100,136561,136561,186250000,186250000
2,745,186250000,186250100,136561,136561,186500000,186500000
2,746,186500000,186500100,136561,136561,186750000,186750000
2,747,186750000,186750100,136561,136561,187000000,187000000
2,748,187000000,187000100,136561,136561,187250000,187250000
2,749,187250000,187250100,136561,136561,187500000,187500000
2,750,187500000,187500100,136561,136561,187750000,187750000
2,751,187750000,187750100,136561,136561,188000000,188000000
2,752,188000000,188000100,136561,136561,188250000,188250000
2,753,188250000,188250100,136561,136561,188500000,188500000
2,754,188500000,188500100,136561,136561,188750000,188750000
2,755,188750000,188750100,136561,136561,189000000,189000000
2,756,189000000,189000100,136561,136561,189250000,189250000
2,757,189250000,189250100,136561,136561,189500000,189500000
2,758,189500000,189500100,136561,136561,189750000,189750000
2,759,189750000,189750100,136561,136561,190000000,190000000
2,760,190000000,190000100,136561,136561,190250000,190250000
2,761,190250000,190250100,136561,136561,190500000,190500000
2,762,190500000,190500100,136561,136561,190750000,190750000
2,763,190750000,190750100,136561,136561,191000000,191000000
2,764,191000000,191000100,136561,136561,191250000,191250000
2,765,191250000,191250100,136561,136561,191500000,191500000
2,766,191500000,191500100,136561,136561,191750000,191750000
2,767,191750000,191750100,136561,136561,192000000,192000000
2,768,192000000,192000100,136561,136561,192250000,192250000
2,769,192250000,192250100,136561,136561,192500000,192500000
2,770,192500000,192500100,136561,136561,192750000,192750000
2,771,192750000,192750100,136561,136561,193000000,193000000
2,772,193000000,193000100,136561,136561,193250000,193250000
2,773,193250000,193250100,136561,136561,193500000,193500000
2,774,193500000,193500100,136561,136561,193750000,193750000
2,775,193750000,193750100,136561,136561,194000000,194000000
2,776,194000000,194000100,136561,136561,194250000,194250000
2,777,194250000,194250100,136561,136561,194500000,194500000
2,778,194500000,194500100,136561,136561,194750000,194750000
2,779,194750000,194750100,136561,136561,195000000,195000000
2,780,195000000,195000100,136561,136561,195250000,195250000
2,781,195250000,195250100,136561,136561,195500000,195500000
2,782,195500000,195500100,136561,136561,195750000,195750000
2,783,195750000,195750100,136561,136561,196000000,196000000
2,784,196000000,196000100,136561,136561,196250000,196250000
2,785,196250000,196250100,136561,136561,196500000,196500000
2,786,196500000,196500100,136561,136561,196750000,196750000
2,787,196750000,196750100,136561,136561,197000000,197000000
2,788,197000000,197000100,136561,136561,197250000,197250000
2,789,197250000,197250100,136561,136561,197500000,197500000
2,790,197500000,197500100,136561,136561,197750000,197750000
2,791,197750000,197750100,136561,136561,198000000,198000000
2,792,198000000,198000100,136561,136561,198250000,198250000
2,793,198250000,198250100,136561,136561,198500000,198500000
2,794,198500000,198500100,136561,136561,198750000,198750000
2,795,198750000,198750100,136561,136561,199000000,199000000
2,796,199000000,199000100,136561,136561,199250000,199250000
2,797,199250000,199250100,136561,136561,199500000,199500000
2,798,199500000,199500100,136561,136561,199750000,199750000
2,799,199750000,199750100,136561,136561,200000000,200000000
2,800,200000000,200000100,136561,136561,200250000,200250000
2,801,200250000,200250100,136561,136561,200500000,200500000
2,802,200500000,200500100,136561,136561,200750000,200750000
2,803,200750000,200750100,136561,136561,201000000,201000000
2,804,201000000,201000100,136561,136561,201250000,201250000
2,805,201250000,201250100,136561,136561,201500000,201500000
2,806,201500000,201500100,136561,136561,201750000,201750000
2,807,201750000,201750100,136561,136561,202000000,202000000
2,808,202000000,202000100,136561,136561,202250000,202250000
2,809,202250000,202250100,136561,136561,202500000,202500000
2,810,202500000,202500100,136561,136561,202750000,202750000
2,811,202750000,202750100,136561,136561,203000000,203000000
2,812,203000000,203000100,136561,136561,203250000,203250000
2,813,203250000,203250100,136561,136561,203500000,203500000
2,814,203500000,203500100,136561,136561,203750000,203750000
2,815,203750000,203750100,136561,136561,204000000,204000000
2,816,204000000,204000100,136561,136561,204250000,204250000
2,817,204250000,204250100,136561,136561,204500000,204500000
2,818,204500000,204500100,136561,136561,204750000,204750000
2,819,204750000,204750100,136561,136561,205000000,205000000
2,820,205000000,205000100,136561,136561,205250000,205250000
2,821,205250000,205250100,136561,136561,205500000,205500000
2,822,205500000,205500100,136561,136561,205750000,205750000
2,823,205750000,205750100,136561,136561,206000000,206000000
2,824,206000000,206000100,136561,136561,206250000,206250000
2,825,206250000,206250100,136561,136561,206500000,206500000
2,826,206500000,206500100,136561,136561,206750000,206750000
2,827,206750000,206750100,136561,136561,207000000,207000000
2,828,207000000,207000100,136561,136561,207250000,207250000
2,829,207250000,207250100,136561,136561,207500000,207500000
2,830,207500000,207500100,136561,136561,207750000,207750000
2,831,207750000,207750100,136561,136561,208000000,208000000
2,832,208000000,208000100,136561,136561,208250000,208250000
2,833,208250000,208250100,136561,136561,208500000,208500000
2,834,208500000,208500100,136561,136561,208750000,208750000
2,835,208750000,208750100,136561,136561,209000000,209000000
2,836,209000000,209000100,136561,136561,209250000,209250000
2,837,209250000,209250100,136561,136561,209500000,209500000
2,838,209500000,209500100,136561,136561,209750000,209750000
2,839,209750000,209750100,136561,136561,210000000,210000000
2,840,210000000,210000100,136561,136561,210250000,210250000
2,841,210250000,210250100,136561,136561,210500000,210500000
2,842,210500000,210500100,136561,136561,210750000,210750000
2,843,210750000,210750100,136561,136561,211000000,211000000
2,844,211000000,211000100,136561,136561,211250000,211250000
2,845,211250000,211250100,136561,136561,211500000,211500000
2,846,211500000,211500100,136561,136561,211750000,211750000
2,847,211750000,211750100,136561,136561,212000000,212000000
2,848,212000000,212000100,136561,136561,212250000,212250000
2,849,212250000,212250100,136561,136561,212500000,212500000
2,850,212500000,212500100,136561,136561,212750000,212750000
2,851,212750000,212750100,136561,136561,213000000,213000000
2,852,213000000,213000100,136561,136561,213250000,213250000
2,853,213250000,213250100,136561,136561,213500000,213500000
2,854,213500000,213500100,136561,136561,213750000,213750000
2,855,213750000,213750100,136561,136561,214000000,214000000
2,856,214000000,214000100,136561,136561,214250000,214250000
2,857,214250000,214250100,136561,136561,214500000,214500000
2,858,214500000,214500100,136561,136561,214750000,214750000
2,859,214750000,214750100,136561,136561,215000000,215000000
2,860,215000000,215000100,136561,136561,215250000,215250000
2,861,215250000,215250100,136561,136561,215500000,215500000
2,862,215500000,215500100,136561,136561,215750000,215750000
2,863,215750000,215750100,136561,136561,216000000,216000000
2,864,216000000,216000100,136561,136561,216250000,216250000
2,865,216250000,216250100,136561,136561,216500000,216500000
2,866,216500000,216500100,136561,136561,216750000,216750000
2,867,216750000,216750100,136561,136561,217000000,217000000
2,868,217000000,217000100,136561,136561,217250000,217250000
2,869,217250000,217250100,136561,136561,217500000,217500000
2,870,217500000,217500100,136561,136561,217750000,217750000
2,871,217750000,217750100,136561,136561,218000000,218000000
2,872,218000000,218000100,136561,136561,218250000,218250000
2,873,218250000,218250100,136561,136561,218500000,218500000
2,874,218500000,218500100,136561,136561,218750000,218750000
2,875,218750000,218750100,136561,136561,219000000,219000000
2,876,219000000,219000100,136561,136561,219250000,219250000
2,877,219250000,219250100,136561,136561,219500000,219500000
2,878,219500000,219500100,136561,136561,219750000,219750000
2,879,219750000,219750100,136561,136561,220000000,220000000
2,880,220000000,220000100,136561,136561,220250000,220250000
2,881,220250000,220250100,136561,136561,220500000,220500000
2,882,220500000,220500100,136561,136561,220750000,220750000
2,883,220750000,220750100,136561,136561,221000000,221000000
2,884,221000000,221000100,136561,136561,221250000,221250000
2,885,221250000,221250100,136561,136561,221500000,221500000
2,886,221500000,221500100,136561,136561,221750000,221750000
2,887,221750000,221750100,136561,136561,222000000,222000000
2,888,222000000,222000100,136561,136561,222250000,222250000
2,889,222250000,222250100,136561,136561,222500000,222500000
2,890,222500000,222500100,136561,136561,222750000,222750000
2,891,222750000,222750100,136561,136561,223000000,223000000
2,892,223000000,223000100,136561,136561,223250000,223250000
2,893,223250000,223250100,136561,136561,223500000,223500000
2,894,223500000,223500100,136561,136561,223750000,223750000
2,895,223750000,223750100,136561,136561,224000000,224000000
2,896,224000000,224000100,136561,136561,224250000,224250000
2,897,224250000,224250100,136561,136561,224500000,224500000
2,898,224500000,224500100,136561,136561,224750000,224750000
2,899,224750000,224750100,136561,136561,225000000,225000000
2,900,225000000,225000100,136561,136561,225250000,225250000
2,901,225250000,225250100,136561,136561,225500000,225500000
2,902,225500000,225500100,136561,136561,225750000,225750000
2,903,225750000,225750100,136561,136561,226000000,226000000
2,904,226000000,226000100,136561,136561,226250000,226250000
2,905,226250000,226250100,136561,136561,226500000,226500000
2,906,226500000,226500100,136561,136561,226750000,226750000
2,907,226750000,226750100,136561,136561,227000000,227000000
2,908,227000000,227000100,136561,136561,227250000,227250000
2,909,227250000,227250100,136561,136561,227500000,227500000
2,910,227500000,227500100,136561,136561,227750000,227750000
2,911,227750000,227750100,136561,136561,228000000,228000000
2,912,228000000,228000100,136561,136561,228250000,228250000
2,913,228250000,228250100,136561,136561,228500000,228500000
2,914,228500000,228500100,136561,136561,228750000,228750000
2,915,228750000,228750100,136561,136561,229000000,229000000
2,916,229000000,229000100,136561,136561,229250000,229250000
2,917,229250000,229250100,136561,136561,229500000,229500000
2,918,229500000,229500100,136561,136561,229750000,229750000
2,919,229750000,229750100,136561,136561,230000000,230000000
2,920,230000000,230000100,136561,136561,230250000,230250000
2,921,230250000,230250100,136561,136561,230500000,230500000
2,922,230500000,230500100,136561,136561,230750000,230750000
2,923,230750000,230750100,136561,136561,231000000,231000000
2,924,231000000,231000100,136561,136561,231250000,231250000
2,925,231250000,231250100,136561,136561,231500000,231500000
2,926,231500000,231500100,136561,136561,231750000,231750000
2,927,231750000,231750100,136561,136561,232000000,232000000
2,928,232000000,232000100,136561,136561,232250000,232250000
2,929,232250000,232250100,136561,136561,232500000,232500000
2,930,232500000,232500100,136561,136561,232750000,232750000
2,931,232750000,232750100,136561,136561,233000000,233000000
2,932,233000000,233000100,136561,136561,233250000,233250000
2,933,233250000,233250100,136561,136561,233500000,233500000
2,934,233500000,233500100,136561,136561,233750000,233750000
2,935,233750000,233750100,136561,136561,234000000,234000000
2,936,234000000,234000100,136561,136561,234250000,234250000
2,937,234250000,234250100,136561,136561,234500000,234500000
2,938,234500000,234500100,136561,136561,234750000,234750000
2,939,234750000,234750100,136561,136561,235000000,235000000
2,940,235000000,235000100,136561,136561,235250000,235250000
2,941,235250000,235250100,136561,136561,235500000,235500000
2,942,235500000,235500100,136561,136561,235750000,235750000
2,943,235750000,235750100,136561,136561,236000000,236000000
2,944,236000000,236000100,136561,136561,236250000,236250000
2,945,236250000,236250100,136561,136561,236500000,236500000
2,946,236500000,236500100,136561,136561,236750000,236750000
2,947,236750000,236750100,136561,136561,237000000,237000000
2,948,237000000,237000100,136561,136561,237250000,237250000
2,949,237250000,237250100,136561,136561,237500000,237500000
2,950,237500000,237500100,136561,136561,237750000,237750000
2,951,237750000,237750100,136561,136561,238000000,238000000
2,952,238000000,238000100,136561,136561,238250000,238250000
2,953,238250000,238250100,136561,136561,238500000,238500000
2,954,238500000,238500100,136561,136561,238750000,238750000
2,955,238750000,238750100,136561,136561,239000000,239000000
2,956,239000000,239000100,136561,136561,239250000,239250000
2,957,239250000,239250100,136561,136561,239500000,239500000
2,958,239500000,239500100,136561,136561,239750000,239750000
2,959,239750000,239750100,136561,136561,240000000,240000000
2,960,240000000,240000100,136561,136561,240250000,240250000
2,961,240250000,240250100,136561,136561,240500000,240500000
2,962,240500000,240500100,136561,136561,240750000,240750000
2,963,240750000,240750100,136561,136561,241000000,241000000
2,964,241000000,241000100,136561,136561,241250000,241250000
2,965,241250000,241250100,136561,136561,241500000,241500000
2,966,241500000,241500100,136561,136561,241750000,241750000
2,967,241750000,241750100,136561,136561,242000000,242000000
2,968,242000000,242000100,136561,136561,242250000,242250000
2,969,242250000,242250100,136561,136561,242500000,242500000
2,970,242500000,242500100,136561,136561,242750000,242750000
2,971,242750000,242750100,136561,136561,243000000,243000000
2,972,243000000,243000100,136561,136561,243250000,243250000
2,973,243250000,243250100,136561,136561,243500000,243500000
2,974,243500000,243500100,136561,136561,243750000,243750000
2,975,243750000,243750100,136561,136561,244000000,244000000
2,976,244000000,244000100,136561,136561,244250000,244250000
2,977,244250000,244250100,136561,136561,244500000,244500000
2,978,244500000,244500100,136561,136561,244750000,244750000
2,979,244750000,244750100,136561,136561,245000000,245000000
2,980,245000000,245000100,136561,136561,245250000,245250000
2,981,245250000,245250100,136561,136561,245500000,245500000
2,982,245500000,245500100,136561,136561,245750000,245750000
2,983,245750000,245750100,136561,136561,246000000,246000000
2,984,246000000,246000100,136561,136561,246250000,246250000
2,985,246250000,246250100,136561,136561,246500000,246500000
2,986,246500000,246500100,136561,136561,246750000,246750000
2,987,246750000,246750100,136561,136561,247000000,247000000
2,988,247000000,247000100,136561,136561,247250000,247250000
2,989,247250000,247250100,136561,136561,247500000,247500000
2,990,247500000,247500100,136561,136561,247750000,247750000
2,991,247750000,247750100,136561,136561,248000000,248000000
2,992,248000000,248000100,136561,136561,248250000,248250000
2,993,248250000,248250100,136561,136561,248500000,248500000
2,994,248500000,248500100,136561,136561,248750000,248750000
2,995,248750000,248750100,136561,136561,249000000,249000000
2,996,249000000,249000100,136561,136561,249250000,249250000
2,997,249250000,249250100,136561,136561,249500000,249500000
2,998,249500000,249500100,136561,136561,249750000,249750000
2,999,249750000,249750100,136561,136561,250000000,250000000
2,1000,250000000,250000100,136561,136561,250250000,250250000
2,1001,250250000,250250100,136561,136561,250500000,250500000
2,1002,250500000,250500100,136561,136561,250750000,250750000
2,1003,250750000,250750100,136561,136561,251000000,251000000
2,1004,251000000,251000100,136561,136561,251250000,251250000
2,1005,251250000,251250100,136561,136561,251500000,251500000
2,1006,251500000,251500100,136561,136561,251750000,251750000
2,1007,251750000,251750100,136561,136561,252000000,252000000
2,1008,252000000,252000100,136561,136561,252250000,252250000
2,1009,252250000,252250100,136561,136561,252500000,252500000
2,1010,252500000,252500100,136561,136561,252750000,252750000
2,1011,252750000,252750100,136561,136561,253000000,253000000
2,1012,253000000,253000100,136561,136561,253250000,253250000
2,1013,253250000,253250100,136561,136561,253500000,253500000
2,1014,253500000,253500100,136561,136561,253750000,253750000
2,1015,253750000,253750100,136561,136561,254000000,254000000
2,1016,254000000,254000100,136561,136561,254250000,254250000
2,1017,254250000,254250100,136561,136561,254500000,254500000
2,1018,254500000,254500100,136561,136561,254750000,254750000
2,1019,254750000,254750100,136561,136561,255000000,255000000
2,1020,255000000,255000100,136561,136561,255250000,255250000
2,1021,255250000,255250100,136561,136561,255500000,255500000
2,1022,255500000,255500100,136561,136561,255750000,255750000
2,1023,255750000,255750100,136561,136561,256000000,256000000
2,1024,256000000,256000100,136561,136561,256250000,256250000
2,1025,256250000,256250100,136561,136561,256500000,256500000
2,1026,256500000,256500100,136561,136561,256750000,256750000
2,1027,256750000,256750100,136561,136561,257000000,257000000
2,1028,257000000,257000100,136561,136561,257250000,257250000
2,1029,257250000,257250100,136561,136561,257500000,257500000
2,1030,257500000,257500100,136561,136561,257750000,257750000
2,1031,257750000,257750100,136561,136561,258000000,258000000
2,1032,258000000,258000100,136561,136561,258250000,258250000
2,1033,258250000,258250100,136561,136561,258500000,258500000
2,1034,258500000,258500100,136561,136561,258750000,258750000
2,1035,258750000,258750100,136561,136561,259000000,259000000
2,1036,259000000,259000100,136561,136561,259250000,259250000
2,1037,259250000,259250100,136561,136561,259500000,259500000
2,1038,259500000,259500100,136561,136561,259750000,259750000
2,1039,259750000,259750100,136561,136561,260000000,260000000
2,1040,260000000,260000100,136561,136561,260250000,260250000
2,1041,260250000,260250100,136561,136561,260500000,260500000
2,1042,260500000,260500100,136561,136561,260750000,260750000
2,1043,260750000,260750100,136561,136561,261000000,261000000
2,1044,261000000,261000100,136561,136561,261250000,261250000
2,1045,261250000,261250100,136561,136561,261500000,261500000
2,1046,261500000,261500100,136561,136561,261750000,261750000
2,1047,261750000,261750100,136561,136561,262000000,262000000
2,1048,262000000,262000100,136561,136561,262250000,262250000
2,1049,262250000,262250100,136561,136561,262500000,262500000
2,1050,262500000,262500100,136561,136561,262750000,262750000
2,1051,262750000,262750100,136561,136561,263000000,263000000
2,1052,263000000,263000100,136561,136561,263250000,263250000
2,1053,263250000,263250100,136561,136561,263500000,263500000
2,1054,263500000,263500100,136561,136561,263750000,263750000
2,1055,263750000,263750100,136561,136561,264000000,264000000
2,1056,264000000,264000100,136561,136561,264250000,264250000
2,1057,264250000,264250100,136561,136561,264500000,264500000
2,1058,264500000,264500100,136561,136561,264750000,264750000
2,1059,264750000,264750100,136561,136561,265000000,265000000
2,1060,265000000,265000100,136561,136561,265250000,265250000
2,1061,265250000,265250100,136561,136561,265500000,265500000
2,1062,265500000,265500100,136561,136561,265750000,265750000
2,1063,265750000,265750100,136561,136561,266000000,266000000
2,1064,266000000,266000100,136561,136561,266250000,266250000
2,1065,266250000,266250100,136561,136561,266500000,266500000
2,1066,266500000,266500100,136561,136561,266750000,266750000
2,1067,266750000,266750100,136561,136561,267000000,267000000
2,1068,267000000,267000100,136561,136561,267250000,267250000
2,1069,267250000,267250100,136561,136561,267500000,267500000
2,1070,267500000,267500100,136561,136561,267750000,267750000
2,1071,267750000,267750100,136561,136561,268000000,268000000
2,1072,268000000,268000100,136561,136561,268250000,268250000
2,1073,268250000,268250100,136561,136561,268500000,268500000
2,1074,268500000,268500100,136561,136561,268750000,268750000
2,1075,268750000,268750100,136561,136561,269000000,269000000
2,1076,269000000,269000100,136561,136561,269250000,269250000
2,1077,269250000,269250100,136561,136561,269500000,269500000
2,1078,269500000,269500100,136561,136561,269750000,269750000
2,1079,269750000,269750100,136561,136561,270000000,270000000
2,1080,270000000,270000100,136561,136561,270250000,270250000
2,1081,270250000,270250100,136561,136561,270500000,270500000
2,1082,270500000,270500100,136561,136561,270750000,270750000
2,1083,270750000,270750100,136561,136561,271000000,271000000
2,1084,271000000,271000100,136561,136561,271250000,271250000
2,1085,271250000,271250100,136561,136561,271500000,271500000
2,1086,271500000,271500100,136561,136561,271750000,271750000
2,1087,271750000,271750100,136561,136561,272000000,272000000
2,1088,272000000,272000100,136561,136561,272250000,272250000
2,1089,272250000,272250100,136561,136561,272500000,272500000
2,1090,272500000,272500100,136561,136561,272750000,272750000
2,1091,272750000,272750100,136561,136561,273000000,273000000
2,1092,273000000,273000100,136561,136561,273250000,273250000
2,1093,273250000,273250100,136561,136561,273500000,273500000
2,1094,273500000,273500100,136561,136561,273750000,273750000
2,1095,273750000,273750100,136561,136561,274000000,274000000
2,1096,274000000,274000100,136561,136561,274250000,274250000
2,1097,274250000,274250100,136561,136561,274500000,274500000
2,1098,274500000,274500100,136561,136561,274750000,274750000
2,1099,274750000,274750100,136561,136561,275000000,275000000
2,1100,275000000,275000100,136561,136561,275250000,275250000
2,1101,275250000,275250100,136561,136561,275500000,275500000
2,1102,275500000,275500100,136561,136561,275750000,275750000
2,1103,275750000,275750100,136561,136561,276000000,276000000
2,1104,276000000,276000100,136561,136561,276250000,276250000
2,1105,276250000,276250100,136561,136561,276500000,276500000
2,1106,276500000,276500100,136561,136561,276750000,276750000
2,1107,276750000,276750100,136561,136561,277000000,277000000
2,1108,277000000,277000100,136561,136561,277250000,277250000
2,1109,277250000,277250100,136561,136561,277500000,277500000
2,1110,277500000,277500100,136561,136561,277750000,277750000
2,1111,277750000,277750100,136561,136561,278000000,278000000
2,1112,278000000,278000100,136561,136561,278250000,278250000
2,1113,278250000,278250100,136561,136561,278500000,278500000
2,1114,278500000,278500100,136561,136561,278750000,278750000
2,1115,278750000,278750100,136561,136561,279000000,279000000
2,1116,279000000,279000100,136561,136561,279250000,279250000
2,1117,279250000,279250100,136561,136561,279500000,279500000
2,1118,279500000,279500100,136561,136561,279750000,279750000
2,1119,279750000,279750100,136561,136561,280000000,280000000
2,1120,280000000,280000100,136561,136561,280250000,280250000
2,1121,280250000,280250100,136561,136561,280500000,280500000
2,1122,280500000,280500100,136561,136561,280750000,280750000
2,1123,280750000,280750100,136561,136561,281000000,281000000
2,1124,281000000,281000100,136561,136561,281250000,281250000
2,1125,281250000,281250100,136561,136561,281500000,281500000
2,1126,281500000,281500100,136561,136561,281750000,281750000
2,1127,281750000,281750100,136561,136561,282000000,282000000
2,1128,282000000,282000100,136561,136561,282250000,282250000
2,1129,282250000,282250100,136561,136561,282500000,282500000
2,1130,282500000,282500100,136561,136561,282750000,282750000
2,1131,282750000,282750100,136561,136561,283000000,283000000
2,1132,283000000,283000100,136561,136561,283250000,283250000
2,1133,283250000,283250100,136561,136561,283500000,283500000
2,1134,283500000,283500100,136561,136561,283750000,283750000
2,1135,283750000,283750100,136561,136561,284000000,284000000
2,1136,284000000,284000100,136561,136561,284250000,284250000
2,1137,284250000,284250100,136561,136561,284500000,284500000
2,1138,284500000,284500100,136561,136561,284750000,284750000
2,1139,284750000,284750100,136561,136561,285000000,285000000
2,1140,285000000,285000100,136561,136561,285250000,285250000
2,1141,285250000,285250100,136561,136561,285500000,285500000
2,1142,285500000,285500100,136561,136561,285750000,285750000
2,1143,285750000,285750100,136561,136561,286000000,286000000
2,1144,286000000,286000100,136561,136561,286250000,286250000
2,1145,286250000,286250100,136561,136561,286500000,286500000
2,1146,286500000,286500100,136561,136561,286750000,286750000
2,1147,286750000,286750100,136561,136561,287000000,287000000
2,1148,287000000,287000100,136561,136561,287250000,287250000
2,1149,287250000,287250100,136561,136561,287500000,287500000
2,1150,287500000,287500100,136561,136561,287750000,287750000
2,1151,287750000,287750100,136561,136561,288000000,288000000
2,1152,288000000,288000100,136561,136561,288250000,288250000
2,1153,288250000,288250100,136561,136561,288500000,288500000
2,1154,288500000,288500100,136561,136561,288750000,288750000
2,1155,288750000,288750100,136561,136561,289000000,289000000
2,1156,289000000,289000100,136561,136561,289250000,289250000
2,1157,289250000,289250100,136561,136561,289500000,289500000
2,1158,289500000,289500100,136561,136561,289750000,289750000
2,1159,289750000,289750100,136561,136561,290000000,290000000
2,1160,290000000,290000100,136561,136561,290250000,290250000
2,1161,290250000,290250100,136561,136561,290500000,290500000
2,1162,290500000,290500100,136561,136561,290750000,290750000
2,1163,290750000,290750100,136561,136561,291000000,291000000
2,1164,291000000,291000100,136561,136561,291250000,291250000
2,1165,291250000,291250100,136561,136561,291500000,291500000
2,1166,291500000,291500100,136561,136561,291750000,291750000
2,1167,291750000,291750100,136561,136561,292000000,292000000
2,1168,292000000,292000100,136561,136561,292250000,292250000
2,1169,292250000,292250100,136561,136561,292500000,292500000
2,1170,292500000,292500100,136561,136561,292750000,292750000
2,1171,292750000,292750100,136561,136561,293000000,293000000
2,1172,293000000,293000100,136561,136561,293250000,293250000
2,1173,293250000,293250100,136561,136561,293500000,293500000
2,1174,293500000,293500100,136561,136561,293750000,293750000
2,1175,293750000,293750100,136561,136561,294000000,294000000
2,1176,294000000,294000100,136561,136561,294250000,294250000
2,1177,294250000,294250100,136561,136561,294500000,294500000
2,1178,294500000,294500100,136561,136561,294750000,294750000
2,1179,294750000,294750100,136561,136561,295000000,295000000
2,1180,295000000,295000100,136561,136561,295250000,295250000
2,1181,295250000,295250100,136561,136561,295500000,295500000
2,1182,295500000,295500100,136561,136561,295750000,295750000
2,1183,295750000,295750100,136561,136561,296000000,296000000
2,1184,296000000,296000100,136561,136561,296250000,296250000
2,1185,296250000,296250100,136561,136561,296500000,296500000
2,1186,296500000,296500100,136561,136561,296750000,296750000
2,1187,296750000,296750100,136561,136561,297000000,297000000
2,1188,297000000,297000100,136561,136561,297250000,297250000
2,1189,297250000,297250100,136561,136561,297500000,297500000
2,1190,297500000,297500100,136561,136561,297750000,297750000
2,1191,297750000,297750100,136561,136561,298000000,298000000
2,1192,298000000,298000100,136561,136561,298250000,298250000
2,1193,298250000,298250100,136561,136561,298500000,298500000
2,1194,298500000,298500100,136561,136561,298750000,298750000
2,1195,298750000,298750100,136561,136561,299000000,299000000
2,1196,299000000,299000100,136561,136561,299250000,299250000
2,1197,299250000,299250100,136561,136561,299500000,299500000
2,1198,299500000,299500100,136561,136561,299750000,299750000
2,1199,299750000,299750100,136561,136561,300000000,300000000
2,1200,300000000,300000100,136561,136561,300250000,300250000
2,1201,300250000,300250100,136561,136561,300500000,300500000
2,1202,300500000,300500100,136561,136561,300750000,300750000
2,1203,300750000,300750100,136561,136561,301000000,301000000
2,1204,301000000,301000100,136561,136561,301250000,301250000
2,1205,301250000,301250100,136561,136561,301500000,301500000
2,1206,301500000,301500100,136561,136561,301750000,301750000
2,1207,301750000,301750100,136561,136561,302000000,302000000
2,1208,302000000,302000100,136561,136561,302250000,302250000
2,1209,302250000,302250100,136561,136561,302500000,302500000
2,1210,302500000,302500100,136561,136561,302750000,302750000
2,1211,302750000,302750100,136561,136561,303000000,303000000
2,1212,303000000,303000100,136561,136561,303250000,303250000
2,1213,303250000,303250100,136561,136561,303500000,303500000
2,1214,303500000,303500100,136561,136561,303750000,303750000
2,1215,303750000,303750100,136561,136561,304000000,304000000
2,1216,304000000,304000100,136561,136561,304250000,304250000
2,1217,304250000,304250100,136561,136561,304500000,304500000
2,1218,304500000,304500100,136561,136561,304750000,304750000
2,1219,304750000,304750100,136561,136561,305000000,305000000
2,1220,305000000,305000100,136561,136561,305250000,305250000
2,1221,305250000,305250100,136561,136561,305500000,305500000
2,1222,305500000,305500100,136561,136561,305750000,305750000
2,1223,305750000,305750100,136561,136561,306000000,306000000
2,1224,306000000,306000100,136561,136561,306250000,306250000
2,1225,306250000,306250100,136561,136561,306500000,306500000
2,1226,306500000,306500100,136561,136561,306750000,306750000
2,1227,306750000,306750100,136561,136561,307000000,307000000
2,1228,307000000,307000100,136561,136561,307250000,307250000
2,1229,307250000,307250100,136561,136561,307500000,307500000
2,1230,307500000,307500100,136561,136561,307750000,307750000
2,1231,307750000,307750100,136561,136561,308000000,308000000
2,1232,308000000,308000100,136561,136561,308250000,308250000
2,1233,308250000,308250100,136561,136561,308500000,308500000
2,1234,308500000,308500100,136561,136561,308750000,308750000
2,1235,308750000,308750100,136561,136561,309000000,309000000
2,1236,309000000,309000100,136561,136561,309250000,309250000
2,1237,309250000,309250100,136561,136561,309500000,309500000
2,1238,309500000,309500100,136561,136561,309750000,309750000
2,1239,309750000,309750100,136561,136561,310000000,310000000
2,1240,310000000,310000100,136561,136561,310250000,310250000
2,1241,310250000,310250100,136561,136561,310500000,310500000
2,1242,310500000,310500100,136561,136561,310750000,310750000
2,1243,310750000,310750100,136561,136561,311000000,311000000
2,1244,311000000,311000100,136561,136561,311250000,311250000
2,1245,311250000,311250100,136561,136561,311500000,311500000
2,1246,311500000,311500100,136561,136561,311750000,311750000
2,1247,311750000,311750100,136561,136561,312000000,312000000
2,1248,312000000,312000100,136561,136561,312250000,312250000
2,1249,312250000,312250100,136561,136561,312500000,312500000
2,1250,312500000,312500100,136561,136561,312750000,312750000
2,1251,312750000,312750100,136561,136561,313000000,313000000
2,1252,313000000,313000100,136561,136561,313250000,313250000
2,1253,313250000,313250100,136561,136561,313500000,313500000
2,1254,313500000,313500100,136561,136561,313750000,313750000
2,1255,313750000,313750100,136561,136561,314000000,314000000
2,1256,314000000,314000100,136561,136561,314250000,314250000
2,1257,314250000,314250100,136561,136561,314500000,314500000
2,1258,314500000,314500100,136561,136561,314750000,314750000
2,1259,314750000,314750100,136561,136561,315000000,315000000
2,1260,315000000,315000100,136561,136561,315250000,315250000
2,1261,315250000,315250100,136561,136561,315500000,315500000
2,1262,315500000,315500100,136561,136561,315750000,315750000
2,1263,315750000,315750100,136561,136561,316000000,316000000
2,1264,316000000,316000100,136561,136561,316250000,316250000
2,1265,316250000,316250100,136561,136561,316500000,316500000
2,1266,316500000,316500100,136561,136561,316750000,316750000
2,1267,316750000,316750100,136561,136561,317000000,317000000
2,1268,317000000,317000100,136561,136561,317250000,317250000
2,1269,317250000,317250100,136561,136561,317500000,317500000
2,1270,317500000,317500100,136561,136561,317750000,317750000
2,1271,317750000,317750100,136561,136561,318000000,318000000
2,1272,318000000,318000100,136561,136561,318250000,318250000
2,1273,318250000,318250100,136561,136561,318500000,318500000
2,1274,318500000,318500100,136561,136561,318750000,318750000
2,1275,318750000,318750100,136561,136561,319000000,319000000
2,1276,319000000,319000100,136561,136561,319250000,319250000
2,1277,319250000,319250100,136561,136561,319500000,319500000
2,1278,319500000,319500100,136561,136561,319750000,319750000
2,1279,319750000,319750100,136561,136561,320000000,320000000
2,1280,320000000,320000100,136561,136561,320250000,320250000
2,1281,320250000,320250100,136561,136561,320500000,320500000
2,1282,320500000,320500100,136561,136561,320750000,320750000
2,1283,320750000,320750100,136561,136561,321000000,321000000
2,1284,321000000,321000100,136561,136561,321250000,321250000
2,1285,321250000,321250100,136561,136561,321500000,321500000
2,1286,321500000,321500100,136561,136561,321750000,321750000
2,1287,321750000,321750100,136561,136561,322000000,322000000
2,1288,322000000,322000100,136561,136561,322250000,322250000
2,1289,322250000,322250100,136561,136561,322500000,322500000
2,1290,322500000,322500100,136561,136561,322750000,322750000
2,1291,322750000,322750100,136561,136561,323000000,323000000
2,1292,323000000,323000100,136561,136561,323250000,323250000
2,1293,323250000,323250100,136561,136561,323500000,323500000
2,1294,323500000,323500100,136561,136561,323750000,323750000
2,1295,323750000,323750100,136561,136561,324000000,324000000
2,1296,324000000,324000100,136561,136561,324250000,324250000
2,1297,324250000,324250100,136561,136561,324500000,324500000
2,1298,324500000,324500100,136561,136561,324750000,324750000
2,1299,324750000,324750100,136561,136561,325000000,325000000
2,1300,325000000,325000100,136561,136561,325250000,325250000
2,1301,325250000,325250100,136561,136561,325500000,325500000
2,1302,325500000,325500100,136561,136561,325750000,325750000
2,1303,325750000,325750100,136561,136561,326000000,326000000
2,1304,326000000,326000100,136561,136561,326250000,326250000
2,1305,326250000,326250100,136561,136561,326500000,326500000
2,1306,326500000,326500100,136561,136561,326750000,326750000
2,1307,326750000,326750100,136561,136561,327000000,327000000
2,1308,327000000,327000100,136561,136561,327250000,327250000
2,1309,327250000,327250100,136561,136561,327500000,327500000
2,1310,327500000,327500100,136561,136561,327750000,327750000
2,1311,327750000,327750100,136561,136561,328000000,328000000
2,1312,328000000,328000100,136561,136561,328250000,328250000
2,1313,328250000,328250100,136561,136561,328500000,328500000
2,1314,328500000,328500100,136561,136561,328750000,328750000
2,1315,328750000,328750100,136561,136561,329000000,329000000
2,1316,329000000,329000100,136561,136561,329250000,329250000
2,1317,329250000,329250100,136561,136561,329500000,329500000
2,1318,329500000,329500100,136561,136561,329750000,329750000
2,1319,329750000,329750100,136561,136561,330000000,330000000
2,1320,330000000,330000100,136561,136561,330250000,330250000
2,1321,330250000,330250100,136561,136561,330500000,330500000
2,1322,330500000,330500100,136561,136561,330750000,330750000
2,1323,330750000,330750100,136561,136561,331000000,331000000
2,1324,331000000,331000100,136561,136561,331250000,331250000
2,1325,331250000,331250100,136561,136561,331500000,331500000
2,1326,331500000,331500100,136561,136561,331750000,331750000
2,1327,331750000,331750100,136561,136561,332000000,332000000
2,1328,332000000,332000100,136561,136561,332250000,332250000
2,1329,332250000,332250100,136561,136561,332500000,332500000
2,1330,332500000,332500100,136561,136561,332750000,332750000
2,1331,332750000,332750100,136561,136561,333000000,333000000
2,1332,333000000,333000100,136561,136561,333250000,333250000
2,1333,333250000,333250100,136561,136561,333500000,333500000
2,1334,333500000,333500100,136561,136561,333750000,333750000
2,1335,333750000,333750100,136561,136561,334000000,334000000
2,1336,334000000,334000100,136561,136561,334250000,334250000
2,1337,334250000,334250100,136561,136561,334500000,334500000
2,1338,334500000,334500100,136561,136561,334750000,334750000
2,1339,334750000,334750100,136561,136561,335000000,335000000
2,1340,335000000,335000100,136561,136561,335250000,335250000
2,1341,335250000,335250100,136561,136561,335500000,335500000
2,1342,335500000,335500100,136561,136561,335750000,335750000
2,1343,335750000,335750100,136561,136561,336000000,336000000
2,1344,336000000,336000100,136561,136561,336250000,336250000
2,1345,336250000,336250100,136561,136561,336500000,336500000
2,1346,336500000,336500100,136561,136561,336750000,336750000
2,1347,336750000,336750100,136561,136561,337000000,337000000
2,1348,337000000,337000100,136561,136561,337250000,337250000
2,1349,337250000,337250100,136561,136561,337500000,337500000
2,1350,337500000,337500100,136561,136561,337750000,337750000
2,1351,337750000,337750100,136561,136561,338000000,338000000
2,1352,338000000,338000100,136561,136561,338250000,338250000
2,1353,338250000,338250100,136561,136561,338500000,338500000
2,1354,338500000,338500100,136561,136561,338750000,338750000
2,1355,338750000,338750100,136561,136561,339000000,339000000
2,1356,339000000,339000100,136561,136561,339250000,339250000
2,1357,339250000,339250100,136561,136561,339500000,339500000
2,1358,339500000,339500100,136561,136561,339750000,339750000
2,1359,339750000,339750100,136561,136561,340000000,340000000
2,1360,340000000,340000100,136561,136561,340250000,340250000
2,1361,340250000,340250100,136561,136561,340500000,340500000
2,1362,340500000,340500100,136561,136561,340750000,340750000
2,1363,340750000,340750100,136561,136561,341000000,341000000
2,1364,341000000,341000100,136561,136561,341250000,341250000
2,1365,341250000,341250100,136561,136561,341500000,341500000
2,1366,341500000,341500100,136561,136561,341750000,341750000
2,1367,341750000,341750100,136561,136561,342000000,342000000
2,1368,342000000,342000100,136561,136561,342250000,342250000
2,1369,342250000,342250100,136561,136561,342500000,342500000
2,1370,342500000,342500100,136561,136561,342750000,342750000
2,1371,342750000,342750100,136561,136561,343000000,343000000
2,1372,343000000,343000100,136561,136561,343250000,343250000
2,1373,343250000,343250100,136561,136561,343500000,343500000
2,1374,343500000,343500100,136561,136561,343750000,343750000
2,1375,343750000,343750100,136561,136561,344000000,344000000
2,1376,344000000,344000100,136561,136561,344250000,344250000
2,1377,344250000,344250100,136561,136561,344500000,344500000
2,1378,344500000,344500100,136561,136561,344750000,344750000
2,1379,344750000,344750100,136561,136561,345000000,345000000
2,1380,345000000,345000100,136561,136561,345250000,345250000
2,1381,345250000,345250100,136561,136561,345500000,345500000
2,1382,345500000,345500100,136561,136561,345750000,345750000
2,1383,345750000,345750100,136561,136561,346000000,346000000
2,1384,346000000,346000100,136561,136561,346250000,346250000
2,1385,346250000,346250100,136561,136561,346500000,346500000
2,1386,346500000,346500100,136561,136561,346750000,346750000
2,1387,346750000,346750100,136561,136561,347000000,347000000
2,1388,347000000,347000100,136561,136561,347250000,347250000
2,1389,347250000,347250100,136561,136561,347500000,347500000
2,1390,347500000,347500100,136561,136561,347750000,347750000
2,1391,347750000,347750100,136561,136561,348000000,348000000
2,1392,348000000,348000100,136561,136561,348250000,348250000
2,1393,348250000,348250100,136561,136561,348500000,348500000
2,1394,348500000,348500100,136561,136561,348750000,348750000
2,1395,348750000,348750100,136561,136561,349000000,349000000
2,1396,349000000,349000100,136561,136561,349250000,349250000
2,1397,349250000,349250100,136561,136561,349500000,349500000
2,1398,349500000,349500100,136561,136561,349750000,349750000
2,1399,349750000,349750100,136561,136561,350000000,350000000
2,1400,350000000,350000100,136561,136561,350250000,350250000
2,1401,350250000,350250100,136561,136561,350500000,350500000
2,1402,350500000,350500100,136561,136561,350750000,350750000
2,1403,350750000,350750100,136561,136561,351000000,351000000
2,1404,351000000,351000100,136561,136561,351250000,351250000
2,1405,351250000,351250100,136561,136561,351500000,351500000
2,1406,351500000,351500100,136561,136561,351750000,351750000
2,1407,351750000,351750100,136561,136561,352000000,352000000
2,1408,352000000,352000100,136561,136561,352250000,352250000
2,1409,352250000,352250100,136561,136561,352500000,352500000
2,1410,352500000,352500100,136561,136561,352750000,352750000
2,1411,352750000,352750100,136561,136561,353000000,353000000
2,1412,353000000,353000100,136561,136561,353250000,353250000
2,1413,353250000,353250100,136561,136561,353500000,353500000
2,1414,353500000,353500100,136561,136561,353750000,353750000
2,1415,353750000,353750100,136561,136561,354000000,354000000
2,1416,354000000,354000100,136561,136561,354250000,354250000
2,1417,354250000,354250100,136561,136561,354500000,354500000
2,1418,354500000,354500100,136561,136561,354750000,354750000
2,1419,354750000,354750100,136561,136561,355000000,355000000
2,1420,355000000,355000100,136561,136561,355250000,355250000
2,1421,355250000,355250100,136561,136561,355500000,355500000
2,1422,355500000,355500100,136561,136561,355750000,355750000
2,1423,355750000,355750100,136561,136561,356000000,356000000
2,1424,356000000,356000100,136561,136561,356250000,356250000
2,1425,356250000,356250100,136561,136561,356500000,356500000
2,1426,356500000,356500100,136561,136561,356750000,356750000
2,1427,356750000,356750100,136561,136561,357000000,357000000
2,1428,357000000,357000100,136561,136561,357250000,357250000
2,1429,357250000,357250100,136561,136561,357500000,357500000
2,1430,357500000,357500100,136561,136561,357750000,357750000
2,1431,357750000,357750100,136561,136561,358000000,358000000
2,1432,358000000,358000100,136561,136561,358250000,358250000
2,1433,358250000,358250100,136561,136561,358500000,358500000
2,1434,358500000,358500100,136561,136561,358750000,358750000
2,1435,358750000,358750100,136561,136561,359000000,359000000
2,1436,359000000,359000100,136561,136561,359250000,359250000
2,1437,359250000,359250100,136561,136561,359500000,359500000
2,1438,359500000,359500100,136561,136561,359750000,359750000
2,1439,359750000,359750100,136561,136561,360000000,360000000
2,1440,360000000,360000100,136561,136561,360250000,360250000
2,1441,360250000,360250100,136561,136561,360500000,360500000
2,1442,360500000,360500100,136561,136561,360750000,360750000
2,1443,360750000,360750100,136561,136561,361000000,361000000
2,1444,361000000,361000100,136561,136561,361250000,361250000
2,1445,361250000,361250100,136561,136561,361500000,361500000
2,1446,361500000,361500100,136561,136561,361750000,361750000
2,1447,361750000,361750100,136561,136561,362000000,362000000
2,1448,362000000,362000100,136561,136561,362250000,362250000
2,1449,362250000,362250100,136561,136561,362500000,362500000
2,1450,362500000,362500100,136561,136561,362750000,362750000
2,1451,362750000,362750100,136561,136561,363000000,363000000
2,1452,363000000,363000100,136561,136561,363250000,363250000
2,1453,363250000,363250100,136561,136561,363500000,363500000
2,1454,363500000,363500100,136561,136561,363750000,363750000
2,1455,363750000,363750100,136561,136561,364000000,364000000
2,1456,364000000,364000100,136561,136561,364250000,364250000
2,1457,364250000,364250100,136561,136561,364500000,364500000
2,1458,364500000,364500100,136561,136561,364750000,364750000
2,1459,364750000,364750100,136561,136561,365000000,365000000
2,1460,365000000,365000100,136561,136561,365250000,365250000
2,1461,365250000,365250100,136561,136561,365500000,365500000
2,1462,365500000,365500100,136561,136561,365750000,365750000
2,1463,365750000,365750100,136561,136561,366000000,366000000
2,1464,366000000,366000100,136561,136561,366250000,366250000
2,1465,366250000,366250100,136561,136561,366500000,366500000
2,1466,366500000,366500100,136561,136561,366750000,366750000
2,1467,366750000,366750100,136561,136561,367000000,367000000
2,1468,367000000,367000100,136561,136561,367250000,367250000
2,1469,367250000,367250100,136561,136561,367500000,367500000
2,1470,367500000,367500100,136561,136561,367750000,367750000
2,1471,367750000,367750100,136561,136561,368000000,368000000
2,1472,368000000,368000100,136561,136561,368250000,368250000
2,1473,368250000,368250100,136561,136561,368500000,368500000
2,1474,368500000,368500100,136561,136561,368750000,368750000
2,1475,368750000,368750100,136561,136561,369000000,369000000
2,1476,369000000,369000100,136561,136561,369250000,369250000
2,1477,369250000,369250100,136561,136561,369500000,369500000
2,1478,369500000,369500100,136561,136561,369750000,369750000
2,1479,369750000,369750100,136561,136561,370000000,370000000
2,1480,370000000,370000100,136561,136561,370250000,370250000
2,1481,370250000,370250100,136561,136561,370500000,370500000
2,1482,370500000,370500100,136561,136561,370750000,370750000
2,1483,370750000,370750100,136561,136561,371000000,371000000
2,1484,371000000,371000100,136561,136561,371250000,371250000
2,1485,371250000,371250100,136561,136561,371500000,371500000
2,1486,371500000,371500100,136561,136561,371750000,371750000
2,1487,371750000,371750100,136561,136561,372000000,372000000
2,1488,372000000,372000100,136561,136561,372250000,372250000
2,1489,372250000,372250100,136561,136561,372500000,372500000
2,1490,372500000,372500100,136561,136561,372750000,372750000
2,1491,372750000,372750100,136561,136561,373000000,373000000
2,1492,373000000,373000100,136561,136561,373250000,373250000
2,1493,373250000,373250100,136561,136561,373500000,373500000
2,1494,373500000,373500100,136561,136561,373750000,373750000
2,1495,373750000,373750100,136561,136561,374000000,374000000
2,1496,374000000,374000100,136561,136561,374250000,374250000
2,1497,374250000,374250100,136561,136561,374500000,374500000
2,1498,374500000,374500100,136561,136561,374750000,374750000
2,1499,374750000,374750100,136561,136561,375000000,375000000
2,1500,375000000,375000100,136561,136561,375250000,375250000
2,1501,375250000,375250100,136561,136561,375500000,375500000
2,1502,375500000,375500100,136561,136561,375750000,375750000
2,1503,375750000,375750100,136561,136561,376000000,376000000
2,1504,376000000,376000100,136561,136561,376250000,376250000
2,1505,376250000,376250100,136561,136561,376500000,376500000
2,1506,376500000,376500100,136561,136561,376750000,376750000
2,1507,376750000,376750100,136561,136561,377000000,377000000
2,1508,377000000,377000100,136561,136561,377250000,377250000
2,1509,377250000,377250100,136561,136561,377500000,377500000
2,1510,377500000,377500100,136561,136561,377750000,377750000
2,1511,377750000,377750100,136561,136561,378000000,378000000
2,1512,378000000,378000100,136561,136561,378250000,378250000
2,1513,378250000,378250100,136561,136561,378500000,378500000
2,1514,378500000,378500100,136561,136561,378750000,378750000
2,1515,378750000,378750100,136561,136561,379000000,379000000
2,1516,379000000,379000100,136561,136561,379250000,379250000
2,1517,379250000,379250100,136561,136561,379500000,379500000
2,1518,379500000,379500100,136561,136561,379750000,379750000
2,1519,379750000,379750100,136561,136561,380000000,380000000
2,1520,380000000,380000100,136561,136561,380250000,380250000
2,1521,380250000,380250100,136561,136561,380500000,380500000
2,1522,380500000,380500100,136561,136561,380750000,380750000
2,1523,380750000,380750100,136561,136561,381000000,381000000
2,1524,381000000,381000100,136561,136561,381250000,381250000
2,1525,381250000,381250100,136561,136561,381500000,381500000
2,1526,381500000,381500100,136561,136561,381750000,381750000
2,1527,381750000,381750100,136561,136561,382000000,382000000
2,1528,382000000,382000100,136561,136561,382250000,382250000
2,1529,382250000,382250100,136561,136561,382500000,382500000
2,1530,382500000,382500100,136561,136561,382750000,382750000
2,1531,382750000,382750100,136561,136561,383000000,383000000
2,1532,383000000,383000100,136561,136561,383250000,383250000
2,1533,383250000,383250100,136561,136561,383500000,383500000
2,1534,383500000,383500100,136561,136561,383750000,383750000
2,1535,383750000,383750100,136561,136561,384000000,384000000
2,1536,384000000,384000100,136561,136561,384250000,384250000
2,1537,384250000,384250100,136561,136561,384500000,384500000
2,1538,384500000,384500100,136561,136561,384750000,384750000
2,1539,384750000,384750100,136561,136561,385000000,385000000
2,1540,385000000,385000100,136561,136561,385250000,385250000
2,1541,385250000,385250100,136561,136561,385500000,385500000
2,1542,385500000,385500100,136561,136561,385750000,385750000
2,1543,385750000,385750100,136561,136561,386000000,386000000
2,1544,386000000,386000100,136561,136561,386250000,386250000
2,1545,386250000,386250100,136561,136561,386500000,386500000
2,1546,386500000,386500100,136561,136561,386750000,386750000
2,1547,386750000,386750100,136561,136561,387000000,387000000
2,1548,387000000,387000100,136561,136561,387250000,387250000
2,1549,387250000,387250100,136561,136561,387500000,387500000
2,1550,387500000,387500100,136561,136561,387750000,387750000
2,1551,387750000,387750100,136561,136561,388000000,388000000
2,1552,388000000,388000100,136561,136561,388250000,388250000
2,1553,388250000,388250100,136561,136561,388500000,388500000
2,1554,388500000,388500100,136561,136561,388750000,388750000
2,1555,388750000,388750100,136561,136561,389000000,389000000
2,1556,389000000,389000100,136561,136561,389250000,389250000
2,1557,389250000,389250100,136561,136561,389500000,389500000
2,1558,389500000,389500100,136561,136561,389750000,389750000
2,1559,389750000,389750100,136561,136561,390000000,390000000
2,1560,390000000,390000100,136561,136561,390250000,390250000
2,1561,390250000,390250100,136561,136561,390500000,390500000
2,1562,390500000,390500100,136561,136561,390750000,390750000
2,1563,390750000,390750100,136561,136561,391000000,391000000
2,1564,391000000,391000100,136561,136561,391250000,391250000
2,1565,391250000,391250100,136561,136561,391500000,391500000
2,1566,391500000,391500100,136561,136561,391750000,391750000
2,1567,391750000,391750100,136561,136561,392000000,392000000
2,1568,392000000,392000100,136561,136561,392250000,392250000
2,1569,392250000,392250100,136561,136561,392500000,392500000
2,1570,392500000,392500100,136561,136561,392750000,392750000
2,1571,392750000,392750100,136561,136561,393000000,393000000
2,1572,393000000,393000100,136561,136561,393250000,393250000
2,1573,393250000,393250100,136561,136561,393500000,393500000
2,1574,393500000,393500100,136561,136561,393750000,393750000
2,1575,393750000,393750100,136561,136561,394000000,394000000
2,1576,394000000,394000100,136561,136561,394250000,394250000
2,1577,394250000,394250100,136561,136561,394500000,394500000
2,1578,394500000,394500100,136561,136561,394750000,394750000
2,1579,394750000,394750100,136561,136561,395000000,395000000
2,1580,395000000,395000100,136561,136561,395250000,395250000
2,1581,395250000,395250100,136561,136561,395500000,395500000
2,1582,395500000,395500100,136561,136561,395750000,395750000
2,1583,395750000,395750100,136561,136561,396000000,396000000
2,1584,396000000,396000100,136561,136561,396250000,396250000
2,1585,396250000,396250100,136561,136561,396500000,396500000
2,1586,396500000,396500100,136561,136561,396750000,396750000
2,1587,396750000,396750100,136561,136561,397000000,397000000
2,1588,397000000,397000100,136561,136561,397250000,397250000
2,1589,397250000,397250100,136561,136561,397500000,397500000
2,1590,397500000,397500100,136561,136561,397750000,397750000
2,1591,397750000,397750100,136561,136561,398000000,398000000
2,1592,398000000,398000100,136561,136561,398250000,398250000
2,1593,398250000,398250100,136561,136561,398500000,398500000
2,1594,398500000,398500100,136561,136561,398750000,398750000
2,1595,398750000,398750100,136561,136561,399000000,399000000
2,1596,399000000,399000100,136561,136561,399250000,399250000
2,1597,399250000,399250100,136561,136561,399500000,399500000
2,1598,399500000,399500100,136561,136561,399750000,399750000
2,1599,399750000,399750100,136561,136561,400000000,400000000
2,1600,400000000,400000100,136561,136561,400250000,400250000
2,1601,400250000,400250100,136561,136561,400500000,400500000
2,1602,400500000,400500100,136561,136561,400750000,400750000
2,1603,400750000,400750100,136561,136561,401000000,401000000
2,1604,401000000,401000100,136561,136561,401250000,401250000
2,1605,401250000,401250100,136561,136561,401500000,401500000
2,1606,401500000,401500100,136561,136561,401750000,401750000
2,1607,401750000,401750100,136561,136561,402000000,402000000
2,1608,402000000,402000100,136561,136561,402250000,402250000
2,1609,402250000,402250100,136561,136561,402500000,402500000
2,1610,402500000,402500100,136561,136561,402750000,402750000
2,1611,402750000,402750100,136561,136561,403000000,403000000
2,1612,403000000,403000100,136561,136561,403250000,403250000
2,1613,403250000,403250100,136561,136561,403500000,403500000
2,1614,403500000,403500100,136561,136561,403750000,403750000
2,1615,403750000,403750100,136561,136561,404000000,404000000
2,1616,404000000,404000100,136561,136561,404250000,404250000
2,1617,404250000,404250100,136561,136561,404500000,404500000
2,1618,404500000,404500100,136561,136561,404750000,404750000
2,1619,404750000,404750100,136561,136561,405000000,405000000
2,1620,405000000,405000100,136561,136561,405250000,405250000
2,1621,405250000,405250100,136561,136561,405500000,405500000
2,1622,405500000,405500100,136561,136561,405750000,405750000
2,1623,405750000,405750100,136561,136561,406000000,406000000
2,1624,406000000,406000100,136561,136561,406250000,406250000
2,1625,406250000,406250100,136561,136561,406500000,406500000
2,1626,406500000,406500100,136561,136561,406750000,406750000
2,1627,406750000,406750100,136561,136561,407000000,407000000
2,1628,407000000,407000100,136561,136561,407250000,407250000
2,1629,407250000,407250100,136561,136561,407500000,407500000
2,1630,407500000,407500100,136561,136561,407750000,407750000
2,1631,407750000,407750100,136561,136561,408000000,408000000
2,1632,408000000,408000100,136561,136561,408250000,408250000
2,1633,408250000,408250100,136561,136561,408500000,408500000
2,1634,408500000,408500100,136561,136561,408750000,408750000
2,1635,408750000,408750100,136561,136561,409000000,409000000
2,1636,409000000,409000100,136561,136561,409250000,409250000
2,1637,409250000,409250100,136561,136561,409500000,409500000
2,1638,409500000,409500100,136561,136561,409750000,409750000
2,1639,409750000,409750100,136561,136561,410000000,410000000
2,1640,410000000,410000100,136561,136561,410250000,410250000
2,1641,410250000,410250100,136561,136561,410500000,410500000
2,1642,410500000,410500100,136561,136561,410750000,410750000
2,1643,410750000,410750100,136561,136561,411000000,411000000
2,1644,411000000,411000100,136561,136561,411250000,411250000
2,1645,411250000,411250100,136561,136561,411500000,411500000
2,1646,411500000,411500100,136561,136561,411750000,411750000
2,1647,411750000,411750100,136561,136561,412000000,412000000
2,1648,412000000,412000100,136561,136561,412250000,412250000
2,1649,412250000,412250100,136561,136561,412500000,412500000
2,1650,412500000,412500100,136561,136561,412750000,412750000
2,1651,412750000,412750100,136561,136561,413000000,413000000
2,1652,413000000,413000100,136561,136561,413250000,413250000
2,1653,413250000,413250100,136561,136561,413500000,413500000
2,1654,413500000,413500100,136561,136561,413750000,413750000
2,1655,413750000,413750100,136561,136561,414000000,414000000
2,1656,414000000,414000100,136561,136561,414250000,414250000
2,1657,414250000,414250100,136561,136561,414500000,414500000
2,1658,414500000,414500100,136561,136561,414750000,414750000
2,1659,414750000,414750100,136561,136561,415000000,415000000
2,1660,415000000,415000100,136561,136561,415250000,415250000
2,1661,415250000,415250100,136561,136561,415500000,415500000
2,1662,415500000,415500100,136561,136561,415750000,415750000
2,1663,415750000,415750100,136561,136561,416000000,416000000
2,1664,416000000,416000100,136561,136561,416250000,416250000
2,1665,416250000,416250100,136561,136561,416500000,416500000
2,1666,416500000,416500100,136561,136561,416750000,416750000
2,1667,416750000,416750100,136561,136561,417000000,417000000
2,1668,417000000,417000100,136561,136561,417250000,417250000
2,1669,417250000,417250100,136561,136561,417500000,417500000
2,1670,417500000,417500100,136561,136561,417750000,417750000
2,1671,417750000,417750100,136561,136561,418000000,418000000
2,1672,418000000,418000100,136561,136561,418250000,418250000
2,1673,418250000,418250100,136561,136561,418500000,418500000
2,1674,418500000,418500100,136561,136561,418750000,418750000
2,1675,418750000,418750100,136561,136561,419000000,419000000
2,1676,419000000,419000100,136561,136561,419250000,419250000
2,1677,419250000,419250100,136561,136561,419500000,419500000
2,1678,419500000,419500100,136561,136561,419750000,419750000
2,1679,419750000,419750100,136561,136561,420000000,420000000
2,1680,420000000,420000100,136561,136561,420250000,420250000
2,1681,420250000,420250100,136561,136561,420500000,420500000
2,1682,420500000,420500100,136561,136561,420750000,420750000
2,1683,420750000,420750100,136561,136561,421000000,421000000
2,1684,421000000,421000100,136561,136561,421250000,421250000
2,1685,421250000,421250100,136561,136561,421500000,421500000
2,1686,421500000,421500100,136561,136561,421750000,421750000
2,1687,421750000,421750100,136561,136561,422000000,422000000
2,1688,422000000,422000100,136561,136561,422250000,422250000
2,1689,422250000,422250100,136561,136561,422500000,422500000
2,1690,422500000,422500100,136561,136561,422750000,422750000
2,1691,422750000,422750100,136561,136561,423000000,423000000
2,1692,423000000,423000100,136561,136561,423250000,423250000
2,1693,423250000,423250100,136561,136561,423500000,423500000
2,1694,423500000,423500100,136561,136561,423750000,423750000
2,1695,423750000,423750100,136561,136561,424000000,424000000
2,1696,424000000,424000100,136561,136561,424250000,424250000
2,1697,424250000,424250100,136561,136561,424500000,424500000
2,1698,424500000,424500100,136561,136561,424750000,424750000
2,1699,424750000,424750100,136561,136561,425000000,425000000
2,1700,425000000,425000100,136561,136561,425250000,425250000
2,1701,425250000,425250100,136561,136561,425500000,425500000
2,1702,425500000,425500100,136561,136561,425750000,425750000
2,1703,425750000,425750100,136561,136561,426000000,426000000
2,1704,426000000,426000100,136561,136561,426250000,426250000
2,1705,426250000,426250100,136561,136561,426500000,426500000
2,1706,426500000,426500100,136561,136561,426750000,426750000
2,1707,426750000,426750100,136561,136561,427000000,427000000
2,1708,427000000,427000100,136561,136561,427250000,427250000
2,1709,427250000,427250100,136561,136561,427500000,427500000
2,1710,427500000,427500100,136561,136561,427750000,427750000
2,1711,427750000,427750100,136561,136561,428000000,428000000
2,1712,428000000,428000100,136561,136561,428250000,428250000
2,1713,428250000,428250100,136561,136561,428500000,428500000
2,1714,428500000,428500100,136561,136561,428750000,428750000
2,1715,428750000,428750100,136561,136561,429000000,429000000
2,1716,429000000,429000100,136561,136561,429250000,429250000
2,1717,429250000,429250100,136561,136561,429500000,429500000
2,1718,429500000,429500100,136561,136561,429750000,429750000
2,1719,429750000,429750100,136561,136561,430000000,430000000
2,1720,430000000,430000100,136561,136561,430250000,430250000
2,1721,430250000,430250100,136561,136561,430500000,430500000
2,1722,430500000,430500100,136561,136561,430750000,430750000
2,1723,430750000,430750100,136561,136561,431000000,431000000
2,1724,431000000,431000100,136561,136561,431250000,431250000
2,1725,431250000,431250100,136561,136561,431500000,431500000
2,1726,431500000,431500100,136561,136561,431750000,431750000
2,1727,431750000,431750100,136561,136561,432000000,432000000
2,1728,432000000,432000100,136561,136561,432250000,432250000
2,1729,432250000,432250100,136561,136561,432500000,432500000
2,1730,432500000,432500100,136561,136561,432750000,432750000
2,1731,432750000,432750100,136561,136561,433000000,433000000
2,1732,433000000,433000100,136561,136561,433250000,433250000
2,1733,433250000,433250100,136561,136561,433500000,433500000
2,1734,433500000,433500100,136561,136561,433750000,433750000
2,1735,433750000,433750100,136561,136561,434000000,434000000
2,1736,434000000,434000100,136561,136561,434250000,434250000
2,1737,434250000,434250100,136561,136561,434500000,434500000
2,1738,434500000,434500100,136561,136561,434750000,434750000
2,1739,434750000,434750100,136561,136561,435000000,435000000
2,1740,435000000,435000100,136561,136561,435250000,435250000
2,1741,435250000,435250100,136561,136561,435500000,435500000
2,1742,435500000,435500100,136561,136561,435750000,435750000
2,1743,435750000,435750100,136561,136561,436000000,436000000
2,1744,436000000,436000100,136561,136561,436250000,436250000
2,1745,436250000,436250100,136561,136561,436500000,436500000
2,1746,436500000,436500100,136561,136561,436750000,436750000
2,1747,436750000,436750100,136561,136561,437000000,437000000
2,1748,437000000,437000100,136561,136561,437250000,437250000
2,1749,437250000,437250100,136561,136561,437500000,437500000
2,1750,437500000,437500100,136561,136561,437750000,437750000
2,1751,437750000,437750100,136561,136561,438000000,438000000
2,1752,438000000,438000100,136561,136561,438250000,438250000
2,1753,438250000,438250100,136561,136561,438500000,438500000
2,1754,438500000,438500100,136561,136561,438750000,438750000
2,1755,438750000,438750100,136561,136561,439000000,439000000
2,1756,439000000,439000100,136561,136561,439250000,439250000
2,1757,439250000,439250100,136561,136561,439500000,439500000
2,1758,439500000,439500100,136561,136561,439750000,439750000
2,1759,439750000,439750100,136561,136561,440000000,440000000
2,1760,440000000,440000100,136561,136561,440250000,440250000
2,1761,440250000,440250100,136561,136561,440500000,440500000
2,1762,440500000,440500100,136561,136561,440750000,440750000
2,1763,440750000,440750100,136561,136561,441000000,441000000
2,1764,441000000,441000100,136561,136561,441250000,441250000
2,1765,441250000,441250100,136561,136561,441500000,441500000
2,1766,441500000,441500100,136561,136561,441750000,441750000
2,1767,441750000,441750100,136561,136561,442000000,442000000
2,1768,442000000,442000100,136561,136561,442250000,442250000
2,1769,442250000,442250100,136561,136561,442500000,442500000
2,1770,442500000,442500100,136561,136561,442750000,442750000
2,1771,442750000,442750100,136561,136561,443000000,443000000
2,1772,443000000,443000100,136561,136561,443250000,443250000
2,1773,443250000,443250100,136561,136561,443500000,443500000
2,1774,443500000,443500100,136561,136561,443750000,443750000
2,1775,443750000,443750100,136561,136561,444000000,444000000
2,1776,444000000,444000100,136561,136561,444250000,444250000
2,1777,444250000,444250100,136561,136561,444500000,444500000
2,1778,444500000,444500100,136561,136561,444750000,444750000
2,1779,444750000,444750100,136561,136561,445000000,445000000
2,1780,445000000,445000100,136561,136561,445250000,445250000
2,1781,445250000,445250100,136561,136561,445500000,445500000
2,1782,445500000,445500100,136561,136561,445750000,445750000
2,1783,445750000,445750100,136561,136561,446000000,446000000
2,1784,446000000,446000100,136561,136561,446250000,446250000
2,1785,446250000,446250100,136561,136561,446500000,446500000
2,1786,446500000,446500100,136561,136561,446750000,446750000
2,1787,446750000,446750100,136561,136561,447000000,447000000
2,1788,447000000,447000100,136561,136561,447250000,447250000
2,1789,447250000,447250100,136561,136561,447500000,447500000
2,1790,447500000,447500100,136561,136561,447750000,447750000
2,1791,447750000,447750100,136561,136561,448000000,448000000
2,1792,448000000,448000100,136561,136561,448250000,448250000
2,1793,448250000,448250100,136561,136561,448500000,448500000
2,1794,448500000,448500100,136561,136561,448750000,448750000
2,1795,448750000,448750100,136561,136561,449000000,449000000
2,1796,449000000,449000100,136561,136561,449250000,449250000
2,1797,449250000,449250100,136561,136561,449500000,449500000
2,1798,449500000,449500100,136561,136561,449750000,449750000
2,1799,449750000,449750100,136561,136561,450000000,450000000
2,1800,450000000,450000100,136561,136561,450250000,450250000
2,1801,450250000,450250100,136561,136561,450500000,450500000
2,1802,450500000,450500100,136561,136561,450750000,450750000
2,1803,450750000,450750100,136561,136561,451000000,451000000
2,1804,451000000,451000100,136561,136561,451250000,451250000
2,1805,451250000,451250100,136561,136561,451500000,451500000
2,1806,451500000,451500100,136561,136561,451750000,451750000
2,1807,451750000,451750100,136561,136561,452000000,452000000
2,1808,452000000,452000100,136561,136561,452250000,452250000
2,1809,452250000,452250100,136561,136561,452500000,452500000
2,1810,452500000,452500100,136561,136561,452750000,452750000
2,1811,452750000,452750100,136561,136561,453000000,453000000
2,1812,453000000,453000100,136561,136561,453250000,453250000
2,1813,453250000,453250100,136561,136561,453500000,453500000
2,1814,453500000,453500100,136561,136561,453750000,453750000
2,1815,453750000,453750100,136561,136561,454000000,454000000
2,1816,454000000,454000100,136561,136561,454250000,454250000
2,1817,454250000,454250100,136561,136561,454500000,454500000
2,1818,454500000,454500100,136561,136561,454750000,454750000
2,1819,454750000,454750100,136561,136561,455000000,455000000
2,1820,455000000,455000100,136561,136561,455250000,455250000
2,1821,455250000,455250100,136561,136561,455500000,455500000
2,1822,455500000,455500100,136561,136561,455750000,455750000
2,1823,455750000,455750100,136561,136561,456000000,456000000
2,1824,456000000,456000100,136561,136561,456250000,456250000
2,1825,456250000,456250100,136561,136561,456500000,456500000
2,1826,456500000,456500100,136561,136561,456750000,456750000
2,1827,456750000,456750100,136561,136561,457000000,457000000
2,1828,457000000,457000100,136561,136561,457250000,457250000
2,1829,457250000,457250100,136561,136561,457500000,457500000
2,1830,457500000,457500100,136561,136561,457750000,457750000
2,1831,457750000,457750100,136561,136561,458000000,458000000
2,1832,458000000,458000100,136561,136561,458250000,458250000
2,1833,458250000,458250100,136561,136561,458500000,458500000
2,1834,458500000,458500100,136561,136561,458750000,458750000
2,1835,458750000,458750100,136561,136561,459000000,459000000
2,1836,459000000,459000100,136561,136561,459250000,459250000
2,1837,459250000,459250100,136561,136561,459500000,459500000
2,1838,459500000,459500100,136561,136561,459750000,459750000
2,1839,459750000,459750100,136561,136561,460000000,460000000
2,1840,460000000,460000100,136561,136561,460250000,460250000
2,1841,460250000,460250100,136561,136561,460500000,460500000
2,1842,460500000,460500100,136561,136561,460750000,460750000
2,1843,460750000,460750100,136561,136561,461000000,461000000
2,1844,461000000,461000100,136561,136561,461250000,461250000
2,1845,461250000,461250100,136561,136561,461500000,461500000
2,1846,461500000,461500100,136561,136561,461750000,461750000
2,1847,461750000,461750100,136561,136561,462000000,462000000
2,1848,462000000,462000100,136561,136561,462250000,462250000
2,1849,462250000,462250100,136561,136561,462500000,462500000
2,1850,462500000,462500100,136561,136561,462750000,462750000
2,1851,462750000,462750100,136561,136561,463000000,463000000
2,1852,463000000,463000100,136561,136561,463250000,463250000
2,1853,463250000,463250100,136561,136561,463500000,463500000
2,1854,463500000,463500100,136561,136561,463750000,463750000
2,1855,463750000,463750100,136561,136561,464000000,464000000
2,1856,464000000,464000100,136561,136561,464250000,464250000
2,1857,464250000,464250100,136561,136561,464500000,464500000
2,1858,464500000,464500100,136561,136561,464750000,464750000
2,1859,464750000,464750100,136561,136561,465000000,465000000
2,1860,465000000,465000100,136561,136561,465250000,465250000
2,1861,465250000,465250100,136561,136561,465500000,465500000
2,1862,465500000,465500100,136561,136561,465750000,465750000
2,1863,465750000,465750100,136561,136561,466000000,466000000
2,1864,466000000,466000100,136561,136561,466250000,466250000
2,1865,466250000,466250100,136561,136561,466500000,466500000
2,1866,466500000,466500100,136561,136561,466750000,466750000
2,1867,466750000,466750100,136561,136561,467000000,467000000
2,1868,467000000,467000100,136561,136561,467250000,467250000
2,1869,467250000,467250100,136561,136561,467500000,467500000
2,1870,467500000,467500100,136561,136561,467750000,467750000
2,1871,467750000,467750100,136561,136561,468000000,468000000
2,1872,468000000,468000100,136561,136561,468250000,468250000
2,1873,468250000,468250100,136561,136561,468500000,468500000
2,1874,468500000,468500100,136561,136561,468750000,468750000
2,1875,468750000,468750100,136561,136561,469000000,469000000
2,1876,469000000,469000100,136561,136561,469250000,469250000
2,1877,469250000,469250100,136561,136561,469500000,469500000
2,1878,469500000,469500100,136561,136561,469750000,469750000
2,1879,469750000,469750100,136561,136561,470000000,470000000
2,1880,470000000,470000100,136561,136561,470250000,470250000
2,1881,470250000,470250100,136561,136561,470500000,470500000
2,1882,470500000,470500100,136561,136561,470750000,470750000
2,1883,470750000,470750100,136561,136561,471000000,471000000
2,1884,471000000,471000100,136561,136561,471250000,471250000
2,1885,471250000,471250100,136561,136561,471500000,471500000
2,1886,471500000,471500100,136561,136561,471750000,471750000
2,1887,471750000,471750100,136561,136561,472000000,472000000
2,1888,472000000,472000100,136561,136561,472250000,472250000
2,1889,472250000,472250100,136561,136561,472500000,472500000
2,1890,472500000,472500100,136561,136561,472750000,472750000
2,1891,472750000,472750100,136561,136561,473000000,473000000
2,1892,473000000,473000100,136561,136561,473250000,473250000
2,1893,473250000,473250100,136561,136561,473500000,473500000
2,1894,473500000,473500100,136561,136561,473750000,473750000
2,1895,473750000,473750100,136561,136561,474000000,474000000
2,1896,474000000,474000100,136561,136561,474250000,474250000
2,1897,474250000,474250100,136561,136561,474500000,474500000
2,1898,474500000,474500100,136561,136561,474750000,474750000
2,1899,474750000,474750100,136561,136561,475000000,475000000
2,1900,475000000,475000100,136561,136561,475250000,475250000
2,1901,475250000,475250100,136561,136561,475500000,475500000
2,1902,475500000,475500100,136561,136561,475750000,475750000
2,1903,475750000,475750100,136561,136561,476000000,476000000
2,1904,476000000,476000100,136561,136561,476250000,476250000
2,1905,476250000,476250100,136561,136561,476500000,476500000
2,1906,476500000,476500100,136561,136561,476750000,476750000
2,1907,476750000,476750100,136561,136561,477000000,477000000
2,1908,477000000,477000100,136561,136561,477250000,477250000
2,1909,477250000,477250100,136561,136561,477500000,477500000
2,1910,477500000,477500100,136561,136561,477750000,477750000
2,1911,477750000,477750100,136561,136561,478000000,478000000
2,1912,478000000,478000100,136561,136561,478250000,478250000
2,1913,478250000,478250100,136561,136561,478500000,478500000
2,1914,478500000,478500100,136561,136561,478750000,478750000
2,1915,478750000,478750100,136561,136561,479000000,479000000
2,1916,479000000,479000100,136561,136561,479250000,479250000
2,1917,479250000,479250100,136561,136561,479500000,479500000
2,1918,479500000,479500100,136561,136561,479750000,479750000
2,1919,479750000,479750100,136561,136561,480000000,480000000
2,1920,480000000,480000100,136561,136561,480250000,480250000
2,1921,480250000,480250100,136561,136561,480500000,480500000
2,1922,480500000,480500100,136561,136561,480750000,480750000
2,1923,480750000,480750100,136561,136561,481000000,481000000
2,1924,481000000,481000100,136561,136561,481250000,481250000
2,1925,481250000,481250100,136561,136561,481500000,481500000
2,1926,481500000,481500100,136561,136561,481750000,481750000
2,1927,481750000,481750100,136561,136561,482000000,482000000
2,1928,482000000,482000100,136561,136561,482250000,482250000
2,1929,482250000,482250100,136561,136561,482500000,482500000
2,1930,482500000,482500100,136561,136561,482750000,482750000
2,1931,482750000,482750100,136561,136561,483000000,483000000
2,1932,483000000,483000100,136561,136561,483250000,483250000
2,1933,483250000,483250100,136561,136561,483500000,483500000
2,1934,483500000,483500100,136561,136561,483750000,483750000
2,1935,483750000,483750100,136561,136561,484000000,484000000
2,1936,484000000,484000100,136561,136561,484250000,484250000
2,1937,484250000,484250100,136561,136561,484500000,484500000
2,1938,484500000,484500100,136561,136561,484750000,484750000
2,1939,484750000,484750100,136561,136561,485000000,485000000
2,1940,485000000,485000100,136561,136561,485250000,485250000
2,1941,485250000,485250100,136561,136561,485500000,485500000
2,1942,485500000,485500100,136561,136561,485750000,485750000
2,1943,485750000,485750100,136561,136561,486000000,486000000
2,1944,486000000,486000100,136561,136561,486250000,486250000
2,1945,486250000,486250100,136561,136561,486500000,486500000
2,1946,486500000,486500100,136561,136561,486750000,486750000
2,1947,486750000,486750100,136561,136561,487000000,487000000
2,1948,487000000,487000100,136561,136561,487250000,487250000
2,1949,487250000,487250100,136561,136561,487500000,487500000
2,1950,487500000,487500100,136561,136561,487750000,487750000
2,1951,487750000,487750100,136561,136561,488000000,488000000
2,1952,488000000,488000100,136561,136561,488250000,488250000
2,1953,488250000,488250100,136561,136561,488500000,488500000
2,1954,488500000,488500100,136561,136561,488750000,488750000
2,1955,488750000,488750100,136561,136561,489000000,489000000
2,1956,489000000,489000100,136561,136561,489250000,489250000
2,1957,489250000,489250100,136561,136561,489500000,489500000
2,1958,489500000,489500100,136561,136561,489750000,489750000
2,1959,489750000,489750100,136561,136561,490000000,490000000
2,1960,490000000,490000100,136561,136561,490250000,490250000
2,1961,490250000,490250100,136561,136561,490500000,490500000
2,1962,490500000,490500100,136561,136561,490750000,490750000
2,1963,490750000,490750100,136561,136561,491000000,491000000
2,1964,491000000,491000100,136561,136561,491250000,491250000
2,1965,491250000,491250100,136561,136561,491500000,491500000
2,1966,491500000,491500100,136561,136561,491750000,491750000
2,1967,491750000,491750100,136561,136561,492000000,492000000
2,1968,492000000,492000100,136561,136561,492250000,492250000
2,1969,492250000,492250100,136561,136561,492500000,492500000
2,1970,492500000,492500100,136561,136561,492750000,492750000
2,1971,492750000,492750100,136561,136561,493000000,493000000
2,1972,493000000,493000100,136561,136561,493250000,493250000
2,1973,493250000,493250100,136561,136561,493500000,493500000
2,1974,493500000,493500100,136561,136561,493750000,493750000
2,1975,493750000,493750100,136561,136561,494000000,494000000
3,0,0,100,45578,45578,400000,400000
3,1,400000,400100,45578,45578,800000,800000
3,2,800000,800100,45578,45578,1200000,1200000
3,3,1200000,1200100,45578,45578,1600000,1600000
3,4,1600000,1600100,45578,45578,2000000,2000000
3,5,2000000,2000100,45578,45578,2400000,2400000
3,6,2400000,2400100,45578,45578,2800000,2800000
3,7,2800000,2800100,45578,45578,3200000,3200000
3,8,3200000,3200100,45578,45578,3600000,3600000
3,9,3600000,3600100,45578,45578,4000000,4000000
3,10,4000000,4000100,45578,45578,4400000,4400000
3,11,4400000,4400100,45578,45578,4800000,4800000
3,12,4800000,4800100,45578,45578,5200000,5200000
3,13,5200000,5200100,45578,45578,5600000,5600000
3,14,5600000,5600100,45578,45578,6000000,6000000
3,15,6000000,6000100,45578,45578,6400000,6400000
3,16,6400000,6400100,45578,45578,6800000,6800000
3,17,6800000,6800100,45578,45578,7200000,7200000
3,18,7200000,7200100,45578,45578,7600000,7600000
3,19,7600000,7600100,45578,45578,8000000,8000000
3,20,8000000,8000100,45578,45578,8400000,8400000
3,21,8400000,8400100,45578,45578,8800000,8800000
3,22,8800000,8800100,45578,45578,9200000,9200000
3,23,9200000,9200100,45578,45578,9600000,9600000
3,24,9600000,9600100,45578,45578,10000000,10000000
3,25,10000000,10000100,45578,45578,10400000,10400000
3,26,10400000,10400100,45578,45578,10800000,10800000
3,27,10800000,10800100,45578,45578,11200000,11200000
3,28,11200000,11200100,45578,45578,11600000,11600000
3,29,11600000,11600100,45578,45578,12000000,12000000
3,30,12000000,12000100,45578,45578,12400000,12400000
3,31,12400000,12400100,45578,45578,12800000,12800000
3,32,12800000,12800100,45578,45578,13200000,13200000
3,33,13200000,13200100,45578,45578,13600000,13600000
3,34,13600000,13600100,45578,45578,14000000,14000000
3,35,14000000,14000100,45578,45578,14400000,14400000
3,36,14400000,14400100,45578,45578,14800000,14800000
3,37,14800000,14800100,45578,45578,15200000,15200000
3,38,15200000,15200100,45578,45578,15600000,15600000
3,39,15600000,15600100,45578,45578,16000000,16000000
3,40,16000000,16000100,45578,45578,16400000,16400000
3,41,16400000,16400100,45578,45578,16800000,16800000
3,42,16800000,16800100,45578,45578,17200000,17200000
3,43,17200000,17200100,45578,45578,17600000,17600000
3,44,17600000,17600100,45578,45578,18000000,18000000
3,45,18000000,18000100,45578,45578,18400000,18400000
3,46,18400000,18400100,45578,45578,18800000,18800000
3,47,18800000,18800100,45578,45578,19200000,19200000
3,48,19200000,19200100,45578,45578,19600000,19600000
3,49,19600000,19600100,45578,45578,20000000,20000000
3,50,20000000,20000100,45578,45578,20400000,20400000
3,51,20400000,20400100,45578,45578,20800000,20800000
3,52,20800000,20800100,45578,45578,21200000,21200000
3,53,21200000,21200100,45578,45578,21600000,21600000
3,54,21600000,21600100,45578,45578,22000000,22000000
3,55,22000000,22000100,45578,45578,22400000,22400000
3,56,22400000,22400100,45578,45578,22800000,22800000
3,57,22800000,22800100,45578,45578,23200000,23200000
3,58,23200000,23200100,45578,45578,23600000,23600000
3,59,23600000,23600100,45578,45578,24000000,24000000
3,60,24000000,24000100,45578,45578,24400000,24400000
3,61,24400000,24400100,45578,45578,24800000,24800000
3,62,24800000,24800100,45578,45578,25200000,25200000
3,63,25200000,25200100,45578,45578,25600000,25600000
3,64,25600000,25600100,45578,45578,26000000,26000000
3,65,26000000,26000100,45578,45578,26400000,26400000
3,66,26400000,26400100,45578,45578,26800000,26800000
3,67,26800000,26800100,45578,45578,27200000,27200000
3,68,27200000,27200100,45578,45578,27600000,27600000
3,69,27600000,27600100,45578,45578,28000000,28000000
3,70,28000000,28000100,45578,45578,28400000,28400000
3,71,28400000,28400100,45578,45578,28800000,28800000
3,72,28800000,28800100,45578,45578,29200000,29200000
3,73,29200000,29200100,45578,45578,29600000,29600000
3,74,29600000,29600100,45578,45578,30000000,30000000
3,75,30000000,30000100,45578,45578,30400000,30400000
3,76,30400000,30400100,45578,45578,30800000,30800000
3,77,30800000,30800100,45578,45578,31200000,31200000
3,78,31200000,31200100,45578,45578,31600000,31600000
3,79,31600000,31600100,45578,45578,32000000,32000000
3,80,32000000,32000100,45578,45578,32400000,32400000
3,81,32400000,32400100,45578,45578,32800000,32800000
3,82,32800000,32800100,45578,45578,33200000,33200000
3,83,33200000,33200100,45578,45578,33600000,33600000
3,84,33600000,33600100,45578,45578,34000000,34000000
3,85,34000000,34000100,45578,45578,34400000,34400000
3,86,34400000,34400100,45578,45578,34800000,34800000
3,87,34800000,34800100,45578,45578,35200000,35200000
3,88,35200000,35200100,45578,45578,35600000,35600000
3,89,35600000,35600100,45578,45578,36000000,36000000
3,90,36000000,36000100,45578,45578,36400000,36400000
3,91,36400000,36400100,45578,45578,36800000,36800000
3,92,36800000,36800100,45578,45578,37200000,37200000
3,93,37200000,37200100,45578,45578,37600000,37600000
3,94,37600000,37600100,45578,45578,38000000,38000000
3,95,38000000,38000100,45578,45578,38400000,38400000
3,96,38400000,38400100,45578,45578,38800000,38800000
3,97,38800000,38800100,45578,45578,39200000,39200000
3,98,39200000,39200100,45578,45578,39600000,39600000
3,99,39600000,39600100,45578,45578,40000000,40000000
3,100,40000000,40000100,45578,45578,40400000,40400000
3,101,40400000,40400100,45578,45578,40800000,40800000
3,102,40800000,40800100,45578,45578,41200000,41200000
3,103,41200000,41200100,45578,45578,41600000,41600000
3,104,41600000,41600100,45578,45578,42000000,42000000
3,105,42000000,42000100,45578,45578,42400000,42400000
3,106,42400000,42400100,45578,45578,42800000,42800000
3,107,42800000,42800100,45578,45578,43200000,43200000
3,108,43200000,43200100,45578,45578,43600000,43600000
3,109,43600000,43600100,45578,45578,44000000,44000000
3,110,44000000,44000100,45578,45578,44400000,44400000
3,111,44400000,44400100,45578,45578,44800000,44800000
3,112,44800000,44800100,45578,45578,45200000,45200000
3,113,45200000,45200100,45578,45578,45600000,45600000
3,114,45600000,45600100,45578,45578,46000000,46000000
3,115,46000000,46000100,45578,45578,46400000,46400000
3,116,46400000,46400100,45578,45578,46800000,46800000
3,117,46800000,46800100,45578,45578,47200000,47200000
3,118,47200000,47200100,45578,45578,47600000,47600000
3,119,47600000,47600100,45578,45578,48000000,48000000
3,120,48000000,48000100,45578,45578,48400000,48400000
3,121,48400000,48400100,45578,45578,48800000,48800000
3,122,48800000,48800100,45578,45578,49200000,49200000
3,123,49200000,49200100,45578,45578,49600000,49600000
3,124,49600000,49600100,45578,45578,50000000,50000000
3,125,50000000,50000100,45578,45578,50400000,50400000
3,126,50400000,50400100,45578,45578,50800000,50800000
3,127,50800000,50800100,45578,45578,51200000,51200000
3,128,51200000,51200100,45578,45578,51600000,51600000
3,129,51600000,51600100,45578,45578,52000000,52000000
3,130,52000000,52000100,45578,45578,52400000,52400000
3,131,52400000,52400100,45578,45578,52800000,52800000
3,132,52800000,52800100,45578,45578,53200000,53200000
3,133,53200000,53200100,45578,45578,53600000,53600000
3,134,53600000,53600100,45578,45578,54000000,54000000
3,135,54000000,54000100,45578,45578,54400000,54400000
3,136,54400000,54400100,45578,45578,54800000,54800000
3,137,54800000,54800100,45578,45578,55200000,55200000
3,138,55200000,55200100,45578,45578,55600000,55600000
3,139,55600000,55600100,45578,45578,56000000,56000000
3,140,56000000,56000100,45578,45578,56400000,56400000
3,141,56400000,56400100,45578,45578,56800000,56800000
3,142,56800000,56800100,45578,45578,57200000,57200000
3,143,57200000,57200100,45578,45578,57600000,57600000
3,144,57600000,57600100,45578,45578,58000000,58000000
3,145,58000000,58000100,45578,45578,58400000,58400000
3,146,58400000,58400100,45578,45578,58800000,58800000
3,147,58800000,58800100,45578,45578,59200000,59200000
3,148,59200000,59200100,45578,45578,59600000,59600000
3,149,59600000,59600100,45578,45578,60000000,60000000
3,150,60000000,60000100,45578,45578,60400000,60400000
3,151,60400000,60400100,45578,45578,60800000,60800000
3,152,60800000,60800100,45578,45578,61200000,61200000
3,153,61200000,61200100,45578,45578,61600000,61600000
3,154,61600000,61600100,45578,45578,62000000,62000000
3,155,62000000,62000100,45578,45578,62400000,62400000
3,156,62400000,62400100,45578,45578,62800000,62800000
3,157,62800000,62800100,45578,45578,63200000,63200000
3,158,63200000,63200100,45578,45578,63600000,63600000
3,159,63600000,63600100,45578,45578,64000000,64000000
3,160,64000000,64000100,45578,45578,64400000,64400000
3,161,64400000,64400100,45578,45578,64800000,64800000
3,162,64800000,64800100,45578,45578,65200000,65200000
3,163,65200000,65200100,45578,45578,65600000,65600000
3,164,65600000,65600100,45578,45578,66000000,66000000
3,165,66000000,66000100,45578,45578,66400000,66400000
3,166,66400000,66400100,45578,45578,66800000,66800000
3,167,66800000,66800100,45578,45578,67200000,67200000
3,168,67200000,67200100,45578,45578,67600000,67600000
3,169,67600000,67600100,45578,45578,68000000,68000000
3,170,68000000,68000100,45578,45578,68400000,68400000
3,171,68400000,68400100,45578,45578,68800000,68800000
3,172,68800000,68800100,45578,45578,69200000,69200000
3,173,69200000,69200100,45578,45578,69600000,69600000
3,174,69600000,69600100,45578,45578,70000000,70000000
3,175,70000000,70000100,45578,45578,70400000,70400000
3,176,70400000,70400100,45578,45578,70800000,70800000
3,177,70800000,70800100,45578,45578,71200000,71200000
3,178,71200000,71200100,45578,45578,71600000,71600000
3,179,71600000,71600100,45578,45578,72000000,72000000
3,180,72000000,72000100,45578,45578,72400000,72400000
3,181,72400000,72400100,45578,45578,72800000,72800000
3,182,72800000,72800100,45578,45578,73200000,73200000
3,183,73200000,73200100,45578,45578,73600000,73600000
3,184,73600000,73600100,45578,45578,74000000,74000000
3,185,74000000,74000100,45578,45578,74400000,74400000
3,186,74400000,74400100,45578,45578,74800000,74800000
3,187,74800000,74800100,45578,45578,75200000,75200000
3,188,75200000,75200100,45578,45578,75600000,75600000
3,189,75600000,75600100,45578,45578,76000000,76000000
3,190,76000000,76000100,45578,45578,76400000,76400000
3,191,76400000,76400100,45578,45578,76800000,76800000
3,192,76800000,76800100,45578,45578,77200000,77200000
3,193,77200000,77200100,45578,45578,77600000,77600000
3,194,77600000,77600100,45578,45578,78000000,78000000
3,195,78000000,78000100,45578,45578,78400000,78400000
3,196,78400000,78400100,45578,45578,78800000,78800000
3,197,78800000,78800100,45578,45578,79200000,79200000
3,198,79200000,79200100,45578,45578,79600000,79600000
3,199,79600000,79600100,45578,45578,80000000,80000000
3,200,80000000,80000100,45578,45578,80400000,80400000
3,201,80400000,80400100,45578,45578,80800000,80800000
3,202,80800000,80800100,45578,45578,81200000,81200000
3,203,81200000,81200100,45578,45578,81600000,81600000
3,204,81600000,81600100,45578,45578,82000000,82000000
3,205,82000000,82000100,45578,45578,82400000,82400000
3,206,82400000,82400100,45578,45578,82800000,82800000
3,207,82800000,82800100,45578,45578,83200000,83200000
3,208,83200000,83200100,45578,45578,83600000,83600000
3,209,83600000,83600100,45578,45578,84000000,84000000
3,210,84000000,84000100,45578,45578,84400000,84400000
3,211,84400000,84400100,45578,45578,84800000,84800000
3,212,84800000,84800100,45578,45578,85200000,85200000
3,213,85200000,85200100,45578,45578,85600000,85600000
3,214,85600000,85600100,45578,45578,86000000,86000000
3,215,86000000,86000100,45578,45578,86400000,86400000
3,216,86400000,86400100,45578,45578,86800000,86800000
3,217,86800000,86800100,45578,45578,87200000,87200000
3,218,87200000,87200100,45578,45578,87600000,87600000
3,219,87600000,87600100,45578,45578,88000000,88000000
3,220,88000000,88000100,45578,45578,88400000,88400000
3,221,88400000,88400100,45578,45578,88800000,88800000
3,222,88800000,88800100,45578,45578,89200000,89200000
3,223,89200000,89200100,45578,45578,89600000,89600000
3,224,89600000,89600100,45578,45578,90000000,90000000
3,225,90000000,90000100,45578,45578,90400000,90400000
3,226,90400000,90400100,45578,45578,90800000,90800000
3,227,90800000,90800100,45578,45578,91200000,91200000
3,228,91200000,91200100,45578,45578,91600000,91600000
3,229,91600000,91600100,45578,45578,92000000,92000000
3,230,92000000,92000100,45578,45578,92400000,92400000
3,231,92400000,92400100,45578,45578,92800000,92800000
3,232,92800000,92800100,45578,45578,93200000,93200000
3,233,93200000,93200100,45578,45578,93600000,93600000
3,234,93600000,93600100,45578,45578,94000000,94000000
3,235,94000000,94000100,45578,45578,94400000,94400000
3,236,94400000,94400100,45578,45578,94800000,94800000
3,237,94800000,94800100,45578,45578,95200000,95200000
3,238,95200000,95200100,45578,45578,95600000,95600000
3,239,95600000,95600100,45578,45578,96000000,96000000
3,240,96000000,96000100,45578,45578,96400000,96400000
3,241,96400000,96400100,45578,45578,96800000,96800000
3,242,96800000,96800100,45578,45578,97200000,97200000
3,243,97200000,97200100,45578,45578,97600000,97600000
3,244,97600000,97600100,45578,45578,98000000,98000000
3,245,98000000,98000100,45578,45578,98400000,98400000
3,246,98400000,98400100,45578,45578,98800000,98800000
3,247,98800000,98800100,45578,45578,99200000,99200000
3,248,99200000,99200100,45578,45578,99600000,99600000
3,249,99600000,99600100,45578,45578,100000000,100000000
3,250,100000000,100000100,45578,45578,100400000,100400000
3,251,100400000,100400100,45578,45578,100800000,100800000
3,252,100800000,100800100,45578,45578,101200000,101200000
3,253,101200000,101200100,45578,45578,101600000,101600000
3,254,101600000,101600100,45578,45578,102000000,102000000
3,255,102000000,102000100,45578,45578,102400000,102400000
3,256,102400000,102400100,45578,45578,102800000,102800000
3,257,102800000,102800100,45578,45578,103200000,103200000
3,258,103200000,103200100,45578,45578,103600000,103600000
3,259,103600000,103600100,45578,45578,104000000,104000000
3,260,104000000,104000100,45578,45578,104400000,104400000
3,261,104400000,104400100,45578,45578,104800000,104800000
3,262,104800000,104800100,45578,45578,105200000,105200000
3,263,105200000,105200100,45578,45578,105600000,105600000
3,264,105600000,105600100,45578,45578,106000000,106000000
3,265,106000000,106000100,45578,45578,106400000,106400000
3,266,106400000,106400100,45578,45578,106800000,106800000
3,267,106800000,106800100,45578,45578,107200000,107200000
3,268,107200000,107200100,45578,45578,107600000,107600000
3,269,107600000,107600100,45578,45578,108000000,108000000
3,270,108000000,108000100,45578,45578,108400000,108400000
3,271,108400000,108400100,45578,45578,108800000,108800000
3,272,108800000,108800100,45578,45578,109200000,109200000
3,273,109200000,109200100,45578,45578,109600000,109600000
3,274,109600000,109600100,45578,45578,110000000,110000000
3,275,110000000,110000100,45578,45578,110400000,110400000
3,276,110400000,110400100,45578,45578,110800000,110800000
3,277,110800000,110800100,45578,45578,111200000,111200000
3,278,111200000,111200100,45578,45578,111600000,111600000
3,279,111600000,111600100,45578,45578,112000000,112000000
3,280,112000000,112000100,45578,45578,112400000,112400000
3,281,112400000,112400100,45578,45578,112800000,112800000
3,282,112800000,112800100,45578,45578,113200000,113200000
3,283,113200000,113200100,45578,45578,113600000,113600000
3,284,113600000,113600100,45578,45578,114000000,114000000
3,285,114000000,114000100,45578,45578,114400000,114400000
3,286,114400000,114400100,45578,45578,114800000,114800000
3,287,114800000,114800100,45578,45578,115200000,115200000
3,288,115200000,115200100,45578,45578,115600000,115600000
3,289,115600000,115600100,45578,45578,116000000,116000000
3,290,116000000,116000100,45578,45578,116400000,116400000
3,291,116400000,116400100,45578,45578,116800000,116800000
3,292,116800000,116800100,45578,45578,117200000,117200000
3,293,117200000,117200100,45578,45578,117600000,117600000
3,294,117600000,117600100,45578,45578,118000000,118000000
3,295,118000000,118000100,45578,45578,118400000,118400000
3,296,118400000,118400100,45578,45578,118800000,118800000
3,297,118800000,118800100,45578,45578,119200000,119200000
3,298,119200000,119200100,45578,45578,119600000,119600000
3,299,119600000,119600100,45578,45578,120000000,120000000
3,300,120000000,120000100,45578,45578,120400000,120400000
3,301,120400000,120400100,45578,45578,120800000,120800000
3,302,120800000,120800100,45578,45578,121200000,121200000
3,303,121200000,121200100,45578,45578,121600000,121600000
3,304,121600000,121600100,45578,45578,122000000,122000000
3,305,122000000,122000100,45578,45578,122400000,122400000
3,306,122400000,122400100,45578,45578,122800000,122800000
3,307,122800000,122800100,45578,45578,123200000,123200000
3,308,123200000,123200100,45578,45578,123600000,123600000
3,309,123600000,123600100,45578,45578,124000000,124000000
3,310,124000000,124000100,45578,45578,124400000,124400000
3,311,124400000,124400100,45578,45578,124800000,124800000
3,312,124800000,124800100,45578,45578,125200000,125200000
3,313,125200000,125200100,45578,45578,125600000,125600000
3,314,125600000,125600100,45578,45578,126000000,126000000
3,315,126000000,126000100,45578,45578,126400000,126400000
3,316,126400000,126400100,45578,45578,126800000,126800000
3,317,126800000,126800100,45578,45578,127200000,127200000
3,318,127200000,127200100,45578,45578,127600000,127600000
3,319,127600000,127600100,45578,45578,128000000,128000000
3,320,128000000,128000100,45578,45578,128400000,128400000
3,321,128400000,128400100,45578,45578,128800000,128800000
3,322,128800000,128800100,45578,45578,129200000,129200000
3,323,129200000,129200100,45578,45578,129600000,129600000
3,324,129600000,129600100,45578,45578,130000000,130000000
3,325,130000000,130000100,45578,45578,130400000,130400000
3,326,130400000,130400100,45578,45578,130800000,130800000
3,327,130800000,130800100,45578,45578,131200000,131200000
3,328,131200000,131200100,45578,45578,131600000,131600000
3,329,131600000,131600100,45578,45578,132000000,132000000
3,330,132000000,132000100,45578,45578,132400000,132400000
3,331,132400000,132400100,45578,45578,132800000,132800000
3,332,132800000,132800100,45578,45578,133200000,133200000
3,333,133200000,133200100,45578,45578,133600000,133600000
3,334,133600000,133600100,45578,45578,134000000,134000000
3,335,134000000,134000100,45578,45578,134400000,134400000
3,336,134400000,134400100,45578,45578,134800000,134800000
3,337,134800000,134800100,45578,45578,135200000,135200000
3,338,135200000,135200100,45578,45578,135600000,135600000
3,339,135600000,135600100,45578,45578,136000000,136000000
3,340,136000000,136000100,45578,45578,136400000,136400000
3,341,136400000,136400100,45578,45578,136800000,136800000
3,342,136800000,136800100,45578,45578,137200000,137200000
3,343,137200000,137200100,45578,45578,137600000,137600000
3,344,137600000,137600100,45578,45578,138000000,138000000
3,345,138000000,138000100,45578,45578,138400000,138400000
3,346,138400000,138400100,45578,45578,138800000,138800000
3,347,138800000,138800100,45578,45578,139200000,139200000
3,348,139200000,139200100,45578,45578,139600000,139600000
3,349,139600000,139600100,45578,45578,140000000,140000000
3,350,140000000,140000100,45578,45578,140400000,140400000
3,351,140400000,140400100,45578,45578,140800000,140800000
3,352,140800000,140800100,45578,45578,141200000,141200000
3,353,141200000,141200100,45578,45578,141600000,141600000
3,354,141600000,141600100,45578,45578,142000000,142000000
3,355,142000000,142000100,45578,45578,142400000,142400000
3,356,142400000,142400100,45578,45578,142800000,142800000
3,357,142800000,142800100,45578,45578,143200000,143200000
3,358,143200000,143200100,45578,45578,143600000,143600000
3,359,143600000,143600100,45578,45578,144000000,144000000
3,360,144000000,144000100,45578,45578,144400000,144400000
3,361,144400000,144400100,45578,45578,144800000,144800000
3,362,144800000,144800100,45578,45578,145200000,145200000
3,363,145200000,145200100,45578,45578,145600000,145600000
3,364,145600000,145600100,45578,45578,146000000,146000000
3,365,146000000,146000100,45578,45578,146400000,146400000
3,366,146400000,146400100,45578,45578,146800000,146800000
3,367,146800000,146800100,45578,45578,147200000,147200000
3,368,147200000,147200100,45578,45578,147600000,147600000
3,369,147600000,147600100,45578,45578,148000000,148000000
3,370,148000000,148000100,45578,45578,148400000,148400000
3,371,148400000,148400100,45578,45578,148800000,148800000
3,372,148800000,148800100,45578,45578,149200000,149200000
3,373,149200000,149200100,45578,45578,149600000,149600000
3,374,149600000,149600100,45578,45578,150000000,150000000
3,375,150000000,150000100,45578,45578,150400000,150400000
3,376,150400000,150400100,45578,45578,150800000,150800000
3,377,150800000,150800100,45578,45578,151200000,151200000
3,378,151200000,151200100,45578,45578,151600000,151600000
3,379,151600000,151600100,45578,45578,152000000,152000000
3,380,152000000,152000100,45578,45578,152400000,152400000
3,381,152400000,152400100,45578,45578,152800000,152800000
3,382,152800000,152800100,45578,45578,153200000,153200000
3,383,153200000,153200100,45578,45578,153600000,153600000
3,384,153600000,153600100,45578,45578,154000000,154000000
3,385,154000000,154000100,45578,45578,154400000,154400000
3,386,154400000,154400100,45578,45578,154800000,154800000
3,387,154800000,154800100,45578,45578,155200000,155200000
3,388,155200000,155200100,45578,45578,155600000,155600000
3,389,155600000,155600100,45578,45578,156000000,156000000
3,390,156000000,156000100,45578,45578,156400000,156400000
3,391,156400000,156400100,45578,45578,156800000,156800000
3,392,156800000,156800100,45578,45578,157200000,157200000
3,393,157200000,157200100,45578,45578,157600000,157600000
3,394,157600000,157600100,45578,45578,158000000,158000000
3,395,158000000,158000100,45578,45578,158400000,158400000
3,396,158400000,158400100,45578,45578,158800000,158800000
3,397,158800000,158800100,45578,45578,159200000,159200000
3,398,159200000,159200100,45578,45578,159600000,159600000
3,399,159600000,159600100,45578,45578,160000000,160000000
3,400,160000000,160000100,45578,45578,160400000,160400000
3,401,160400000,160400100,45578,45578,160800000,160800000
3,402,160800000,160800100,45578,45578,161200000,161200000
3,403,161200000,161200100,45578,45578,161600000,161600000
3,404,161600000,161600100,45578,45578,162000000,162000000
3,405,162000000,162000100,45578,45578,162400000,162400000
3,406,162400000,162400100,45578,45578,162800000,162800000
3,407,162800000,162800100,45578,45578,163200000,163200000
3,408,163200000,163200100,45578,45578,163600000,163600000
3,409,163600000,163600100,45578,45578,164000000,164000000
3,410,164000000,164000100,45578,45578,164400000,164400000
3,411,164400000,164400100,45578,45578,164800000,164800000
3,412,164800000,164800100,45578,45578,165200000,165200000
3,413,165200000,165200100,45578,45578,165600000,165600000
3,414,165600000,165600100,45578,45578,166000000,166000000
3,415,166000000,166000100,45578,45578,166400000,166400000
3,416,166400000,166400100,45578,45578,166800000,166800000
3,417,166800000,166800100,45578,45578,167200000,167200000
3,418,167200000,167200100,45578,45578,167600000,167600000
3,419,167600000,167600100,45578,45578,168000000,168000000
3,420,168000000,168000100,45578,45578,168400000,168400000
3,421,168400000,168400100,45578,45578,168800000,168800000
3,422,168800000,168800100,45578,45578,169200000,169200000
3,423,169200000,169200100,45578,45578,169600000,169600000
3,424,169600000,169600100,45578,45578,170000000,170000000
3,425,170000000,170000100,45578,45578,170400000,170400000
3,426,170400000,170400100,45578,45578,170800000,170800000
3,427,170800000,170800100,45578,45578,171200000,171200000
3,428,171200000,171200100,45578,45578,171600000,171600000
3,429,171600000,171600100,45578,45578,172000000,172000000
3,430,172000000,172000100,45578,45578,172400000,172400000
3,431,172400000,172400100,45578,45578,172800000,172800000
3,432,172800000,172800100,45578,45578,173200000,173200000
3,433,173200000,173200100,45578,45578,173600000,173600000
3,434,173600000,173600100,45578,45578,174000000,174000000
3,435,174000000,174000100,45578,45578,174400000,174400000
3,436,174400000,174400100,45578,45578,174800000,174800000
3,437,174800000,174800100,45578,45578,175200000,175200000
3,438,175200000,175200100,45578,45578,175600000,175600000
3,439,175600000,175600100,45578,45578,176000000,176000000
3,440,176000000,176000100,45578,45578,176400000,176400000
3,441,176400000,176400100,45578,45578,176800000,176800000
3,442,176800000,176800100,45578,45578,177200000,177200000
3,443,177200000,177200100,45578,45578,177600000,177600000
3,444,177600000,177600100,45578,45578,178000000,178000000
3,445,178000000,178000100,45578,45578,178400000,178400000
3,446,178400000,178400100,45578,45578,178800000,178800000
3,447,178800000,178800100,45578,45578,179200000,179200000
3,448,179200000,179200100,45578,45578,179600000,179600000
3,449,179600000,179600100,45578,45578,180000000,180000000
3,450,180000000,180000100,45578,45578,180400000,180400000
3,451,180400000,180400100,45578,45578,180800000,180800000
3,452,180800000,180800100,45578,45578,181200000,181200000
3,453,181200000,181200100,45578,45578,181600000,181600000
3,454,181600000,181600100,45578,45578,182000000,182000000
3,455,182000000,182000100,45578,45578,182400000,182400000
3,456,182400000,182400100,45578,45578,182800000,182800000
3,457,182800000,182800100,45578,45578,183200000,183200000
3,458,183200000,183200100,45578,45578,183600000,183600000
3,459,183600000,183600100,45578,45578,184000000,184000000
3,460,184000000,184000100,45578,45578,184400000,184400000
3,461,184400000,184400100,45578,45578,184800000,184800000
3,462,184800000,184800100,45578,45578,185200000,185200000
3,463,185200000,185200100,45578,45578,185600000,185600000
3,464,185600000,185600100,45578,45578,186000000,186000000
3,465,186000000,186000100,45578,45578,186400000,186400000
3,466,186400000,186400100,45578,45578,186800000,186800000
3,467,186800000,186800100,45578,45578,187200000,187200000
3,468,187200000,187200100,45578,45578,187600000,187600000
3,469,187600000,187600100,45578,45578,188000000,188000000
3,470,188000000,188000100,45578,45578,188400000,188400000
3,471,188400000,188400100,45578,45578,188800000,188800000
3,472,188800000,188800100,45578,45578,189200000,189200000
3,473,189200000,189200100,45578,45578,189600000,189600000
3,474,189600000,189600100,45578,45578,190000000,190000000
3,475,190000000,190000100,45578,45578,190400000,190400000
3,476,190400000,190400100,45578,45578,190800000,190800000
3,477,190800000,190800100,45578,45578,191200000,191200000
3,478,191200000,191200100,45578,45578,191600000,191600000
3,479,191600000,191600100,45578,45578,192000000,192000000
3,480,192000000,192000100,45578,45578,192400000,192400000
3,481,192400000,192400100,45578,45578,192800000,192800000
3,482,192800000,192800100,45578,45578,193200000,193200000
3,483,193200000,193200100,45578,45578,193600000,193600000
3,484,193600000,193600100,45578,45578,194000000,194000000
3,485,194000000,194000100,45578,45578,194400000,194400000
3,486,194400000,194400100,45578,45578,194800000,194800000
3,487,194800000,194800100,45578,45578,195200000,195200000
3,488,195200000,195200100,45578,45578,195600000,195600000
3,489,195600000,195600100,45578,45578,196000000,196000000
3,490,196000000,196000100,45578,45578,196400000,196400000
3,491,196400000,196400100,45578,45578,196800000,196800000
3,492,196800000,196800100,45578,45578,197200000,197200000
3,493,197200000,197200100,45578,45578,197600000,197600000
3,494,197600000,197600100,45578,45578,198000000,198000000
3,495,198000000,198000100,45578,45578,198400000,198400000
3,496,198400000,198400100,45578,45578,198800000,198800000
3,497,198800000,198800100,45578,45578,199200000,199200000
3,498,199200000,199200100,45578,45578,199600000,199600000
3,499,199600000,199600100,45578,45578,200000000,200000000
3,500,200000000,200000100,45578,45578,200400000,200400000
3,501,200400000,200400100,45578,45578,200800000,200800000
3,502,200800000,200800100,45578,45578,201200000,201200000
3,503,201200000,201200100,45578,45578,201600000,201600000
3,504,201600000,201600100,45578,45578,202000000,202000000
3,505,202000000,202000100,45578,45578,202400000,202400000
3,506,202400000,202400100,45578,45578,202800000,202800000
3,507,202800000,202800100,45578,45578,203200000,203200000
3,508,203200000,203200100,45578,45578,203600000,203600000
3,509,203600000,203600100,45578,45578,204000000,204000000
3,510,204000000,204000100,45578,45578,204400000,204400000
3,511,204400000,204400100,45578,45578,204800000,204800000
3,512,204800000,204800100,45578,45578,205200000,205200000
3,513,205200000,205200100,45578,45578,205600000,205600000
3,514,205600000,205600100,45578,45578,206000000,206000000
3,515,206000000,206000100,45578,45578,206400000,206400000
3,516,206400000,206400100,45578,45578,206800000,206800000
3,517,206800000,206800100,45578,45578,207200000,207200000
3,518,207200000,207200100,45578,45578,207600000,207600000
3,519,207600000,207600100,45578,45578,208000000,208000000
3,520,208000000,208000100,45578,45578,208400000,208400000
3,521,208400000,208400100,45578,45578,208800000,208800000
3,522,208800000,208800100,45578,45578,209200000,209200000
3,523,209200000,209200100,45578,45578,209600000,209600000
3,524,209600000,209600100,45578,45578,210000000,210000000
3,525,210000000,210000100,45578,45578,210400000,210400000
3,526,210400000,210400100,45578,45578,210800000,210800000
3,527,210800000,210800100,45578,45578,211200000,211200000
3,528,211200000,211200100,45578,45578,211600000,211600000
3,529,211600000,211600100,45578,45578,212000000,212000000
3,530,212000000,212000100,45578,45578,212400000,212400000
3,531,212400000,212400100,45578,45578,212800000,212800000
3,532,212800000,212800100,45578,45578,213200000,213200000
3,533,213200000,213200100,45578,45578,213600000,213600000
3,534,213600000,213600100,45578,45578,214000000,214000000
3,535,214000000,214000100,45578,45578,214400000,214400000
3,536,214400000,214400100,45578,45578,214800000,214800000
3,537,214800000,214800100,45578,45578,215200000,215200000
3,538,215200000,215200100,45578,45578,215600000,215600000
3,539,215600000,215600100,45578,45578,216000000,216000000
3,540,216000000,216000100,45578,45578,216400000,216400000
3,541,216400000,216400100,45578,45578,216800000,216800000
3,542,216800000,216800100,45578,45578,217200000,217200000
3,543,217200000,217200100,45578,45578,217600000,217600000
3,544,217600000,217600100,45578,45578,218000000,218000000
3,545,218000000,218000100,45578,45578,218400000,218400000
3,546,218400000,218400100,45578,45578,218800000,218800000
3,547,218800000,218800100,45578,45578,219200000,219200000
3,548,219200000,219200100,45578,45578,219600000,219600000
3,549,219600000,219600100,45578,45578,220000000,220000000
3,550,220000000,220000100,45578,45578,220400000,220400000
3,551,220400000,220400100,45578,45578,220800000,220800000
3,552,220800000,220800100,45578,45578,221200000,221200000
3,553,221200000,221200100,45578,45578,221600000,221600000
3,554,221600000,221600100,45578,45578,222000000,222000000
3,555,222000000,222000100,45578,45578,222400000,222400000
3,556,222400000,222400100,45578,45578,222800000,222800000
3,557,222800000,222800100,45578,45578,223200000,223200000
3,558,223200000,223200100,45578,45578,223600000,223600000
3,559,223600000,223600100,45578,45578,224000000,224000000
3,560,224000000,224000100,45578,45578,224400000,224400000
3,561,224400000,224400100,45578,45578,224800000,224800000
3,562,224800000,224800100,45578,45578,225200000,225200000
3,563,225200000,225200100,45578,45578,225600000,225600000
3,564,225600000,225600100,45578,45578,226000000,226000000
3,565,226000000,226000100,45578,45578,226400000,226400000
3,566,226400000,226400100,45578,45578,226800000,226800000
3,567,226800000,226800100,45578,45578,227200000,227200000
3,568,227200000,227200100,45578,45578,227600000,227600000
3,569,227600000,227600100,45578,45578,228000000,228000000
3,570,228000000,228000100,45578,45578,228400000,228400000
3,571,228400000,228400100,45578,45578,228800000,228800000
3,572,228800000,228800100,45578,45578,229200000,229200000
3,573,229200000,229200100,45578,45578,229600000,229600000
3,574,229600000,229600100,45578,45578,230000000,230000000
3,575,230000000,230000100,45578,45578,230400000,230400000
3,576,230400000,230400100,45578,45578,230800000,230800000
3,577,230800000,230800100,45578,45578,231200000,231200000
3,578,231200000,231200100,45578,45578,231600000,231600000
3,579,231600000,231600100,45578,45578,232000000,232000000
3,580,232000000,232000100,45578,45578,232400000,232400000
3,581,232400000,232400100,45578,45578,232800000,232800000
3,582,232800000,232800100,45578,45578,233200000,233200000
3,583,233200000,233200100,45578,45578,233600000,233600000
3,584,233600000,233600100,45578,45578,234000000,234000000
3,585,234000000,234000100,45578,45578,234400000,234400000
3,586,234400000,234400100,45578,45578,234800000,234800000
3,587,234800000,234800100,45578,45578,235200000,235200000
3,588,235200000,235200100,45578,45578,235600000,235600000
3,589,235600000,235600100,45578,45578,236000000,236000000
3,590,236000000,236000100,45578,45578,236400000,236400000
3,591,236400000,236400100,45578,45578,236800000,236800000
3,592,236800000,236800100,45578,45578,237200000,237200000
3,593,237200000,237200100,45578,45578,237600000,237600000
3,594,237600000,237600100,45578,45578,238000000,238000000
3,595,238000000,238000100,45578,45578,238400000,238400000
3,596,238400000,238400100,45578,45578,238800000,238800000
3,597,238800000,238800100,45578,45578,239200000,239200000
3,598,239200000,239200100,45578,45578,239600000,239600000
3,599,239600000,239600100,45578,45578,240000000,240000000
3,600,240000000,240000100,45578,45578,240400000,240400000
3,601,240400000,240400100,45578,45578,240800000,240800000
3,602,240800000,240800100,45578,45578,241200000,241200000
3,603,241200000,241200100,45578,45578,241600000,241600000
3,604,241600000,241600100,45578,45578,242000000,242000000
3,605,242000000,242000100,45578,45578,242400000,242400000
3,606,242400000,242400100,45578,45578,242800000,242800000
3,607,242800000,242800100,45578,45578,243200000,243200000
3,608,243200000,243200100,45578,45578,243600000,243600000
3,609,243600000,243600100,45578,45578,244000000,244000000
3,610,244000000,244000100,45578,45578,244400000,244400000
3,611,244400000,244400100,45578,45578,244800000,244800000
3,612,244800000,244800100,45578,45578,245200000,245200000
3,613,245200000,245200100,45578,45578,245600000,245600000
3,614,245600000,245600100,45578,45578,246000000,246000000
3,615,246000000,246000100,45578,45578,246400000,246400000
3,616,246400000,246400100,45578,45578,246800000,246800000
3,617,246800000,246800100,45578,45578,247200000,247200000
3,618,247200000,247200100,45578,45578,247600000,247600000
3,619,247600000,247600100,45578,45578,248000000,248000000
3,620,248000000,248000100,45578,45578,248400000,248400000
3,621,248400000,248400100,45578,45578,248800000,248800000
3,622,248800000,248800100,45578,45578,249200000,249200000
3,623,249200000,249200100,45578,45578,249600000,249600000
3,624,249600000,249600100,45578,45578,250000000,250000000
3,625,250000000,250000100,45578,45578,250400000,250400000
3,626,250400000,250400100,45578,45578,250800000,250800000
3,627,250800000,250800100,45578,45578,251200000,251200000
3,628,251200000,251200100,45578,45578,251600000,251600000
3,629,251600000,251600100,45578,45578,252000000,252000000
3,630,252000000,252000100,45578,45578,252400000,252400000
3,631,252400000,252400100,45578,45578,252800000,252800000
3,632,252800000,252800100,45578,45578,253200000,253200000
3,633,253200000,253200100,45578,45578,253600000,253600000
3,634,253600000,253600100,45578,45578,254000000,254000000
3,635,254000000,254000100,45578,45578,254400000,254400000
3,636,254400000,254400100,45578,45578,254800000,254800000
3,637,254800000,254800100,45578,45578,255200000,255200000
3,638,255200000,255200100,45578,45578,255600000,255600000
3,639,255600000,255600100,45578,45578,256000000,256000000
3,640,256000000,256000100,45578,45578,256400000,256400000
3,641,256400000,256400100,45578,45578,256800000,256800000
3,642,256800000,256800100,45578,45578,257200000,257200000
3,643,257200000,257200100,45578,45578,257600000,257600000
3,644,257600000,257600100,45578,45578,258000000,258000000
3,645,258000000,258000100,45578,45578,258400000,258400000
3,646,258400000,258400100,45578,45578,258800000,258800000
3,647,258800000,258800100,45578,45578,259200000,259200000
3,648,259200000,259200100,45578,45578,259600000,259600000
3,649,259600000,259600100,45578,45578,260000000,260000000
3,650,260000000,260000100,45578,45578,260400000,260400000
3,651,260400000,260400100,45578,45578,260800000,260800000
3,652,260800000,260800100,45578,45578,261200000,261200000
3,653,261200000,261200100,45578,45578,261600000,261600000
3,654,261600000,261600100,45578,45578,262000000,262000000
3,655,262000000,262000100,45578,45578,262400000,262400000
3,656,262400000,262400100,45578,45578,262800000,262800000
3,657,262800000,262800100,45578,45578,263200000,263200000
3,658,263200000,263200100,45578,45578,263600000,263600000
3,659,263600000,263600100,45578,45578,264000000,264000000
3,660,264000000,264000100,45578,45578,264400000,264400000
3,661,264400000,264400100,45578,45578,264800000,264800000
3,662,264800000,264800100,45578,45578,265200000,265200000
3,663,265200000,265200100,45578,45578,265600000,265600000
3,664,265600000,265600100,45578,45578,266000000,266000000
3,665,266000000,266000100,45578,45578,266400000,266400000
3,666,266400000,266400100,45578,45578,266800000,266800000
3,667,266800000,266800100,45578,45578,267200000,267200000
3,668,267200000,267200100,45578,45578,267600000,267600000
3,669,267600000,267600100,45578,45578,268000000,268000000
3,670,268000000,268000100,45578,45578,268400000,268400000
3,671,268400000,268400100,45578,45578,268800000,268800000
3,672,268800000,268800100,45578,45578,269200000,269200000
3,673,269200000,269200100,45578,45578,269600000,269600000
3,674,269600000,269600100,45578,45578,270000000,270000000
3,675,270000000,270000100,45578,45578,270400000,270400000
3,676,270400000,270400100,45578,45578,270800000,270800000
3,677,270800000,270800100,45578,45578,271200000,271200000
3,678,271200000,271200100,45578,45578,271600000,271600000
3,679,271600000,271600100,45578,45578,272000000,272000000
3,680,272000000,272000100,45578,45578,272400000,272400000
3,681,272400000,272400100,45578,45578,272800000,272800000
3,682,272800000,272800100,45578,45578,273200000,273200000
3,683,273200000,273200100,45578,45578,273600000,273600000
3,684,273600000,273600100,45578,45578,274000000,274000000
3,685,274000000,274000100,45578,45578,274400000,274400000
3,686,274400000,274400100,45578,45578,274800000,274800000
3,687,274800000,274800100,45578,45578,275200000,275200000
3,688,275200000,275200100,45578,45578,275600000,275600000
3,689,275600000,275600100,45578,45578,276000000,276000000
3,690,276000000,276000100,45578,45578,276400000,276400000
3,691,276400000,276400100,45578,45578,276800000,276800000
3,692,276800000,276800100,45578,45578,277200000,277200000
3,693,277200000,277200100,45578,45578,277600000,277600000
3,694,277600000,277600100,45578,45578,278000000,278000000
3,695,278000000,278000100,45578,45578,278400000,278400000
3,696,278400000,278400100,45578,45578,278800000,278800000
3,697,278800000,278800100,45578,45578,279200000,279200000
3,698,279200000,279200100,45578,45578,279600000,279600000
3,699,279600000,279600100,45578,45578,280000000,280000000
3,700,280000000,280000100,45578,45578,280400000,280400000
3,701,280400000,280400100,45578,45578,280800000,280800000
3,702,280800000,280800100,45578,45578,281200000,281200000
3,703,281200000,281200100,45578,45578,281600000,281600000
3,704,281600000,281600100,45578,45578,282000000,282000000
3,705,282000000,282000100,45578,45578,282400000,282400000
3,706,282400000,282400100,45578,45578,282800000,282800000
3,707,282800000,282800100,45578,45578,283200000,283200000
3,708,283200000,283200100,45578,45578,283600000,283600000
3,709,283600000,283600100,45578,45578,284000000,284000000
3,710,284000000,284000100,45578,45578,284400000,284400000
3,711,284400000,284400100,45578,45578,284800000,284800000
3,712,284800000,284800100,45578,45578,285200000,285200000
3,713,285200000,285200100,45578,45578,285600000,285600000
3,714,285600000,285600100,45578,45578,286000000,286000000
3,715,286000000,286000100,45578,45578,286400000,286400000
3,716,286400000,286400100,45578,45578,286800000,286800000
3,717,286800000,286800100,45578,45578,287200000,287200000
3,718,287200000,287200100,45578,45578,287600000,287600000
3,719,287600000,287600100,45578,45578,288000000,288000000
3,720,288000000,288000100,45578,45578,288400000,288400000
3,721,288400000,288400100,45578,45578,288800000,288800000
3,722,288800000,288800100,45578,45578,289200000,289200000
3,723,289200000,289200100,45578,45578,289600000,289600000
3,724,289600000,289600100,45578,45578,290000000,290000000
3,725,290000000,290000100,45578,45578,290400000,290400000
3,726,290400000,290400100,45578,45578,290800000,290800000
3,727,290800000,290800100,45578,45578,291200000,291200000
3,728,291200000,291200100,45578,45578,291600000,291600000
3,729,291600000,291600100,45578,45578,292000000,292000000
3,730,292000000,292000100,45578,45578,292400000,292400000
3,731,292400000,292400100,45578,45578,292800000,292800000
3,732,292800000,292800100,45578,45578,293200000,293200000
3,733,293200000,293200100,45578,45578,293600000,293600000
3,734,293600000,293600100,45578,45578,294000000,294000000
3,735,294000000,294000100,45578,45578,294400000,294400000
3,736,294400000,294400100,45578,45578,294800000,294800000
3,737,294800000,294800100,45578,45578,295200000,295200000
3,738,295200000,295200100,45578,45578,295600000,295600000
3,739,295600000,295600100,45578,45578,296000000,296000000
3,740,296000000,296000100,45578,45578,296400000,296400000
3,741,296400000,296400100,45578,45578,296800000,296800000
3,742,296800000,296800100,45578,45578,297200000,297200000
3,743,297200000,297200100,45578,45578,297600000,297600000
3,744,297600000,297600100,45578,45578,298000000,298000000
3,745,298000000,298000100,45578,45578,298400000,298400000
3,746,298400000,298400100,45578,45578,298800000,298800000
3,747,298800000,298800100,45578,45578,299200000,299200000
3,748,299200000,299200100,45578,45578,299600000,299600000
3,749,299600000,299600100,45578,45578,300000000,300000000
3,750,300000000,300000100,45578,45578,300400000,300400000
3,751,300400000,300400100,45578,45578,300800000,300800000
3,752,300800000,300800100,45578,45578,301200000,301200000
3,753,301200000,301200100,45578,45578,301600000,301600000
3,754,301600000,301600100,45578,45578,302000000,302000000
3,755,302000000,302000100,45578,45578,302400000,302400000
3,756,302400000,302400100,45578,45578,302800000,302800000
3,757,302800000,302800100,45578,45578,303200000,303200000
3,758,303200000,303200100,45578,45578,303600000,303600000
3,759,303600000,303600100,45578,45578,304000000,304000000
3,760,304000000,304000100,45578,45578,304400000,304400000
3,761,304400000,304400100,45578,45578,304800000,304800000
3,762,304800000,304800100,45578,45578,305200000,305200000
3,763,305200000,305200100,45578,45578,305600000,305600000
3,764,305600000,305600100,45578,45578,306000000,306000000
3,765,306000000,306000100,45578,45578,306400000,306400000
3,766,306400000,306400100,45578,45578,306800000,306800000
3,767,306800000,306800100,45578,45578,307200000,307200000
3,768,307200000,307200100,45578,45578,307600000,307600000
3,769,307600000,307600100,45578,45578,308000000,308000000
3,770,308000000,308000100,45578,45578,308400000,308400000
3,771,308400000,308400100,45578,45578,308800000,308800000
3,772,308800000,308800100,45578,45578,309200000,309200000
3,773,309200000,309200100,45578,45578,309600000,309600000
3,774,309600000,309600100,45578,45578,310000000,310000000
3,775,310000000,310000100,45578,45578,310400000,310400000
3,776,310400000,310400100,45578,45578,310800000,310800000
3,777,310800000,310800100,45578,45578,311200000,311200000
3,778,311200000,311200100,45578,45578,311600000,311600000
3,779,311600000,311600100,45578,45578,312000000,312000000
3,780,312000000,312000100,45578,45578,312400000,312400000
3,781,312400000,312400100,45578,45578,312800000,312800000
3,782,312800000,312800100,45578,45578,313200000,313200000
3,783,313200000,313200100,45578,45578,313600000,313600000
3,784,313600000,313600100,45578,45578,314000000,314000000
3,785,314000000,314000100,45578,45578,314400000,314400000
3,786,314400000,314400100,45578,45578,314800000,314800000
3,787,314800000,314800100,45578,45578,315200000,315200000
3,788,315200000,315200100,45578,45578,315600000,315600000
3,789,315600000,315600100,45578,45578,316000000,316000000
3,790,316000000,316000100,45578,45578,316400000,316400000
3,791,316400000,316400100,45578,45578,316800000,316800000
3,792,316800000,316800100,45578,45578,317200000,317200000
3,793,317200000,317200100,45578,45578,317600000,317600000
3,794,317600000,317600100,45578,45578,318000000,318000000
3,795,318000000,318000100,45578,45578,318400000,318400000
3,796,318400000,318400100,45578,45578,318800000,318800000
3,797,318800000,318800100,45578,45578,319200000,319200000
3,798,319200000,319200100,45578,45578,319600000,319600000
3,799,319600000,319600100,45578,45578,320000000,320000000
3,800,320000000,320000100,45578,45578,320400000,320400000
3,801,320400000,320400100,45578,45578,320800000,320800000
3,802,320800000,320800100,45578,45578,321200000,321200000
3,803,321200000,321200100,45578,45578,321600000,321600000
3,804,321600000,321600100,45578,45578,322000000,322000000
3,805,322000000,322000100,45578,45578,322400000,322400000
3,806,322400000,322400100,45578,45578,322800000,322800000
3,807,322800000,322800100,45578,45578,323200000,323200000
3,808,323200000,323200100,45578,45578,323600000,323600000
3,809,323600000,323600100,45578,45578,324000000,324000000
3,810,324000000,324000100,45578,45578,324400000,324400000
3,811,324400000,324400100,45578,45578,324800000,324800000
3,812,324800000,324800100,45578,45578,325200000,325200000
3,813,325200000,325200100,45578,45578,325600000,325600000
3,814,325600000,325600100,45578,45578,326000000,326000000
3,815,326000000,326000100,45578,45578,326400000,326400000
3,816,326400000,326400100,45578,45578,326800000,326800000
3,817,326800000,326800100,45578,45578,327200000,327200000
3,818,327200000,327200100,45578,45578,327600000,327600000
3,819,327600000,327600100,45578,45578,328000000,328000000
3,820,328000000,328000100,45578,45578,328400000,328400000
3,821,328400000,328400100,45578,45578,328800000,328800000
3,822,328800000,328800100,45578,45578,329200000,329200000
3,823,329200000,329200100,45578,45578,329600000,329600000
3,824,329600000,329600100,45578,45578,330000000,330000000
3,825,330000000,330000100,45578,45578,330400000,330400000
3,826,330400000,330400100,45578,45578,330800000,330800000
3,827,330800000,330800100,45578,45578,331200000,331200000
3,828,331200000,331200100,45578,45578,331600000,331600000
3,829,331600000,331600100,45578,45578,332000000,332000000
3,830,332000000,332000100,45578,45578,332400000,332400000
3,831,332400000,332400100,45578,45578,332800000,332800000
3,832,332800000,332800100,45578,45578,333200000,333200000
3,833,333200000,333200100,45578,45578,333600000,333600000
3,834,333600000,333600100,45578,45578,334000000,334000000
3,835,334000000,334000100,45578,45578,334400000,334400000
3,836,334400000,334400100,45578,45578,334800000,334800000
3,837,334800000,334800100,45578,45578,335200000,335200000
3,838,335200000,335200100,45578,45578,335600000,335600000
3,839,335600000,335600100,45578,45578,336000000,336000000
3,840,336000000,336000100,45578,45578,336400000,336400000
3,841,336400000,336400100,45578,45578,336800000,336800000
3,842,336800000,336800100,45578,45578,337200000,337200000
3,843,337200000,337200100,45578,45578,337600000,337600000
3,844,337600000,337600100,45578,45578,338000000,338000000
3,845,338000000,338000100,45578,45578,338400000,338400000
3,846,338400000,338400100,45578,45578,338800000,338800000
3,847,338800000,338800100,45578,45578,339200000,339200000
3,848,339200000,339200100,45578,45578,339600000,339600000
3,849,339600000,339600100,45578,45578,340000000,340000000
3,850,340000000,340000100,45578,45578,340400000,340400000
3,851,340400000,340400100,45578,45578,340800000,340800000
3,852,340800000,340800100,45578,45578,341200000,341200000
3,853,341200000,341200100,45578,45578,341600000,341600000
3,854,341600000,341600100,45578,45578,342000000,342000000
3,855,342000000,342000100,45578,45578,342400000,342400000
3,856,342400000,342400100,45578,45578,342800000,342800000
3,857,342800000,342800100,45578,45578,343200000,343200000
3,858,343200000,343200100,45578,45578,343600000,343600000
3,859,343600000,343600100,45578,45578,344000000,344000000
3,860,344000000,344000100,45578,45578,344400000,344400000
3,861,344400000,344400100,45578,45578,344800000,344800000
3,862,344800000,344800100,45578,45578,345200000,345200000
3,863,345200000,345200100,45578,45578,345600000,345600000
3,864,345600000,345600100,45578,45578,346000000,346000000
3,865,346000000,346000100,45578,45578,346400000,346400000
3,866,346400000,346400100,45578,45578,346800000,346800000
3,867,346800000,346800100,45578,45578,347200000,347200000
3,868,347200000,347200100,45578,45578,347600000,347600000
3,869,347600000,347600100,45578,45578,348000000,348000000
3,870,348000000,348000100,45578,45578,348400000,348400000
3,871,348400000,348400100,45578,45578,348800000,348800000
3,872,348800000,348800100,45578,45578,349200000,349200000
3,873,349200000,349200100,45578,45578,349600000,349600000
3,874,349600000,349600100,45578,45578,350000000,350000000
3,875,350000000,350000100,45578,45578,350400000,350400000
3,876,350400000,350400100,45578,45578,350800000,350800000
3,877,350800000,350800100,45578,45578,351200000,351200000
3,878,351200000,351200100,45578,45578,351600000,351600000
3,879,351600000,351600100,45578,45578,352000000,352000000
3,880,352000000,352000100,45578,45578,352400000,352400000
3,881,352400000,352400100,45578,45578,352800000,352800000
3,882,352800000,352800100,45578,45578,353200000,353200000
3,883,353200000,353200100,45578,45578,353600000,353600000
3,884,353600000,353600100,45578,45578,354000000,354000000
3,885,354000000,354000100,45578,45578,354400000,354400000
3,886,354400000,354400100,45578,45578,354800000,354800000
3,887,354800000,354800100,45578,45578,355200000,355200000
3,888,355200000,355200100,45578,45578,355600000,355600000
3,889,355600000,355600100,45578,45578,356000000,356000000
3,890,356000000,356000100,45578,45578,356400000,356400000
3,891,356400000,356400100,45578,45578,356800000,356800000
3,892,356800000,356800100,45578,45578,357200000,357200000
3,893,357200000,357200100,45578,45578,357600000,357600000
3,894,357600000,357600100,45578,45578,358000000,358000000
3,895,358000000,358000100,45578,45578,358400000,358400000
3,896,358400000,358400100,45578,45578,358800000,358800000
3,897,358800000,358800100,45578,45578,359200000,359200000
3,898,359200000,359200100,45578,45578,359600000,359600000
3,899,359600000,359600100,45578,45578,360000000,360000000
3,900,360000000,360000100,45578,45578,360400000,360400000
3,901,360400000,360400100,45578,45578,360800000,360800000
3,902,360800000,360800100,45578,45578,361200000,361200000
3,903,361200000,361200100,45578,45578,361600000,361600000
3,904,361600000,361600100,45578,45578,362000000,362000000
3,905,362000000,362000100,45578,45578,362400000,362400000
3,906,362400000,362400100,45578,45578,362800000,362800000
3,907,362800000,362800100,45578,45578,363200000,363200000
3,908,363200000,363200100,45578,45578,363600000,363600000
3,909,363600000,363600100,45578,45578,364000000,364000000
3,910,364000000,364000100,45578,45578,364400000,364400000
3,911,364400000,364400100,45578,45578,364800000,364800000
3,912,364800000,364800100,45578,45578,365200000,365200000
3,913,365200000,365200100,45578,45578,365600000,365600000
3,914,365600000,365600100,45578,45578,366000000,366000000
3,915,366000000,366000100,45578,45578,366400000,366400000
3,916,366400000,366400100,45578,45578,366800000,366800000
3,917,366800000,366800100,45578,45578,367200000,367200000
3,918,367200000,367200100,45578,45578,367600000,367600000
3,919,367600000,367600100,45578,45578,368000000,368000000
3,920,368000000,368000100,45578,45578,368400000,368400000
3,921,368400000,368400100,45578,45578,368800000,368800000
3,922,368800000,368800100,45578,45578,369200000,369200000
3,923,369200000,369200100,45578,45578,369600000,369600000
3,924,369600000,369600100,45578,45578,370000000,370000000
3,925,370000000,370000100,45578,45578,370400000,370400000
3,926,370400000,370400100,45578,45578,370800000,370800000
3,927,370800000,370800100,45578,45578,371200000,371200000
3,928,371200000,371200100,45578,45578,371600000,371600000
3,929,371600000,371600100,45578,45578,372000000,372000000
3,930,372000000,372000100,45578,45578,372400000,372400000
3,931,372400000,372400100,45578,45578,372800000,372800000
3,932,372800000,372800100,45578,45578,373200000,373200000
3,933,373200000,373200100,45578,45578,373600000,373600000
3,934,373600000,373600100,45578,45578,374000000,374000000
3,935,374000000,374000100,45578,45578,374400000,374400000
3,936,374400000,374400100,45578,45578,374800000,374800000
3,937,374800000,374800100,45578,45578,375200000,375200000
3,938,375200000,375200100,45578,45578,375600000,375600000
3,939,375600000,375600100,45578,45578,376000000,376000000
3,940,376000000,376000100,45578,45578,376400000,376400000
3,941,376400000,376400100,45578,45578,376800000,376800000
3,942,376800000,376800100,45578,45578,377200000,377200000
3,943,377200000,377200100,45578,45578,377600000,377600000
3,944,377600000,377600100,45578,45578,378000000,378000000
3,945,378000000,378000100,45578,45578,378400000,378400000
3,946,378400000,378400100,45578,45578,378800000,378800000
3,947,378800000,378800100,45578,45578,379200000,379200000
3,948,379200000,379200100,45578,45578,379600000,379600000
3,949,379600000,379600100,45578,45578,380000000,380000000
3,950,380000000,380000100,45578,45578,380400000,380400000
3,951,380400000,380400100,45578,45578,380800000,380800000
3,952,380800000,380800100,45578,45578,381200000,381200000
3,953,381200000,381200100,45578,45578,381600000,381600000
3,954,381600000,381600100,45578,45578,382000000,382000000
3,955,382000000,382000100,45578,45578,382400000,382400000
3,956,382400000,382400100,45578,45578,382800000,382800000
3,957,382800000,382800100,45578,45578,383200000,383200000
3,958,383200000,383200100,45578,45578,383600000,383600000
3,959,383600000,383600100,45578,45578,384000000,384000000
3,960,384000000,384000100,45578,45578,384400000,384400000
3,961,384400000,384400100,45578,45578,384800000,384800000
3,962,384800000,384800100,45578,45578,385200000,385200000
3,963,385200000,385200100,45578,45578,385600000,385600000
3,964,385600000,385600100,45578,45578,386000000,386000000
3,965,386000000,386000100,45578,45578,386400000,386400000
3,966,386400000,386400100,45578,45578,386800000,386800000
3,967,386800000,386800100,45578,45578,387200000,387200000
3,968,387200000,387200100,45578,45578,387600000,387600000
3,969,387600000,387600100,45578,45578,388000000,388000000
3,970,388000000,388000100,45578,45578,388400000,388400000
3,971,388400000,388400100,45578,45578,388800000,388800000
3,972,388800000,388800100,45578,45578,389200000,389200000
3,973,389200000,389200100,45578,45578,389600000,389600000
3,974,389600000,389600100,45578,45578,390000000,390000000
3,975,390000000,390000100,45578,45578,390400000,390400000
3,976,390400000,390400100,45578,45578,390800000,390800000
3,977,390800000,390800100,45578,45578,391200000,391200000
3,978,391200000,391200100,45578,45578,391600000,391600000
3,979,391600000,391600100,45578,45578,392000000,392000000
3,980,392000000,392000100,45578,45578,392400000,392400000
3,981,392400000,392400100,45578,45578,392800000,392800000
3,982,392800000,392800100,45578,45578,393200000,393200000
3,983,393200000,393200100,45578,45578,393600000,393600000
3,984,393600000,393600100,45578,45578,394000000,394000000
3,985,394000000,394000100,45578,45578,394400000,394400000
3,986,394400000,394400100,45578,45578,394800000,394800000
3,987,394800000,394800100,45578,45578,395200000,395200000
3,988,395200000,395200100,45578,45578,395600000,395600000
3,989,395600000,395600100,45578,45578,396000000,396000000
3,990,396000000,396000100,45578,45578,396400000,396400000
3,991,396400000,396400100,45578,45578,396800000,396800000
3,992,396800000,396800100,45578,45578,397200000,397200000
3,993,397200000,397200100,45578,45578,397600000,397600000
3,994,397600000,397600100,45578,45578,398000000,398000000
3,995,398000000,398000100,45578,45578,398400000,398400000
3,996,398400000,398400100,45578,45578,398800000,398800000
3,997,398800000,398800100,45578,45578,399200000,399200000
3,998,399200000,399200100,45578,45578,399600000,399600000
3,999,399600000,399600100,45578,45578,400000000,400000000
3,1000,400000000,400000100,45578,45578,400400000,400400000
3,1001,400400000,400400100,45578,45578,400800000,400800000
3,1002,400800000,400800100,45578,45578,401200000,401200000
3,1003,401200000,401200100,45578,45578,401600000,401600000
3,1004,401600000,401600100,45578,45578,402000000,402000000
3,1005,402000000,402000100,45578,45578,402400000,402400000
3,1006,402400000,402400100,45578,45578,402800000,402800000
3,1007,402800000,402800100,45578,45578,403200000,403200000
3,1008,403200000,403200100,45578,45578,403600000,403600000
3,1009,403600000,403600100,45578,45578,404000000,404000000
3,1010,404000000,404000100,45578,45578,404400000,404400000
3,1011,404400000,404400100,45578,45578,404800000,404800000
3,1012,404800000,404800100,45578,45578,405200000,405200000
3,1013,405200000,405200100,45578,45578,405600000,405600000
3,1014,405600000,405600100,45578,45578,406000000,406000000
3,1015,406000000,406000100,45578,45578,406400000,406400000
3,1016,406400000,406400100,45578,45578,406800000,406800000
3,1017,406800000,406800100,45578,45578,407200000,407200000
3,1018,407200000,407200100,45578,45578,407600000,407600000
3,1019,407600000,407600100,45578,45578,408000000,408000000
3,1020,408000000,408000100,45578,45578,408400000,408400000
3,1021,408400000,408400100,45578,45578,408800000,408800000
3,1022,408800000,408800100,45578,45578,409200000,409200000
3,1023,409200000,409200100,45578,45578,409600000,409600000
3,1024,409600000,409600100,45578,45578,410000000,410000000
3,1025,410000000,410000100,45578,45578,410400000,410400000
3,1026,410400000,410400100,45578,45578,410800000,410800000
3,1027,410800000,410800100,45578,45578,411200000,411200000
3,1028,411200000,411200100,45578,45578,411600000,411600000
3,1029,411600000,411600100,45578,45578,412000000,412000000
3,1030,412000000,412000100,45578,45578,412400000,412400000
3,1031,412400000,412400100,45578,45578,412800000,412800000
3,1032,412800000,412800100,45578,45578,413200000,413200000
3,1033,413200000,413200100,45578,45578,413600000,413600000
3,1034,413600000,413600100,45578,45578,414000000,414000000
3,1035,414000000,414000100,45578,45578,414400000,414400000
3,1036,414400000,414400100,45578,45578,414800000,414800000
3,1037,414800000,414800100,45578,45578,415200000,415200000
3,1038,415200000,415200100,45578,45578,415600000,415600000
3,1039,415600000,415600100,45578,45578,416000000,416000000
3,1040,416000000,416000100,45578,45578,416400000,416400000
3,1041,416400000,416400100,45578,45578,416800000,416800000
3,1042,416800000,416800100,45578,45578,417200000,417200000
3,1043,417200000,417200100,45578,45578,417600000,417600000
3,1044,417600000,417600100,45578,45578,418000000,418000000
3,1045,418000000,418000100,45578,45578,418400000,418400000
3,1046,418400000,418400100,45578,45578,418800000,418800000
3,1047,418800000,418800100,45578,45578,419200000,419200000
3,1048,419200000,419200100,45578,45578,419600000,419600000
3,1049,419600000,419600100,45578,45578,420000000,420000000
3,1050,420000000,420000100,45578,45578,420400000,420400000
3,1051,420400000,420400100,45578,45578,420800000,420800000
3,1052,420800000,420800100,45578,45578,421200000,421200000
3,1053,421200000,421200100,45578,45578,421600000,421600000
3,1054,421600000,421600100,45578,45578,422000000,422000000
3,1055,422000000,422000100,45578,45578,422400000,422400000
3,1056,422400000,422400100,45578,45578,422800000,422800000
3,1057,422800000,422800100,45578,45578,423200000,423200000
3,1058,423200000,423200100,45578,45578,423600000,423600000
3,1059,423600000,423600100,45578,45578,424000000,424000000
3,1060,424000000,424000100,45578,45578,424400000,424400000
3,1061,424400000,424400100,45578,45578,424800000,424800000
3,1062,424800000,424800100,45578,45578,425200000,425200000
3,1063,425200000,425200100,45578,45578,425600000,425600000
3,1064,425600000,425600100,45578,45578,426000000,426000000
3,1065,426000000,426000100,45578,45578,426400000,426400000
3,1066,426400000,426400100,45578,45578,426800000,426800000
3,1067,426800000,426800100,45578,45578,427200000,427200000
3,1068,427200000,427200100,45578,45578,427600000,427600000
3,1069,427600000,427600100,45578,45578,428000000,428000000
3,1070,428000000,428000100,45578,45578,428400000,428400000
3,1071,428400000,428400100,45578,45578,428800000,428800000
3,1072,428800000,428800100,45578,45578,429200000,429200000
3,1073,429200000,429200100,45578,45578,429600000,429600000
3,1074,429600000,429600100,45578,45578,430000000,430000000
3,1075,430000000,430000100,45578,45578,430400000,430400000
3,1076,430400000,430400100,45578,45578,430800000,430800000
3,1077,430800000,430800100,45578,45578,431200000,431200000
3,1078,431200000,431200100,45578,45578,431600000,431600000
3,1079,431600000,431600100,45578,45578,432000000,432000000
3,1080,432000000,432000100,45578,45578,432400000,432400000
3,1081,432400000,432400100,45578,45578,432800000,432800000
3,1082,432800000,432800100,45578,45578,433200000,433200000
3,1083,433200000,433200100,45578,45578,433600000,433600000
3,1084,433600000,433600100,45578,45578,434000000,434000000
3,1085,434000000,434000100,45578,45578,434400000,434400000
3,1086,434400000,434400100,45578,45578,434800000,434800000
3,1087,434800000,434800100,45578,45578,435200000,435200000
3,1088,435200000,435200100,45578,45578,435600000,435600000
3,1089,435600000,435600100,45578,45578,436000000,436000000
3,1090,436000000,436000100,45578,45578,436400000,436400000
3,1091,436400000,436400100,45578,45578,436800000,436800000
3,1092,436800000,436800100,45578,45578,437200000,437200000
3,1093,437200000,437200100,45578,45578,437600000,437600000
3,1094,437600000,437600100,45578,45578,438000000,438000000
3,1095,438000000,438000100,45578,45578,438400000,438400000
3,1096,438400000,438400100,45578,45578,438800000,438800000
3,1097,438800000,438800100,45578,45578,439200000,439200000
3,1098,439200000,439200100,45578,45578,439600000,439600000
3,1099,439600000,439600100,45578,45578,440000000,440000000
3,1100,440000000,440000100,45578,45578,440400000,440400000
3,1101,440400000,440400100,45578,45578,440800000,440800000
3,1102,440800000,440800100,45578,45578,441200000,441200000
3,1103,441200000,441200100,45578,45578,441600000,441600000
3,1104,441600000,441600100,45578,45578,442000000,442000000
3,1105,442000000,442000100,45578,45578,442400000,442400000
3,1106,442400000,442400100,45578,45578,442800000,442800000
3,1107,442800000,442800100,45578,45578,443200000,443200000
3,1108,443200000,443200100,45578,45578,443600000,443600000
3,1109,443600000,443600100,45578,45578,444000000,444000000
3,1110,444000000,444000100,45578,45578,444400000,444400000
3,1111,444400000,444400100,45578,45578,444800000,444800000
3,1112,444800000,444800100,45578,45578,445200000,445200000
3,1113,445200000,445200100,45578,45578,445600000,445600000
3,1114,445600000,445600100,45578,45578,446000000,446000000
3,1115,446000000,446000100,45578,45578,446400000,446400000
3,1116,446400000,446400100,45578,45578,446800000,446800000
3,1117,446800000,446800100,45578,45578,447200000,447200000
3,1118,447200000,447200100,45578,45578,447600000,447600000
3,1119,447600000,447600100,45578,45578,448000000,448000000
3,1120,448000000,448000100,45578,45578,448400000,448400000
3,1121,448400000,448400100,45578,45578,448800000,448800000
3,1122,448800000,448800100,45578,45578,449200000,449200000
3,1123,449200000,449200100,45578,45578,449600000,449600000
3,1124,449600000,449600100,45578,45578,450000000,450000000
3,1125,450000000,450000100,45578,45578,450400000,450400000
3,1126,450400000,450400100,45578,45578,450800000,450800000
3,1127,450800000,450800100,45578,45578,451200000,451200000
3,1128,451200000,451200100,45578,45578,451600000,451600000
3,1129,451600000,451600100,45578,45578,452000000,452000000
3,1130,452000000,452000100,45578,45578,452400000,452400000
3,1131,452400000,452400100,45578,45578,452800000,452800000
3,1132,452800000,452800100,45578,45578,453200000,453200000
3,1133,453200000,453200100,45578,45578,453600000,453600000
3,1134,453600000,453600100,45578,45578,454000000,454000000
3,1135,454000000,454000100,45578,45578,454400000,454400000
3,1136,454400000,454400100,45578,45578,454800000,454800000
3,1137,454800000,454800100,45578,45578,455200000,455200000
3,1138,455200000,455200100,45578,45578,455600000,455600000
3,1139,455600000,455600100,45578,45578,456000000,456000000
3,1140,456000000,456000100,45578,45578,456400000,456400000
3,1141,456400000,456400100,45578,45578,456800000,456800000
3,1142,456800000,456800100,45578,45578,457200000,457200000
3,1143,457200000,457200100,45578,45578,457600000,457600000
3,1144,457600000,457600100,45578,45578,458000000,458000000
3,1145,458000000,458000100,45578,45578,458400000,458400000
3,1146,458400000,458400100,45578,45578,458800000,458800000
3,1147,458800000,458800100,45578,45578,459200000,459200000
3,1148,459200000,459200100,45578,45578,459600000,459600000
3,1149,459600000,459600100,45578,45578,460000000,460000000
3,1150,460000000,460000100,45578,45578,460400000,460400000
3,1151,460400000,460400100,45578,45578,460800000,460800000
3,1152,460800000,460800100,45578,45578,461200000,461200000
3,1153,461200000,461200100,45578,45578,461600000,461600000
3,1154,461600000,461600100,45578,45578,462000000,462000000
3,1155,462000000,462000100,45578,45578,462400000,462400000
3,1156,462400000,462400100,45578,45578,462800000,462800000
3,1157,462800000,462800100,45578,45578,463200000,463200000
3,1158,463200000,463200100,45578,45578,463600000,463600000
3,1159,463600000,463600100,45578,45578,464000000,464000000
3,1160,464000000,464000100,45578,45578,464400000,464400000
3,1161,464400000,464400100,45578,45578,464800000,464800000
3,1162,464800000,464800100,45578,45578,465200000,465200000
3,1163,465200000,465200100,45578,45578,465600000,465600000
3,1164,465600000,465600100,45578,45578,466000000,466000000
3,1165,466000000,466000100,45578,45578,466400000,466400000
3,1166,466400000,466400100,45578,45578,466800000,466800000
3,1167,466800000,466800100,45578,45578,467200000,467200000
3,1168,467200000,467200100,45578,45578,467600000,467600000
3,1169,467600000,467600100,45578,45578,468000000,468000000
3,1170,468000000,468000100,45578,45578,468400000,468400000
3,1171,468400000,468400100,45578,45578,468800000,468800000
3,1172,468800000,468800100,45578,45578,469200000,469200000
3,1173,469200000,469200100,45578,45578,469600000,469600000
3,1174,469600000,469600100,45578,45578,470000000,470000000
3,1175,470000000,470000100,45578,45578,470400000,470400000
3,1176,470400000,470400100,45578,45578,470800000,470800000
3,1177,470800000,470800100,45578,45578,471200000,471200000
3,1178,471200000,471200100,45578,45578,471600000,471600000
3,1179,471600000,471600100,45578,45578,472000000,472000000
3,1180,472000000,472000100,45578,45578,472400000,472400000
3,1181,472400000,472400100,45578,45578,472800000,472800000
3,1182,472800000,472800100,45578,45578,473200000,473200000
3,1183,473200000,473200100,45578,45578,473600000,473600000
3,1184,473600000,473600100,45578,45578,474000000,474000000
3,1185,474000000,474000100,45578,45578,474400000,474400000
3,1186,474400000,474400100,45578,45578,474800000,474800000
3,1187,474800000,474800100,45578,45578,475200000,475200000
3,1188,475200000,475200100,45578,45578,475600000,475600000
3,1189,475600000,475600100,45578,45578,476000000,476000000
3,1190,476000000,476000100,45578,45578,476400000,476400000
3,1191,476400000,476400100,45578,45578,476800000,476800000
3,1192,476800000,476800100,45578,45578,477200000,477200000
3,1193,477200000,477200100,45578,45578,477600000,477600000
3,1194,477600000,477600100,45578,45578,478000000,478000000
3,1195,478000000,478000100,45578,45578,478400000,478400000
3,1196,478400000,478400100,45578,45578,478800000,478800000
3,1197,478800000,478800100,45578,45578,479200000,479200000
3,1198,479200000,479200100,45578,45578,479600000,479600000
3,1199,479600000,479600100,45578,45578,480000000,480000000
3,1200,480000000,480000100,45578,45578,480400000,480400000
3,1201,480400000,480400100,45578,45578,480800000,480800000
3,1202,480800000,480800100,45578,45578,481200000,481200000
3,1203,481200000,481200100,45578,45578,481600000,481600000
3,1204,481600000,481600100,45578,45578,482000000,482000000
3,1205,482000000,482000100,45578,45578,482400000,482400000
3,1206,482400000,482400100,45578,45578,482800000,482800000
3,1207,482800000,482800100,45578,45578,483200000,483200000
3,1208,483200000,483200100,45578,45578,483600000,483600000
3,1209,483600000,483600100,45578,45578,484000000,484000000
3,1210,484000000,484000100,45578,45578,484400000,484400000
3,1211,484400000,484400100,45578,45578,484800000,484800000
3,1212,484800000,484800100,45578,45578,485200000,485200000
3,1213,485200000,485200100,45578,45578,485600000,485600000
3,1214,485600000,485600100,45578,45578,486000000,486000000
3,1215,486000000,486000100,45578,45578,486400000,486400000
3,1216,486400000,486400100,45578,45578,486800000,486800000
3,1217,486800000,486800100,45578,45578,487200000,487200000
3,1218,487200000,487200100,45578,45578,487600000,487600000
3,1219,487600000,487600100,45578,45578,488000000,488000000
3,1220,488000000,488000100,45578,45578,488400000,488400000
3,1221,488400000,488400100,45578,45578,488800000,488800000
3,1222,488800000,488800100,45578,45578,489200000,489200000
3,1223,489200000,489200100,45578,45578,489600000,489600000
3,1224,489600000,489600100,45578,45578,490000000,490000000
3,1225,490000000,490000100,45578,45578,490400000,490400000
3,1226,490400000,490400100,45578,45578,490800000,490800000
3,1227,490800000,490800100,45578,45578,491200000,491200000
3,1228,491200000,491200100,45578,45578,491600000,491600000
3,1229,491600000,491600100,45578,45578,492000000,492000000
3,1230,492000000,492000100,45578,45578,492400000,492400000
3,1231,492400000,492400100,45578,45578,492800000,492800000
3,1232,492800000,492800100,45578,45578,493200000,493200000
3,1233,493200000,493200100,45578,45578,493600000,493600000
3,1234,493600000,493600100,45578,45578,494000000,494000000
4,0,0,100,184620,184620,650000,650000
4,1,650000,650100,184620,184620,1300000,1300000
4,2,1300000,1300100,184620,184620,1950000,1950000
4,3,1950000,1950100,184620,184620,2600000,2600000
4,4,2600000,2600100,184620,184620,3250000,3250000
4,5,3250000,3250100,184620,184620,3900000,3900000
4,6,3900000,3900100,184620,184620,4550000,4550000
4,7,4550000,4550100,184620,184620,5200000,5200000
4,8,5200000,5200100,184620,184620,5850000,5850000
4,9,5850000,5850100,184620,184620,6500000,6500000
4,10,6500000,6500100,184620,184620,7150000,7150000
4,11,7150000,7150100,184620,184620,7800000,7800000
4,12,7800000,7800100,184620,184620,8450000,8450000
4,13,8450000,8450100,184620,184620,9100000,9100000
4,14,9100000,9100100,184620,184620,9750000,9750000
4,15,9750000,9750100,184620,184620,10400000,10400000
4,16,10400000,10400100,184620,184620,11050000,11050000
4,17,11050000,11050100,184620,184620,11700000,11700000
4,18,11700000,11700100,184620,184620,12350000,12350000
4,19,12350000,12350100,184620,184620,13000000,13000000
4,20,13000000,13000100,184620,184620,13650000,13650000
4,21,13650000,13650100,184620,184620,14300000,14300000
4,22,14300000,14300100,184620,184620,14950000,14950000
4,23,14950000,14950100,184620,184620,15600000,15600000
4,24,15600000,15600100,184620,184620,16250000,16250000
4,25,16250000,16250100,184620,184620,16900000,16900000
4,26,16900000,16900100,184620,184620,17550000,17550000
4,27,17550000,17550100,184620,184620,18200000,18200000
4,28,18200000,18200100,184620,184620,18850000,18850000
4,29,18850000,18850100,184620,184620,19500000,19500000
4,30,19500000,19500100,184620,184620,20150000,20150000
4,31,20150000,20150100,184620,184620,20800000,20800000
4,32,20800000,20800100,184620,184620,21450000,21450000
4,33,21450000,21450100,184620,184620,22100000,22100000
4,34,22100000,22100100,184620,184620,22750000,22750000
4,35,22750000,22750100,184620,184620,23400000,23400000
4,36,23400000,23400100,184620,184620,24050000,24050000
4,37,24050000,24050100,184620,184620,24700000,24700000
4,38,24700000,24700100,184620,184620,25350000,25350000
4,39,25350000,25350100,184620,184620,26000000,26000000
4,40,26000000,26000100,184620,184620,26650000,26650000
4,41,26650000,26650100,184620,184620,27300000,27300000
4,42,27300000,27300100,184620,184620,27950000,27950000
4,43,27950000,27950100,184620,184620,28600000,28600000
4,44,28600000,28600100,184620,184620,29250000,29250000
4,45,29250000,29250100,184620,184620,29900000,29900000
4,46,29900000,29900100,184620,184620,30550000,30550000
4,47,30550000,30550100,184620,184620,31200000,31200000
4,48,31200000,31200100,184620,184620,31850000,31850000
4,49,31850000,31850100,184620,184620,32500000,32500000
4,50,32500000,32500100,184620,184620,33150000,33150000
4,51,33150000,33150100,184620,184620,33800000,33800000
4,52,33800000,33800100,184620,184620,34450000,34450000
4,53,34450000,34450100,184620,184620,35100000,35100000
4,54,35100000,35100100,184620,184620,35750000,35750000
4,55,35750000,35750100,184620,184620,36400000,36400000
4,56,36400000,36400100,184620,184620,37050000,37050000
4,57,37050000,37050100,184620,184620,37700000,37700000
4,58,37700000,37700100,184620,184620,38350000,38350000
4,59,38350000,38350100,184620,184620,39000000,39000000
4,60,39000000,39000100,184620,184620,39650000,39650000
4,61,39650000,39650100,184620,184620,40300000,40300000
4,62,40300000,40300100,184620,184620,40950000,40950000
4,63,40950000,40950100,184620,184620,41600000,41600000
4,64,41600000,41600100,184620,184620,42250000,42250000
4,65,42250000,42250100,184620,184620,42900000,42900000
4,66,42900000,42900100,184620,184620,43550000,43550000
4,67,43550000,43550100,184620,184620,44200000,44200000
4,68,44200000,44200100,184620,184620,44850000,44850000
4,69,44850000,44850100,184620,184620,45500000,45500000
4,70,45500000,45500100,184620,184620,46150000,46150000
4,71,46150000,46150100,184620,184620,46800000,46800000
4,72,46800000,46800100,184620,184620,47450000,47450000
4,73,47450000,47450100,184620,184620,48100000,48100000
4,74,48100000,48100100,184620,184620,48750000,48750000
4,75,48750000,48750100,184620,184620,49400000,49400000
4,76,49400000,49400100,184620,184620,50050000,50050000
4,77,50050000,50050100,184620,184620,50700000,50700000
4,78,50700000,50700100,184620,184620,51350000,51350000
4,79,51350000,51350100,184620,184620,52000000,52000000
4,80,52000000,52000100,184620,184620,52650000,52650000
4,81,52650000,52650100,184620,184620,53300000,53300000
4,82,53300000,53300100,184620,184620,53950000,53950000
4,83,53950000,53950100,184620,184620,54600000,54600000
4,84,54600000,54600100,184620,184620,55250000,55250000
4,85,55250000,55250100,184620,184620,55900000,55900000
4,86,55900000,55900100,184620,184620,56550000,56550000
4,87,56550000,56550100,184620,184620,57200000,57200000
4,88,57200000,57200100,184620,184620,57850000,57850000
4,89,57850000,57850100,184620,184620,58500000,58500000
4,90,58500000,58500100,184620,184620,59150000,59150000
4,91,59150000,59150100,184620,184620,59800000,59800000
4,92,59800000,59800100,184620,184620,60450000,60450000
4,93,60450000,60450100,184620,184620,61100000,61100000
4,94,61100000,61100100,184620,184620,61750000,61750000
4,95,61750000,61750100,184620,184620,62400000,62400000
4,96,62400000,62400100,184620,184620,63050000,63050000
4,97,63050000,63050100,184620,184620,63700000,63700000
4,98,63700000,63700100,184620,184620,64350000,64350000
4,99,64350000,64350100,184620,184620,65000000,65000000
4,100,65000000,65000100,184620,184620,65650000,65650000
4,101,65650000,65650100,184620,184620,66300000,66300000
4,102,66300000,66300100,184620,184620,66950000,66950000
4,103,66950000,66950100,184620,184620,67600000,67600000
4,104,67600000,67600100,184620,184620,68250000,68250000
4,105,68250000,68250100,184620,184620,68900000,68900000
4,106,68900000,68900100,184620,184620,69550000,69550000
4,107,69550000,69550100,184620,184620,70200000,70200000
4,108,70200000,70200100,184620,184620,70850000,70850000
4,109,70850000,70850100,184620,184620,71500000,71500000
4,110,71500000,71500100,184620,184620,72150000,72150000
4,111,72150000,72150100,184620,184620,72800000,72800000
4,112,72800000,72800100,184620,184620,73450000,73450000
4,113,73450000,73450100,184620,184620,74100000,74100000
4,114,74100000,74100100,184620,184620,74750000,74750000
4,115,74750000,74750100,184620,184620,75400000,75400000
4,116,75400000,75400100,184620,184620,76050000,76050000
4,117,76050000,76050100,184620,184620,76700000,76700000
4,118,76700000,76700100,184620,184620,77350000,77350000
4,119,77350000,77350100,184620,184620,78000000,78000000
4,120,78000000,78000100,184620,184620,78650000,78650000
4,121,78650000,78650100,184620,184620,79300000,79300000
4,122,79300000,79300100,184620,184620,79950000,79950000
4,123,79950000,79950100,184620,184620,80600000,80600000
4,124,80600000,80600100,184620,184620,81250000,81250000
4,125,81250000,81250100,184620,184620,81900000,81900000
4,126,81900000,81900100,184620,184620,82550000,82550000
4,127,82550000,82550100,184620,184620,83200000,83200000
4,128,83200000,83200100,184620,184620,83850000,83850000
4,129,83850000,83850100,184620,184620,84500000,84500000
4,130,84500000,84500100,184620,184620,85150000,85150000
4,131,85150000,85150100,184620,184620,85800000,85800000
4,132,85800000,85800100,184620,184620,86450000,86450000
4,133,86450000,86450100,184620,184620,87100000,87100000
4,134,87100000,87100100,184620,184620,87750000,87750000
4,135,87750000,87750100,184620,184620,88400000,88400000
4,136,88400000,88400100,184620,184620,89050000,89050000
4,137,89050000,89050100,184620,184620,89700000,89700000
4,138,89700000,89700100,184620,184620,90350000,90350000
4,139,90350000,90350100,184620,184620,91000000,91000000
4,140,91000000,91000100,184620,184620,91650000,91650000
4,141,91650000,91650100,184620,184620,92300000,92300000
4,142,92300000,92300100,184620,184620,92950000,92950000
4,143,92950000,92950100,184620,184620,93600000,93600000
4,144,93600000,93600100,184620,184620,94250000,94250000
4,145,94250000,94250100,184620,184620,94900000,94900000
4,146,94900000,94900100,184620,184620,95550000,95550000
4,147,95550000,95550100,184620,184620,96200000,96200000
4,148,96200000,96200100,184620,184620,96850000,96850000
4,149,96850000,96850100,184620,184620,97500000,97500000
4,150,97500000,97500100,184620,184620,98150000,98150000
4,151,98150000,98150100,184620,184620,98800000,98800000
4,152,98800000,98800100,184620,184620,99450000,99450000
4,153,99450000,99450100,184620,184620,100100000,100100000
4,154,100100000,100100100,184620,184620,100750000,100750000
4,155,100750000,100750100,184620,184620,101400000,101400000
4,156,101400000,101400100,184620,184620,102050000,102050000
4,157,102050000,102050100,184620,184620,102700000,102700000
4,158,102700000,102700100,184620,184620,103350000,103350000
4,159,103350000,103350100,184620,184620,104000000,104000000
4,160,104000000,104000100,184620,184620,104650000,104650000
4,161,104650000,104650100,184620,184620,105300000,105300000
4,162,105300000,105300100,184620,184620,105950000,105950000
4,163,105950000,105950100,184620,184620,106600000,106600000
4,164,106600000,106600100,184620,184620,107250000,107250000
4,165,107250000,107250100,184620,184620,107900000,107900000
4,166,107900000,107900100,184620,184620,108550000,108550000
4,167,108550000,108550100,184620,184620,109200000,109200000
4,168,109200000,109200100,184620,184620,109850000,109850000
4,169,109850000,109850100,184620,184620,110500000,110500000
4,170,110500000,110500100,184620,184620,111150000,111150000
4,171,111150000,111150100,184620,184620,111800000,111800000
4,172,111800000,111800100,184620,184620,112450000,112450000
4,173,112450000,112450100,184620,184620,113100000,113100000
4,174,113100000,113100100,184620,184620,113750000,113750000
4,175,113750000,113750100,184620,184620,114400000,114400000
4,176,114400000,114400100,184620,184620,115050000,115050000
4,177,115050000,115050100,184620,184620,115700000,115700000
4,178,115700000,115700100,184620,184620,116350000,116350000
4,179,116350000,116350100,184620,184620,117000000,117000000
4,180,117000000,117000100,184620,184620,117650000,117650000
4,181,117650000,117650100,184620,184620,118300000,118300000
4,182,118300000,118300100,184620,184620,118950000,118950000
4,183,118950000,118950100,184620,184620,119600000,119600000
4,184,119600000,119600100,184620,184620,120250000,120250000
4,185,120250000,120250100,184620,184620,120900000,120900000
4,186,120900000,120900100,184620,184620,121550000,121550000
4,187,121550000,121550100,184620,184620,122200000,122200000
4,188,122200000,122200100,184620,184620,122850000,122850000
4,189,122850000,122850100,184620,184620,123500000,123500000
4,190,123500000,123500100,184620,184620,124150000,124150000
4,191,124150000,124150100,184620,184620,124800000,124800000
4,192,124800000,124800100,184620,184620,125450000,125450000
4,193,125450000,125450100,184620,184620,126100000,126100000
4,194,126100000,126100100,184620,184620,126750000,126750000
4,195,126750000,126750100,184620,184620,127400000,127400000
4,196,127400000,127400100,184620,184620,128050000,128050000
4,197,128050000,128050100,184620,184620,128700000,128700000
4,198,128700000,128700100,184620,184620,129350000,129350000
4,199,129350000,129350100,184620,184620,130000000,130000000
4,200,130000000,130000100,184620,184620,130650000,130650000
4,201,130650000,130650100,184620,184620,131300000,131300000
4,202,131300000,131300100,184620,184620,131950000,131950000
4,203,131950000,131950100,184620,184620,132600000,132600000
4,204,132600000,132600100,184620,184620,133250000,133250000
4,205,133250000,133250100,184620,184620,133900000,133900000
4,206,133900000,133900100,184620,184620,134550000,134550000
4,207,134550000,134550100,184620,184620,135200000,135200000
4,208,135200000,135200100,184620,184620,135850000,135850000
4,209,135850000,135850100,184620,184620,136500000,136500000
4,210,136500000,136500100,184620,184620,137150000,137150000
4,211,137150000,137150100,184620,184620,137800000,137800000
4,212,137800000,137800100,184620,184620,138450000,138450000
4,213,138450000,138450100,184620,184620,139100000,139100000
4,214,139100000,139100100,184620,184620,139750000,139750000
4,215,139750000,139750100,184620,184620,140400000,140400000
4,216,140400000,140400100,184620,184620,141050000,141050000
4,217,141050000,141050100,184620,184620,141700000,141700000
4,218,141700000,141700100,184620,184620,142350000,142350000
4,219,142350000,142350100,184620,184620,143000000,143000000
4,220,143000000,143000100,184620,184620,143650000,143650000
4,221,143650000,143650100,184620,184620,144300000,144300000
4,222,144300000,144300100,184620,184620,144950000,144950000
4,223,144950000,144950100,184620,184620,145600000,145600000
4,224,145600000,145600100,184620,184620,146250000,146250000
4,225,146250000,146250100,184620,184620,146900000,146900000
4,226,146900000,146900100,184620,184620,147550000,147550000
4,227,147550000,147550100,184620,184620,148200000,148200000
4,228,148200000,148200100,184620,184620,148850000,148850000
4,229,148850000,148850100,184620,184620,149500000,149500000
4,230,149500000,149500100,184620,184620,150150000,150150000
4,231,150150000,150150100,184620,184620,150800000,150800000
4,232,150800000,150800100,184620,184620,151450000,151450000
4,233,151450000,151450100,184620,184620,152100000,152100000
4,234,152100000,152100100,184620,184620,152750000,152750000
4,235,152750000,152750100,184620,184620,153400000,153400000
4,236,153400000,153400100,184620,184620,154050000,154050000
4,237,154050000,154050100,184620,184620,154700000,154700000
4,238,154700000,154700100,184620,184620,155350000,155350000
4,239,155350000,155350100,184620,184620,156000000,156000000
4,240,156000000,156000100,184620,184620,156650000,156650000
4,241,156650000,156650100,184620,184620,157300000,157300000
4,242,157300000,157300100,184620,184620,157950000,157950000
4,243,157950000,157950100,184620,184620,158600000,158600000
4,244,158600000,158600100,184620,184620,159250000,159250000
4,245,159250000,159250100,184620,184620,159900000,159900000
4,246,159900000,159900100,184620,184620,160550000,160550000
4,247,160550000,160550100,184620,184620,161200000,161200000
4,248,161200000,161200100,184620,184620,161850000,161850000
4,249,161850000,161850100,184620,184620,162500000,162500000
4,250,162500000,162500100,184620,184620,163150000,163150000
4,251,163150000,163150100,184620,184620,163800000,163800000
4,252,163800000,163800100,184620,184620,164450000,164450000
4,253,164450000,164450100,184620,184620,165100000,165100000
4,254,165100000,165100100,184620,184620,165750000,165750000
4,255,165750000,165750100,184620,184620,166400000,166400000
4,256,166400000,166400100,184620,184620,167050000,167050000
4,257,167050000,167050100,184620,184620,167700000,167700000
4,258,167700000,167700100,184620,184620,168350000,168350000
4,259,168350000,168350100,184620,184620,169000000,169000000
4,260,169000000,169000100,184620,184620,169650000,169650000
4,261,169650000,169650100,184620,184620,170300000,170300000
4,262,170300000,170300100,184620,184620,170950000,170950000
4,263,170950000,170950100,184620,184620,171600000,171600000
4,264,171600000,171600100,184620,184620,172250000,172250000
4,265,172250000,172250100,184620,184620,172900000,172900000
4,266,172900000,172900100,184620,184620,173550000,173550000
4,267,173550000,173550100,184620,184620,174200000,174200000
4,268,174200000,174200100,184620,184620,174850000,174850000
4,269,174850000,174850100,184620,184620,175500000,175500000
4,270,175500000,175500100,184620,184620,176150000,176150000
4,271,176150000,176150100,184620,184620,176800000,176800000
4,272,176800000,176800100,184620,184620,177450000,177450000
4,273,177450000,177450100,184620,184620,178100000,178100000
4,274,178100000,178100100,184620,184620,178750000,178750000
4,275,178750000,178750100,184620,184620,179400000,179400000
4,276,179400000,179400100,184620,184620,180050000,180050000
4,277,180050000,180050100,184620,184620,180700000,180700000
4,278,180700000,180700100,184620,184620,181350000,181350000
4,279,181350000,181350100,184620,184620,182000000,182000000
4,280,182000000,182000100,184620,184620,182650000,182650000
4,281,182650000,182650100,184620,184620,183300000,183300000
4,282,183300000,183300100,184620,184620,183950000,183950000
4,283,183950000,183950100,184620,184620,184600000,184600000
4,284,184600000,184600100,184620,184620,185250000,185250000
4,285,185250000,185250100,184620,184620,185900000,185900000
4,286,185900000,185900100,184620,184620,186550000,186550000
4,287,186550000,186550100,184620,184620,187200000,187200000
4,288,187200000,187200100,184620,184620,187850000,187850000
4,289,187850000,187850100,184620,184620,188500000,188500000
4,290,188500000,188500100,184620,184620,189150000,189150000
4,291,189150000,189150100,184620,184620,189800000,189800000
4,292,189800000,189800100,184620,184620,190450000,190450000
4,293,190450000,190450100,184620,184620,191100000,191100000
4,294,191100000,191100100,184620,184620,191750000,191750000
4,295,191750000,191750100,184620,184620,192400000,192400000
4,296,192400000,192400100,184620,184620,193050000,193050000
4,297,193050000,193050100,184620,184620,193700000,193700000
4,298,193700000,193700100,184620,184620,194350000,194350000
4,299,194350000,194350100,184620,184620,195000000,195000000
4,300,195000000,195000100,184620,184620,195650000,195650000
4,301,195650000,195650100,184620,184620,196300000,196300000
4,302,196300000,196300100,184620,184620,196950000,196950000
4,303,196950000,196950100,184620,184620,197600000,197600000
4,304,197600000,197600100,184620,184620,198250000,198250000
4,305,198250000,198250100,184620,184620,198900000,198900000
4,306,198900000,198900100,184620,184620,199550000,199550000
4,307,199550000,199550100,184620,184620,200200000,200200000
4,308,200200000,200200100,184620,184620,200850000,200850000
4,309,200850000,200850100,184620,184620,201500000,201500000
4,310,201500000,201500100,184620,184620,202150000,202150000
4,311,202150000,202150100,184620,184620,202800000,202800000
4,312,202800000,202800100,184620,184620,203450000,203450000
4,313,203450000,203450100,184620,184620,204100000,204100000
4,314,204100000,204100100,184620,184620,204750000,204750000
4,315,204750000,204750100,184620,184620,205400000,205400000
4,316,205400000,205400100,184620,184620,206050000,206050000
4,317,206050000,206050100,184620,184620,206700000,206700000
4,318,206700000,206700100,184620,184620,207350000,207350000
4,319,207350000,207350100,184620,184620,208000000,208000000
4,320,208000000,208000100,184620,184620,208650000,208650000
4,321,208650000,208650100,184620,184620,209300000,209300000
4,322,209300000,209300100,184620,184620,209950000,209950000
4,323,209950000,209950100,184620,184620,210600000,210600000
4,324,210600000,210600100,184620,184620,211250000,211250000
4,325,211250000,211250100,184620,184620,211900000,211900000
4,326,211900000,211900100,184620,184620,212550000,212550000
4,327,212550000,212550100,184620,184620,213200000,213200000
4,328,213200000,213200100,184620,184620,213850000,213850000
4,329,213850000,213850100,184620,184620,214500000,214500000
4,330,214500000,214500100,184620,184620,215150000,215150000
4,331,215150000,215150100,184620,184620,215800000,215800000
4,332,215800000,215800100,184620,184620,216450000,216450000
4,333,216450000,216450100,184620,184620,217100000,217100000
4,334,217100000,217100100,184620,184620,217750000,217750000
4,335,217750000,217750100,184620,184620,218400000,218400000
4,336,218400000,218400100,184620,184620,219050000,219050000
4,337,219050000,219050100,184620,184620,219700000,219700000
4,338,219700000,219700100,184620,184620,220350000,220350000
4,339,220350000,220350100,184620,184620,221000000,221000000
4,340,221000000,221000100,184620,184620,221650000,221650000
4,341,221650000,221650100,184620,184620,222300000,222300000
4,342,222300000,222300100,184620,184620,222950000,222950000
4,343,222950000,222950100,184620,184620,223600000,223600000
4,344,223600000,223600100,184620,184620,224250000,224250000
4,345,224250000,224250100,184620,184620,224900000,224900000
4,346,224900000,224900100,184620,184620,225550000,225550000
4,347,225550000,225550100,184620,184620,226200000,226200000
4,348,226200000,226200100,184620,184620,226850000,226850000
4,349,226850000,226850100,184620,184620,227500000,227500000
4,350,227500000,227500100,184620,184620,228150000,228150000
4,351,228150000,228150100,184620,184620,228800000,228800000
4,352,228800000,228800100,184620,184620,229450000,229450000
4,353,229450000,229450100,184620,184620,230100000,230100000
4,354,230100000,230100100,184620,184620,230750000,230750000
4,355,230750000,230750100,184620,184620,231400000,231400000
4,356,231400000,231400100,184620,184620,232050000,232050000
4,357,232050000,232050100,184620,184620,232700000,232700000
4,358,232700000,232700100,184620,184620,233350000,233350000
4,359,233350000,233350100,184620,184620,234000000,234000000
4,360,234000000,234000100,184620,184620,234650000,234650000
4,361,234650000,234650100,184620,184620,235300000,235300000
4,362,235300000,235300100,184620,184620,235950000,235950000
4,363,235950000,235950100,184620,184620,236600000,236600000
4,364,236600000,236600100,184620,184620,237250000,237250000
4,365,237250000,237250100,184620,184620,237900000,237900000
4,366,237900000,237900100,184620,184620,238550000,238550000
4,367,238550000,238550100,184620,184620,239200000,239200000
4,368,239200000,239200100,184620,184620,239850000,239850000
4,369,239850000,239850100,184620,184620,240500000,240500000
4,370,240500000,240500100,184620,184620,241150000,241150000
4,371,241150000,241150100,184620,184620,241800000,241800000
4,372,241800000,241800100,184620,184620,242450000,242450000
4,373,242450000,242450100,184620,184620,243100000,243100000
4,374,243100000,243100100,184620,184620,243750000,243750000
4,375,243750000,243750100,184620,184620,244400000,244400000
4,376,244400000,244400100,184620,184620,245050000,245050000
4,377,245050000,245050100,184620,184620,245700000,245700000
4,378,245700000,245700100,184620,184620,246350000,246350000
4,379,246350000,246350100,184620,184620,247000000,247000000
4,380,247000000,247000100,184620,184620,247650000,247650000
4,381,247650000,247650100,184620,184620,248300000,248300000
4,382,248300000,248300100,184620,184620,248950000,248950000
4,383,248950000,248950100,184620,184620,249600000,249600000
4,384,249600000,249600100,184620,184620,250250000,250250000
4,385,250250000,250250100,184620,184620,250900000,250900000
4,386,250900000,250900100,184620,184620,251550000,251550000
4,387,251550000,251550100,184620,184620,252200000,252200000
4,388,252200000,252200100,184620,184620,252850000,252850000
4,389,252850000,252850100,184620,184620,253500000,253500000
4,390,253500000,253500100,184620,184620,254150000,254150000
4,391,254150000,254150100,184620,184620,254800000,254800000
4,392,254800000,254800100,184620,184620,255450000,255450000
4,393,255450000,255450100,184620,184620,256100000,256100000
4,394,256100000,256100100,184620,184620,256750000,256750000
4,395,256750000,256750100,184620,184620,257400000,257400000
4,396,257400000,257400100,184620,184620,258050000,258050000
4,397,258050000,258050100,184620,184620,258700000,258700000
4,398,258700000,258700100,184620,184620,259350000,259350000
4,399,259350000,259350100,184620,184620,260000000,260000000
4,400,260000000,260000100,184620,184620,260650000,260650000
4,401,260650000,260650100,184620,184620,261300000,261300000
4,402,261300000,261300100,184620,184620,261950000,261950000
4,403,261950000,261950100,184620,184620,262600000,262600000
4,404,262600000,262600100,184620,184620,263250000,263250000
4,405,263250000,263250100,184620,184620,263900000,263900000
4,406,263900000,263900100,184620,184620,264550000,264550000
4,407,264550000,264550100,184620,184620,265200000,265200000
4,408,265200000,265200100,184620,184620,265850000,265850000
4,409,265850000,265850100,184620,184620,266500000,266500000
4,410,266500000,266500100,184620,184620,267150000,267150000
4,411,267150000,267150100,184620,184620,267800000,267800000
4,412,267800000,267800100,184620,184620,268450000,268450000
4,413,268450000,268450100,184620,184620,269100000,269100000
4,414,269100000,269100100,184620,184620,269750000,269750000
4,415,269750000,269750100,184620,184620,270400000,270400000
4,416,270400000,270400100,184620,184620,271050000,271050000
4,417,271050000,271050100,184620,184620,271700000,271700000
4,418,271700000,271700100,184620,184620,272350000,272350000
4,419,272350000,272350100,184620,184620,273000000,273000000
4,420,273000000,273000100,184620,184620,273650000,273650000
4,421,273650000,273650100,184620,184620,274300000,274300000
4,422,274300000,274300100,184620,184620,274950000,274950000
4,423,274950000,274950100,184620,184620,275600000,275600000
4,424,275600000,275600100,184620,184620,276250000,276250000
4,425,276250000,276250100,184620,184620,276900000,276900000
4,426,276900000,276900100,184620,184620,277550000,277550000
4,427,277550000,277550100,184620,184620,278200000,278200000
4,428,278200000,278200100,184620,184620,278850000,278850000
4,429,278850000,278850100,184620,184620,279500000,279500000
4,430,279500000,279500100,184620,184620,280150000,280150000
4,431,280150000,280150100,184620,184620,280800000,280800000
4,432,280800000,280800100,184620,184620,281450000,281450000
4,433,281450000,281450100,184620,184620,282100000,282100000
4,434,282100000,282100100,184620,184620,282750000,282750000
4,435,282750000,282750100,184620,184620,283400000,283400000
4,436,283400000,283400100,184620,184620,284050000,284050000
4,437,284050000,284050100,184620,184620,284700000,284700000
4,438,284700000,284700100,184620,184620,285350000,285350000
4,439,285350000,285350100,184620,184620,286000000,286000000
4,440,286000000,286000100,184620,184620,286650000,286650000
4,441,286650000,286650100,184620,184620,287300000,287300000
4,442,287300000,287300100,184620,184620,287950000,287950000
4,443,287950000,287950100,184620,184620,288600000,288600000
4,444,288600000,288600100,184620,184620,289250000,289250000
4,445,289250000,289250100,184620,184620,289900000,289900000
4,446,289900000,289900100,184620,184620,290550000,290550000
4,447,290550000,290550100,184620,184620,291200000,291200000
4,448,291200000,291200100,184620,184620,291850000,291850000
4,449,291850000,291850100,184620,184620,292500000,292500000
4,450,292500000,292500100,184620,184620,293150000,293150000
4,451,293150000,293150100,184620,184620,293800000,293800000
4,452,293800000,293800100,184620,184620,294450000,294450000
4,453,294450000,294450100,184620,184620,295100000,295100000
4,454,295100000,295100100,184620,184620,295750000,295750000
4,455,295750000,295750100,184620,184620,296400000,296400000
4,456,296400000,296400100,184620,184620,297050000,297050000
4,457,297050000,297050100,184620,184620,297700000,297700000
4,458,297700000,297700100,184620,184620,298350000,298350000
4,459,298350000,298350100,184620,184620,299000000,299000000
4,460,299000000,299000100,184620,184620,299650000,299650000
4,461,299650000,299650100,184620,184620,300300000,300300000
4,462,300300000,300300100,184620,184620,300950000,300950000
4,463,300950000,300950100,184620,184620,301600000,301600000
4,464,301600000,301600100,184620,184620,302250000,302250000
4,465,302250000,302250100,184620,184620,302900000,302900000
4,466,302900000,302900100,184620,184620,303550000,303550000
4,467,303550000,303550100,184620,184620,304200000,304200000
4,468,304200000,304200100,184620,184620,304850000,304850000
4,469,304850000,304850100,184620,184620,305500000,305500000
4,470,305500000,305500100,184620,184620,306150000,306150000
4,471,306150000,306150100,184620,184620,306800000,306800000
4,472,306800000,306800100,184620,184620,307450000,307450000
4,473,307450000,307450100,184620,184620,308100000,308100000
4,474,308100000,308100100,184620,184620,308750000,308750000
4,475,308750000,308750100,184620,184620,309400000,309400000
4,476,309400000,309400100,184620,184620,310050000,310050000
4,477,310050000,310050100,184620,184620,310700000,310700000
4,478,310700000,310700100,184620,184620,311350000,311350000
4,479,311350000,311350100,184620,184620,312000000,312000000
4,480,312000000,312000100,184620,184620,312650000,312650000
4,481,312650000,312650100,184620,184620,313300000,313300000
4,482,313300000,313300100,184620,184620,313950000,313950000
4,483,313950000,313950100,184620,184620,314600000,314600000
4,484,314600000,314600100,184620,184620,315250000,315250000
4,485,315250000,315250100,184620,184620,315900000,315900000
4,486,315900000,315900100,184620,184620,316550000,316550000
4,487,316550000,316550100,184620,184620,317200000,317200000
4,488,317200000,317200100,184620,184620,317850000,317850000
4,489,317850000,317850100,184620,184620,318500000,318500000
4,490,318500000,318500100,184620,184620,319150000,319150000
4,491,319150000,319150100,184620,184620,319800000,319800000
4,492,319800000,319800100,184620,184620,320450000,320450000
4,493,320450000,320450100,184620,184620,321100000,321100000
4,494,321100000,321100100,184620,184620,321750000,321750000
4,495,321750000,321750100,184620,184620,322400000,322400000
4,496,322400000,322400100,184620,184620,323050000,323050000
4,497,323050000,323050100,184620,184620,323700000,323700000
4,498,323700000,323700100,184620,184620,324350000,324350000
4,499,324350000,324350100,184620,184620,325000000,325000000
4,500,325000000,325000100,184620,184620,325650000,325650000
4,501,325650000,325650100,184620,184620,326300000,326300000
4,502,326300000,326300100,184620,184620,326950000,326950000
4,503,326950000,326950100,184620,184620,327600000,327600000
4,504,327600000,327600100,184620,184620,328250000,328250000
4,505,328250000,328250100,184620,184620,328900000,328900000
4,506,328900000,328900100,184620,184620,329550000,329550000
4,507,329550000,329550100,184620,184620,330200000,330200000
4,508,330200000,330200100,184620,184620,330850000,330850000
4,509,330850000,330850100,184620,184620,331500000,331500000
4,510,331500000,331500100,184620,184620,332150000,332150000
4,511,332150000,332150100,184620,184620,332800000,332800000
4,512,332800000,332800100,184620,184620,333450000,333450000
4,513,333450000,333450100,184620,184620,334100000,334100000
4,514,334100000,334100100,184620,184620,334750000,334750000
4,515,334750000,334750100,184620,184620,335400000,335400000
4,516,335400000,335400100,184620,184620,336050000,336050000
4,517,336050000,336050100,184620,184620,336700000,336700000
4,518,336700000,336700100,184620,184620,337350000,337350000
4,519,337350000,337350100,184620,184620,338000000,338000000
4,520,338000000,338000100,184620,184620,338650000,338650000
4,521,338650000,338650100,184620,184620,339300000,339300000
4,522,339300000,339300100,184620,184620,339950000,339950000
4,523,339950000,339950100,184620,184620,340600000,340600000
4,524,340600000,340600100,184620,184620,341250000,341250000
4,525,341250000,341250100,184620,184620,341900000,341900000
4,526,341900000,341900100,184620,184620,342550000,342550000
4,527,342550000,342550100,184620,184620,343200000,343200000
4,528,343200000,343200100,184620,184620,343850000,343850000
4,529,343850000,343850100,184620,184620,344500000,344500000
4,530,344500000,344500100,184620,184620,345150000,345150000
4,531,345150000,345150100,184620,184620,345800000,345800000
4,532,345800000,345800100,184620,184620,346450000,346450000
4,533,346450000,346450100,184620,184620,347100000,347100000
4,534,347100000,347100100,184620,184620,347750000,347750000
4,535,347750000,347750100,184620,184620,348400000,348400000
4,536,348400000,348400100,184620,184620,349050000,349050000
4,537,349050000,349050100,184620,184620,349700000,349700000
4,538,349700000,349700100,184620,184620,350350000,350350000
4,539,350350000,350350100,184620,184620,351000000,351000000
4,540,351000000,351000100,184620,184620,351650000,351650000
4,541,351650000,351650100,184620,184620,352300000,352300000
4,542,352300000,352300100,184620,184620,352950000,352950000
4,543,352950000,352950100,184620,184620,353600000,353600000
4,544,353600000,353600100,184620,184620,354250000,354250000
4,545,354250000,354250100,184620,184620,354900000,354900000
4,546,354900000,354900100,184620,184620,355550000,355550000
4,547,355550000,355550100,184620,184620,356200000,356200000
4,548,356200000,356200100,184620,184620,356850000,356850000
4,549,356850000,356850100,184620,184620,357500000,357500000
4,550,357500000,357500100,184620,184620,358150000,358150000
4,551,358150000,358150100,184620,184620,358800000,358800000
4,552,358800000,358800100,184620,184620,359450000,359450000
4,553,359450000,359450100,184620,184620,360100000,360100000
4,554,360100000,360100100,184620,184620,360750000,360750000
4,555,360750000,360750100,184620,184620,361400000,361400000
4,556,361400000,361400100,184620,184620,362050000,362050000
4,557,362050000,362050100,184620,184620,362700000,362700000
4,558,362700000,362700100,184620,184620,363350000,363350000
4,559,363350000,363350100,184620,184620,364000000,364000000
4,560,364000000,364000100,184620,184620,364650000,364650000
4,561,364650000,364650100,184620,184620,365300000,365300000
4,562,365300000,365300100,184620,184620,365950000,365950000
4,563,365950000,365950100,184620,184620,366600000,366600000
4,564,366600000,366600100,184620,184620,367250000,367250000
4,565,367250000,367250100,184620,184620,367900000,367900000
4,566,367900000,367900100,184620,184620,368550000,368550000
4,567,368550000,368550100,184620,184620,369200000,369200000
4,568,369200000,369200100,184620,184620,369850000,369850000
4,569,369850000,369850100,184620,184620,370500000,370500000
4,570,370500000,370500100,184620,184620,371150000,371150000
4,571,371150000,371150100,184620,184620,371800000,371800000
4,572,371800000,371800100,184620,184620,372450000,372450000
4,573,372450000,372450100,184620,184620,373100000,373100000
4,574,373100000,373100100,184620,184620,373750000,373750000
4,575,373750000,373750100,184620,184620,374400000,374400000
4,576,374400000,374400100,184620,184620,375050000,375050000
4,577,375050000,375050100,184620,184620,375700000,375700000
4,578,375700000,375700100,184620,184620,376350000,376350000
4,579,376350000,376350100,184620,184620,377000000,377000000
4,580,377000000,377000100,184620,184620,377650000,377650000
4,581,377650000,377650100,184620,184620,378300000,378300000
4,582,378300000,378300100,184620,184620,378950000,378950000
4,583,378950000,378950100,184620,184620,379600000,379600000
4,584,379600000,379600100,184620,184620,380250000,380250000
4,585,380250000,380250100,184620,184620,380900000,380900000
4,586,380900000,380900100,184620,184620,381550000,381550000
4,587,381550000,381550100,184620,184620,382200000,382200000
4,588,382200000,382200100,184620,184620,382850000,382850000
4,589,382850000,382850100,184620,184620,383500000,383500000
4,590,383500000,383500100,184620,184620,384150000,384150000
4,591,384150000,384150100,184620,184620,384800000,384800000
4,592,384800000,384800100,184620,184620,385450000,385450000
4,593,385450000,385450100,184620,184620,386100000,386100000
4,594,386100000,386100100,184620,184620,386750000,386750000
4,595,386750000,386750100,184620,184620,387400000,387400000
4,596,387400000,387400100,184620,184620,388050000,388050000
4,597,388050000,388050100,184620,184620,388700000,388700000
4,598,388700000,388700100,184620,184620,389350000,389350000
4,599,389350000,389350100,184620,184620,390000000,390000000
4,600,390000000,390000100,184620,184620,390650000,390650000
4,601,390650000,390650100,184620,184620,391300000,391300000
4,602,391300000,391300100,184620,184620,391950000,391950000
4,603,391950000,391950100,184620,184620,392600000,392600000
4,604,392600000,392600100,184620,184620,393250000,393250000
4,605,393250000,393250100,184620,184620,393900000,393900000
4,606,393900000,393900100,184620,184620,394550000,394550000
4,607,394550000,394550100,184620,184620,395200000,395200000
4,608,395200000,395200100,184620,184620,395850000,395850000
4,609,395850000,395850100,184620,184620,396500000,396500000
4,610,396500000,396500100,184620,184620,397150000,397150000
4,611,397150000,397150100,184620,184620,397800000,397800000
4,612,397800000,397800100,184620,184620,398450000,398450000
4,613,398450000,398450100,184620,184620,399100000,399100000
4,614,399100000,399100100,184620,184620,399750000,399750000
4,615,399750000,399750100,184620,184620,400400000,400400000
4,616,400400000,400400100,184620,184620,401050000,401050000
4,617,401050000,401050100,184620,184620,401700000,401700000
4,618,401700000,401700100,184620,184620,402350000,402350000
4,619,402350000,402350100,184620,184620,403000000,403000000
4,620,403000000,403000100,184620,184620,403650000,403650000
4,621,403650000,403650100,184620,184620,404300000,404300000
4,622,404300000,404300100,184620,184620,404950000,404950000
4,623,404950000,404950100,184620,184620,405600000,405600000
4,624,405600000,405600100,184620,184620,406250000,406250000
4,625,406250000,406250100,184620,184620,406900000,406900000
4,626,406900000,406900100,184620,184620,407550000,407550000
4,627,407550000,407550100,184620,184620,408200000,408200000
4,628,408200000,408200100,184620,184620,408850000,408850000
4,629,408850000,408850100,184620,184620,409500000,409500000
4,630,409500000,409500100,184620,184620,410150000,410150000
4,631,410150000,410150100,184620,184620,410800000,410800000
4,632,410800000,410800100,184620,184620,411450000,411450000
4,633,411450000,411450100,184620,184620,412100000,412100000
4,634,412100000,412100100,184620,184620,412750000,412750000
4,635,412750000,412750100,184620,184620,413400000,413400000
4,636,413400000,413400100,184620,184620,414050000,414050000
4,637,414050000,414050100,184620,184620,414700000,414700000
4,638,414700000,414700100,184620,184620,415350000,415350000
4,639,415350000,415350100,184620,184620,416000000,416000000
4,640,416000000,416000100,184620,184620,416650000,416650000
4,641,416650000,416650100,184620,184620,417300000,417300000
4,642,417300000,417300100,184620,184620,417950000,417950000
4,643,417950000,417950100,184620,184620,418600000,418600000
4,644,418600000,418600100,184620,184620,419250000,419250000
4,645,419250000,419250100,184620,184620,419900000,419900000
4,646,419900000,419900100,184620,184620,420550000,420550000
4,647,420550000,420550100,184620,184620,421200000,421200000
4,648,421200000,421200100,184620,184620,421850000,421850000
4,649,421850000,421850100,184620,184620,422500000,422500000
4,650,422500000,422500100,184620,184620,423150000,423150000
4,651,423150000,423150100,184620,184620,423800000,423800000
4,652,423800000,423800100,184620,184620,424450000,424450000
4,653,424450000,424450100,184620,184620,425100000,425100000
4,654,425100000,425100100,184620,184620,425750000,425750000
4,655,425750000,425750100,184620,184620,426400000,426400000
4,656,426400000,426400100,184620,184620,427050000,427050000
4,657,427050000,427050100,184620,184620,427700000,427700000
4,658,427700000,427700100,184620,184620,428350000,428350000
4,659,428350000,428350100,184620,184620,429000000,429000000
4,660,429000000,429000100,184620,184620,429650000,429650000
4,661,429650000,429650100,184620,184620,430300000,430300000
4,662,430300000,430300100,184620,184620,430950000,430950000
4,663,430950000,430950100,184620,184620,431600000,431600000
4,664,431600000,431600100,184620,184620,432250000,432250000
4,665,432250000,432250100,184620,184620,432900000,432900000
4,666,432900000,432900100,184620,184620,433550000,433550000
4,667,433550000,433550100,184620,184620,434200000,434200000
4,668,434200000,434200100,184620,184620,434850000,434850000
4,669,434850000,434850100,184620,184620,435500000,435500000
4,670,435500000,435500100,184620,184620,436150000,436150000
4,671,436150000,436150100,184620,184620,436800000,436800000
4,672,436800000,436800100,184620,184620,437450000,437450000
4,673,437450000,437450100,184620,184620,438100000,438100000
4,674,438100000,438100100,184620,184620,438750000,438750000
4,675,438750000,438750100,184620,184620,439400000,439400000
4,676,439400000,439400100,184620,184620,440050000,440050000
4,677,440050000,440050100,184620,184620,440700000,440700000
4,678,440700000,440700100,184620,184620,441350000,441350000
4,679,441350000,441350100,184620,184620,442000000,442000000
4,680,442000000,442000100,184620,184620,442650000,442650000
4,681,442650000,442650100,184620,184620,443300000,443300000
4,682,443300000,443300100,184620,184620,443950000,443950000
4,683,443950000,443950100,184620,184620,444600000,444600000
4,684,444600000,444600100,184620,184620,445250000,445250000
4,685,445250000,445250100,184620,184620,445900000,445900000
4,686,445900000,445900100,184620,184620,446550000,446550000
4,687,446550000,446550100,184620,184620,447200000,447200000
4,688,447200000,447200100,184620,184620,447850000,447850000
4,689,447850000,447850100,184620,184620,448500000,448500000
4,690,448500000,448500100,184620,184620,449150000,449150000
4,691,449150000,449150100,184620,184620,449800000,449800000
4,692,449800000,449800100,184620,184620,450450000,450450000
4,693,450450000,450450100,184620,184620,451100000,451100000
4,694,451100000,451100100,184620,184620,451750000,451750000
4,695,451750000,451750100,184620,184620,452400000,452400000
4,696,452400000,452400100,184620,184620,453050000,453050000
4,697,453050000,453050100,184620,184620,453700000,453700000
4,698,453700000,453700100,184620,184620,454350000,454350000
4,699,454350000,454350100,184620,184620,455000000,455000000
4,700,455000000,455000100,184620,184620,455650000,455650000
4,701,455650000,455650100,184620,184620,456300000,456300000
4,702,456300000,456300100,184620,184620,456950000,456950000
4,703,456950000,456950100,184620,184620,457600000,457600000
4,704,457600000,457600100,184620,184620,458250000,458250000
4,705,458250000,458250100,184620,184620,458900000,458900000
4,706,458900000,458900100,184620,184620,459550000,459550000
4,707,459550000,459550100,184620,184620,460200000,460200000
4,708,460200000,460200100,184620,184620,460850000,460850000
4,709,460850000,460850100,184620,184620,461500000,461500000
4,710,461500000,461500100,184620,184620,462150000,462150000
4,711,462150000,462150100,184620,184620,462800000,462800000
4,712,462800000,462800100,184620,184620,463450000,463450000
4,713,463450000,463450100,184620,184620,464100000,464100000
4,714,464100000,464100100,184620,184620,464750000,464750000
4,715,464750000,464750100,184620,184620,465400000,465400000
4,716,465400000,465400100,184620,184620,466050000,466050000
4,717,466050000,466050100,184620,184620,466700000,466700000
4,718,466700000,466700100,184620,184620,467350000,467350000
4,719,467350000,467350100,184620,184620,468000000,468000000
4,720,468000000,468000100,184620,184620,468650000,468650000
4,721,468650000,468650100,184620,184620,469300000,469300000
4,722,469300000,469300100,184620,184620,469950000,469950000
4,723,469950000,469950100,184620,184620,470600000,470600000
4,724,470600000,470600100,184620,184620,471250000,471250000
4,725,471250000,471250100,184620,184620,471900000,471900000
4,726,471900000,471900100,184620,184620,472550000,472550000
4,727,472550000,472550100,184620,184620,473200000,473200000
4,728,473200000,473200100,184620,184620,473850000,473850000
4,729,473850000,473850100,184620,184620,474500000,474500000
4,730,474500000,474500100,184620,184620,475150000,475150000
4,731,475150000,475150100,184620,184620,475800000,475800000
4,732,475800000,475800100,184620,184620,476450000,476450000
4,733,476450000,476450100,184620,184620,477100000,477100000
4,734,477100000,477100100,184620,184620,477750000,477750000
4,735,477750000,477750100,184620,184620,478400000,478400000
4,736,478400000,478400100,184620,184620,479050000,479050000
4,737,479050000,479050100,184620,184620,479700000,479700000
4,738,479700000,479700100,184620,184620,480350000,480350000
4,739,480350000,480350100,184620,184620,481000000,481000000
4,740,481000000,481000100,184620,184620,481650000,481650000
4,741,481650000,481650100,184620,184620,482300000,482300000
4,742,482300000,482300100,184620,184620,482950000,482950000
4,743,482950000,482950100,184620,184620,483600000,483600000
4,744,483600000,483600100,184620,184620,484250000,484250000
4,745,484250000,484250100,184620,184620,484900000,484900000
4,746,484900000,484900100,184620,184620,485550000,485550000
4,747,485550000,485550100,184620,184620,486200000,486200000
4,748,486200000,486200100,184620,184620,486850000,486850000
4,749,486850000,486850100,184620,184620,487500000,487500000
4,750,487500000,487500100,184620,184620,488150000,488150000
4,751,488150000,488150100,184620,184620,488800000,488800000
4,752,488800000,488800100,184620,184620,489450000,489450000
4,753,489450000,489450100,184620,184620,490100000,490100000
4,754,490100000,490100100,184620,184620,490750000,490750000
4,755,490750000,490750100,184620,184620,491400000,491400000
4,756,491400000,491400100,184620,184620,492050000,492050000
4,757,492050000,492050100,184620,184620,492700000,492700000
4,758,492700000,492700100,184620,184620,493350000,493350000
4,759,493350000,493350100,184620,184620,494000000,494000000
5,0,0,100,393969,393969,950000,950000
5,1,950000,950100,393969,393969,1900000,1900000
5,2,1900000,1900100,393969,393969,2850000,2850000
5,3,2850000,2850100,393969,393969,3800000,3800000
5,4,3800000,3800100,393969,393969,4750000,4750000
5,5,4750000,4750100,393969,393969,5700000,5700000
5,6,5700000,5700100,393969,393969,6650000,6650000
5,7,6650000,6650100,393969,393969,7600000,7600000
5,8,7600000,7600100,393969,393969,8550000,8550000
5,9,8550000,8550100,393969,393969,9500000,9500000
5,10,9500000,9500100,393969,393969,10450000,10450000
5,11,10450000,10450100,393969,393969,11400000,11400000
5,12,11400000,11400100,393969,393969,12350000,12350000
5,13,12350000,12350100,393969,393969,13300000,13300000
5,14,13300000,13300100,393969,393969,14250000,14250000
5,15,14250000,14250100,393969,393969,15200000,15200000
5,16,15200000,15200100,393969,393969,16150000,16150000
5,17,16150000,16150100,393969,393969,17100000,17100000
5,18,17100000,17100100,393969,393969,18050000,18050000
5,19,18050000,18050100,393969,393969,19000000,19000000
5,20,19000000,19000100,393969,393969,19950000,19950000
5,21,19950000,19950100,393969,393969,20900000,20900000
5,22,20900000,20900100,393969,393969,21850000,21850000
5,23,21850000,21850100,393969,393969,22800000,22800000
5,24,22800000,22800100,393969,393969,23750000,23750000
5,25,23750000,23750100,393969,393969,24700000,24700000
5,26,24700000,24700100,393969,393969,25650000,25650000
5,27,25650000,25650100,393969,393969,26600000,26600000
5,28,26600000,26600100,393969,393969,27550000,27550000
5,29,27550000,27550100,393969,393969,28500000,28500000
5,30,28500000,28500100,393969,393969,29450000,29450000
5,31,29450000,29450100,393969,393969,30400000,30400000
5,32,30400000,30400100,393969,393969,31350000,31350000
5,33,31350000,31350100,393969,393969,32300000,32300000
5,34,32300000,32300100,393969,393969,33250000,33250000
5,35,33250000,33250100,393969,393969,34200000,34200000
5,36,34200000,34200100,393969,393969,35150000,35150000
5,37,35150000,35150100,393969,393969,36100000,36100000
5,38,36100000,36100100,393969,393969,37050000,37050000
5,39,37050000,37050100,393969,393969,38000000,38000000
5,40,38000000,38000100,393969,393969,38950000,38950000
5,41,38950000,38950100,393969,393969,39900000,39900000
5,42,39900000,39900100,393969,393969,40850000,40850000
5,43,40850000,40850100,393969,393969,41800000,41800000
5,44,41800000,41800100,393969,393969,42750000,42750000
5,45,42750000,42750100,393969,393969,43700000,43700000
5,46,43700000,43700100,393969,393969,44650000,44650000
5,47,44650000,44650100,393969,393969,45600000,45600000
5,48,45600000,45600100,393969,393969,46550000,46550000
5,49,46550000,46550100,393969,393969,47500000,47500000
5,50,47500000,47500100,393969,393969,48450000,48450000
5,51,48450000,48450100,393969,393969,49400000,49400000
5,52,49400000,49400100,393969,393969,50350000,50350000
5,53,50350000,50350100,393969,393969,51300000,51300000
5,54,51300000,51300100,393969,393969,52250000,52250000
5,55,52250000,52250100,393969,393969,53200000,53200000
5,56,53200000,53200100,393969,393969,54150000,54150000
5,57,54150000,54150100,393969,393969,55100000,55100000
5,58,55100000,55100100,393969,393969,56050000,56050000
5,59,56050000,56050100,393969,393969,57000000,57000000
5,60,57000000,57000100,393969,393969,57950000,57950000
5,61,57950000,57950100,393969,393969,58900000,58900000
5,62,58900000,58900100,393969,393969,59850000,59850000
5,63,59850000,59850100,393969,393969,60800000,60800000
5,64,60800000,60800100,393969,393969,61750000,61750000
5,65,61750000,61750100,393969,393969,62700000,62700000
5,66,62700000,62700100,393969,393969,63650000,63650000
5,67,63650000,63650100,393969,393969,64600000,64600000
5,68,64600000,64600100,393969,393969,65550000,65550000
5,69,65550000,65550100,393969,393969,66500000,66500000
5,70,66500000,66500100,393969,393969,67450000,67450000
5,71,67450000,67450100,393969,393969,68400000,68400000
5,72,68400000,68400100,393969,393969,69350000,69350000
5,73,69350000,69350100,393969,393969,70300000,70300000
5,74,70300000,70300100,393969,393969,71250000,71250000
5,75,71250000,71250100,393969,393969,72200000,72200000
5,76,72200000,72200100,393969,393969,73150000,73150000
5,77,73150000,73150100,393969,393969,74100000,74100000
5,78,74100000,74100100,393969,393969,75050000,75050000
5,79,75050000,75050100,393969,393969,76000000,76000000
5,80,76000000,76000100,393969,393969,76950000,76950000
5,81,76950000,76950100,393969,393969,77900000,77900000
5,82,77900000,77900100,393969,393969,78850000,78850000
5,83,78850000,78850100,393969,393969,79800000,79800000
5,84,79800000,79800100,393969,393969,80750000,80750000
5,85,80750000,80750100,393969,393969,81700000,81700000
5,86,81700000,81700100,393969,393969,82650000,82650000
5,87,82650000,82650100,393969,393969,83600000,83600000
5,88,83600000,83600100,393969,393969,84550000,84550000
5,89,84550000,84550100,393969,393969,85500000,85500000
5,90,85500000,85500100,393969,393969,86450000,86450000
5,91,86450000,86450100,393969,393969,87400000,87400000
5,92,87400000,87400100,393969,393969,88350000,88350000
5,93,88350000,88350100,393969,393969,89300000,89300000
5,94,89300000,89300100,393969,393969,90250000,90250000
5,95,90250000,90250100,393969,393969,91200000,91200000
5,96,91200000,91200100,393969,393969,92150000,92150000
5,97,92150000,92150100,393969,393969,93100000,93100000
5,98,93100000,93100100,393969,393969,94050000,94050000
5,99,94050000,94050100,393969,393969,95000000,95000000
5,100,95000000,95000100,393969,393969,95950000,95950000
5,101,95950000,95950100,393969,393969,96900000,96900000
5,102,96900000,96900100,393969,393969,97850000,97850000
5,103,97850000,97850100,393969,393969,98800000,98800000
5,104,98800000,98800100,393969,393969,99750000,99750000
5,105,99750000,99750100,393969,393969,100700000,100700000
5,106,100700000,100700100,393969,393969,101650000,101650000
5,107,101650000,101650100,393969,393969,102600000,102600000
5,108,102600000,102600100,393969,393969,103550000,103550000
5,109,103550000,103550100,393969,393969,104500000,104500000
5,110,104500000,104500100,393969,393969,105450000,105450000
5,111,105450000,105450100,393969,393969,106400000,106400000
5,112,106400000,106400100,393969,393969,107350000,107350000
5,113,107350000,107350100,393969,393969,108300000,108300000
5,114,108300000,108300100,393969,393969,109250000,109250000
5,115,109250000,109250100,393969,393969,110200000,110200000
5,116,110200000,110200100,393969,393969,111150000,111150000
5,117,111150000,111150100,393969,393969,112100000,112100000
5,118,112100000,112100100,393969,393969,113050000,113050000
5,119,113050000,113050100,393969,393969,114000000,114000000
5,120,114000000,114000100,393969,393969,114950000,114950000
5,121,114950000,114950100,393969,393969,115900000,115900000
5,122,115900000,115900100,393969,393969,116850000,116850000
5,123,116850000,116850100,393969,393969,117800000,117800000
5,124,117800000,117800100,393969,393969,118750000,118750000
5,125,118750000,118750100,393969,393969,119700000,119700000
5,126,119700000,119700100,393969,393969,120650000,120650000
5,127,120650000,120650100,393969,393969,121600000,121600000
5,128,121600000,121600100,393969,393969,122550000,122550000
5,129,122550000,122550100,393969,393969,123500000,123500000
5,130,123500000,123500100,393969,393969,124450000,124450000
5,131,124450000,124450100,393969,393969,125400000,125400000
5,132,125400000,125400100,393969,393969,126350000,126350000
5,133,126350000,126350100,393969,393969,127300000,127300000
5,134,127300000,127300100,393969,393969,128250000,128250000
5,135,128250000,128250100,393969,393969,129200000,129200000
5,136,129200000,129200100,393969,393969,130150000,130150000
5,137,130150000,130150100,393969,393969,131100000,131100000
5,138,131100000,131100100,393969,393969,132050000,132050000
5,139,132050000,132050100,393969,393969,133000000,133000000
5,140,133000000,133000100,393969,393969,133950000,133950000
5,141,133950000,133950100,393969,393969,134900000,134900000
5,142,134900000,134900100,393969,393969,135850000,135850000
5,143,135850000,135850100,393969,393969,136800000,136800000
5,144,136800000,136800100,393969,393969,137750000,137750000
5,145,137750000,137750100,393969,393969,138700000,138700000
5,146,138700000,138700100,393969,393969,139650000,139650000
5,147,139650000,139650100,393969,393969,140600000,140600000
5,148,140600000,140600100,393969,393969,141550000,141550000
5,149,141550000,141550100,393969,393969,142500000,142500000
5,150,142500000,142500100,393969,393969,143450000,143450000
5,151,143450000,143450100,393969,393969,144400000,144400000
5,152,144400000,144400100,393969,393969,145350000,145350000
5,153,145350000,145350100,393969,393969,146300000,146300000
5,154,146300000,146300100,393969,393969,147250000,147250000
5,155,147250000,147250100,393969,393969,148200000,148200000
5,156,148200000,148200100,393969,393969,149150000,149150000
5,157,149150000,149150100,393969,393969,150100000,150100000
5,158,150100000,150100100,393969,393969,151050000,151050000
5,159,151050000,151050100,393969,393969,152000000,152000000
5,160,152000000,152000100,393969,393969,152950000,152950000
5,161,152950000,152950100,393969,393969,153900000,153900000
5,162,153900000,153900100,393969,393969,154850000,154850000
5,163,154850000,154850100,393969,393969,155800000,155800000
5,164,155800000,155800100,393969,393969,156750000,156750000
5,165,156750000,156750100,393969,393969,157700000,157700000
5,166,157700000,157700100,393969,393969,158650000,158650000
5,167,158650000,158650100,393969,393969,159600000,159600000
5,168,159600000,159600100,393969,393969,160550000,160550000
5,169,160550000,160550100,393969,393969,161500000,161500000
5,170,161500000,161500100,393969,393969,162450000,162450000
5,171,162450000,162450100,393969,393969,163400000,163400000
5,172,163400000,163400100,393969,393969,164350000,164350000
5,173,164350000,164350100,393969,393969,165300000,165300000
5,174,165300000,165300100,393969,393969,166250000,166250000
5,175,166250000,166250100,393969,393969,167200000,167200000
5,176,167200000,167200100,393969,393969,168150000,168150000
5,177,168150000,168150100,393969,393969,169100000,169100000
5,178,169100000,169100100,393969,393969,170050000,170050000
5,179,170050000,170050100,393969,393969,171000000,171000000
5,180,171000000,171000100,393969,393969,171950000,171950000
5,181,171950000,171950100,393969,393969,172900000,172900000
5,182,172900000,172900100,393969,393969,173850000,173850000
5,183,173850000,173850100,393969,393969,174800000,174800000
5,184,174800000,174800100,393969,393969,175750000,175750000
5,185,175750000,175750100,393969,393969,176700000,176700000
5,186,176700000,176700100,393969,393969,177650000,177650000
5,187,177650000,177650100,393969,393969,178600000,178600000
5,188,178600000,178600100,393969,393969,179550000,179550000
5,189,179550000,179550100,393969,393969,180500000,180500000
5,190,180500000,180500100,393969,393969,181450000,181450000
5,191,181450000,181450100,393969,393969,182400000,182400000
5,192,182400000,182400100,393969,393969,183350000,183350000
5,193,183350000,183350100,393969,393969,184300000,184300000
5,194,184300000,184300100,393969,393969,185250000,185250000
5,195,185250000,185250100,393969,393969,186200000,186200000
5,196,186200000,186200100,393969,393969,187150000,187150000
5,197,187150000,187150100,393969,393969,188100000,188100000
5,198,188100000,188100100,393969,393969,189050000,189050000
5,199,189050000,189050100,393969,393969,190000000,190000000
5,200,190000000,190000100,393969,393969,190950000,190950000
5,201,190950000,190950100,393969,393969,191900000,191900000
5,202,191900000,191900100,393969,393969,192850000,192850000
5,203,192850000,192850100,393969,393969,193800000,193800000
5,204,193800000,193800100,393969,393969,194750000,194750000
5,205,194750000,194750100,393969,393969,195700000,195700000
5,206,195700000,195700100,393969,393969,196650000,196650000
5,207,196650000,196650100,393969,393969,197600000,197600000
5,208,197600000,197600100,393969,393969,198550000,198550000
5,209,198550000,198550100,393969,393969,199500000,199500000
5,210,199500000,199500100,393969,393969,200450000,200450000
5,211,200450000,200450100,393969,393969,201400000,201400000
5,212,201400000,201400100,393969,393969,202350000,202350000
5,213,202350000,202350100,393969,393969,203300000,203300000
5,214,203300000,203300100,393969,393969,204250000,204250000
5,215,204250000,204250100,393969,393969,205200000,205200000
5,216,205200000,205200100,393969,393969,206150000,206150000
5,217,206150000,206150100,393969,393969,207100000,207100000
5,218,207100000,207100100,393969,393969,208050000,208050000
5,219,208050000,208050100,393969,393969,209000000,209000000
5,220,209000000,209000100,393969,393969,209950000,209950000
5,221,209950000,209950100,393969,393969,210900000,210900000
5,222,210900000,210900100,393969,393969,211850000,211850000
5,223,211850000,211850100,393969,393969,212800000,212800000
5,224,212800000,212800100,393969,393969,213750000,213750000
5,225,213750000,213750100,393969,393969,214700000,214700000
5,226,214700000,214700100,393969,393969,215650000,215650000
5,227,215650000,215650100,393969,393969,216600000,216600000
5,228,216600000,216600100,393969,393969,217550000,217550000
5,229,217550000,217550100,393969,393969,218500000,218500000
5,230,218500000,218500100,393969,393969,219450000,219450000
5,231,219450000,219450100,393969,393969,220400000,220400000
5,232,220400000,220400100,393969,393969,221350000,221350000
5,233,221350000,221350100,393969,393969,222300000,222300000
5,234,222300000,222300100,393969,393969,223250000,223250000
5,235,223250000,223250100,393969,393969,224200000,224200000
5,236,224200000,224200100,393969,393969,225150000,225150000
5,237,225150000,225150100,393969,393969,226100000,226100000
5,238,226100000,226100100,393969,393969,227050000,227050000
5,239,227050000,227050100,393969,393969,228000000,228000000
5,240,228000000,228000100,393969,393969,228950000,228950000
5,241,228950000,228950100,393969,393969,229900000,229900000
5,242,229900000,229900100,393969,393969,230850000,230850000
5,243,230850000,230850100,393969,393969,231800000,231800000
5,244,231800000,231800100,393969,393969,232750000,232750000
5,245,232750000,232750100,393969,393969,233700000,233700000
5,246,233700000,233700100,393969,393969,234650000,234650000
5,247,234650000,234650100,393969,393969,235600000,235600000
5,248,235600000,235600100,393969,393969,236550000,236550000
5,249,236550000,236550100,393969,393969,237500000,237500000
5,250,237500000,237500100,393969,393969,238450000,238450000
5,251,238450000,238450100,393969,393969,239400000,239400000
5,252,239400000,239400100,393969,393969,240350000,240350000
5,253,240350000,240350100,393969,393969,241300000,241300000
5,254,241300000,241300100,393969,393969,242250000,242250000
5,255,242250000,242250100,393969,393969,243200000,243200000
5,256,243200000,243200100,393969,393969,244150000,244150000
5,257,244150000,244150100,393969,393969,245100000,245100000
5,258,245100000,245100100,393969,393969,246050000,246050000
5,259,246050000,246050100,393969,393969,247000000,247000000
5,260,247000000,247000100,393969,393969,247950000,247950000
5,261,247950000,247950100,393969,393969,248900000,248900000
5,262,248900000,248900100,393969,393969,249850000,249850000
5,263,249850000,249850100,393969,393969,250800000,250800000
5,264,250800000,250800100,393969,393969,251750000,251750000
5,265,251750000,251750100,393969,393969,252700000,252700000
5,266,252700000,252700100,393969,393969,253650000,253650000
5,267,253650000,253650100,393969,393969,254600000,254600000
5,268,254600000,254600100,393969,393969,255550000,255550000
5,269,255550000,255550100,393969,393969,256500000,256500000
5,270,256500000,256500100,393969,393969,257450000,257450000
5,271,257450000,257450100,393969,393969,258400000,258400000
5,272,258400000,258400100,393969,393969,259350000,259350000
5,273,259350000,259350100,393969,393969,260300000,260300000
5,274,260300000,260300100,393969,393969,261250000,261250000
5,275,261250000,261250100,393969,393969,262200000,262200000
5,276,262200000,262200100,393969,393969,263150000,263150000
5,277,263150000,263150100,393969,393969,264100000,264100000
5,278,264100000,264100100,393969,393969,265050000,265050000
5,279,265050000,265050100,393969,393969,266000000,266000000
5,280,266000000,266000100,393969,393969,266950000,266950000
5,281,266950000,266950100,393969,393969,267900000,267900000
5,282,267900000,267900100,393969,393969,268850000,268850000
5,283,268850000,268850100,393969,393969,269800000,269800000
5,284,269800000,269800100,393969,393969,270750000,270750000
5,285,270750000,270750100,393969,393969,271700000,271700000
5,286,271700000,271700100,393969,393969,272650000,272650000
5,287,272650000,272650100,393969,393969,273600000,273600000
5,288,273600000,273600100,393969,393969,274550000,274550000
5,289,274550000,274550100,393969,393969,275500000,275500000
5,290,275500000,275500100,393969,393969,276450000,276450000
5,291,276450000,276450100,393969,393969,277400000,277400000
5,292,277400000,277400100,393969,393969,278350000,278350000
5,293,278350000,278350100,393969,393969,279300000,279300000
5,294,279300000,279300100,393969,393969,280250000,280250000
5,295,280250000,280250100,393969,393969,281200000,281200000
5,296,281200000,281200100,393969,393969,282150000,282150000
5,297,282150000,282150100,393969,393969,283100000,283100000
5,298,283100000,283100100,393969,393969,284050000,284050000
5,299,284050000,284050100,393969,393969,285000000,285000000
5,300,285000000,285000100,393969,393969,285950000,285950000
5,301,285950000,285950100,393969,393969,286900000,286900000
5,302,286900000,286900100,393969,393969,287850000,287850000
5,303,287850000,287850100,393969,393969,288800000,288800000
5,304,288800000,288800100,393969,393969,289750000,289750000
5,305,289750000,289750100,393969,393969,290700000,290700000
5,306,290700000,290700100,393969,393969,291650000,291650000
5,307,291650000,291650100,393969,393969,292600000,292600000
5,308,292600000,292600100,393969,393969,293550000,293550000
5,309,293550000,293550100,393969,393969,294500000,294500000
5,310,294500000,294500100,393969,393969,295450000,295450000
5,311,295450000,295450100,393969,393969,296400000,296400000
5,312,296400000,296400100,393969,393969,297350000,297350000
5,313,297350000,297350100,393969,393969,298300000,298300000
5,314,298300000,298300100,393969,393969,299250000,299250000
5,315,299250000,299250100,393969,393969,300200000,300200000
5,316,300200000,300200100,393969,393969,301150000,301150000
5,317,301150000,301150100,393969,393969,302100000,302100000
5,318,302100000,302100100,393969,393969,303050000,303050000
5,319,303050000,303050100,393969,393969,304000000,304000000
5,320,304000000,304000100,393969,393969,304950000,304950000
5,321,304950000,304950100,393969,393969,305900000,305900000
5,322,305900000,305900100,393969,393969,306850000,306850000
5,323,306850000,306850100,393969,393969,307800000,307800000
5,324,307800000,307800100,393969,393969,308750000,308750000
5,325,308750000,308750100,393969,393969,309700000,309700000
5,326,309700000,309700100,393969,393969,310650000,310650000
5,327,310650000,310650100,393969,393969,311600000,311600000
5,328,311600000,311600100,393969,393969,312550000,312550000
5,329,312550000,312550100,393969,393969,313500000,313500000
5,330,313500000,313500100,393969,393969,314450000,314450000
5,331,314450000,314450100,393969,393969,315400000,315400000
5,332,315400000,315400100,393969,393969,316350000,316350000
5,333,316350000,316350100,393969,393969,317300000,317300000
5,334,317300000,317300100,393969,393969,318250000,318250000
5,335,318250000,318250100,393969,393969,319200000,319200000
5,336,319200000,319200100,393969,393969,320150000,320150000
5,337,320150000,320150100,393969,393969,321100000,321100000
5,338,321100000,321100100,393969,393969,322050000,322050000
5,339,322050000,322050100,393969,393969,323000000,323000000
5,340,323000000,323000100,393969,393969,323950000,323950000
5,341,323950000,323950100,393969,393969,324900000,324900000
5,342,324900000,324900100,393969,393969,325850000,325850000
5,343,325850000,325850100,393969,393969,326800000,326800000
5,344,326800000,326800100,393969,393969,327750000,327750000
5,345,327750000,327750100,393969,393969,328700000,328700000
5,346,328700000,328700100,393969,393969,329650000,329650000
5,347,329650000,329650100,393969,393969,330600000,330600000
5,348,330600000,330600100,393969,393969,331550000,331550000
5,349,331550000,331550100,393969,393969,332500000,332500000
5,350,332500000,332500100,393969,393969,333450000,333450000
5,351,333450000,333450100,393969,393969,334400000,334400000
5,352,334400000,334400100,393969,393969,335350000,335350000
5,353,335350000,335350100,393969,393969,336300000,336300000
5,354,336300000,336300100,393969,393969,337250000,337250000
5,355,337250000,337250100,393969,393969,338200000,338200000
5,356,338200000,338200100,393969,393969,339150000,339150000
5,357,339150000,339150100,393969,393969,340100000,340100000
5,358,340100000,340100100,393969,393969,341050000,341050000
5,359,341050000,341050100,393969,393969,342000000,342000000
5,360,342000000,342000100,393969,393969,342950000,342950000
5,361,342950000,342950100,393969,393969,343900000,343900000
5,362,343900000,343900100,393969,393969,344850000,344850000
5,363,344850000,344850100,393969,393969,345800000,345800000
5,364,345800000,345800100,393969,393969,346750000,346750000
5,365,346750000,346750100,393969,393969,347700000,347700000
5,366,347700000,347700100,393969,393969,348650000,348650000
5,367,348650000,348650100,393969,393969,349600000,349600000
5,368,349600000,349600100,393969,393969,350550000,350550000
5,369,350550000,350550100,393969,393969,351500000,351500000
5,370,351500000,351500100,393969,393969,352450000,352450000
5,371,352450000,352450100,393969,393969,353400000,353400000
5,372,353400000,353400100,393969,393969,354350000,354350000
5,373,354350000,354350100,393969,393969,355300000,355300000
5,374,355300000,355300100,393969,393969,356250000,356250000
5,375,356250000,356250100,393969,393969,357200000,357200000
5,376,357200000,357200100,393969,393969,358150000,358150000
5,377,358150000,358150100,393969,393969,359100000,359100000
5,378,359100000,359100100,393969,393969,360050000,360050000
5,379,360050000,360050100,393969,393969,361000000,361000000
5,380,361000000,361000100,393969,393969,361950000,361950000
5,381,361950000,361950100,393969,393969,362900000,362900000
5,382,362900000,362900100,393969,393969,363850000,363850000
5,383,363850000,363850100,393969,393969,364800000,364800000
5,384,364800000,364800100,393969,393969,365750000,365750000
5,385,365750000,365750100,393969,393969,366700000,366700000
5,386,366700000,366700100,393969,393969,367650000,367650000
5,387,367650000,367650100,393969,393969,368600000,368600000
5,388,368600000,368600100,393969,393969,369550000,369550000
5,389,369550000,369550100,393969,393969,370500000,370500000
5,390,370500000,370500100,393969,393969,371450000,371450000
5,391,371450000,371450100,393969,393969,372400000,372400000
5,392,372400000,372400100,393969,393969,373350000,373350000
5,393,373350000,373350100,393969,393969,374300000,374300000
5,394,374300000,374300100,393969,393969,375250000,375250000
5,395,375250000,375250100,393969,393969,376200000,376200000
5,396,376200000,376200100,393969,393969,377150000,377150000
5,397,377150000,377150100,393969,393969,378100000,378100000
5,398,378100000,378100100,393969,393969,379050000,379050000
5,399,379050000,379050100,393969,393969,380000000,380000000
5,400,380000000,380000100,393969,393969,380950000,380950000
5,401,380950000,380950100,393969,393969,381900000,381900000
5,402,381900000,381900100,393969,393969,382850000,382850000
5,403,382850000,382850100,393969,393969,383800000,383800000
5,404,383800000,383800100,393969,393969,384750000,384750000
5,405,384750000,384750100,393969,393969,385700000,385700000
5,406,385700000,385700100,393969,393969,386650000,386650000
5,407,386650000,386650100,393969,393969,387600000,387600000
5,408,387600000,387600100,393969,393969,388550000,388550000
5,409,388550000,388550100,393969,393969,389500000,389500000
5,410,389500000,389500100,393969,393969,390450000,390450000
5,411,390450000,390450100,393969,393969,391400000,391400000
5,412,391400000,391400100,393969,393969,392350000,392350000
5,413,392350000,392350100,393969,393969,393300000,393300000
5,414,393300000,393300100,393969,393969,394250000,394250000
5,415,394250000,394250100,393969,393969,395200000,395200000
5,416,395200000,395200100,393969,393969,396150000,396150000
5,417,396150000,396150100,393969,393969,397100000,397100000
5,418,397100000,397100100,393969,393969,398050000,398050000
5,419,398050000,398050100,393969,393969,399000000,399000000
5,420,399000000,399000100,393969,393969,399950000,399950000
5,421,399950000,399950100,393969,393969,400900000,400900000
5,422,400900000,400900100,393969,393969,401850000,401850000
5,423,401850000,401850100,393969,393969,402800000,402800000
5,424,402800000,402800100,393969,393969,403750000,403750000
5,425,403750000,403750100,393969,393969,404700000,404700000
5,426,404700000,404700100,393969,393969,405650000,405650000
5,427,405650000,405650100,393969,393969,406600000,406600000
5,428,406600000,406600100,393969,393969,407550000,407550000
5,429,407550000,407550100,393969,393969,408500000,408500000
5,430,408500000,408500100,393969,393969,409450000,409450000
5,431,409450000,409450100,393969,393969,410400000,410400000
5,432,410400000,410400100,393969,393969,411350000,411350000
5,433,411350000,411350100,393969,393969,412300000,412300000
5,434,412300000,412300100,393969,393969,413250000,413250000
5,435,413250000,413250100,393969,393969,414200000,414200000
5,436,414200000,414200100,393969,393969,415150000,415150000
5,437,415150000,415150100,393969,393969,416100000,416100000
5,438,416100000,416100100,393969,393969,417050000,417050000
5,439,417050000,417050100,393969,393969,418000000,418000000
5,440,418000000,418000100,393969,393969,418950000,418950000
5,441,418950000,418950100,393969,393969,419900000,419900000
5,442,419900000,419900100,393969,393969,420850000,420850000
5,443,420850000,420850100,393969,393969,421800000,421800000
5,444,421800000,421800100,393969,393969,422750000,422750000
5,445,422750000,422750100,393969,393969,423700000,423700000
5,446,423700000,423700100,393969,393969,424650000,424650000
5,447,424650000,424650100,393969,393969,425600000,425600000
5,448,425600000,425600100,393969,393969,426550000,426550000
5,449,426550000,426550100,393969,393969,427500000,427500000
5,450,427500000,427500100,393969,393969,428450000,428450000
5,451,428450000,428450100,393969,393969,429400000,429400000
5,452,429400000,429400100,393969,393969,430350000,430350000
5,453,430350000,430350100,393969,393969,431300000,431300000
5,454,431300000,431300100,393969,393969,432250000,432250000
5,455,432250000,432250100,393969,393969,433200000,433200000
5,456,433200000,433200100,393969,393969,434150000,434150000
5,457,434150000,434150100,393969,393969,435100000,435100000
5,458,435100000,435100100,393969,393969,436050000,436050000
5,459,436050000,436050100,393969,393969,437000000,437000000
5,460,437000000,437000100,393969,393969,437950000,437950000
5,461,437950000,437950100,393969,393969,438900000,438900000
5,462,438900000,438900100,393969,393969,439850000,439850000
5,463,439850000,439850100,393969,393969,440800000,440800000
5,464,440800000,440800100,393969,393969,441750000,441750000
5,465,441750000,441750100,393969,393969,442700000,442700000
5,466,442700000,442700100,393969,393969,443650000,443650000
5,467,443650000,443650100,393969,393969,444600000,444600000
5,468,444600000,444600100,393969,393969,445550000,445550000
5,469,445550000,445550100,393969,393969,446500000,446500000
5,470,446500000,446500100,393969,393969,447450000,447450000
5,471,447450000,447450100,393969,393969,448400000,448400000
5,472,448400000,448400100,393969,393969,449350000,449350000
5,473,449350000,449350100,393969,393969,450300000,450300000
5,474,450300000,450300100,393969,393969,451250000,451250000
5,475,451250000,451250100,393969,393969,452200000,452200000
5,476,452200000,452200100,393969,393969,453150000,453150000
5,477,453150000,453150100,393969,393969,454100000,454100000
5,478,454100000,454100100,393969,393969,455050000,455050000
5,479,455050000,455050100,393969,393969,456000000,456000000
5,480,456000000,456000100,393969,393969,456950000,456950000
5,481,456950000,456950100,393969,393969,457900000,457900000
5,482,457900000,457900100,393969,393969,458850000,458850000
5,483,458850000,458850100,393969,393969,459800000,459800000
5,484,459800000,459800100,393969,393969,460750000,460750000
5,485,460750000,460750100,393969,393969,461700000,461700000
5,486,461700000,461700100,393969,393969,462650000,462650000
5,487,462650000,462650100,393969,393969,463600000,463600000
5,488,463600000,463600100,393969,393969,464550000,464550000
5,489,464550000,464550100,393969,393969,465500000,465500000
5,490,465500000,465500100,393969,393969,466450000,466450000
5,491,466450000,466450100,393969,393969,467400000,467400000
5,492,467400000,467400100,393969,393969,468350000,468350000
5,493,468350000,468350100,393969,393969,469300000,469300000
5,494,469300000,469300100,393969,393969,470250000,470250000
5,495,470250000,470250100,393969,393969,471200000,471200000
5,496,471200000,471200100,393969,393969,472150000,472150000
5,497,472150000,472150100,393969,393969,473100000,473100000
5,498,473100000,473100100,393969,393969,474050000,474050000
5,499,474050000,474050100,393969,393969,475000000,475000000
5,500,475000000,475000100,393969,393969,475950000,475950000
5,501,475950000,475950100,393969,393969,476900000,476900000
5,502,476900000,476900100,393969,393969,477850000,477850000
5,503,477850000,477850100,393969,393969,478800000,478800000
5,504,478800000,478800100,393969,393969,479750000,479750000
5,505,479750000,479750100,393969,393969,480700000,480700000
5,506,480700000,480700100,393969,393969,481650000,481650000
5,507,481650000,481650100,393969,393969,482600000,482600000
5,508,482600000,482600100,393969,393969,483550000,483550000
5,509,483550000,483550100,393969,393969,484500000,484500000
5,510,484500000,484500100,393969,393969,485450000,485450000
5,511,485450000,485450100,393969,393969,486400000,486400000
5,512,486400000,486400100,393969,393969,487350000,487350000
5,513,487350000,487350100,393969,393969,488300000,488300000
5,514,488300000,488300100,393969,393969,489250000,489250000
5,515,489250000,489250100,393969,393969,490200000,490200000
5,516,490200000,490200100,393969,393969,491150000,491150000
5,517,491150000,491150100,393969,393969,492100000,492100000
5,518,492100000,492100100,393969,393969,493050000,493050000
5,519,493050000,493050100,393969,393969,494000000,494000000
