Task ID,Job ID,Arrival min,Arrival max,Cost min,Cost max,Deadline,Priority
0,0,0,100,11574,19291,100000,100000
0,1,100000,100100,11574,19291,200000,200000
0,2,200000,200100,11574,19291,300000,300000
0,3,300000,300100,11574,19291,400000,400000
0,4,400000,400100,11574,19291,500000,500000
0,5,500000,500100,11574,19291,600000,600000
0,6,600000,600100,11574,19291,700000,700000
0,7,700000,700100,11574,19291,800000,800000
0,8,800000,800100,11574,19291,900000,900000
0,9,900000,900100,11574,19291,1000000,1000000
0,10,1000000,1000100,11574,19291,1100000,1100000
0,11,1100000,1100100,11574,19291,1200000,1200000
0,12,1200000,1200100,11574,19291,1300000,1300000
0,13,1300000,1300100,11574,19291,1400000,1400000
0,14,1400000,1400100,11574,19291,1500000,1500000
0,15,1500000,1500100,11574,19291,1600000,1600000
0,16,1600000,1600100,11574,19291,1700000,1700000
0,17,1700000,1700100,11574,19291,1800000,1800000
0,18,1800000,1800100,11574,19291,1900000,1900000
0,19,1900000,1900100,11574,19291,2000000,2000000
0,20,2000000,2000100,11574,19291,2100000,2100000
0,21,2100000,2100100,11574,19291,2200000,2200000
0,22,2200000,2200100,11574,19291,2300000,2300000
0,23,2300000,2300100,11574,19291,2400000,2400000
0,24,2400000,2400100,11574,19291,2500000,2500000
0,25,2500000,2500100,11574,19291,2600000,2600000
0,26,2600000,2600100,11574,19291,2700000,2700000
0,27,2700000,2700100,11574,19291,2800000,2800000
0,28,2800000,2800100,11574,19291,2900000,2900000
0,29,2900000,2900100,11574,19291,3000000,3000000
0,30,3000000,3000100,11574,19291,3100000,3100000
0,31,3100000,3100100,11574,19291,3200000,3200000
0,32,3200000,3200100,11574,19291,3300000,3300000
0,33,3300000,3300100,11574,19291,3400000,3400000
0,34,3400000,3400100,11574,19291,3500000,3500000
0,35,3500000,3500100,11574,19291,3600000,3600000
0,36,3600000,3600100,11574,19291,3700000,3700000
0,37,3700000,3700100,11574,19291,3800000,3800000
0,38,3800000,3800100,11574,19291,3900000,3900000
0,39,3900000,3900100,11574,19291,4000000,4000000
0,40,4000000,4000100,11574,19291,4100000,4100000
0,41,4100000,4100100,11574,19291,4200000,4200000
0,42,4200000,4200100,11574,19291,4300000,4300000
0,43,4300000,4300100,11574,19291,4400000,4400000
0,44,4400000,4400100,11574,19291,4500000,4500000
0,45,4500000,4500100,11574,19291,4600000,4600000
0,46,4600000,4600100,11574,19291,4700000,4700000
0,47,4700000,4700100,11574,19291,4800000,4800000
0,48,4800000,4800100,11574,19291,4900000,4900000
0,49,4900000,4900100,11574,19291,5000000,5000000
0,50,5000000,5000100,11574,19291,5100000,5100000
0,51,5100000,5100100,11574,19291,5200000,5200000
0,52,5200000,5200100,11574,19291,5300000,5300000
0,53,5300000,5300100,11574,19291,5400000,5400000
0,54,5400000,5400100,11574,19291,5500000,5500000
0,55,5500000,5500100,11574,19291,5600000,5600000
0,56,5600000,5600100,11574,19291,5700000,5700000
0,57,5700000,5700100,11574,19291,5800000,5800000
0,58,5800000,5800100,11574,19291,5900000,5900000
0,59,5900000,5900100,11574,19291,6000000,6000000
0,60,6000000,6000100,11574,19291,6100000,6100000
0,61,6100000,6100100,11574,19291,6200000,6200000
0,62,6200000,6200100,11574,19291,6300000,6300000
0,63,6300000,6300100,11574,19291,6400000,6400000
0,64,6400000,6400100,11574,19291,6500000,6500000
0,65,6500000,6500100,11574,19291,6600000,6600000
0,66,6600000,6600100,11574,19291,6700000,6700000
0,67,6700000,6700100,11574,19291,6800000,6800000
0,68,6800000,6800100,11574,19291,6900000,6900000
0,69,6900000,6900100,11574,19291,7000000,7000000
0,70,7000000,7000100,11574,19291,7100000,7100000
0,71,7100000,7100100,11574,19291,7200000,7200000
0,72,7200000,7200100,11574,19291,7300000,7300000
0,73,7300000,7300100,11574,19291,7400000,7400000
0,74,7400000,7400100,11574,19291,7500000,7500000
0,75,7500000,7500100,11574,19291,7600000,7600000
0,76,7600000,7600100,11574,19291,7700000,7700000
0,77,7700000,7700100,11574,19291,7800000,7800000
0,78,7800000,7800100,11574,19291,7900000,7900000
0,79,7900000,7900100,11574,19291,8000000,8000000
0,80,8000000,8000100,11574,19291,8100000,8100000
0,81,8100000,8100100,11574,19291,8200000,8200000
0,82,8200000,8200100,11574,19291,8300000,8300000
0,83,8300000,8300100,11574,19291,8400000,8400000
0,84,8400000,8400100,11574,19291,8500000,8500000
0,85,8500000,8500100,11574,19291,8600000,8600000
0,86,8600000,8600100,11574,19291,8700000,8700000
0,87,8700000,8700100,11574,19291,8800000,8800000
0,88,8800000,8800100,11574,19291,8900000,8900000
0,89,8900000,8900100,11574,19291,9000000,9000000
0,90,9000000,9000100,11574,19291,9100000,9100000
0,91,9100000,9100100,11574,19291,9200000,9200000
0,92,9200000,9200100,11574,19291,9300000,9300000
0,93,9300000,9300100,11574,19291,9400000,9400000
0,94,9400000,9400100,11574,19291,9500000,9500000
0,95,9500000,9500100,11574,19291,9600000,9600000
0,96,9600000,9600100,11574,19291,9700000,9700000
0,97,9700000,9700100,11574,19291,9800000,9800000
0,98,9800000,9800100,11574,19291,9900000,9900000
0,99,9900000,9900100,11574,19291,10000000,10000000
0,100,10000000,10000100,11574,19291,10100000,10100000
0,101,10100000,10100100,11574,19291,10200000,10200000
0,102,10200000,10200100,11574,19291,10300000,10300000
0,103,10300000,10300100,11574,19291,10400000,10400000
0,104,10400000,10400100,11574,19291,10500000,10500000
0,105,10500000,10500100,11574,19291,10600000,10600000
0,106,10600000,10600100,11574,19291,10700000,10700000
0,107,10700000,10700100,11574,19291,10800000,10800000
0,108,10800000,10800100,11574,19291,10900000,10900000
0,109,10900000,10900100,11574,19291,11000000,11000000
0,110,11000000,11000100,11574,19291,11100000,11100000
0,111,11100000,11100100,11574,19291,11200000,11200000
0,112,11200000,11200100,11574,19291,11300000,11300000
0,113,11300000,11300100,11574,19291,11400000,11400000
0,114,11400000,11400100,11574,19291,11500000,11500000
0,115,11500000,11500100,11574,19291,11600000,11600000
0,116,11600000,11600100,11574,19291,11700000,11700000
0,117,11700000,11700100,11574,19291,11800000,11800000
0,118,11800000,11800100,11574,19291,11900000,11900000
0,119,11900000,11900100,11574,19291,12000000,12000000
0,120,12000000,12000100,11574,19291,12100000,12100000
0,121,12100000,12100100,11574,19291,12200000,12200000
0,122,12200000,12200100,11574,19291,12300000,12300000
0,123,12300000,12300100,11574,19291,12400000,12400000
0,124,12400000,12400100,11574,19291,12500000,12500000
0,125,12500000,12500100,11574,19291,12600000,12600000
0,126,12600000,12600100,11574,19291,12700000,12700000
0,127,12700000,12700100,11574,19291,12800000,12800000
0,128,12800000,12800100,11574,19291,12900000,12900000
0,129,12900000,12900100,11574,19291,13000000,13000000
0,130,13000000,13000100,11574,19291,13100000,13100000
0,131,13100000,13100100,11574,19291,13200000,13200000
0,132,13200000,13200100,11574,19291,13300000,13300000
0,133,13300000,13300100,11574,19291,13400000,13400000
0,134,13400000,13400100,11574,19291,13500000,13500000
0,135,13500000,13500100,11574,19291,13600000,13600000
0,136,13600000,13600100,11574,19291,13700000,13700000
0,137,13700000,13700100,11574,19291,13800000,13800000
0,138,13800000,13800100,11574,19291,13900000,13900000
0,139,13900000,13900100,11574,19291,14000000,14000000
0,140,14000000,14000100,11574,19291,14100000,14100000
0,141,14100000,14100100,11574,19291,14200000,14200000
0,142,14200000,14200100,11574,19291,14300000,14300000
0,143,14300000,14300100,11574,19291,14400000,14400000
0,144,14400000,14400100,11574,19291,14500000,14500000
0,145,14500000,14500100,11574,19291,14600000,14600000
0,146,14600000,14600100,11574,19291,14700000,14700000
0,147,14700000,14700100,11574,19291,14800000,14800000
0,148,14800000,14800100,11574,19291,14900000,14900000
0,149,14900000,14900100,11574,19291,15000000,15000000
0,150,15000000,15000100,11574,19291,15100000,15100000
0,151,15100000,15100100,11574,19291,15200000,15200000
0,152,15200000,15200100,11574,19291,15300000,15300000
0,153,15300000,15300100,11574,19291,15400000,15400000
0,154,15400000,15400100,11574,19291,15500000,15500000
0,155,15500000,15500100,11574,19291,15600000,15600000
0,156,15600000,15600100,11574,19291,15700000,15700000
0,157,15700000,15700100,11574,19291,15800000,15800000
0,158,15800000,15800100,11574,19291,15900000,15900000
0,159,15900000,15900100,11574,19291,16000000,16000000
0,160,16000000,16000100,11574,19291,16100000,16100000
0,161,16100000,16100100,11574,19291,16200000,16200000
0,162,16200000,16200100,11574,19291,16300000,16300000
0,163,16300000,16300100,11574,19291,16400000,16400000
0,164,16400000,16400100,11574,19291,16500000,16500000
0,165,16500000,16500100,11574,19291,16600000,16600000
0,166,16600000,16600100,11574,19291,16700000,16700000
0,167,16700000,16700100,11574,19291,16800000,16800000
0,168,16800000,16800100,11574,19291,16900000,16900000
0,169,16900000,16900100,11574,19291,17000000,17000000
0,170,17000000,17000100,11574,19291,17100000,17100000
0,171,17100000,17100100,11574,19291,17200000,17200000
0,172,17200000,17200100,11574,19291,17300000,17300000
0,173,17300000,17300100,11574,19291,17400000,17400000
0,174,17400000,17400100,11574,19291,17500000,17500000
0,175,17500000,17500100,11574,19291,17600000,17600000
0,176,17600000,17600100,11574,19291,17700000,17700000
0,177,17700000,17700100,11574,19291,17800000,17800000
0,178,17800000,17800100,11574,19291,17900000,17900000
0,179,17900000,17900100,11574,19291,18000000,18000000
0,180,18000000,18000100,11574,19291,18100000,18100000
0,181,18100000,18100100,11574,19291,18200000,18200000
0,182,18200000,18200100,11574,19291,18300000,18300000
0,183,18300000,18300100,11574,19291,18400000,18400000
0,184,18400000,18400100,11574,19291,18500000,18500000
0,185,18500000,18500100,11574,19291,18600000,18600000
0,186,18600000,18600100,11574,19291,18700000,18700000
0,187,18700000,18700100,11574,19291,18800000,18800000
0,188,18800000,18800100,11574,19291,18900000,18900000
0,189,18900000,18900100,11574,19291,19000000,19000000
0,190,19000000,19000100,11574,19291,19100000,19100000
0,191,19100000,19100100,11574,19291,19200000,19200000
0,192,19200000,19200100,11574,19291,19300000,19300000
0,193,19300000,19300100,11574,19291,19400000,19400000
0,194,19400000,19400100,11574,19291,19500000,19500000
0,195,19500000,19500100,11574,19291,19600000,19600000
0,196,19600000,19600100,11574,19291,19700000,19700000
0,197,19700000,19700100,11574,19291,19800000,19800000
0,198,19800000,19800100,11574,19291,19900000,19900000
0,199,19900000,19900100,11574,19291,20000000,20000000
0,200,20000000,20000100,11574,19291,20100000,20100000
0,201,20100000,20100100,11574,19291,20200000,20200000
0,202,20200000,20200100,11574,19291,20300000,20300000
0,203,20300000,20300100,11574,19291,20400000,20400000
0,204,20400000,20400100,11574,19291,20500000,20500000
0,205,20500000,20500100,11574,19291,20600000,20600000
0,206,20600000,20600100,11574,19291,20700000,20700000
0,207,20700000,20700100,11574,19291,20800000,20800000
0,208,20800000,20800100,11574,19291,20900000,20900000
0,209,20900000,20900100,11574,19291,21000000,21000000
0,210,21000000,21000100,11574,19291,21100000,21100000
0,211,21100000,21100100,11574,19291,21200000,21200000
0,212,21200000,21200100,11574,19291,21300000,21300000
0,213,21300000,21300100,11574,19291,21400000,21400000
0,214,21400000,21400100,11574,19291,21500000,21500000
0,215,21500000,21500100,11574,19291,21600000,21600000
0,216,21600000,21600100,11574,19291,21700000,21700000
0,217,21700000,21700100,11574,19291,21800000,21800000
0,218,21800000,21800100,11574,19291,21900000,21900000
0,219,21900000,21900100,11574,19291,22000000,22000000
0,220,22000000,22000100,11574,19291,22100000,22100000
0,221,22100000,22100100,11574,19291,22200000,22200000
0,222,22200000,22200100,11574,19291,22300000,22300000
0,223,22300000,22300100,11574,19291,22400000,22400000
0,224,22400000,22400100,11574,19291,22500000,22500000
0,225,22500000,22500100,11574,19291,22600000,22600000
0,226,22600000,22600100,11574,19291,22700000,22700000
0,227,22700000,22700100,11574,19291,22800000,22800000
0,228,22800000,22800100,11574,19291,22900000,22900000
0,229,22900000,22900100,11574,19291,23000000,23000000
0,230,23000000,23000100,11574,19291,23100000,23100000
0,231,23100000,23100100,11574,19291,23200000,23200000
0,232,23200000,23200100,11574,19291,23300000,23300000
0,233,23300000,23300100,11574,19291,23400000,23400000
0,234,23400000,23400100,11574,19291,23500000,23500000
0,235,23500000,23500100,11574,19291,23600000,23600000
0,236,23600000,23600100,11574,19291,23700000,23700000
0,237,23700000,23700100,11574,19291,23800000,23800000
0,238,23800000,23800100,11574,19291,23900000,23900000
0,239,23900000,23900100,11574,19291,24000000,24000000
0,240,24000000,24000100,11574,19291,24100000,24100000
0,241,24100000,24100100,11574,19291,24200000,24200000
0,242,24200000,24200100,11574,19291,24300000,24300000
0,243,24300000,24300100,11574,19291,24400000,24400000
0,244,24400000,24400100,11574,19291,24500000,24500000
0,245,24500000,24500100,11574,19291,24600000,24600000
0,246,24600000,24600100,11574,19291,24700000,24700000
0,247,24700000,24700100,11574,19291,24800000,24800000
0,248,24800000,24800100,11574,19291,24900000,24900000
0,249,24900000,24900100,11574,19291,25000000,25000000
0,250,25000000,25000100,11574,19291,25100000,25100000
0,251,25100000,25100100,11574,19291,25200000,25200000
0,252,25200000,25200100,11574,19291,25300000,25300000
0,253,25300000,25300100,11574,19291,25400000,25400000
0,254,25400000,25400100,11574,19291,25500000,25500000
0,255,25500000,25500100,11574,19291,25600000,25600000
0,256,25600000,25600100,11574,19291,25700000,25700000
0,257,25700000,25700100,11574,19291,25800000,25800000
0,258,25800000,25800100,11574,19291,25900000,25900000
0,259,25900000,25900100,11574,19291,26000000,26000000
0,260,26000000,26000100,11574,19291,26100000,26100000
0,261,26100000,26100100,11574,19291,26200000,26200000
0,262,26200000,26200100,11574,19291,26300000,26300000
0,263,26300000,26300100,11574,19291,26400000,26400000
0,264,26400000,26400100,11574,19291,26500000,26500000
0,265,26500000,26500100,11574,19291,26600000,26600000
0,266,26600000,26600100,11574,19291,26700000,26700000
0,267,26700000,26700100,11574,19291,26800000,26800000
0,268,26800000,26800100,11574,19291,26900000,26900000
0,269,26900000,26900100,11574,19291,27000000,27000000
0,270,27000000,27000100,11574,19291,27100000,27100000
0,271,27100000,27100100,11574,19291,27200000,27200000
0,272,27200000,27200100,11574,19291,27300000,27300000
0,273,27300000,27300100,11574,19291,27400000,27400000
0,274,27400000,27400100,11574,19291,27500000,27500000
0,275,27500000,27500100,11574,19291,27600000,27600000
0,276,27600000,27600100,11574,19291,27700000,27700000
0,277,27700000,27700100,11574,19291,27800000,27800000
0,278,27800000,27800100,11574,19291,27900000,27900000
0,279,27900000,27900100,11574,19291,28000000,28000000
0,280,28000000,28000100,11574,19291,28100000,28100000
0,281,28100000,28100100,11574,19291,28200000,28200000
0,282,28200000,28200100,11574,19291,28300000,28300000
0,283,28300000,28300100,11574,19291,28400000,28400000
0,284,28400000,28400100,11574,19291,28500000,28500000
0,285,28500000,28500100,11574,19291,28600000,28600000
0,286,28600000,28600100,11574,19291,28700000,28700000
0,287,28700000,28700100,11574,19291,28800000,28800000
0,288,28800000,28800100,11574,19291,28900000,28900000
0,289,28900000,28900100,11574,19291,29000000,29000000
0,290,29000000,29000100,11574,19291,29100000,29100000
0,291,29100000,29100100,11574,19291,29200000,29200000
0,292,29200000,29200100,11574,19291,29300000,29300000
0,293,29300000,29300100,11574,19291,29400000,29400000
0,294,29400000,29400100,11574,19291,29500000,29500000
0,295,29500000,29500100,11574,19291,29600000,29600000
0,296,29600000,29600100,11574,19291,29700000,29700000
0,297,29700000,29700100,11574,19291,29800000,29800000
0,298,29800000,29800100,11574,19291,29900000,29900000
0,299,29900000,29900100,11574,19291,30000000,30000000
0,300,30000000,30000100,11574,19291,30100000,30100000
0,301,30100000,30100100,11574,19291,30200000,30200000
0,302,30200000,30200100,11574,19291,30300000,30300000
0,303,30300000,30300100,11574,19291,30400000,30400000
0,304,30400000,30400100,11574,19291,30500000,30500000
0,305,30500000,30500100,11574,19291,30600000,30600000
0,306,30600000,30600100,11574,19291,30700000,30700000
0,307,30700000,30700100,11574,19291,30800000,30800000
0,308,30800000,30800100,11574,19291,30900000,30900000
0,309,30900000,30900100,11574,19291,31000000,31000000
0,310,31000000,31000100,11574,19291,31100000,31100000
0,311,31100000,31100100,11574,19291,31200000,31200000
0,312,31200000,31200100,11574,19291,31300000,31300000
0,313,31300000,31300100,11574,19291,31400000,31400000
0,314,31400000,31400100,11574,19291,31500000,31500000
0,315,31500000,31500100,11574,19291,31600000,31600000
0,316,31600000,31600100,11574,19291,31700000,31700000
0,317,31700000,31700100,11574,19291,31800000,31800000
0,318,31800000,31800100,11574,19291,31900000,31900000
0,319,31900000,31900100,11574,19291,32000000,32000000
0,320,32000000,32000100,11574,19291,32100000,32100000
0,321,32100000,32100100,11574,19291,32200000,32200000
0,322,32200000,32200100,11574,19291,32300000,32300000
0,323,32300000,32300100,11574,19291,32400000,32400000
0,324,32400000,32400100,11574,19291,32500000,32500000
0,325,32500000,32500100,11574,19291,32600000,32600000
0,326,32600000,32600100,11574,19291,32700000,32700000
0,327,32700000,32700100,11574,19291,32800000,32800000
0,328,32800000,32800100,11574,19291,32900000,32900000
0,329,32900000,32900100,11574,19291,33000000,33000000
0,330,33000000,33000100,11574,19291,33100000,33100000
0,331,33100000,33100100,11574,19291,33200000,33200000
0,332,33200000,33200100,11574,19291,33300000,33300000
0,333,33300000,33300100,11574,19291,33400000,33400000
0,334,33400000,33400100,11574,19291,33500000,33500000
0,335,33500000,33500100,11574,19291,33600000,33600000
0,336,33600000,33600100,11574,19291,33700000,33700000
0,337,33700000,33700100,11574,19291,33800000,33800000
0,338,33800000,33800100,11574,19291,33900000,33900000
0,339,33900000,33900100,11574,19291,34000000,34000000
0,340,34000000,34000100,11574,19291,34100000,34100000
0,341,34100000,34100100,11574,19291,34200000,34200000
0,342,34200000,34200100,11574,19291,34300000,34300000
0,343,34300000,34300100,11574,19291,34400000,34400000
0,344,34400000,34400100,11574,19291,34500000,34500000
0,345,34500000,34500100,11574,19291,34600000,34600000
0,346,34600000,34600100,11574,19291,34700000,34700000
0,347,34700000,34700100,11574,19291,34800000,34800000
0,348,34800000,34800100,11574,19291,34900000,34900000
0,349,34900000,34900100,11574,19291,35000000,35000000
0,350,35000000,35000100,11574,19291,35100000,35100000
0,351,35100000,35100100,11574,19291,35200000,35200000
0,352,35200000,35200100,11574,19291,35300000,35300000
0,353,35300000,35300100,11574,19291,35400000,35400000
0,354,35400000,35400100,11574,19291,35500000,35500000
0,355,35500000,35500100,11574,19291,35600000,35600000
0,356,35600000,35600100,11574,19291,35700000,35700000
0,357,35700000,35700100,11574,19291,35800000,35800000
0,358,35800000,35800100,11574,19291,35900000,35900000
0,359,35900000,35900100,11574,19291,36000000,36000000
0,360,36000000,36000100,11574,19291,36100000,36100000
0,361,36100000,36100100,11574,19291,36200000,36200000
0,362,36200000,36200100,11574,19291,36300000,36300000
0,363,36300000,36300100,11574,19291,36400000,36400000
0,364,36400000,36400100,11574,19291,36500000,36500000
0,365,36500000,36500100,11574,19291,36600000,36600000
0,366,36600000,36600100,11574,19291,36700000,36700000
0,367,36700000,36700100,11574,19291,36800000,36800000
0,368,36800000,36800100,11574,19291,36900000,36900000
0,369,36900000,36900100,11574,19291,37000000,37000000
0,370,37000000,37000100,11574,19291,37100000,37100000
0,371,37100000,37100100,11574,19291,37200000,37200000
0,372,37200000,37200100,11574,19291,37300000,37300000
0,373,37300000,37300100,11574,19291,37400000,37400000
0,374,37400000,37400100,11574,19291,37500000,37500000
0,375,37500000,37500100,11574,19291,37600000,37600000
0,376,37600000,37600100,11574,19291,37700000,37700000
0,377,37700000,37700100,11574,19291,37800000,37800000
0,378,37800000,37800100,11574,19291,37900000,37900000
0,379,37900000,37900100,11574,19291,38000000,38000000
0,380,38000000,38000100,11574,19291,38100000,38100000
0,381,38100000,38100100,11574,19291,38200000,38200000
0,382,38200000,38200100,11574,19291,38300000,38300000
0,383,38300000,38300100,11574,19291,38400000,38400000
0,384,38400000,38400100,11574,19291,38500000,38500000
0,385,38500000,38500100,11574,19291,38600000,38600000
0,386,38600000,38600100,11574,19291,38700000,38700000
0,387,38700000,38700100,11574,19291,38800000,38800000
0,388,38800000,38800100,11574,19291,38900000,38900000
0,389,38900000,38900100,11574,19291,39000000,39000000
0,390,39000000,39000100,11574,19291,39100000,39100000
0,391,39100000,39100100,11574,19291,39200000,39200000
0,392,39200000,39200100,11574,19291,39300000,39300000
0,393,39300000,39300100,11574,19291,39400000,39400000
0,394,39400000,39400100,11574,19291,39500000,39500000
0,395,39500000,39500100,11574,19291,39600000,39600000
0,396,39600000,39600100,11574,19291,39700000,39700000
0,397,39700000,39700100,11574,19291,39800000,39800000
0,398,39800000,39800100,11574,19291,39900000,39900000
0,399,39900000,39900100,11574,19291,40000000,40000000
0,400,40000000,40000100,11574,19291,40100000,40100000
0,401,40100000,40100100,11574,19291,40200000,40200000
0,402,40200000,40200100,11574,19291,40300000,40300000
0,403,40300000,40300100,11574,19291,40400000,40400000
0,404,40400000,40400100,11574,19291,40500000,40500000
0,405,40500000,40500100,11574,19291,40600000,40600000
0,406,40600000,40600100,11574,19291,40700000,40700000
0,407,40700000,40700100,11574,19291,40800000,40800000
0,408,40800000,40800100,11574,19291,40900000,40900000
0,409,40900000,40900100,11574,19291,41000000,41000000
0,410,41000000,41000100,11574,19291,41100000,41100000
0,411,41100000,41100100,11574,19291,41200000,41200000
0,412,41200000,41200100,11574,19291,41300000,41300000
0,413,41300000,41300100,11574,19291,41400000,41400000
0,414,41400000,41400100,11574,19291,41500000,41500000
0,415,41500000,41500100,11574,19291,41600000,41600000
0,416,41600000,41600100,11574,19291,41700000,41700000
0,417,41700000,41700100,11574,19291,41800000,41800000
0,418,41800000,41800100,11574,19291,41900000,41900000
0,419,41900000,41900100,11574,19291,42000000,42000000
0,420,42000000,42000100,11574,19291,42100000,42100000
0,421,42100000,42100100,11574,19291,42200000,42200000
0,422,42200000,42200100,11574,19291,42300000,42300000
0,423,42300000,42300100,11574,19291,42400000,42400000
0,424,42400000,42400100,11574,19291,42500000,42500000
0,425,42500000,42500100,11574,19291,42600000,42600000
0,426,42600000,42600100,11574,19291,42700000,42700000
0,427,42700000,42700100,11574,19291,42800000,42800000
0,428,42800000,42800100,11574,19291,42900000,42900000
0,429,42900000,42900100,11574,19291,43000000,43000000
0,430,43000000,43000100,11574,19291,43100000,43100000
0,431,43100000,43100100,11574,19291,43200000,43200000
0,432,43200000,43200100,11574,19291,43300000,43300000
0,433,43300000,43300100,11574,19291,43400000,43400000
0,434,43400000,43400100,11574,19291,43500000,43500000
0,435,43500000,43500100,11574,19291,43600000,43600000
0,436,43600000,43600100,11574,19291,43700000,43700000
0,437,43700000,43700100,11574,19291,43800000,43800000
0,438,43800000,43800100,11574,19291,43900000,43900000
0,439,43900000,43900100,11574,19291,44000000,44000000
0,440,44000000,44000100,11574,19291,44100000,44100000
0,441,44100000,44100100,11574,19291,44200000,44200000
0,442,44200000,44200100,11574,19291,44300000,44300000
0,443,44300000,44300100,11574,19291,44400000,44400000
0,444,44400000,44400100,11574,19291,44500000,44500000
0,445,44500000,44500100,11574,19291,44600000,44600000
0,446,44600000,44600100,11574,19291,44700000,44700000
0,447,44700000,44700100,11574,19291,44800000,44800000
0,448,44800000,44800100,11574,19291,44900000,44900000
0,449,44900000,44900100,11574,19291,45000000,45000000
0,450,45000000,45000100,11574,19291,45100000,45100000
0,451,45100000,45100100,11574,19291,45200000,45200000
0,452,45200000,45200100,11574,19291,45300000,45300000
0,453,45300000,45300100,11574,19291,45400000,45400000
0,454,45400000,45400100,11574,19291,45500000,45500000
0,455,45500000,45500100,11574,19291,45600000,45600000
0,456,45600000,45600100,11574,19291,45700000,45700000
0,457,45700000,45700100,11574,19291,45800000,45800000
0,458,45800000,45800100,11574,19291,45900000,45900000
0,459,45900000,45900100,11574,19291,46000000,46000000
0,460,46000000,46000100,11574,19291,46100000,46100000
0,461,46100000,46100100,11574,19291,46200000,46200000
0,462,46200000,46200100,11574,19291,46300000,46300000
0,463,46300000,46300100,11574,19291,46400000,46400000
0,464,46400000,46400100,11574,19291,46500000,46500000
0,465,46500000,46500100,11574,19291,46600000,46600000
0,466,46600000,46600100,11574,19291,46700000,46700000
0,467,46700000,46700100,11574,19291,46800000,46800000
0,468,46800000,46800100,11574,19291,46900000,46900000
0,469,46900000,46900100,11574,19291,47000000,47000000
0,470,47000000,47000100,11574,19291,47100000,47100000
0,471,47100000,47100100,11574,19291,47200000,47200000
0,472,47200000,47200100,11574,19291,47300000,47300000
0,473,47300000,47300100,11574,19291,47400000,47400000
0,474,47400000,47400100,11574,19291,47500000,47500000
0,475,47500000,47500100,11574,19291,47600000,47600000
0,476,47600000,47600100,11574,19291,47700000,47700000
0,477,47700000,47700100,11574,19291,47800000,47800000
0,478,47800000,47800100,11574,19291,47900000,47900000
0,479,47900000,47900100,11574,19291,48000000,48000000
0,480,48000000,48000100,11574,19291,48100000,48100000
0,481,48100000,48100100,11574,19291,48200000,48200000
0,482,48200000,48200100,11574,19291,48300000,48300000
0,483,48300000,48300100,11574,19291,48400000,48400000
0,484,48400000,48400100,11574,19291,48500000,48500000
0,485,48500000,48500100,11574,19291,48600000,48600000
0,486,48600000,48600100,11574,19291,48700000,48700000
0,487,48700000,48700100,11574,19291,48800000,48800000
0,488,48800000,48800100,11574,19291,48900000,48900000
0,489,48900000,48900100,11574,19291,49000000,49000000
0,490,49000000,49000100,11574,19291,49100000,49100000
0,491,49100000,49100100,11574,19291,49200000,49200000
0,492,49200000,49200100,11574,19291,49300000,49300000
0,493,49300000,49300100,11574,19291,49400000,49400000
0,494,49400000,49400100,11574,19291,49500000,49500000
0,495,49500000,49500100,11574,19291,49600000,49600000
0,496,49600000,49600100,11574,19291,49700000,49700000
0,497,49700000,49700100,11574,19291,49800000,49800000
0,498,49800000,49800100,11574,19291,49900000,49900000
0,499,49900000,49900100,11574,19291,50000000,50000000
0,500,50000000,50000100,11574,19291,50100000,50100000
0,501,50100000,50100100,11574,19291,50200000,50200000
0,502,50200000,50200100,11574,19291,50300000,50300000
0,503,50300000,50300100,11574,19291,50400000,50400000
0,504,50400000,50400100,11574,19291,50500000,50500000
0,505,50500000,50500100,11574,19291,50600000,50600000
0,506,50600000,50600100,11574,19291,50700000,50700000
0,507,50700000,50700100,11574,19291,50800000,50800000
0,508,50800000,50800100,11574,19291,50900000,50900000
0,509,50900000,50900100,11574,19291,51000000,51000000
0,510,51000000,51000100,11574,19291,51100000,51100000
0,511,51100000,51100100,11574,19291,51200000,51200000
0,512,51200000,51200100,11574,19291,51300000,51300000
0,513,51300000,51300100,11574,19291,51400000,51400000
0,514,51400000,51400100,11574,19291,51500000,51500000
0,515,51500000,51500100,11574,19291,51600000,51600000
0,516,51600000,51600100,11574,19291,51700000,51700000
0,517,51700000,51700100,11574,19291,51800000,51800000
0,518,51800000,51800100,11574,19291,51900000,51900000
0,519,51900000,51900100,11574,19291,52000000,52000000
0,520,52000000,52000100,11574,19291,52100000,52100000
0,521,52100000,52100100,11574,19291,52200000,52200000
0,522,52200000,52200100,11574,19291,52300000,52300000
0,523,52300000,52300100,11574,19291,52400000,52400000
0,524,52400000,52400100,11574,19291,52500000,52500000
0,525,52500000,52500100,11574,19291,52600000,52600000
0,526,52600000,52600100,11574,19291,52700000,52700000
0,527,52700000,52700100,11574,19291,52800000,52800000
0,528,52800000,52800100,11574,19291,52900000,52900000
0,529,52900000,52900100,11574,19291,53000000,53000000
0,530,53000000,53000100,11574,19291,53100000,53100000
0,531,53100000,53100100,11574,19291,53200000,53200000
0,532,53200000,53200100,11574,19291,53300000,53300000
0,533,53300000,53300100,11574,19291,53400000,53400000
0,534,53400000,53400100,11574,19291,53500000,53500000
0,535,53500000,53500100,11574,19291,53600000,53600000
0,536,53600000,53600100,11574,19291,53700000,53700000
0,537,53700000,53700100,11574,19291,53800000,53800000
0,538,53800000,53800100,11574,19291,53900000,53900000
0,539,53900000,53900100,11574,19291,54000000,54000000
0,540,54000000,54000100,11574,19291,54100000,54100000
0,541,54100000,54100100,11574,19291,54200000,54200000
0,542,54200000,54200100,11574,19291,54300000,54300000
0,543,54300000,54300100,11574,19291,54400000,54400000
0,544,54400000,54400100,11574,19291,54500000,54500000
0,545,54500000,54500100,11574,19291,54600000,54600000
0,546,54600000,54600100,11574,19291,54700000,54700000
0,547,54700000,54700100,11574,19291,54800000,54800000
0,548,54800000,54800100,11574,19291,54900000,54900000
0,549,54900000,54900100,11574,19291,55000000,55000000
0,550,55000000,55000100,11574,19291,55100000,55100000
0,551,55100000,55100100,11574,19291,55200000,55200000
0,552,55200000,55200100,11574,19291,55300000,55300000
0,553,55300000,55300100,11574,19291,55400000,55400000
0,554,55400000,55400100,11574,19291,55500000,55500000
0,555,55500000,55500100,11574,19291,55600000,55600000
0,556,55600000,55600100,11574,19291,55700000,55700000
0,557,55700000,55700100,11574,19291,55800000,55800000
0,558,55800000,55800100,11574,19291,55900000,55900000
0,559,55900000,55900100,11574,19291,56000000,56000000
0,560,56000000,56000100,11574,19291,56100000,56100000
0,561,56100000,56100100,11574,19291,56200000,56200000
0,562,56200000,56200100,11574,19291,56300000,56300000
0,563,56300000,56300100,11574,19291,56400000,56400000
0,564,56400000,56400100,11574,19291,56500000,56500000
0,565,56500000,56500100,11574,19291,56600000,56600000
0,566,56600000,56600100,11574,19291,56700000,56700000
0,567,56700000,56700100,11574,19291,56800000,56800000
0,568,56800000,56800100,11574,19291,56900000,56900000
0,569,56900000,56900100,11574,19291,57000000,57000000
0,570,57000000,57000100,11574,19291,57100000,57100000
0,571,57100000,57100100,11574,19291,57200000,57200000
0,572,57200000,57200100,11574,19291,57300000,57300000
0,573,57300000,57300100,11574,19291,57400000,57400000
0,574,57400000,57400100,11574,19291,57500000,57500000
0,575,57500000,57500100,11574,19291,57600000,57600000
0,576,57600000,57600100,11574,19291,57700000,57700000
0,577,57700000,57700100,11574,19291,57800000,57800000
0,578,57800000,57800100,11574,19291,57900000,57900000
0,579,57900000,57900100,11574,19291,58000000,58000000
0,580,58000000,58000100,11574,19291,58100000,58100000
0,581,58100000,58100100,11574,19291,58200000,58200000
0,582,58200000,58200100,11574,19291,58300000,58300000
0,583,58300000,58300100,11574,19291,58400000,58400000
0,584,58400000,58400100,11574,19291,58500000,58500000
0,585,58500000,58500100,11574,19291,58600000,58600000
0,586,58600000,58600100,11574,19291,58700000,58700000
0,587,58700000,58700100,11574,19291,58800000,58800000
0,588,58800000,58800100,11574,19291,58900000,58900000
0,589,58900000,58900100,11574,19291,59000000,59000000
0,590,59000000,59000100,11574,19291,59100000,59100000
0,591,59100000,59100100,11574,19291,59200000,59200000
0,592,59200000,59200100,11574,19291,59300000,59300000
0,593,59300000,59300100,11574,19291,59400000,59400000
0,594,59400000,59400100,11574,19291,59500000,59500000
0,595,59500000,59500100,11574,19291,59600000,59600000
0,596,59600000,59600100,11574,19291,59700000,59700000
0,597,59700000,59700100,11574,19291,59800000,59800000
0,598,59800000,59800100,11574,19291,59900000,59900000
0,599,59900000,59900100,11574,19291,60000000,60000000
0,600,60000000,60000100,11574,19291,60100000,60100000
0,601,60100000,60100100,11574,19291,60200000,60200000
0,602,60200000,60200100,11574,19291,60300000,60300000
0,603,60300000,60300100,11574,19291,60400000,60400000
0,604,60400000,60400100,11574,19291,60500000,60500000
0,605,60500000,60500100,11574,19291,60600000,60600000
0,606,60600000,60600100,11574,19291,60700000,60700000
0,607,60700000,60700100,11574,19291,60800000,60800000
0,608,60800000,60800100,11574,19291,60900000,60900000
0,609,60900000,60900100,11574,19291,61000000,61000000
0,610,61000000,61000100,11574,19291,61100000,61100000
0,611,61100000,61100100,11574,19291,61200000,61200000
0,612,61200000,61200100,11574,19291,61300000,61300000
0,613,61300000,61300100,11574,19291,61400000,61400000
0,614,61400000,61400100,11574,19291,61500000,61500000
0,615,61500000,61500100,11574,19291,61600000,61600000
0,616,61600000,61600100,11574,19291,61700000,61700000
0,617,61700000,61700100,11574,19291,61800000,61800000
0,618,61800000,61800100,11574,19291,61900000,61900000
0,619,61900000,61900100,11574,19291,62000000,62000000
0,620,62000000,62000100,11574,19291,62100000,62100000
0,621,62100000,62100100,11574,19291,62200000,62200000
0,622,62200000,62200100,11574,19291,62300000,62300000
0,623,62300000,62300100,11574,19291,62400000,62400000
0,624,62400000,62400100,11574,19291,62500000,62500000
0,625,62500000,62500100,11574,19291,62600000,62600000
0,626,62600000,62600100,11574,19291,62700000,62700000
0,627,62700000,62700100,11574,19291,62800000,62800000
0,628,62800000,62800100,11574,19291,62900000,62900000
0,629,62900000,62900100,11574,19291,63000000,63000000
0,630,63000000,63000100,11574,19291,63100000,63100000
0,631,63100000,63100100,11574,19291,63200000,63200000
0,632,63200000,63200100,11574,19291,63300000,63300000
0,633,63300000,63300100,11574,19291,63400000,63400000
0,634,63400000,63400100,11574,19291,63500000,63500000
0,635,63500000,63500100,11574,19291,63600000,63600000
0,636,63600000,63600100,11574,19291,63700000,63700000
0,637,63700000,63700100,11574,19291,63800000,63800000
0,638,63800000,63800100,11574,19291,63900000,63900000
0,639,63900000,63900100,11574,19291,64000000,64000000
0,640,64000000,64000100,11574,19291,64100000,64100000
0,641,64100000,64100100,11574,19291,64200000,64200000
0,642,64200000,64200100,11574,19291,64300000,64300000
0,643,64300000,64300100,11574,19291,64400000,64400000
0,644,64400000,64400100,11574,19291,64500000,64500000
0,645,64500000,64500100,11574,19291,64600000,64600000
0,646,64600000,64600100,11574,19291,64700000,64700000
0,647,64700000,64700100,11574,19291,64800000,64800000
0,648,64800000,64800100,11574,19291,64900000,64900000
0,649,64900000,64900100,11574,19291,65000000,65000000
0,650,65000000,65000100,11574,19291,65100000,65100000
0,651,65100000,65100100,11574,19291,65200000,65200000
0,652,65200000,65200100,11574,19291,65300000,65300000
0,653,65300000,65300100,11574,19291,65400000,65400000
0,654,65400000,65400100,11574,19291,65500000,65500000
0,655,65500000,65500100,11574,19291,65600000,65600000
0,656,65600000,65600100,11574,19291,65700000,65700000
0,657,65700000,65700100,11574,19291,65800000,65800000
0,658,65800000,65800100,11574,19291,65900000,65900000
0,659,65900000,65900100,11574,19291,66000000,66000000
0,660,66000000,66000100,11574,19291,66100000,66100000
0,661,66100000,66100100,11574,19291,66200000,66200000
0,662,66200000,66200100,11574,19291,66300000,66300000
0,663,66300000,66300100,11574,19291,66400000,66400000
0,664,66400000,66400100,11574,19291,66500000,66500000
0,665,66500000,66500100,11574,19291,66600000,66600000
0,666,66600000,66600100,11574,19291,66700000,66700000
0,667,66700000,66700100,11574,19291,66800000,66800000
0,668,66800000,66800100,11574,19291,66900000,66900000
0,669,66900000,66900100,11574,19291,67000000,67000000
0,670,67000000,67000100,11574,19291,67100000,67100000
0,671,67100000,67100100,11574,19291,67200000,67200000
0,672,67200000,67200100,11574,19291,67300000,67300000
0,673,67300000,67300100,11574,19291,67400000,67400000
0,674,67400000,67400100,11574,19291,67500000,67500000
0,675,67500000,67500100,11574,19291,67600000,67600000
0,676,67600000,67600100,11574,19291,67700000,67700000
0,677,67700000,67700100,11574,19291,67800000,67800000
0,678,67800000,67800100,11574,19291,67900000,67900000
0,679,67900000,67900100,11574,19291,68000000,68000000
0,680,68000000,68000100,11574,19291,68100000,68100000
0,681,68100000,68100100,11574,19291,68200000,68200000
0,682,68200000,68200100,11574,19291,68300000,68300000
0,683,68300000,68300100,11574,19291,68400000,68400000
0,684,68400000,68400100,11574,19291,68500000,68500000
0,685,68500000,68500100,11574,19291,68600000,68600000
0,686,68600000,68600100,11574,19291,68700000,68700000
0,687,68700000,68700100,11574,19291,68800000,68800000
0,688,68800000,68800100,11574,19291,68900000,68900000
0,689,68900000,68900100,11574,19291,69000000,69000000
0,690,69000000,69000100,11574,19291,69100000,69100000
0,691,69100000,69100100,11574,19291,69200000,69200000
0,692,69200000,69200100,11574,19291,69300000,69300000
0,693,69300000,69300100,11574,19291,69400000,69400000
0,694,69400000,69400100,11574,19291,69500000,69500000
0,695,69500000,69500100,11574,19291,69600000,69600000
0,696,69600000,69600100,11574,19291,69700000,69700000
0,697,69700000,69700100,11574,19291,69800000,69800000
0,698,69800000,69800100,11574,19291,69900000,69900000
0,699,69900000,69900100,11574,19291,70000000,70000000
0,700,70000000,70000100,11574,19291,70100000,70100000
0,701,70100000,70100100,11574,19291,70200000,70200000
0,702,70200000,70200100,11574,19291,70300000,70300000
0,703,70300000,70300100,11574,19291,70400000,70400000
0,704,70400000,70400100,11574,19291,70500000,70500000
0,705,70500000,70500100,11574,19291,70600000,70600000
0,706,70600000,70600100,11574,19291,70700000,70700000
0,707,70700000,70700100,11574,19291,70800000,70800000
0,708,70800000,70800100,11574,19291,70900000,70900000
0,709,70900000,70900100,11574,19291,71000000,71000000
0,710,71000000,71000100,11574,19291,71100000,71100000
0,711,71100000,71100100,11574,19291,71200000,71200000
0,712,71200000,71200100,11574,19291,71300000,71300000
0,713,71300000,71300100,11574,19291,71400000,71400000
0,714,71400000,71400100,11574,19291,71500000,71500000
0,715,71500000,71500100,11574,19291,71600000,71600000
0,716,71600000,71600100,11574,19291,71700000,71700000
0,717,71700000,71700100,11574,19291,71800000,71800000
0,718,71800000,71800100,11574,19291,71900000,71900000
0,719,71900000,71900100,11574,19291,72000000,72000000
0,720,72000000,72000100,11574,19291,72100000,72100000
0,721,72100000,72100100,11574,19291,72200000,72200000
0,722,72200000,72200100,11574,19291,72300000,72300000
0,723,72300000,72300100,11574,19291,72400000,72400000
0,724,72400000,72400100,11574,19291,72500000,72500000
0,725,72500000,72500100,11574,19291,72600000,72600000
0,726,72600000,72600100,11574,19291,72700000,72700000
0,727,72700000,72700100,11574,19291,72800000,72800000
0,728,72800000,72800100,11574,19291,72900000,72900000
0,729,72900000,72900100,11574,19291,73000000,73000000
0,730,73000000,73000100,11574,19291,73100000,73100000
0,731,73100000,73100100,11574,19291,73200000,73200000
0,732,73200000,73200100,11574,19291,73300000,73300000
0,733,73300000,73300100,11574,19291,73400000,73400000
0,734,73400000,73400100,11574,19291,73500000,73500000
0,735,73500000,73500100,11574,19291,73600000,73600000
0,736,73600000,73600100,11574,19291,73700000,73700000
0,737,73700000,73700100,11574,19291,73800000,73800000
0,738,73800000,73800100,11574,19291,73900000,73900000
0,739,73900000,73900100,11574,19291,74000000,74000000
0,740,74000000,74000100,11574,19291,74100000,74100000
0,741,74100000,74100100,11574,19291,74200000,74200000
0,742,74200000,74200100,11574,19291,74300000,74300000
0,743,74300000,74300100,11574,19291,74400000,74400000
0,744,74400000,74400100,11574,19291,74500000,74500000
0,745,74500000,74500100,11574,19291,74600000,74600000
0,746,74600000,74600100,11574,19291,74700000,74700000
0,747,74700000,74700100,11574,19291,74800000,74800000
0,748,74800000,74800100,11574,19291,74900000,74900000
0,749,74900000,74900100,11574,19291,75000000,75000000
0,750,75000000,75000100,11574,19291,75100000,75100000
0,751,75100000,75100100,11574,19291,75200000,75200000
0,752,75200000,75200100,11574,19291,75300000,75300000
0,753,75300000,75300100,11574,19291,75400000,75400000
0,754,75400000,75400100,11574,19291,75500000,75500000
0,755,75500000,75500100,11574,19291,75600000,75600000
0,756,75600000,75600100,11574,19291,75700000,75700000
0,757,75700000,75700100,11574,19291,75800000,75800000
0,758,75800000,75800100,11574,19291,75900000,75900000
0,759,75900000,75900100,11574,19291,76000000,76000000
0,760,76000000,76000100,11574,19291,76100000,76100000
0,761,76100000,76100100,11574,19291,76200000,76200000
0,762,76200000,76200100,11574,19291,76300000,76300000
0,763,76300000,76300100,11574,19291,76400000,76400000
0,764,76400000,76400100,11574,19291,76500000,76500000
0,765,76500000,76500100,11574,19291,76600000,76600000
0,766,76600000,76600100,11574,19291,76700000,76700000
0,767,76700000,76700100,11574,19291,76800000,76800000
0,768,76800000,76800100,11574,19291,76900000,76900000
0,769,76900000,76900100,11574,19291,77000000,77000000
0,770,77000000,77000100,11574,19291,77100000,77100000
0,771,77100000,77100100,11574,19291,77200000,77200000
0,772,77200000,77200100,11574,19291,77300000,77300000
0,773,77300000,77300100,11574,19291,77400000,77400000
0,774,77400000,77400100,11574,19291,77500000,77500000
0,775,77500000,77500100,11574,19291,77600000,77600000
0,776,77600000,77600100,11574,19291,77700000,77700000
0,777,77700000,77700100,11574,19291,77800000,77800000
0,778,77800000,77800100,11574,19291,77900000,77900000
0,779,77900000,77900100,11574,19291,78000000,78000000
0,780,78000000,78000100,11574,19291,78100000,78100000
0,781,78100000,78100100,11574,19291,78200000,78200000
0,782,78200000,78200100,11574,19291,78300000,78300000
0,783,78300000,78300100,11574,19291,78400000,78400000
0,784,78400000,78400100,11574,19291,78500000,78500000
0,785,78500000,78500100,11574,19291,78600000,78600000
0,786,78600000,78600100,11574,19291,78700000,78700000
0,787,78700000,78700100,11574,19291,78800000,78800000
0,788,78800000,78800100,11574,19291,78900000,78900000
0,789,78900000,78900100,11574,19291,79000000,79000000
0,790,79000000,79000100,11574,19291,79100000,79100000
0,791,79100000,79100100,11574,19291,79200000,79200000
0,792,79200000,79200100,11574,19291,79300000,79300000
0,793,79300000,79300100,11574,19291,79400000,79400000
0,794,79400000,79400100,11574,19291,79500000,79500000
0,795,79500000,79500100,11574,19291,79600000,79600000
0,796,79600000,79600100,11574,19291,79700000,79700000
0,797,79700000,79700100,11574,19291,79800000,79800000
0,798,79800000,79800100,11574,19291,79900000,79900000
0,799,79900000,79900100,11574,19291,80000000,80000000
0,800,80000000,80000100,11574,19291,80100000,80100000
0,801,80100000,80100100,11574,19291,80200000,80200000
0,802,80200000,80200100,11574,19291,80300000,80300000
0,803,80300000,80300100,11574,19291,80400000,80400000
0,804,80400000,80400100,11574,19291,80500000,80500000
0,805,80500000,80500100,11574,19291,80600000,80600000
0,806,80600000,80600100,11574,19291,80700000,80700000
0,807,80700000,80700100,11574,19291,80800000,80800000
0,808,80800000,80800100,11574,19291,80900000,80900000
0,809,80900000,80900100,11574,19291,81000000,81000000
0,810,81000000,81000100,11574,19291,81100000,81100000
0,811,81100000,81100100,11574,19291,81200000,81200000
0,812,81200000,81200100,11574,19291,81300000,81300000
0,813,81300000,81300100,11574,19291,81400000,81400000
0,814,81400000,81400100,11574,19291,81500000,81500000
0,815,81500000,81500100,11574,19291,81600000,81600000
0,816,81600000,81600100,11574,19291,81700000,81700000
0,817,81700000,81700100,11574,19291,81800000,81800000
0,818,81800000,81800100,11574,19291,81900000,81900000
0,819,81900000,81900100,11574,19291,82000000,82000000
0,820,82000000,82000100,11574,19291,82100000,82100000
0,821,82100000,82100100,11574,19291,82200000,82200000
0,822,82200000,82200100,11574,19291,82300000,82300000
0,823,82300000,82300100,11574,19291,82400000,82400000
0,824,82400000,82400100,11574,19291,82500000,82500000
0,825,82500000,82500100,11574,19291,82600000,82600000
0,826,82600000,82600100,11574,19291,82700000,82700000
0,827,82700000,82700100,11574,19291,82800000,82800000
0,828,82800000,82800100,11574,19291,82900000,82900000
0,829,82900000,82900100,11574,19291,83000000,83000000
0,830,83000000,83000100,11574,19291,83100000,83100000
0,831,83100000,83100100,11574,19291,83200000,83200000
0,832,83200000,83200100,11574,19291,83300000,83300000
0,833,83300000,83300100,11574,19291,83400000,83400000
0,834,83400000,83400100,11574,19291,83500000,83500000
0,835,83500000,83500100,11574,19291,83600000,83600000
0,836,83600000,83600100,11574,19291,83700000,83700000
0,837,83700000,83700100,11574,19291,83800000,83800000
0,838,83800000,83800100,11574,19291,83900000,83900000
0,839,83900000,83900100,11574,19291,84000000,84000000
0,840,84000000,84000100,11574,19291,84100000,84100000
0,841,84100000,84100100,11574,19291,84200000,84200000
0,842,84200000,84200100,11574,19291,84300000,84300000
0,843,84300000,84300100,11574,19291,84400000,84400000
0,844,84400000,84400100,11574,19291,84500000,84500000
0,845,84500000,84500100,11574,19291,84600000,84600000
0,846,84600000,84600100,11574,19291,84700000,84700000
0,847,84700000,84700100,11574,19291,84800000,84800000
0,848,84800000,84800100,11574,19291,84900000,84900000
0,849,84900000,84900100,11574,19291,85000000,85000000
0,850,85000000,85000100,11574,19291,85100000,85100000
0,851,85100000,85100100,11574,19291,85200000,85200000
0,852,85200000,85200100,11574,19291,85300000,85300000
0,853,85300000,85300100,11574,19291,85400000,85400000
0,854,85400000,85400100,11574,19291,85500000,85500000
0,855,85500000,85500100,11574,19291,85600000,85600000
0,856,85600000,85600100,11574,19291,85700000,85700000
0,857,85700000,85700100,11574,19291,85800000,85800000
0,858,85800000,85800100,11574,19291,85900000,85900000
0,859,85900000,85900100,11574,19291,86000000,86000000
0,860,86000000,86000100,11574,19291,86100000,86100000
0,861,86100000,86100100,11574,19291,86200000,86200000
0,862,86200000,86200100,11574,19291,86300000,86300000
0,863,86300000,86300100,11574,19291,86400000,86400000
0,864,86400000,86400100,11574,19291,86500000,86500000
0,865,86500000,86500100,11574,19291,86600000,86600000
0,866,86600000,86600100,11574,19291,86700000,86700000
0,867,86700000,86700100,11574,19291,86800000,86800000
0,868,86800000,86800100,11574,19291,86900000,86900000
0,869,86900000,86900100,11574,19291,87000000,87000000
0,870,87000000,87000100,11574,19291,87100000,87100000
0,871,87100000,87100100,11574,19291,87200000,87200000
0,872,87200000,87200100,11574,19291,87300000,87300000
0,873,87300000,87300100,11574,19291,87400000,87400000
0,874,87400000,87400100,11574,19291,87500000,87500000
0,875,87500000,87500100,11574,19291,87600000,87600000
0,876,87600000,87600100,11574,19291,87700000,87700000
0,877,87700000,87700100,11574,19291,87800000,87800000
0,878,87800000,87800100,11574,19291,87900000,87900000
0,879,87900000,87900100,11574,19291,88000000,88000000
0,880,88000000,88000100,11574,19291,88100000,88100000
0,881,88100000,88100100,11574,19291,88200000,88200000
0,882,88200000,88200100,11574,19291,88300000,88300000
0,883,88300000,88300100,11574,19291,88400000,88400000
0,884,88400000,88400100,11574,19291,88500000,88500000
0,885,88500000,88500100,11574,19291,88600000,88600000
0,886,88600000,88600100,11574,19291,88700000,88700000
0,887,88700000,88700100,11574,19291,88800000,88800000
0,888,88800000,88800100,11574,19291,88900000,88900000
0,889,88900000,88900100,11574,19291,89000000,89000000
0,890,89000000,89000100,11574,19291,89100000,89100000
0,891,89100000,89100100,11574,19291,89200000,89200000
0,892,89200000,89200100,11574,19291,89300000,89300000
0,893,89300000,89300100,11574,19291,89400000,89400000
0,894,89400000,89400100,11574,19291,89500000,89500000
0,895,89500000,89500100,11574,19291,89600000,89600000
0,896,89600000,89600100,11574,19291,89700000,89700000
0,897,89700000,89700100,11574,19291,89800000,89800000
0,898,89800000,89800100,11574,19291,89900000,89900000
0,899,89900000,89900100,11574,19291,90000000,90000000
0,900,90000000,90000100,11574,19291,90100000,90100000
0,901,90100000,90100100,11574,19291,90200000,90200000
0,902,90200000,90200100,11574,19291,90300000,90300000
0,903,90300000,90300100,11574,19291,90400000,90400000
0,904,90400000,90400100,11574,19291,90500000,90500000
0,905,90500000,90500100,11574,19291,90600000,90600000
0,906,90600000,90600100,11574,19291,90700000,90700000
0,907,90700000,90700100,11574,19291,90800000,90800000
0,908,90800000,90800100,11574,19291,90900000,90900000
0,909,90900000,90900100,11574,19291,91000000,91000000
0,910,91000000,91000100,11574,19291,91100000,91100000
0,911,91100000,91100100,11574,19291,91200000,91200000
0,912,91200000,91200100,11574,19291,91300000,91300000
0,913,91300000,91300100,11574,19291,91400000,91400000
0,914,91400000,91400100,11574,19291,91500000,91500000
0,915,91500000,91500100,11574,19291,91600000,91600000
0,916,91600000,91600100,11574,19291,91700000,91700000
0,917,91700000,91700100,11574,19291,91800000,91800000
0,918,91800000,91800100,11574,19291,91900000,91900000
0,919,91900000,91900100,11574,19291,92000000,92000000
0,920,92000000,92000100,11574,19291,92100000,92100000
0,921,92100000,92100100,11574,19291,92200000,92200000
0,922,92200000,92200100,11574,19291,92300000,92300000
0,923,92300000,92300100,11574,19291,92400000,92400000
0,924,92400000,92400100,11574,19291,92500000,92500000
0,925,92500000,92500100,11574,19291,92600000,92600000
0,926,92600000,92600100,11574,19291,92700000,92700000
0,927,92700000,92700100,11574,19291,92800000,92800000
0,928,92800000,92800100,11574,19291,92900000,92900000
0,929,92900000,92900100,11574,19291,93000000,93000000
0,930,93000000,93000100,11574,19291,93100000,93100000
0,931,93100000,93100100,11574,19291,93200000,93200000
0,932,93200000,93200100,11574,19291,93300000,93300000
0,933,93300000,93300100,11574,19291,93400000,93400000
0,934,93400000,93400100,11574,19291,93500000,93500000
0,935,93500000,93500100,11574,19291,93600000,93600000
0,936,93600000,93600100,11574,19291,93700000,93700000
0,937,93700000,93700100,11574,19291,93800000,93800000
0,938,93800000,93800100,11574,19291,93900000,93900000
0,939,93900000,93900100,11574,19291,94000000,94000000
0,940,94000000,94000100,11574,19291,94100000,94100000
0,941,94100000,94100100,11574,19291,94200000,94200000
0,942,94200000,94200100,11574,19291,94300000,94300000
0,943,94300000,94300100,11574,19291,94400000,94400000
0,944,94400000,94400100,11574,19291,94500000,94500000
0,945,94500000,94500100,11574,19291,94600000,94600000
0,946,94600000,94600100,11574,19291,94700000,94700000
0,947,94700000,94700100,11574,19291,94800000,94800000
0,948,94800000,94800100,11574,19291,94900000,94900000
0,949,94900000,94900100,11574,19291,95000000,95000000
0,950,95000000,95000100,11574,19291,95100000,95100000
0,951,95100000,95100100,11574,19291,95200000,95200000
0,952,95200000,95200100,11574,19291,95300000,95300000
0,953,95300000,95300100,11574,19291,95400000,95400000
0,954,95400000,95400100,11574,19291,95500000,95500000
0,955,95500000,95500100,11574,19291,95600000,95600000
0,956,95600000,95600100,11574,19291,95700000,95700000
0,957,95700000,95700100,11574,19291,95800000,95800000
0,958,95800000,95800100,11574,19291,95900000,95900000
0,959,95900000,95900100,11574,19291,96000000,96000000
0,960,96000000,96000100,11574,19291,96100000,96100000
0,961,96100000,96100100,11574,19291,96200000,96200000
0,962,96200000,96200100,11574,19291,96300000,96300000
0,963,96300000,96300100,11574,19291,96400000,96400000
0,964,96400000,96400100,11574,19291,96500000,96500000
0,965,96500000,96500100,11574,19291,96600000,96600000
0,966,96600000,96600100,11574,19291,96700000,96700000
0,967,96700000,96700100,11574,19291,96800000,96800000
0,968,96800000,96800100,11574,19291,96900000,96900000
0,969,96900000,96900100,11574,19291,97000000,97000000
0,970,97000000,97000100,11574,19291,97100000,97100000
0,971,97100000,97100100,11574,19291,97200000,97200000
0,972,97200000,97200100,11574,19291,97300000,97300000
0,973,97300000,97300100,11574,19291,97400000,97400000
0,974,97400000,97400100,11574,19291,97500000,97500000
0,975,97500000,97500100,11574,19291,97600000,97600000
0,976,97600000,97600100,11574,19291,97700000,97700000
0,977,97700000,97700100,11574,19291,97800000,97800000
0,978,97800000,97800100,11574,19291,97900000,97900000
0,979,97900000,97900100,11574,19291,98000000,98000000
0,980,98000000,98000100,11574,19291,98100000,98100000
0,981,98100000,98100100,11574,19291,98200000,98200000
0,982,98200000,98200100,11574,19291,98300000,98300000
0,983,98300000,98300100,11574,19291,98400000,98400000
0,984,98400000,98400100,11574,19291,98500000,98500000
0,985,98500000,98500100,11574,19291,98600000,98600000
0,986,98600000,98600100,11574,19291,98700000,98700000
0,987,98700000,98700100,11574,19291,98800000,98800000
0,988,98800000,98800100,11574,19291,98900000,98900000
0,989,98900000,98900100,11574,19291,99000000,99000000
0,990,99000000,99000100,11574,19291,99100000,99100000
0,991,99100000,99100100,11574,19291,99200000,99200000
0,992,99200000,99200100,11574,19291,99300000,99300000
0,993,99300000,99300100,11574,19291,99400000,99400000
0,994,99400000,99400100,11574,19291,99500000,99500000
0,995,99500000,99500100,11574,19291,99600000,99600000
0,996,99600000,99600100,11574,19291,99700000,99700000
0,997,99700000,99700100,11574,19291,99800000,99800000
0,998,99800000,99800100,11574,19291,99900000,99900000
0,999,99900000,99900100,11574,19291,100000000,100000000
0,1000,100000000,100000100,11574,19291,100100000,100100000
0,1001,100100000,100100100,11574,19291,100200000,100200000
0,1002,100200000,100200100,11574,19291,100300000,100300000
0,1003,100300000,100300100,11574,19291,100400000,100400000
0,1004,100400000,100400100,11574,19291,100500000,100500000
0,1005,100500000,100500100,11574,19291,100600000,100600000
0,1006,100600000,100600100,11574,19291,100700000,100700000
0,1007,100700000,100700100,11574,19291,100800000,100800000
0,1008,100800000,100800100,11574,19291,100900000,100900000
0,1009,100900000,100900100,11574,19291,101000000,101000000
0,1010,101000000,101000100,11574,19291,101100000,101100000
0,1011,101100000,101100100,11574,19291,101200000,101200000
0,1012,101200000,101200100,11574,19291,101300000,101300000
0,1013,101300000,101300100,11574,19291,101400000,101400000
0,1014,101400000,101400100,11574,19291,101500000,101500000
0,1015,101500000,101500100,11574,19291,101600000,101600000
0,1016,101600000,101600100,11574,19291,101700000,101700000
0,1017,101700000,101700100,11574,19291,101800000,101800000
0,1018,101800000,101800100,11574,19291,101900000,101900000
0,1019,101900000,101900100,11574,19291,102000000,102000000
0,1020,102000000,102000100,11574,19291,102100000,102100000
0,1021,102100000,102100100,11574,19291,102200000,102200000
0,1022,102200000,102200100,11574,19291,102300000,102300000
0,1023,102300000,102300100,11574,19291,102400000,102400000
0,1024,102400000,102400100,11574,19291,102500000,102500000
0,1025,102500000,102500100,11574,19291,102600000,102600000
0,1026,102600000,102600100,11574,19291,102700000,102700000
0,1027,102700000,102700100,11574,19291,102800000,102800000
0,1028,102800000,102800100,11574,19291,102900000,102900000
0,1029,102900000,102900100,11574,19291,103000000,103000000
0,1030,103000000,103000100,11574,19291,103100000,103100000
0,1031,103100000,103100100,11574,19291,103200000,103200000
0,1032,103200000,103200100,11574,19291,103300000,103300000
0,1033,103300000,103300100,11574,19291,103400000,103400000
0,1034,103400000,103400100,11574,19291,103500000,103500000
0,1035,103500000,103500100,11574,19291,103600000,103600000
0,1036,103600000,103600100,11574,19291,103700000,103700000
0,1037,103700000,103700100,11574,19291,103800000,103800000
0,1038,103800000,103800100,11574,19291,103900000,103900000
0,1039,103900000,103900100,11574,19291,104000000,104000000
0,1040,104000000,104000100,11574,19291,104100000,104100000
0,1041,104100000,104100100,11574,19291,104200000,104200000
0,1042,104200000,104200100,11574,19291,104300000,104300000
0,1043,104300000,104300100,11574,19291,104400000,104400000
0,1044,104400000,104400100,11574,19291,104500000,104500000
0,1045,104500000,104500100,11574,19291,104600000,104600000
0,1046,104600000,104600100,11574,19291,104700000,104700000
0,1047,104700000,104700100,11574,19291,104800000,104800000
0,1048,104800000,104800100,11574,19291,104900000,104900000
0,1049,104900000,104900100,11574,19291,105000000,105000000
0,1050,105000000,105000100,11574,19291,105100000,105100000
0,1051,105100000,105100100,11574,19291,105200000,105200000
0,1052,105200000,105200100,11574,19291,105300000,105300000
0,1053,105300000,105300100,11574,19291,105400000,105400000
0,1054,105400000,105400100,11574,19291,105500000,105500000
0,1055,105500000,105500100,11574,19291,105600000,105600000
0,1056,105600000,105600100,11574,19291,105700000,105700000
0,1057,105700000,105700100,11574,19291,105800000,105800000
0,1058,105800000,105800100,11574,19291,105900000,105900000
0,1059,105900000,105900100,11574,19291,106000000,106000000
0,1060,106000000,106000100,11574,19291,106100000,106100000
0,1061,106100000,106100100,11574,19291,106200000,106200000
0,1062,106200000,106200100,11574,19291,106300000,106300000
0,1063,106300000,106300100,11574,19291,106400000,106400000
0,1064,106400000,106400100,11574,19291,106500000,106500000
0,1065,106500000,106500100,11574,19291,106600000,106600000
0,1066,106600000,106600100,11574,19291,106700000,106700000
0,1067,106700000,106700100,11574,19291,106800000,106800000
0,1068,106800000,106800100,11574,19291,106900000,106900000
0,1069,106900000,106900100,11574,19291,107000000,107000000
0,1070,107000000,107000100,11574,19291,107100000,107100000
0,1071,107100000,107100100,11574,19291,107200000,107200000
0,1072,107200000,107200100,11574,19291,107300000,107300000
0,1073,107300000,107300100,11574,19291,107400000,107400000
0,1074,107400000,107400100,11574,19291,107500000,107500000
0,1075,107500000,107500100,11574,19291,107600000,107600000
0,1076,107600000,107600100,11574,19291,107700000,107700000
0,1077,107700000,107700100,11574,19291,107800000,107800000
0,1078,107800000,107800100,11574,19291,107900000,107900000
0,1079,107900000,107900100,11574,19291,108000000,108000000
0,1080,108000000,108000100,11574,19291,108100000,108100000
0,1081,108100000,108100100,11574,19291,108200000,108200000
0,1082,108200000,108200100,11574,19291,108300000,108300000
0,1083,108300000,108300100,11574,19291,108400000,108400000
0,1084,108400000,108400100,11574,19291,108500000,108500000
0,1085,108500000,108500100,11574,19291,108600000,108600000
0,1086,108600000,108600100,11574,19291,108700000,108700000
0,1087,108700000,108700100,11574,19291,108800000,108800000
0,1088,108800000,108800100,11574,19291,108900000,108900000
0,1089,108900000,108900100,11574,19291,109000000,109000000
0,1090,109000000,109000100,11574,19291,109100000,109100000
0,1091,109100000,109100100,11574,19291,109200000,109200000
0,1092,109200000,109200100,11574,19291,109300000,109300000
0,1093,109300000,109300100,11574,19291,109400000,109400000
0,1094,109400000,109400100,11574,19291,109500000,109500000
0,1095,109500000,109500100,11574,19291,109600000,109600000
0,1096,109600000,109600100,11574,19291,109700000,109700000
0,1097,109700000,109700100,11574,19291,109800000,109800000
0,1098,109800000,109800100,11574,19291,109900000,109900000
0,1099,109900000,109900100,11574,19291,110000000,110000000
0,1100,110000000,110000100,11574,19291,110100000,110100000
0,1101,110100000,110100100,11574,19291,110200000,110200000
0,1102,110200000,110200100,11574,19291,110300000,110300000
0,1103,110300000,110300100,11574,19291,110400000,110400000
0,1104,110400000,110400100,11574,19291,110500000,110500000
0,1105,110500000,110500100,11574,19291,110600000,110600000
0,1106,110600000,110600100,11574,19291,110700000,110700000
0,1107,110700000,110700100,11574,19291,110800000,110800000
0,1108,110800000,110800100,11574,19291,110900000,110900000
0,1109,110900000,110900100,11574,19291,111000000,111000000
0,1110,111000000,111000100,11574,19291,111100000,111100000
0,1111,111100000,111100100,11574,19291,111200000,111200000
0,1112,111200000,111200100,11574,19291,111300000,111300000
0,1113,111300000,111300100,11574,19291,111400000,111400000
0,1114,111400000,111400100,11574,19291,111500000,111500000
0,1115,111500000,111500100,11574,19291,111600000,111600000
0,1116,111600000,111600100,11574,19291,111700000,111700000
0,1117,111700000,111700100,11574,19291,111800000,111800000
0,1118,111800000,111800100,11574,19291,111900000,111900000
0,1119,111900000,111900100,11574,19291,112000000,112000000
0,1120,112000000,112000100,11574,19291,112100000,112100000
0,1121,112100000,112100100,11574,19291,112200000,112200000
0,1122,112200000,112200100,11574,19291,112300000,112300000
0,1123,112300000,112300100,11574,19291,112400000,112400000
0,1124,112400000,112400100,11574,19291,112500000,112500000
0,1125,112500000,112500100,11574,19291,112600000,112600000
0,1126,112600000,112600100,11574,19291,112700000,112700000
0,1127,112700000,112700100,11574,19291,112800000,112800000
0,1128,112800000,112800100,11574,19291,112900000,112900000
0,1129,112900000,112900100,11574,19291,113000000,113000000
0,1130,113000000,113000100,11574,19291,113100000,113100000
0,1131,113100000,113100100,11574,19291,113200000,113200000
0,1132,113200000,113200100,11574,19291,113300000,113300000
0,1133,113300000,113300100,11574,19291,113400000,113400000
0,1134,113400000,113400100,11574,19291,113500000,113500000
0,1135,113500000,113500100,11574,19291,113600000,113600000
0,1136,113600000,113600100,11574,19291,113700000,113700000
0,1137,113700000,113700100,11574,19291,113800000,113800000
0,1138,113800000,113800100,11574,19291,113900000,113900000
0,1139,113900000,113900100,11574,19291,114000000,114000000
0,1140,114000000,114000100,11574,19291,114100000,114100000
0,1141,114100000,114100100,11574,19291,114200000,114200000
0,1142,114200000,114200100,11574,19291,114300000,114300000
0,1143,114300000,114300100,11574,19291,114400000,114400000
0,1144,114400000,114400100,11574,19291,114500000,114500000
0,1145,114500000,114500100,11574,19291,114600000,114600000
0,1146,114600000,114600100,11574,19291,114700000,114700000
0,1147,114700000,114700100,11574,19291,114800000,114800000
0,1148,114800000,114800100,11574,19291,114900000,114900000
0,1149,114900000,114900100,11574,19291,115000000,115000000
0,1150,115000000,115000100,11574,19291,115100000,115100000
0,1151,115100000,115100100,11574,19291,115200000,115200000
0,1152,115200000,115200100,11574,19291,115300000,115300000
0,1153,115300000,115300100,11574,19291,115400000,115400000
0,1154,115400000,115400100,11574,19291,115500000,115500000
0,1155,115500000,115500100,11574,19291,115600000,115600000
0,1156,115600000,115600100,11574,19291,115700000,115700000
0,1157,115700000,115700100,11574,19291,115800000,115800000
0,1158,115800000,115800100,11574,19291,115900000,115900000
0,1159,115900000,115900100,11574,19291,116000000,116000000
0,1160,116000000,116000100,11574,19291,116100000,116100000
0,1161,116100000,116100100,11574,19291,116200000,116200000
0,1162,116200000,116200100,11574,19291,116300000,116300000
0,1163,116300000,116300100,11574,19291,116400000,116400000
0,1164,116400000,116400100,11574,19291,116500000,116500000
0,1165,116500000,116500100,11574,19291,116600000,116600000
0,1166,116600000,116600100,11574,19291,116700000,116700000
0,1167,116700000,116700100,11574,19291,116800000,116800000
0,1168,116800000,116800100,11574,19291,116900000,116900000
0,1169,116900000,116900100,11574,19291,117000000,117000000
0,1170,117000000,117000100,11574,19291,117100000,117100000
0,1171,117100000,117100100,11574,19291,117200000,117200000
0,1172,117200000,117200100,11574,19291,117300000,117300000
0,1173,117300000,117300100,11574,19291,117400000,117400000
0,1174,117400000,117400100,11574,19291,117500000,117500000
0,1175,117500000,117500100,11574,19291,117600000,117600000
0,1176,117600000,117600100,11574,19291,117700000,117700000
0,1177,117700000,117700100,11574,19291,117800000,117800000
0,1178,117800000,117800100,11574,19291,117900000,117900000
0,1179,117900000,117900100,11574,19291,118000000,118000000
0,1180,118000000,118000100,11574,19291,118100000,118100000
0,1181,118100000,118100100,11574,19291,118200000,118200000
0,1182,118200000,118200100,11574,19291,118300000,118300000
0,1183,118300000,118300100,11574,19291,118400000,118400000
0,1184,118400000,118400100,11574,19291,118500000,118500000
0,1185,118500000,118500100,11574,19291,118600000,118600000
0,1186,118600000,118600100,11574,19291,118700000,118700000
0,1187,118700000,118700100,11574,19291,118800000,118800000
0,1188,118800000,118800100,11574,19291,118900000,118900000
0,1189,118900000,118900100,11574,19291,119000000,119000000
0,1190,119000000,119000100,11574,19291,119100000,119100000
0,1191,119100000,119100100,11574,19291,119200000,119200000
0,1192,119200000,119200100,11574,19291,119300000,119300000
0,1193,119300000,119300100,11574,19291,119400000,119400000
0,1194,119400000,119400100,11574,19291,119500000,119500000
0,1195,119500000,119500100,11574,19291,119600000,119600000
0,1196,119600000,119600100,11574,19291,119700000,119700000
0,1197,119700000,119700100,11574,19291,119800000,119800000
0,1198,119800000,119800100,11574,19291,119900000,119900000
0,1199,119900000,119900100,11574,19291,120000000,120000000
0,1200,120000000,120000100,11574,19291,120100000,120100000
0,1201,120100000,120100100,11574,19291,120200000,120200000
0,1202,120200000,120200100,11574,19291,120300000,120300000
0,1203,120300000,120300100,11574,19291,120400000,120400000
0,1204,120400000,120400100,11574,19291,120500000,120500000
0,1205,120500000,120500100,11574,19291,120600000,120600000
0,1206,120600000,120600100,11574,19291,120700000,120700000
0,1207,120700000,120700100,11574,19291,120800000,120800000
0,1208,120800000,120800100,11574,19291,120900000,120900000
0,1209,120900000,120900100,11574,19291,121000000,121000000
0,1210,121000000,121000100,11574,19291,121100000,121100000
0,1211,121100000,121100100,11574,19291,121200000,121200000
0,1212,121200000,121200100,11574,19291,121300000,121300000
0,1213,121300000,121300100,11574,19291,121400000,121400000
0,1214,121400000,121400100,11574,19291,121500000,121500000
0,1215,121500000,121500100,11574,19291,121600000,121600000
0,1216,121600000,121600100,11574,19291,121700000,121700000
0,1217,121700000,121700100,11574,19291,121800000,121800000
0,1218,121800000,121800100,11574,19291,121900000,121900000
0,1219,121900000,121900100,11574,19291,122000000,122000000
0,1220,122000000,122000100,11574,19291,122100000,122100000
0,1221,122100000,122100100,11574,19291,122200000,122200000
0,1222,122200000,122200100,11574,19291,122300000,122300000
0,1223,122300000,122300100,11574,19291,122400000,122400000
0,1224,122400000,122400100,11574,19291,122500000,122500000
0,1225,122500000,122500100,11574,19291,122600000,122600000
0,1226,122600000,122600100,11574,19291,122700000,122700000
0,1227,122700000,122700100,11574,19291,122800000,122800000
0,1228,122800000,122800100,11574,19291,122900000,122900000
0,1229,122900000,122900100,11574,19291,123000000,123000000
0,1230,123000000,123000100,11574,19291,123100000,123100000
0,1231,123100000,123100100,11574,19291,123200000,123200000
0,1232,123200000,123200100,11574,19291,123300000,123300000
0,1233,123300000,123300100,11574,19291,123400000,123400000
0,1234,123400000,123400100,11574,19291,123500000,123500000
0,1235,123500000,123500100,11574,19291,123600000,123600000
0,1236,123600000,123600100,11574,19291,123700000,123700000
0,1237,123700000,123700100,11574,19291,123800000,123800000
0,1238,123800000,123800100,11574,19291,123900000,123900000
0,1239,123900000,123900100,11574,19291,124000000,124000000
0,1240,124000000,124000100,11574,19291,124100000,124100000
0,1241,124100000,124100100,11574,19291,124200000,124200000
0,1242,124200000,124200100,11574,19291,124300000,124300000
0,1243,124300000,124300100,11574,19291,124400000,124400000
0,1244,124400000,124400100,11574,19291,124500000,124500000
0,1245,124500000,124500100,11574,19291,124600000,124600000
0,1246,124600000,124600100,11574,19291,124700000,124700000
0,1247,124700000,124700100,11574,19291,124800000,124800000
0,1248,124800000,124800100,11574,19291,124900000,124900000
0,1249,124900000,124900100,11574,19291,125000000,125000000
0,1250,125000000,125000100,11574,19291,125100000,125100000
0,1251,125100000,125100100,11574,19291,125200000,125200000
0,1252,125200000,125200100,11574,19291,125300000,125300000
0,1253,125300000,125300100,11574,19291,125400000,125400000
0,1254,125400000,125400100,11574,19291,125500000,125500000
0,1255,125500000,125500100,11574,19291,125600000,125600000
0,1256,125600000,125600100,11574,19291,125700000,125700000
0,1257,125700000,125700100,11574,19291,125800000,125800000
0,1258,125800000,125800100,11574,19291,125900000,125900000
0,1259,125900000,125900100,11574,19291,126000000,126000000
0,1260,126000000,126000100,11574,19291,126100000,126100000
0,1261,126100000,126100100,11574,19291,126200000,126200000
0,1262,126200000,126200100,11574,19291,126300000,126300000
0,1263,126300000,126300100,11574,19291,126400000,126400000
0,1264,126400000,126400100,11574,19291,126500000,126500000
0,1265,126500000,126500100,11574,19291,126600000,126600000
0,1266,126600000,126600100,11574,19291,126700000,126700000
0,1267,126700000,126700100,11574,19291,126800000,126800000
0,1268,126800000,126800100,11574,19291,126900000,126900000
0,1269,126900000,126900100,11574,19291,127000000,127000000
0,1270,127000000,127000100,11574,19291,127100000,127100000
0,1271,127100000,127100100,11574,19291,127200000,127200000
0,1272,127200000,127200100,11574,19291,127300000,127300000
0,1273,127300000,127300100,11574,19291,127400000,127400000
0,1274,127400000,127400100,11574,19291,127500000,127500000
0,1275,127500000,127500100,11574,19291,127600000,127600000
0,1276,127600000,127600100,11574,19291,127700000,127700000
0,1277,127700000,127700100,11574,19291,127800000,127800000
0,1278,127800000,127800100,11574,19291,127900000,127900000
0,1279,127900000,127900100,11574,19291,128000000,128000000
0,1280,128000000,128000100,11574,19291,128100000,128100000
0,1281,128100000,128100100,11574,19291,128200000,128200000
0,1282,128200000,128200100,11574,19291,128300000,128300000
0,1283,128300000,128300100,11574,19291,128400000,128400000
0,1284,128400000,128400100,11574,19291,128500000,128500000
0,1285,128500000,128500100,11574,19291,128600000,128600000
0,1286,128600000,128600100,11574,19291,128700000,128700000
0,1287,128700000,128700100,11574,19291,128800000,128800000
0,1288,128800000,128800100,11574,19291,128900000,128900000
0,1289,128900000,128900100,11574,19291,129000000,129000000
0,1290,129000000,129000100,11574,19291,129100000,129100000
0,1291,129100000,129100100,11574,19291,129200000,129200000
0,1292,129200000,129200100,11574,19291,129300000,129300000
0,1293,129300000,129300100,11574,19291,129400000,129400000
0,1294,129400000,129400100,11574,19291,129500000,129500000
0,1295,129500000,129500100,11574,19291,129600000,129600000
0,1296,129600000,129600100,11574,19291,129700000,129700000
0,1297,129700000,129700100,11574,19291,129800000,129800000
0,1298,129800000,129800100,11574,19291,129900000,129900000
0,1299,129900000,129900100,11574,19291,130000000,130000000
0,1300,130000000,130000100,11574,19291,130100000,130100000
0,1301,130100000,130100100,11574,19291,130200000,130200000
0,1302,130200000,130200100,11574,19291,130300000,130300000
0,1303,130300000,130300100,11574,19291,130400000,130400000
0,1304,130400000,130400100,11574,19291,130500000,130500000
0,1305,130500000,130500100,11574,19291,130600000,130600000
0,1306,130600000,130600100,11574,19291,130700000,130700000
0,1307,130700000,130700100,11574,19291,130800000,130800000
0,1308,130800000,130800100,11574,19291,130900000,130900000
0,1309,130900000,130900100,11574,19291,131000000,131000000
0,1310,131000000,131000100,11574,19291,131100000,131100000
0,1311,131100000,131100100,11574,19291,131200000,131200000
0,1312,131200000,131200100,11574,19291,131300000,131300000
0,1313,131300000,131300100,11574,19291,131400000,131400000
0,1314,131400000,131400100,11574,19291,131500000,131500000
0,1315,131500000,131500100,11574,19291,131600000,131600000
0,1316,131600000,131600100,11574,19291,131700000,131700000
0,1317,131700000,131700100,11574,19291,131800000,131800000
0,1318,131800000,131800100,11574,19291,131900000,131900000
0,1319,131900000,131900100,11574,19291,132000000,132000000
0,1320,132000000,132000100,11574,19291,132100000,132100000
0,1321,132100000,132100100,11574,19291,132200000,132200000
0,1322,132200000,132200100,11574,19291,132300000,132300000
0,1323,132300000,132300100,11574,19291,132400000,132400000
0,1324,132400000,132400100,11574,19291,132500000,132500000
0,1325,132500000,132500100,11574,19291,132600000,132600000
0,1326,132600000,132600100,11574,19291,132700000,132700000
0,1327,132700000,132700100,11574,19291,132800000,132800000
0,1328,132800000,132800100,11574,19291,132900000,132900000
0,1329,132900000,132900100,11574,19291,133000000,133000000
0,1330,133000000,133000100,11574,19291,133100000,133100000
0,1331,133100000,133100100,11574,19291,133200000,133200000
0,1332,133200000,133200100,11574,19291,133300000,133300000
0,1333,133300000,133300100,11574,19291,133400000,133400000
0,1334,133400000,133400100,11574,19291,133500000,133500000
0,1335,133500000,133500100,11574,19291,133600000,133600000
0,1336,133600000,133600100,11574,19291,133700000,133700000
0,1337,133700000,133700100,11574,19291,133800000,133800000
0,1338,133800000,133800100,11574,19291,133900000,133900000
0,1339,133900000,133900100,11574,19291,134000000,134000000
0,1340,134000000,134000100,11574,19291,134100000,134100000
0,1341,134100000,134100100,11574,19291,134200000,134200000
0,1342,134200000,134200100,11574,19291,134300000,134300000
0,1343,134300000,134300100,11574,19291,134400000,134400000
0,1344,134400000,134400100,11574,19291,134500000,134500000
0,1345,134500000,134500100,11574,19291,134600000,134600000
0,1346,134600000,134600100,11574,19291,134700000,134700000
0,1347,134700000,134700100,11574,19291,134800000,134800000
0,1348,134800000,134800100,11574,19291,134900000,134900000
0,1349,134900000,134900100,11574,19291,135000000,135000000
0,1350,135000000,135000100,11574,19291,135100000,135100000
0,1351,135100000,135100100,11574,19291,135200000,135200000
0,1352,135200000,135200100,11574,19291,135300000,135300000
0,1353,135300000,135300100,11574,19291,135400000,135400000
0,1354,135400000,135400100,11574,19291,135500000,135500000
0,1355,135500000,135500100,11574,19291,135600000,135600000
0,1356,135600000,135600100,11574,19291,135700000,135700000
0,1357,135700000,135700100,11574,19291,135800000,135800000
0,1358,135800000,135800100,11574,19291,135900000,135900000
0,1359,135900000,135900100,11574,19291,136000000,136000000
0,1360,136000000,136000100,11574,19291,136100000,136100000
0,1361,136100000,136100100,11574,19291,136200000,136200000
0,1362,136200000,136200100,11574,19291,136300000,136300000
0,1363,136300000,136300100,11574,19291,136400000,136400000
0,1364,136400000,136400100,11574,19291,136500000,136500000
0,1365,136500000,136500100,11574,19291,136600000,136600000
0,1366,136600000,136600100,11574,19291,136700000,136700000
0,1367,136700000,136700100,11574,19291,136800000,136800000
0,1368,136800000,136800100,11574,19291,136900000,136900000
0,1369,136900000,136900100,11574,19291,137000000,137000000
0,1370,137000000,137000100,11574,19291,137100000,137100000
0,1371,137100000,137100100,11574,19291,137200000,137200000
0,1372,137200000,137200100,11574,19291,137300000,137300000
0,1373,137300000,137300100,11574,19291,137400000,137400000
0,1374,137400000,137400100,11574,19291,137500000,137500000
0,1375,137500000,137500100,11574,19291,137600000,137600000
0,1376,137600000,137600100,11574,19291,137700000,137700000
0,1377,137700000,137700100,11574,19291,137800000,137800000
0,1378,137800000,137800100,11574,19291,137900000,137900000
0,1379,137900000,137900100,11574,19291,138000000,138000000
0,1380,138000000,138000100,11574,19291,138100000,138100000
0,1381,138100000,138100100,11574,19291,138200000,138200000
0,1382,138200000,138200100,11574,19291,138300000,138300000
0,1383,138300000,138300100,11574,19291,138400000,138400000
0,1384,138400000,138400100,11574,19291,138500000,138500000
0,1385,138500000,138500100,11574,19291,138600000,138600000
0,1386,138600000,138600100,11574,19291,138700000,138700000
0,1387,138700000,138700100,11574,19291,138800000,138800000
0,1388,138800000,138800100,11574,19291,138900000,138900000
0,1389,138900000,138900100,11574,19291,139000000,139000000
0,1390,139000000,139000100,11574,19291,139100000,139100000
0,1391,139100000,139100100,11574,19291,139200000,139200000
0,1392,139200000,139200100,11574,19291,139300000,139300000
0,1393,139300000,139300100,11574,19291,139400000,139400000
0,1394,139400000,139400100,11574,19291,139500000,139500000
0,1395,139500000,139500100,11574,19291,139600000,139600000
0,1396,139600000,139600100,11574,19291,139700000,139700000
0,1397,139700000,139700100,11574,19291,139800000,139800000
0,1398,139800000,139800100,11574,19291,139900000,139900000
0,1399,139900000,139900100,11574,19291,140000000,140000000
0,1400,140000000,140000100,11574,19291,140100000,140100000
0,1401,140100000,140100100,11574,19291,140200000,140200000
0,1402,140200000,140200100,11574,19291,140300000,140300000
0,1403,140300000,140300100,11574,19291,140400000,140400000
0,1404,140400000,140400100,11574,19291,140500000,140500000
0,1405,140500000,140500100,11574,19291,140600000,140600000
0,1406,140600000,140600100,11574,19291,140700000,140700000
0,1407,140700000,140700100,11574,19291,140800000,140800000
0,1408,140800000,140800100,11574,19291,140900000,140900000
0,1409,140900000,140900100,11574,19291,141000000,141000000
0,1410,141000000,141000100,11574,19291,141100000,141100000
0,1411,141100000,141100100,11574,19291,141200000,141200000
0,1412,141200000,141200100,11574,19291,141300000,141300000
0,1413,141300000,141300100,11574,19291,141400000,141400000
0,1414,141400000,141400100,11574,19291,141500000,141500000
0,1415,141500000,141500100,11574,19291,141600000,141600000
0,1416,141600000,141600100,11574,19291,141700000,141700000
0,1417,141700000,141700100,11574,19291,141800000,141800000
0,1418,141800000,141800100,11574,19291,141900000,141900000
0,1419,141900000,141900100,11574,19291,142000000,142000000
0,1420,142000000,142000100,11574,19291,142100000,142100000
0,1421,142100000,142100100,11574,19291,142200000,142200000
0,1422,142200000,142200100,11574,19291,142300000,142300000
0,1423,142300000,142300100,11574,19291,142400000,142400000
0,1424,142400000,142400100,11574,19291,142500000,142500000
0,1425,142500000,142500100,11574,19291,142600000,142600000
0,1426,142600000,142600100,11574,19291,142700000,142700000
0,1427,142700000,142700100,11574,19291,142800000,142800000
0,1428,142800000,142800100,11574,19291,142900000,142900000
0,1429,142900000,142900100,11574,19291,143000000,143000000
0,1430,143000000,143000100,11574,19291,143100000,143100000
0,1431,143100000,143100100,11574,19291,143200000,143200000
0,1432,143200000,143200100,11574,19291,143300000,143300000
0,1433,143300000,143300100,11574,19291,143400000,143400000
0,1434,143400000,143400100,11574,19291,143500000,143500000
0,1435,143500000,143500100,11574,19291,143600000,143600000
0,1436,143600000,143600100,11574,19291,143700000,143700000
0,1437,143700000,143700100,11574,19291,143800000,143800000
0,1438,143800000,143800100,11574,19291,143900000,143900000
0,1439,143900000,143900100,11574,19291,144000000,144000000
0,1440,144000000,144000100,11574,19291,144100000,144100000
0,1441,144100000,144100100,11574,19291,144200000,144200000
0,1442,144200000,144200100,11574,19291,144300000,144300000
0,1443,144300000,144300100,11574,19291,144400000,144400000
0,1444,144400000,144400100,11574,19291,144500000,144500000
0,1445,144500000,144500100,11574,19291,144600000,144600000
0,1446,144600000,144600100,11574,19291,144700000,144700000
0,1447,144700000,144700100,11574,19291,144800000,144800000
0,1448,144800000,144800100,11574,19291,144900000,144900000
0,1449,144900000,144900100,11574,19291,145000000,145000000
0,1450,145000000,145000100,11574,19291,145100000,145100000
0,1451,145100000,145100100,11574,19291,145200000,145200000
0,1452,145200000,145200100,11574,19291,145300000,145300000
0,1453,145300000,145300100,11574,19291,145400000,145400000
0,1454,145400000,145400100,11574,19291,145500000,145500000
0,1455,145500000,145500100,11574,19291,145600000,145600000
0,1456,145600000,145600100,11574,19291,145700000,145700000
0,1457,145700000,145700100,11574,19291,145800000,145800000
0,1458,145800000,145800100,11574,19291,145900000,145900000
0,1459,145900000,145900100,11574,19291,146000000,146000000
0,1460,146000000,146000100,11574,19291,146100000,146100000
0,1461,146100000,146100100,11574,19291,146200000,146200000
0,1462,146200000,146200100,11574,19291,146300000,146300000
0,1463,146300000,146300100,11574,19291,146400000,146400000
0,1464,146400000,146400100,11574,19291,146500000,146500000
0,1465,146500000,146500100,11574,19291,146600000,146600000
0,1466,146600000,146600100,11574,19291,146700000,146700000
0,1467,146700000,146700100,11574,19291,146800000,146800000
0,1468,146800000,146800100,11574,19291,146900000,146900000
0,1469,146900000,146900100,11574,19291,147000000,147000000
0,1470,147000000,147000100,11574,19291,147100000,147100000
0,1471,147100000,147100100,11574,19291,147200000,147200000
0,1472,147200000,147200100,11574,19291,147300000,147300000
0,1473,147300000,147300100,11574,19291,147400000,147400000
0,1474,147400000,147400100,11574,19291,147500000,147500000
0,1475,147500000,147500100,11574,19291,147600000,147600000
0,1476,147600000,147600100,11574,19291,147700000,147700000
0,1477,147700000,147700100,11574,19291,147800000,147800000
0,1478,147800000,147800100,11574,19291,147900000,147900000
0,1479,147900000,147900100,11574,19291,148000000,148000000
0,1480,148000000,148000100,11574,19291,148100000,148100000
0,1481,148100000,148100100,11574,19291,148200000,148200000
0,1482,148200000,148200100,11574,19291,148300000,148300000
0,1483,148300000,148300100,11574,19291,148400000,148400000
0,1484,148400000,148400100,11574,19291,148500000,148500000
0,1485,148500000,148500100,11574,19291,148600000,148600000
0,1486,148600000,148600100,11574,19291,148700000,148700000
0,1487,148700000,148700100,11574,19291,148800000,148800000
0,1488,148800000,148800100,11574,19291,148900000,148900000
0,1489,148900000,148900100,11574,19291,149000000,149000000
0,1490,149000000,149000100,11574,19291,149100000,149100000
0,1491,149100000,149100100,11574,19291,149200000,149200000
0,1492,149200000,149200100,11574,19291,149300000,149300000
0,1493,149300000,149300100,11574,19291,149400000,149400000
0,1494,149400000,149400100,11574,19291,149500000,149500000
0,1495,149500000,149500100,11574,19291,149600000,149600000
0,1496,149600000,149600100,11574,19291,149700000,149700000
0,1497,149700000,149700100,11574,19291,149800000,149800000
0,1498,149800000,149800100,11574,19291,149900000,149900000
0,1499,149900000,149900100,11574,19291,150000000,150000000
0,1500,150000000,150000100,11574,19291,150100000,150100000
0,1501,150100000,150100100,11574,19291,150200000,150200000
0,1502,150200000,150200100,11574,19291,150300000,150300000
0,1503,150300000,150300100,11574,19291,150400000,150400000
0,1504,150400000,150400100,11574,19291,150500000,150500000
0,1505,150500000,150500100,11574,19291,150600000,150600000
0,1506,150600000,150600100,11574,19291,150700000,150700000
0,1507,150700000,150700100,11574,19291,150800000,150800000
0,1508,150800000,150800100,11574,19291,150900000,150900000
0,1509,150900000,150900100,11574,19291,151000000,151000000
0,1510,151000000,151000100,11574,19291,151100000,151100000
0,1511,151100000,151100100,11574,19291,151200000,151200000
0,1512,151200000,151200100,11574,19291,151300000,151300000
0,1513,151300000,151300100,11574,19291,151400000,151400000
0,1514,151400000,151400100,11574,19291,151500000,151500000
0,1515,151500000,151500100,11574,19291,151600000,151600000
0,1516,151600000,151600100,11574,19291,151700000,151700000
0,1517,151700000,151700100,11574,19291,151800000,151800000
0,1518,151800000,151800100,11574,19291,151900000,151900000
0,1519,151900000,151900100,11574,19291,152000000,152000000
0,1520,152000000,152000100,11574,19291,152100000,152100000
0,1521,152100000,152100100,11574,19291,152200000,152200000
0,1522,152200000,152200100,11574,19291,152300000,152300000
0,1523,152300000,152300100,11574,19291,152400000,152400000
0,1524,152400000,152400100,11574,19291,152500000,152500000
0,1525,152500000,152500100,11574,19291,152600000,152600000
0,1526,152600000,152600100,11574,19291,152700000,152700000
0,1527,152700000,152700100,11574,19291,152800000,152800000
0,1528,152800000,152800100,11574,19291,152900000,152900000
0,1529,152900000,152900100,11574,19291,153000000,153000000
0,1530,153000000,153000100,11574,19291,153100000,153100000
0,1531,153100000,153100100,11574,19291,153200000,153200000
0,1532,153200000,153200100,11574,19291,153300000,153300000
0,1533,153300000,153300100,11574,19291,153400000,153400000
0,1534,153400000,153400100,11574,19291,153500000,153500000
0,1535,153500000,153500100,11574,19291,153600000,153600000
0,1536,153600000,153600100,11574,19291,153700000,153700000
0,1537,153700000,153700100,11574,19291,153800000,153800000
0,1538,153800000,153800100,11574,19291,153900000,153900000
0,1539,153900000,153900100,11574,19291,154000000,154000000
0,1540,154000000,154000100,11574,19291,154100000,154100000
0,1541,154100000,154100100,11574,19291,154200000,154200000
0,1542,154200000,154200100,11574,19291,154300000,154300000
0,1543,154300000,154300100,11574,19291,154400000,154400000
0,1544,154400000,154400100,11574,19291,154500000,154500000
0,1545,154500000,154500100,11574,19291,154600000,154600000
0,1546,154600000,154600100,11574,19291,154700000,154700000
0,1547,154700000,154700100,11574,19291,154800000,154800000
0,1548,154800000,154800100,11574,19291,154900000,154900000
0,1549,154900000,154900100,11574,19291,155000000,155000000
0,1550,155000000,155000100,11574,19291,155100000,155100000
0,1551,155100000,155100100,11574,19291,155200000,155200000
0,1552,155200000,155200100,11574,19291,155300000,155300000
0,1553,155300000,155300100,11574,19291,155400000,155400000
0,1554,155400000,155400100,11574,19291,155500000,155500000
0,1555,155500000,155500100,11574,19291,155600000,155600000
0,1556,155600000,155600100,11574,19291,155700000,155700000
0,1557,155700000,155700100,11574,19291,155800000,155800000
0,1558,155800000,155800100,11574,19291,155900000,155900000
0,1559,155900000,155900100,11574,19291,156000000,156000000
0,1560,156000000,156000100,11574,19291,156100000,156100000
0,1561,156100000,156100100,11574,19291,156200000,156200000
0,1562,156200000,156200100,11574,19291,156300000,156300000
0,1563,156300000,156300100,11574,19291,156400000,156400000
0,1564,156400000,156400100,11574,19291,156500000,156500000
0,1565,156500000,156500100,11574,19291,156600000,156600000
0,1566,156600000,156600100,11574,19291,156700000,156700000
0,1567,156700000,156700100,11574,19291,156800000,156800000
0,1568,156800000,156800100,11574,19291,156900000,156900000
0,1569,156900000,156900100,11574,19291,157000000,157000000
0,1570,157000000,157000100,11574,19291,157100000,157100000
0,1571,157100000,157100100,11574,19291,157200000,157200000
0,1572,157200000,157200100,11574,19291,157300000,157300000
0,1573,157300000,157300100,11574,19291,157400000,157400000
0,1574,157400000,157400100,11574,19291,157500000,157500000
0,1575,157500000,157500100,11574,19291,157600000,157600000
0,1576,157600000,157600100,11574,19291,157700000,157700000
0,1577,157700000,157700100,11574,19291,157800000,157800000
0,1578,157800000,157800100,11574,19291,157900000,157900000
0,1579,157900000,157900100,11574,19291,158000000,158000000
0,1580,158000000,158000100,11574,19291,158100000,158100000
0,1581,158100000,158100100,11574,19291,158200000,158200000
0,1582,158200000,158200100,11574,19291,158300000,158300000
0,1583,158300000,158300100,11574,19291,158400000,158400000
0,1584,158400000,158400100,11574,19291,158500000,158500000
0,1585,158500000,158500100,11574,19291,158600000,158600000
0,1586,158600000,158600100,11574,19291,158700000,158700000
0,1587,158700000,158700100,11574,19291,158800000,158800000
0,1588,158800000,158800100,11574,19291,158900000,158900000
0,1589,158900000,158900100,11574,19291,159000000,159000000
0,1590,159000000,159000100,11574,19291,159100000,159100000
0,1591,159100000,159100100,11574,19291,159200000,159200000
0,1592,159200000,159200100,11574,19291,159300000,159300000
0,1593,159300000,159300100,11574,19291,159400000,159400000
0,1594,159400000,159400100,11574,19291,159500000,159500000
0,1595,159500000,159500100,11574,19291,159600000,159600000
0,1596,159600000,159600100,11574,19291,159700000,159700000
0,1597,159700000,159700100,11574,19291,159800000,159800000
0,1598,159800000,159800100,11574,19291,159900000,159900000
0,1599,159900000,159900100,11574,19291,160000000,160000000
0,1600,160000000,160000100,11574,19291,160100000,160100000
0,1601,160100000,160100100,11574,19291,160200000,160200000
0,1602,160200000,160200100,11574,19291,160300000,160300000
0,1603,160300000,160300100,11574,19291,160400000,160400000
0,1604,160400000,160400100,11574,19291,160500000,160500000
0,1605,160500000,160500100,11574,19291,160600000,160600000
0,1606,160600000,160600100,11574,19291,160700000,160700000
0,1607,160700000,160700100,11574,19291,160800000,160800000
0,1608,160800000,160800100,11574,19291,160900000,160900000
0,1609,160900000,160900100,11574,19291,161000000,161000000
0,1610,161000000,161000100,11574,19291,161100000,161100000
0,1611,161100000,161100100,11574,19291,161200000,161200000
0,1612,161200000,161200100,11574,19291,161300000,161300000
0,1613,161300000,161300100,11574,19291,161400000,161400000
0,1614,161400000,161400100,11574,19291,161500000,161500000
0,1615,161500000,161500100,11574,19291,161600000,161600000
0,1616,161600000,161600100,11574,19291,161700000,161700000
0,1617,161700000,161700100,11574,19291,161800000,161800000
0,1618,161800000,161800100,11574,19291,161900000,161900000
0,1619,161900000,161900100,11574,19291,162000000,162000000
0,1620,162000000,162000100,11574,19291,162100000,162100000
0,1621,162100000,162100100,11574,19291,162200000,162200000
0,1622,162200000,162200100,11574,19291,162300000,162300000
0,1623,162300000,162300100,11574,19291,162400000,162400000
0,1624,162400000,162400100,11574,19291,162500000,162500000
0,1625,162500000,162500100,11574,19291,162600000,162600000
0,1626,162600000,162600100,11574,19291,162700000,162700000
0,1627,162700000,162700100,11574,19291,162800000,162800000
0,1628,162800000,162800100,11574,19291,162900000,162900000
0,1629,162900000,162900100,11574,19291,163000000,163000000
0,1630,163000000,163000100,11574,19291,163100000,163100000
0,1631,163100000,163100100,11574,19291,163200000,163200000
0,1632,163200000,163200100,11574,19291,163300000,163300000
0,1633,163300000,163300100,11574,19291,163400000,163400000
0,1634,163400000,163400100,11574,19291,163500000,163500000
0,1635,163500000,163500100,11574,19291,163600000,163600000
0,1636,163600000,163600100,11574,19291,163700000,163700000
0,1637,163700000,163700100,11574,19291,163800000,163800000
0,1638,163800000,163800100,11574,19291,163900000,163900000
0,1639,163900000,163900100,11574,19291,164000000,164000000
0,1640,164000000,164000100,11574,19291,164100000,164100000
0,1641,164100000,164100100,11574,19291,164200000,164200000
0,1642,164200000,164200100,11574,19291,164300000,164300000
0,1643,164300000,164300100,11574,19291,164400000,164400000
0,1644,164400000,164400100,11574,19291,164500000,164500000
0,1645,164500000,164500100,11574,19291,164600000,164600000
0,1646,164600000,164600100,11574,19291,164700000,164700000
0,1647,164700000,164700100,11574,19291,164800000,164800000
0,1648,164800000,164800100,11574,19291,164900000,164900000
0,1649,164900000,164900100,11574,19291,165000000,165000000
0,1650,165000000,165000100,11574,19291,165100000,165100000
0,1651,165100000,165100100,11574,19291,165200000,165200000
0,1652,165200000,165200100,11574,19291,165300000,165300000
0,1653,165300000,165300100,11574,19291,165400000,165400000
0,1654,165400000,165400100,11574,19291,165500000,165500000
0,1655,165500000,165500100,11574,19291,165600000,165600000
0,1656,165600000,165600100,11574,19291,165700000,165700000
0,1657,165700000,165700100,11574,19291,165800000,165800000
0,1658,165800000,165800100,11574,19291,165900000,165900000
0,1659,165900000,165900100,11574,19291,166000000,166000000
0,1660,166000000,166000100,11574,19291,166100000,166100000
0,1661,166100000,166100100,11574,19291,166200000,166200000
0,1662,166200000,166200100,11574,19291,166300000,166300000
0,1663,166300000,166300100,11574,19291,166400000,166400000
0,1664,166400000,166400100,11574,19291,166500000,166500000
0,1665,166500000,166500100,11574,19291,166600000,166600000
0,1666,166600000,166600100,11574,19291,166700000,166700000
0,1667,166700000,166700100,11574,19291,166800000,166800000
0,1668,166800000,166800100,11574,19291,166900000,166900000
0,1669,166900000,166900100,11574,19291,167000000,167000000
0,1670,167000000,167000100,11574,19291,167100000,167100000
0,1671,167100000,167100100,11574,19291,167200000,167200000
0,1672,167200000,167200100,11574,19291,167300000,167300000
0,1673,167300000,167300100,11574,19291,167400000,167400000
0,1674,167400000,167400100,11574,19291,167500000,167500000
0,1675,167500000,167500100,11574,19291,167600000,167600000
0,1676,167600000,167600100,11574,19291,167700000,167700000
0,1677,167700000,167700100,11574,19291,167800000,167800000
0,1678,167800000,167800100,11574,19291,167900000,167900000
0,1679,167900000,167900100,11574,19291,168000000,168000000
0,1680,168000000,168000100,11574,19291,168100000,168100000
0,1681,168100000,168100100,11574,19291,168200000,168200000
0,1682,168200000,168200100,11574,19291,168300000,168300000
0,1683,168300000,168300100,11574,19291,168400000,168400000
0,1684,168400000,168400100,11574,19291,168500000,168500000
0,1685,168500000,168500100,11574,19291,168600000,168600000
0,1686,168600000,168600100,11574,19291,168700000,168700000
0,1687,168700000,168700100,11574,19291,168800000,168800000
0,1688,168800000,168800100,11574,19291,168900000,168900000
0,1689,168900000,168900100,11574,19291,169000000,169000000
0,1690,169000000,169000100,11574,19291,169100000,169100000
0,1691,169100000,169100100,11574,19291,169200000,169200000
0,1692,169200000,169200100,11574,19291,169300000,169300000
0,1693,169300000,169300100,11574,19291,169400000,169400000
0,1694,169400000,169400100,11574,19291,169500000,169500000
0,1695,169500000,169500100,11574,19291,169600000,169600000
0,1696,169600000,169600100,11574,19291,169700000,169700000
0,1697,169700000,169700100,11574,19291,169800000,169800000
0,1698,169800000,169800100,11574,19291,169900000,169900000
0,1699,169900000,169900100,11574,19291,170000000,170000000
0,1700,170000000,170000100,11574,19291,170100000,170100000
0,1701,170100000,170100100,11574,19291,170200000,170200000
0,1702,170200000,170200100,11574,19291,170300000,170300000
0,1703,170300000,170300100,11574,19291,170400000,170400000
0,1704,170400000,170400100,11574,19291,170500000,170500000
0,1705,170500000,170500100,11574,19291,170600000,170600000
0,1706,170600000,170600100,11574,19291,170700000,170700000
0,1707,170700000,170700100,11574,19291,170800000,170800000
0,1708,170800000,170800100,11574,19291,170900000,170900000
0,1709,170900000,170900100,11574,19291,171000000,171000000
0,1710,171000000,171000100,11574,19291,171100000,171100000
0,1711,171100000,171100100,11574,19291,171200000,171200000
0,1712,171200000,171200100,11574,19291,171300000,171300000
0,1713,171300000,171300100,11574,19291,171400000,171400000
0,1714,171400000,171400100,11574,19291,171500000,171500000
0,1715,171500000,171500100,11574,19291,171600000,171600000
0,1716,171600000,171600100,11574,19291,171700000,171700000
0,1717,171700000,171700100,11574,19291,171800000,171800000
0,1718,171800000,171800100,11574,19291,171900000,171900000
0,1719,171900000,171900100,11574,19291,172000000,172000000
0,1720,172000000,172000100,11574,19291,172100000,172100000
0,1721,172100000,172100100,11574,19291,172200000,172200000
0,1722,172200000,172200100,11574,19291,172300000,172300000
0,1723,172300000,172300100,11574,19291,172400000,172400000
0,1724,172400000,172400100,11574,19291,172500000,172500000
0,1725,172500000,172500100,11574,19291,172600000,172600000
0,1726,172600000,172600100,11574,19291,172700000,172700000
0,1727,172700000,172700100,11574,19291,172800000,172800000
0,1728,172800000,172800100,11574,19291,172900000,172900000
0,1729,172900000,172900100,11574,19291,173000000,173000000
0,1730,173000000,173000100,11574,19291,173100000,173100000
0,1731,173100000,173100100,11574,19291,173200000,173200000
0,1732,173200000,173200100,11574,19291,173300000,173300000
0,1733,173300000,173300100,11574,19291,173400000,173400000
0,1734,173400000,173400100,11574,19291,173500000,173500000
0,1735,173500000,173500100,11574,19291,173600000,173600000
0,1736,173600000,173600100,11574,19291,173700000,173700000
0,1737,173700000,173700100,11574,19291,173800000,173800000
0,1738,173800000,173800100,11574,19291,173900000,173900000
0,1739,173900000,173900100,11574,19291,174000000,174000000
0,1740,174000000,174000100,11574,19291,174100000,174100000
0,1741,174100000,174100100,11574,19291,174200000,174200000
0,1742,174200000,174200100,11574,19291,174300000,174300000
0,1743,174300000,174300100,11574,19291,174400000,174400000
0,1744,174400000,174400100,11574,19291,174500000,174500000
0,1745,174500000,174500100,11574,19291,174600000,174600000
0,1746,174600000,174600100,11574,19291,174700000,174700000
0,1747,174700000,174700100,11574,19291,174800000,174800000
0,1748,174800000,174800100,11574,19291,174900000,174900000
0,1749,174900000,174900100,11574,19291,175000000,175000000
0,1750,175000000,175000100,11574,19291,175100000,175100000
0,1751,175100000,175100100,11574,19291,175200000,175200000
0,1752,175200000,175200100,11574,19291,175300000,175300000
0,1753,175300000,175300100,11574,19291,175400000,175400000
0,1754,175400000,175400100,11574,19291,175500000,175500000
0,1755,175500000,175500100,11574,19291,175600000,175600000
0,1756,175600000,175600100,11574,19291,175700000,175700000
0,1757,175700000,175700100,11574,19291,175800000,175800000
0,1758,175800000,175800100,11574,19291,175900000,175900000
0,1759,175900000,175900100,11574,19291,176000000,176000000
0,1760,176000000,176000100,11574,19291,176100000,176100000
0,1761,176100000,176100100,11574,19291,176200000,176200000
0,1762,176200000,176200100,11574,19291,176300000,176300000
0,1763,176300000,176300100,11574,19291,176400000,176400000
0,1764,176400000,176400100,11574,19291,176500000,176500000
0,1765,176500000,176500100,11574,19291,176600000,176600000
0,1766,176600000,176600100,11574,19291,176700000,176700000
0,1767,176700000,176700100,11574,19291,176800000,176800000
0,1768,176800000,176800100,11574,19291,176900000,176900000
0,1769,176900000,176900100,11574,19291,177000000,177000000
0,1770,177000000,177000100,11574,19291,177100000,177100000
0,1771,177100000,177100100,11574,19291,177200000,177200000
0,1772,177200000,177200100,11574,19291,177300000,177300000
0,1773,177300000,177300100,11574,19291,177400000,177400000
0,1774,177400000,177400100,11574,19291,177500000,177500000
0,1775,177500000,177500100,11574,19291,177600000,177600000
0,1776,177600000,177600100,11574,19291,177700000,177700000
0,1777,177700000,177700100,11574,19291,177800000,177800000
0,1778,177800000,177800100,11574,19291,177900000,177900000
0,1779,177900000,177900100,11574,19291,178000000,178000000
0,1780,178000000,178000100,11574,19291,178100000,178100000
0,1781,178100000,178100100,11574,19291,178200000,178200000
0,1782,178200000,178200100,11574,19291,178300000,178300000
0,1783,178300000,178300100,11574,19291,178400000,178400000
0,1784,178400000,178400100,11574,19291,178500000,178500000
1,0,0,100,32290,53818,150000,150000
1,1,150000,150100,32290,53818,300000,300000
1,2,300000,300100,32290,53818,450000,450000
1,3,450000,450100,32290,53818,600000,600000
1,4,600000,600100,32290,53818,750000,750000
1,5,750000,750100,32290,53818,900000,900000
1,6,900000,900100,32290,53818,1050000,1050000
1,7,1050000,1050100,32290,53818,1200000,1200000
1,8,1200000,1200100,32290,53818,1350000,1350000
1,9,1350000,1350100,32290,53818,1500000,1500000
1,10,1500000,1500100,32290,53818,1650000,1650000
1,11,1650000,1650100,32290,53818,1800000,1800000
1,12,1800000,1800100,32290,53818,1950000,1950000
1,13,1950000,1950100,32290,53818,2100000,2100000
1,14,2100000,2100100,32290,53818,2250000,2250000
1,15,2250000,2250100,32290,53818,2400000,2400000
1,16,2400000,2400100,32290,53818,2550000,2550000
1,17,2550000,2550100,32290,53818,2700000,2700000
1,18,2700000,2700100,32290,53818,2850000,2850000
1,19,2850000,2850100,32290,53818,3000000,3000000
1,20,3000000,3000100,32290,53818,3150000,3150000
1,21,3150000,3150100,32290,53818,3300000,3300000
1,22,3300000,3300100,32290,53818,3450000,3450000
1,23,3450000,3450100,32290,53818,3600000,3600000
1,24,3600000,3600100,32290,53818,3750000,3750000
1,25,3750000,3750100,32290,53818,3900000,3900000
1,26,3900000,3900100,32290,53818,4050000,4050000
1,27,4050000,4050100,32290,53818,4200000,4200000
1,28,4200000,4200100,32290,53818,4350000,4350000
1,29,4350000,4350100,32290,53818,4500000,4500000
1,30,4500000,4500100,32290,53818,4650000,4650000
1,31,4650000,4650100,32290,53818,4800000,4800000
1,32,4800000,4800100,32290,53818,4950000,4950000
1,33,4950000,4950100,32290,53818,5100000,5100000
1,34,5100000,5100100,32290,53818,5250000,5250000
1,35,5250000,5250100,32290,53818,5400000,5400000
1,36,5400000,5400100,32290,53818,5550000,5550000
1,37,5550000,5550100,32290,53818,5700000,5700000
1,38,5700000,5700100,32290,53818,5850000,5850000
1,39,5850000,5850100,32290,53818,6000000,6000000
1,40,6000000,6000100,32290,53818,6150000,6150000
1,41,6150000,6150100,32290,53818,6300000,6300000
1,42,6300000,6300100,32290,53818,6450000,6450000
1,43,6450000,6450100,32290,53818,6600000,6600000
1,44,6600000,6600100,32290,53818,6750000,6750000
1,45,6750000,6750100,32290,53818,6900000,6900000
1,46,6900000,6900100,32290,53818,7050000,7050000
1,47,7050000,7050100,32290,53818,7200000,7200000
1,48,7200000,7200100,32290,53818,7350000,7350000
1,49,7350000,7350100,32290,53818,7500000,7500000
1,50,7500000,7500100,32290,53818,7650000,7650000
1,51,7650000,7650100,32290,53818,7800000,7800000
1,52,7800000,7800100,32290,53818,7950000,7950000
1,53,7950000,7950100,32290,53818,8100000,8100000
1,54,8100000,8100100,32290,53818,8250000,8250000
1,55,8250000,8250100,32290,53818,8400000,8400000
1,56,8400000,8400100,32290,53818,8550000,8550000
1,57,8550000,8550100,32290,53818,8700000,8700000
1,58,8700000,8700100,32290,53818,8850000,8850000
1,59,8850000,8850100,32290,53818,9000000,9000000
1,60,9000000,9000100,32290,53818,9150000,9150000
1,61,9150000,9150100,32290,53818,9300000,9300000
1,62,9300000,9300100,32290,53818,9450000,9450000
1,63,9450000,9450100,32290,53818,9600000,9600000
1,64,9600000,9600100,32290,53818,9750000,9750000
1,65,9750000,9750100,32290,53818,9900000,9900000
1,66,9900000,9900100,32290,53818,10050000,10050000
1,67,10050000,10050100,32290,53818,10200000,10200000
1,68,10200000,10200100,32290,53818,10350000,10350000
1,69,10350000,10350100,32290,53818,10500000,10500000
1,70,10500000,10500100,32290,53818,10650000,10650000
1,71,10650000,10650100,32290,53818,10800000,10800000
1,72,10800000,10800100,32290,53818,10950000,10950000
1,73,10950000,10950100,32290,53818,11100000,11100000
1,74,11100000,11100100,32290,53818,11250000,11250000
1,75,11250000,11250100,32290,53818,11400000,11400000
1,76,11400000,11400100,32290,53818,11550000,11550000
1,77,11550000,11550100,32290,53818,11700000,11700000
1,78,11700000,11700100,32290,53818,11850000,11850000
1,79,11850000,11850100,32290,53818,12000000,12000000
1,80,12000000,12000100,32290,53818,12150000,12150000
1,81,12150000,12150100,32290,53818,12300000,12300000
1,82,12300000,12300100,32290,53818,12450000,12450000
1,83,12450000,12450100,32290,53818,12600000,12600000
1,84,12600000,12600100,32290,53818,12750000,12750000
1,85,12750000,12750100,32290,53818,12900000,12900000
1,86,12900000,12900100,32290,53818,13050000,13050000
1,87,13050000,13050100,32290,53818,13200000,13200000
1,88,13200000,13200100,32290,53818,13350000,13350000
1,89,13350000,13350100,32290,53818,13500000,13500000
1,90,13500000,13500100,32290,53818,13650000,13650000
1,91,13650000,13650100,32290,53818,13800000,13800000
1,92,13800000,13800100,32290,53818,13950000,13950000
1,93,13950000,13950100,32290,53818,14100000,14100000
1,94,14100000,14100100,32290,53818,14250000,14250000
1,95,14250000,14250100,32290,53818,14400000,14400000
1,96,14400000,14400100,32290,53818,14550000,14550000
1,97,14550000,14550100,32290,53818,14700000,14700000
1,98,14700000,14700100,32290,53818,14850000,14850000
1,99,14850000,14850100,32290,53818,15000000,15000000
1,100,15000000,15000100,32290,53818,15150000,15150000
1,101,15150000,15150100,32290,53818,15300000,15300000
1,102,15300000,15300100,32290,53818,15450000,15450000
1,103,15450000,15450100,32290,53818,15600000,15600000
1,104,15600000,15600100,32290,53818,15750000,15750000
1,105,15750000,15750100,32290,53818,15900000,15900000
1,106,15900000,15900100,32290,53818,16050000,16050000
1,107,16050000,16050100,32290,53818,16200000,16200000
1,108,16200000,16200100,32290,53818,16350000,16350000
1,109,16350000,16350100,32290,53818,16500000,16500000
1,110,16500000,16500100,32290,53818,16650000,16650000
1,111,16650000,16650100,32290,53818,16800000,16800000
1,112,16800000,16800100,32290,53818,16950000,16950000
1,113,16950000,16950100,32290,53818,17100000,17100000
1,114,17100000,17100100,32290,53818,17250000,17250000
1,115,17250000,17250100,32290,53818,17400000,17400000
1,116,17400000,17400100,32290,53818,17550000,17550000
1,117,17550000,17550100,32290,53818,17700000,17700000
1,118,17700000,17700100,32290,53818,17850000,17850000
1,119,17850000,17850100,32290,53818,18000000,18000000
1,120,18000000,18000100,32290,53818,18150000,18150000
1,121,18150000,18150100,32290,53818,18300000,18300000
1,122,18300000,18300100,32290,53818,18450000,18450000
1,123,18450000,18450100,32290,53818,18600000,18600000
1,124,18600000,18600100,32290,53818,18750000,18750000
1,125,18750000,18750100,32290,53818,18900000,18900000
1,126,18900000,18900100,32290,53818,19050000,19050000
1,127,19050000,19050100,32290,53818,19200000,19200000
1,128,19200000,19200100,32290,53818,19350000,19350000
1,129,19350000,19350100,32290,53818,19500000,19500000
1,130,19500000,19500100,32290,53818,19650000,19650000
1,131,19650000,19650100,32290,53818,19800000,19800000
1,132,19800000,19800100,32290,53818,19950000,19950000
1,133,19950000,19950100,32290,53818,20100000,20100000
1,134,20100000,20100100,32290,53818,20250000,20250000
1,135,20250000,20250100,32290,53818,20400000,20400000
1,136,20400000,20400100,32290,53818,20550000,20550000
1,137,20550000,20550100,32290,53818,20700000,20700000
1,138,20700000,20700100,32290,53818,20850000,20850000
1,139,20850000,20850100,32290,53818,21000000,21000000
1,140,21000000,21000100,32290,53818,21150000,21150000
1,141,21150000,21150100,32290,53818,21300000,21300000
1,142,21300000,21300100,32290,53818,21450000,21450000
1,143,21450000,21450100,32290,53818,21600000,21600000
1,144,21600000,21600100,32290,53818,21750000,21750000
1,145,21750000,21750100,32290,53818,21900000,21900000
1,146,21900000,21900100,32290,53818,22050000,22050000
1,147,22050000,22050100,32290,53818,22200000,22200000
1,148,22200000,22200100,32290,53818,22350000,22350000
1,149,22350000,22350100,32290,53818,22500000,22500000
1,150,22500000,22500100,32290,53818,22650000,22650000
1,151,22650000,22650100,32290,53818,22800000,22800000
1,152,22800000,22800100,32290,53818,22950000,22950000
1,153,22950000,22950100,32290,53818,23100000,23100000
1,154,23100000,23100100,32290,53818,23250000,23250000
1,155,23250000,23250100,32290,53818,23400000,23400000
1,156,23400000,23400100,32290,53818,23550000,23550000
1,157,23550000,23550100,32290,53818,23700000,23700000
1,158,23700000,23700100,32290,53818,23850000,23850000
1,159,23850000,23850100,32290,53818,24000000,24000000
1,160,24000000,24000100,32290,53818,24150000,24150000
1,161,24150000,24150100,32290,53818,24300000,24300000
1,162,24300000,24300100,32290,53818,24450000,24450000
1,163,24450000,24450100,32290,53818,24600000,24600000
1,164,24600000,24600100,32290,53818,24750000,24750000
1,165,24750000,24750100,32290,53818,24900000,24900000
1,166,24900000,24900100,32290,53818,25050000,25050000
1,167,25050000,25050100,32290,53818,25200000,25200000
1,168,25200000,25200100,32290,53818,25350000,25350000
1,169,25350000,25350100,32290,53818,25500000,25500000
1,170,25500000,25500100,32290,53818,25650000,25650000
1,171,25650000,25650100,32290,53818,25800000,25800000
1,172,25800000,25800100,32290,53818,25950000,25950000
1,173,25950000,25950100,32290,53818,26100000,26100000
1,174,26100000,26100100,32290,53818,26250000,26250000
1,175,26250000,26250100,32290,53818,26400000,26400000
1,176,26400000,26400100,32290,53818,26550000,26550000
1,177,26550000,26550100,32290,53818,26700000,26700000
1,178,26700000,26700100,32290,53818,26850000,26850000
1,179,26850000,26850100,32290,53818,27000000,27000000
1,180,27000000,27000100,32290,53818,27150000,27150000
1,181,27150000,27150100,32290,53818,27300000,27300000
1,182,27300000,27300100,32290,53818,27450000,27450000
1,183,27450000,27450100,32290,53818,27600000,27600000
1,184,27600000,27600100,32290,53818,27750000,27750000
1,185,27750000,27750100,32290,53818,27900000,27900000
1,186,27900000,27900100,32290,53818,28050000,28050000
1,187,28050000,28050100,32290,53818,28200000,28200000
1,188,28200000,28200100,32290,53818,28350000,28350000
1,189,28350000,28350100,32290,53818,28500000,28500000
1,190,28500000,28500100,32290,53818,28650000,28650000
1,191,28650000,28650100,32290,53818,28800000,28800000
1,192,28800000,28800100,32290,53818,28950000,28950000
1,193,28950000,28950100,32290,53818,29100000,29100000
1,194,29100000,29100100,32290,53818,29250000,29250000
1,195,29250000,29250100,32290,53818,29400000,29400000
1,196,29400000,29400100,32290,53818,29550000,29550000
1,197,29550000,29550100,32290,53818,29700000,29700000
1,198,29700000,29700100,32290,53818,29850000,29850000
1,199,29850000,29850100,32290,53818,30000000,30000000
1,200,30000000,30000100,32290,53818,30150000,30150000
1,201,30150000,30150100,32290,53818,30300000,30300000
1,202,30300000,30300100,32290,53818,30450000,30450000
1,203,30450000,30450100,32290,53818,30600000,30600000
1,204,30600000,30600100,32290,53818,30750000,30750000
1,205,30750000,30750100,32290,53818,30900000,30900000
1,206,30900000,30900100,32290,53818,31050000,31050000
1,207,31050000,31050100,32290,53818,31200000,31200000
1,208,31200000,31200100,32290,53818,31350000,31350000
1,209,31350000,31350100,32290,53818,31500000,31500000
1,210,31500000,31500100,32290,53818,31650000,31650000
1,211,31650000,31650100,32290,53818,31800000,31800000
1,212,31800000,31800100,32290,53818,31950000,31950000
1,213,31950000,31950100,32290,53818,32100000,32100000
1,214,32100000,32100100,32290,53818,32250000,32250000
1,215,32250000,32250100,32290,53818,32400000,32400000
1,216,32400000,32400100,32290,53818,32550000,32550000
1,217,32550000,32550100,32290,53818,32700000,32700000
1,218,32700000,32700100,32290,53818,32850000,32850000
1,219,32850000,32850100,32290,53818,33000000,33000000
1,220,33000000,33000100,32290,53818,33150000,33150000
1,221,33150000,33150100,32290,53818,33300000,33300000
1,222,33300000,33300100,32290,53818,33450000,33450000
1,223,33450000,33450100,32290,53818,33600000,33600000
1,224,33600000,33600100,32290,53818,33750000,33750000
1,225,33750000,33750100,32290,53818,33900000,33900000
1,226,33900000,33900100,32290,53818,34050000,34050000
1,227,34050000,34050100,32290,53818,34200000,34200000
1,228,34200000,34200100,32290,53818,34350000,34350000
1,229,34350000,34350100,32290,53818,34500000,34500000
1,230,34500000,34500100,32290,53818,34650000,34650000
1,231,34650000,34650100,32290,53818,34800000,34800000
1,232,34800000,34800100,32290,53818,34950000,34950000
1,233,34950000,34950100,32290,53818,35100000,35100000
1,234,35100000,35100100,32290,53818,35250000,35250000
1,235,35250000,35250100,32290,53818,35400000,35400000
1,236,35400000,35400100,32290,53818,35550000,35550000
1,237,35550000,35550100,32290,53818,35700000,35700000
1,238,35700000,35700100,32290,53818,35850000,35850000
1,239,35850000,35850100,32290,53818,36000000,36000000
1,240,36000000,36000100,32290,53818,36150000,36150000
1,241,36150000,36150100,32290,53818,36300000,36300000
1,242,36300000,36300100,32290,53818,36450000,36450000
1,243,36450000,36450100,32290,53818,36600000,36600000
1,244,36600000,36600100,32290,53818,36750000,36750000
1,245,36750000,36750100,32290,53818,36900000,36900000
1,246,36900000,36900100,32290,53818,37050000,37050000
1,247,37050000,37050100,32290,53818,37200000,37200000
1,248,37200000,37200100,32290,53818,37350000,37350000
1,249,37350000,37350100,32290,53818,37500000,37500000
1,250,37500000,37500100,32290,53818,37650000,37650000
1,251,37650000,37650100,32290,53818,37800000,37800000
1,252,37800000,37800100,32290,53818,37950000,37950000
1,253,37950000,37950100,32290,53818,38100000,38100000
1,254,38100000,38100100,32290,53818,38250000,38250000
1,255,38250000,38250100,32290,53818,38400000,38400000
1,256,38400000,38400100,32290,53818,38550000,38550000
1,257,38550000,38550100,32290,53818,38700000,38700000
1,258,38700000,38700100,32290,53818,38850000,38850000
1,259,38850000,38850100,32290,53818,39000000,39000000
1,260,39000000,39000100,32290,53818,39150000,39150000
1,261,39150000,39150100,32290,53818,39300000,39300000
1,262,39300000,39300100,32290,53818,39450000,39450000
1,263,39450000,39450100,32290,53818,39600000,39600000
1,264,39600000,39600100,32290,53818,39750000,39750000
1,265,39750000,39750100,32290,53818,39900000,39900000
1,266,39900000,39900100,32290,53818,40050000,40050000
1,267,40050000,40050100,32290,53818,40200000,40200000
1,268,40200000,40200100,32290,53818,40350000,40350000
1,269,40350000,40350100,32290,53818,40500000,40500000
1,270,40500000,40500100,32290,53818,40650000,40650000
1,271,40650000,40650100,32290,53818,40800000,40800000
1,272,40800000,40800100,32290,53818,40950000,40950000
1,273,40950000,40950100,32290,53818,41100000,41100000
1,274,41100000,41100100,32290,53818,41250000,41250000
1,275,41250000,41250100,32290,53818,41400000,41400000
1,276,41400000,41400100,32290,53818,41550000,41550000
1,277,41550000,41550100,32290,53818,41700000,41700000
1,278,41700000,41700100,32290,53818,41850000,41850000
1,279,41850000,41850100,32290,53818,42000000,42000000
1,280,42000000,42000100,32290,53818,42150000,42150000
1,281,42150000,42150100,32290,53818,42300000,42300000
1,282,42300000,42300100,32290,53818,42450000,42450000
1,283,42450000,42450100,32290,53818,42600000,42600000
1,284,42600000,42600100,32290,53818,42750000,42750000
1,285,42750000,42750100,32290,53818,42900000,42900000
1,286,42900000,42900100,32290,53818,43050000,43050000
1,287,43050000,43050100,32290,53818,43200000,43200000
1,288,43200000,43200100,32290,53818,43350000,43350000
1,289,43350000,43350100,32290,53818,43500000,43500000
1,290,43500000,43500100,32290,53818,43650000,43650000
1,291,43650000,43650100,32290,53818,43800000,43800000
1,292,43800000,43800100,32290,53818,43950000,43950000
1,293,43950000,43950100,32290,53818,44100000,44100000
1,294,44100000,44100100,32290,53818,44250000,44250000
1,295,44250000,44250100,32290,53818,44400000,44400000
1,296,44400000,44400100,32290,53818,44550000,44550000
1,297,44550000,44550100,32290,53818,44700000,44700000
1,298,44700000,44700100,32290,53818,44850000,44850000
1,299,44850000,44850100,32290,53818,45000000,45000000
1,300,45000000,45000100,32290,53818,45150000,45150000
1,301,45150000,45150100,32290,53818,45300000,45300000
1,302,45300000,45300100,32290,53818,45450000,45450000
1,303,45450000,45450100,32290,53818,45600000,45600000
1,304,45600000,45600100,32290,53818,45750000,45750000
1,305,45750000,45750100,32290,53818,45900000,45900000
1,306,45900000,45900100,32290,53818,46050000,46050000
1,307,46050000,46050100,32290,53818,46200000,46200000
1,308,46200000,46200100,32290,53818,46350000,46350000
1,309,46350000,46350100,32290,53818,46500000,46500000
1,310,46500000,46500100,32290,53818,46650000,46650000
1,311,46650000,46650100,32290,53818,46800000,46800000
1,312,46800000,46800100,32290,53818,46950000,46950000
1,313,46950000,46950100,32290,53818,47100000,47100000
1,314,47100000,47100100,32290,53818,47250000,47250000
1,315,47250000,47250100,32290,53818,47400000,47400000
1,316,47400000,47400100,32290,53818,47550000,47550000
1,317,47550000,47550100,32290,53818,47700000,47700000
1,318,47700000,47700100,32290,53818,47850000,47850000
1,319,47850000,47850100,32290,53818,48000000,48000000
1,320,48000000,48000100,32290,53818,48150000,48150000
1,321,48150000,48150100,32290,53818,48300000,48300000
1,322,48300000,48300100,32290,53818,48450000,48450000
1,323,48450000,48450100,32290,53818,48600000,48600000
1,324,48600000,48600100,32290,53818,48750000,48750000
1,325,48750000,48750100,32290,53818,48900000,48900000
1,326,48900000,48900100,32290,53818,49050000,49050000
1,327,49050000,49050100,32290,53818,49200000,49200000
1,328,49200000,49200100,32290,53818,49350000,49350000
1,329,49350000,49350100,32290,53818,49500000,49500000
1,330,49500000,49500100,32290,53818,49650000,49650000
1,331,49650000,49650100,32290,53818,49800000,49800000
1,332,49800000,49800100,32290,53818,49950000,49950000
1,333,49950000,49950100,32290,53818,50100000,50100000
1,334,50100000,50100100,32290,53818,50250000,50250000
1,335,50250000,50250100,32290,53818,50400000,50400000
1,336,50400000,50400100,32290,53818,50550000,50550000
1,337,50550000,50550100,32290,53818,50700000,50700000
1,338,50700000,50700100,32290,53818,50850000,50850000
1,339,50850000,50850100,32290,53818,51000000,51000000
1,340,51000000,51000100,32290,53818,51150000,51150000
1,341,51150000,51150100,32290,53818,51300000,51300000
1,342,51300000,51300100,32290,53818,51450000,51450000
1,343,51450000,51450100,32290,53818,51600000,51600000
1,344,51600000,51600100,32290,53818,51750000,51750000
1,345,51750000,51750100,32290,53818,51900000,51900000
1,346,51900000,51900100,32290,53818,52050000,52050000
1,347,52050000,52050100,32290,53818,52200000,52200000
1,348,52200000,52200100,32290,53818,52350000,52350000
1,349,52350000,52350100,32290,53818,52500000,52500000
1,350,52500000,52500100,32290,53818,52650000,52650000
1,351,52650000,52650100,32290,53818,52800000,52800000
1,352,52800000,52800100,32290,53818,52950000,52950000
1,353,52950000,52950100,32290,53818,53100000,53100000
1,354,53100000,53100100,32290,53818,53250000,53250000
1,355,53250000,53250100,32290,53818,53400000,53400000
1,356,53400000,53400100,32290,53818,53550000,53550000
1,357,53550000,53550100,32290,53818,53700000,53700000
1,358,53700000,53700100,32290,53818,53850000,53850000
1,359,53850000,53850100,32290,53818,54000000,54000000
1,360,54000000,54000100,32290,53818,54150000,54150000
1,361,54150000,54150100,32290,53818,54300000,54300000
1,362,54300000,54300100,32290,53818,54450000,54450000
1,363,54450000,54450100,32290,53818,54600000,54600000
1,364,54600000,54600100,32290,53818,54750000,54750000
1,365,54750000,54750100,32290,53818,54900000,54900000
1,366,54900000,54900100,32290,53818,55050000,55050000
1,367,55050000,55050100,32290,53818,55200000,55200000
1,368,55200000,55200100,32290,53818,55350000,55350000
1,369,55350000,55350100,32290,53818,55500000,55500000
1,370,55500000,55500100,32290,53818,55650000,55650000
1,371,55650000,55650100,32290,53818,55800000,55800000
1,372,55800000,55800100,32290,53818,55950000,55950000
1,373,55950000,55950100,32290,53818,56100000,56100000
1,374,56100000,56100100,32290,53818,56250000,56250000
1,375,56250000,56250100,32290,53818,56400000,56400000
1,376,56400000,56400100,32290,53818,56550000,56550000
1,377,56550000,56550100,32290,53818,56700000,56700000
1,378,56700000,56700100,32290,53818,56850000,56850000
1,379,56850000,56850100,32290,53818,57000000,57000000
1,380,57000000,57000100,32290,53818,57150000,57150000
1,381,57150000,57150100,32290,53818,57300000,57300000
1,382,57300000,57300100,32290,53818,57450000,57450000
1,383,57450000,57450100,32290,53818,57600000,57600000
1,384,57600000,57600100,32290,53818,57750000,57750000
1,385,57750000,57750100,32290,53818,57900000,57900000
1,386,57900000,57900100,32290,53818,58050000,58050000
1,387,58050000,58050100,32290,53818,58200000,58200000
1,388,58200000,58200100,32290,53818,58350000,58350000
1,389,58350000,58350100,32290,53818,58500000,58500000
1,390,58500000,58500100,32290,53818,58650000,58650000
1,391,58650000,58650100,32290,53818,58800000,58800000
1,392,58800000,58800100,32290,53818,58950000,58950000
1,393,58950000,58950100,32290,53818,59100000,59100000
1,394,59100000,59100100,32290,53818,59250000,59250000
1,395,59250000,59250100,32290,53818,59400000,59400000
1,396,59400000,59400100,32290,53818,59550000,59550000
1,397,59550000,59550100,32290,53818,59700000,59700000
1,398,59700000,59700100,32290,53818,59850000,59850000
1,399,59850000,59850100,32290,53818,60000000,60000000
1,400,60000000,60000100,32290,53818,60150000,60150000
1,401,60150000,60150100,32290,53818,60300000,60300000
1,402,60300000,60300100,32290,53818,60450000,60450000
1,403,60450000,60450100,32290,53818,60600000,60600000
1,404,60600000,60600100,32290,53818,60750000,60750000
1,405,60750000,60750100,32290,53818,60900000,60900000
1,406,60900000,60900100,32290,53818,61050000,61050000
1,407,61050000,61050100,32290,53818,61200000,61200000
1,408,61200000,61200100,32290,53818,61350000,61350000
1,409,61350000,61350100,32290,53818,61500000,61500000
1,410,61500000,61500100,32290,53818,61650000,61650000
1,411,61650000,61650100,32290,53818,61800000,61800000
1,412,61800000,61800100,32290,53818,61950000,61950000
1,413,61950000,61950100,32290,53818,62100000,62100000
1,414,62100000,62100100,32290,53818,62250000,62250000
1,415,62250000,62250100,32290,53818,62400000,62400000
1,416,62400000,62400100,32290,53818,62550000,62550000
1,417,62550000,62550100,32290,53818,62700000,62700000
1,418,62700000,62700100,32290,53818,62850000,62850000
1,419,62850000,62850100,32290,53818,63000000,63000000
1,420,63000000,63000100,32290,53818,63150000,63150000
1,421,63150000,63150100,32290,53818,63300000,63300000
1,422,63300000,63300100,32290,53818,63450000,63450000
1,423,63450000,63450100,32290,53818,63600000,63600000
1,424,63600000,63600100,32290,53818,63750000,63750000
1,425,63750000,63750100,32290,53818,63900000,63900000
1,426,63900000,63900100,32290,53818,64050000,64050000
1,427,64050000,64050100,32290,53818,64200000,64200000
1,428,64200000,64200100,32290,53818,64350000,64350000
1,429,64350000,64350100,32290,53818,64500000,64500000
1,430,64500000,64500100,32290,53818,64650000,64650000
1,431,64650000,64650100,32290,53818,64800000,64800000
1,432,64800000,64800100,32290,53818,64950000,64950000
1,433,64950000,64950100,32290,53818,65100000,65100000
1,434,65100000,65100100,32290,53818,65250000,65250000
1,435,65250000,65250100,32290,53818,65400000,65400000
1,436,65400000,65400100,32290,53818,65550000,65550000
1,437,65550000,65550100,32290,53818,65700000,65700000
1,438,65700000,65700100,32290,53818,65850000,65850000
1,439,65850000,65850100,32290,53818,66000000,66000000
1,440,66000000,66000100,32290,53818,66150000,66150000
1,441,66150000,66150100,32290,53818,66300000,66300000
1,442,66300000,66300100,32290,53818,66450000,66450000
1,443,66450000,66450100,32290,53818,66600000,66600000
1,444,66600000,66600100,32290,53818,66750000,66750000
1,445,66750000,66750100,32290,53818,66900000,66900000
1,446,66900000,66900100,32290,53818,67050000,67050000
1,447,67050000,67050100,32290,53818,67200000,67200000
1,448,67200000,67200100,32290,53818,67350000,67350000
1,449,67350000,67350100,32290,53818,67500000,67500000
1,450,67500000,67500100,32290,53818,67650000,67650000
1,451,67650000,67650100,32290,53818,67800000,67800000
1,452,67800000,67800100,32290,53818,67950000,67950000
1,453,67950000,67950100,32290,53818,68100000,68100000
1,454,68100000,68100100,32290,53818,68250000,68250000
1,455,68250000,68250100,32290,53818,68400000,68400000
1,456,68400000,68400100,32290,53818,68550000,68550000
1,457,68550000,68550100,32290,53818,68700000,68700000
1,458,68700000,68700100,32290,53818,68850000,68850000
1,459,68850000,68850100,32290,53818,69000000,69000000
1,460,69000000,69000100,32290,53818,69150000,69150000
1,461,69150000,69150100,32290,53818,69300000,69300000
1,462,69300000,69300100,32290,53818,69450000,69450000
1,463,69450000,69450100,32290,53818,69600000,69600000
1,464,69600000,69600100,32290,53818,69750000,69750000
1,465,69750000,69750100,32290,53818,69900000,69900000
1,466,69900000,69900100,32290,53818,70050000,70050000
1,467,70050000,70050100,32290,53818,70200000,70200000
1,468,70200000,70200100,32290,53818,70350000,70350000
1,469,70350000,70350100,32290,53818,70500000,70500000
1,470,70500000,70500100,32290,53818,70650000,70650000
1,471,70650000,70650100,32290,53818,70800000,70800000
1,472,70800000,70800100,32290,53818,70950000,70950000
1,473,70950000,70950100,32290,53818,71100000,71100000
1,474,71100000,71100100,32290,53818,71250000,71250000
1,475,71250000,71250100,32290,53818,71400000,71400000
1,476,71400000,71400100,32290,53818,71550000,71550000
1,477,71550000,71550100,32290,53818,71700000,71700000
1,478,71700000,71700100,32290,53818,71850000,71850000
1,479,71850000,71850100,32290,53818,72000000,72000000
1,480,72000000,72000100,32290,53818,72150000,72150000
1,481,72150000,72150100,32290,53818,72300000,72300000
1,482,72300000,72300100,32290,53818,72450000,72450000
1,483,72450000,72450100,32290,53818,72600000,72600000
1,484,72600000,72600100,32290,53818,72750000,72750000
1,485,72750000,72750100,32290,53818,72900000,72900000
1,486,72900000,72900100,32290,53818,73050000,73050000
1,487,73050000,73050100,32290,53818,73200000,73200000
1,488,73200000,73200100,32290,53818,73350000,73350000
1,489,73350000,73350100,32290,53818,73500000,73500000
1,490,73500000,73500100,32290,53818,73650000,73650000
1,491,73650000,73650100,32290,53818,73800000,73800000
1,492,73800000,73800100,32290,53818,73950000,73950000
1,493,73950000,73950100,32290,53818,74100000,74100000
1,494,74100000,74100100,32290,53818,74250000,74250000
1,495,74250000,74250100,32290,53818,74400000,74400000
1,496,74400000,74400100,32290,53818,74550000,74550000
1,497,74550000,74550100,32290,53818,74700000,74700000
1,498,74700000,74700100,32290,53818,74850000,74850000
1,499,74850000,74850100,32290,53818,75000000,75000000
1,500,75000000,75000100,32290,53818,75150000,75150000
1,501,75150000,75150100,32290,53818,75300000,75300000
1,502,75300000,75300100,32290,53818,75450000,75450000
1,503,75450000,75450100,32290,53818,75600000,75600000
1,504,75600000,75600100,32290,53818,75750000,75750000
1,505,75750000,75750100,32290,53818,75900000,75900000
1,506,75900000,75900100,32290,53818,76050000,76050000
1,507,76050000,76050100,32290,53818,76200000,76200000
1,508,76200000,76200100,32290,53818,76350000,76350000
1,509,76350000,76350100,32290,53818,76500000,76500000
1,510,76500000,76500100,32290,53818,76650000,76650000
1,511,76650000,76650100,32290,53818,76800000,76800000
1,512,76800000,76800100,32290,53818,76950000,76950000
1,513,76950000,76950100,32290,53818,77100000,77100000
1,514,77100000,77100100,32290,53818,77250000,77250000
1,515,77250000,77250100,32290,53818,77400000,77400000
1,516,77400000,77400100,32290,53818,77550000,77550000
1,517,77550000,77550100,32290,53818,77700000,77700000
1,518,77700000,77700100,32290,53818,77850000,77850000
1,519,77850000,77850100,32290,53818,78000000,78000000
1,520,78000000,78000100,32290,53818,78150000,78150000
1,521,78150000,78150100,32290,53818,78300000,78300000
1,522,78300000,78300100,32290,53818,78450000,78450000
1,523,78450000,78450100,32290,53818,78600000,78600000
1,524,78600000,78600100,32290,53818,78750000,78750000
1,525,78750000,78750100,32290,53818,78900000,78900000
1,526,78900000,78900100,32290,53818,79050000,79050000
1,527,79050000,79050100,32290,53818,79200000,79200000
1,528,79200000,79200100,32290,53818,79350000,79350000
1,529,79350000,79350100,32290,53818,79500000,79500000
1,530,79500000,79500100,32290,53818,79650000,79650000
1,531,79650000,79650100,32290,53818,79800000,79800000
1,532,79800000,79800100,32290,53818,79950000,79950000
1,533,79950000,79950100,32290,53818,80100000,80100000
1,534,80100000,80100100,32290,53818,80250000,80250000
1,535,80250000,80250100,32290,53818,80400000,80400000
1,536,80400000,80400100,32290,53818,80550000,80550000
1,537,80550000,80550100,32290,53818,80700000,80700000
1,538,80700000,80700100,32290,53818,80850000,80850000
1,539,80850000,80850100,32290,53818,81000000,81000000
1,540,81000000,81000100,32290,53818,81150000,81150000
1,541,81150000,81150100,32290,53818,81300000,81300000
1,542,81300000,81300100,32290,53818,81450000,81450000
1,543,81450000,81450100,32290,53818,81600000,81600000
1,544,81600000,81600100,32290,53818,81750000,81750000
1,545,81750000,81750100,32290,53818,81900000,81900000
1,546,81900000,81900100,32290,53818,82050000,82050000
1,547,82050000,82050100,32290,53818,82200000,82200000
1,548,82200000,82200100,32290,53818,82350000,82350000
1,549,82350000,82350100,32290,53818,82500000,82500000
1,550,82500000,82500100,32290,53818,82650000,82650000
1,551,82650000,82650100,32290,53818,82800000,82800000
1,552,82800000,82800100,32290,53818,82950000,82950000
1,553,82950000,82950100,32290,53818,83100000,83100000
1,554,83100000,83100100,32290,53818,83250000,83250000
1,555,83250000,83250100,32290,53818,83400000,83400000
1,556,83400000,83400100,32290,53818,83550000,83550000
1,557,83550000,83550100,32290,53818,83700000,83700000
1,558,83700000,83700100,32290,53818,83850000,83850000
1,559,83850000,83850100,32290,53818,84000000,84000000
1,560,84000000,84000100,32290,53818,84150000,84150000
1,561,84150000,84150100,32290,53818,84300000,84300000
1,562,84300000,84300100,32290,53818,84450000,84450000
1,563,84450000,84450100,32290,53818,84600000,84600000
1,564,84600000,84600100,32290,53818,84750000,84750000
1,565,84750000,84750100,32290,53818,84900000,84900000
1,566,84900000,84900100,32290,53818,85050000,85050000
1,567,85050000,85050100,32290,53818,85200000,85200000
1,568,85200000,85200100,32290,53818,85350000,85350000
1,569,85350000,85350100,32290,53818,85500000,85500000
1,570,85500000,85500100,32290,53818,85650000,85650000
1,571,85650000,85650100,32290,53818,85800000,85800000
1,572,85800000,85800100,32290,53818,85950000,85950000
1,573,85950000,85950100,32290,53818,86100000,86100000
1,574,86100000,86100100,32290,53818,86250000,86250000
1,575,86250000,86250100,32290,53818,86400000,86400000
1,576,86400000,86400100,32290,53818,86550000,86550000
1,577,86550000,86550100,32290,53818,86700000,86700000
1,578,86700000,86700100,32290,53818,86850000,86850000
1,579,86850000,86850100,32290,53818,87000000,87000000
1,580,87000000,87000100,32290,53818,87150000,87150000
1,581,87150000,87150100,32290,53818,87300000,87300000
1,582,87300000,87300100,32290,53818,87450000,87450000
1,583,87450000,87450100,32290,53818,87600000,87600000
1,584,87600000,87600100,32290,53818,87750000,87750000
1,585,87750000,87750100,32290,53818,87900000,87900000
1,586,87900000,87900100,32290,53818,88050000,88050000
1,587,88050000,88050100,32290,53818,88200000,88200000
1,588,88200000,88200100,32290,53818,88350000,88350000
1,589,88350000,88350100,32290,53818,88500000,88500000
1,590,88500000,88500100,32290,53818,88650000,88650000
1,591,88650000,88650100,32290,53818,88800000,88800000
1,592,88800000,88800100,32290,53818,88950000,88950000
1,593,88950000,88950100,32290,53818,89100000,89100000
1,594,89100000,89100100,32290,53818,89250000,89250000
1,595,89250000,89250100,32290,53818,89400000,89400000
1,596,89400000,89400100,32290,53818,89550000,89550000
1,597,89550000,89550100,32290,53818,89700000,89700000
1,598,89700000,89700100,32290,53818,89850000,89850000
1,599,89850000,89850100,32290,53818,90000000,90000000
1,600,90000000,90000100,32290,53818,90150000,90150000
1,601,90150000,90150100,32290,53818,90300000,90300000
1,602,90300000,90300100,32290,53818,90450000,90450000
1,603,90450000,90450100,32290,53818,90600000,90600000
1,604,90600000,90600100,32290,53818,90750000,90750000
1,605,90750000,90750100,32290,53818,90900000,90900000
1,606,90900000,90900100,32290,53818,91050000,91050000
1,607,91050000,91050100,32290,53818,91200000,91200000
1,608,91200000,91200100,32290,53818,91350000,91350000
1,609,91350000,91350100,32290,53818,91500000,91500000
1,610,91500000,91500100,32290,53818,91650000,91650000
1,611,91650000,91650100,32290,53818,91800000,91800000
1,612,91800000,91800100,32290,53818,91950000,91950000
1,613,91950000,91950100,32290,53818,92100000,92100000
1,614,92100000,92100100,32290,53818,92250000,92250000
1,615,92250000,92250100,32290,53818,92400000,92400000
1,616,92400000,92400100,32290,53818,92550000,92550000
1,617,92550000,92550100,32290,53818,92700000,92700000
1,618,92700000,92700100,32290,53818,92850000,92850000
1,619,92850000,92850100,32290,53818,93000000,93000000
1,620,93000000,93000100,32290,53818,93150000,93150000
1,621,93150000,93150100,32290,53818,93300000,93300000
1,622,93300000,93300100,32290,53818,93450000,93450000
1,623,93450000,93450100,32290,53818,93600000,93600000
1,624,93600000,93600100,32290,53818,93750000,93750000
1,625,93750000,93750100,32290,53818,93900000,93900000
1,626,93900000,93900100,32290,53818,94050000,94050000
1,627,94050000,94050100,32290,53818,94200000,94200000
1,628,94200000,94200100,32290,53818,94350000,94350000
1,629,94350000,94350100,32290,53818,94500000,94500000
1,630,94500000,94500100,32290,53818,94650000,94650000
1,631,94650000,94650100,32290,53818,94800000,94800000
1,632,94800000,94800100,32290,53818,94950000,94950000
1,633,94950000,94950100,32290,53818,95100000,95100000
1,634,95100000,95100100,32290,53818,95250000,95250000
1,635,95250000,95250100,32290,53818,95400000,95400000
1,636,95400000,95400100,32290,53818,95550000,95550000
1,637,95550000,95550100,32290,53818,95700000,95700000
1,638,95700000,95700100,32290,53818,95850000,95850000
1,639,95850000,95850100,32290,53818,96000000,96000000
1,640,96000000,96000100,32290,53818,96150000,96150000
1,641,96150000,96150100,32290,53818,96300000,96300000
1,642,96300000,96300100,32290,53818,96450000,96450000
1,643,96450000,96450100,32290,53818,96600000,96600000
1,644,96600000,96600100,32290,53818,96750000,96750000
1,645,96750000,96750100,32290,53818,96900000,96900000
1,646,96900000,96900100,32290,53818,97050000,97050000
1,647,97050000,97050100,32290,53818,97200000,97200000
1,648,97200000,97200100,32290,53818,97350000,97350000
1,649,97350000,97350100,32290,53818,97500000,97500000
1,650,97500000,97500100,32290,53818,97650000,97650000
1,651,97650000,97650100,32290,53818,97800000,97800000
1,652,97800000,97800100,32290,53818,97950000,97950000
1,653,97950000,97950100,32290,53818,98100000,98100000
1,654,98100000,98100100,32290,53818,98250000,98250000
1,655,98250000,98250100,32290,53818,98400000,98400000
1,656,98400000,98400100,32290,53818,98550000,98550000
1,657,98550000,98550100,32290,53818,98700000,98700000
1,658,98700000,98700100,32290,53818,98850000,98850000
1,659,98850000,98850100,32290,53818,99000000,99000000
1,660,99000000,99000100,32290,53818,99150000,99150000
1,661,99150000,99150100,32290,53818,99300000,99300000
1,662,99300000,99300100,32290,53818,99450000,99450000
1,663,99450000,99450100,32290,53818,99600000,99600000
1,664,99600000,99600100,32290,53818,99750000,99750000
1,665,99750000,99750100,32290,53818,99900000,99900000
1,666,99900000,99900100,32290,53818,100050000,100050000
1,667,100050000,100050100,32290,53818,100200000,100200000
1,668,100200000,100200100,32290,53818,100350000,100350000
1,669,100350000,100350100,32290,53818,100500000,100500000
1,670,100500000,100500100,32290,53818,100650000,100650000
1,671,100650000,100650100,32290,53818,100800000,100800000
1,672,100800000,100800100,32290,53818,100950000,100950000
1,673,100950000,100950100,32290,53818,101100000,101100000
1,674,101100000,101100100,32290,53818,101250000,101250000
1,675,101250000,101250100,32290,53818,101400000,101400000
1,676,101400000,101400100,32290,53818,101550000,101550000
1,677,101550000,101550100,32290,53818,101700000,101700000
1,678,101700000,101700100,32290,53818,101850000,101850000
1,679,101850000,101850100,32290,53818,102000000,102000000
1,680,102000000,102000100,32290,53818,102150000,102150000
1,681,102150000,102150100,32290,53818,102300000,102300000
1,682,102300000,102300100,32290,53818,102450000,102450000
1,683,102450000,102450100,32290,53818,102600000,102600000
1,684,102600000,102600100,32290,53818,102750000,102750000
1,685,102750000,102750100,32290,53818,102900000,102900000
1,686,102900000,102900100,32290,53818,103050000,103050000
1,687,103050000,103050100,32290,53818,103200000,103200000
1,688,103200000,103200100,32290,53818,103350000,103350000
1,689,103350000,103350100,32290,53818,103500000,103500000
1,690,103500000,103500100,32290,53818,103650000,103650000
1,691,103650000,103650100,32290,53818,103800000,103800000
1,692,103800000,103800100,32290,53818,103950000,103950000
1,693,103950000,103950100,32290,53818,104100000,104100000
1,694,104100000,104100100,32290,53818,104250000,104250000
1,695,104250000,104250100,32290,53818,104400000,104400000
1,696,104400000,104400100,32290,53818,104550000,104550000
1,697,104550000,104550100,32290,53818,104700000,104700000
1,698,104700000,104700100,32290,53818,104850000,104850000
1,699,104850000,104850100,32290,53818,105000000,105000000
1,700,105000000,105000100,32290,53818,105150000,105150000
1,701,105150000,105150100,32290,53818,105300000,105300000
1,702,105300000,105300100,32290,53818,105450000,105450000
1,703,105450000,105450100,32290,53818,105600000,105600000
1,704,105600000,105600100,32290,53818,105750000,105750000
1,705,105750000,105750100,32290,53818,105900000,105900000
1,706,105900000,105900100,32290,53818,106050000,106050000
1,707,106050000,106050100,32290,53818,106200000,106200000
1,708,106200000,106200100,32290,53818,106350000,106350000
1,709,106350000,106350100,32290,53818,106500000,106500000
1,710,106500000,106500100,32290,53818,106650000,106650000
1,711,106650000,106650100,32290,53818,106800000,106800000
1,712,106800000,106800100,32290,53818,106950000,106950000
1,713,106950000,106950100,32290,53818,107100000,107100000
1,714,107100000,107100100,32290,53818,107250000,107250000
1,715,107250000,107250100,32290,53818,107400000,107400000
1,716,107400000,107400100,32290,53818,107550000,107550000
1,717,107550000,107550100,32290,53818,107700000,107700000
1,718,107700000,107700100,32290,53818,107850000,107850000
1,719,107850000,107850100,32290,53818,108000000,108000000
1,720,108000000,108000100,32290,53818,108150000,108150000
1,721,108150000,108150100,32290,53818,108300000,108300000
1,722,108300000,108300100,32290,53818,108450000,108450000
1,723,108450000,108450100,32290,53818,108600000,108600000
1,724,108600000,108600100,32290,53818,108750000,108750000
1,725,108750000,108750100,32290,53818,108900000,108900000
1,726,108900000,108900100,32290,53818,109050000,109050000
1,727,109050000,109050100,32290,53818,109200000,109200000
1,728,109200000,109200100,32290,53818,109350000,109350000
1,729,109350000,109350100,32290,53818,109500000,109500000
1,730,109500000,109500100,32290,53818,109650000,109650000
1,731,109650000,109650100,32290,53818,109800000,109800000
1,732,109800000,109800100,32290,53818,109950000,109950000
1,733,109950000,109950100,32290,53818,110100000,110100000
1,734,110100000,110100100,32290,53818,110250000,110250000
1,735,110250000,110250100,32290,53818,110400000,110400000
1,736,110400000,110400100,32290,53818,110550000,110550000
1,737,110550000,110550100,32290,53818,110700000,110700000
1,738,110700000,110700100,32290,53818,110850000,110850000
1,739,110850000,110850100,32290,53818,111000000,111000000
1,740,111000000,111000100,32290,53818,111150000,111150000
1,741,111150000,111150100,32290,53818,111300000,111300000
1,742,111300000,111300100,32290,53818,111450000,111450000
1,743,111450000,111450100,32290,53818,111600000,111600000
1,744,111600000,111600100,32290,53818,111750000,111750000
1,745,111750000,111750100,32290,53818,111900000,111900000
1,746,111900000,111900100,32290,53818,112050000,112050000
1,747,112050000,112050100,32290,53818,112200000,112200000
1,748,112200000,112200100,32290,53818,112350000,112350000
1,749,112350000,112350100,32290,53818,112500000,112500000
1,750,112500000,112500100,32290,53818,112650000,112650000
1,751,112650000,112650100,32290,53818,112800000,112800000
1,752,112800000,112800100,32290,53818,112950000,112950000
1,753,112950000,112950100,32290,53818,113100000,113100000
1,754,113100000,113100100,32290,53818,113250000,113250000
1,755,113250000,113250100,32290,53818,113400000,113400000
1,756,113400000,113400100,32290,53818,113550000,113550000
1,757,113550000,113550100,32290,53818,113700000,113700000
1,758,113700000,113700100,32290,53818,113850000,113850000
1,759,113850000,113850100,32290,53818,114000000,114000000
1,760,114000000,114000100,32290,53818,114150000,114150000
1,761,114150000,114150100,32290,53818,114300000,114300000
1,762,114300000,114300100,32290,53818,114450000,114450000
1,763,114450000,114450100,32290,53818,114600000,114600000
1,764,114600000,114600100,32290,53818,114750000,114750000
1,765,114750000,114750100,32290,53818,114900000,114900000
1,766,114900000,114900100,32290,53818,115050000,115050000
1,767,115050000,115050100,32290,53818,115200000,115200000
1,768,115200000,115200100,32290,53818,115350000,115350000
1,769,115350000,115350100,32290,53818,115500000,115500000
1,770,115500000,115500100,32290,53818,115650000,115650000
1,771,115650000,115650100,32290,53818,115800000,115800000
1,772,115800000,115800100,32290,53818,115950000,115950000
1,773,115950000,115950100,32290,53818,116100000,116100000
1,774,116100000,116100100,32290,53818,116250000,116250000
1,775,116250000,116250100,32290,53818,116400000,116400000
1,776,116400000,116400100,32290,53818,116550000,116550000
1,777,116550000,116550100,32290,53818,116700000,116700000
1,778,116700000,116700100,32290,53818,116850000,116850000
1,779,116850000,116850100,32290,53818,117000000,117000000
1,780,117000000,117000100,32290,53818,117150000,117150000
1,781,117150000,117150100,32290,53818,117300000,117300000
1,782,117300000,117300100,32290,53818,117450000,117450000
1,783,117450000,117450100,32290,53818,117600000,117600000
1,784,117600000,117600100,32290,53818,117750000,117750000
1,785,117750000,117750100,32290,53818,117900000,117900000
1,786,117900000,117900100,32290,53818,118050000,118050000
1,787,118050000,118050100,32290,53818,118200000,118200000
1,788,118200000,118200100,32290,53818,118350000,118350000
1,789,118350000,118350100,32290,53818,118500000,118500000
1,790,118500000,118500100,32290,53818,118650000,118650000
1,791,118650000,118650100,32290,53818,118800000,118800000
1,792,118800000,118800100,32290,53818,118950000,118950000
1,793,118950000,118950100,32290,53818,119100000,119100000
1,794,119100000,119100100,32290,53818,119250000,119250000
1,795,119250000,119250100,32290,53818,119400000,119400000
1,796,119400000,119400100,32290,53818,119550000,119550000
1,797,119550000,119550100,32290,53818,119700000,119700000
1,798,119700000,119700100,32290,53818,119850000,119850000
1,799,119850000,119850100,32290,53818,120000000,120000000
1,800,120000000,120000100,32290,53818,120150000,120150000
1,801,120150000,120150100,32290,53818,120300000,120300000
1,802,120300000,120300100,32290,53818,120450000,120450000
1,803,120450000,120450100,32290,53818,120600000,120600000
1,804,120600000,120600100,32290,53818,120750000,120750000
1,805,120750000,120750100,32290,53818,120900000,120900000
1,806,120900000,120900100,32290,53818,121050000,121050000
1,807,121050000,121050100,32290,53818,121200000,121200000
1,808,121200000,121200100,32290,53818,121350000,121350000
1,809,121350000,121350100,32290,53818,121500000,121500000
1,810,121500000,121500100,32290,53818,121650000,121650000
1,811,121650000,121650100,32290,53818,121800000,121800000
1,812,121800000,121800100,32290,53818,121950000,121950000
1,813,121950000,121950100,32290,53818,122100000,122100000
1,814,122100000,122100100,32290,53818,122250000,122250000
1,815,122250000,122250100,32290,53818,122400000,122400000
1,816,122400000,122400100,32290,53818,122550000,122550000
1,817,122550000,122550100,32290,53818,122700000,122700000
1,818,122700000,122700100,32290,53818,122850000,122850000
1,819,122850000,122850100,32290,53818,123000000,123000000
1,820,123000000,123000100,32290,53818,123150000,123150000
1,821,123150000,123150100,32290,53818,123300000,123300000
1,822,123300000,123300100,32290,53818,123450000,123450000
1,823,123450000,123450100,32290,53818,123600000,123600000
1,824,123600000,123600100,32290,53818,123750000,123750000
1,825,123750000,123750100,32290,53818,123900000,123900000
1,826,123900000,123900100,32290,53818,124050000,124050000
1,827,124050000,124050100,32290,53818,124200000,124200000
1,828,124200000,124200100,32290,53818,124350000,124350000
1,829,124350000,124350100,32290,53818,124500000,124500000
1,830,124500000,124500100,32290,53818,124650000,124650000
1,831,124650000,124650100,32290,53818,124800000,124800000
1,832,124800000,124800100,32290,53818,124950000,124950000
1,833,124950000,124950100,32290,53818,125100000,125100000
1,834,125100000,125100100,32290,53818,125250000,125250000
1,835,125250000,125250100,32290,53818,125400000,125400000
1,836,125400000,125400100,32290,53818,125550000,125550000
1,837,125550000,125550100,32290,53818,125700000,125700000
1,838,125700000,125700100,32290,53818,125850000,125850000
1,839,125850000,125850100,32290,53818,126000000,126000000
1,840,126000000,126000100,32290,53818,126150000,126150000
1,841,126150000,126150100,32290,53818,126300000,126300000
1,842,126300000,126300100,32290,53818,126450000,126450000
1,843,126450000,126450100,32290,53818,126600000,126600000
1,844,126600000,126600100,32290,53818,126750000,126750000
1,845,126750000,126750100,32290,53818,126900000,126900000
1,846,126900000,126900100,32290,53818,127050000,127050000
1,847,127050000,127050100,32290,53818,127200000,127200000
1,848,127200000,127200100,32290,53818,127350000,127350000
1,849,127350000,127350100,32290,53818,127500000,127500000
1,850,127500000,127500100,32290,53818,127650000,127650000
1,851,127650000,127650100,32290,53818,127800000,127800000
1,852,127800000,127800100,32290,53818,127950000,127950000
1,853,127950000,127950100,32290,53818,128100000,128100000
1,854,128100000,128100100,32290,53818,128250000,128250000
1,855,128250000,128250100,32290,53818,128400000,128400000
1,856,128400000,128400100,32290,53818,128550000,128550000
1,857,128550000,128550100,32290,53818,128700000,128700000
1,858,128700000,128700100,32290,53818,128850000,128850000
1,859,128850000,128850100,32290,53818,129000000,129000000
1,860,129000000,129000100,32290,53818,129150000,129150000
1,861,129150000,129150100,32290,53818,129300000,129300000
1,862,129300000,129300100,32290,53818,129450000,129450000
1,863,129450000,129450100,32290,53818,129600000,129600000
1,864,129600000,129600100,32290,53818,129750000,129750000
1,865,129750000,129750100,32290,53818,129900000,129900000
1,866,129900000,129900100,32290,53818,130050000,130050000
1,867,130050000,130050100,32290,53818,130200000,130200000
1,868,130200000,130200100,32290,53818,130350000,130350000
1,869,130350000,130350100,32290,53818,130500000,130500000
1,870,130500000,130500100,32290,53818,130650000,130650000
1,871,130650000,130650100,32290,53818,130800000,130800000
1,872,130800000,130800100,32290,53818,130950000,130950000
1,873,130950000,130950100,32290,53818,131100000,131100000
1,874,131100000,131100100,32290,53818,131250000,131250000
1,875,131250000,131250100,32290,53818,131400000,131400000
1,876,131400000,131400100,32290,53818,131550000,131550000
1,877,131550000,131550100,32290,53818,131700000,131700000
1,878,131700000,131700100,32290,53818,131850000,131850000
1,879,131850000,131850100,32290,53818,132000000,132000000
1,880,132000000,132000100,32290,53818,132150000,132150000
1,881,132150000,132150100,32290,53818,132300000,132300000
1,882,132300000,132300100,32290,53818,132450000,132450000
1,883,132450000,132450100,32290,53818,132600000,132600000
1,884,132600000,132600100,32290,53818,132750000,132750000
1,885,132750000,132750100,32290,53818,132900000,132900000
1,886,132900000,132900100,32290,53818,133050000,133050000
1,887,133050000,133050100,32290,53818,133200000,133200000
1,888,133200000,133200100,32290,53818,133350000,133350000
1,889,133350000,133350100,32290,53818,133500000,133500000
1,890,133500000,133500100,32290,53818,133650000,133650000
1,891,133650000,133650100,32290,53818,133800000,133800000
1,892,133800000,133800100,32290,53818,133950000,133950000
1,893,133950000,133950100,32290,53818,134100000,134100000
1,894,134100000,134100100,32290,53818,134250000,134250000
1,895,134250000,134250100,32290,53818,134400000,134400000
1,896,134400000,134400100,32290,53818,134550000,134550000
1,897,134550000,134550100,32290,53818,134700000,134700000
1,898,134700000,134700100,32290,53818,134850000,134850000
1,899,134850000,134850100,32290,53818,135000000,135000000
1,900,135000000,135000100,32290,53818,135150000,135150000
1,901,135150000,135150100,32290,53818,135300000,135300000
1,902,135300000,135300100,32290,53818,135450000,135450000
1,903,135450000,135450100,32290,53818,135600000,135600000
1,904,135600000,135600100,32290,53818,135750000,135750000
1,905,135750000,135750100,32290,53818,135900000,135900000
1,906,135900000,135900100,32290,53818,136050000,136050000
1,907,136050000,136050100,32290,53818,136200000,136200000
1,908,136200000,136200100,32290,53818,136350000,136350000
1,909,136350000,136350100,32290,53818,136500000,136500000
1,910,136500000,136500100,32290,53818,136650000,136650000
1,911,136650000,136650100,32290,53818,136800000,136800000
1,912,136800000,136800100,32290,53818,136950000,136950000
1,913,136950000,136950100,32290,53818,137100000,137100000
1,914,137100000,137100100,32290,53818,137250000,137250000
1,915,137250000,137250100,32290,53818,137400000,137400000
1,916,137400000,137400100,32290,53818,137550000,137550000
1,917,137550000,137550100,32290,53818,137700000,137700000
1,918,137700000,137700100,32290,53818,137850000,137850000
1,919,137850000,137850100,32290,53818,138000000,138000000
1,920,138000000,138000100,32290,53818,138150000,138150000
1,921,138150000,138150100,32290,53818,138300000,138300000
1,922,138300000,138300100,32290,53818,138450000,138450000
1,923,138450000,138450100,32290,53818,138600000,138600000
1,924,138600000,138600100,32290,53818,138750000,138750000
1,925,138750000,138750100,32290,53818,138900000,138900000
1,926,138900000,138900100,32290,53818,139050000,139050000
1,927,139050000,139050100,32290,53818,139200000,139200000
1,928,139200000,139200100,32290,53818,139350000,139350000
1,929,139350000,139350100,32290,53818,139500000,139500000
1,930,139500000,139500100,32290,53818,139650000,139650000
1,931,139650000,139650100,32290,53818,139800000,139800000
1,932,139800000,139800100,32290,53818,139950000,139950000
1,933,139950000,139950100,32290,53818,140100000,140100000
1,934,140100000,140100100,32290,53818,140250000,140250000
1,935,140250000,140250100,32290,53818,140400000,140400000
1,936,140400000,140400100,32290,53818,140550000,140550000
1,937,140550000,140550100,32290,53818,140700000,140700000
1,938,140700000,140700100,32290,53818,140850000,140850000
1,939,140850000,140850100,32290,53818,141000000,141000000
1,940,141000000,141000100,32290,53818,141150000,141150000
1,941,141150000,141150100,32290,53818,141300000,141300000
1,942,141300000,141300100,32290,53818,141450000,141450000
1,943,141450000,141450100,32290,53818,141600000,141600000
1,944,141600000,141600100,32290,53818,141750000,141750000
1,945,141750000,141750100,32290,53818,141900000,141900000
1,946,141900000,141900100,32290,53818,142050000,142050000
1,947,142050000,142050100,32290,53818,142200000,142200000
1,948,142200000,142200100,32290,53818,142350000,142350000
1,949,142350000,142350100,32290,53818,142500000,142500000
1,950,142500000,142500100,32290,53818,142650000,142650000
1,951,142650000,142650100,32290,53818,142800000,142800000
1,952,142800000,142800100,32290,53818,142950000,142950000
1,953,142950000,142950100,32290,53818,143100000,143100000
1,954,143100000,143100100,32290,53818,143250000,143250000
1,955,143250000,143250100,32290,53818,143400000,143400000
1,956,143400000,143400100,32290,53818,143550000,143550000
1,957,143550000,143550100,32290,53818,143700000,143700000
1,958,143700000,143700100,32290,53818,143850000,143850000
1,959,143850000,143850100,32290,53818,144000000,144000000
1,960,144000000,144000100,32290,53818,144150000,144150000
1,961,144150000,144150100,32290,53818,144300000,144300000
1,962,144300000,144300100,32290,53818,144450000,144450000
1,963,144450000,144450100,32290,53818,144600000,144600000
1,964,144600000,144600100,32290,53818,144750000,144750000
1,965,144750000,144750100,32290,53818,144900000,144900000
1,966,144900000,144900100,32290,53818,145050000,145050000
1,967,145050000,145050100,32290,53818,145200000,145200000
1,968,145200000,145200100,32290,53818,145350000,145350000
1,969,145350000,145350100,32290,53818,145500000,145500000
1,970,145500000,145500100,32290,53818,145650000,145650000
1,971,145650000,145650100,32290,53818,145800000,145800000
1,972,145800000,145800100,32290,53818,145950000,145950000
1,973,145950000,145950100,32290,53818,146100000,146100000
1,974,146100000,146100100,32290,53818,146250000,146250000
1,975,146250000,146250100,32290,53818,146400000,146400000
1,976,146400000,146400100,32290,53818,146550000,146550000
1,977,146550000,146550100,32290,53818,146700000,146700000
1,978,146700000,146700100,32290,53818,146850000,146850000
1,979,146850000,146850100,32290,53818,147000000,147000000
1,980,147000000,147000100,32290,53818,147150000,147150000
1,981,147150000,147150100,32290,53818,147300000,147300000
1,982,147300000,147300100,32290,53818,147450000,147450000
1,983,147450000,147450100,32290,53818,147600000,147600000
1,984,147600000,147600100,32290,53818,147750000,147750000
1,985,147750000,147750100,32290,53818,147900000,147900000
1,986,147900000,147900100,32290,53818,148050000,148050000
1,987,148050000,148050100,32290,53818,148200000,148200000
1,988,148200000,148200100,32290,53818,148350000,148350000
1,989,148350000,148350100,32290,53818,148500000,148500000
1,990,148500000,148500100,32290,53818,148650000,148650000
1,991,148650000,148650100,32290,53818,148800000,148800000
1,992,148800000,148800100,32290,53818,148950000,148950000
1,993,148950000,148950100,32290,53818,149100000,149100000
1,994,149100000,149100100,32290,53818,149250000,149250000
1,995,149250000,149250100,32290,53818,149400000,149400000
1,996,149400000,149400100,32290,53818,149550000,149550000
1,997,149550000,149550100,32290,53818,149700000,149700000
1,998,149700000,149700100,32290,53818,149850000,149850000
1,999,149850000,149850100,32290,53818,150000000,150000000
1,1000,150000000,150000100,32290,53818,150150000,150150000
1,1001,150150000,150150100,32290,53818,150300000,150300000
1,1002,150300000,150300100,32290,53818,150450000,150450000
1,1003,150450000,150450100,32290,53818,150600000,150600000
1,1004,150600000,150600100,32290,53818,150750000,150750000
1,1005,150750000,150750100,32290,53818,150900000,150900000
1,1006,150900000,150900100,32290,53818,151050000,151050000
1,1007,151050000,151050100,32290,53818,151200000,151200000
1,1008,151200000,151200100,32290,53818,151350000,151350000
1,1009,151350000,151350100,32290,53818,151500000,151500000
1,1010,151500000,151500100,32290,53818,151650000,151650000
1,1011,151650000,151650100,32290,53818,151800000,151800000
1,1012,151800000,151800100,32290,53818,151950000,151950000
1,1013,151950000,151950100,32290,53818,152100000,152100000
1,1014,152100000,152100100,32290,53818,152250000,152250000
1,1015,152250000,152250100,32290,53818,152400000,152400000
1,1016,152400000,152400100,32290,53818,152550000,152550000
1,1017,152550000,152550100,32290,53818,152700000,152700000
1,1018,152700000,152700100,32290,53818,152850000,152850000
1,1019,152850000,152850100,32290,53818,153000000,153000000
1,1020,153000000,153000100,32290,53818,153150000,153150000
1,1021,153150000,153150100,32290,53818,153300000,153300000
1,1022,153300000,153300100,32290,53818,153450000,153450000
1,1023,153450000,153450100,32290,53818,153600000,153600000
1,1024,153600000,153600100,32290,53818,153750000,153750000
1,1025,153750000,153750100,32290,53818,153900000,153900000
1,1026,153900000,153900100,32290,53818,154050000,154050000
1,1027,154050000,154050100,32290,53818,154200000,154200000
1,1028,154200000,154200100,32290,53818,154350000,154350000
1,1029,154350000,154350100,32290,53818,154500000,154500000
1,1030,154500000,154500100,32290,53818,154650000,154650000
1,1031,154650000,154650100,32290,53818,154800000,154800000
1,1032,154800000,154800100,32290,53818,154950000,154950000
1,1033,154950000,154950100,32290,53818,155100000,155100000
1,1034,155100000,155100100,32290,53818,155250000,155250000
1,1035,155250000,155250100,32290,53818,155400000,155400000
1,1036,155400000,155400100,32290,53818,155550000,155550000
1,1037,155550000,155550100,32290,53818,155700000,155700000
1,1038,155700000,155700100,32290,53818,155850000,155850000
1,1039,155850000,155850100,32290,53818,156000000,156000000
1,1040,156000000,156000100,32290,53818,156150000,156150000
1,1041,156150000,156150100,32290,53818,156300000,156300000
1,1042,156300000,156300100,32290,53818,156450000,156450000
1,1043,156450000,156450100,32290,53818,156600000,156600000
1,1044,156600000,156600100,32290,53818,156750000,156750000
1,1045,156750000,156750100,32290,53818,156900000,156900000
1,1046,156900000,156900100,32290,53818,157050000,157050000
1,1047,157050000,157050100,32290,53818,157200000,157200000
1,1048,157200000,157200100,32290,53818,157350000,157350000
1,1049,157350000,157350100,32290,53818,157500000,157500000
1,1050,157500000,157500100,32290,53818,157650000,157650000
1,1051,157650000,157650100,32290,53818,157800000,157800000
1,1052,157800000,157800100,32290,53818,157950000,157950000
1,1053,157950000,157950100,32290,53818,158100000,158100000
1,1054,158100000,158100100,32290,53818,158250000,158250000
1,1055,158250000,158250100,32290,53818,158400000,158400000
1,1056,158400000,158400100,32290,53818,158550000,158550000
1,1057,158550000,158550100,32290,53818,158700000,158700000
1,1058,158700000,158700100,32290,53818,158850000,158850000
1,1059,158850000,158850100,32290,53818,159000000,159000000
1,1060,159000000,159000100,32290,53818,159150000,159150000
1,1061,159150000,159150100,32290,53818,159300000,159300000
1,1062,159300000,159300100,32290,53818,159450000,159450000
1,1063,159450000,159450100,32290,53818,159600000,159600000
1,1064,159600000,159600100,32290,53818,159750000,159750000
1,1065,159750000,159750100,32290,53818,159900000,159900000
1,1066,159900000,159900100,32290,53818,160050000,160050000
1,1067,160050000,160050100,32290,53818,160200000,160200000
1,1068,160200000,160200100,32290,53818,160350000,160350000
1,1069,160350000,160350100,32290,53818,160500000,160500000
1,1070,160500000,160500100,32290,53818,160650000,160650000
1,1071,160650000,160650100,32290,53818,160800000,160800000
1,1072,160800000,160800100,32290,53818,160950000,160950000
1,1073,160950000,160950100,32290,53818,161100000,161100000
1,1074,161100000,161100100,32290,53818,161250000,161250000
1,1075,161250000,161250100,32290,53818,161400000,161400000
1,1076,161400000,161400100,32290,53818,161550000,161550000
1,1077,161550000,161550100,32290,53818,161700000,161700000
1,1078,161700000,161700100,32290,53818,161850000,161850000
1,1079,161850000,161850100,32290,53818,162000000,162000000
1,1080,162000000,162000100,32290,53818,162150000,162150000
1,1081,162150000,162150100,32290,53818,162300000,162300000
1,1082,162300000,162300100,32290,53818,162450000,162450000
1,1083,162450000,162450100,32290,53818,162600000,162600000
1,1084,162600000,162600100,32290,53818,162750000,162750000
1,1085,162750000,162750100,32290,53818,162900000,162900000
1,1086,162900000,162900100,32290,53818,163050000,163050000
1,1087,163050000,163050100,32290,53818,163200000,163200000
1,1088,163200000,163200100,32290,53818,163350000,163350000
1,1089,163350000,163350100,32290,53818,163500000,163500000
1,1090,163500000,163500100,32290,53818,163650000,163650000
1,1091,163650000,163650100,32290,53818,163800000,163800000
1,1092,163800000,163800100,32290,53818,163950000,163950000
1,1093,163950000,163950100,32290,53818,164100000,164100000
1,1094,164100000,164100100,32290,53818,164250000,164250000
1,1095,164250000,164250100,32290,53818,164400000,164400000
1,1096,164400000,164400100,32290,53818,164550000,164550000
1,1097,164550000,164550100,32290,53818,164700000,164700000
1,1098,164700000,164700100,32290,53818,164850000,164850000
1,1099,164850000,164850100,32290,53818,165000000,165000000
1,1100,165000000,165000100,32290,53818,165150000,165150000
1,1101,165150000,165150100,32290,53818,165300000,165300000
1,1102,165300000,165300100,32290,53818,165450000,165450000
1,1103,165450000,165450100,32290,53818,165600000,165600000
1,1104,165600000,165600100,32290,53818,165750000,165750000
1,1105,165750000,165750100,32290,53818,165900000,165900000
1,1106,165900000,165900100,32290,53818,166050000,166050000
1,1107,166050000,166050100,32290,53818,166200000,166200000
1,1108,166200000,166200100,32290,53818,166350000,166350000
1,1109,166350000,166350100,32290,53818,166500000,166500000
1,1110,166500000,166500100,32290,53818,166650000,166650000
1,1111,166650000,166650100,32290,53818,166800000,166800000
1,1112,166800000,166800100,32290,53818,166950000,166950000
1,1113,166950000,166950100,32290,53818,167100000,167100000
1,1114,167100000,167100100,32290,53818,167250000,167250000
1,1115,167250000,167250100,32290,53818,167400000,167400000
1,1116,167400000,167400100,32290,53818,167550000,167550000
1,1117,167550000,167550100,32290,53818,167700000,167700000
1,1118,167700000,167700100,32290,53818,167850000,167850000
1,1119,167850000,167850100,32290,53818,168000000,168000000
1,1120,168000000,168000100,32290,53818,168150000,168150000
1,1121,168150000,168150100,32290,53818,168300000,168300000
1,1122,168300000,168300100,32290,53818,168450000,168450000
1,1123,168450000,168450100,32290,53818,168600000,168600000
1,1124,168600000,168600100,32290,53818,168750000,168750000
1,1125,168750000,168750100,32290,53818,168900000,168900000
1,1126,168900000,168900100,32290,53818,169050000,169050000
1,1127,169050000,169050100,32290,53818,169200000,169200000
1,1128,169200000,169200100,32290,53818,169350000,169350000
1,1129,169350000,169350100,32290,53818,169500000,169500000
1,1130,169500000,169500100,32290,53818,169650000,169650000
1,1131,169650000,169650100,32290,53818,169800000,169800000
1,1132,169800000,169800100,32290,53818,169950000,169950000
1,1133,169950000,169950100,32290,53818,170100000,170100000
1,1134,170100000,170100100,32290,53818,170250000,170250000
1,1135,170250000,170250100,32290,53818,170400000,170400000
1,1136,170400000,170400100,32290,53818,170550000,170550000
1,1137,170550000,170550100,32290,53818,170700000,170700000
1,1138,170700000,170700100,32290,53818,170850000,170850000
1,1139,170850000,170850100,32290,53818,171000000,171000000
1,1140,171000000,171000100,32290,53818,171150000,171150000
1,1141,171150000,171150100,32290,53818,171300000,171300000
1,1142,171300000,171300100,32290,53818,171450000,171450000
1,1143,171450000,171450100,32290,53818,171600000,171600000
1,1144,171600000,171600100,32290,53818,171750000,171750000
1,1145,171750000,171750100,32290,53818,171900000,171900000
1,1146,171900000,171900100,32290,53818,172050000,172050000
1,1147,172050000,172050100,32290,53818,172200000,172200000
1,1148,172200000,172200100,32290,53818,172350000,172350000
1,1149,172350000,172350100,32290,53818,172500000,172500000
1,1150,172500000,172500100,32290,53818,172650000,172650000
1,1151,172650000,172650100,32290,53818,172800000,172800000
1,1152,172800000,172800100,32290,53818,172950000,172950000
1,1153,172950000,172950100,32290,53818,173100000,173100000
1,1154,173100000,173100100,32290,53818,173250000,173250000
1,1155,173250000,173250100,32290,53818,173400000,173400000
1,1156,173400000,173400100,32290,53818,173550000,173550000
1,1157,173550000,173550100,32290,53818,173700000,173700000
1,1158,173700000,173700100,32290,53818,173850000,173850000
1,1159,173850000,173850100,32290,53818,174000000,174000000
1,1160,174000000,174000100,32290,53818,174150000,174150000
1,1161,174150000,174150100,32290,53818,174300000,174300000
1,1162,174300000,174300100,32290,53818,174450000,174450000
1,1163,174450000,174450100,32290,53818,174600000,174600000
1,1164,174600000,174600100,32290,53818,174750000,174750000
1,1165,174750000,174750100,32290,53818,174900000,174900000
1,1166,174900000,174900100,32290,53818,175050000,175050000
1,1167,175050000,175050100,32290,53818,175200000,175200000
1,1168,175200000,175200100,32290,53818,175350000,175350000
1,1169,175350000,175350100,32290,53818,175500000,175500000
1,1170,175500000,175500100,32290,53818,175650000,175650000
1,1171,175650000,175650100,32290,53818,175800000,175800000
1,1172,175800000,175800100,32290,53818,175950000,175950000
1,1173,175950000,175950100,32290,53818,176100000,176100000
1,1174,176100000,176100100,32290,53818,176250000,176250000
1,1175,176250000,176250100,32290,53818,176400000,176400000
1,1176,176400000,176400100,32290,53818,176550000,176550000
1,1177,176550000,176550100,32290,53818,176700000,176700000
1,1178,176700000,176700100,32290,53818,176850000,176850000
1,1179,176850000,176850100,32290,53818,177000000,177000000
1,1180,177000000,177000100,32290,53818,177150000,177150000
1,1181,177150000,177150100,32290,53818,177300000,177300000
1,1182,177300000,177300100,32290,53818,177450000,177450000
1,1183,177450000,177450100,32290,53818,177600000,177600000
1,1184,177600000,177600100,32290,53818,177750000,177750000
1,1185,177750000,177750100,32290,53818,177900000,177900000
1,1186,177900000,177900100,32290,53818,178050000,178050000
1,1187,178050000,178050100,32290,53818,178200000,178200000
1,1188,178200000,178200100,32290,53818,178350000,178350000
1,1189,178350000,178350100,32290,53818,178500000,178500000
2,0,0,100,54761,91269,300000,300000
2,1,300000,300100,54761,91269,600000,600000
2,2,600000,600100,54761,91269,900000,900000
2,3,900000,900100,54761,91269,1200000,1200000
2,4,1200000,1200100,54761,91269,1500000,1500000
2,5,1500000,1500100,54761,91269,1800000,1800000
2,6,1800000,1800100,54761,91269,2100000,2100000
2,7,2100000,2100100,54761,91269,2400000,2400000
2,8,2400000,2400100,54761,91269,2700000,2700000
2,9,2700000,2700100,54761,91269,3000000,3000000
2,10,3000000,3000100,54761,91269,3300000,3300000
2,11,3300000,3300100,54761,91269,3600000,3600000
2,12,3600000,3600100,54761,91269,3900000,3900000
2,13,3900000,3900100,54761,91269,4200000,4200000
2,14,4200000,4200100,54761,91269,4500000,4500000
2,15,4500000,4500100,54761,91269,4800000,4800000
2,16,4800000,4800100,54761,91269,5100000,5100000
2,17,5100000,5100100,54761,91269,5400000,5400000
2,18,5400000,5400100,54761,91269,5700000,5700000
2,19,5700000,5700100,54761,91269,6000000,6000000
2,20,6000000,6000100,54761,91269,6300000,6300000
2,21,6300000,6300100,54761,91269,6600000,6600000
2,22,6600000,6600100,54761,91269,6900000,6900000
2,23,6900000,6900100,54761,91269,7200000,7200000
2,24,7200000,7200100,54761,91269,7500000,7500000
2,25,7500000,7500100,54761,91269,7800000,7800000
2,26,7800000,7800100,54761,91269,8100000,8100000
2,27,8100000,8100100,54761,91269,8400000,8400000
2,28,8400000,8400100,54761,91269,8700000,8700000
2,29,8700000,8700100,54761,91269,9000000,9000000
2,30,9000000,9000100,54761,91269,9300000,9300000
2,31,9300000,9300100,54761,91269,9600000,9600000
2,32,9600000,9600100,54761,91269,9900000,9900000
2,33,9900000,9900100,54761,91269,10200000,10200000
2,34,10200000,10200100,54761,91269,10500000,10500000
2,35,10500000,10500100,54761,91269,10800000,10800000
2,36,10800000,10800100,54761,91269,11100000,11100000
2,37,11100000,11100100,54761,91269,11400000,11400000
2,38,11400000,11400100,54761,91269,11700000,11700000
2,39,11700000,11700100,54761,91269,12000000,12000000
2,40,12000000,12000100,54761,91269,12300000,12300000
2,41,12300000,12300100,54761,91269,12600000,12600000
2,42,12600000,12600100,54761,91269,12900000,12900000
2,43,12900000,12900100,54761,91269,13200000,13200000
2,44,13200000,13200100,54761,91269,13500000,13500000
2,45,13500000,13500100,54761,91269,13800000,13800000
2,46,13800000,13800100,54761,91269,14100000,14100000
2,47,14100000,14100100,54761,91269,14400000,14400000
2,48,14400000,14400100,54761,91269,14700000,14700000
2,49,14700000,14700100,54761,91269,15000000,15000000
2,50,15000000,15000100,54761,91269,15300000,15300000
2,51,15300000,15300100,54761,91269,15600000,15600000
2,52,15600000,15600100,54761,91269,15900000,15900000
2,53,15900000,15900100,54761,91269,16200000,16200000
2,54,16200000,16200100,54761,91269,16500000,16500000
2,55,16500000,16500100,54761,91269,16800000,16800000
2,56,16800000,16800100,54761,91269,17100000,17100000
2,57,17100000,17100100,54761,91269,17400000,17400000
2,58,17400000,17400100,54761,91269,17700000,17700000
2,59,17700000,17700100,54761,91269,18000000,18000000
2,60,18000000,18000100,54761,91269,18300000,18300000
2,61,18300000,18300100,54761,91269,18600000,18600000
2,62,18600000,18600100,54761,91269,18900000,18900000
2,63,18900000,18900100,54761,91269,19200000,19200000
2,64,19200000,19200100,54761,91269,19500000,19500000
2,65,19500000,19500100,54761,91269,19800000,19800000
2,66,19800000,19800100,54761,91269,20100000,20100000
2,67,20100000,20100100,54761,91269,20400000,20400000
2,68,20400000,20400100,54761,91269,20700000,20700000
2,69,20700000,20700100,54761,91269,21000000,21000000
2,70,21000000,21000100,54761,91269,21300000,21300000
2,71,21300000,21300100,54761,91269,21600000,21600000
2,72,21600000,21600100,54761,91269,21900000,21900000
2,73,21900000,21900100,54761,91269,22200000,22200000
2,74,22200000,22200100,54761,91269,22500000,22500000
2,75,22500000,22500100,54761,91269,22800000,22800000
2,76,22800000,22800100,54761,91269,23100000,23100000
2,77,23100000,23100100,54761,91269,23400000,23400000
2,78,23400000,23400100,54761,91269,23700000,23700000
2,79,23700000,23700100,54761,91269,24000000,24000000
2,80,24000000,24000100,54761,91269,24300000,24300000
2,81,24300000,24300100,54761,91269,24600000,24600000
2,82,24600000,24600100,54761,91269,24900000,24900000
2,83,24900000,24900100,54761,91269,25200000,25200000
2,84,25200000,25200100,54761,91269,25500000,25500000
2,85,25500000,25500100,54761,91269,25800000,25800000
2,86,25800000,25800100,54761,91269,26100000,26100000
2,87,26100000,26100100,54761,91269,26400000,26400000
2,88,26400000,26400100,54761,91269,26700000,26700000
2,89,26700000,26700100,54761,91269,27000000,27000000
2,90,27000000,27000100,54761,91269,27300000,27300000
2,91,27300000,27300100,54761,91269,27600000,27600000
2,92,27600000,27600100,54761,91269,27900000,27900000
2,93,27900000,27900100,54761,91269,28200000,28200000
2,94,28200000,28200100,54761,91269,28500000,28500000
2,95,28500000,28500100,54761,91269,28800000,28800000
2,96,28800000,28800100,54761,91269,29100000,29100000
2,97,29100000,29100100,54761,91269,29400000,29400000
2,98,29400000,29400100,54761,91269,29700000,29700000
2,99,29700000,29700100,54761,91269,30000000,30000000
2,100,30000000,30000100,54761,91269,30300000,30300000
2,101,30300000,30300100,54761,91269,30600000,30600000
2,102,30600000,30600100,54761,91269,30900000,30900000
2,103,30900000,30900100,54761,91269,31200000,31200000
2,104,31200000,31200100,54761,91269,31500000,31500000
2,105,31500000,31500100,54761,91269,31800000,31800000
2,106,31800000,31800100,54761,91269,32100000,32100000
2,107,32100000,32100100,54761,91269,32400000,32400000
2,108,32400000,32400100,54761,91269,32700000,32700000
2,109,32700000,32700100,54761,91269,33000000,33000000
2,110,33000000,33000100,54761,91269,33300000,33300000
2,111,33300000,33300100,54761,91269,33600000,33600000
2,112,33600000,33600100,54761,91269,33900000,33900000
2,113,33900000,33900100,54761,91269,34200000,34200000
2,114,34200000,34200100,54761,91269,34500000,34500000
2,115,34500000,34500100,54761,91269,34800000,34800000
2,116,34800000,34800100,54761,91269,35100000,35100000
2,117,35100000,35100100,54761,91269,35400000,35400000
2,118,35400000,35400100,54761,91269,35700000,35700000
2,119,35700000,35700100,54761,91269,36000000,36000000
2,120,36000000,36000100,54761,91269,36300000,36300000
2,121,36300000,36300100,54761,91269,36600000,36600000
2,122,36600000,36600100,54761,91269,36900000,36900000
2,123,36900000,36900100,54761,91269,37200000,37200000
2,124,37200000,37200100,54761,91269,37500000,37500000
2,125,37500000,37500100,54761,91269,37800000,37800000
2,126,37800000,37800100,54761,91269,38100000,38100000
2,127,38100000,38100100,54761,91269,38400000,38400000
2,128,38400000,38400100,54761,91269,38700000,38700000
2,129,38700000,38700100,54761,91269,39000000,39000000
2,130,39000000,39000100,54761,91269,39300000,39300000
2,131,39300000,39300100,54761,91269,39600000,39600000
2,132,39600000,39600100,54761,91269,39900000,39900000
2,133,39900000,39900100,54761,91269,40200000,40200000
2,134,40200000,40200100,54761,91269,40500000,40500000
2,135,40500000,40500100,54761,91269,40800000,40800000
2,136,40800000,40800100,54761,91269,41100000,41100000
2,137,41100000,41100100,54761,91269,41400000,41400000
2,138,41400000,41400100,54761,91269,41700000,41700000
2,139,41700000,41700100,54761,91269,42000000,42000000
2,140,42000000,42000100,54761,91269,42300000,42300000
2,141,42300000,42300100,54761,91269,42600000,42600000
2,142,42600000,42600100,54761,91269,42900000,42900000
2,143,42900000,42900100,54761,91269,43200000,43200000
2,144,43200000,43200100,54761,91269,43500000,43500000
2,145,43500000,43500100,54761,91269,43800000,43800000
2,146,43800000,43800100,54761,91269,44100000,44100000
2,147,44100000,44100100,54761,91269,44400000,44400000
2,148,44400000,44400100,54761,91269,44700000,44700000
2,149,44700000,44700100,54761,91269,45000000,45000000
2,150,45000000,45000100,54761,91269,45300000,45300000
2,151,45300000,45300100,54761,91269,45600000,45600000
2,152,45600000,45600100,54761,91269,45900000,45900000
2,153,45900000,45900100,54761,91269,46200000,46200000
2,154,46200000,46200100,54761,91269,46500000,46500000
2,155,46500000,46500100,54761,91269,46800000,46800000
2,156,46800000,46800100,54761,91269,47100000,47100000
2,157,47100000,47100100,54761,91269,47400000,47400000
2,158,47400000,47400100,54761,91269,47700000,47700000
2,159,47700000,47700100,54761,91269,48000000,48000000
2,160,48000000,48000100,54761,91269,48300000,48300000
2,161,48300000,48300100,54761,91269,48600000,48600000
2,162,48600000,48600100,54761,91269,48900000,48900000
2,163,48900000,48900100,54761,91269,49200000,49200000
2,164,49200000,49200100,54761,91269,49500000,49500000
2,165,49500000,49500100,54761,91269,49800000,49800000
2,166,49800000,49800100,54761,91269,50100000,50100000
2,167,50100000,50100100,54761,91269,50400000,50400000
2,168,50400000,50400100,54761,91269,50700000,50700000
2,169,50700000,50700100,54761,91269,51000000,51000000
2,170,51000000,51000100,54761,91269,51300000,51300000
2,171,51300000,51300100,54761,91269,51600000,51600000
2,172,51600000,51600100,54761,91269,51900000,51900000
2,173,51900000,51900100,54761,91269,52200000,52200000
2,174,52200000,52200100,54761,91269,52500000,52500000
2,175,52500000,52500100,54761,91269,52800000,52800000
2,176,52800000,52800100,54761,91269,53100000,53100000
2,177,53100000,53100100,54761,91269,53400000,53400000
2,178,53400000,53400100,54761,91269,53700000,53700000
2,179,53700000,53700100,54761,91269,54000000,54000000
2,180,54000000,54000100,54761,91269,54300000,54300000
2,181,54300000,54300100,54761,91269,54600000,54600000
2,182,54600000,54600100,54761,91269,54900000,54900000
2,183,54900000,54900100,54761,91269,55200000,55200000
2,184,55200000,55200100,54761,91269,55500000,55500000
2,185,55500000,55500100,54761,91269,55800000,55800000
2,186,55800000,55800100,54761,91269,56100000,56100000
2,187,56100000,56100100,54761,91269,56400000,56400000
2,188,56400000,56400100,54761,91269,56700000,56700000
2,189,56700000,56700100,54761,91269,57000000,57000000
2,190,57000000,57000100,54761,91269,57300000,57300000
2,191,57300000,57300100,54761,91269,57600000,57600000
2,192,57600000,57600100,54761,91269,57900000,57900000
2,193,57900000,57900100,54761,91269,58200000,58200000
2,194,58200000,58200100,54761,91269,58500000,58500000
2,195,58500000,58500100,54761,91269,58800000,58800000
2,196,58800000,58800100,54761,91269,59100000,59100000
2,197,59100000,59100100,54761,91269,59400000,59400000
2,198,59400000,59400100,54761,91269,59700000,59700000
2,199,59700000,59700100,54761,91269,60000000,60000000
2,200,60000000,60000100,54761,91269,60300000,60300000
2,201,60300000,60300100,54761,91269,60600000,60600000
2,202,60600000,60600100,54761,91269,60900000,60900000
2,203,60900000,60900100,54761,91269,61200000,61200000
2,204,61200000,61200100,54761,91269,61500000,61500000
2,205,61500000,61500100,54761,91269,61800000,61800000
2,206,61800000,61800100,54761,91269,62100000,62100000
2,207,62100000,62100100,54761,91269,62400000,62400000
2,208,62400000,62400100,54761,91269,62700000,62700000
2,209,62700000,62700100,54761,91269,63000000,63000000
2,210,63000000,63000100,54761,91269,63300000,63300000
2,211,63300000,63300100,54761,91269,63600000,63600000
2,212,63600000,63600100,54761,91269,63900000,63900000
2,213,63900000,63900100,54761,91269,64200000,64200000
2,214,64200000,64200100,54761,91269,64500000,64500000
2,215,64500000,64500100,54761,91269,64800000,64800000
2,216,64800000,64800100,54761,91269,65100000,65100000
2,217,65100000,65100100,54761,91269,65400000,65400000
2,218,65400000,65400100,54761,91269,65700000,65700000
2,219,65700000,65700100,54761,91269,66000000,66000000
2,220,66000000,66000100,54761,91269,66300000,66300000
2,221,66300000,66300100,54761,91269,66600000,66600000
2,222,66600000,66600100,54761,91269,66900000,66900000
2,223,66900000,66900100,54761,91269,67200000,67200000
2,224,67200000,67200100,54761,91269,67500000,67500000
2,225,67500000,67500100,54761,91269,67800000,67800000
2,226,67800000,67800100,54761,91269,68100000,68100000
2,227,68100000,68100100,54761,91269,68400000,68400000
2,228,68400000,68400100,54761,91269,68700000,68700000
2,229,68700000,68700100,54761,91269,69000000,69000000
2,230,69000000,69000100,54761,91269,69300000,69300000
2,231,69300000,69300100,54761,91269,69600000,69600000
2,232,69600000,69600100,54761,91269,69900000,69900000
2,233,69900000,69900100,54761,91269,70200000,70200000
2,234,70200000,70200100,54761,91269,70500000,70500000
2,235,70500000,70500100,54761,91269,70800000,70800000
2,236,70800000,70800100,54761,91269,71100000,71100000
2,237,71100000,71100100,54761,91269,71400000,71400000
2,238,71400000,71400100,54761,91269,71700000,71700000
2,239,71700000,71700100,54761,91269,72000000,72000000
2,240,72000000,72000100,54761,91269,72300000,72300000
2,241,72300000,72300100,54761,91269,72600000,72600000
2,242,72600000,72600100,54761,91269,72900000,72900000
2,243,72900000,72900100,54761,91269,73200000,73200000
2,244,73200000,73200100,54761,91269,73500000,73500000
2,245,73500000,73500100,54761,91269,73800000,73800000
2,246,73800000,73800100,54761,91269,74100000,74100000
2,247,74100000,74100100,54761,91269,74400000,74400000
2,248,74400000,74400100,54761,91269,74700000,74700000
2,249,74700000,74700100,54761,91269,75000000,75000000
2,250,75000000,75000100,54761,91269,75300000,75300000
2,251,75300000,75300100,54761,91269,75600000,75600000
2,252,75600000,75600100,54761,91269,75900000,75900000
2,253,75900000,75900100,54761,91269,76200000,76200000
2,254,76200000,76200100,54761,91269,76500000,76500000
2,255,76500000,76500100,54761,91269,76800000,76800000
2,256,76800000,76800100,54761,91269,77100000,77100000
2,257,77100000,77100100,54761,91269,77400000,77400000
2,258,77400000,77400100,54761,91269,77700000,77700000
2,259,77700000,77700100,54761,91269,78000000,78000000
2,260,78000000,78000100,54761,91269,78300000,78300000
2,261,78300000,78300100,54761,91269,78600000,78600000
2,262,78600000,78600100,54761,91269,78900000,78900000
2,263,78900000,78900100,54761,91269,79200000,79200000
2,264,79200000,79200100,54761,91269,79500000,79500000
2,265,79500000,79500100,54761,91269,79800000,79800000
2,266,79800000,79800100,54761,91269,80100000,80100000
2,267,80100000,80100100,54761,91269,80400000,80400000
2,268,80400000,80400100,54761,91269,80700000,80700000
2,269,80700000,80700100,54761,91269,81000000,81000000
2,270,81000000,81000100,54761,91269,81300000,81300000
2,271,81300000,81300100,54761,91269,81600000,81600000
2,272,81600000,81600100,54761,91269,81900000,81900000
2,273,81900000,81900100,54761,91269,82200000,82200000
2,274,82200000,82200100,54761,91269,82500000,82500000
2,275,82500000,82500100,54761,91269,82800000,82800000
2,276,82800000,82800100,54761,91269,83100000,83100000
2,277,83100000,83100100,54761,91269,83400000,83400000
2,278,83400000,83400100,54761,91269,83700000,83700000
2,279,83700000,83700100,54761,91269,84000000,84000000
2,280,84000000,84000100,54761,91269,84300000,84300000
2,281,84300000,84300100,54761,91269,84600000,84600000
2,282,84600000,84600100,54761,91269,84900000,84900000
2,283,84900000,84900100,54761,91269,85200000,85200000
2,284,85200000,85200100,54761,91269,85500000,85500000
2,285,85500000,85500100,54761,91269,85800000,85800000
2,286,85800000,85800100,54761,91269,86100000,86100000
2,287,86100000,86100100,54761,91269,86400000,86400000
2,288,86400000,86400100,54761,91269,86700000,86700000
2,289,86700000,86700100,54761,91269,87000000,87000000
2,290,87000000,87000100,54761,91269,87300000,87300000
2,291,87300000,87300100,54761,91269,87600000,87600000
2,292,87600000,87600100,54761,91269,87900000,87900000
2,293,87900000,87900100,54761,91269,88200000,88200000
2,294,88200000,88200100,54761,91269,88500000,88500000
2,295,88500000,88500100,54761,91269,88800000,88800000
2,296,88800000,88800100,54761,91269,89100000,89100000
2,297,89100000,89100100,54761,91269,89400000,89400000
2,298,89400000,89400100,54761,91269,89700000,89700000
2,299,89700000,89700100,54761,91269,90000000,90000000
2,300,90000000,90000100,54761,91269,90300000,90300000
2,301,90300000,90300100,54761,91269,90600000,90600000
2,302,90600000,90600100,54761,91269,90900000,90900000
2,303,90900000,90900100,54761,91269,91200000,91200000
2,304,91200000,91200100,54761,91269,91500000,91500000
2,305,91500000,91500100,54761,91269,91800000,91800000
2,306,91800000,91800100,54761,91269,92100000,92100000
2,307,92100000,92100100,54761,91269,92400000,92400000
2,308,92400000,92400100,54761,91269,92700000,92700000
2,309,92700000,92700100,54761,91269,93000000,93000000
2,310,93000000,93000100,54761,91269,93300000,93300000
2,311,93300000,93300100,54761,91269,93600000,93600000
2,312,93600000,93600100,54761,91269,93900000,93900000
2,313,93900000,93900100,54761,91269,94200000,94200000
2,314,94200000,94200100,54761,91269,94500000,94500000
2,315,94500000,94500100,54761,91269,94800000,94800000
2,316,94800000,94800100,54761,91269,95100000,95100000
2,317,95100000,95100100,54761,91269,95400000,95400000
2,318,95400000,95400100,54761,91269,95700000,95700000
2,319,95700000,95700100,54761,91269,96000000,96000000
2,320,96000000,96000100,54761,91269,96300000,96300000
2,321,96300000,96300100,54761,91269,96600000,96600000
2,322,96600000,96600100,54761,91269,96900000,96900000
2,323,96900000,96900100,54761,91269,97200000,97200000
2,324,97200000,97200100,54761,91269,97500000,97500000
2,325,97500000,97500100,54761,91269,97800000,97800000
2,326,97800000,97800100,54761,91269,98100000,98100000
2,327,98100000,98100100,54761,91269,98400000,98400000
2,328,98400000,98400100,54761,91269,98700000,98700000
2,329,98700000,98700100,54761,91269,99000000,99000000
2,330,99000000,99000100,54761,91269,99300000,99300000
2,331,99300000,99300100,54761,91269,99600000,99600000
2,332,99600000,99600100,54761,91269,99900000,99900000
2,333,99900000,99900100,54761,91269,100200000,100200000
2,334,100200000,100200100,54761,91269,100500000,100500000
2,335,100500000,100500100,54761,91269,100800000,100800000
2,336,100800000,100800100,54761,91269,101100000,101100000
2,337,101100000,101100100,54761,91269,101400000,101400000
2,338,101400000,101400100,54761,91269,101700000,101700000
2,339,101700000,101700100,54761,91269,102000000,102000000
2,340,102000000,102000100,54761,91269,102300000,102300000
2,341,102300000,102300100,54761,91269,102600000,102600000
2,342,102600000,102600100,54761,91269,102900000,102900000
2,343,102900000,102900100,54761,91269,103200000,103200000
2,344,103200000,103200100,54761,91269,103500000,103500000
2,345,103500000,103500100,54761,91269,103800000,103800000
2,346,103800000,103800100,54761,91269,104100000,104100000
2,347,104100000,104100100,54761,91269,104400000,104400000
2,348,104400000,104400100,54761,91269,104700000,104700000
2,349,104700000,104700100,54761,91269,105000000,105000000
2,350,105000000,105000100,54761,91269,105300000,105300000
2,351,105300000,105300100,54761,91269,105600000,105600000
2,352,105600000,105600100,54761,91269,105900000,105900000
2,353,105900000,105900100,54761,91269,106200000,106200000
2,354,106200000,106200100,54761,91269,106500000,106500000
2,355,106500000,106500100,54761,91269,106800000,106800000
2,356,106800000,106800100,54761,91269,107100000,107100000
2,357,107100000,107100100,54761,91269,107400000,107400000
2,358,107400000,107400100,54761,91269,107700000,107700000
2,359,107700000,107700100,54761,91269,108000000,108000000
2,360,108000000,108000100,54761,91269,108300000,108300000
2,361,108300000,108300100,54761,91269,108600000,108600000
2,362,108600000,108600100,54761,91269,108900000,108900000
2,363,108900000,108900100,54761,91269,109200000,109200000
2,364,109200000,109200100,54761,91269,109500000,109500000
2,365,109500000,109500100,54761,91269,109800000,109800000
2,366,109800000,109800100,54761,91269,110100000,110100000
2,367,110100000,110100100,54761,91269,110400000,110400000
2,368,110400000,110400100,54761,91269,110700000,110700000
2,369,110700000,110700100,54761,91269,111000000,111000000
2,370,111000000,111000100,54761,91269,111300000,111300000
2,371,111300000,111300100,54761,91269,111600000,111600000
2,372,111600000,111600100,54761,91269,111900000,111900000
2,373,111900000,111900100,54761,91269,112200000,112200000
2,374,112200000,112200100,54761,91269,112500000,112500000
2,375,112500000,112500100,54761,91269,112800000,112800000
2,376,112800000,112800100,54761,91269,113100000,113100000
2,377,113100000,113100100,54761,91269,113400000,113400000
2,378,113400000,113400100,54761,91269,113700000,113700000
2,379,113700000,113700100,54761,91269,114000000,114000000
2,380,114000000,114000100,54761,91269,114300000,114300000
2,381,114300000,114300100,54761,91269,114600000,114600000
2,382,114600000,114600100,54761,91269,114900000,114900000
2,383,114900000,114900100,54761,91269,115200000,115200000
2,384,115200000,115200100,54761,91269,115500000,115500000
2,385,115500000,115500100,54761,91269,115800000,115800000
2,386,115800000,115800100,54761,91269,116100000,116100000
2,387,116100000,116100100,54761,91269,116400000,116400000
2,388,116400000,116400100,54761,91269,116700000,116700000
2,389,116700000,116700100,54761,91269,117000000,117000000
2,390,117000000,117000100,54761,91269,117300000,117300000
2,391,117300000,117300100,54761,91269,117600000,117600000
2,392,117600000,117600100,54761,91269,117900000,117900000
2,393,117900000,117900100,54761,91269,118200000,118200000
2,394,118200000,118200100,54761,91269,118500000,118500000
2,395,118500000,118500100,54761,91269,118800000,118800000
2,396,118800000,118800100,54761,91269,119100000,119100000
2,397,119100000,119100100,54761,91269,119400000,119400000
2,398,119400000,119400100,54761,91269,119700000,119700000
2,399,119700000,119700100,54761,91269,120000000,120000000
2,400,120000000,120000100,54761,91269,120300000,120300000
2,401,120300000,120300100,54761,91269,120600000,120600000
2,402,120600000,120600100,54761,91269,120900000,120900000
2,403,120900000,120900100,54761,91269,121200000,121200000
2,404,121200000,121200100,54761,91269,121500000,121500000
2,405,121500000,121500100,54761,91269,121800000,121800000
2,406,121800000,121800100,54761,91269,122100000,122100000
2,407,122100000,122100100,54761,91269,122400000,122400000
2,408,122400000,122400100,54761,91269,122700000,122700000
2,409,122700000,122700100,54761,91269,123000000,123000000
2,410,123000000,123000100,54761,91269,123300000,123300000
2,411,123300000,123300100,54761,91269,123600000,123600000
2,412,123600000,123600100,54761,91269,123900000,123900000
2,413,123900000,123900100,54761,91269,124200000,124200000
2,414,124200000,124200100,54761,91269,124500000,124500000
2,415,124500000,124500100,54761,91269,124800000,124800000
2,416,124800000,124800100,54761,91269,125100000,125100000
2,417,125100000,125100100,54761,91269,125400000,125400000
2,418,125400000,125400100,54761,91269,125700000,125700000
2,419,125700000,125700100,54761,91269,126000000,126000000
2,420,126000000,126000100,54761,91269,126300000,126300000
2,421,126300000,126300100,54761,91269,126600000,126600000
2,422,126600000,126600100,54761,91269,126900000,126900000
2,423,126900000,126900100,54761,91269,127200000,127200000
2,424,127200000,127200100,54761,91269,127500000,127500000
2,425,127500000,127500100,54761,91269,127800000,127800000
2,426,127800000,127800100,54761,91269,128100000,128100000
2,427,128100000,128100100,54761,91269,128400000,128400000
2,428,128400000,128400100,54761,91269,128700000,128700000
2,429,128700000,128700100,54761,91269,129000000,129000000
2,430,129000000,129000100,54761,91269,129300000,129300000
2,431,129300000,129300100,54761,91269,129600000,129600000
2,432,129600000,129600100,54761,91269,129900000,129900000
2,433,129900000,129900100,54761,91269,130200000,130200000
2,434,130200000,130200100,54761,91269,130500000,130500000
2,435,130500000,130500100,54761,91269,130800000,130800000
2,436,130800000,130800100,54761,91269,131100000,131100000
2,437,131100000,131100100,54761,91269,131400000,131400000
2,438,131400000,131400100,54761,91269,131700000,131700000
2,439,131700000,131700100,54761,91269,132000000,132000000
2,440,132000000,132000100,54761,91269,132300000,132300000
2,441,132300000,132300100,54761,91269,132600000,132600000
2,442,132600000,132600100,54761,91269,132900000,132900000
2,443,132900000,132900100,54761,91269,133200000,133200000
2,444,133200000,133200100,54761,91269,133500000,133500000
2,445,133500000,133500100,54761,91269,133800000,133800000
2,446,133800000,133800100,54761,91269,134100000,134100000
2,447,134100000,134100100,54761,91269,134400000,134400000
2,448,134400000,134400100,54761,91269,134700000,134700000
2,449,134700000,134700100,54761,91269,135000000,135000000
2,450,135000000,135000100,54761,91269,135300000,135300000
2,451,135300000,135300100,54761,91269,135600000,135600000
2,452,135600000,135600100,54761,91269,135900000,135900000
2,453,135900000,135900100,54761,91269,136200000,136200000
2,454,136200000,136200100,54761,91269,136500000,136500000
2,455,136500000,136500100,54761,91269,136800000,136800000
2,456,136800000,136800100,54761,91269,137100000,137100000
2,457,137100000,137100100,54761,91269,137400000,137400000
2,458,137400000,137400100,54761,91269,137700000,137700000
2,459,137700000,137700100,54761,91269,138000000,138000000
2,460,138000000,138000100,54761,91269,138300000,138300000
2,461,138300000,138300100,54761,91269,138600000,138600000
2,462,138600000,138600100,54761,91269,138900000,138900000
2,463,138900000,138900100,54761,91269,139200000,139200000
2,464,139200000,139200100,54761,91269,139500000,139500000
2,465,139500000,139500100,54761,91269,139800000,139800000
2,466,139800000,139800100,54761,91269,140100000,140100000
2,467,140100000,140100100,54761,91269,140400000,140400000
2,468,140400000,140400100,54761,91269,140700000,140700000
2,469,140700000,140700100,54761,91269,141000000,141000000
2,470,141000000,141000100,54761,91269,141300000,141300000
2,471,141300000,141300100,54761,91269,141600000,141600000
2,472,141600000,141600100,54761,91269,141900000,141900000
2,473,141900000,141900100,54761,91269,142200000,142200000
2,474,142200000,142200100,54761,91269,142500000,142500000
2,475,142500000,142500100,54761,91269,142800000,142800000
2,476,142800000,142800100,54761,91269,143100000,143100000
2,477,143100000,143100100,54761,91269,143400000,143400000
2,478,143400000,143400100,54761,91269,143700000,143700000
2,479,143700000,143700100,54761,91269,144000000,144000000
2,480,144000000,144000100,54761,91269,144300000,144300000
2,481,144300000,144300100,54761,91269,144600000,144600000
2,482,144600000,144600100,54761,91269,144900000,144900000
2,483,144900000,144900100,54761,91269,145200000,145200000
2,484,145200000,145200100,54761,91269,145500000,145500000
2,485,145500000,145500100,54761,91269,145800000,145800000
2,486,145800000,145800100,54761,91269,146100000,146100000
2,487,146100000,146100100,54761,91269,146400000,146400000
2,488,146400000,146400100,54761,91269,146700000,146700000
2,489,146700000,146700100,54761,91269,147000000,147000000
2,490,147000000,147000100,54761,91269,147300000,147300000
2,491,147300000,147300100,54761,91269,147600000,147600000
2,492,147600000,147600100,54761,91269,147900000,147900000
2,493,147900000,147900100,54761,91269,148200000,148200000
2,494,148200000,148200100,54761,91269,148500000,148500000
2,495,148500000,148500100,54761,91269,148800000,148800000
2,496,148800000,148800100,54761,91269,149100000,149100000
2,497,149100000,149100100,54761,91269,149400000,149400000
2,498,149400000,149400100,54761,91269,149700000,149700000
2,499,149700000,149700100,54761,91269,150000000,150000000
2,500,150000000,150000100,54761,91269,150300000,150300000
2,501,150300000,150300100,54761,91269,150600000,150600000
2,502,150600000,150600100,54761,91269,150900000,150900000
2,503,150900000,150900100,54761,91269,151200000,151200000
2,504,151200000,151200100,54761,91269,151500000,151500000
2,505,151500000,151500100,54761,91269,151800000,151800000
2,506,151800000,151800100,54761,91269,152100000,152100000
2,507,152100000,152100100,54761,91269,152400000,152400000
2,508,152400000,152400100,54761,91269,152700000,152700000
2,509,152700000,152700100,54761,91269,153000000,153000000
2,510,153000000,153000100,54761,91269,153300000,153300000
2,511,153300000,153300100,54761,91269,153600000,153600000
2,512,153600000,153600100,54761,91269,153900000,153900000
2,513,153900000,153900100,54761,91269,154200000,154200000
2,514,154200000,154200100,54761,91269,154500000,154500000
2,515,154500000,154500100,54761,91269,154800000,154800000
2,516,154800000,154800100,54761,91269,155100000,155100000
2,517,155100000,155100100,54761,91269,155400000,155400000
2,518,155400000,155400100,54761,91269,155700000,155700000
2,519,155700000,155700100,54761,91269,156000000,156000000
2,520,156000000,156000100,54761,91269,156300000,156300000
2,521,156300000,156300100,54761,91269,156600000,156600000
2,522,156600000,156600100,54761,91269,156900000,156900000
2,523,156900000,156900100,54761,91269,157200000,157200000
2,524,157200000,157200100,54761,91269,157500000,157500000
2,525,157500000,157500100,54761,91269,157800000,157800000
2,526,157800000,157800100,54761,91269,158100000,158100000
2,527,158100000,158100100,54761,91269,158400000,158400000
2,528,158400000,158400100,54761,91269,158700000,158700000
2,529,158700000,158700100,54761,91269,159000000,159000000
2,530,159000000,159000100,54761,91269,159300000,159300000
2,531,159300000,159300100,54761,91269,159600000,159600000
2,532,159600000,159600100,54761,91269,159900000,159900000
2,533,159900000,159900100,54761,91269,160200000,160200000
2,534,160200000,160200100,54761,91269,160500000,160500000
2,535,160500000,160500100,54761,91269,160800000,160800000
2,536,160800000,160800100,54761,91269,161100000,161100000
2,537,161100000,161100100,54761,91269,161400000,161400000
2,538,161400000,161400100,54761,91269,161700000,161700000
2,539,161700000,161700100,54761,91269,162000000,162000000
2,540,162000000,162000100,54761,91269,162300000,162300000
2,541,162300000,162300100,54761,91269,162600000,162600000
2,542,162600000,162600100,54761,91269,162900000,162900000
2,543,162900000,162900100,54761,91269,163200000,163200000
2,544,163200000,163200100,54761,91269,163500000,163500000
2,545,163500000,163500100,54761,91269,163800000,163800000
2,546,163800000,163800100,54761,91269,164100000,164100000
2,547,164100000,164100100,54761,91269,164400000,164400000
2,548,164400000,164400100,54761,91269,164700000,164700000
2,549,164700000,164700100,54761,91269,165000000,165000000
2,550,165000000,165000100,54761,91269,165300000,165300000
2,551,165300000,165300100,54761,91269,165600000,165600000
2,552,165600000,165600100,54761,91269,165900000,165900000
2,553,165900000,165900100,54761,91269,166200000,166200000
2,554,166200000,166200100,54761,91269,166500000,166500000
2,555,166500000,166500100,54761,91269,166800000,166800000
2,556,166800000,166800100,54761,91269,167100000,167100000
2,557,167100000,167100100,54761,91269,167400000,167400000
2,558,167400000,167400100,54761,91269,167700000,167700000
2,559,167700000,167700100,54761,91269,168000000,168000000
2,560,168000000,168000100,54761,91269,168300000,168300000
2,561,168300000,168300100,54761,91269,168600000,168600000
2,562,168600000,168600100,54761,91269,168900000,168900000
2,563,168900000,168900100,54761,91269,169200000,169200000
2,564,169200000,169200100,54761,91269,169500000,169500000
2,565,169500000,169500100,54761,91269,169800000,169800000
2,566,169800000,169800100,54761,91269,170100000,170100000
2,567,170100000,170100100,54761,91269,170400000,170400000
2,568,170400000,170400100,54761,91269,170700000,170700000
2,569,170700000,170700100,54761,91269,171000000,171000000
2,570,171000000,171000100,54761,91269,171300000,171300000
2,571,171300000,171300100,54761,91269,171600000,171600000
2,572,171600000,171600100,54761,91269,171900000,171900000
2,573,171900000,171900100,54761,91269,172200000,172200000
2,574,172200000,172200100,54761,91269,172500000,172500000
2,575,172500000,172500100,54761,91269,172800000,172800000
2,576,172800000,172800100,54761,91269,173100000,173100000
2,577,173100000,173100100,54761,91269,173400000,173400000
2,578,173400000,173400100,54761,91269,173700000,173700000
2,579,173700000,173700100,54761,91269,174000000,174000000
2,580,174000000,174000100,54761,91269,174300000,174300000
2,581,174300000,174300100,54761,91269,174600000,174600000
2,582,174600000,174600100,54761,91269,174900000,174900000
2,583,174900000,174900100,54761,91269,175200000,175200000
2,584,175200000,175200100,54761,91269,175500000,175500000
2,585,175500000,175500100,54761,91269,175800000,175800000
2,586,175800000,175800100,54761,91269,176100000,176100000
2,587,176100000,176100100,54761,91269,176400000,176400000
2,588,176400000,176400100,54761,91269,176700000,176700000
2,589,176700000,176700100,54761,91269,177000000,177000000
2,590,177000000,177000100,54761,91269,177300000,177300000
2,591,177300000,177300100,54761,91269,177600000,177600000
2,592,177600000,177600100,54761,91269,177900000,177900000
2,593,177900000,177900100,54761,91269,178200000,178200000
2,594,178200000,178200100,54761,91269,178500000,178500000
3,0,0,100,80368,133947,350000,350000
3,1,350000,350100,80368,133947,700000,700000
3,2,700000,700100,80368,133947,1050000,1050000
3,3,1050000,1050100,80368,133947,1400000,1400000
3,4,1400000,1400100,80368,133947,1750000,1750000
3,5,1750000,1750100,80368,133947,2100000,2100000
3,6,2100000,2100100,80368,133947,2450000,2450000
3,7,2450000,2450100,80368,133947,2800000,2800000
3,8,2800000,2800100,80368,133947,3150000,3150000
3,9,3150000,3150100,80368,133947,3500000,3500000
3,10,3500000,3500100,80368,133947,3850000,3850000
3,11,3850000,3850100,80368,133947,4200000,4200000
3,12,4200000,4200100,80368,133947,4550000,4550000
3,13,4550000,4550100,80368,133947,4900000,4900000
3,14,4900000,4900100,80368,133947,5250000,5250000
3,15,5250000,5250100,80368,133947,5600000,5600000
3,16,5600000,5600100,80368,133947,5950000,5950000
3,17,5950000,5950100,80368,133947,6300000,6300000
3,18,6300000,6300100,80368,133947,6650000,6650000
3,19,6650000,6650100,80368,133947,7000000,7000000
3,20,7000000,7000100,80368,133947,7350000,7350000
3,21,7350000,7350100,80368,133947,7700000,7700000
3,22,7700000,7700100,80368,133947,8050000,8050000
3,23,8050000,8050100,80368,133947,8400000,8400000
3,24,8400000,8400100,80368,133947,8750000,8750000
3,25,8750000,8750100,80368,133947,9100000,9100000
3,26,9100000,9100100,80368,133947,9450000,9450000
3,27,9450000,9450100,80368,133947,9800000,9800000
3,28,9800000,9800100,80368,133947,10150000,10150000
3,29,10150000,10150100,80368,133947,10500000,10500000
3,30,10500000,10500100,80368,133947,10850000,10850000
3,31,10850000,10850100,80368,133947,11200000,11200000
3,32,11200000,11200100,80368,133947,11550000,11550000
3,33,11550000,11550100,80368,133947,11900000,11900000
3,34,11900000,11900100,80368,133947,12250000,12250000
3,35,12250000,12250100,80368,133947,12600000,12600000
3,36,12600000,12600100,80368,133947,12950000,12950000
3,37,12950000,12950100,80368,133947,13300000,13300000
3,38,13300000,13300100,80368,133947,13650000,13650000
3,39,13650000,13650100,80368,133947,14000000,14000000
3,40,14000000,14000100,80368,133947,14350000,14350000
3,41,14350000,14350100,80368,133947,14700000,14700000
3,42,14700000,14700100,80368,133947,15050000,15050000
3,43,15050000,15050100,80368,133947,15400000,15400000
3,44,15400000,15400100,80368,133947,15750000,15750000
3,45,15750000,15750100,80368,133947,16100000,16100000
3,46,16100000,16100100,80368,133947,16450000,16450000
3,47,16450000,16450100,80368,133947,16800000,16800000
3,48,16800000,16800100,80368,133947,17150000,17150000
3,49,17150000,17150100,80368,133947,17500000,17500000
3,50,17500000,17500100,80368,133947,17850000,17850000
3,51,17850000,17850100,80368,133947,18200000,18200000
3,52,18200000,18200100,80368,133947,18550000,18550000
3,53,18550000,18550100,80368,133947,18900000,18900000
3,54,18900000,18900100,80368,133947,19250000,19250000
3,55,19250000,19250100,80368,133947,19600000,19600000
3,56,19600000,19600100,80368,133947,19950000,19950000
3,57,19950000,19950100,80368,133947,20300000,20300000
3,58,20300000,20300100,80368,133947,20650000,20650000
3,59,20650000,20650100,80368,133947,21000000,21000000
3,60,21000000,21000100,80368,133947,21350000,21350000
3,61,21350000,21350100,80368,133947,21700000,21700000
3,62,21700000,21700100,80368,133947,22050000,22050000
3,63,22050000,22050100,80368,133947,22400000,22400000
3,64,22400000,22400100,80368,133947,22750000,22750000
3,65,22750000,22750100,80368,133947,23100000,23100000
3,66,23100000,23100100,80368,133947,23450000,23450000
3,67,23450000,23450100,80368,133947,23800000,23800000
3,68,23800000,23800100,80368,133947,24150000,24150000
3,69,24150000,24150100,80368,133947,24500000,24500000
3,70,24500000,24500100,80368,133947,24850000,24850000
3,71,24850000,24850100,80368,133947,25200000,25200000
3,72,25200000,25200100,80368,133947,25550000,25550000
3,73,25550000,25550100,80368,133947,25900000,25900000
3,74,25900000,25900100,80368,133947,26250000,26250000
3,75,26250000,26250100,80368,133947,26600000,26600000
3,76,26600000,26600100,80368,133947,26950000,26950000
3,77,26950000,26950100,80368,133947,27300000,27300000
3,78,27300000,27300100,80368,133947,27650000,27650000
3,79,27650000,27650100,80368,133947,28000000,28000000
3,80,28000000,28000100,80368,133947,28350000,28350000
3,81,28350000,28350100,80368,133947,28700000,28700000
3,82,28700000,28700100,80368,133947,29050000,29050000
3,83,29050000,29050100,80368,133947,29400000,29400000
3,84,29400000,29400100,80368,133947,29750000,29750000
3,85,29750000,29750100,80368,133947,30100000,30100000
3,86,30100000,30100100,80368,133947,30450000,30450000
3,87,30450000,30450100,80368,133947,30800000,30800000
3,88,30800000,30800100,80368,133947,31150000,31150000
3,89,31150000,31150100,80368,133947,31500000,31500000
3,90,31500000,31500100,80368,133947,31850000,31850000
3,91,31850000,31850100,80368,133947,32200000,32200000
3,92,32200000,32200100,80368,133947,32550000,32550000
3,93,32550000,32550100,80368,133947,32900000,32900000
3,94,32900000,32900100,80368,133947,33250000,33250000
3,95,33250000,33250100,80368,133947,33600000,33600000
3,96,33600000,33600100,80368,133947,33950000,33950000
3,97,33950000,33950100,80368,133947,34300000,34300000
3,98,34300000,34300100,80368,133947,34650000,34650000
3,99,34650000,34650100,80368,133947,35000000,35000000
3,100,35000000,35000100,80368,133947,35350000,35350000
3,101,35350000,35350100,80368,133947,35700000,35700000
3,102,35700000,35700100,80368,133947,36050000,36050000
3,103,36050000,36050100,80368,133947,36400000,36400000
3,104,36400000,36400100,80368,133947,36750000,36750000
3,105,36750000,36750100,80368,133947,37100000,37100000
3,106,37100000,37100100,80368,133947,37450000,37450000
3,107,37450000,37450100,80368,133947,37800000,37800000
3,108,37800000,37800100,80368,133947,38150000,38150000
3,109,38150000,38150100,80368,133947,38500000,38500000
3,110,38500000,38500100,80368,133947,38850000,38850000
3,111,38850000,38850100,80368,133947,39200000,39200000
3,112,39200000,39200100,80368,133947,39550000,39550000
3,113,39550000,39550100,80368,133947,39900000,39900000
3,114,39900000,39900100,80368,133947,40250000,40250000
3,115,40250000,40250100,80368,133947,40600000,40600000
3,116,40600000,40600100,80368,133947,40950000,40950000
3,117,40950000,40950100,80368,133947,41300000,41300000
3,118,41300000,41300100,80368,133947,41650000,41650000
3,119,41650000,41650100,80368,133947,42000000,42000000
3,120,42000000,42000100,80368,133947,42350000,42350000
3,121,42350000,42350100,80368,133947,42700000,42700000
3,122,42700000,42700100,80368,133947,43050000,43050000
3,123,43050000,43050100,80368,133947,43400000,43400000
3,124,43400000,43400100,80368,133947,43750000,43750000
3,125,43750000,43750100,80368,133947,44100000,44100000
3,126,44100000,44100100,80368,133947,44450000,44450000
3,127,44450000,44450100,80368,133947,44800000,44800000
3,128,44800000,44800100,80368,133947,45150000,45150000
3,129,45150000,45150100,80368,133947,45500000,45500000
3,130,45500000,45500100,80368,133947,45850000,45850000
3,131,45850000,45850100,80368,133947,46200000,46200000
3,132,46200000,46200100,80368,133947,46550000,46550000
3,133,46550000,46550100,80368,133947,46900000,46900000
3,134,46900000,46900100,80368,133947,47250000,47250000
3,135,47250000,47250100,80368,133947,47600000,47600000
3,136,47600000,47600100,80368,133947,47950000,47950000
3,137,47950000,47950100,80368,133947,48300000,48300000
3,138,48300000,48300100,80368,133947,48650000,48650000
3,139,48650000,48650100,80368,133947,49000000,49000000
3,140,49000000,49000100,80368,133947,49350000,49350000
3,141,49350000,49350100,80368,133947,49700000,49700000
3,142,49700000,49700100,80368,133947,50050000,50050000
3,143,50050000,50050100,80368,133947,50400000,50400000
3,144,50400000,50400100,80368,133947,50750000,50750000
3,145,50750000,50750100,80368,133947,51100000,51100000
3,146,51100000,51100100,80368,133947,51450000,51450000
3,147,51450000,51450100,80368,133947,51800000,51800000
3,148,51800000,51800100,80368,133947,52150000,52150000
3,149,52150000,52150100,80368,133947,52500000,52500000
3,150,52500000,52500100,80368,133947,52850000,52850000
3,151,52850000,52850100,80368,133947,53200000,53200000
3,152,53200000,53200100,80368,133947,53550000,53550000
3,153,53550000,53550100,80368,133947,53900000,53900000
3,154,53900000,53900100,80368,133947,54250000,54250000
3,155,54250000,54250100,80368,133947,54600000,54600000
3,156,54600000,54600100,80368,133947,54950000,54950000
3,157,54950000,54950100,80368,133947,55300000,55300000
3,158,55300000,55300100,80368,133947,55650000,55650000
3,159,55650000,55650100,80368,133947,56000000,56000000
3,160,56000000,56000100,80368,133947,56350000,56350000
3,161,56350000,56350100,80368,133947,56700000,56700000
3,162,56700000,56700100,80368,133947,57050000,57050000
3,163,57050000,57050100,80368,133947,57400000,57400000
3,164,57400000,57400100,80368,133947,57750000,57750000
3,165,57750000,57750100,80368,133947,58100000,58100000
3,166,58100000,58100100,80368,133947,58450000,58450000
3,167,58450000,58450100,80368,133947,58800000,58800000
3,168,58800000,58800100,80368,133947,59150000,59150000
3,169,59150000,59150100,80368,133947,59500000,59500000
3,170,59500000,59500100,80368,133947,59850000,59850000
3,171,59850000,59850100,80368,133947,60200000,60200000
3,172,60200000,60200100,80368,133947,60550000,60550000
3,173,60550000,60550100,80368,133947,60900000,60900000
3,174,60900000,60900100,80368,133947,61250000,61250000
3,175,61250000,61250100,80368,133947,61600000,61600000
3,176,61600000,61600100,80368,133947,61950000,61950000
3,177,61950000,61950100,80368,133947,62300000,62300000
3,178,62300000,62300100,80368,133947,62650000,62650000
3,179,62650000,62650100,80368,133947,63000000,63000000
3,180,63000000,63000100,80368,133947,63350000,63350000
3,181,63350000,63350100,80368,133947,63700000,63700000
3,182,63700000,63700100,80368,133947,64050000,64050000
3,183,64050000,64050100,80368,133947,64400000,64400000
3,184,64400000,64400100,80368,133947,64750000,64750000
3,185,64750000,64750100,80368,133947,65100000,65100000
3,186,65100000,65100100,80368,133947,65450000,65450000
3,187,65450000,65450100,80368,133947,65800000,65800000
3,188,65800000,65800100,80368,133947,66150000,66150000
3,189,66150000,66150100,80368,133947,66500000,66500000
3,190,66500000,66500100,80368,133947,66850000,66850000
3,191,66850000,66850100,80368,133947,67200000,67200000
3,192,67200000,67200100,80368,133947,67550000,67550000
3,193,67550000,67550100,80368,133947,67900000,67900000
3,194,67900000,67900100,80368,133947,68250000,68250000
3,195,68250000,68250100,80368,133947,68600000,68600000
3,196,68600000,68600100,80368,133947,68950000,68950000
3,197,68950000,68950100,80368,133947,69300000,69300000
3,198,69300000,69300100,80368,133947,69650000,69650000
3,199,69650000,69650100,80368,133947,70000000,70000000
3,200,70000000,70000100,80368,133947,70350000,70350000
3,201,70350000,70350100,80368,133947,70700000,70700000
3,202,70700000,70700100,80368,133947,71050000,71050000
3,203,71050000,71050100,80368,133947,71400000,71400000
3,204,71400000,71400100,80368,133947,71750000,71750000
3,205,71750000,71750100,80368,133947,72100000,72100000
3,206,72100000,72100100,80368,133947,72450000,72450000
3,207,72450000,72450100,80368,133947,72800000,72800000
3,208,72800000,72800100,80368,133947,73150000,73150000
3,209,73150000,73150100,80368,133947,73500000,73500000
3,210,73500000,73500100,80368,133947,73850000,73850000
3,211,73850000,73850100,80368,133947,74200000,74200000
3,212,74200000,74200100,80368,133947,74550000,74550000
3,213,74550000,74550100,80368,133947,74900000,74900000
3,214,74900000,74900100,80368,133947,75250000,75250000
3,215,75250000,75250100,80368,133947,75600000,75600000
3,216,75600000,75600100,80368,133947,75950000,75950000
3,217,75950000,75950100,80368,133947,76300000,76300000
3,218,76300000,76300100,80368,133947,76650000,76650000
3,219,76650000,76650100,80368,133947,77000000,77000000
3,220,77000000,77000100,80368,133947,77350000,77350000
3,221,77350000,77350100,80368,133947,77700000,77700000
3,222,77700000,77700100,80368,133947,78050000,78050000
3,223,78050000,78050100,80368,133947,78400000,78400000
3,224,78400000,78400100,80368,133947,78750000,78750000
3,225,78750000,78750100,80368,133947,79100000,79100000
3,226,79100000,79100100,80368,133947,79450000,79450000
3,227,79450000,79450100,80368,133947,79800000,79800000
3,228,79800000,79800100,80368,133947,80150000,80150000
3,229,80150000,80150100,80368,133947,80500000,80500000
3,230,80500000,80500100,80368,133947,80850000,80850000
3,231,80850000,80850100,80368,133947,81200000,81200000
3,232,81200000,81200100,80368,133947,81550000,81550000
3,233,81550000,81550100,80368,133947,81900000,81900000
3,234,81900000,81900100,80368,133947,82250000,82250000
3,235,82250000,82250100,80368,133947,82600000,82600000
3,236,82600000,82600100,80368,133947,82950000,82950000
3,237,82950000,82950100,80368,133947,83300000,83300000
3,238,83300000,83300100,80368,133947,83650000,83650000
3,239,83650000,83650100,80368,133947,84000000,84000000
3,240,84000000,84000100,80368,133947,84350000,84350000
3,241,84350000,84350100,80368,133947,84700000,84700000
3,242,84700000,84700100,80368,133947,85050000,85050000
3,243,85050000,85050100,80368,133947,85400000,85400000
3,244,85400000,85400100,80368,133947,85750000,85750000
3,245,85750000,85750100,80368,133947,86100000,86100000
3,246,86100000,86100100,80368,133947,86450000,86450000
3,247,86450000,86450100,80368,133947,86800000,86800000
3,248,86800000,86800100,80368,133947,87150000,87150000
3,249,87150000,87150100,80368,133947,87500000,87500000
3,250,87500000,87500100,80368,133947,87850000,87850000
3,251,87850000,87850100,80368,133947,88200000,88200000
3,252,88200000,88200100,80368,133947,88550000,88550000
3,253,88550000,88550100,80368,133947,88900000,88900000
3,254,88900000,88900100,80368,133947,89250000,89250000
3,255,89250000,89250100,80368,133947,89600000,89600000
3,256,89600000,89600100,80368,133947,89950000,89950000
3,257,89950000,89950100,80368,133947,90300000,90300000
3,258,90300000,90300100,80368,133947,90650000,90650000
3,259,90650000,90650100,80368,133947,91000000,91000000
3,260,91000000,91000100,80368,133947,91350000,91350000
3,261,91350000,91350100,80368,133947,91700000,91700000
3,262,91700000,91700100,80368,133947,92050000,92050000
3,263,92050000,92050100,80368,133947,92400000,92400000
3,264,92400000,92400100,80368,133947,92750000,92750000
3,265,92750000,92750100,80368,133947,93100000,93100000
3,266,93100000,93100100,80368,133947,93450000,93450000
3,267,93450000,93450100,80368,133947,93800000,93800000
3,268,93800000,93800100,80368,133947,94150000,94150000
3,269,94150000,94150100,80368,133947,94500000,94500000
3,270,94500000,94500100,80368,133947,94850000,94850000
3,271,94850000,94850100,80368,133947,95200000,95200000
3,272,95200000,95200100,80368,133947,95550000,95550000
3,273,95550000,95550100,80368,133947,95900000,95900000
3,274,95900000,95900100,80368,133947,96250000,96250000
3,275,96250000,96250100,80368,133947,96600000,96600000
3,276,96600000,96600100,80368,133947,96950000,96950000
3,277,96950000,96950100,80368,133947,97300000,97300000
3,278,97300000,97300100,80368,133947,97650000,97650000
3,279,97650000,97650100,80368,133947,98000000,98000000
3,280,98000000,98000100,80368,133947,98350000,98350000
3,281,98350000,98350100,80368,133947,98700000,98700000
3,282,98700000,98700100,80368,133947,99050000,99050000
3,283,99050000,99050100,80368,133947,99400000,99400000
3,284,99400000,99400100,80368,133947,99750000,99750000
3,285,99750000,99750100,80368,133947,100100000,100100000
3,286,100100000,100100100,80368,133947,100450000,100450000
3,287,100450000,100450100,80368,133947,100800000,100800000
3,288,100800000,100800100,80368,133947,101150000,101150000
3,289,101150000,101150100,80368,133947,101500000,101500000
3,290,101500000,101500100,80368,133947,101850000,101850000
3,291,101850000,101850100,80368,133947,102200000,102200000
3,292,102200000,102200100,80368,133947,102550000,102550000
3,293,102550000,102550100,80368,133947,102900000,102900000
3,294,102900000,102900100,80368,133947,103250000,103250000
3,295,103250000,103250100,80368,133947,103600000,103600000
3,296,103600000,103600100,80368,133947,103950000,103950000
3,297,103950000,103950100,80368,133947,104300000,104300000
3,298,104300000,104300100,80368,133947,104650000,104650000
3,299,104650000,104650100,80368,133947,105000000,105000000
3,300,105000000,105000100,80368,133947,105350000,105350000
3,301,105350000,105350100,80368,133947,105700000,105700000
3,302,105700000,105700100,80368,133947,106050000,106050000
3,303,106050000,106050100,80368,133947,106400000,106400000
3,304,106400000,106400100,80368,133947,106750000,106750000
3,305,106750000,106750100,80368,133947,107100000,107100000
3,306,107100000,107100100,80368,133947,107450000,107450000
3,307,107450000,107450100,80368,133947,107800000,107800000
3,308,107800000,107800100,80368,133947,108150000,108150000
3,309,108150000,108150100,80368,133947,108500000,108500000
3,310,108500000,108500100,80368,133947,108850000,108850000
3,311,108850000,108850100,80368,133947,109200000,109200000
3,312,109200000,109200100,80368,133947,109550000,109550000
3,313,109550000,109550100,80368,133947,109900000,109900000
3,314,109900000,109900100,80368,133947,110250000,110250000
3,315,110250000,110250100,80368,133947,110600000,110600000
3,316,110600000,110600100,80368,133947,110950000,110950000
3,317,110950000,110950100,80368,133947,111300000,111300000
3,318,111300000,111300100,80368,133947,111650000,111650000
3,319,111650000,111650100,80368,133947,112000000,112000000
3,320,112000000,112000100,80368,133947,112350000,112350000
3,321,112350000,112350100,80368,133947,112700000,112700000
3,322,112700000,112700100,80368,133947,113050000,113050000
3,323,113050000,113050100,80368,133947,113400000,113400000
3,324,113400000,113400100,80368,133947,113750000,113750000
3,325,113750000,113750100,80368,133947,114100000,114100000
3,326,114100000,114100100,80368,133947,114450000,114450000
3,327,114450000,114450100,80368,133947,114800000,114800000
3,328,114800000,114800100,80368,133947,115150000,115150000
3,329,115150000,115150100,80368,133947,115500000,115500000
3,330,115500000,115500100,80368,133947,115850000,115850000
3,331,115850000,115850100,80368,133947,116200000,116200000
3,332,116200000,116200100,80368,133947,116550000,116550000
3,333,116550000,116550100,80368,133947,116900000,116900000
3,334,116900000,116900100,80368,133947,117250000,117250000
3,335,117250000,117250100,80368,133947,117600000,117600000
3,336,117600000,117600100,80368,133947,117950000,117950000
3,337,117950000,117950100,80368,133947,118300000,118300000
3,338,118300000,118300100,80368,133947,118650000,118650000
3,339,118650000,118650100,80368,133947,119000000,119000000
3,340,119000000,119000100,80368,133947,119350000,119350000
3,341,119350000,119350100,80368,133947,119700000,119700000
3,342,119700000,119700100,80368,133947,120050000,120050000
3,343,120050000,120050100,80368,133947,120400000,120400000
3,344,120400000,120400100,80368,133947,120750000,120750000
3,345,120750000,120750100,80368,133947,121100000,121100000
3,346,121100000,121100100,80368,133947,121450000,121450000
3,347,121450000,121450100,80368,133947,121800000,121800000
3,348,121800000,121800100,80368,133947,122150000,122150000
3,349,122150000,122150100,80368,133947,122500000,122500000
3,350,122500000,122500100,80368,133947,122850000,122850000
3,351,122850000,122850100,80368,133947,123200000,123200000
3,352,123200000,123200100,80368,133947,123550000,123550000
3,353,123550000,123550100,80368,133947,123900000,123900000
3,354,123900000,123900100,80368,133947,124250000,124250000
3,355,124250000,124250100,80368,133947,124600000,124600000
3,356,124600000,124600100,80368,133947,124950000,124950000
3,357,124950000,124950100,80368,133947,125300000,125300000
3,358,125300000,125300100,80368,133947,125650000,125650000
3,359,125650000,125650100,80368,133947,126000000,126000000
3,360,126000000,126000100,80368,133947,126350000,126350000
3,361,126350000,126350100,80368,133947,126700000,126700000
3,362,126700000,126700100,80368,133947,127050000,127050000
3,363,127050000,127050100,80368,133947,127400000,127400000
3,364,127400000,127400100,80368,133947,127750000,127750000
3,365,127750000,127750100,80368,133947,128100000,128100000
3,366,128100000,128100100,80368,133947,128450000,128450000
3,367,128450000,128450100,80368,133947,128800000,128800000
3,368,128800000,128800100,80368,133947,129150000,129150000
3,369,129150000,129150100,80368,133947,129500000,129500000
3,370,129500000,129500100,80368,133947,129850000,129850000
3,371,129850000,129850100,80368,133947,130200000,130200000
3,372,130200000,130200100,80368,133947,130550000,130550000
3,373,130550000,130550100,80368,133947,130900000,130900000
3,374,130900000,130900100,80368,133947,131250000,131250000
3,375,131250000,131250100,80368,133947,131600000,131600000
3,376,131600000,131600100,80368,133947,131950000,131950000
3,377,131950000,131950100,80368,133947,132300000,132300000
3,378,132300000,132300100,80368,133947,132650000,132650000
3,379,132650000,132650100,80368,133947,133000000,133000000
3,380,133000000,133000100,80368,133947,133350000,133350000
3,381,133350000,133350100,80368,133947,133700000,133700000
3,382,133700000,133700100,80368,133947,134050000,134050000
3,383,134050000,134050100,80368,133947,134400000,134400000
3,384,134400000,134400100,80368,133947,134750000,134750000
3,385,134750000,134750100,80368,133947,135100000,135100000
3,386,135100000,135100100,80368,133947,135450000,135450000
3,387,135450000,135450100,80368,133947,135800000,135800000
3,388,135800000,135800100,80368,133947,136150000,136150000
3,389,136150000,136150100,80368,133947,136500000,136500000
3,390,136500000,136500100,80368,133947,136850000,136850000
3,391,136850000,136850100,80368,133947,137200000,137200000
3,392,137200000,137200100,80368,133947,137550000,137550000
3,393,137550000,137550100,80368,133947,137900000,137900000
3,394,137900000,137900100,80368,133947,138250000,138250000
3,395,138250000,138250100,80368,133947,138600000,138600000
3,396,138600000,138600100,80368,133947,138950000,138950000
3,397,138950000,138950100,80368,133947,139300000,139300000
3,398,139300000,139300100,80368,133947,139650000,139650000
3,399,139650000,139650100,80368,133947,140000000,140000000
3,400,140000000,140000100,80368,133947,140350000,140350000
3,401,140350000,140350100,80368,133947,140700000,140700000
3,402,140700000,140700100,80368,133947,141050000,141050000
3,403,141050000,141050100,80368,133947,141400000,141400000
3,404,141400000,141400100,80368,133947,141750000,141750000
3,405,141750000,141750100,80368,133947,142100000,142100000
3,406,142100000,142100100,80368,133947,142450000,142450000
3,407,142450000,142450100,80368,133947,142800000,142800000
3,408,142800000,142800100,80368,133947,143150000,143150000
3,409,143150000,143150100,80368,133947,143500000,143500000
3,410,143500000,143500100,80368,133947,143850000,143850000
3,411,143850000,143850100,80368,133947,144200000,144200000
3,412,144200000,144200100,80368,133947,144550000,144550000
3,413,144550000,144550100,80368,133947,144900000,144900000
3,414,144900000,144900100,80368,133947,145250000,145250000
3,415,145250000,145250100,80368,133947,145600000,145600000
3,416,145600000,145600100,80368,133947,145950000,145950000
3,417,145950000,145950100,80368,133947,146300000,146300000
3,418,146300000,146300100,80368,133947,146650000,146650000
3,419,146650000,146650100,80368,133947,147000000,147000000
3,420,147000000,147000100,80368,133947,147350000,147350000
3,421,147350000,147350100,80368,133947,147700000,147700000
3,422,147700000,147700100,80368,133947,148050000,148050000
3,423,148050000,148050100,80368,133947,148400000,148400000
3,424,148400000,148400100,80368,133947,148750000,148750000
3,425,148750000,148750100,80368,133947,149100000,149100000
3,426,149100000,149100100,80368,133947,149450000,149450000
3,427,149450000,149450100,80368,133947,149800000,149800000
3,428,149800000,149800100,80368,133947,150150000,150150000
3,429,150150000,150150100,80368,133947,150500000,150500000
3,430,150500000,150500100,80368,133947,150850000,150850000
3,431,150850000,150850100,80368,133947,151200000,151200000
3,432,151200000,151200100,80368,133947,151550000,151550000
3,433,151550000,151550100,80368,133947,151900000,151900000
3,434,151900000,151900100,80368,133947,152250000,152250000
3,435,152250000,152250100,80368,133947,152600000,152600000
3,436,152600000,152600100,80368,133947,152950000,152950000
3,437,152950000,152950100,80368,133947,153300000,153300000
3,438,153300000,153300100,80368,133947,153650000,153650000
3,439,153650000,153650100,80368,133947,154000000,154000000
3,440,154000000,154000100,80368,133947,154350000,154350000
3,441,154350000,154350100,80368,133947,154700000,154700000
3,442,154700000,154700100,80368,133947,155050000,155050000
3,443,155050000,155050100,80368,133947,155400000,155400000
3,444,155400000,155400100,80368,133947,155750000,155750000
3,445,155750000,155750100,80368,133947,156100000,156100000
3,446,156100000,156100100,80368,133947,156450000,156450000
3,447,156450000,156450100,80368,133947,156800000,156800000
3,448,156800000,156800100,80368,133947,157150000,157150000
3,449,157150000,157150100,80368,133947,157500000,157500000
3,450,157500000,157500100,80368,133947,157850000,157850000
3,451,157850000,157850100,80368,133947,158200000,158200000
3,452,158200000,158200100,80368,133947,158550000,158550000
3,453,158550000,158550100,80368,133947,158900000,158900000
3,454,158900000,158900100,80368,133947,159250000,159250000
3,455,159250000,159250100,80368,133947,159600000,159600000
3,456,159600000,159600100,80368,133947,159950000,159950000
3,457,159950000,159950100,80368,133947,160300000,160300000
3,458,160300000,160300100,80368,133947,160650000,160650000
3,459,160650000,160650100,80368,133947,161000000,161000000
3,460,161000000,161000100,80368,133947,161350000,161350000
3,461,161350000,161350100,80368,133947,161700000,161700000
3,462,161700000,161700100,80368,133947,162050000,162050000
3,463,162050000,162050100,80368,133947,162400000,162400000
3,464,162400000,162400100,80368,133947,162750000,162750000
3,465,162750000,162750100,80368,133947,163100000,163100000
3,466,163100000,163100100,80368,133947,163450000,163450000
3,467,163450000,163450100,80368,133947,163800000,163800000
3,468,163800000,163800100,80368,133947,164150000,164150000
3,469,164150000,164150100,80368,133947,164500000,164500000
3,470,164500000,164500100,80368,133947,164850000,164850000
3,471,164850000,164850100,80368,133947,165200000,165200000
3,472,165200000,165200100,80368,133947,165550000,165550000
3,473,165550000,165550100,80368,133947,165900000,165900000
3,474,165900000,165900100,80368,133947,166250000,166250000
3,475,166250000,166250100,80368,133947,166600000,166600000
3,476,166600000,166600100,80368,133947,166950000,166950000
3,477,166950000,166950100,80368,133947,167300000,167300000
3,478,167300000,167300100,80368,133947,167650000,167650000
3,479,167650000,167650100,80368,133947,168000000,168000000
3,480,168000000,168000100,80368,133947,168350000,168350000
3,481,168350000,168350100,80368,133947,168700000,168700000
3,482,168700000,168700100,80368,133947,169050000,169050000
3,483,169050000,169050100,80368,133947,169400000,169400000
3,484,169400000,169400100,80368,133947,169750000,169750000
3,485,169750000,169750100,80368,133947,170100000,170100000
3,486,170100000,170100100,80368,133947,170450000,170450000
3,487,170450000,170450100,80368,133947,170800000,170800000
3,488,170800000,170800100,80368,133947,171150000,171150000
3,489,171150000,171150100,80368,133947,171500000,171500000
3,490,171500000,171500100,80368,133947,171850000,171850000
3,491,171850000,171850100,80368,133947,172200000,172200000
3,492,172200000,172200100,80368,133947,172550000,172550000
3,493,172550000,172550100,80368,133947,172900000,172900000
3,494,172900000,172900100,80368,133947,173250000,173250000
3,495,173250000,173250100,80368,133947,173600000,173600000
3,496,173600000,173600100,80368,133947,173950000,173950000
3,497,173950000,173950100,80368,133947,174300000,174300000
3,498,174300000,174300100,80368,133947,174650000,174650000
3,499,174650000,174650100,80368,133947,175000000,175000000
3,500,175000000,175000100,80368,133947,175350000,175350000
3,501,175350000,175350100,80368,133947,175700000,175700000
3,502,175700000,175700100,80368,133947,176050000,176050000
3,503,176050000,176050100,80368,133947,176400000,176400000
3,504,176400000,176400100,80368,133947,176750000,176750000
3,505,176750000,176750100,80368,133947,177100000,177100000
3,506,177100000,177100100,80368,133947,177450000,177450000
3,507,177450000,177450100,80368,133947,177800000,177800000
3,508,177800000,177800100,80368,133947,178150000,178150000
3,509,178150000,178150100,80368,133947,178500000,178500000
4,0,0,100,114780,191301,500000,500000
4,1,500000,500100,114780,191301,1000000,1000000
4,2,1000000,1000100,114780,191301,1500000,1500000
4,3,1500000,1500100,114780,191301,2000000,2000000
4,4,2000000,2000100,114780,191301,2500000,2500000
4,5,2500000,2500100,114780,191301,3000000,3000000
4,6,3000000,3000100,114780,191301,3500000,3500000
4,7,3500000,3500100,114780,191301,4000000,4000000
4,8,4000000,4000100,114780,191301,4500000,4500000
4,9,4500000,4500100,114780,191301,5000000,5000000
4,10,5000000,5000100,114780,191301,5500000,5500000
4,11,5500000,5500100,114780,191301,6000000,6000000
4,12,6000000,6000100,114780,191301,6500000,6500000
4,13,6500000,6500100,114780,191301,7000000,7000000
4,14,7000000,7000100,114780,191301,7500000,7500000
4,15,7500000,7500100,114780,191301,8000000,8000000
4,16,8000000,8000100,114780,191301,8500000,8500000
4,17,8500000,8500100,114780,191301,9000000,9000000
4,18,9000000,9000100,114780,191301,9500000,9500000
4,19,9500000,9500100,114780,191301,10000000,10000000
4,20,10000000,10000100,114780,191301,10500000,10500000
4,21,10500000,10500100,114780,191301,11000000,11000000
4,22,11000000,11000100,114780,191301,11500000,11500000
4,23,11500000,11500100,114780,191301,12000000,12000000
4,24,12000000,12000100,114780,191301,12500000,12500000
4,25,12500000,12500100,114780,191301,13000000,13000000
4,26,13000000,13000100,114780,191301,13500000,13500000
4,27,13500000,13500100,114780,191301,14000000,14000000
4,28,14000000,14000100,114780,191301,14500000,14500000
4,29,14500000,14500100,114780,191301,15000000,15000000
4,30,15000000,15000100,114780,191301,15500000,15500000
4,31,15500000,15500100,114780,191301,16000000,16000000
4,32,16000000,16000100,114780,191301,16500000,16500000
4,33,16500000,16500100,114780,191301,17000000,17000000
4,34,17000000,17000100,114780,191301,17500000,17500000
4,35,17500000,17500100,114780,191301,18000000,18000000
4,36,18000000,18000100,114780,191301,18500000,18500000
4,37,18500000,18500100,114780,191301,19000000,19000000
4,38,19000000,19000100,114780,191301,19500000,19500000
4,39,19500000,19500100,114780,191301,20000000,20000000
4,40,20000000,20000100,114780,191301,20500000,20500000
4,41,20500000,20500100,114780,191301,21000000,21000000
4,42,21000000,21000100,114780,191301,21500000,21500000
4,43,21500000,21500100,114780,191301,22000000,22000000
4,44,22000000,22000100,114780,191301,22500000,22500000
4,45,22500000,22500100,114780,191301,23000000,23000000
4,46,23000000,23000100,114780,191301,23500000,23500000
4,47,23500000,23500100,114780,191301,24000000,24000000
4,48,24000000,24000100,114780,191301,24500000,24500000
4,49,24500000,24500100,114780,191301,25000000,25000000
4,50,25000000,25000100,114780,191301,25500000,25500000
4,51,25500000,25500100,114780,191301,26000000,26000000
4,52,26000000,26000100,114780,191301,26500000,26500000
4,53,26500000,26500100,114780,191301,27000000,27000000
4,54,27000000,27000100,114780,191301,27500000,27500000
4,55,27500000,27500100,114780,191301,28000000,28000000
4,56,28000000,28000100,114780,191301,28500000,28500000
4,57,28500000,28500100,114780,191301,29000000,29000000
4,58,29000000,29000100,114780,191301,29500000,29500000
4,59,29500000,29500100,114780,191301,30000000,30000000
4,60,30000000,30000100,114780,191301,30500000,30500000
4,61,30500000,30500100,114780,191301,31000000,31000000
4,62,31000000,31000100,114780,191301,31500000,31500000
4,63,31500000,31500100,114780,191301,32000000,32000000
4,64,32000000,32000100,114780,191301,32500000,32500000
4,65,32500000,32500100,114780,191301,33000000,33000000
4,66,33000000,33000100,114780,191301,33500000,33500000
4,67,33500000,33500100,114780,191301,34000000,34000000
4,68,34000000,34000100,114780,191301,34500000,34500000
4,69,34500000,34500100,114780,191301,35000000,35000000
4,70,35000000,35000100,114780,191301,35500000,35500000
4,71,35500000,35500100,114780,191301,36000000,36000000
4,72,36000000,36000100,114780,191301,36500000,36500000
4,73,36500000,36500100,114780,191301,37000000,37000000
4,74,37000000,37000100,114780,191301,37500000,37500000
4,75,37500000,37500100,114780,191301,38000000,38000000
4,76,38000000,38000100,114780,191301,38500000,38500000
4,77,38500000,38500100,114780,191301,39000000,39000000
4,78,39000000,39000100,114780,191301,39500000,39500000
4,79,39500000,39500100,114780,191301,40000000,40000000
4,80,40000000,40000100,114780,191301,40500000,40500000
4,81,40500000,40500100,114780,191301,41000000,41000000
4,82,41000000,41000100,114780,191301,41500000,41500000
4,83,41500000,41500100,114780,191301,42000000,42000000
4,84,42000000,42000100,114780,191301,42500000,42500000
4,85,42500000,42500100,114780,191301,43000000,43000000
4,86,43000000,43000100,114780,191301,43500000,43500000
4,87,43500000,43500100,114780,191301,44000000,44000000
4,88,44000000,44000100,114780,191301,44500000,44500000
4,89,44500000,44500100,114780,191301,45000000,45000000
4,90,45000000,45000100,114780,191301,45500000,45500000
4,91,45500000,45500100,114780,191301,46000000,46000000
4,92,46000000,46000100,114780,191301,46500000,46500000
4,93,46500000,46500100,114780,191301,47000000,47000000
4,94,47000000,47000100,114780,191301,47500000,47500000
4,95,47500000,47500100,114780,191301,48000000,48000000
4,96,48000000,48000100,114780,191301,48500000,48500000
4,97,48500000,48500100,114780,191301,49000000,49000000
4,98,49000000,49000100,114780,191301,49500000,49500000
4,99,49500000,49500100,114780,191301,50000000,50000000
4,100,50000000,50000100,114780,191301,50500000,50500000
4,101,50500000,50500100,114780,191301,51000000,51000000
4,102,51000000,51000100,114780,191301,51500000,51500000
4,103,51500000,51500100,114780,191301,52000000,52000000
4,104,52000000,52000100,114780,191301,52500000,52500000
4,105,52500000,52500100,114780,191301,53000000,53000000
4,106,53000000,53000100,114780,191301,53500000,53500000
4,107,53500000,53500100,114780,191301,54000000,54000000
4,108,54000000,54000100,114780,191301,54500000,54500000
4,109,54500000,54500100,114780,191301,55000000,55000000
4,110,55000000,55000100,114780,191301,55500000,55500000
4,111,55500000,55500100,114780,191301,56000000,56000000
4,112,56000000,56000100,114780,191301,56500000,56500000
4,113,56500000,56500100,114780,191301,57000000,57000000
4,114,57000000,57000100,114780,191301,57500000,57500000
4,115,57500000,57500100,114780,191301,58000000,58000000
4,116,58000000,58000100,114780,191301,58500000,58500000
4,117,58500000,58500100,114780,191301,59000000,59000000
4,118,59000000,59000100,114780,191301,59500000,59500000
4,119,59500000,59500100,114780,191301,60000000,60000000
4,120,60000000,60000100,114780,191301,60500000,60500000
4,121,60500000,60500100,114780,191301,61000000,61000000
4,122,61000000,61000100,114780,191301,61500000,61500000
4,123,61500000,61500100,114780,191301,62000000,62000000
4,124,62000000,62000100,114780,191301,62500000,62500000
4,125,62500000,62500100,114780,191301,63000000,63000000
4,126,63000000,63000100,114780,191301,63500000,63500000
4,127,63500000,63500100,114780,191301,64000000,64000000
4,128,64000000,64000100,114780,191301,64500000,64500000
4,129,64500000,64500100,114780,191301,65000000,65000000
4,130,65000000,65000100,114780,191301,65500000,65500000
4,131,65500000,65500100,114780,191301,66000000,66000000
4,132,66000000,66000100,114780,191301,66500000,66500000
4,133,66500000,66500100,114780,191301,67000000,67000000
4,134,67000000,67000100,114780,191301,67500000,67500000
4,135,67500000,67500100,114780,191301,68000000,68000000
4,136,68000000,68000100,114780,191301,68500000,68500000
4,137,68500000,68500100,114780,191301,69000000,69000000
4,138,69000000,69000100,114780,191301,69500000,69500000
4,139,69500000,69500100,114780,191301,70000000,70000000
4,140,70000000,70000100,114780,191301,70500000,70500000
4,141,70500000,70500100,114780,191301,71000000,71000000
4,142,71000000,71000100,114780,191301,71500000,71500000
4,143,71500000,71500100,114780,191301,72000000,72000000
4,144,72000000,72000100,114780,191301,72500000,72500000
4,145,72500000,72500100,114780,191301,73000000,73000000
4,146,73000000,73000100,114780,191301,73500000,73500000
4,147,73500000,73500100,114780,191301,74000000,74000000
4,148,74000000,74000100,114780,191301,74500000,74500000
4,149,74500000,74500100,114780,191301,75000000,75000000
4,150,75000000,75000100,114780,191301,75500000,75500000
4,151,75500000,75500100,114780,191301,76000000,76000000
4,152,76000000,76000100,114780,191301,76500000,76500000
4,153,76500000,76500100,114780,191301,77000000,77000000
4,154,77000000,77000100,114780,191301,77500000,77500000
4,155,77500000,77500100,114780,191301,78000000,78000000
4,156,78000000,78000100,114780,191301,78500000,78500000
4,157,78500000,78500100,114780,191301,79000000,79000000
4,158,79000000,79000100,114780,191301,79500000,79500000
4,159,79500000,79500100,114780,191301,80000000,80000000
4,160,80000000,80000100,114780,191301,80500000,80500000
4,161,80500000,80500100,114780,191301,81000000,81000000
4,162,81000000,81000100,114780,191301,81500000,81500000
4,163,81500000,81500100,114780,191301,82000000,82000000
4,164,82000000,82000100,114780,191301,82500000,82500000
4,165,82500000,82500100,114780,191301,83000000,83000000
4,166,83000000,83000100,114780,191301,83500000,83500000
4,167,83500000,83500100,114780,191301,84000000,84000000
4,168,84000000,84000100,114780,191301,84500000,84500000
4,169,84500000,84500100,114780,191301,85000000,85000000
4,170,85000000,85000100,114780,191301,85500000,85500000
4,171,85500000,85500100,114780,191301,86000000,86000000
4,172,86000000,86000100,114780,191301,86500000,86500000
4,173,86500000,86500100,114780,191301,87000000,87000000
4,174,87000000,87000100,114780,191301,87500000,87500000
4,175,87500000,87500100,114780,191301,88000000,88000000
4,176,88000000,88000100,114780,191301,88500000,88500000
4,177,88500000,88500100,114780,191301,89000000,89000000
4,178,89000000,89000100,114780,191301,89500000,89500000
4,179,89500000,89500100,114780,191301,90000000,90000000
4,180,90000000,90000100,114780,191301,90500000,90500000
4,181,90500000,90500100,114780,191301,91000000,91000000
4,182,91000000,91000100,114780,191301,91500000,91500000
4,183,91500000,91500100,114780,191301,92000000,92000000
4,184,92000000,92000100,114780,191301,92500000,92500000
4,185,92500000,92500100,114780,191301,93000000,93000000
4,186,93000000,93000100,114780,191301,93500000,93500000
4,187,93500000,93500100,114780,191301,94000000,94000000
4,188,94000000,94000100,114780,191301,94500000,94500000
4,189,94500000,94500100,114780,191301,95000000,95000000
4,190,95000000,95000100,114780,191301,95500000,95500000
4,191,95500000,95500100,114780,191301,96000000,96000000
4,192,96000000,96000100,114780,191301,96500000,96500000
4,193,96500000,96500100,114780,191301,97000000,97000000
4,194,97000000,97000100,114780,191301,97500000,97500000
4,195,97500000,97500100,114780,191301,98000000,98000000
4,196,98000000,98000100,114780,191301,98500000,98500000
4,197,98500000,98500100,114780,191301,99000000,99000000
4,198,99000000,99000100,114780,191301,99500000,99500000
4,199,99500000,99500100,114780,191301,100000000,100000000
4,200,100000000,100000100,114780,191301,100500000,100500000
4,201,100500000,100500100,114780,191301,101000000,101000000
4,202,101000000,101000100,114780,191301,101500000,101500000
4,203,101500000,101500100,114780,191301,102000000,102000000
4,204,102000000,102000100,114780,191301,102500000,102500000
4,205,102500000,102500100,114780,191301,103000000,103000000
4,206,103000000,103000100,114780,191301,103500000,103500000
4,207,103500000,103500100,114780,191301,104000000,104000000
4,208,104000000,104000100,114780,191301,104500000,104500000
4,209,104500000,104500100,114780,191301,105000000,105000000
4,210,105000000,105000100,114780,191301,105500000,105500000
4,211,105500000,105500100,114780,191301,106000000,106000000
4,212,106000000,106000100,114780,191301,106500000,106500000
4,213,106500000,106500100,114780,191301,107000000,107000000
4,214,107000000,107000100,114780,191301,107500000,107500000
4,215,107500000,107500100,114780,191301,108000000,108000000
4,216,108000000,108000100,114780,191301,108500000,108500000
4,217,108500000,108500100,114780,191301,109000000,109000000
4,218,109000000,109000100,114780,191301,109500000,109500000
4,219,109500000,109500100,114780,191301,110000000,110000000
4,220,110000000,110000100,114780,191301,110500000,110500000
4,221,110500000,110500100,114780,191301,111000000,111000000
4,222,111000000,111000100,114780,191301,111500000,111500000
4,223,111500000,111500100,114780,191301,112000000,112000000
4,224,112000000,112000100,114780,191301,112500000,112500000
4,225,112500000,112500100,114780,191301,113000000,113000000
4,226,113000000,113000100,114780,191301,113500000,113500000
4,227,113500000,113500100,114780,191301,114000000,114000000
4,228,114000000,114000100,114780,191301,114500000,114500000
4,229,114500000,114500100,114780,191301,115000000,115000000
4,230,115000000,115000100,114780,191301,115500000,115500000
4,231,115500000,115500100,114780,191301,116000000,116000000
4,232,116000000,116000100,114780,191301,116500000,116500000
4,233,116500000,116500100,114780,191301,117000000,117000000
4,234,117000000,117000100,114780,191301,117500000,117500000
4,235,117500000,117500100,114780,191301,118000000,118000000
4,236,118000000,118000100,114780,191301,118500000,118500000
4,237,118500000,118500100,114780,191301,119000000,119000000
4,238,119000000,119000100,114780,191301,119500000,119500000
4,239,119500000,119500100,114780,191301,120000000,120000000
4,240,120000000,120000100,114780,191301,120500000,120500000
4,241,120500000,120500100,114780,191301,121000000,121000000
4,242,121000000,121000100,114780,191301,121500000,121500000
4,243,121500000,121500100,114780,191301,122000000,122000000
4,244,122000000,122000100,114780,191301,122500000,122500000
4,245,122500000,122500100,114780,191301,123000000,123000000
4,246,123000000,123000100,114780,191301,123500000,123500000
4,247,123500000,123500100,114780,191301,124000000,124000000
4,248,124000000,124000100,114780,191301,124500000,124500000
4,249,124500000,124500100,114780,191301,125000000,125000000
4,250,125000000,125000100,114780,191301,125500000,125500000
4,251,125500000,125500100,114780,191301,126000000,126000000
4,252,126000000,126000100,114780,191301,126500000,126500000
4,253,126500000,126500100,114780,191301,127000000,127000000
4,254,127000000,127000100,114780,191301,127500000,127500000
4,255,127500000,127500100,114780,191301,128000000,128000000
4,256,128000000,128000100,114780,191301,128500000,128500000
4,257,128500000,128500100,114780,191301,129000000,129000000
4,258,129000000,129000100,114780,191301,129500000,129500000
4,259,129500000,129500100,114780,191301,130000000,130000000
4,260,130000000,130000100,114780,191301,130500000,130500000
4,261,130500000,130500100,114780,191301,131000000,131000000
4,262,131000000,131000100,114780,191301,131500000,131500000
4,263,131500000,131500100,114780,191301,132000000,132000000
4,264,132000000,132000100,114780,191301,132500000,132500000
4,265,132500000,132500100,114780,191301,133000000,133000000
4,266,133000000,133000100,114780,191301,133500000,133500000
4,267,133500000,133500100,114780,191301,134000000,134000000
4,268,134000000,134000100,114780,191301,134500000,134500000
4,269,134500000,134500100,114780,191301,135000000,135000000
4,270,135000000,135000100,114780,191301,135500000,135500000
4,271,135500000,135500100,114780,191301,136000000,136000000
4,272,136000000,136000100,114780,191301,136500000,136500000
4,273,136500000,136500100,114780,191301,137000000,137000000
4,274,137000000,137000100,114780,191301,137500000,137500000
4,275,137500000,137500100,114780,191301,138000000,138000000
4,276,138000000,138000100,114780,191301,138500000,138500000
4,277,138500000,138500100,114780,191301,139000000,139000000
4,278,139000000,139000100,114780,191301,139500000,139500000
4,279,139500000,139500100,114780,191301,140000000,140000000
4,280,140000000,140000100,114780,191301,140500000,140500000
4,281,140500000,140500100,114780,191301,141000000,141000000
4,282,141000000,141000100,114780,191301,141500000,141500000
4,283,141500000,141500100,114780,191301,142000000,142000000
4,284,142000000,142000100,114780,191301,142500000,142500000
4,285,142500000,142500100,114780,191301,143000000,143000000
4,286,143000000,143000100,114780,191301,143500000,143500000
4,287,143500000,143500100,114780,191301,144000000,144000000
4,288,144000000,144000100,114780,191301,144500000,144500000
4,289,144500000,144500100,114780,191301,145000000,145000000
4,290,145000000,145000100,114780,191301,145500000,145500000
4,291,145500000,145500100,114780,191301,146000000,146000000
4,292,146000000,146000100,114780,191301,146500000,146500000
4,293,146500000,146500100,114780,191301,147000000,147000000
4,294,147000000,147000100,114780,191301,147500000,147500000
4,295,147500000,147500100,114780,191301,148000000,148000000
4,296,148000000,148000100,114780,191301,148500000,148500000
4,297,148500000,148500100,114780,191301,149000000,149000000
4,298,149000000,149000100,114780,191301,149500000,149500000
4,299,149500000,149500100,114780,191301,150000000,150000000
4,300,150000000,150000100,114780,191301,150500000,150500000
4,301,150500000,150500100,114780,191301,151000000,151000000
4,302,151000000,151000100,114780,191301,151500000,151500000
4,303,151500000,151500100,114780,191301,152000000,152000000
4,304,152000000,152000100,114780,191301,152500000,152500000
4,305,152500000,152500100,114780,191301,153000000,153000000
4,306,153000000,153000100,114780,191301,153500000,153500000
4,307,153500000,153500100,114780,191301,154000000,154000000
4,308,154000000,154000100,114780,191301,154500000,154500000
4,309,154500000,154500100,114780,191301,155000000,155000000
4,310,155000000,155000100,114780,191301,155500000,155500000
4,311,155500000,155500100,114780,191301,156000000,156000000
4,312,156000000,156000100,114780,191301,156500000,156500000
4,313,156500000,156500100,114780,191301,157000000,157000000
4,314,157000000,157000100,114780,191301,157500000,157500000
4,315,157500000,157500100,114780,191301,158000000,158000000
4,316,158000000,158000100,114780,191301,158500000,158500000
4,317,158500000,158500100,114780,191301,159000000,159000000
4,318,159000000,159000100,114780,191301,159500000,159500000
4,319,159500000,159500100,114780,191301,160000000,160000000
4,320,160000000,160000100,114780,191301,160500000,160500000
4,321,160500000,160500100,114780,191301,161000000,161000000
4,322,161000000,161000100,114780,191301,161500000,161500000
4,323,161500000,161500100,114780,191301,162000000,162000000
4,324,162000000,162000100,114780,191301,162500000,162500000
4,325,162500000,162500100,114780,191301,163000000,163000000
4,326,163000000,163000100,114780,191301,163500000,163500000
4,327,163500000,163500100,114780,191301,164000000,164000000
4,328,164000000,164000100,114780,191301,164500000,164500000
4,329,164500000,164500100,114780,191301,165000000,165000000
4,330,165000000,165000100,114780,191301,165500000,165500000
4,331,165500000,165500100,114780,191301,166000000,166000000
4,332,166000000,166000100,114780,191301,166500000,166500000
4,333,166500000,166500100,114780,191301,167000000,167000000
4,334,167000000,167000100,114780,191301,167500000,167500000
4,335,167500000,167500100,114780,191301,168000000,168000000
4,336,168000000,168000100,114780,191301,168500000,168500000
4,337,168500000,168500100,114780,191301,169000000,169000000
4,338,169000000,169000100,114780,191301,169500000,169500000
4,339,169500000,169500100,114780,191301,170000000,170000000
4,340,170000000,170000100,114780,191301,170500000,170500000
4,341,170500000,170500100,114780,191301,171000000,171000000
4,342,171000000,171000100,114780,191301,171500000,171500000
4,343,171500000,171500100,114780,191301,172000000,172000000
4,344,172000000,172000100,114780,191301,172500000,172500000
4,345,172500000,172500100,114780,191301,173000000,173000000
4,346,173000000,173000100,114780,191301,173500000,173500000
4,347,173500000,173500100,114780,191301,174000000,174000000
4,348,174000000,174000100,114780,191301,174500000,174500000
4,349,174500000,174500100,114780,191301,175000000,175000000
4,350,175000000,175000100,114780,191301,175500000,175500000
4,351,175500000,175500100,114780,191301,176000000,176000000
4,352,176000000,176000100,114780,191301,176500000,176500000
4,353,176500000,176500100,114780,191301,177000000,177000000
4,354,177000000,177000100,114780,191301,177500000,177500000
4,355,177500000,177500100,114780,191301,178000000,178000000
4,356,178000000,178000100,114780,191301,178500000,178500000
5,0,0,100,193165,321942,850000,850000
5,1,850000,850100,193165,321942,1700000,1700000
5,2,1700000,1700100,193165,321942,2550000,2550000
5,3,2550000,2550100,193165,321942,3400000,3400000
5,4,3400000,3400100,193165,321942,4250000,4250000
5,5,4250000,4250100,193165,321942,5100000,5100000
5,6,5100000,5100100,193165,321942,5950000,5950000
5,7,5950000,5950100,193165,321942,6800000,6800000
5,8,6800000,6800100,193165,321942,7650000,7650000
5,9,7650000,7650100,193165,321942,8500000,8500000
5,10,8500000,8500100,193165,321942,9350000,9350000
5,11,9350000,9350100,193165,321942,10200000,10200000
5,12,10200000,10200100,193165,321942,11050000,11050000
5,13,11050000,11050100,193165,321942,11900000,11900000
5,14,11900000,11900100,193165,321942,12750000,12750000
5,15,12750000,12750100,193165,321942,13600000,13600000
5,16,13600000,13600100,193165,321942,14450000,14450000
5,17,14450000,14450100,193165,321942,15300000,15300000
5,18,15300000,15300100,193165,321942,16150000,16150000
5,19,16150000,16150100,193165,321942,17000000,17000000
5,20,17000000,17000100,193165,321942,17850000,17850000
5,21,17850000,17850100,193165,321942,18700000,18700000
5,22,18700000,18700100,193165,321942,19550000,19550000
5,23,19550000,19550100,193165,321942,20400000,20400000
5,24,20400000,20400100,193165,321942,21250000,21250000
5,25,21250000,21250100,193165,321942,22100000,22100000
5,26,22100000,22100100,193165,321942,22950000,22950000
5,27,22950000,22950100,193165,321942,23800000,23800000
5,28,23800000,23800100,193165,321942,24650000,24650000
5,29,24650000,24650100,193165,321942,25500000,25500000
5,30,25500000,25500100,193165,321942,26350000,26350000
5,31,26350000,26350100,193165,321942,27200000,27200000
5,32,27200000,27200100,193165,321942,28050000,28050000
5,33,28050000,28050100,193165,321942,28900000,28900000
5,34,28900000,28900100,193165,321942,29750000,29750000
5,35,29750000,29750100,193165,321942,30600000,30600000
5,36,30600000,30600100,193165,321942,31450000,31450000
5,37,31450000,31450100,193165,321942,32300000,32300000
5,38,32300000,32300100,193165,321942,33150000,33150000
5,39,33150000,33150100,193165,321942,34000000,34000000
5,40,34000000,34000100,193165,321942,34850000,34850000
5,41,34850000,34850100,193165,321942,35700000,35700000
5,42,35700000,35700100,193165,321942,36550000,36550000
5,43,36550000,36550100,193165,321942,37400000,37400000
5,44,37400000,37400100,193165,321942,38250000,38250000
5,45,38250000,38250100,193165,321942,39100000,39100000
5,46,39100000,39100100,193165,321942,39950000,39950000
5,47,39950000,39950100,193165,321942,40800000,40800000
5,48,40800000,40800100,193165,321942,41650000,41650000
5,49,41650000,41650100,193165,321942,42500000,42500000
5,50,42500000,42500100,193165,321942,43350000,43350000
5,51,43350000,43350100,193165,321942,44200000,44200000
5,52,44200000,44200100,193165,321942,45050000,45050000
5,53,45050000,45050100,193165,321942,45900000,45900000
5,54,45900000,45900100,193165,321942,46750000,46750000
5,55,46750000,46750100,193165,321942,47600000,47600000
5,56,47600000,47600100,193165,321942,48450000,48450000
5,57,48450000,48450100,193165,321942,49300000,49300000
5,58,49300000,49300100,193165,321942,50150000,50150000
5,59,50150000,50150100,193165,321942,51000000,51000000
5,60,51000000,51000100,193165,321942,51850000,51850000
5,61,51850000,51850100,193165,321942,52700000,52700000
5,62,52700000,52700100,193165,321942,53550000,53550000
5,63,53550000,53550100,193165,321942,54400000,54400000
5,64,54400000,54400100,193165,321942,55250000,55250000
5,65,55250000,55250100,193165,321942,56100000,56100000
5,66,56100000,56100100,193165,321942,56950000,56950000
5,67,56950000,56950100,193165,321942,57800000,57800000
5,68,57800000,57800100,193165,321942,58650000,58650000
5,69,58650000,58650100,193165,321942,59500000,59500000
5,70,59500000,59500100,193165,321942,60350000,60350000
5,71,60350000,60350100,193165,321942,61200000,61200000
5,72,61200000,61200100,193165,321942,62050000,62050000
5,73,62050000,62050100,193165,321942,62900000,62900000
5,74,62900000,62900100,193165,321942,63750000,63750000
5,75,63750000,63750100,193165,321942,64600000,64600000
5,76,64600000,64600100,193165,321942,65450000,65450000
5,77,65450000,65450100,193165,321942,66300000,66300000
5,78,66300000,66300100,193165,321942,67150000,67150000
5,79,67150000,67150100,193165,321942,68000000,68000000
5,80,68000000,68000100,193165,321942,68850000,68850000
5,81,68850000,68850100,193165,321942,69700000,69700000
5,82,69700000,69700100,193165,321942,70550000,70550000
5,83,70550000,70550100,193165,321942,71400000,71400000
5,84,71400000,71400100,193165,321942,72250000,72250000
5,85,72250000,72250100,193165,321942,73100000,73100000
5,86,73100000,73100100,193165,321942,73950000,73950000
5,87,73950000,73950100,193165,321942,74800000,74800000
5,88,74800000,74800100,193165,321942,75650000,75650000
5,89,75650000,75650100,193165,321942,76500000,76500000
5,90,76500000,76500100,193165,321942,77350000,77350000
5,91,77350000,77350100,193165,321942,78200000,78200000
5,92,78200000,78200100,193165,321942,79050000,79050000
5,93,79050000,79050100,193165,321942,79900000,79900000
5,94,79900000,79900100,193165,321942,80750000,80750000
5,95,80750000,80750100,193165,321942,81600000,81600000
5,96,81600000,81600100,193165,321942,82450000,82450000
5,97,82450000,82450100,193165,321942,83300000,83300000
5,98,83300000,83300100,193165,321942,84150000,84150000
5,99,84150000,84150100,193165,321942,85000000,85000000
5,100,85000000,85000100,193165,321942,85850000,85850000
5,101,85850000,85850100,193165,321942,86700000,86700000
5,102,86700000,86700100,193165,321942,87550000,87550000
5,103,87550000,87550100,193165,321942,88400000,88400000
5,104,88400000,88400100,193165,321942,89250000,89250000
5,105,89250000,89250100,193165,321942,90100000,90100000
5,106,90100000,90100100,193165,321942,90950000,90950000
5,107,90950000,90950100,193165,321942,91800000,91800000
5,108,91800000,91800100,193165,321942,92650000,92650000
5,109,92650000,92650100,193165,321942,93500000,93500000
5,110,93500000,93500100,193165,321942,94350000,94350000
5,111,94350000,94350100,193165,321942,95200000,95200000
5,112,95200000,95200100,193165,321942,96050000,96050000
5,113,96050000,96050100,193165,321942,96900000,96900000
5,114,96900000,96900100,193165,321942,97750000,97750000
5,115,97750000,97750100,193165,321942,98600000,98600000
5,116,98600000,98600100,193165,321942,99450000,99450000
5,117,99450000,99450100,193165,321942,100300000,100300000
5,118,100300000,100300100,193165,321942,101150000,101150000
5,119,101150000,101150100,193165,321942,102000000,102000000
5,120,102000000,102000100,193165,321942,102850000,102850000
5,121,102850000,102850100,193165,321942,103700000,103700000
5,122,103700000,103700100,193165,321942,104550000,104550000
5,123,104550000,104550100,193165,321942,105400000,105400000
5,124,105400000,105400100,193165,321942,106250000,106250000
5,125,106250000,106250100,193165,321942,107100000,107100000
5,126,107100000,107100100,193165,321942,107950000,107950000
5,127,107950000,107950100,193165,321942,108800000,108800000
5,128,108800000,108800100,193165,321942,109650000,109650000
5,129,109650000,109650100,193165,321942,110500000,110500000
5,130,110500000,110500100,193165,321942,111350000,111350000
5,131,111350000,111350100,193165,321942,112200000,112200000
5,132,112200000,112200100,193165,321942,113050000,113050000
5,133,113050000,113050100,193165,321942,113900000,113900000
5,134,113900000,113900100,193165,321942,114750000,114750000
5,135,114750000,114750100,193165,321942,115600000,115600000
5,136,115600000,115600100,193165,321942,116450000,116450000
5,137,116450000,116450100,193165,321942,117300000,117300000
5,138,117300000,117300100,193165,321942,118150000,118150000
5,139,118150000,118150100,193165,321942,119000000,119000000
5,140,119000000,119000100,193165,321942,119850000,119850000
5,141,119850000,119850100,193165,321942,120700000,120700000
5,142,120700000,120700100,193165,321942,121550000,121550000
5,143,121550000,121550100,193165,321942,122400000,122400000
5,144,122400000,122400100,193165,321942,123250000,123250000
5,145,123250000,123250100,193165,321942,124100000,124100000
5,146,124100000,124100100,193165,321942,124950000,124950000
5,147,124950000,124950100,193165,321942,125800000,125800000
5,148,125800000,125800100,193165,321942,126650000,126650000
5,149,126650000,126650100,193165,321942,127500000,127500000
5,150,127500000,127500100,193165,321942,128350000,128350000
5,151,128350000,128350100,193165,321942,129200000,129200000
5,152,129200000,129200100,193165,321942,130050000,130050000
5,153,130050000,130050100,193165,321942,130900000,130900000
5,154,130900000,130900100,193165,321942,131750000,131750000
5,155,131750000,131750100,193165,321942,132600000,132600000
5,156,132600000,132600100,193165,321942,133450000,133450000
5,157,133450000,133450100,193165,321942,134300000,134300000
5,158,134300000,134300100,193165,321942,135150000,135150000
5,159,135150000,135150100,193165,321942,136000000,136000000
5,160,136000000,136000100,193165,321942,136850000,136850000
5,161,136850000,136850100,193165,321942,137700000,137700000
5,162,137700000,137700100,193165,321942,138550000,138550000
5,163,138550000,138550100,193165,321942,139400000,139400000
5,164,139400000,139400100,193165,321942,140250000,140250000
5,165,140250000,140250100,193165,321942,141100000,141100000
5,166,141100000,141100100,193165,321942,141950000,141950000
5,167,141950000,141950100,193165,321942,142800000,142800000
5,168,142800000,142800100,193165,321942,143650000,143650000
5,169,143650000,143650100,193165,321942,144500000,144500000
5,170,144500000,144500100,193165,321942,145350000,145350000
5,171,145350000,145350100,193165,321942,146200000,146200000
5,172,146200000,146200100,193165,321942,147050000,147050000
5,173,147050000,147050100,193165,321942,147900000,147900000
5,174,147900000,147900100,193165,321942,148750000,148750000
5,175,148750000,148750100,193165,321942,149600000,149600000
5,176,149600000,149600100,193165,321942,150450000,150450000
5,177,150450000,150450100,193165,321942,151300000,151300000
5,178,151300000,151300100,193165,321942,152150000,152150000
5,179,152150000,152150100,193165,321942,153000000,153000000
5,180,153000000,153000100,193165,321942,153850000,153850000
5,181,153850000,153850100,193165,321942,154700000,154700000
5,182,154700000,154700100,193165,321942,155550000,155550000
5,183,155550000,155550100,193165,321942,156400000,156400000
5,184,156400000,156400100,193165,321942,157250000,157250000
5,185,157250000,157250100,193165,321942,158100000,158100000
5,186,158100000,158100100,193165,321942,158950000,158950000
5,187,158950000,158950100,193165,321942,159800000,159800000
5,188,159800000,159800100,193165,321942,160650000,160650000
5,189,160650000,160650100,193165,321942,161500000,161500000
5,190,161500000,161500100,193165,321942,162350000,162350000
5,191,162350000,162350100,193165,321942,163200000,163200000
5,192,163200000,163200100,193165,321942,164050000,164050000
5,193,164050000,164050100,193165,321942,164900000,164900000
5,194,164900000,164900100,193165,321942,165750000,165750000
5,195,165750000,165750100,193165,321942,166600000,166600000
5,196,166600000,166600100,193165,321942,167450000,167450000
5,197,167450000,167450100,193165,321942,168300000,168300000
5,198,168300000,168300100,193165,321942,169150000,169150000
5,199,169150000,169150100,193165,321942,170000000,170000000
5,200,170000000,170000100,193165,321942,170850000,170850000
5,201,170850000,170850100,193165,321942,171700000,171700000
5,202,171700000,171700100,193165,321942,172550000,172550000
5,203,172550000,172550100,193165,321942,173400000,173400000
5,204,173400000,173400100,193165,321942,174250000,174250000
5,205,174250000,174250100,193165,321942,175100000,175100000
5,206,175100000,175100100,193165,321942,175950000,175950000
5,207,175950000,175950100,193165,321942,176800000,176800000
5,208,176800000,176800100,193165,321942,177650000,177650000
5,209,177650000,177650100,193165,321942,178500000,178500000
